2474
    0.2724316655     0.7006974062     4.0312019140
   -2.4097125049    -3.3150787995    -0.1390069626
   -1.0732151285    -3.7548417064    -1.2510626630
   -2.6996899972    -2.3958637843    -1.9460974757
   -1.2972844532    -2.4042747217    -3.0581531761
   -1.4422955045    -0.8056974225    -3.7531879889
    2.3327476359    -2.1497653178     3.9274361532
    3.2859010469    -3.3851844825     2.9139042427
    2.6749036257     2.7635284622    -3.5473616868
    0.9799767758     1.2799447334    -3.9274361532
    4.3449339257     2.1637124882     6.1765294700
    2.9123200721     0.8902866100     6.0498379811
    3.6461071979    -0.6871174026     5.6697635147
    1.9575930695    -0.7521667213     5.0363060706
    4.5992606090    -1.9225365673     4.6562316042
    0.5517474979     0.5938243546     4.4028486266
    2.5195177832    -2.0892785583     4.0227741601
    5.0430236634     5.4800854128     3.5160082049
    6.9716530499     2.1637124882     6.1765294700
    5.5390391963     0.8902866100     6.0498379811
    8.2909184784     0.9992539363     5.9231464923
    5.6880808846     3.1269403506     5.7964550035
    6.2728263221    -0.6871174026     5.6697635147
    8.5241546900    -0.6141908185     5.2896890483
    7.2259797331    -1.9225365673     4.6562316042
    5.4698378194     5.0574481856     4.1494656489
    6.1988776644     5.8671807262     2.5024762944
    8.6686318137     5.5040271612     1.8690188503
    7.1538492869     5.8483786872     0.8554869398
    5.7031181430     5.4154424200    -0.1580449707
    8.5393392952    -3.3851844825     2.9139042427
    6.4595964695    -3.5519264735     2.2804467986
    6.2728263221    -3.6124132330     2.1851087917
    7.2259797331    -4.8478323976     1.1715768812
    8.6696710893    -5.0310210803     0.1580449707
    6.4317180497    -5.7697794056    -0.4754124734
    7.9751810682    -5.7679117075    -1.4889443839
    5.4674992124    -5.7715563881    -2.1224018279
    7.0056362328    -5.7278349440    -3.1359337384
    4.5992606090    -4.8478323976     1.1715768812
    2.5195177832    -5.0145743887     0.5381194371
    3.8049989255    -5.7697794056    -0.4754124734
    1.4542898376    -5.0643668894    -1.1088699174
    5.3484619440    -5.7679117075    -1.4889443839
    2.8407800882    -5.7715563881    -2.1224018279
    4.3789171086    -5.7278349440    -3.1359337384
    2.1464852478     1.3707435327    -4.6562316042
    2.2933363379    -0.1827031817    -5.6697635147
    4.7501247649    -1.7888726893    -6.1765294700
   10.4207748671    -2.1497653178     3.9274361532
   11.3739282781    -3.3851844825     2.9139042427
   14.1085711308    -1.7804421853     2.5338297763
   12.8176196342    -3.5683731651     1.9003723322
   10.5796665946    -4.3071314904     1.2669148881
   14.1732767597    -2.8943936244     0.8868404217
   10.7959296823     5.9993677504    -3.6181332558
   -0.9575805111     0.3216563485    -4.0541276420
   -0.6771682744     1.9017621664    -4.4342021085
    0.3406045559     5.3819158468     4.4342021085
    2.0061760017     6.1041809217     3.8007446644
    2.4559566120     4.9638421357    -3.8007446644
   -1.1703847541     4.3071970066    -4.3075106196
    0.7457953950     4.3546264996    -4.4342021085
   -0.8820481588     7.6004541574     4.4342021085
   -2.3146620123     6.3270282792     4.3075106196
    0.4372172698     6.4359956055     4.1808191308
   -2.1656203240     8.5636820198     4.0541276420
   -3.7335356144     7.1795279570     3.6740531756
   -3.7424030427     8.9696810031     3.0405957315
   -4.2902675109     9.8642832109    -1.2669148881
   -4.3203909281     5.1309230037    -2.6605212651
   -4.2119223707     7.0742007295    -3.2939787091
   -2.8479091809     4.9341795610    -3.6740531756
   -2.3930374687     6.5257353172    -4.3075106196
    0.5409155107    10.0533184906     4.4342021085
   -0.8916983429     8.7798926124     4.3075106196
    1.8601809392     8.8888599387     4.1808191308
    2.2064869565    10.7755835655     3.8007446644
   -2.3105719450     9.6323922902     3.6740531756
    2.2240122476    12.2907453806     2.7872127539
    1.2390052483    13.3696914152     1.7736808434
    4.0670221727     7.2761116463    -1.7852321262
   -3.1006819603    12.4784712681    -2.2919980814
    4.9388671721     8.5618139346    -2.7987640367
   -1.1657096949     6.6371960199    -4.6991363689
    0.2630581544     6.8910993478    -5.7126682794
   -0.9525140143     8.2052952473    -6.3461257235
    1.1381256103     8.2641746786    -6.7262001899
   -0.4976423022     9.7968510034    -6.9795831675
    1.4185378470     9.8442804965    -7.1062746563
    2.4344209512    13.3225444509     1.7621295606
    3.7536863798    12.1580858990     1.5087465830
    4.0999923970    14.0448095258     1.1286721165
    4.1175176881    15.5599713409     0.1151402060
    3.1325106889    16.6389173755    -0.8983917045
    5.2937483751    15.6412510823    -1.5318491486
    4.1313997151    16.6628591239    -2.5453810591
    5.9699039050    14.9602453624    -3.1788385031
    2.6166171882    17.0072106499    -3.5589129696
    6.5119167154    12.5528017934    -3.8122959472
   -0.9737984009    15.5863735044    -3.9389874360
    4.7899552887    15.9395629759    -4.1923704136
    5.6136656606    10.3483899872    -4.4457533913
    1.1658860444    16.5742743826    -4.5724448801
    5.8915114836    13.9171936177    -4.8258278577
   -1.3976128710    14.1569758412    -4.9525193465
    5.5969081024    11.8092399173    -5.4592853018
    0.2359722733    15.4548713258    -5.5859767906
   -0.8954532607    12.7962910229    -5.9660512570
    4.1989222139    10.5292861135    -6.0927427458
   -2.1791956348     1.7430775368     6.4597133377
   -1.8465298171     3.6090362693     6.0364147163
   -1.9659249589     0.1612280288     5.7542156353
   -3.7013568397     5.0676855000     5.6131160948
   -0.6497343919     2.4117600599     5.3309170138
   -3.2487440419    -1.0848124214     5.0487179329
   -1.8660979605     5.0499343384     4.9076183924
   -0.6194750443     0.4887384895     4.6254193114
   -4.9407242271     5.6547163253     4.4843197709
   -9.5088645634     2.4473634939     9.6180753733
   -6.9082218424     5.0355601582     9.3358762923
   -5.0729629631     5.0178089966     8.6303785899
   -8.1475892298     5.6225909835     8.2070799685
   -8.4534477718    -1.2278036025     8.0659804280
   -3.5244749750     3.6965406965     7.9248808875
   -5.1015740482    -1.2074012270     7.6426818066
   -6.0519189158     5.9604195763     7.5015822661
   -3.0526306512     1.5815070358     7.2193831851
   -7.2151762516    -1.8200185917     6.9371841042
   -4.0796921692     4.9556341785     6.7960845637
   -3.9338012629    -0.4684604245     6.5138854827
   -7.4209068681     6.1644882215     6.3727859422
   -9.3260223805    -1.0734710344     6.2316864017
   -5.8423433702    -1.6244428032     5.8083877803
   -5.2451915084     5.7051816318     5.6672882398
   -8.6723673386     5.5847492187     5.2439896184
   -8.0022872612    -1.4493804160     5.1028900779
   -6.6061494979     5.6553236591     4.5384919160
   -9.5248510327    -0.0983198948     4.3973923755
   -7.5920168957     4.6502130669     3.4096955921
   -8.7402909865     2.9360845196     2.9863969707
   -0.3694690744    -0.4410279304     4.4975478529
   -1.7957619332    -1.7122981494     4.3161341580
    0.9275609248    -1.6003402186     4.1347204631
   -1.0558668557    -3.2280284420     3.7718930732
    1.0773135071    -3.1003475923     3.2276519885
   -2.5924303228    -3.1854572994     2.8648245987
   -0.1745938880    -4.1494871719     2.3205835140
   -1.9142281605    -4.0521838067     1.4135150395
    3.3230555074     3.3025192531     6.1831834347
    1.8967626486     2.0312490340     6.0017697398
    2.0610634836     4.2282676768     5.6389423500
    0.5952980960     2.8669106365     5.0947012653
    3.1062781272     5.3223984197     4.7318738755
    7.9944581512     3.3025192531     6.1831834347
    9.2914881503     2.1432069648     5.8203560449
    6.7324661275     4.2282676768     5.6389423500
    9.5839339621     3.9680499953     5.2761149602
    7.7776807710     5.3223984197     4.7318738755
   10.6246137570     2.7946972116     4.3690464856
    9.4338146650     5.1732190229     3.8248054009
   10.6193386377     3.8840584314     2.9177369264
    8.4472854752     5.6045127722     2.3734958417
   10.4897428675    -4.1114607821    -2.7363232315
    9.2334411623    -5.3382488511    -3.6433917060
   10.6704514927    -3.0445534431    -4.1876327907
    7.5464856317    -5.4184308595    -4.5504601805
    9.5841064980    -4.2211115043    -5.0947012653
    6.4717871362    -4.3194027732    -5.4575286551
    9.5880598826    -2.2206751685    -5.6389423500
    8.0868789702    -3.8332326245    -6.0017697398
    0.0133763957    -3.3496512895    -2.5549095366
    1.7782964212    -5.5091625439    -3.0991506213
    0.5255197337    -4.2982348342    -4.0062190958
    2.8750829879    -5.4184308595    -4.5504601805
    0.4455117927    -2.6668045682    -4.9132875704
    1.8003844924    -4.3194027732    -5.4575286551
    1.6483084043    -1.7581086519    -5.8203560449
    3.4154763263    -3.8332326245    -6.0017697398
    3.3801051188    -1.9229477854    -6.1831834347
   13.2528180517    -3.7825386742     1.1508431271
   12.0009106566    -4.8316782538     0.2437746525
   10.2612763840    -4.7343748886    -0.6632938220
   13.0450184813    -4.5634611958    -1.2075349067
   11.3580629507    -4.6436432042    -2.1146033812
   13.3956838170    -3.4463238489    -2.6588444660
   11.8984562892    -3.0584449692    -3.5659129405
   11.8060354702     1.0386275187     4.9964355139
   10.3797426114    -0.2326427003     4.8150218190
   13.1030654693    -0.1206847696     4.6336081240
   10.5440434465     1.9643759424     4.4521944291
   11.1196376889    -1.7483729929     4.2707807342
   13.3955112811     1.7041582610     4.0893670393
   13.2528180517    -1.6206921433     3.7265396495
   11.5892580900     3.0585066853     3.5451259546
   14.4361910761     0.5308054772     3.1822985648
   13.2453919840     2.9093272885     2.6380574801
   11.3770676708     4.5743048434     2.0295657118
   10.1150756470     5.5000532671     1.4853246270
   11.1602902906     6.5941840100     0.5782561525
    8.7752657569     5.7351202092     0.0340150678
   10.0785026413     6.8711075378    -0.8730534067
   11.8298949948     6.8762983625    -1.7801218813
   13.5571342242    -1.8687119360    -6.1434991889
   14.9941445546     0.4249834720    -6.6877402737
   11.8701786936    -1.9488939444    -7.0505676635
   14.0051322148     2.7591186934    -7.2319813584
   13.9077995599    -0.7515745892    -7.5948087482
   13.9117529445     1.2488617466    -8.1390498329
   12.4105720321    -0.3636957095    -8.5018772227
   12.3752008245     1.5465891296    -8.6832909176
   13.9965728276     7.4785963772     0.1492883531
   15.0417874712     8.5727271200    -0.7577801214
   12.6567629375     7.7136633192    -1.3020212061
   16.6979213652     8.4235477233    -1.6648485960
   13.9599998219     8.8496506479    -2.2090896807
   11.9962992297     6.8564967263    -2.7533307654
   15.7113921754     8.8548414726    -3.1161581552
   13.1567557893     8.1137602225    -3.6603992399
   12.3810211367     5.7840500528    -4.2046403246
   14.7247770093     8.1466333801    -4.5674677144
   13.5838177483     6.6927459691    -5.1117087992
   15.3156144628     6.5279068356    -5.4745361890
   -5.6877565716     3.2206639242    -1.9237410564
   -5.2230267237     0.5167869848    -2.4679821411
   -4.5273000120     4.4779274204    -2.8308095309
   -5.3030346646     2.1482172508    -3.3750506156
   -2.9592787920     4.5108005780    -3.7378780055
   -3.9481619650     0.4956190457    -3.9192917004
   -4.1002380531     3.0569131671    -4.2821190902
   -2.3330701310     0.9817891944    -4.4635327851
   -2.3684413385     2.8920740335    -4.6449464800
    3.9695580499     5.9673800913     2.1769643389
    5.0049627256     5.8833885273    -0.1814136949
    4.0670632408     6.4894377949    -1.6327232542
   -5.6483565704     7.2472954781     1.9955506440
   -5.5224010728     8.8437194604     1.0884821694
   -6.2302782706     6.2312594727     0.5442410847
   -6.1828647806     7.9865528675    -0.3628273898
   -5.7181349327     5.2826759280    -0.9070684745
   -5.0224082210     9.2438163637    -1.2698958643
   -5.7981428736     6.9141061940    -1.8141369491
   -0.5697800291    11.4925916877     4.0553519715
   -1.9960728880    10.2213214686     3.8739382766
   -1.8317720529    12.4183401114     3.5111108868
   -3.2975374406    11.0569830711     2.9668698021
   -0.7865574094    13.5124708542     2.6040424123
   -3.1715819430    12.6534070534     2.0598013276
   -1.8683450586    13.7893943821     1.1527328530
   -3.8320456508    11.7962404605     0.6084917683
   -2.6715890912    13.0535039567    -0.2985767062
    2.3403979933     9.8050663798     4.0553519715
    3.6374279924     8.6457540916     3.6925245817
    3.9298738042    10.4705971221     3.1482834970
    3.7871805748     7.1457467178     2.7854561072
    4.9705535992     9.2972443383     2.2412150225
    3.7797545071    11.6757661496     1.6969739378
    4.8356827096     7.5916122653     1.3341465480
    4.9652784798    10.3866055582     0.7899054632
    5.0163913348     8.6585196043    -0.1171630113
    4.6202539469     7.2212259715    -3.2805643162
    3.3639522417     5.9944379025    -4.1876327907
    4.8009625721     8.2881333106    -4.7318738755
    1.6769967111     5.9142558941    -5.0947012653
    3.7146175774     7.1115752494    -5.6389423500
    0.6022982156     7.0132839804    -6.0017697398
    3.7185709620     9.1120115852    -6.1831834347
    2.2173900496     7.4994541291    -6.5460108245
   -3.3870107057    12.2830207597    -2.5549095366
   -4.0948879035     9.6705607720    -3.0991506213
   -4.0474744135    11.4258541667    -4.0062190958
   -3.5827445655     8.7219772273    -4.5504601805
   -2.8870178539    12.6831176629    -4.9132875704
   -3.6627525065    10.3534074933    -5.4575286551
   -1.3189966339    12.7159908205    -5.8203560449
   -2.3078798068     8.7008092882    -6.0017697398
   -2.4599558950    11.2621034096    -6.3645971296
    3.2335314727    16.2209933762    -5.3403656438
    0.6788950866    15.4799121261    -5.8846067285
    4.4676851504    15.1065883029    -6.2474341183
    4.3703524955    11.5958950203    -6.6102615081
    2.2469163066    15.5127852836    -6.7916752030
    1.2580331336    11.4976037513    -6.9730888979
    4.3743058800    13.5963313561    -7.1545025928
    1.1059570455    14.0588978727    -7.3359162877
    2.8731249676    11.9837739000    -7.5173299827
    2.8377537601    13.8940587392    -7.6987436776
    1.3256151374    14.7618176479     1.3832794237
    0.0636231137    15.6875660716     0.8390383389
   -1.4021422740    14.3262090314     0.2947972542
    1.1088377572    16.7816968145    -0.0680301356
   -1.2761867765    15.9226330137    -0.6122712203
    0.0270501080    17.0586203424    -1.5193396948
   -1.9366504842    15.0654664208    -2.0635807796
   -0.7761939247    16.3227299170    -2.9706492541
    4.2357931599    13.0761820661     1.3832794237
    5.5328231590    11.9168697778     1.0204520338
    5.8252689707    13.7417128084     0.4762109491
    5.6825757413    10.4168624041     0.1133835593
    6.8659487657    12.5683600246    -0.4308575254
    5.6751496737    14.9468818359    -0.9750986101
    6.7310778762    10.8627279515    -1.3379259999
    6.8606736464    13.6577212444    -1.8821670846
    6.9117865013    11.9296352906    -2.7892355592
   -9.9385912180     1.8271586273     9.3617025475
   -9.7742903830     4.0241772700     8.9988751577
  -11.2400557706     2.6628202297     8.4546340730
  -10.7352596077     0.3539994772     7.9103929883
  -11.1141002731     4.2592442121     7.5475655985
  -11.8219774709     1.6467842244     7.0033245138
   -9.8108633887     5.3952315407     6.6404971239
  -10.0570574454    -0.5127270300     6.4590834290
  -11.7745639809     3.4020776192     6.0962560392
  -11.3098341329     0.6982006797     5.5520149545
  -10.6141074213     4.6593411153     5.1891875647
  -11.3898420739     2.3296309457     4.6449464800
  -10.0349693742     0.6770327406     4.1007053953
  -10.1870454623     3.2383268620     3.7378780055
   -6.3277751164     2.5163932418    11.3591429175
   -7.7540679752     1.2451230228    11.1777292226
   -5.0307451173     1.3570809535    10.9963155277
   -7.5897671401     3.4421416655    10.8149018328
   -7.0141728978    -0.2706072698    10.6334881379
   -4.7382993055     3.1819239841    10.4520744429
   -9.0555325278     2.0807846253    10.2706607480
   -4.8809925349    -0.1429264202    10.0892470531
   -6.5445524966     4.5362724084     9.9078333582
   -8.5507363648    -0.2280361272     9.7264196633
   -3.6976195106     2.0085712003     9.5450059684
   -6.1328999300    -1.1920659998     9.1821785786
   -3.8324904001     0.3029391272     8.6379374939
   -6.2912537352    -1.9409654404     5.4550090204
   -7.7175477709    -3.2095898772     5.3139094799
   -4.9816592759    -3.1002901720     5.1728099395
   -6.9848253089    -4.7672927641     4.8906108585
   -4.6489934582    -1.2343314395     4.7495113180
   -9.1044632018    -2.3638788731     4.6084117775
   -4.7683886000    -4.6821396800     4.4673122371
   -8.6329205078    -4.8077750563     4.1851131561
   -3.4521980330    -2.4316076488     4.0440136156
   -9.0833216401    -0.6236392812     3.9029140751
   -6.0512076830    -5.9281801301     3.7618145346
   -9.9637046175    -3.4791752544     3.4796154537
   -3.4219386854    -4.3546292193     3.3385159132
  -10.1793174029    -1.4230264165     2.7741177513
   -4.6971726866    -6.0186435940     2.6330182108
   -9.0654484804     0.4568977517     2.0686200489
   -3.5293999014    -5.2797027915     1.5042218869
   -9.9759417189    -0.5894449887     0.9398237250
   -5.4379420086    -6.4356851702     0.7987241845
   -2.9589106465    -4.0210253913     0.3754255631
   -8.2679659770     0.7735068517     0.2343260226
  -10.1442822579    -1.9479993694    -0.1889725989
   -4.4307503477    -5.5139599147    -0.3300721393
   -6.2017481363     0.8440812922    -0.4711716798
   -3.2356070128    -2.6924797464    -0.7533707608
   -8.9082398671    -0.4224345556    -0.8944703013
   -4.2924342571    -4.1351709049    -1.4588684632
   -7.1876155341    -0.1610293001    -1.5999680037
   -4.5143655102    -1.9282297523    -1.8821670846
   -8.3358896249    -1.8751578474    -2.0232666251
   -5.8885790332    -4.1425262525    -2.1643661656
   -6.1583732070    -1.4177797714    -2.3054657061
   -7.2177424073    -3.0056902019    -2.4465652466
   -7.3762222677     4.8129339267     2.7778972032
   -8.0840994655     2.2004739391     2.2336561185
   -6.0729853832     5.9489212554     1.8708287287
   -8.0366859754     3.9557673338     1.3265876440
   -7.5719561275     1.2518903943     0.7823465593
   -6.8762294159     5.2130308300     0.4195191695
   -7.6519640684     2.8833206603    -0.1247219152
   -6.2970913688     1.2307224553    -0.6689630000
   -6.4491674569     3.7920165766    -1.0317903898
   -8.1593468468    -6.0796249588     3.5130006128
  -10.2007064769    -3.7282330637     3.1501732230
   -9.6959103139    -6.0370538162     2.6059321383
   -7.2780738791    -7.0010836887     2.0616910536
  -10.7826281772    -4.7442690690     1.6988636638
   -9.0177081517    -6.9037803235     1.1546225790
  -10.7352146872    -2.9889756743     0.7917951892
   -6.2339660544    -6.7328666307     0.6103814943
  -10.2704848392    -5.6928526138     0.2475541045
   -7.9209215850    -6.8130486391    -0.2966869802
  -10.3504927802    -4.0614223478    -0.6595143700
   -8.9956200805    -5.7140205528    -1.2037554547
   -9.1476961686    -3.1527264315    -1.5665828445
   -7.3805282465    -5.2278504041    -1.7479965395
   12.0280768400    -2.3003930257    -4.8362572144
   12.6439731684     5.2278445206    -4.9752641769
    9.8002682099    -2.1599129720    -5.5312920271
   12.8906762639     4.1417083270    -6.7823546901
   14.9368480918     2.7476378187     2.7164411848
   16.2561135204     1.5831792668     2.4630582072
   13.6532759265     3.7108656811     2.3363667184
   16.6024195376     3.4699028936     2.0829837408
   15.3420389310     1.7203484715    -6.1519630321
   16.0982197778     0.7632324493     2.5826255178
   14.6719257421    -0.5053919875     2.4415259773
   17.4078142371    -0.3960922823     2.3004264368
   15.4046482040    -2.0630948744     2.0182273558
   17.7404800547     1.4698664502     1.8771278153
   17.6210849129    -1.9779417903     1.5949287344
   18.9372754800     0.2725902408     1.1716301129
   16.3382658299    -3.2239822405     0.8894310320
   18.9675348275    -1.6504313296     0.4661324105
   14.3404271027    -3.3348480798     0.1839333296
   17.6923008263    -3.3144457043    -0.2393652919
   19.7412442233    -0.5255374415    -0.6626639133
   15.5786986228    -3.9270630690    -0.9448629943
   18.8600736116    -2.5755049018    -1.3681616157
   16.9515315043    -3.7314872805    -2.0736593182
   19.4305628664    -1.3168275016    -2.4969579396
   14.7915876133    -3.5564248933    -2.7791570206
   17.9587231652    -2.8097620250    -3.2024556420
   13.2690238418    -2.2053643721    -3.4846547230
   19.1538665001     0.0117181433    -3.6257542635
   16.0499676765    -3.0455162885    -3.9079533444
   18.0970392558    -1.4309730152    -4.3312519659
   14.6988034719    -2.0256413434    -4.6134510468
   16.5008944798    -1.4383283628    -5.0367496683
    4.8183671019     5.0059959240    -6.1407311396
    7.2386310468    -2.6271650865    -6.2674226284
    7.0057906615     6.0844992149    -6.7741885837
    4.8879219589    -1.9217525704    -6.9008800725
    5.4994971025     5.6971437064    -7.7877204942
   11.3140490007     4.0187318884    -8.0411034718
    4.2286230805    -1.2285633222    -8.5478694271
    4.3703466949     4.6448600304    -8.8012524047
    5.5995093443    -1.8533428468    -9.5614013376
    4.3402232776    -0.0885001768   -10.1948587816
   10.9410531982     0.8677264433   -10.3215502704
    5.5801173691     4.5133578518   -10.4482417593
    4.4486918351     1.8547775489   -10.8283162257
    5.8127050249    -0.2852436195   -11.2083906921
    9.8939181032     1.9629572658   -11.3350821809
    5.7269684592     2.9599111373   -11.4617736698
    7.9033446495    -0.2263641882   -11.5884651586
    6.2675767370     1.3063121367   -11.8418481362
    8.1837568861     1.3537416297   -11.9685396250
   10.4260769831     6.1899976951    -4.7582501917
    8.9112944563     6.5343492211    -5.7717821022
   11.0846325567     5.4667015471    -6.4052395463
    9.6244526878     5.6761651127    -7.4187714568
    7.0889785552     5.8972752090    -0.4547940546
    5.8496111678     6.4843060343    -1.5835903784
    7.9452814818     6.8221346271    -2.2890880809
    4.5273505556     6.1298551695    -2.7123867023
    6.5762935295     7.0262032723    -3.4178844047
    3.6168573171     5.0835124290    -3.8411830262
    5.3248330590     6.4464642695    -4.5466807286
    3.4485167781     3.7249580484    -4.9699793500
    7.3910508997     6.5170387099    -5.2521784310
    4.6845591689     5.2505228622    -5.6754770524
    9.8550907242    -2.1309181602    -6.3570382257
    8.6031833291    -3.1800577398    -7.2641067002
   10.9035928590    -1.6850526128    -7.8083477849
    6.8635490565    -3.0827543745    -8.1711751747
    9.6472911538    -2.9118406817    -8.7154162594
   11.0843014842    -0.6181452737    -9.2596573441
    7.9603356232    -2.9920226901    -9.6224847340
    9.9979564895    -1.7947033349   -10.1667258187
    6.8856371277    -1.8929946039   -10.5295532085
    8.5007289617    -1.4068244552   -11.0737942932
    9.9629379418     5.7023422997    -8.0710196973
    7.2250163986     6.1284452243    -8.6152607820
   11.1484619145     4.4131817082    -8.9780881718
    8.9764087520     6.1336360490    -9.5223292566
    6.4217723659     5.3925547989   -10.0665703413
   10.2105624297     5.0192309758   -10.4293977311
    7.9897935859     5.4254279565   -10.9736388158
   10.1171831594     3.5089740290   -11.3364662056
    6.8488343249     3.9715405456   -11.5178799005
    8.5806310394     3.8067014120   -11.8807072903
    2.9933603755     2.0165339416    -5.5520149545
    3.4981565385    -0.2922868109    -6.0962560392
    3.1193158730     3.6129579240    -6.4590834290
    2.4114386752     1.0004979363    -7.0033245138
    2.4588521652     2.7557913311    -7.9103929883
    2.9235820132     0.0519143916    -8.4546340730
    3.6193087248     4.0130548272    -8.8174614628
    2.8435740722     1.6833446576    -9.3617025475
    4.0463706838     2.5920405739   -10.2687710221
   16.2122703794     4.9223452647     1.9298266147
   14.9339871258     5.8774687518     1.5128057270
   15.9993489824     7.1010277658     0.8177709143
   13.4029298512     6.2512406784     0.4007500266
   13.7503864634     5.1661438375    -5.4375424006
   16.5487775710     6.0608525007    -5.7155563257
   15.5172216410     4.8434120237    -6.1325772133
   18.9525158176     4.9227124316     2.3328268091
   17.5199019640     3.6492865533     2.2061353203
   17.6689436523     5.8859402940     1.9527523427
   20.6180872634     5.6449775065     1.6993693651
   18.7402802594     7.1411189249     1.3192948986
   20.6356125545     7.1601393216     0.6858374546
   17.4507005871     7.8164481290     0.3057629881
   22.2898913433     5.8208777175     0.0523800105
   22.8655113889     3.5910648477    -0.5810774336
   22.0061909824     1.3272542342    -1.2145348776
   23.0592176961     5.1121892974    -1.5946093441
   19.9560438359    -0.0836159338    -1.8479923217
   22.8780359819     2.6129565225    -2.2280667881
   22.4879987713     6.5604133431    -2.6081412546
   21.3211870227     0.6616012528    -2.8615242322
   23.0300115817     4.1529697741    -3.2415986986
   17.6839809107     8.1744423633    -4.0017476315
   22.4096063499     5.5173615984    -4.2551306091
   16.7540671397     7.0550393064    -5.0152795420
   21.1537630578     6.2406661212    -5.2686625197
   18.5958450797     6.9851763207    -5.6487369861
   16.9866547955     2.2564378352    -5.7754284749
   16.9009182298     5.5015925920    -6.0288114525
   19.5268309295     5.6469429874    -6.2821944302
   17.4415265076     3.8479935913    -6.4088859190
   21.2284255038     7.5320732098     0.0755890395
   19.4221723127     8.8864216342    -0.4686520452
   21.0783062068     8.7372422374    -1.3757205197
   18.3403846635     9.1633451620    -1.9199616044
   22.2638301795     7.4480816459    -2.2827889942
   20.0917770170     9.1685359867    -2.8270300789
   17.5371406309     8.4274547366    -3.3712711637
   21.3259306947     8.0541309135    -3.7340985535
   19.1051618509     8.4603278942    -4.2783396382
   20.8779327041     0.5123428096    -4.3274725139
   22.3149430344     2.8060382176    -4.8717135986
   19.1909771734     0.4321608012    -5.2345409884
   21.2285980398     1.6294801564    -5.7787820731
   18.1162786779     1.5311888875    -6.1416094629
   21.2325514243     3.6299164922    -6.3230231579
   19.7313705119     2.0173590362    -6.6858505477
   19.6959993044     3.9276438753    -6.8672642426
   19.6389496929     3.9525849931     2.6645136439
   18.2126568341     2.6813147741     2.4830999490
   20.9359796921     2.7932727049     2.3016862541
   18.9525519116     1.1655844815     1.9388588643
   21.2284255038     4.6181157354     1.7574451694
   21.0857322744     1.2932653311     1.3946177796
   22.2691052988     3.4447629516     0.8503766949
   19.8338248793     0.2441257515     0.4875493051
   22.1342344093     1.7391308786    -0.0566917797
   -1.2879335418    -4.5060738050     0.0000000000
   -2.0947292904    -3.8821899618    -1.5824614512
   -3.6167160171    -2.0203756885    -2.1911004709
   -0.5662142749    -3.8869381330    -2.5562838828
   -2.2561665056    -2.6184823209    -3.1649229025
   -0.7767206119    -2.0569312327    -4.1387453340
    3.2982826110    -3.4647323870     3.7583195575
    4.8190960343    -3.7304474461     2.8740090734
    2.4748739875    -4.5772187211     2.3213150208
    4.3447730845     2.1632988026     6.8271126452
    2.9110225548     0.8896464173     6.7165738347
    3.6433223516    -0.7011625254     6.3849574032
    1.9223744755    -0.7890514836     5.8322633506
    4.6116421731    -2.0020844718     5.5006469190
    0.4516296968     0.5691170866     5.2795692980
    2.4628589784    -2.2188783147     4.9479528665
    5.0902164921     5.6754096538     4.5057976244
    3.7882335496    -3.1145708060     4.0636423823
    3.5325075400     6.2163286561     3.6214871403
    4.6005408302     6.5563386631     2.1844826036
    6.9714922086     2.1632988026     6.8271126452
    5.5377416789     0.8896464173     6.7165738347
    8.2954933484     0.9979221646     6.6060350242
    5.6833512360     3.1347262418     6.4954962137
    6.2700414758    -0.7011625254     6.3849574032
    8.5468341580    -0.6399988375     6.0533409716
    7.2383612972    -2.0020844718     5.5006469190
   10.0618314280    -0.3730431015     5.1690304875
    5.4283969051     5.1786382803     5.0584916770
    8.7591747205    -2.2677995309     4.6163364349
    6.4149526737    -3.1145708060     4.0636423823
    6.1592266641     6.2163286561     3.6214871403
    7.2272599544     6.5563386631     2.1844826036
    5.4478778960     6.4284467101     1.3001721194
    8.2840941998     6.2499397100     0.7474780668
    8.5517208593    -3.4647323870     3.7583195575
    6.4029376646    -3.6815262299     3.2056255050
    7.7283122358    -4.5772187211     2.3213150208
    9.4149151497    -4.7316211334     1.4370045367
    7.2383612972    -4.9273803022     2.0159921961
    8.7591747205    -5.1930953612     1.1316817119
    6.4149526737    -6.0398666363     0.5789876593
    8.1015555876    -6.1942690485    -0.3053228248
    9.7439485537    -5.5667262082    -1.1896333089
    7.0675662257    -6.5894772567    -1.7423273615
    8.7725232160    -6.0820618088    -2.6266378456
    5.9876862754    -6.3462020600    -3.1793318982
    4.6116421731    -4.9273803022     2.0159921961
    2.4628589784    -5.1441741451     1.4632981435
    3.7882335496    -6.0398666363     0.5789876593
    1.2346950299    -5.3664668660     0.0262936068
    2.6808494791    -6.3311032164    -0.8580168774
    0.2359153482    -4.8673342409    -1.4107109299
    4.4408471015    -6.5894772567    -1.7423273615
    1.6457110609    -5.9599881088    -2.2950214141
    3.3609671512    -6.3462020600    -3.1793318982
    5.0081528159    -5.9521857154    -4.0636423823
    2.4624979756     2.5612482274    -4.5057976244
    0.1211820628    -0.3541365816    -4.8374140559
    1.6554748416     1.2341142822    -5.3901081085
    1.9326740268    -0.3215706474    -6.2744185926
    4.8064331139    -3.5428605099    -6.3849574032
   10.4179900208    -2.1638104406     4.6426300417
   11.3863098422    -3.4647323870     3.7583195575
   14.2097799730    -1.8356910167     3.4267031260
   12.9071232655    -3.7304474461     2.8740090734
   10.5629012187    -4.5772187211     2.3213150208
   14.4222867036    -3.1110739351     1.9896985893
   12.2495041326    -4.7316211334     1.4370045367
   11.8531044578     5.0084014774     2.4827138760
   11.6463694930     6.8285962971    -3.5969207024
   -0.1235887595     1.8269579189    -4.9742464732
   -1.7247470894     2.8824781615    -5.0847852837
    0.3404437146     5.3815021612     5.0847852837
    2.0225369227     6.1161960050     4.5320912312
   -1.4455150312     3.9925991357    -4.8637076627
    1.2993749099     4.2798222521    -4.9742464732
   -0.3017834200     5.3353424947    -5.0847852837
   -0.8822090000     7.6000404719     5.0847852837
   -2.3159595297     6.3263880865     4.9742464732
    0.4417921398     6.4346638338     4.8637076627
   -2.1703499726     8.5714679110     4.7531688522
   -3.7603695459     7.1824428339     4.4215524206
   -3.7971232028     9.0134585490     3.8688583681
   -5.1208860471     8.2340769020     2.9845478839
   -4.8885935796    10.4300274792     0.1105388105
   -4.9213624665     9.6094267380    -2.2107762103
   -5.4314508648     5.6089858979    -2.5423926419
   -5.1058000216     8.0079009180    -3.0950866944
   -4.3984673404     6.6503284169    -3.9793971786
   -2.6681677459     6.2111374463    -4.8637076627
    0.5407546694    10.0529048051     5.0847852837
   -0.8929958603     8.7792524197     4.9742464732
    1.8647558092     8.8875281670     4.8637076627
   -0.7473863032    11.0243322442     4.7531688522
    2.2228478775    10.7875986488     4.5320912312
   -2.3374058765     9.6353071671     4.4215524206
    2.1160966187     7.2496071649     4.3110136101
    0.3295553793    12.3140821494     4.2004747996
    2.2747193801    12.3669353246     3.6477807470
    1.2861980771    13.5650156562     2.7634702629
   -4.3975104321    11.3650304011    -0.7737716736
    5.4281966238     8.3743050461    -1.5666844427
   -4.2637562027    11.1374468218    -2.0088396848
   -2.9931984130    13.7011431655    -2.5615337374
   -0.7646571952     6.1837879216    -5.5460816213
   -2.3248932409     7.8727757564    -6.0987756739
   -1.6761120763    12.8672674680    -6.3198532949
    0.7025242717     6.6642632118    -6.4303921054
   -0.7872909215     7.8252236731    -6.9830861580
   -1.3989128911    11.3115825384    -7.2041637790
    1.4748461960     8.0902926759    -7.3147025896
   -0.7727725793     9.4822531326    -7.5357802106
    1.9721173619     9.7694762490    -7.6463190211
    0.3709590319    10.8249964915    -7.7568578316
    1.1461191373    14.2935582045     2.0810963043
    4.1163533181    14.0568246091     1.8600186833
    2.2230608199    15.5833081096     1.5284022517
    4.1682248207    15.6361612849     0.9757081991
    3.1797035177    16.8342416165     0.0913977150
    5.5023067704    15.8423425174    -0.4612963376
    4.3373839653    17.0855237570    -1.3456068217
    6.4918918752    15.2808307235    -1.8983008743
    2.6900278558    17.7151706258    -2.2299173058
    5.3525206368    16.6498222327    -2.7826113584
    6.4457608579     9.8004391502    -3.0036889794
    0.9106457974    17.5872786728    -3.1142277899
    6.9766527641    14.2941798845    -3.3353054110
   -2.5040049916    14.6342563614    -3.4458442215
    3.7468621011    17.4087716727    -3.6669218425
    7.0219908478    11.4722709493    -3.8879994636
   -0.6297317858    16.7285154736    -3.9985382741
    5.9592152270    15.7207157160    -4.2196158951
    5.5286283130     9.1636015531    -4.4406935161
    2.0163258551    17.4035029293    -4.5512323267
    6.8206383072    13.1735887947    -4.7723099477
   -1.6048933565    15.3315170315    -4.8828487582
    4.4750143935    16.5144868890    -5.1039263792
    6.1287616533    10.7121079059    -5.3250040003
    0.5519850011    16.6453760205    -5.4355428108
    5.8964682076    14.5096634142    -5.6566204318
   -1.7893309116    13.7299912115    -5.7671592423
    5.8731435644    12.2549338122    -6.2093144844
   -0.2550381329    15.3182420752    -6.3198532949
    4.6117478196    10.7003943808    -6.7620085370
    0.0221610524    13.7625571456    -7.2041637790
    0.6483013641    11.9332277398    -7.5357802106
   -2.1660700405     1.7392565988     7.0764109432
   -1.8173241315     3.6304842516     6.7037774077
   -1.9294289626     0.1196975411     6.4553550507
   -0.5604042634     2.4177427261     6.0827215153
   -3.2308888641    -1.1995266828     5.8342991583
   -1.7937880548     5.1585835046     5.7100879798
   -0.4775771140     0.4112779173     5.4616656228
   -0.1215613619     3.8155167693     5.0890320873
   -9.5539762172     2.4522638163    10.3023264268
   -6.9068590042     5.1015005271    10.0539040698
   -9.5677121891     4.2515965081     9.6812705343
   -5.0006530574     5.1264581628     9.4328481773
   -8.2053206349     5.7914211012     9.0602146418
   -8.5319636670    -1.4073986526     8.9360034633
   -3.3284263645     3.7833914275     8.8117922848
   -4.9788479897    -1.4296350895     8.5633699279
   -5.9873447719     6.2276825475     8.4391587494
   -2.7361887243     1.5338330264     8.1907363924
   -9.6860988977     5.5357559021     8.0665252139
   -7.2380496268    -2.1885046061     7.9423140354
   -3.7950179436     5.2301162893     7.8181028569
   -3.5931537717    -0.7648807326     7.5696804999
   -7.4752443082     6.6429579863     7.4454693214
   -9.6276029941    -1.4883601536     7.3212581429
   -2.5138166624     3.0769512110     7.1970469644
   -5.6672182315    -2.2152730499     6.9486246074
   -4.9586365054     6.2931715633     6.8244134289
   -9.0208277220     6.2823973438     6.4517798935
   -8.2293871916    -2.2439315431     6.3275687150
   -4.2493993587    -1.4922335424     5.9549351795
   -6.4986726946     6.6918116470     5.8307240010
  -10.3513553769    -0.8318084908     5.7065128225
   -8.0128915897     6.3205917617     4.8370345730
   -9.0699972230     5.2646565743     3.8433451451
   -9.2191647928     3.7913467148     2.8496557171
   -9.0704234107     1.5367773515     2.4770221817
   -0.3698470903    -0.4420001916     4.9629134181
   -1.7983133676    -1.7135570224     4.8051623790
    0.9370072515    -1.6030901001     4.6474113400
   -1.0617874257    -3.2578883065     4.3319092619
    1.1269878357    -3.1568743158     3.8586561447
   -0.1460307126    -4.3329971656     3.0699009495
   -2.0537359224    -4.3712899369     2.2811457542
   -0.8659635436    -4.7431321213     1.0191374419
    3.3226774915     3.3015469918     6.6485489999
    1.8942112141     2.0299901610     6.4907979608
    2.0511280013     4.2446233493     6.1752958827
    0.5370889870     2.8732336900     5.7020427656
    3.1082143345     5.4160810158     5.3865406875
    7.9940801353     3.3015469918     6.6485489999
    9.3009344770     2.1404570833     6.3330469218
    6.7225306451     4.2446233493     6.1752958827
    9.6190791054     3.9938597785     5.8597938047
    7.7796169783     5.4160810158     5.3865406875
   10.7602703442     2.8037824786     5.0710386094
    9.5521675850     5.3510500675     4.5977854923
   10.9746346255     4.0414567225     3.8090302970
    8.5717243948     6.1195473265     3.3357771799
   10.3029091076     5.0893273320     2.5470219846
    9.4650169614    -5.7575891684    -2.7047730237
   10.3791095271    -4.9128971445    -3.9667813361
    8.6388013023    -5.6952862975    -4.7555365313
   10.4644422135    -3.6513768297    -5.2287896485
    6.9847449988    -5.1776581229    -5.5442917266
    9.0059047722    -4.3315764827    -6.0175448437
    0.0400896744    -4.6247340366    -3.0202751018
    2.8265610381    -6.2001108585    -3.4935282189
   -0.5069730925    -2.6911392700    -3.8090302970
    1.0333036894    -5.3746877096    -4.2822834142
    3.9673986585    -5.6952862975    -4.7555365313
    0.2167840435    -3.7177673367    -5.0710386094
    2.3133423550    -5.1776581229    -5.5442917266
    0.7383664303    -2.1536211680    -5.8597938047
    4.3345021284    -4.3315764827    -6.0175448437
    1.8195967663    -3.6922109495    -6.3330469218
    2.5032957085    -2.0833126300    -6.6485489999
   12.0294738320    -5.0151882475     0.9930920880
   13.2765942804    -4.9828015131    -0.2689162244
   11.3095410009    -5.4253232032    -1.0576714196
   12.4503786213    -4.9204986421    -2.3196797320
   12.8174820913    -3.5567888273    -3.5816880444
   11.8056574543     1.0376552574     5.4618010791
   10.3771911769    -0.2339015733     5.3040500400
   13.1125117960    -0.1234346510     5.1462990010
   11.1137171188    -1.7782328574     4.8307969229
   13.4306564244     1.7299680441     4.6730458838
   13.3024923803    -1.6772188667     4.3575438057
   11.5911942973     3.1521892815     4.1997927667
   14.5718476632     0.5398907442     3.8842906886
   13.3637449040     3.0871583332     3.4110375714
   10.1051401647     5.5164089397     2.0216781598
   11.1622264979     6.6878666062     1.2329229646
    9.9779362429     7.1652046043    -0.0290853478
   11.9543339144     7.3913329168    -0.8178405431
   10.7113060941     7.3301884761    -2.0798488555
   13.7887100234    -2.2880522533    -5.2048805066
   11.8216567438    -2.7305739434    -5.9936357018
   14.7028025890    -1.4433602294    -6.4668888190
   15.3489046258     1.5411116616    -6.9401419361
   12.9624943642    -2.2257493824    -7.2556440142
   14.7881352754    -0.1818399147    -7.7288971314
   14.1990339685     2.1921308520    -8.2021502485
   13.3295978342    -0.8620395676    -8.5176523266
   13.3337894656     0.8489285818    -8.9909054438
   13.9866373453     7.4949520497     0.6856418859
   15.0437236785     8.6664097162    -0.1031133094
   12.5319298001     7.8135330635    -0.5763664265
   13.8594334235     9.1437477144    -1.3651216218
   15.8358310950     9.3698760269    -2.1538768170
   12.7099783732     8.6666629294    -2.6271299342
   14.5928032747     9.3087315861    -3.4158851294
   12.1531112973     7.5523218928    -3.8891382465
   16.3620865937     8.6751911972    -4.2046403246
   13.7270369218     8.3701989044    -4.6778934418
   12.6738757743     6.2972334530    -5.1511465589
   15.1839669058     7.7643114546    -5.4666486370
   -6.2555195498     2.1238825489    -2.2707933423
   -4.7152427679    -0.5596658907    -2.7440464594
   -5.5309445040     3.9164890907    -3.0595485375
   -5.5317624139     1.0972544823    -3.5328016547
   -3.9570188795     4.7343661023    -3.8483037328
   -3.4352041023    -0.3626363039    -4.0060547718
   -5.0101800270     2.6614006509    -4.3215568499
   -2.5000888955     4.1284786525    -4.6370589280
   -3.9289496910     1.1228108695    -4.7948099671
   -3.2452507488     2.7317091889    -5.1103120452
   -5.7065656793     7.2536185316     2.6028921443
   -5.6472342102     8.9435892047     1.8141369491
   -6.5923794721     8.1243586561     0.5521286367
   -5.4691856372     9.7967190706    -0.2366265586
   -6.7506277588     6.8897714922    -0.7098796757
   -6.0260527130     8.6823780340    -1.4986348710
   -6.0268706229     5.8631434255    -1.9718879881
   -5.5052882360     7.4272895942    -2.7606431833
   -1.8417075352    12.4346957839     4.0474644196
   -3.3557465495    11.0633061246     3.5742113024
   -0.7846212020    13.6061534504     3.2587092243
   -3.2964150804    12.7532767977     2.7854561072
   -1.9689114570    14.0834914486     1.9967009120
   -4.2415603422    11.9340462491     1.5234477948
   -3.1183665074    13.6064066636     0.7346925996
    3.6468743191     8.6430042101     4.2052154586
    3.9650189475    10.4964069053     3.7319623415
    3.8368549034     7.0892199944     3.4164602634
    5.1062101863     9.3063296054     2.9432071462
    5.0779491085     7.4593616127     2.1544519510
    5.3205744676    10.5440038493     1.6811988339
    5.6542980795     8.5624148548     0.8924436386
    4.8625203458     7.0889753189    -2.4602589132
    5.4388693168     8.1920285610    -3.7222672255
    2.7693123817     5.6374004562    -5.2997776160
    4.5949532929     7.6813099239    -5.7730307332
    1.1152560782     6.1550286307    -6.0885328113
    3.1364158517     7.0011102710    -6.5617859284
    3.1406074831     8.7120784204    -7.0350390456
   -4.4569891049    11.5636599554    -3.0912630694
   -3.3337952701    13.2360203699    -3.8800182646
   -4.6152373917    10.3290727914    -4.3532713817
   -3.8906623459    12.1216793332    -5.1420265770
   -3.8914802557     9.3024447248    -5.6152796941
   -2.3167367214    12.9395563448    -5.9307817722
   -3.3698978689    10.8665908934    -6.4040348894
   -2.2886675329     9.3280011120    -6.8772880065
   -1.6049685907    10.9368994314    -7.1927900846
    3.8842258910    16.0413431007    -6.4288478132
    1.2491762191    15.7363508079    -6.9021009304
    4.6615869041    14.5396004615    -7.2176030085
    0.1960150716    13.6633853566    -7.3753540475
    3.7921507697    11.4854300419    -7.5331050866
    2.7061062031    15.1304633582    -7.6908561256
    1.2772454076    12.1247955751    -7.8486071647
    3.7963424011    13.1963981914    -8.0063582037
    1.9609443498    13.7336938946    -8.1641092427
    0.0536876314    15.7039217442     1.3753918717
    1.1107739645    16.8753794107     0.5866366765
   -1.4010199138    16.0225027580     0.1133835593
   -0.0735162904    17.3527174089    -0.6753716359
   -2.3461651757    15.2032722094    -1.1486247531
   -1.2229713408    16.8756326239    -1.9373799483
    5.5422694857    11.9141198963     1.5331429108
    5.8604141141    13.7675225915     1.0598897936
    5.7322500699    10.3603356807     0.7443877155
    7.0016053529    12.5774452916     0.2711345984
    6.9733442751    10.7304772990    -0.5176205969
    7.2159696341    13.8151195355    -0.9908737140
    7.5496932460    11.8335305410    -1.7796289093
    6.6204445358    10.0612915892    -2.5683841045
  -11.2982648796     2.6691432832     9.0619755733
  -10.8139344902     0.2716025381     8.5887224562
  -11.2389334105     4.3591139563     8.2732203781
  -12.0585471627     1.5884030903     7.7999672609
   -9.9114297871     5.6893286072     7.4844651828
  -12.1840786723     3.5398834078     7.0112120657
  -11.7952641922     0.3717014773     6.5379589486
  -11.0608848374     5.2122438223     6.2224568705
  -12.3423269591     2.3052962439     5.7492037533
  -10.8020501772    -0.3782521958     5.2759506362
  -11.6177519133     4.0979027857     4.9604485581
  -11.6185698231     1.2786681772     4.4871954409
  -10.0438262888     4.9157797972     4.1716933628
  -11.0969874363     2.8428143459     3.6984402457
   -6.3281531323     2.5154209805    11.8245084827
   -7.7566194097     1.2438641498    11.6667574436
   -5.0212987906     1.3543310720    11.5090064046
   -7.5997026225     3.4584973381    11.3512553655
   -7.0200934678    -0.3004671344    11.1935043265
   -4.7031541622     3.2077337672    11.0357532874
   -9.1137416367     2.0871076787    10.8780022484
   -4.8313182063    -0.1994531436    10.7202512093
   -6.5426162893     4.6299550046    10.5625001703
   -8.6294112473    -0.3104330664    10.4047491312
   -3.5619629234     2.0176564673    10.2469980922
   -6.1043367546    -1.3755759935     9.9314960141
   -4.7700656826     4.5649240563     9.7737449750
   -3.5902240012     0.1706884747     9.4582428969
   -4.8572163062    -1.3431892590     8.6694877017
   -7.7246343869    -3.2130864004     5.9137187235
   -4.9685336816    -3.1041111100     5.7895075450
   -6.9902481853    -4.7946425555     5.5410851880
   -9.1495748556    -2.3589785507     5.2926628310
   -4.7318926037    -4.7236701677     5.1684516525
   -8.6863505835    -4.8637328735     4.9200292955
   -3.3628679045    -2.4256249827     4.7958181170
   -6.0333525052    -6.0428943916     4.5473957600
  -10.1051579102    -3.5140833764     4.2989734030
   -3.2800407551    -4.4320897915     4.1747622245
  -10.4008156923    -1.3484900272     3.6779175106
   -4.5744466282    -6.2408774564     3.5537063321
  -11.0033132391    -2.7533907405     2.6842280826
   -3.1887524102    -5.5761230995     2.5600169041
  -10.4732512552    -0.2906588166     2.0631721901
   -5.2628168700    -7.0265154169     1.9389610117
   -8.6164263604     1.4711549768     1.4421162977
  -11.0551434264    -1.7720088719     1.0694827622
   -3.8449979972    -6.3034759094     0.9452715837
   -9.8130864605     0.4331386857     0.4484268697
   -2.9503750331    -5.0189429510    -0.0484178442
  -10.3400897409    -1.0105767860    -0.5452625582
   -4.9048628061    -6.3341413246    -0.6694737367
   -8.6655958614     0.4534142074    -1.1663184507
  -10.0013239467    -2.4433508047    -1.5389519862
   -4.2399613673    -5.0258602045    -1.6631631647
   -6.6605744157     0.5658880609    -1.7873743432
   -3.6525538242    -2.2950308632    -2.0357967002
   -8.8147634312    -1.0198956522    -2.1600078786
   -6.0321187319    -5.1869775328    -2.2842190571
   -5.3314703454    -0.5672809173    -2.4084302356
   -8.6660220492    -3.2744650155    -2.5326414141
   -4.8049264838    -3.4861592489    -2.6568525926
   -7.1798763452    -1.0980925636    -2.7810637711
   -7.0206068549    -3.8517446733    -2.9052749496
   -5.8910323888    -2.3001985101    -3.0294861281
   -6.1735517816     6.2430183219     2.7147967876
   -8.4462006669     4.0935731224     2.2415436705
   -7.3230068320     5.7659335369     1.4527884752
   -8.6044489536     2.8589859585     0.9795353581
   -7.8798739078     4.6515925003     0.1907801628
   -7.8806918177     1.8323578918    -0.2824729543
   -7.3591094308     3.3965040605    -1.0712281495
   -8.1652674169    -6.1094848233     4.0730168014
   -9.7745851964    -6.1194507553     3.2842616062
   -7.2495107037    -7.1845936824     2.8110084890
  -11.0191978689    -4.8026502032     2.4955064109
   -9.1572159136    -7.2228864537     2.0222532938
  -10.7559148984    -6.0193518161     1.2334980986
   -7.9694435348    -7.5947286381     0.7602449814
  -11.3029776653    -4.0857570496     0.4447429033
   -9.7627008835    -6.7693054892    -0.0285102138
   -6.8286059144    -7.0899040771    -0.5017633310
  -10.5792205294    -5.1123851163    -0.8172654091
   -8.4826622179    -6.5722759025    -1.2905185262
  -10.0576381425    -3.5482389476    -1.6060206043
   -8.9764078066    -5.0868287291    -2.0792737215
   11.2021240155    -2.9775037825    -5.2540517957
   12.1951201576     5.5867261776    -6.3496020312
   13.8530839704     4.0267402863    -6.9582410509
   12.3738885734     4.1200753931    -7.9320634824
   14.9366872506     2.7472241331     3.3670243601
   16.2606883903     1.5818474951     3.1459467391
   13.6485462779     3.7186515723     3.0354079285
   16.6187804587     3.4819179769     2.8143303075
   14.7254879604     5.0084014774     2.4827138760
   13.3935919470     5.7625636108     1.5984033918
   17.1141749601     0.1254877486    -5.8076969127
   15.8956184459     1.6455442240    -6.6920073969
   16.0993199143     0.7660620134     3.1655463993
   17.4209398313    -0.3999132203     2.9171240423
   15.3992253276    -2.0904446658     2.6687016853
   17.7696857403     1.4913144325     2.5444905068
   17.6575809092    -2.0194722780     2.2960681498
   19.0266056085     0.2785729070     1.9234346143
   16.3561210078    -3.3386965019     1.6750122574
   19.1094327578    -1.7278919018     1.3023787219
   17.8150268848    -3.5366795667     0.6813228294
   20.0576861502    -0.5732114509     0.3086892939
   15.5558252477    -4.2955490834     0.0602669369
   19.2007211028    -2.8719252098    -0.3123665985
   17.1266566430    -4.3223175272    -0.9334224910
   20.1175839325    -1.5800909452    -1.3060560265
   14.5644876829    -4.3509760204    -1.5544783835
   18.5444755157    -3.5992780197    -1.9271119190
   16.1448812409    -4.3660645299    -2.5481678114
   19.4390984799    -2.3147450613    -2.9208013469
   13.8186573755    -3.6568279393    -3.1692237039
   17.4846107068    -3.6299434349    -3.5418572394
   19.5497107970    -0.8161344138    -3.9144907749
   15.3005387880    -3.5460510522    -4.1629131319
   18.1495121456    -2.3216623149    -4.5355466673
   13.8194483779    -2.2650595643    -4.7839690243
   16.3573547810    -2.4827796431    -5.1566025598
   17.5845470291    -0.7819613592    -5.5292360953
   15.3688666580    -1.1475467837    -5.7776584523
    5.2526376803     6.1913778326    -6.5394882219
    6.1144816004    -3.1884888974    -6.6500270324
    8.0341729515     6.7736571518    -7.0921822745
    3.6695474695    -1.7247199218    -7.2027210850
    3.7720206262     5.2106042987    -7.4237987060
    6.2547908932     6.6457651988    -7.9764927586
    5.0793431822    -2.8173737897    -8.0870315691
    4.7144133100     5.7870019996    -8.8608032427
    4.4123958167    -1.9104272645    -9.5240361058
   12.1647834029     2.2320753207    -9.6345749164
    3.7392517393     4.3900035575    -9.7451137269
    3.2291633409     0.3895627174   -10.0767301584
   11.4729067490    -0.2294055681   -10.1872689689
    5.8961300968     5.7038625465   -10.2978077794
    6.0005618440    -2.3067509452   -10.4083465900
    3.5548141841     2.7884777375   -10.6294242110
    4.4403257983    -0.6177631104   -10.9610406425
   11.2172886601     1.3134203382   -11.0715794531
    5.0891069629     4.3767286012   -11.1821182636
    4.2621468654     1.4309052364   -11.5137346951
    9.9558929153    -0.2411190932   -11.6242735056
    5.9779281177    -0.6653151937   -11.8453511267
   10.0444753438     2.3327579599   -11.9558899372
    5.3663061481     2.8210436716   -12.0664287477
    8.2400652352    -0.4002461909   -12.1769675582
    5.9924464599     0.9917142658   -12.3980451793
    8.7373364011     1.2789373822   -12.5085839898
    7.1361780711     2.3344576248   -12.6191228003
    8.9847051238     7.2423091970    -4.4427864385
   11.6471979048     6.1769608039    -4.9954804910
   10.0415393691     6.9359102439    -5.8797909752
    8.3110031231     6.9306415005    -6.7641014593
   10.7696916615     6.0416254601    -7.3167955119
    5.7918797627     6.6531361520    -0.7304557051
    8.0098556257     7.0893975983    -1.3515115976
    6.5219560893     7.5046730371    -2.3452010255
    9.0385638921     7.1548866141    -2.9662569180
    7.4985277030     7.5535266978    -3.9599463459
    5.9843088079     7.1823068125    -4.9536357739
    3.2527092951     4.6623806318    -5.3262693094
    4.9272031746     6.1263716251    -5.9473252019
    6.7240412946    -3.4018605048    -7.3035444599
    9.8788669529    -3.3311809990    -7.7767975771
    7.9118136734    -3.7737026891    -8.5655527723
   10.7929595186    -2.4864889751    -9.0388058895
    6.1185563247    -2.9482795403    -9.3543079676
    9.0526512938    -3.2688781281    -9.8275610847
   10.8782922050    -1.2249686604   -10.3008142019
    7.3985949903    -2.7512499535   -10.6163162800
    9.4197547638    -1.9051683133   -11.0895693971
    9.1008476717     6.6486706033    -8.5600479184
   10.8320323844     5.6184506088    -9.3488031136
    7.8578198513     6.5875261626    -9.8220562307
   11.5543348407     3.8012239440   -10.1375583088
    9.6271031704     5.9539857736   -10.6108114260
    6.9920534984     5.6489934808   -11.0840645431
   10.4044641834     4.4522431343   -11.3995666212
    8.4489834825     5.0431060310   -11.8728197384
    9.5392196805     3.1090408642   -12.1883218165
    7.7038216292     3.6463365674   -12.3460728555
    2.9944827356     3.7128276682    -5.7334286494
    2.1748689835     0.9421168022    -6.2066817666
    2.0493374738     2.8935971197    -6.9954369618
    2.4381519540    -0.2745848108    -7.4686900789
    3.1725313087     4.5659575342    -7.7841921570
    1.8910891871     1.6590099558    -8.2574452742
    2.6156642328     3.4516164976    -9.0462004694
    2.6148463230     0.6323818891    -9.5194535866
    3.1364287099     2.1965280578   -10.3082087818
   16.2126507980     4.9233237060     2.5242812504
   14.9261973668     5.8902921601     2.1590978386
   16.0005325713     7.1582952281     1.5504588189
   13.3310918241     6.3087129614     1.1852754071
   15.0431831713     6.4628647034    -6.1183928294
   14.3403334485     4.6703925025    -6.4835762412
   16.0790493921     4.9615098830    -6.7270318491
   18.9523549763     4.9222987460     2.9834099844
   17.5186044467     3.6486463607     2.8728711739
   17.6642140037     5.8937261851     2.6517935529
   20.6344481844     5.6569925897     2.4307159318
   18.7411556862     7.1834760903     2.0990995003
   21.9260617172     4.4390488009     1.8780218793
   20.6863196870     7.2363292656     1.5464054477
   17.4092596728     7.9376382236     1.2147890162
   22.4319775297     5.8838227653     0.9937113951
   23.0973498034     3.5561369010     0.4410173425
   22.0204016367     7.4425104981     0.1094009110
   23.4476390220     5.1911761580    -0.4432931416
   23.3673654336     2.4254476340    -0.9959871942
   23.0099867415     6.8809987041    -1.3276036257
   21.7248113214     0.1175695655    -1.5486812467
   23.8145996484     4.1405828463    -1.8802976783
   22.9638557243     1.4006071309    -2.4329917309
   23.4947476305     5.8943478652    -2.7646081624
   20.7533859837    -0.3977660351    -2.9856857835
   23.5400857141     3.0724389300    -3.3173022150
   22.4773100934     7.3208836967    -3.6489186465
   22.0467231793     0.7637695338    -3.8699962676
   23.3387331735     4.7737567754    -4.2016126991
   17.0700798674     8.2455440011    -4.8648455622
   22.4145630739     6.1098313949    -5.0859231833
   19.4061385122     8.0811626193    -5.4175396148
   20.9929475264     6.6918907172    -5.9702336674
   18.1957854115     7.1442779489    -6.3018500989
   17.1518778883     1.8763662610    -6.4123889094
   21.2184251144     4.8744394145    -6.5229277200
   16.5402559187     5.3627251263    -6.6334665305
   19.4461045484     6.0217984340    -6.8545441515
   17.1663962305     3.5333957205    -6.9650829620
   18.3101278417     4.8761390794    -7.1861605831
   19.4241085201     8.9801042303     0.1860147669
   21.1966591267     8.9150732820    -0.6027404284
   18.2398182651     9.4574422285    -1.0759935455
   22.6191261672     7.6054799370    -1.3914956236
   20.2162159366     9.6835705410    -1.8647487408
   21.9474006494     8.6533505465    -2.6535039360
   18.9731881163     9.6224261002    -3.1267570531
   20.7424714353     8.9888857113    -3.9155122484
   22.0236010689     0.9376945162    -4.6508621439
   20.2832928441     0.1553053632    -5.4396173392
   22.1089337552     2.1992148310    -5.9128704563
   18.6292365406     0.6729335378    -6.2283725344
   21.5198324484     4.5731855976    -6.3861235735
   20.6503963140     1.5190151780    -6.7016256516
   18.1354909519     2.1583807112    -7.0171277297
   20.6545879454     3.2299833275    -7.1748787687
   18.8191898941     3.7672790307    -7.3326298078
   19.6385716770     3.9516127319     3.1298792091
   18.2101053997     2.6800559011     2.9721281701
   20.9454260188     2.7905228234     2.8143771310
   18.9466313416     1.1357246170     2.4988750529
   21.2635706472     4.6439255186     2.3411240139
   21.1354066030     1.2367386077     2.0256219358
   22.4047618860     3.4538482187     1.5523688186
   19.8623880547     0.0606157579     1.2368667405
   22.3765008081     1.6068802260     0.7636136234
   21.1095085032     0.0930024923    -0.0251415718
   -0.7423510490    -5.0960788669    -1.1297861803
   -1.6343528905    -4.3281347943    -2.5285690703
   -3.4318481762    -2.5721847338    -3.0665624895
   -1.9202507860    -2.9472131261    -3.9273519602
    1.1125287300    -3.7660919379     4.0673949711
    2.4640941166    -4.7508805281     3.2833188321
    1.2688666543    -5.2135070344     2.0091951062
    4.3445859322     2.1628174450     7.4758841279
    2.9104718870     0.8893747189     7.3778746105
    3.0537168583     3.1395252974     7.1818555758
    3.6415605298    -0.7100481162     7.0838460584
    1.4492580732     1.7475863200     6.8878270237
    4.1341447795     4.4521030311     6.6918079889
    1.8993554791    -0.8131594935     6.5937984715
    4.6197512152    -2.0541826805     6.2997699194
    0.3861082991     0.5529475871     6.1037508847
    2.4258882920    -2.3034440227     5.8097223325
    5.1208170798     5.8020610267     5.4176842630
    3.7774536787    -3.2882326129     5.0256461935
    3.5072756192     6.4385090010     4.6336081240
    4.6449765775     6.9848694427     3.3594843982
    6.9713050564     2.1628174450     7.4758841279
    5.5371910112     0.8893747189     7.3778746105
    8.2981427896     0.9971508967     7.2798650932
    5.6804359824     3.1395252974     7.1818555758
    6.2682796539    -0.7100481162     7.0838460584
    8.5615776615    -0.6567761543     6.7898175063
    6.7608639037     4.4521030311     6.6918079889
    9.9845322046     1.6826831057     6.4957889542
    7.2464703394    -2.0541826805     6.2997699194
   10.1280154878    -0.4091722764     6.0057413673
    5.4013241071     5.2578101566     5.9077318499
    8.8173141495    -2.3730791270     5.5156937804
    6.4041728028    -3.2882326129     5.0256461935
    6.1339947434     6.4385090010     4.6336081240
    7.2716957017     6.9848694427     3.3594843982
   10.2205549440     5.9086401157     2.8694368113
    8.5133881158     6.9424861452     2.0853606723
    6.5237045479     7.2256977108     1.3012845333
    8.5598299014    -3.5168305957     4.5574425579
    7.7175323649    -4.7508805281     3.2833188321
    6.4041728028    -6.2135284433     1.5409914706
    8.1809792165    -6.4622253377     0.7569153316
    9.9894832867    -5.8976742596    -0.0271608074
    7.1042165378    -7.0993991589    -0.5172083943
    9.0601134645    -6.7227822788    -1.3012845333
    5.8655544812    -7.1846103250    -1.7913321202
   10.7259244722    -5.5984499534    -2.0853606723
    7.8667187226    -7.0644878471    -2.5754082592
    6.6403396486    -6.8472793973    -3.8495319850
    5.6419341235    -6.0328866265    -5.1236557109
    4.6197512152    -4.9794785109     2.8151151964
    3.7774536787    -6.2135284433     1.5409914706
    1.0953616290    -5.5581499828     1.0509438837
    2.5822262164    -6.6761549496     0.2668677447
    4.4774974137    -7.0993991589    -0.5172083943
    1.3487358255    -6.5103763060    -1.0072559812
    3.2388353571    -7.1846103250    -1.7913321202
    0.3142321313    -5.8242896932    -2.2813797071
    5.2399995985    -7.0644878471    -2.5754082592
    2.0837810259    -6.7288519025    -3.0654558460
    4.0136205244    -6.8472793973    -3.8495319850
   -0.4265253265    -0.8296876055    -5.3196747457
    0.9454753700     1.2051061111    -5.8097223325
    4.5638105925    -5.4433386930    -5.9077318499
    1.1232305419    -0.3654313383    -6.5937984715
    3.8890455086    -3.4160927125    -7.1818555758
   10.4162281989    -2.1726960314     5.3415186969
   12.7095262064    -2.1194240694     5.0474901448
   11.3944188843    -3.5168305957     4.5574425579
   14.2759640327    -1.8718201916     4.2634140058
   12.9652626945    -3.8357270422     3.7733664189
   11.8954847489     4.3394131116     3.6753569016
   10.5521213478    -4.7508805281     3.2833188321
   14.5811852344    -3.2493422409     2.9892902799
   12.3289277615    -4.9995774225     2.4992426931
   14.1374318317    -4.4350263445     1.7151665541
   11.2521650828    -5.6367512437     1.2251189672
   11.8536754430     5.0360283616     3.2317197038
   12.8403477432     6.3859863572     1.9575959779
   -5.8225098286     4.6105098875    -2.7932712452
   -4.4178542976    -0.7834882040    -3.8713759363
   -2.8274243994    -0.8698436580    -4.6554520753
   -2.6919976720     3.9939018005    -5.3415186969
   -1.5382475306     0.2745421433    -5.4395282143
   -0.8040707653     1.7172083113    -5.7335567664
    0.3402565624     5.3810208036     5.7335567664
    2.0330316132     6.1239030638     5.2435091796
   -1.2275639219     4.6886636790    -5.6355472491
    0.6188929041     4.1700726445    -5.7335567664
   -0.8823961522     7.5995591142     5.7335567664
   -2.3165101975     6.3261163881     5.6355472491
    0.4444415809     6.4338925659     5.5375377317
   -2.1732652262     8.5762669666     5.4395282143
   -3.7777240113     7.1843279892     5.1454996622
   -3.8329555135     9.0421253259     4.6554520753
   -5.2257010092     8.2693481848     3.8713759363
   -5.5832505880     9.5601324704     2.5972522104
   -5.2448419662    10.7668763872     1.3231284846
   -5.8104810726    10.2491163711    -0.7350713803
   -5.6221988738     9.2819125313    -2.7932712452
   -5.6054954709     4.8754507875    -3.0872997973
   -5.6535074110     7.5323498940    -3.5773473842
   -4.8677538056     6.1065093052    -4.3614235232
   -3.3893967811     5.4966653477    -5.1454996622
    0.5405675172    10.0524234474     5.7335567664
   -0.8935465280     8.7789807213     5.6355472491
    1.8674052504     8.8867568991     5.5375377317
   -0.7503015568    11.0291312998     5.4395282143
    2.2333425680    10.7953057076     5.2435091796
   -2.3547603418     9.6371923224     5.1454996622
    2.1308401223     7.2328298481     5.0474901448
    0.3301263645    12.3417090335     4.9494806274
    3.5537946654     9.5722891081     4.7534615927
    2.3079216529    12.4168233617     4.4594330406
    4.1129651525    11.0554458423     3.9693854537
   -3.8027373398    10.7222125180     3.8713759363
    1.3167986647    13.6916670291     3.6753569016
    3.7425785205    12.7021041591     3.1853093147
   -5.0181278835    11.6327552109     0.5390523456
   -4.3875174032    12.7019807043    -0.7350713803
   -5.1036930215    10.8593896471    -1.5191475193
   -3.3494467996    14.0379920734    -1.3489440633
   -4.5456963863    12.4510065640    -2.1330202023
   -3.9150859060    13.5202320574    -3.4071439282
   -3.7101003043     8.1465664737    -5.7593723452
    5.3296921247     8.6759686058    -5.8573818626
   -0.3163719186     5.6002665593    -6.0534008973
   -2.3221481762     7.1590301260    -6.5434484842
   -2.3861115479    12.8382592969    -6.7394675189
    1.2322236746     6.1898144928    -6.8374770363
   -0.7317182780     7.0726746721    -7.3275246232
   -2.2083563760    11.2677218475    -7.5235436579
    2.1029020615     7.5086896109    -7.6215531753
   -1.4940016145     8.7677810340    -7.8175722101
    3.1388564848     9.7313892300    -7.9155817274
   -0.5962915507    11.9364201305    -8.0135912448
    0.5574585907     8.2170604733    -8.1116007622
   -0.5548214699    10.1783176758    -8.3076197969
    1.2916353561     9.6597266413    -8.4056293143
    4.1268480086    14.0645316679     2.5714366317
    2.2236318051    15.6109349938     2.2774080795
    5.4473001060    12.8415150684     2.0813890448
    4.2014270934    15.6860493220     1.7873604927
    6.0064705931    14.3246718026     1.2973129058
    3.2103041053    16.9608929894     1.0032843537
    5.6360839611    15.9713301194     0.5132367668
    4.4663922533    17.3502393390    -0.2708393722
    6.8123914697    15.4776695092    -0.7608869591
    2.7344636031    18.1437014054    -1.0549155112
    5.6833228454    17.0674720784    -1.5449630981
    6.9282949529     9.4826810835    -1.7409821328
    0.7637476908    18.1702917906    -1.8389916502
    7.5909162169    14.5075796418    -2.0350106849
   -3.1246224429    14.9019811712    -2.1330202023
    3.9761560172    18.1013181079    -2.3290392371
    6.6403041785    16.2765888630    -2.8190868239
    1.9864724493    18.3845296735    -3.1131153761
    7.8692696310    13.2978610808    -3.3091344108
   -2.4940119626    15.9712066646    -3.4071439282
    5.0771258441    17.5278262738    -3.6031629629
    7.2723291749    10.1616812629    -3.7991819977
    0.0626686935    17.8684364924    -3.8971915151
    7.1640664024    15.1505470832    -4.0932105498
   -3.2101875809    14.1286156074    -4.1912200672
    3.1829977475    18.0485851538    -4.3872391019
    7.5930206339    12.0850702396    -4.5832581367
   -1.4570225343    16.6594174090    -4.6812676541
    5.8155034075    16.5235100946    -4.8772866888
    6.3013647152     9.3754844634    -5.0733057236
    1.3096265548    17.7659453375    -5.1713152409
    7.1166501287    13.8956475743    -5.3673342757
   -2.3057297638    15.0040028248    -5.4653437931
    4.1003345989    17.1760847372    -5.6613628278
    6.7507660682    11.1269432130    -5.8573818626
   -0.1798002083    16.7656958215    -5.9553913799
    5.9689674948    15.2364475195    -6.1514104147
    2.3906353425    16.9972517343    -6.4454389668
    6.3642236077    12.7698841114    -6.6414580016
   -0.9650376045    15.2892339041    -6.7394675189
    5.3357025693    10.7565100131    -7.1315055884
   -0.7872824326    13.7186964547    -7.5235436579
    0.8662524735    12.6292922831    -8.3076197969
   -1.8043825488     3.6399882516     7.3563816181
   -1.9109803813     0.0987040445     7.1363692647
   -0.5105562163     2.4210811767     6.8063507346
   -1.7513255240     5.2223855317     6.4763322045
   -0.3924839820     0.3648264808     6.2563198512
   -0.0016212794     3.8686509579     5.9263013211
   -1.6962945694    -1.5345672691     5.7062889677
   -2.7405433108     6.4250990710     5.5962827910
   -6.0231633009     6.7333605235     3.8361839638
   -6.9061409844     5.1362416201    10.7491232856
   -9.6132717492     4.2880453367    10.4191047555
   -4.9581905267     5.1902601899    10.1990924021
  -10.5935811768     1.2764238995    10.0890862254
   -8.2402168911     5.8934719527     9.8690738720
   -8.5797375212    -1.5166752228     9.7590676953
   -3.2084862820     3.8365256161     9.6490615186
   -5.9474083134     6.3929737292     9.3190429885
  -10.6285910219    -0.2912006964     9.2090368118
   -2.5397828685     1.5042432224     9.0990306351
   -9.8204353596     5.7020019807     8.9890244584
   -7.2522634033    -2.4174860232     8.8790182817
   -3.6181536134     5.4006483935     8.7690121050
   -3.3819121028    -0.9486963255     8.5489997516
   -7.5088841916     6.9391748674     8.4389935749
   -9.8139131206    -1.7446698789     8.3289873982
   -2.1842759087     3.1439644974     8.2189812215
   -5.5600207684    -2.5769315992     7.9989688681
   -4.7839388346     6.6516384211     7.8889626914
   -2.2614814603     0.3680003675     7.6689503380
   -9.2300283036     6.7012351817     7.5589441613
   -8.3648716066    -2.7179488378     7.4489379846
   -2.6181525324     4.8424513391     7.3389318079
   -3.9079436153    -1.9524703143     7.1189194545
   -6.4366046416     7.2903853799     7.0089132778
  -10.8237502852    -1.2510395336     6.8989071011
   -3.7574161908     6.2240416172     6.4588823944
   -8.2271554218     7.1709677653     6.1288638643
   -9.4112979574    -2.3579772397     6.0188576876
   -5.3691482480     6.9986243352     5.5788329808
   -9.7855218571     6.3173532242     5.2488144507
   -7.1146733124     7.0102643953     4.6987835672
   -8.6063588923     6.2678717242     3.8187341536
   -9.4601502154     4.9526862090     2.9386847400
  -10.3458628821     1.9118995794     2.6086662099
   -9.2822947845     3.4057996431     2.0586353264
   -1.0639483397    -3.2687866823     4.8726744762
   -0.1294555475    -4.4394877216     3.7657434565
   -0.8930584537    -5.1796263135     1.9669805494
    2.0488014183     4.2484533425     6.6966764355
    0.5089302276     2.8762924783     6.2815773031
    3.1092537733     5.4663738358     6.0048445482
    7.9925966095     3.2977313462     7.1117755679
    9.6344682327     4.0051611988     6.4199436806
    7.7806564171     5.4663738358     6.0048445482
   10.8368955449     2.8089142634     5.7281117932
    9.6214078637     5.4550869692     5.3130126608
   11.1842583624     4.1343213174     4.6211807735
    8.6441302442     6.4192245856     4.2060816411
   10.6445828223     5.4187681945     3.5142497537
    8.8706931836    -6.4776339289    -3.6526161312
    9.9431946866    -5.5949181977    -4.7595471509
    7.9605686285    -5.9275722709    -5.4513790383
   10.2273780846    -4.2504847389    -5.8664781707
    8.6087482326    -4.5771349703    -6.5583100581
    0.6514099066    -5.9000648990    -3.2375169988
   -0.6677308933    -4.0666440679    -3.9293488861
    1.9817483089    -6.3378012487    -4.3444480185
    0.3627687162    -4.9850858977    -5.0362799059
    3.2891659847    -5.9275722709    -5.4513790383
   -0.0329075088    -3.0955332764    -5.7281117932
    1.7587115618    -4.9934580751    -6.1432109257
    1.6143687642    -3.4022474915    -6.8350428130
   13.4121614473    -5.2282882133     0.5820035752
   11.2824460908    -5.8618173953    -0.1098283121
   12.6822705026    -5.7028462736    -1.2167593319
   13.7547720056    -4.8201305424    -2.3236903516
   11.7721459475    -5.1527846155    -3.0155222390
   12.4203255516    -3.8023473150    -4.1224532588
   11.8041739285     1.0338396118     5.9250276471
   13.1119224918    -0.1232631011     5.6482948922
   13.4460455517     1.7412694645     5.2331957598
   13.3280654874    -1.7063196920     4.9564630048
   11.5922337361     3.2024821014     4.8180966273
   14.6484728639     0.5450225290     4.5413638724
   13.4329851827     3.1911952348     4.1262647400
   11.1632659367     6.7381594261     1.8512268252
    9.9184896261     7.3390506989     0.7442958055
   12.0267397638     7.6910101759     0.0524639181
   10.6434397907     7.9277870034    -1.0544671016
   13.1943862455    -3.0080970138    -6.1527236141
   14.2668877485    -2.1253812826    -7.2596546339
   15.5594266151     0.8137906439    -7.6747537663
   12.2842616904    -2.4580353558    -7.9514865212
   14.0530105569     3.4043172359    -8.0898528987
   14.5510711465    -0.7809478238    -8.3665856536
   14.4595942991     1.7080828153    -8.7816847860
   12.9324412945    -1.1075980552    -9.0584175410
   13.2956500382     0.5735774245    -9.4735166734
   15.0447631173     8.7167025362     0.5151905513
   12.4603090512     7.8708315183     0.1000914189
   13.7999868067     9.3175938089    -0.5917404685
   15.9082369444     9.6695532860    -1.2835723558
   12.4571910360     8.9794961165    -1.6986714882
   14.5249369713     9.9063301134    -2.3905033756
   11.5047885462     7.9418375948    -2.8056025080
   13.2299579560     9.3653944132    -3.4974343953
   15.3634429411     9.4951477746    -4.1892662827
   12.4937636796     8.2066662845    -4.6043654151
   14.2851083256     8.6304323058    -5.2961973025
   12.8061644808     6.7907351237    -5.7112964349
   -6.4171777196     2.9332513263    -3.0829438188
   -5.3857777411    -0.1700640787    -3.4980429512
   -5.1902921217     4.5708334824    -3.7747757061
   -5.7814539662     1.7194885426    -4.1898748385
   -3.9898348955    -0.1784362561    -4.6049739709
   -4.8778913205     3.1549023216    -4.8817067259
   -4.1341776931     1.4127743275    -5.2968058583
   -3.1191982405     2.8336577512    -5.5735386132
   -6.8332249012     8.2054055513     1.3836637747
   -7.2647250296     6.8766370016     0.2767327549
   -6.6743754641     9.0718937360    -0.4150991324
   -6.9122859286     7.6991402695    -1.5220301522
   -1.8440341182    12.4385257771     4.5688449724
   -3.3839053089    11.0663649129     4.1537458400
   -0.7835817632    13.6564462704     3.8770130850
   -3.3680358293    12.8105752525     3.4619139526
   -2.0283580738    14.2573375431     2.7700820653
   -4.4824057714    12.0150931444     2.3549829328
   -3.3711538445    13.9192398507     1.6631510455
   -4.3235563343    12.8815813290     0.5562200257
    3.6462850149     8.6431757600     4.7072113498
    3.9804080748    10.5077083256     4.2921122174
    3.8624280105     7.0601191691     4.0153794625
    5.1828353870     9.3114613901     3.6002803301
    5.2209449615     7.3813016962     2.9084484427
    5.5301982045    10.6368684441     2.4933493103
    6.0192526333     8.5074321065     1.8015174230
    2.0910797079     5.4051144828    -5.9956201230
    4.3578891640     7.0822020148    -6.4107192554
    2.7392593120     6.7555517834    -7.1025511428
   -5.1293346624    10.3159383008    -3.3666589511
   -4.5389850970    12.5111950352    -4.0584908384
   -4.7759951926     8.9535679935    -4.4735899708
   -4.7768955615    11.1384415688    -5.1654218582
   -3.5500099636    12.7760237249    -5.8572537455
   -4.1411718081     9.9246787851    -6.2723528780
   -3.2376091624    11.3600925641    -6.9641847653
    4.5155634924    15.7517868454    -7.1053056586
    1.8072476228    15.9965842094    -7.5204047910
    4.9221472347    14.0555524248    -7.7971375460
    3.1137990742    15.0474726090    -8.2122366784
    1.0720174055    12.4147590331    -8.3506030559
    3.7582029738    12.9210470340    -8.4889694333
    2.0869968581    13.8356424568    -8.6273358108
    0.0513610484    15.7077517374     1.8967724245
    1.1118134033    16.9256722306     1.2049405371
   -1.4726406628    16.0798012128     0.7898414047
   -0.1329629072    17.5265635034     0.0980095174
   -2.5870106048    15.2843191046    -0.3170896150
   -1.4757586780    17.1884658110    -1.0089215024
    0.5919872573    18.1152998079    -1.7007533897
   -2.4281611677    16.1508072893    -2.1158525222
    5.5416801814    11.9142914463     2.0351388020
    5.8758032414    13.7788240119     1.6200396695
    7.0782305535    12.5825770764     0.9282077822
    7.1163401280    10.6524173824     0.2363758948
    7.4255933711    13.9079841304    -0.1787232376
    7.9146477999    11.7785477927    -0.8705551249
    7.0402225013     9.6960145298    -1.5623870123
    7.9534939547    13.1854566780    -1.9774861447
  -11.3264236390     2.6722020715     9.6415101109
  -11.3105541594     4.4164124111     8.9496782235
  -12.1977136909     1.5540593005     8.5345790911
  -12.4249241015     3.6209303030     7.8427472037
  -12.0755714468     0.1831674273     7.4276480713
  -11.3136721746     5.5250770094     7.1509153164
  -12.8564242298     2.2921617532     6.7358161840
  -11.1839439600    -0.9036293851     6.3207170516
  -12.2660746644     4.4874184877     6.0439842966
  -12.5030847599     0.9297914459     5.6288851642
  -10.5409052546     5.9109753060     5.3521524093
  -12.5039851289     3.1146650212     4.9370532769
  -11.4725851504     0.0113496162     4.5219541444
  -11.2770995310     4.7522471773     4.2452213895
  -11.8682613754     1.9009022375     3.8301222571
  -10.9646987298     3.3363160165     3.1382903697
   -6.3296366581     2.5116053349    12.2877350507
   -7.7531973662     1.2455525797    12.1493686732
   -5.0218880949     1.3545026220    12.0110022958
   -7.6020292055     3.4623273313    11.8726359183
   -7.0222543817    -0.3113655102    11.7342695408
   -4.6877650349     3.2190351876    11.5959031634
   -9.1419003962     2.0901664670    11.4575367859
   -4.8057450992    -0.2285539689    11.3191704084
   -6.5415768505     4.6802478245    11.1808040310
   -8.6729122627    -0.3559920860    11.0424376535
   -3.4853377227     2.0227882521    10.9040712760
   -6.0877615896    -1.4820665495    10.6273385211
   -4.7008254039     4.6689609579    10.4889721436
   -3.4472281482     0.0926285581    10.2122393887
   -8.0944925819    -1.6024639877     9.9355066337
   -3.1379749052     3.3481953061     9.7971402563
   -4.7216491393    -1.5886759592     9.5204075013
   -7.7250577429    -3.2132952835     6.5095029267
   -4.9655426434    -3.1049818189     6.3994967500
   -6.9923936696    -4.8054631132     6.1794843966
   -4.7134440224    -4.7446636643     5.8494658665
   -8.7154176314    -4.8941750641     5.6294535131
   -3.3130198574    -2.4222865321     5.5194473364
   -6.0230110835    -6.1093349812     5.2994349830
  -10.1891798152    -3.5348184675     5.0794226296
   -3.1949476231    -4.4785412280     4.9694164529
   -8.1753361597    -6.3279175898     4.7494040995
  -10.5369309527    -1.3026858810     4.5293917461
   -4.4987582105    -6.3779349779     4.4193855694
   -6.8478620418    -7.2287283901     3.8693546859
  -11.2657754546    -2.7600962955     3.6493423325
   -2.9775107412    -5.7599386925     3.5393361558
  -10.7787457849    -0.1071161043     3.0993114490
   -5.1556194068    -7.3881739662     2.9893052723
  -11.5906414851    -1.6685435218     2.2192620355
   -3.5035422538    -6.7637126812     2.1092558588
  -10.3179089668     0.9104711210     1.6692311520
   -6.1923841630    -7.7966425422     1.5592249753
   -2.2510214791    -5.4794808395     1.2292064452
  -11.2647968207    -0.6116723940     0.7891817384
   -4.4729384032    -7.2964229311     0.6791755617
   -9.3811204956     1.5061108573     0.2391508549
  -11.4730866854    -2.3591979420    -0.0908676752
   -3.1579752879    -6.1371220724    -0.2008738519
  -10.3816812852     0.1074467521    -0.6408985587
   -5.6136493135    -7.1946155990    -0.7509047354
   -2.5284426973    -4.5818858280    -1.0809232655
   -8.2019575307     1.4566293572    -1.1909294422
  -10.6000323928    -1.5073542319    -1.5209479723
   -4.3943524200    -6.1327199023    -1.6309541490
   -9.0557488539     0.1414438420    -2.0709788558
   -6.6025756436    -6.2661831359    -2.1809850325
   -9.9414615205    -2.8993427876    -2.4009973859
   -3.9998111427    -4.6498813332    -2.5110035626
   -7.0723960598     0.4349349419    -2.6210097393
   -8.8778934229    -1.4054427239    -2.9510282693
   -5.7553799164    -4.9286273054    -3.0610344460
   -5.6984570827    -0.6086037830    -3.1710406227
   -8.3452398949    -3.4503741493    -3.2810467994
   -4.9810189002    -3.1551787709    -3.3910529761
   -7.2004677891    -1.5117974943    -3.5010591528
   -6.7325243826    -3.3727543000    -3.6110653295
   -7.5757941692     6.0787667240     2.3812469212
   -8.5281966589     5.0411082023     1.2743159014
   -8.7661071234     3.6683547359     0.1673848816
   -7.5392215255     5.3059368920    -0.5244470057
   -8.1303833700     2.4545919521    -0.9395461381
   -7.2268207243     3.8900057312    -1.6313780255
   -9.8180862118    -6.1650097750     3.9219501284
  -11.1583643972    -4.8369939930     3.2301182411
   -9.2396665310    -7.4114816767     2.8150191087
  -11.0362221530    -6.2078858661     2.1231872213
   -7.9965384448    -8.0312228302     1.7080880889
  -11.8170749361    -4.0988915402     1.4313553340
  -10.1445946663    -7.2946826785     1.0162562016
   -6.5967140331    -7.8722517085     0.6011570692
  -11.4637354662    -5.4612618475     0.3244243142
   -8.8142562639    -7.7324190283    -0.0906748182
  -11.4646358352    -3.2763882723    -0.3674075731
  -10.4332358567    -6.3797036773    -0.7825067056
   -7.5068385882    -7.3221900504    -1.1976058380
  -10.8289120817    -4.4901510560    -1.4743385929
   -9.0372930111    -6.3880758546    -1.8894377253
   -9.1816358087    -4.7968652711    -2.5812696127
   13.0188368672    -3.1846906307    -4.8720221253
   11.8696957263    -3.1844740700    -6.2708050152
   13.5703657294     4.4751435264    -7.7771865890
   14.9365000983     2.7467427754     4.0157958428
   16.2633378315     1.5810762271     3.8197768080
   13.6456310244     3.7234506279     3.7217672907
   16.6292751492     3.4896250357     3.5257482559
   14.7260589456     5.0360283616     3.2317197038
   13.3665191491     5.8417354871     2.4476435648
   17.8381297099     0.1816033809    -6.1771939642
   16.0264031455    -0.6152424141    -6.6672415511
   16.0990175736     0.7652843895     3.7471256007
   17.4239308695    -0.4007839292     3.5271132473
   15.3970798433    -2.1012652235     3.3071008939
   17.7826273231     1.5008184325     3.1970947172
   17.6760294905    -2.0404657746     2.9770823638
   19.0764536556     0.2819113576     2.6470638337
   16.3664624294    -3.4051370915     2.4270514803
   19.1945258899    -1.7743433383     2.0970329502
   17.8907153024    -3.6737370882     1.5470020668
   20.2540920060    -0.6028012549     1.2169835367
   15.5416114712    -4.5245305004     0.9969711833
   19.4119627717    -3.0557408028     0.6669526532
   17.2338541061    -4.6839760765     0.1169217697
   20.5323934142    -1.7390441098    -0.2130967604
   14.4290032679    -4.8249933151    -0.4331091138
   18.8859312592    -4.0595147915    -0.7631276439
   16.1970893499    -5.0924446525    -1.3131585274
   20.1384520339    -2.7752829498    -1.6431770575
   17.9165351097    -4.5922250415    -2.1932079410
   15.1080017266    -4.8677761997    -2.7432388245
   19.2314982250    -3.4329241827    -3.0732573546
   16.7758241995    -4.4904177094    -3.6232882381
   19.8610308157    -1.8776879383    -3.9533067682
   14.2921735182    -3.9988728764    -4.1733191215
   17.9951210929    -3.4285220126    -4.5033376516
   15.7868978693    -3.5619852462    -5.0533685351
   18.3896623702    -1.9456834435    -5.3833870652
   16.6340935966    -2.2244294158    -5.9334179487
   17.4084546127    -0.4509808812    -6.2634364788
    3.4157722395     5.5474532067    -6.2112090320
    6.1078927866     7.2287783166    -6.7012566189
    2.4622422271    -1.1375809562    -7.2893137231
    4.2554763209     6.4622008787    -7.4853327579
    6.6724674784    -4.0419960060    -7.5833422752
    7.3306175450     7.4430161995    -7.9753803447
    3.7478642525    -2.6816753742    -8.0733898621
    2.8501331332     5.0296931906    -8.2694088969
   10.4212709399     6.5863127998    -8.4654279316
    5.4068137893     6.9269230184    -8.7594564837
    5.5174131472    -3.5862375834    -8.8574660011
   12.5082114982     4.2090336092    -8.9554755185
    3.1121951200    -1.6132026753    -9.3475135880
    3.8871225614     5.7179039350    -9.5435326227
   11.6455098109    -1.5660290106    -9.9355706922
    6.6537716506     6.8244318635   -10.0335802096
    4.6856227265    -2.6487537319   -10.1315897270
   12.4607952244     2.9541341003   -10.2295992444
    3.0384153319     4.0624893508   -10.3276087617
    3.0551187348    -0.3439723931   -10.6216373139
   12.0949111639     0.1854297390   -10.7196468312
    5.1643448874     5.8241823475   -10.8176563486
    6.4488471206    -2.8902723074   -10.9156658660
    3.0071067948     2.3129267135   -11.1116849007
    4.4430708630    -1.3315087407   -11.4057134529
   11.7083687035     1.8283706374   -11.5037229702
    4.3791074913     4.3477204301   -11.6017324876
    7.9974427137    -2.3007243739   -11.6997420050
    3.7928604001     0.8870861246   -11.8957610397
   10.6798476651    -0.1850034609   -11.9937705571
    6.4612846562     5.0823659202   -12.0917800745
    6.0335007612    -1.4178641947   -12.1897895919
   10.5572097018     2.9179845528   -12.2877991092
    4.5568626632     2.7771829807   -12.3858086266
    8.8681211007    -0.9818492559   -12.4838181440
    5.2712174247     0.2772421672   -12.6798371787
    9.9040755240     1.2408503632   -12.7778466961
    6.1689274885     3.4458812638   -12.8758562135
    7.3226776299    -0.2734783934   -12.9738657309
    8.7407971872     2.7975302230   -13.0718752482
    6.2103975692     1.6877788091   -13.1698847656
    8.0568543952     1.1691877746   -13.2678942830
   10.2708332852     7.6284566791    -4.5419083697
    8.2811497173     7.9116682447    -5.3259845087
   11.3718031122     7.0549648450    -5.8160320956
    6.3573459616     7.3955750636    -6.1100606477
    9.4776750156     7.5757237250    -6.6001082346
   12.1101806756     6.0506486658    -7.0901558215
   10.3950118669     6.7032233084    -7.8742319605
    8.0497920841     7.2546887800    -0.4716273584
    6.4883162060     7.8008899182    -1.3516767720
    9.2132615630     7.5133534719    -1.9017076555
    7.5605957560     8.1521004307    -2.7817570691
    6.8825270852     7.8719794461    -5.0918867798
    5.3908415053     7.1295867750    -5.9719361933
   10.0144341198    -3.5766676992    -6.9258777775
    7.8847187633    -4.2101968813    -7.6177096648
   11.2127374842    -2.8517660345    -8.0328087972
    9.2845431751    -4.0512257595    -8.7246406846
    7.0670009443    -3.9113930793    -9.4164725719
   10.3570446781    -3.1685100283    -9.8315717044
    8.3744186200    -3.5011641015   -10.5234035917
   10.6412280761    -1.8240765695   -10.9385027241
    9.0225982241    -2.1507268009   -11.6303346115
   10.0128745570     6.7455604759    -9.4885063643
   11.5228099910     5.1390890291   -10.1803382516
    8.6284595178     6.7739423510   -10.5954373840
   10.2584407718     5.6644295183   -11.2872692714
    7.5501249022     5.9092268823   -11.7023684038
   10.6650245140     3.9681950977   -11.9791011588
    8.8566763536     4.9601152819   -12.3942002912
    1.8084920446     2.9746440149    -6.1639018238
    1.3769919163     1.6458754651    -7.2708328435
    1.9673414818     3.8411321996    -7.9626647309
    1.7303313862     0.2835051578    -8.3777638633
    1.7294310173     2.4683787331    -9.0695957506
    2.3651547707     1.2546159494   -10.1765267704
   16.2120789831     4.9218529914     3.1171608670
   14.9238854638     5.8940979874     2.7943648154
   16.0011623847     7.1887684924     2.2563713962
   13.2898957898     6.3416708562     1.9335753447
   14.6631734482     7.9551365324     1.3955819255
   14.7459293979     6.3346130379    -6.7819180464
   14.2934881021     4.4532773916    -7.1047140979
   15.9790653947     4.9718899926    -7.3199114656
   18.9521678241     4.9218173883     3.6321814671
   17.5180537789     3.6483746622     3.5341719497
   17.6612987502     5.8985252407     3.3381529150
   20.6449428749     5.6646996485     3.1421338802
   18.7417266714     7.2111029745     2.8481053281
   21.9653949723     4.4416830491     2.6520862934
   20.7195219598     7.2862173026     2.3580577412
   17.3821868748     8.0168101000     2.0640291891
   22.5245654595     5.9248397833     1.8680101544
   19.7283989717     8.5610609701     1.5739816022
   23.2470834413     3.5335785664     1.3779625675
   22.1541788275     7.5714981000     1.0839340154
   18.1148575111     9.1975089443     0.7899054632
   23.6933449387     5.2411413316     0.5938864285
   23.6715702554     2.3088776874     0.1038388416
   23.3304863360     7.0778374898    -0.1901897105
   21.9703460544    -0.2133784859    -0.3862087453
   24.2844534487     4.1331648834    -0.6802372974
   23.4463898193     1.0828490642    -1.1702848843
   17.2818425572     9.7704597713    -1.2682944016
   24.1090110833     6.1077476225    -1.4643134364
   21.0409762323    -1.0384865051    -1.6603324711
   24.3055063040     2.8914508525    -1.9543610233
   23.1583990449     7.8767568437    -2.2483895754
   22.7067872399     0.0858458203    -2.4444086101
   24.3873644974     4.8980290614    -2.7384371623
   23.7904240412     1.7618492436    -3.2284847491
   23.6821612688     6.7507150638    -3.5225133013
   21.6084900195    -0.4949636241    -3.7185323360
   24.1111155003     3.6852382203    -4.0125608881
   22.3335982739     8.1236780753    -4.3065894403
   22.8194595815     0.9756524441    -4.5026084750
   17.8277214212     9.3661133182    -4.6006179924
   23.6347449950     5.4958155549    -4.7966370271
   20.6184294652     8.7762527178    -5.0906655793
   23.2688609345     2.7271111936    -5.2866846140
   16.3382946580     8.3658638021    -5.3846941314
   22.4870623612     6.8366155002    -5.5807131661
   18.9087302089     8.5974197150    -5.8747417183
   22.8823184741     4.3700520920    -6.0707607530
   20.9459564924     7.4038631868    -6.3647893051
   17.6352344268     7.6240473749    -6.6588178573
   21.7311594724     5.4596660074    -6.8548368920
   19.4288315480     6.9419464767    -7.1488654441
   16.4451671953     2.8189236219    -7.2468749615
   17.3428772591     5.9875627184    -7.4428939963
   19.9147469578     5.3392116777    -7.6389130310
   17.3843473398     4.2294602637    -7.7369225484
   21.2658994054     9.0191101837     0.1124867402
   20.2886217860     9.9832478001    -0.9944442796
   22.2890743641     8.9827914090    -1.6862761669
   18.9053218128    10.2200246275    -2.1013752993
   21.1282428219     9.7804604136    -2.7932071867
   19.7438277827     9.8088422887    -3.9001382064
   21.3738090367     8.6993294560    -4.5919700938
   21.5876862284     0.2556734630    -5.4436279588
   19.6050601703    -0.0769806102    -6.1354598462
   21.8718696263     1.6001069218    -6.5505589786
   18.0746057474     0.8571335857    -6.8272917335
   20.2532397744     1.2734566904    -7.2423908659
   20.6164485181     2.9546321701    -7.6574899983
   18.2135274432     2.6817443310     3.4547393997
   20.9448367145     2.7906943733     3.3163730222
   18.9444704276     1.1248262412     3.0396402673
   21.1609797102     1.2076377824     2.6245411349
   22.4813870866     3.4589800034     2.2094420025
   19.8789632197    -0.0458747981     1.9327092475
   22.5194966611     1.5288203095     1.5176101151
   21.2450756701    -0.1524842079     0.8257782278
   -0.8443348509    -5.7961755369     0.0968289350
   -2.0283589396    -5.3715516110    -1.1619472194
   -3.2504734248    -3.1958776220    -3.6794995282
   -1.6335205210    -3.4366052596    -4.4541310078
   -2.6691665765    -1.6753838688    -4.9382756826
    1.0821364916    -3.8356102890     4.8741897913
    2.4559125063    -4.8826848186     4.1652167307
    1.1994910634    -5.4562303758     3.0131355073
    4.3453306675     2.1647329127     8.1230849064
    2.9063593530     0.8873456022     8.0344632739
    3.0484329020     3.1482236833     7.8572200087
    3.6389620182    -0.7231534762     7.7685983762
    1.4288916533     1.7497986535     7.5913551110
    4.1347352495     4.4806726791     7.4141118459
    1.8765897178    -0.8370022879     7.3254902133
    4.6270508903    -2.1010809439     7.0596253156
    0.3296036002     0.5390032463     6.8823820505
    2.3954960537    -2.3729623738     6.6165171528
    5.1448468576     5.9015167754     6.2620306225
    0.2117333532    -1.1340008407     6.1734089899
    3.7692720683    -3.4200369035     5.9075440922
    3.4886405782     6.6026003469     5.5530575619
    4.6756468910     7.2806487225     4.4009763386
    6.9720497917     2.1647329127     8.1230849064
    5.5330784772     0.8873456022     8.0344632739
    8.3051092646     0.9951229146     7.9458416413
    5.6751520261     3.1482236833     7.8572200087
    6.2656811424    -0.7231534762     7.7685983762
    8.6776203822     2.9156433710     7.6799767436
    8.5776935245    -0.6751151425     7.5027334785
    6.7614543737     4.4806726791     7.4141118459
   10.0220281239     1.6851943029     7.2368685808
    7.2537700144    -2.1010809439     7.0596253156
   10.1840878789    -0.4397815988     6.7937604179
    8.8634317061    -2.4565893680     6.3506522551
    7.7715659818     5.9015167754     6.2620306225
    6.3959911925    -3.4200369035     5.9075440922
    6.1153597024     6.6026003469     5.5530575619
   11.5739902036     4.4566350876     4.6668412363
    7.3023660151     7.2806487225     4.4009763386
   10.4436664177     6.1903264834     3.9578681757
    8.6622326597     7.3920478261     3.2488951152
    6.5051609263     7.8350683405     2.5399220546
    9.9761038563     6.9778041604     2.0968138918
    7.8853465662     7.7672978760     1.3878408312
    8.5671295765    -3.5637288591     5.3172979541
    7.7093507546    -4.8826848186     4.1652167307
    6.3959911925    -6.3453327338     2.4228893692
    8.2382948980    -6.6555947104     1.7139163087
    7.1290499330    -7.4449103253     0.5618350853
    9.2477351929    -7.1407835239    -0.1471379753
    5.7879182929    -7.7175659116    -0.5902461381
    8.0070121091    -7.7375557723    -1.2992191986
   10.0853508811    -6.9164520501    -2.0081922592
    6.6294220529    -7.8481008049    -2.4513004220
    8.7844458222    -7.3721467024    -3.1602734826
   10.5554400087    -6.1409163080    -3.8692465431
    7.4206087276    -7.3069491748    -4.3123547060
    6.2097698373    -6.6768581297    -5.4644359294
    7.8798080004    -5.9629698149    -6.1734089899
    5.4221720192    -5.4492864533    -6.6165171528
    4.6270508903    -5.0263767743     3.5749705926
    3.7692720683    -6.3453327338     2.4228893692
    2.5128506255    -6.9188782910     1.2708081459
    4.5023308089    -7.4449103253     0.5618350853
    1.1521528945    -6.8747060956     0.1187269225
    3.1611991687    -7.7175659116    -0.5902461381
   -0.0959891751    -6.3003880822    -1.0333543009
    5.3802929850    -7.7375557723    -1.2992191986
    1.8026120612    -7.4734506890    -1.7423273615
    4.0027029287    -7.8481008049    -2.4513004220
    0.6217627061    -6.7586458409    -2.8944085849
    2.6864769598    -7.4540843013    -3.6033816454
   -0.2044157469    -5.6675893305    -4.0464898083
    4.7938896034    -7.3069491748    -4.3123547060
    1.6362009557    -6.5878454120    -4.7554628688
    3.5830507132    -6.6768581297    -5.4644359294
   -1.0340688552    -1.4318562584    -5.6416791945
    5.2530888763    -5.9629698149    -6.1734089899
   -0.1423044300    -2.9730958729    -6.3506522551
    0.1997216678    -0.5867462646    -6.7937604179
    4.2000746684    -4.6396724435    -7.3254902133
    1.2496244582    -1.8251278008    -7.5027334785
    2.9528264080    -3.3893567017    -7.7685983762
   10.4136296874    -2.1858013913     6.0262710147
   12.7256420694    -2.1377630577     5.7604061170
   11.4017185594    -3.5637288591     5.3172979541
   12.9158204279     3.1084629394     5.2286763216
   14.3320364238    -1.9024295140     5.0514330564
   14.7667837537     1.7364760883     4.7855681587
   13.0113802510    -3.9192372832     4.6083248936
   11.9195145267     4.4388688602     4.5197032610
   15.5296399889    -0.7054657055     4.3424599959
   10.5439397375    -4.8826848186     4.1652167307
   14.6992875853    -3.3521110448     3.8993518330
   12.3862434430    -5.1929467952     3.4562436702
   14.3076977802    -4.6645221195     2.7472706096
   11.2769984780    -5.9822624101     2.3041624468
   13.3956837379    -5.6781356087     1.5951893862
    9.9358668378    -6.2549179964     1.1520812234
   12.1549606541    -6.2749078571     0.4431081628
   14.2332994260    -5.4538041349    -0.2658648977
   10.7773705978    -6.3854528898    -0.7089730606
   12.0277565454    -4.5003218998    -4.4310816284
   11.8542659129     5.0645980096     3.9540235608
   12.8643775210     6.4854421059     2.8019423374
   11.2081712416     7.1865256773     2.0929692768
   12.3951775544     7.8645740530     0.9408880534
   10.7563224849     8.2978256575    -2.7812205145
   -6.5819021150     4.1726684533    -3.1903787725
   -4.3548227673    -1.6363548688    -4.1652167307
   -4.1267115473    -0.0796292662    -5.3172979541
   -3.7014060986     4.5913715346    -5.4945412193
   -2.4744666312     0.3012781540    -6.0262710147
   -2.8691347459     2.9386969490    -6.2035142798
   -0.8602169372     1.0255791080    -6.2921359124
   -1.0957133848     2.9352644769    -6.3807575450
    0.3410012977     5.3829362713     6.3807575450
    2.0465718882     6.1338467296     5.9376493821
    0.5627467322     3.4784434412    -6.2921359124
   -0.8816514170     7.6014745819     6.3807575450
    0.4514080560     6.4318645838     6.2035142798
   -2.1785491825     8.5849653525     6.1148926472
   -3.7980904311     7.1865403227     5.8490277495
   -3.8660743646     9.0686212648     5.4059195867
   -5.3097535031     8.2976326895     4.6969465261
   -5.7480187275     9.6591260310     3.5448653028
   -6.8152770332     7.9931033440     2.8358922422
   -5.4873426962    10.9961717585     2.3927840794
   -6.8479724486     9.3554130293     1.6838110188
   -6.3522181266    10.6388771690     0.5317297954
   -6.7012306106     9.8573515846    -1.3293244885
   -7.1883781351     7.7482950193    -2.0382975491
   -5.6632491467    10.7460005100    -2.4814057119
   -6.8346684220     5.6865058862    -2.7472706096
   -6.3815911602     8.8440710971    -3.1903787725
   -6.2610509397     6.9301812411    -3.8993518330
   -5.3692865145     5.3889416267    -4.6083248936
   -5.0272604167     7.7752912350    -5.0514330564
   -3.9773576262     6.5369096988    -5.7604061170
   -2.2741556764     4.9726807979    -6.0262710147
    0.5413122524    10.0543389151     6.3807575450
   -0.8976590620     8.7769516046     6.2921359124
    1.8743717254     8.8847289171     6.2035142798
   -0.7555855131    11.0378296857     6.1148926472
    2.2468828430    10.8052493734     5.9376493821
   -2.3751267617     9.6394046559     5.8490277495
    2.1469559852     7.2144908599     5.7604061170
    0.3307168345    12.3702786815     5.6717844844
    3.5912905847     9.5748003053     5.4945412193
   -2.4431106951    11.5214855980     5.4059195867
    2.3371343437    12.4607168570     5.2286763216
    3.7533503396     7.4498244036     5.0514330564
   -1.0519892078    13.2134369127     4.9628114239
    4.1880976695    11.0887300059     4.7855681587
   -3.8867898337    10.7504970227     4.6969465261
    1.3408284426    13.7911227778     4.5197032610
    3.8433704987    12.7992875092     4.0765950982
   -0.3153778368    14.4922063493     3.8107302005
   -5.4250087792    11.8082773625     1.6838110188
   -4.9292544572    13.0917415022     0.5317297954
   -3.9997595462    14.1146046510    -0.6203514280
   -5.2782669412    12.3102159178    -1.3293244885
   -4.4568229600    13.9099928552    -2.1403427525
   -5.4430950816    11.9054026516    -2.8493158130
   -4.8058354441    13.1284672708    -4.0013970364
   -3.7678539801    14.0171161963    -5.1534782598
   -3.8466724091     7.2910554027    -6.1283162181
   -2.2591166459     6.3061634613    -6.8372892786
   -3.2393951145    12.7362039464    -7.0145325438
    1.9215019584     5.6701833709    -7.1031541763
   -3.4738913479     8.6600573129    -7.2803974415
    4.7830213092     8.4733246529    -7.3690190740
   -0.5361340229     6.1838667326    -7.5462623392
   -3.1318652501    11.0464069213    -7.7235056043
    2.9388636355     7.0035292705    -7.8121272369
   -2.0310054259     7.8628890639    -7.9893705020
   -1.6056999772    12.5338898646    -8.1666137671
    0.8684877505     6.9934807423    -8.2552353997
   -2.0819624597     9.8080253850    -8.4324786649
    2.9142529099     8.6387216305    -8.5211002974
   -0.3787605099     8.2437964841    -8.6983435626
   -0.7734286245    10.8812152791    -8.8755868277
    1.2354891841     8.9680974381    -8.9642084603
    0.9999927366    10.8777828070    -9.0528300928
    4.1403882836    14.0744753337     3.2655768342
    2.2242222750    15.6395046418     2.9997119365
    5.4847960253    12.8440262656     2.8224686714
    4.2306397843    15.7299428173     2.5566037737
    0.8415162328    16.4826628729     2.2907388760
    6.0816031101    14.3579559662     2.1134956108
    3.2343338831    17.0603487381     1.8476307131
    5.7368759393    16.0685134695     1.4045225503
    1.5781276037    17.7614323095     1.1386576526
    4.5589938557    17.5402510620     0.6955494897
    7.0367581050    15.6154670503     0.2524413269
    2.7651339165    18.4394806852    -0.0134235708
    5.9064343191    17.3491584461    -0.4565317337
    7.2507333689     9.2703491286    -0.6337749988
    0.6660470131    18.5580488423    -0.7223966314
    7.9955873199    14.6481654357    -0.8996398965
   -3.5315033386    15.0775033228    -0.9882615291
    4.1250005611    18.5508797888    -1.1655047942
    7.0708619843    16.6279901330    -1.6086129571
    1.9679288277    18.9939003031    -1.8744778548
    8.5124570281    13.3740845984    -2.0517211199
   -3.0357490166    16.3609674624    -2.1403427525
    5.4388717577    18.1366361231    -2.3175860176
    7.9489966066     9.8359848997    -2.4948292827
   -0.2245242415    18.5862836625    -2.5834509153
    7.8951811314    15.5201906278    -2.7606941804
    3.3481144676    18.9261298387    -3.0265590782
    8.5338718873    11.9921471127    -3.2038023433
   -2.1062541057    17.3838306113    -3.2924239759
    6.5193695037    17.2752245737    -3.4696672410
    1.1262788470    18.8727322898    -3.7355321387
    8.2673375401    14.1915561203    -3.9127754038
   -3.3847615006    15.5794418781    -4.0013970364
    4.6078591278    18.3685469060    -4.1786403016
    8.0575535347    10.7013437301    -4.3558835667
   -0.8762560605    17.9982743306    -4.4445051993
    7.2082262871    16.0876475922    -4.6217484644
    2.4767490627    18.6442465795    -4.8876133621
    8.1210244021    12.8319243973    -5.0648566272
   -2.3467800367    16.4680908035    -5.1534782598
    5.5546828635    17.3861152977    -5.3307215249
    7.1325670665     9.7006656087    -5.5079647901
    0.4826190640    18.0903844443    -5.5965864227
    7.3757829199    14.7370113534    -5.7738296878
   -3.0651220502    14.5661613906    -5.8624513204
    3.6141873053    17.8970207538    -6.0396945855
    7.4328852241    11.6562936124    -6.2169378506
   -1.0368479150    16.8461254226    -6.3055594832
    5.9972501682    16.0927214029    -6.4828027483
    5.8558411700     9.1962828484    -6.6600460135
    1.7575138533    17.5711658212    -6.7486676460
    6.9084317393    13.4315980703    -6.9259109112
   -1.8183211711    15.1871785536    -7.0145325438
    4.2910205313    16.6613318498    -7.1917758089
    6.2040952526    10.9242992601    -7.3690190740
    0.3681932417    16.5154044692    -7.4576407066
    5.7047761017    14.6462406722    -7.6348839717
   -1.7107913067    13.4973815285    -7.7235056043
    5.6303495175    12.4570903971    -8.0779921346
   -0.1846260338    14.9848644719    -8.1666137671
    4.3353268533    11.0896962377    -8.5211002974
    0.6476453189    13.3321898863    -8.8755868277
    2.6565631276    11.4190720453    -8.9642084603
   -0.4713302838     2.4237082373     7.4958913671
   -1.7191889523     5.2706723008     7.1987482462
   -0.3292699577     0.3303186167     7.0006528322
    0.0855475014     3.9072672598     6.7035097112
   -1.6419506611    -1.6329738896     6.5054142972
   -2.7120285235     6.5431176203     6.4063665902
   -6.9898207917     6.9543926090     2.7416014317
   -6.9055528242     5.1646995079    11.4167469786
   -9.6485880339     4.3162992794    11.1196038577
   -4.9260539550     5.2385469590    10.9215084437
  -10.6565496322     1.2608844201    10.8224607367
   -8.2659355411     5.9686837495    10.6243653227
   -8.6146920428    -1.5966292123    10.5253176157
   -3.1213175013     3.8751419180    10.4262699088
  -11.0396392823     3.5416377637    10.3272222018
   -5.9188935261     6.5109922785    10.1291267878
  -10.7370624266    -0.3641583273    10.0300790808
   -9.9148914750     5.8188947332     9.8319836668
   -7.2622098590    -2.5777216579     9.7329359598
   -3.4949646051     5.5194268989     9.6338882528
   -3.2361093000    -1.0755691568     9.4357928389
   -7.5319997556     7.1427195775     9.3367451319
   -9.9413701878    -1.9200145395     9.2376974249
   -1.9598253854     3.1896073111     9.1386497179
   -5.4876509241    -2.8210901095     8.9405543039
   -4.6665232870     6.8925665468     8.8415065969
   -1.9851960349     0.2621290106     8.6434111830
   -9.3687250772     6.9789182374     8.5443634760
   -8.4542745875    -3.0307417092     8.4453157690
   -2.3278691822     5.0207324450     8.3462680620
   -3.6859159677    -2.2517339517     8.1481726480
   -6.3964531765     7.6775992714     8.0491249410
  -11.1277223540    -1.5208022366     7.9500772340
   -6.5637571898    -3.4449289020     7.6529341131
   -3.4594836169     6.6001923511     7.5538864061
   -2.2213227205    -0.9541018268     7.3557909921
   -8.3592388910     7.6951841556     7.2567432851
   -9.6781874767    -2.8526071745     7.1576955781
   -5.1634666914     7.6198533293     6.7615047502
  -10.1966857943     6.9222672672     6.4643616292
   -7.1413691402     7.8875284911     5.9691230943
  -10.6936903569    -2.1533740342     5.8700753873
   -9.0427104053     7.3585451377     5.1767414384
   -5.9606254532     7.5220976552     4.6815029034
  -11.2967325413    -1.0735431232     4.5824551964
  -10.5283634648     6.1445995645     4.3843597824
   -7.8025625530     7.2126736533     3.8891212475
  -11.2987879865     0.2016985242     3.2948350056
   -9.2391742051     6.1918167022     3.0967395916
   -9.9413774333     4.7085774266     2.3043579357
   -9.6155464718     3.1565245645     1.5119762798
   -1.0695462337    -3.2970191590     5.3819396155
   -0.1140983363    -4.5381532829     4.3740857549
   -0.9112752879    -5.4730962795     2.7363232315
    2.0372643145     4.2674455852     7.1935569299
    9.6633646884     4.0263820898     6.9415934648
    9.6829730793     5.5475917136     5.9337396042
   11.3451731270     4.2056075402     5.3038309413
   10.8705749207     5.6366691586     4.2959770808
   11.2328195200    -4.9125874380    -4.7999040110
    9.3146335403    -6.1497723193    -5.4298126739
    9.8629280943    -4.7997144111    -6.4376665345
    8.1694522438    -4.7497290053    -7.0675751974
    1.1062134596    -6.2027415820    -5.0518674762
   -0.2047583498    -4.4184511906    -5.6817761391
    2.5547562258    -6.0001258256    -6.0597213368
    1.2413259760    -4.6994109669    -6.6896299996
   12.8187591760    -6.1633263461    -0.3483394906
   11.8439969120    -6.1524590604    -1.9861020140
   13.1262108593    -5.3749846640    -2.9939558746
   11.8059606542     1.0384350912     6.3847542068
   13.1274319985    -0.1277780101     6.1327907417
   13.4749420074     1.7624903554     5.7548455439
   14.7272409653     0.5502978293     5.1249368811
    9.8705123172     7.4793558706     1.4021766835
   10.6006741069     8.3043613614    -0.2355858399
   14.7157072696    -2.7303300981    -6.2921576334
   12.3561126549    -3.4577098006    -6.9220662962
   15.5565125819    -1.4430505229    -7.3000114940
   13.6383266022    -2.6802354042    -7.9299201568
   15.5851828813     0.0322042853    -8.3078653545
   14.6195535747     2.9704123304    -8.6858105523
   14.1866211562    -1.3301774960    -8.9377740174
   14.6265200827     1.1751939631    -9.3157192151
   13.7520094978     9.4578989807     0.0661404096
   15.9604543633     9.8856735733    -0.5637682533
   12.2843748589     9.1933621909    -0.9417134510
   14.4821712875    10.2829044715    -1.5716221139
   12.9607125075     9.9044473195    -2.5794759744
   15.4456153482    10.2876044746    -3.2093846373
   11.8068979333     8.8561288090    -3.5873298350
   13.9712781903     9.8759697051    -4.2172384979
   16.1837915008     9.4697620284    -4.8471471608
   12.9953123292     8.7786423677    -5.2250923585
   14.8965012767     8.7761105727    -5.8550010213
   13.0297613746     7.2576964542    -6.2329462191
   -6.3377714214     3.7846721121    -3.7655939866
   -5.9533048071     0.3965706283    -4.1435391843
   -5.8947070997     2.3975108431    -4.7734478472
   -4.6542944267     3.6218636521    -5.4033565101
   -4.2883586711     1.7350757142    -5.7813017078
   -7.5993096824     6.8680888158     1.0708447269
   -7.6116968947     7.8342757744    -0.5669177966
   -7.3929599413     6.3060287735    -1.5747716572
   -3.4376350102    12.8662564004     4.0578716062
   -2.0763353827    14.3976427149     3.4279629433
   -3.5439700217    14.1331059251     2.4201090827
    5.2616034884     9.3167366904     4.1838533388
    5.6911129691    10.7081546670     3.1759994782
    6.2730652635     8.4691936030     2.5460908153
    6.4768815586     9.9995019602     1.5382369547
   -5.4763065276    11.2735770736    -4.2103095026
   -5.2575695742     9.7453300728    -5.2181633632
   -4.6974892633    11.9898623546    -5.8480720261
   -4.2544249416    10.6027010856    -6.8559258866
    2.4186405740    16.1422624762    -8.0792085099
    5.0890730183    13.5226635726    -8.3311719751
    3.5041058514    14.8937277056    -8.7091171728
    3.6750136475    12.6548711591    -8.9610806379
    2.2278667900    13.9161108685    -9.0870623705
   -1.5422398436    16.1354823607     1.3857990583
   -0.1809402161    17.6668686751     0.7558903954
   -1.6485748551    17.4023318854    -0.2519634651
    7.1569986549    12.5878523767     1.5117807909
    7.2351156230    10.5875791020     0.8818721280
    7.5865081357    13.9792703533     0.5039269303
    8.1684604301    11.7403092893    -0.1259817326
    8.3722767251    13.2706176465    -1.1338355932
  -11.3696045796     2.6768926672    10.1755445399
  -11.3801533403     4.4720935591     9.5456358771
  -12.3170702422     1.5246042558     9.1676906794
  -12.6057492757     3.6817797823     8.5377820165
  -12.2740080750     0.0496993826     8.1598368188
  -11.4864883517     5.7389430838     7.9078733536
  -13.1910088826     2.2836135674     7.5299281559
  -12.6545614220     4.7208233649     6.9000194930
  -13.0039476011     0.7322375285     6.5220742953
  -10.8101507031     6.4500282123     6.2701108302
  -13.2033960950     3.2498005260     5.8921656325
  -12.1030696470    -0.5481794311     5.5142204347
  -11.9639652773     5.4017097019     5.2622569696
  -12.9846591416     1.7215535252     4.8843117719
  -12.4245788307     3.9660858070     4.2544031090
  -12.0401122164     0.5779843232     3.8764579113
  -11.9815145090     2.5789245380     3.2465492484
   -6.3278499324     2.5162008143    12.7474616104
   -7.7626227053     1.2409021348    12.6214798779
   -5.0063785881     1.3499877130    12.4954981453
   -7.6135663092     3.4813195740    12.3695164127
   -7.0278522757    -0.3395979868    12.2435346801
   -4.6588685792     3.2402560785    12.1175529476
   -9.1850813367     2.0948570628    11.9915712150
   -4.7717269857    -0.2672647586    11.8655894824
   -6.5403339471     4.7403851953    11.7396077498
   -8.7207598454    -0.4061033061    11.6136260173
   -3.4065696214     2.0280635524    11.4876442847
   -6.0724043784    -1.5807321107    11.2356808196
   -4.6392601883     4.7614657023    11.1096990870
   -3.3284526533     0.0277902777    10.8577356218
   -8.1593196310    -1.7507475561    10.6057721567
   -2.9770601406     3.4194815290    10.4797904241
   -4.6219537478    -1.7692056056    10.2278269590
   -2.3951078462     1.1805204650     9.8498817612
   -6.9945278372    -4.8162265962     6.8032742108
   -4.6979018721    -4.7623497984     6.5061310899
   -8.7387064818    -4.9185656947     6.3080356759
   -3.2737939249    -2.4196594715     6.2089879689
   -6.0150968661    -6.1601814986     6.0108925549
  -10.2521482706    -3.5503579469     5.8127971409
   -3.1317335988    -4.5130490921     5.7137494339
   -8.2102906813    -6.4078715793     5.5156540200
   -4.4444143022    -6.4763415984     5.2185108990
  -10.3326610650    -5.1754006943     5.0204154850
   -6.8578084974    -7.3889640249     4.7232723641
  -11.4477500642    -2.7647455009     4.5251769501
   -2.8317079385    -5.8868115238     4.4261292431
   -5.0832495625    -7.6323324765     3.9308907081
  -11.4886041433    -4.5827321118     3.7327952942
  -11.9405955737    -1.6009277355     3.2375567592
   -3.2815146062    -7.0629763187     3.1385090522
   -6.1593558282    -8.2561712690     2.6432705173
  -12.1584563483    -3.5388513679     2.4451751033
   -1.8169213589    -5.7653441937     2.3461273963
  -11.8220043533    -0.3713016466     1.9499365684
   -4.2148498185    -7.8714168335     1.8508888614
   -9.7922844328     2.1110249002     1.4546980334
  -12.2879652372    -2.3126045875     1.1575549125
   -2.5675142761    -6.7435594558     1.0585072055
  -11.1759278378     0.6788792723     0.6623163775
   -5.4066123106    -8.1878909732     0.5632686705
  -11.8656853819    -1.1522725625    -0.1300652784
   -3.6739244357    -7.2930144173    -0.2291129854
  -10.1239621032     1.3333571976    -0.6253038133
  -11.7548123939    -3.0385711782    -0.9224469343
   -2.5027185477    -5.8238236816    -1.0214946413
  -10.9273793299    -0.3124681711    -1.4176854692
   -4.9369854176    -7.2477878422    -1.5167331762
   -8.8347728436     1.3805743352    -1.9129240042
  -10.9027884491    -2.0293731809    -2.2100671252
   -3.8300862644    -5.9553496224    -2.3091148321
   -9.5369760718    -0.1026649404    -2.7053056601
   -6.0974338684    -6.4111218651    -2.8043533671
  -10.0470932245    -3.3839161326    -3.0024487811
   -3.6026521720    -4.3794696228    -3.1014964880
   -7.5306505554     0.5114353462    -3.2005441950
   -7.9155320402    -5.4853694537    -3.2995919020
   -9.2111451102    -1.6547178025    -3.4976873160
   -5.3592531667    -4.9922941006    -3.5967350230
   -8.4421595088    -3.8194475034    -3.7948304370
   -4.6297451809    -2.9939511941    -3.8938781440
   -7.5701637347    -1.3097694418    -3.9929258509
   -6.6842967445    -3.9323233284    -4.0919735579
   -6.0049469801    -2.1348633282    -4.1910212649
   -9.4655180895     3.8034902407     1.1224972372
   -8.2260872718     5.9553994165     0.4925885744
   -9.2467811362     2.2752432399     0.1146433766
   -8.6867008252     4.5197755217    -0.5152652862
   -8.2436365035     3.1326142526    -1.5231191468
   -9.3044935801    -7.5597652451     3.4852846316
  -11.2346587813    -6.3413539108     2.8553759688
   -8.0147552791    -8.3246927963     2.4774307711
  -12.1516595889    -4.1074397260     2.2254673059
  -10.3813342235    -7.6203689526     1.8475221082
  -11.9645983074    -5.6588157650     1.2176134453
   -8.9893651230    -8.3450697726     0.8396682476
  -11.0637203533    -6.9392327245     0.2097595847
   -7.4349876237    -8.3218644953    -0.1681856130
  -11.9453098479    -4.6694997683    -0.4201490781
   -9.6897911132    -7.5973593616    -0.7980942759
  -11.0007629227    -5.8130689702    -1.4280029387
   -8.2412483471    -7.3947436052    -1.8059481364
  -10.9421652152    -3.8121287555    -2.0579116016
   -9.5546785969    -6.0940287465    -2.4358567993
   12.0608288234    -4.1014492769    -4.9580319089
   10.8131753017    -3.9335388581    -6.2168080632
   12.8868964078     6.3255747988    -7.0882684778
   13.3192764531     5.0296103287    -8.3470446322
   14.9372448336     2.7486582432     4.6629966213
   16.2703043065     1.5790482451     4.4857533562
   16.6428154242     3.4995687015     4.2198884585
   14.7266494156     5.0645980096     3.9540235608
   13.3439433733     5.9077562407     3.2450505002
   16.8377539939     0.5147896055    -7.5667886732
   17.4284053263    -0.4020864700     4.1289861221
   17.6915716408    -2.0581519087     3.6337475872
   19.1156795880     0.2845384182     3.3366044662
   16.3743766468    -3.4559836089     3.1385090522
   19.2577399141    -1.8088512024     2.8413659313
   17.9450592108    -3.7721437087     2.3461273963
   20.3928730799    -0.6237095154     2.0489842754
   15.5316650155    -4.6847661352     1.8508888614
   19.5577655744    -3.1826136341     1.5537457404
   17.3062239504    -4.9281345868     1.0585072055
   20.8086788396    -1.8449154667     0.7613640845
   19.1079589068    -4.3587784290     0.2661255496
   16.2301176847    -5.5519733793    -0.2291129854
   20.5725521540    -3.0611463041    -0.5262561063
   18.1746236944    -5.1672189438    -1.0214946413
   14.9986261235    -5.6186159814    -1.5167331762
   19.8219592369    -4.0393615661    -1.8138762972
   16.9828612024    -5.4836930835    -2.3091148321
   20.8811737931    -2.3687073699    -2.6062579531
   13.8614764842    -5.1394556901    -2.8043533671
   18.7155490772    -4.5888165276    -3.1014964880
   15.7686986201    -5.2303194308    -3.5967350230
   19.8867549653    -3.1196257920    -3.8938781440
   17.4524880953    -4.5435899525    -4.3891166789
   14.8026466113    -4.3618702584    -4.8843552138
   18.5593872485    -3.2511517328    -5.1814983348
   16.2920396445    -3.7069239754    -5.6767368698
   18.7868213409    -1.6752717332    -5.9738799907
   17.0302203463    -2.2880962109    -6.4691185257
    2.3083960792     5.4194539884    -7.0026077211
    8.8139251063    -4.5949414533    -7.0912293537
    5.1196208543     7.6447701885    -7.4457158840
    5.2362441825    -4.3308363700    -7.5343375165
   10.8922638782    -3.7738377310    -7.8002024143
    8.6922595634     7.9846163647    -7.8888240468
    2.3769548905    -2.1642683393    -7.9774456794
    3.2378909901     6.4423171373    -8.1546889445
    7.4363350500    -4.7054864859    -8.2433105771
    6.4704239427     7.9312188158    -8.5977971074
    4.0553948274    -3.6160315219    -8.6864187399
    1.9593835951     4.6379284041    -8.8636620051
    9.9520042236     7.4270334320    -9.0409052702
    1.8403566345    -0.8963593526    -9.1295269028
    4.4678890352     7.0567608566    -9.3067701679
    6.1201090811    -4.3114699822    -9.3953918005
   12.5523713828     5.1461341182    -9.4840134331
   11.3623530059    -2.9983019889    -9.6612566982
    7.8208941585     7.7027331055    -9.7498783308
    3.2292163744    -2.5249750115    -9.8384999633
   13.4651694979     1.8904109233    -9.9271215959
    2.9973650591     5.5265773295   -10.0157432285
    1.8259457837     0.4670827057   -10.2816081262
   12.4767121623    -1.2408478652   -10.3702297588
    5.8267641597     7.1488709703   -10.4588513913
    5.0698330770    -3.4452310930   -10.5474730239
   12.7199280156     3.7954978795   -10.6360946565
    2.2790230455     3.6246479166   -10.7247162890
    2.9185466301    -1.1994834641   -10.9905811867
   12.7770303199     0.7147801384   -11.0792028193
    4.3072971807     5.9046119486   -11.1678244519
    7.0166828345    -3.5342438107   -11.2564460844
    2.3995632660     1.7107580606   -11.4336893496
   11.1999862658    -1.7452306256   -11.5223109821
    7.1016589491     6.6296523472   -11.6109326147
    4.5061023933    -2.1843754055   -11.6995542473
   12.2525768350     2.4900845963   -11.7881758799
    3.5258239247     4.2456650796   -11.8767975124
    8.6867209976    -2.8203554959   -11.9654191450
    3.2913276913     0.1695184461   -12.1426624101
   11.5482403484    -0.0172142139   -12.2312840427
    5.7123383375     5.5738909952   -12.3199056753
    6.2290850163    -2.3066721342   -12.4085273078
   11.0489211975     3.7047271982   -12.4971489404
    3.6333537891     2.5558680545   -12.5857705730
    9.7040826747    -1.4870095963   -12.6743922055
    8.0081650976     5.3800027788   -12.7630138381
    4.7342136133    -0.6276498029   -12.8516354707
   10.9744946132     1.5155769231   -12.9402571032
    5.1595190620     4.0433509979   -13.0288787358
    7.6337067897    -1.4970581245   -13.1175003684
    9.4540208157     3.9859469953   -13.2061220010
    4.6832565795     1.3174865183   -13.2947436335
    9.6794719490     0.1481827637   -13.3833652661
    6.9816693172     4.0780717763   -13.4719868987
    6.3864585293    -0.2467423827   -13.5606085312
    9.3884770731     2.2680479486   -13.6492301638
    5.9917904147     2.3906764123   -13.7378517964
    8.0007082233     0.4775585713   -13.8264734289
    7.7652117758     2.3872439402   -13.9150950615
    9.6427917356     8.4532684099    -5.2394282108
    7.4209561150     8.3998708609    -5.9484012714
   10.9025363959     7.8956854772    -6.3915094342
    8.7714263307     8.1713851507    -7.1004824948
   11.8493601315     6.9132538689    -7.5435906576
    7.6007472211     8.5393143222    -1.7415454059
    8.8337337061     8.4815683801    -3.0291655968
    9.4210318485    -4.5117058320    -7.8562208433
   10.8058641992    -3.7734588438    -8.8640747039
    8.4462695845    -4.5008385464    -9.4939833667
    9.7284835318    -3.7233641499   -10.5018372273
   10.9189538009     6.4983512925   -10.2454644015
    9.4488080775     6.7485566048   -11.2533182621
   10.8249837896     5.2305246127   -11.8832269250
    8.1615178534     6.0549051491   -12.2611721227
    9.2469831308     4.8063703785   -12.8910807856
    1.2294685450     0.0859512404    -7.4845747322
    1.0300200512     2.6035142379    -8.1144833950
    1.2487570045     1.0752672371    -9.1223372556
   14.9203675432     5.8998891462     3.4178739930
   16.0017102763     7.2152780024     2.9337293182
   14.6389067649     8.0261021878     2.1590978386
   12.9807124894     7.8836702450     1.3844663590
   15.3721781303     9.2201981203     0.9003216842
   14.7905153393     7.9647618649    -6.4586773722
   14.2344887365     6.4739727697    -7.2333088518
   15.8041476280     5.8827262169    -7.7174535266
   18.9529125594     4.9237328561     4.2793822456
   17.5139412449     3.6463455456     4.1907606131
   20.2859720323     3.7541228580     4.1021389805
   17.6560147939     5.9072236266     4.0135173479
   18.2465439101     2.0358464672     3.9248957154
   20.6584831500     5.6746433144     3.8362740828
   18.7423171414     7.2396726225     3.5704091851
   22.0028908916     4.4441942463     3.3931659199
   20.7487346507     7.3301107980     3.1273010222
   17.3596110991     8.0828308536     2.8614361245
   22.5996979764     5.9581239468     2.6841928594
   19.7524287495     8.6605167188     2.4183279617
   23.3625542117     3.5161821530     2.2410846965
   22.2549708057     7.6686814501     1.9752197988
   22.5322018080     0.8695368137     1.7979765337
   18.0962224701     9.3616002902     1.7093549011
   23.8726510043     5.2776038589     1.5321116360
   21.0770887220     9.1404190427     1.2662467383
   23.8876880349     2.2260623071     1.0890034732
   16.1656702366     9.2554383411     1.0003818406
   23.5548529713     7.2156350309     0.8231385754
   22.1406120029    -0.4428742610     0.6458953103
   19.2832287829    10.0396486658     0.5572736777
   24.6057642480     4.1280920894     0.3800304126
   22.4245291854     8.9493264267     0.1141655149
   23.7688282353     0.8705171093    -0.0630777502
   17.1841418795    10.1582168230    -0.1516993828
   24.5136821863     6.2483334164    -0.3289426479
   24.7973004911     2.7751633034    -0.7720508108
   23.5889568506     8.2281581136    -1.0379157085
   23.1192668249    -0.3377944120    -1.2151589736
   18.4860236940    10.5940682838    -1.3037806062
   25.0305518945     4.9742525791    -1.4810238713
   24.4670914730     1.4361528804    -1.9241320342
   16.2935706249    10.1864516432    -2.0127536668
   24.4132759978     7.1203586085    -2.1899969319
   22.0662136488    -1.2321562763    -2.3672401970
   25.0519667537     3.5923150933    -2.6331050947
   23.0374643700     8.8753925544    -2.8989699924
   23.6774010983     0.3028992140    -3.0762132576
   17.6443737133    10.4729002704    -3.1648348901
   24.7854324065     5.7917241009    -3.3420781553
   24.5756484010     2.3015117108    -3.7851863181
   23.7263211534     7.6878155729    -4.0510512158
   22.5363027764    -0.4566205342    -4.2282944810
   18.9948439291    10.2444145602    -4.3169161135
   24.6391192685     4.4320923779    -4.4941593787
   22.0727777298     8.9862832784    -4.7600242764
   23.6506619329     1.3008335894    -4.9372675415
   17.0007139303     9.6905524250    -5.0258891741
   23.8938777862     6.3371793341    -5.2031324392
   21.1970073761    -0.6970957462    -5.3803757044
   20.1322821716     9.4971887345    -5.4689973369
   23.9509800905     3.2564615931    -5.6462406021
   22.5153450346     7.6928893836    -5.9121054998
   18.2756087197     9.1713338019    -6.1779703975
   23.4265266056     5.0317660510    -6.3552136626
   20.8091153977     8.2614998305    -6.6210785603
   22.7221901190     2.5244672408    -6.7983218255
   16.8862881081     8.1155724499    -6.8869434580
   22.2228709681     6.2464086529    -7.0641867232
   19.1821148682     7.9216842335    -7.3300516209
   22.1484443838     4.0572583778    -7.5072948860
   16.3334688325     6.5850324525    -7.5959165186
   20.6279705863     6.5276284500    -7.7731597837
   18.1556190878     6.6197532310    -8.0390246814
   17.5604082999     2.2949390720    -8.1276463140
   20.5624268437     4.8097294033    -8.2162679466
   17.1657401852     4.9323578670    -8.3048895791
   19.1746579939     3.0192400260    -8.3935112117
   18.9391615464     4.9289253949    -8.4821328443
   20.3408392049    10.1993680874    -0.2746401770
   18.8625561291    10.5965989856    -1.2824940376
   21.3510789495    10.2377038680    -1.9124027005
   19.8260001898    10.6012989887    -2.9202565610
   22.0343220659     9.5332512302    -3.5501652239
   20.9591250820    -0.2991806586    -6.1138934818
   21.5074196360     1.0508772496    -7.1217473424
   19.8139437856     1.1008626554    -7.7516560052
   20.5332591918     2.6884562952    -8.1296012030
   20.9603462213     2.7861794643     3.8008688717
   18.9388725336     1.0965937645     3.5489054066
   21.1949978236     1.1689269927     3.1709602089
   22.6382721561     1.4639820290     2.1631063483
