2454
    0.2724316655     0.7006974062     4.0312019140
   -2.4097125049    -3.3150787995    -0.1390069626
   -1.0732151285    -3.7548417064    -1.2510626630
   -2.6996899972    -2.3958637843    -1.9460974757
   -1.2972844532    -2.4042747217    -3.0581531761
   -1.4422955045    -0.8056974225    -3.7531879889
   -0.4226170729     0.6217641652    -4.0312019140
    2.3327476359    -2.1497653178     3.9274361532
    3.2859010469    -3.3851844825     2.9139042427
    2.6749036257     2.7635284622    -3.5473616868
    0.9799767758     1.2799447334    -3.9274361532
    4.3449339257     2.1637124882     6.1765294700
    2.9123200721     0.8902866100     6.0498379811
    3.6461071979    -0.6871174026     5.6697635147
    1.9575930695    -0.7521667213     5.0363060706
    4.5992606090    -1.9225365673     4.6562316042
    0.5517474979     0.5938243546     4.4028486266
    2.5195177832    -2.0892785583     4.0227741601
    5.0430236634     5.4800854128     3.5160082049
    6.9716530499     2.1637124882     6.1765294700
    5.5390391963     0.8902866100     6.0498379811
    8.2909184784     0.9992539363     5.9231464923
    5.6880808846     3.1269403506     5.7964550035
    6.2728263221    -0.6871174026     5.6697635147
    8.5241546900    -0.6141908185     5.2896890483
    7.2259797331    -1.9225365673     4.6562316042
    5.4698378194     5.0574481856     4.1494656489
    6.1988776644     5.8671807262     2.5024762944
    8.6686318137     5.5040271612     1.8690188503
    7.1538492869     5.8483786872     0.8554869398
    5.7031181430     5.4154424200    -0.1580449707
    8.5393392952    -3.3851844825     2.9139042427
    6.4595964695    -3.5519264735     2.2804467986
    6.2728263221    -3.6124132330     2.1851087917
    7.2259797331    -4.8478323976     1.1715768812
    8.6696710893    -5.0310210803     0.1580449707
    6.4317180497    -5.7697794056    -0.4754124734
    7.9751810682    -5.7679117075    -1.4889443839
    5.4674992124    -5.7715563881    -2.1224018279
    7.0056362328    -5.7278349440    -3.1359337384
    4.5992606090    -4.8478323976     1.1715768812
    2.5195177832    -5.0145743887     0.5381194371
    3.8049989255    -5.7697794056    -0.4754124734
    1.4542898376    -5.0643668894    -1.1088699174
    5.3484619440    -5.7679117075    -1.4889443839
    2.8407800882    -5.7715563881    -2.1224018279
    4.3789171086    -5.7278349440    -3.1359337384
    2.1464852478     1.3707435327    -4.6562316042
    2.2933363379    -0.1827031817    -5.6697635147
    4.7501247649    -1.7888726893    -6.1765294700
   10.4207748671    -2.1497653178     3.9274361532
   11.3739282781    -3.3851844825     2.9139042427
   14.1085711308    -1.7804421853     2.5338297763
   12.8176196342    -3.5683731651     1.9003723322
   10.5796665946    -4.3071314904     1.2669148881
   14.1732767597    -2.8943936244     0.8868404217
   10.7959296823     5.9993677504    -3.6181332558
   -1.0463976325     0.4671652496    -4.0541276420
   -0.7659853959     2.0472710675    -4.4342021085
    0.2517874344     5.5274247479     4.4342021085
    1.9173588802     6.2496898228     3.8007446644
    2.3671394906     5.1093510368    -3.8007446644
   -1.2592018756     4.4527059077    -4.3075106196
    0.6569782735     4.5001354007    -4.4342021085
   -0.9708652802     7.7459630585     4.4342021085
   -2.4034791338     6.4725371803     4.3075106196
    0.3484001484     6.5815045066     4.1808191308
   -2.2544374455     8.7091909209     4.0541276420
   -3.8223527359     7.3250368582     3.6740531756
   -3.8312201641     9.1151899042     3.0405957315
   -4.7640517080     6.1760749249     2.6605212651
   -4.3790846323    10.0097921120    -1.2669148881
   -4.4092080496     5.2764319048    -2.6605212651
   -4.3007394922     7.2197096306    -3.2939787091
   -2.9367263023     5.0796884621    -3.6740531756
   -2.4818545902     6.6712442183    -4.3075106196
    0.4520983892    10.1988273917     4.4342021085
   -0.9805154644     8.9254015135     4.3075106196
    1.7713638178     9.0343688398     4.1808191308
    2.1176698350    10.9210924666     3.8007446644
   -2.3993890665     9.7779011914     3.6740531756
    2.1351951261    12.4362542817     2.7872127539
    1.1501881268    13.5152003163     1.7736808434
    3.9782050512     7.4216205474    -1.7852321262
   -3.1894990818    12.6239801693    -2.2919980814
    4.8500500506     8.7073228357    -2.7987640367
   -1.2545268164     6.7827049211    -4.6991363689
    0.1742410329     7.0366082489    -5.7126682794
   -1.0413311358     8.3508041484    -6.3461257235
    1.0493084888     8.4096835797    -6.7262001899
   -0.5864594236     9.9423599046    -6.9795831675
    1.3297207255     9.9897893976    -7.1062746563
    2.3456038298    13.4680533520     1.7621295606
    3.6648692584    12.3035948001     1.5087465830
    4.0111752756    14.1903184269     1.1286721165
    4.0287005667    15.7054802420     0.1151402060
    3.0436935674    16.7844262766    -0.8983917045
    5.2049312536    15.7867599834    -1.5318491486
    4.0425825936    16.8083680250    -2.5453810591
    5.8810867835    15.1057542635    -3.1788385031
    2.5278000668    17.1527195510    -3.5589129696
    6.4230995939    12.6983106945    -3.8122959472
   -1.0626155223    15.7318824055    -3.9389874360
    4.7011381673    16.0850718770    -4.1923704136
    5.5248485391    10.4938988883    -4.4457533913
    1.0770689229    16.7197832838    -4.5724448801
    5.8026943621    14.0627025188    -4.8258278577
   -1.4864299924    14.3024847423    -4.9525193465
    5.5080909810    11.9547488184    -5.4592853018
    0.1471551519    15.6003802269    -5.5859767906
   -0.9842703822    12.9417999241    -5.9660512570
    4.1101050925    10.6747950147    -6.0927427458
   -1.6122778382     1.8961453419     5.7019332163
   -1.2796120205     3.7621040744     5.2786345948
   -1.3990071623     0.3142958338     4.9964355139
   -3.1344390432     5.2207533051     4.8553359734
   -0.0828165953     2.5648278650     4.5731368924
   -2.6818262453    -0.9317446163     4.2909378114
   -4.3738064305     5.8077841303     3.7265396495
   -6.1287373002     3.0214550056     9.7068924948
   -7.5550313358     1.7528305689     9.5657929543
   -4.8191428409     1.8621302741     9.4246934138
   -7.4029302977     3.9726588796     9.2835938733
   -4.4864770232     3.7280890066     9.0013947924
   -8.9419467668     2.5985415730     8.8602952519
   -4.6058721650     0.2802807660     8.7191957114
   -6.3413040458     5.1867382373     8.5780961709
   -3.2896815979     2.5308127972     8.2958970900
   -8.9208052051     4.3387811649     8.1547975495
   -4.5060451666     5.1689870757     7.8725984685
   -9.8011881825     1.4832451916     7.7314989280
   -3.2594222504     0.6077912268     7.5903993875
   -7.5806714332     5.7737690625     7.4492998471
   -2.9575571784     3.8477187756     7.1671007661
   -5.4850011192     6.1115976553     6.7438021447
   -2.4857128546     1.7326851149     6.4616030637
   -3.5127743727     5.1068122576     6.0383044422
   -3.3668834664    -0.3172823454     5.7561053613
   -6.8539890715     6.3156663006     5.6150058208
   -4.6782737118     5.8563597109     4.9095081184
   -6.0392317013     5.8065017382     3.7807117945
   -8.9579332362     0.0528581843     3.6396122540
   -7.0250990991     4.8013911460     2.6519154707
   -0.3694690744    -0.4410279304     4.4975478529
   -1.7957619332    -1.7122981494     4.3161341580
    0.9275609248    -1.6003402186     4.1347204631
   -1.0558668557    -3.2280284420     3.7718930732
    1.0773135071    -3.1003475923     3.2276519885
   -2.5924303228    -3.1854572994     2.8648245987
   -0.1745938880    -4.1494871719     2.3205835140
   -1.9142281605    -4.0521838067     1.4135150395
    3.3230555074     3.3025192531     6.1831834347
    1.8967626486     2.0312490340     6.0017697398
    2.0610634836     4.2282676768     5.6389423500
    0.5952980960     2.8669106365     5.0947012653
    3.1062781272     5.3223984197     4.7318738755
    7.9944581512     3.3025192531     6.1831834347
    9.2914881503     2.1432069648     5.8203560449
    6.7324661275     4.2282676768     5.6389423500
    9.5839339621     3.9680499953     5.2761149602
    7.7776807710     5.3223984197     4.7318738755
   10.6246137570     2.7946972116     4.3690464856
    9.4338146650     5.1732190229     3.8248054009
   10.6193386377     3.8840584314     2.9177369264
    8.4472854752     5.6045127722     2.3734958417
   10.4897428675    -4.1114607821    -2.7363232315
    9.2334411623    -5.3382488511    -3.6433917060
   10.6704514927    -3.0445534431    -4.1876327907
    7.5464856317    -5.4184308595    -4.5504601805
    9.5841064980    -4.2211115043    -5.0947012653
    6.4717871362    -4.3194027732    -5.4575286551
    9.5880598826    -2.2206751685    -5.6389423500
    8.0868789702    -3.8332326245    -6.0017697398
    0.0133763957    -3.3496512895    -2.5549095366
    1.7782964212    -5.5091625439    -3.0991506213
    0.5255197337    -4.2982348342    -4.0062190958
    2.8750829879    -5.4184308595    -4.5504601805
    0.4455117927    -2.6668045682    -4.9132875704
    1.8003844924    -4.3194027732    -5.4575286551
    1.6483084043    -1.7581086519    -5.8203560449
    3.4154763263    -3.8332326245    -6.0017697398
    3.3801051188    -1.9229477854    -6.1831834347
   13.2528180517    -3.7825386742     1.1508431271
   12.0009106566    -4.8316782538     0.2437746525
   10.2612763840    -4.7343748886    -0.6632938220
   13.0450184813    -4.5634611958    -1.2075349067
   11.3580629507    -4.6436432042    -2.1146033812
   13.3956838170    -3.4463238489    -2.6588444660
   11.8984562892    -3.0584449692    -3.5659129405
   11.8060354702     1.0386275187     4.9964355139
   10.3797426114    -0.2326427003     4.8150218190
   13.1030654693    -0.1206847696     4.6336081240
   10.5440434465     1.9643759424     4.4521944291
   11.1196376889    -1.7483729929     4.2707807342
   13.3955112811     1.7041582610     4.0893670393
   13.2528180517    -1.6206921433     3.7265396495
   11.5892580900     3.0585066853     3.5451259546
   14.4361910761     0.5308054772     3.1822985648
   13.2453919840     2.9093272885     2.6380574801
   11.3770676708     4.5743048434     2.0295657118
   10.1150756470     5.5000532671     1.4853246270
   11.1602902906     6.5941840100     0.5782561525
    8.7752657569     5.7351202092     0.0340150678
   10.0785026413     6.8711075378    -0.8730534067
   11.8298949948     6.8762983625    -1.7801218813
   13.5571342242    -1.8687119360    -6.1434991889
   14.9941445546     0.4249834720    -6.6877402737
   11.8701786936    -1.9488939444    -7.0505676635
   14.0051322148     2.7591186934    -7.2319813584
   13.9077995599    -0.7515745892    -7.5948087482
   13.9117529445     1.2488617466    -8.1390498329
   12.4105720321    -0.3636957095    -8.5018772227
   12.3752008245     1.5465891296    -8.6832909176
   13.9965728276     7.4785963772     0.1492883531
   15.0417874712     8.5727271200    -0.7577801214
   12.6567629375     7.7136633192    -1.3020212061
   16.6979213652     8.4235477233    -1.6648485960
   13.9599998219     8.8496506479    -2.2090896807
   11.9962992297     6.8564967263    -2.7533307654
   15.7113921754     8.8548414726    -3.1161581552
   13.1567557893     8.1137602225    -3.6603992399
   12.3810211367     5.7840500528    -4.2046403246
   14.7247770093     8.1466333801    -4.5674677144
   13.5838177483     6.6927459691    -5.1117087992
   15.3156144628     6.5279068356    -5.4745361890
   -5.3118438451     0.6622958859    -2.4679821411
   -4.6161171335     4.6234363216    -2.8308095309
   -5.3918517861     2.2937261519    -3.3750506156
   -3.0480959135     4.6563094791    -3.7378780055
   -4.0369790864     0.6411279468    -3.9192917004
   -4.1890551745     3.2024220682    -4.2821190902
   -2.4218872524     1.1272980955    -4.4635327851
   -2.4572584600     3.0375829346    -4.6449464800
    3.8807409285     6.1128889924     2.1769643389
    4.9161456041     6.0288974285    -0.1814136949
    3.9782461193     6.6349466960    -1.6327232542
   -5.7371736918     7.3928043792     1.9955506440
   -5.6112181943     8.9892283615     1.0884821694
   -6.3190953921     6.3767683739     0.5442410847
   -6.2716819021     8.1320617686    -0.3628273898
   -5.8069520541     5.4281848291    -0.9070684745
   -5.1112253425     9.3893252648    -1.2698958643
   -5.8869599951     7.0596150951    -1.8141369491
   -0.6585971506    11.6381005888     4.0553519715
   -2.0848900094    10.3668303698     3.8739382766
   -1.9205891743    12.5638490125     3.5111108868
   -3.3863545620    11.2024919722     2.9668698021
   -0.8753745308    13.6579797554     2.6040424123
   -3.2603990645    12.7989159546     2.0598013276
   -1.9571621800    13.9349032832     1.1527328530
   -3.9208627723    11.9417493616     0.6084917683
   -2.7604062127    13.1990128578    -0.2985767062
    2.2515808718     9.9505752810     4.0553519715
    3.5486108709     8.7912629927     3.6925245817
    3.8410566827    10.6161060232     3.1482834970
    3.6983634533     7.2912556190     2.7854561072
    4.8817364777     9.4427532395     2.2412150225
    3.6909373857    11.8212750508     1.6969739378
    4.7468655882     7.7371211664     1.3341465480
    4.8764613584    10.5321144593     0.7899054632
    4.9275742133     8.8040285054    -0.1171630113
    4.5314368255     7.3667348726    -3.2805643162
    3.2751351203     6.1399468036    -4.1876327907
    4.7121454506     8.4336422117    -4.7318738755
    1.5881795896     6.0597647953    -5.0947012653
    3.6258004560     7.2570841505    -5.6389423500
    0.5134810941     7.1587928815    -6.0017697398
    3.6297538405     9.2575204863    -6.1831834347
    2.1285729281     7.6449630302    -6.5460108245
   -3.4758278272    12.4285296608    -2.5549095366
   -4.1837050250     9.8160696731    -3.0991506213
   -4.1362915350    11.5713630679    -4.0062190958
   -3.6715616870     8.8674861284    -4.5504601805
   -2.9758349754    12.8286265641    -4.9132875704
   -3.7515696280    10.4989163944    -5.4575286551
   -1.4078137554    12.8614997216    -5.8203560449
   -2.3966969283     8.8463181893    -6.0017697398
   -2.5487730164    11.4076123107    -6.3645971296
    3.1447143512    16.3665022773    -5.3403656438
    0.5900779651    15.6254210272    -5.8846067285
    4.3788680289    15.2520972041    -6.2474341183
    4.2815353740    11.7414039214    -6.6102615081
    2.1580991851    15.6582941848    -6.7916752030
    1.1692160122    11.6431126525    -6.9730888979
    4.2854887586    13.7418402572    -7.1545025928
    1.0171399241    14.2044067738    -7.3359162877
    2.7843078461    12.1292828012    -7.5173299827
    2.7489366386    14.0395676403    -7.6987436776
    1.2367980160    14.9073265491     1.3832794237
   -0.0251940078    15.8330749728     0.8390383389
   -1.4909593955    14.4717179325     0.2947972542
    1.0200206357    16.9272057156    -0.0680301356
   -1.3650038979    16.0681419148    -0.6122712203
   -0.0617670135    17.2041292435    -1.5193396948
   -2.0254676057    15.2109753219    -2.0635807796
   -0.8650110461    16.4682388181    -2.9706492541
    4.1469760384    13.2216909672     1.3832794237
    5.4440060375    12.0623786789     1.0204520338
    5.7364518493    13.8872217095     0.4762109491
    5.5937586199    10.5623713052     0.1133835593
    6.7771316443    12.7138689257    -0.4308575254
    5.5863325522    15.0923907370    -0.9750986101
    6.6422607547    11.0082368527    -1.3379259999
    6.7718565249    13.8032301456    -1.8821670846
    6.8229693799    12.0751441917    -2.7892355592
   -7.9392611221     0.0035730483     9.1254867989
   -5.2159382642     0.1155309790     8.9440731040
   -7.1993660446    -1.5121572443     8.5812457142
   -9.2407256747     0.8392346507     8.2184183244
   -5.0661856818    -1.3844763947     8.0370046295
   -8.7359295117    -1.4695861018     7.6741772397
   -6.3180930769    -2.4336159743     7.1299361550
   -9.8226473750    -0.1768013546     6.7671087652
   -4.0176835470    -0.9386108473     6.5856950703
   -8.0577273494    -2.3363126090     6.2228676805
   -5.2739852522    -2.1653989163     5.6786265957
   -9.3105040370    -1.1253848993     5.3157992059
   -8.9484801260     4.8084135553     7.7762224431
  -10.4142455136     3.4470565150     7.2319813584
   -7.9032654824     5.9025442982     6.8691539686
  -10.2882900161     5.0434804973     6.3249128838
  -10.9961672139     2.4310205097     5.7806717991
   -8.9850531317     6.1794678260     5.4178444093
  -10.9487537239     4.1863139044     4.8736033246
   -7.2336607782     6.1846586507     4.5107759348
  -10.4840238759     1.4824369650     4.3293622399
   -9.7882971643     5.4435774006     3.9665348501
  -10.5640318169     3.1138672309     3.4222937654
   -8.2202759443     5.4764505582     3.0594663755
   -9.2091591172     1.4612690259     2.8780526806
   -9.3612352053     4.0225631473     2.5152252908
   -7.6294384908     3.8577240137     2.1523979010
   -7.7175477709    -3.2095898772     5.3139094799
   -4.9816592759    -3.1002901720     5.1728099395
   -6.9848253089    -4.7672927641     4.8906108585
   -9.1044632018    -2.3638788731     4.6084117775
   -4.7683886000    -4.6821396800     4.4673122371
   -8.6329205078    -4.8077750563     4.1851131561
   -3.4521980330    -2.4316076488     4.0440136156
   -9.0833216401    -0.6236392812     3.9029140751
   -6.0512076830    -5.9281801301     3.7618145346
   -9.9637046175    -3.4791752544     3.4796154537
   -3.4219386854    -4.3546292193     3.3385159132
  -10.1793174029    -1.4230264165     2.7741177513
   -4.6971726866    -6.0186435940     2.6330182108
   -9.0654484804     0.4568977517     2.0686200489
   -3.5293999014    -5.2797027915     1.5042218869
   -9.9759417189    -0.5894449887     0.9398237250
   -5.4379420086    -6.4356851702     0.7987241845
   -2.9589106465    -4.0210253913     0.3754255631
   -8.2679659770     0.7735068517     0.2343260226
  -10.1442822579    -1.9479993694    -0.1889725989
   -4.4307503477    -5.5139599147    -0.3300721393
   -3.2356070128    -2.6924797464    -0.7533707608
   -8.9082398671    -0.4224345556    -0.8944703013
   -4.2924342571    -4.1351709049    -1.4588684632
   -7.1876155341    -0.1610293001    -1.5999680037
   -4.5143655102    -1.9282297523    -1.8821670846
   -8.3358896249    -1.8751578474    -2.0232666251
   -5.8885790332    -4.1425262525    -2.1643661656
   -6.1583732070    -1.4177797714    -2.3054657061
   -7.2177424073    -3.0056902019    -2.4465652466
   -6.8111941971     4.9660017318     2.0182273558
   -7.5190713949     2.3535417441     1.4739862711
   -7.4716579049     4.1088351389     0.5669177966
   -7.0069280569     1.4049581994     0.0226767119
   -6.3112013453     5.3660986351    -0.3401506779
   -7.0869359979     3.0363884654    -0.8843917627
   -5.8841393863     3.9450843817    -1.7914602372
   -8.1593468468    -6.0796249588     3.5130006128
  -10.2007064769    -3.7282330637     3.1501732230
   -9.6959103139    -6.0370538162     2.6059321383
   -7.2780738791    -7.0010836887     2.0616910536
  -10.7826281772    -4.7442690690     1.6988636638
   -9.0177081517    -6.9037803235     1.1546225790
  -10.7352146872    -2.9889756743     0.7917951892
   -6.2339660544    -6.7328666307     0.6103814943
  -10.2704848392    -5.6928526138     0.2475541045
   -7.9209215850    -6.8130486391    -0.2966869802
  -10.3504927802    -4.0614223478    -0.6595143700
   -8.9956200805    -5.7140205528    -1.2037554547
   -9.1476961686    -3.1527264315    -1.5665828445
   -7.3805282465    -5.2278504041    -1.7479965395
   12.0280768400    -2.3003930257    -4.8362572144
   12.6439731684     5.2278445206    -4.9752641769
    9.8002682099    -2.1599129720    -5.5312920271
   12.8906762639     4.1417083270    -6.7823546901
   14.9368480918     2.7476378187     2.7164411848
   16.2561135204     1.5831792668     2.4630582072
   13.6532759265     3.7108656811     2.3363667184
   16.6024195376     3.4699028936     2.0829837408
   15.3420389310     1.7203484715    -6.1519630321
   16.0982197778     0.7632324493     2.5826255178
   14.6719257421    -0.5053919875     2.4415259773
   17.4078142371    -0.3960922823     2.3004264368
   15.4046482040    -2.0630948744     2.0182273558
   17.7404800547     1.4698664502     1.8771278153
   17.6210849129    -1.9779417903     1.5949287344
   18.9372754800     0.2725902408     1.1716301129
   16.3382658299    -3.2239822405     0.8894310320
   18.9675348275    -1.6504313296     0.4661324105
   14.3404271027    -3.3348480798     0.1839333296
   17.6923008263    -3.3144457043    -0.2393652919
   19.7412442233    -0.5255374415    -0.6626639133
   15.5786986228    -3.9270630690    -0.9448629943
   18.8600736116    -2.5755049018    -1.3681616157
   16.9515315043    -3.7314872805    -2.0736593182
   19.4305628664    -1.3168275016    -2.4969579396
   14.7915876133    -3.5564248933    -2.7791570206
   17.9587231652    -2.8097620250    -3.2024556420
   13.2690238418    -2.2053643721    -3.4846547230
   19.1538665001     0.0117181433    -3.6257542635
   16.0499676765    -3.0455162885    -3.9079533444
   18.0970392558    -1.4309730152    -4.3312519659
   14.6988034719    -2.0256413434    -4.6134510468
   16.5008944798    -1.4383283628    -5.0367496683
    4.8183671019     5.0059959240    -6.1407311396
    7.2386310468    -2.6271650865    -6.2674226284
    7.0057906615     6.0844992149    -6.7741885837
    4.8879219589    -1.9217525704    -6.9008800725
    5.4994971025     5.6971437064    -7.7877204942
   11.3140490007     4.0187318884    -8.0411034718
    4.2286230805    -1.2285633222    -8.5478694271
    4.3703466949     4.6448600304    -8.8012524047
    5.5995093443    -1.8533428468    -9.5614013376
    4.3402232776    -0.0885001768   -10.1948587816
   10.9410531982     0.8677264433   -10.3215502704
    5.5801173691     4.5133578518   -10.4482417593
    4.4486918351     1.8547775489   -10.8283162257
    5.8127050249    -0.2852436195   -11.2083906921
    9.8939181032     1.9629572658   -11.3350821809
    5.7269684592     2.9599111373   -11.4617736698
    7.9033446495    -0.2263641882   -11.5884651586
    6.2675767370     1.3063121367   -11.8418481362
    8.1837568861     1.3537416297   -11.9685396250
   10.4260769831     6.1899976951    -4.7582501917
    8.9112944563     6.5343492211    -5.7717821022
   11.0846325567     5.4667015471    -6.4052395463
    9.6244526878     5.6761651127    -7.4187714568
    7.0889785552     5.8972752090    -0.4547940546
    5.8496111678     6.4843060343    -1.5835903784
    7.9452814818     6.8221346271    -2.2890880809
    4.5273505556     6.1298551695    -2.7123867023
    6.5762935295     7.0262032723    -3.4178844047
    3.6168573171     5.0835124290    -3.8411830262
    5.3248330590     6.4464642695    -4.5466807286
    3.4485167781     3.7249580484    -4.9699793500
    7.3910508997     6.5170387099    -5.2521784310
    4.6845591689     5.2505228622    -5.6754770524
    9.8550907242    -2.1309181602    -6.3570382257
    8.6031833291    -3.1800577398    -7.2641067002
   10.9035928590    -1.6850526128    -7.8083477849
    6.8635490565    -3.0827543745    -8.1711751747
    9.6472911538    -2.9118406817    -8.7154162594
   11.0843014842    -0.6181452737    -9.2596573441
    7.9603356232    -2.9920226901    -9.6224847340
    9.9979564895    -1.7947033349   -10.1667258187
    6.8856371277    -1.8929946039   -10.5295532085
    8.5007289617    -1.4068244552   -11.0737942932
    9.9629379418     5.7023422997    -8.0710196973
    7.2250163986     6.1284452243    -8.6152607820
   11.1484619145     4.4131817082    -8.9780881718
    8.9764087520     6.1336360490    -9.5223292566
    6.4217723659     5.3925547989   -10.0665703413
   10.2105624297     5.0192309758   -10.4293977311
    7.9897935859     5.4254279565   -10.9736388158
   10.1171831594     3.5089740290   -11.3364662056
    6.8488343249     3.9715405456   -11.5178799005
    8.5806310394     3.8067014120   -11.8807072903
    2.9933603755     2.0165339416    -5.5520149545
    3.4981565385    -0.2922868109    -6.0962560392
    3.1193158730     3.6129579240    -6.4590834290
    2.4114386752     1.0004979363    -7.0033245138
    2.4588521652     2.7557913311    -7.9103929883
    2.9235820132     0.0519143916    -8.4546340730
    3.6193087248     4.0130548272    -8.8174614628
    2.8435740722     1.6833446576    -9.3617025475
    4.0463706838     2.5920405739   -10.2687710221
   16.2122703794     4.9223452647     1.9298266147
   14.9339871258     5.8774687518     1.5128057270
   15.9993489824     7.1010277658     0.8177709143
   13.4029298512     6.2512406784     0.4007500266
   13.7503864634     5.1661438375    -5.4375424006
   16.5487775710     6.0608525007    -5.7155563257
   15.5172216410     4.8434120237    -6.1325772133
   18.9525158176     4.9227124316     2.3328268091
   17.5199019640     3.6492865533     2.2061353203
   17.6689436523     5.8859402940     1.9527523427
   20.6180872634     5.6449775065     1.6993693651
   18.7402802594     7.1411189249     1.3192948986
   20.6356125545     7.1601393216     0.6858374546
   17.4507005871     7.8164481290     0.3057629881
   22.2898913433     5.8208777175     0.0523800105
   22.8655113889     3.5910648477    -0.5810774336
   22.0061909824     1.3272542342    -1.2145348776
   23.0592176961     5.1121892974    -1.5946093441
   19.9560438359    -0.0836159338    -1.8479923217
   22.8780359819     2.6129565225    -2.2280667881
   22.4879987713     6.5604133431    -2.6081412546
   21.3211870227     0.6616012528    -2.8615242322
   23.0300115817     4.1529697741    -3.2415986986
   17.6839809107     8.1744423633    -4.0017476315
   22.4096063499     5.5173615984    -4.2551306091
   16.7540671397     7.0550393064    -5.0152795420
   21.1537630578     6.2406661212    -5.2686625197
   18.5958450797     6.9851763207    -5.6487369861
   16.9866547955     2.2564378352    -5.7754284749
   16.9009182298     5.5015925920    -6.0288114525
   19.5268309295     5.6469429874    -6.2821944302
   17.4415265076     3.8479935913    -6.4088859190
   21.2284255038     7.5320732098     0.0755890395
   19.4221723127     8.8864216342    -0.4686520452
   21.0783062068     8.7372422374    -1.3757205197
   18.3403846635     9.1633451620    -1.9199616044
   22.2638301795     7.4480816459    -2.2827889942
   20.0917770170     9.1685359867    -2.8270300789
   17.5371406309     8.4274547366    -3.3712711637
   21.3259306947     8.0541309135    -3.7340985535
   19.1051618509     8.4603278942    -4.2783396382
   20.8779327041     0.5123428096    -4.3274725139
   22.3149430344     2.8060382176    -4.8717135986
   19.1909771734     0.4321608012    -5.2345409884
   21.2285980398     1.6294801564    -5.7787820731
   18.1162786779     1.5311888875    -6.1416094629
   21.2325514243     3.6299164922    -6.3230231579
   19.7313705119     2.0173590362    -6.6858505477
   19.6959993044     3.9276438753    -6.8672642426
   19.6389496929     3.9525849931     2.6645136439
   18.2126568341     2.6813147741     2.4830999490
   20.9359796921     2.7932727049     2.3016862541
   18.9525519116     1.1655844815     1.9388588643
   21.2284255038     4.6181157354     1.7574451694
   21.0857322744     1.2932653311     1.3946177796
   22.2691052988     3.4447629516     0.8503766949
   19.8338248793     0.2441257515     0.4875493051
   22.1342344093     1.7391308786    -0.0566917797
   -1.2879335418    -4.5060738050     0.0000000000
   -2.0947292904    -3.8821899618    -1.5824614512
   -3.6167160171    -2.0203756885    -2.1911004709
   -0.5662142749    -3.8869381330    -2.5562838828
   -2.2561665056    -2.6184823209    -3.1649229025
   -0.7767206119    -2.0569312327    -4.1387453340
    0.1392106782     0.7398620244    -4.6256565498
    3.2982826110    -3.4647323870     3.7583195575
    4.8190960343    -3.7304474461     2.8740090734
    2.4748739875    -4.5772187211     2.3213150208
    2.2748439576     2.9226300904    -4.2004747996
    4.3447730845     2.1632988026     6.8271126452
    2.9110225548     0.8896464173     6.7165738347
    3.6433223516    -0.7011625254     6.3849574032
    1.9223744755    -0.7890514836     5.8322633506
    4.6116421731    -2.0020844718     5.5006469190
    0.4516296968     0.5691170866     5.2795692980
    2.4628589784    -2.2188783147     4.9479528665
    5.0902164921     5.6754096538     4.5057976244
    3.7882335496    -3.1145708060     4.0636423823
    3.5325075400     6.2163286561     3.6214871403
    4.6005408302     6.5563386631     2.1844826036
    6.9714922086     2.1632988026     6.8271126452
    5.5377416789     0.8896464173     6.7165738347
    8.2954933484     0.9979221646     6.6060350242
    5.6833512360     3.1347262418     6.4954962137
    6.2700414758    -0.7011625254     6.3849574032
    8.5468341580    -0.6399988375     6.0533409716
    7.2383612972    -2.0020844718     5.5006469190
   10.0618314280    -0.3730431015     5.1690304875
    5.4283969051     5.1786382803     5.0584916770
    8.7591747205    -2.2677995309     4.6163364349
    6.4149526737    -3.1145708060     4.0636423823
    6.1592266641     6.2163286561     3.6214871403
    7.2272599544     6.5563386631     2.1844826036
    5.4478778960     6.4284467101     1.3001721194
    8.2840941998     6.2499397100     0.7474780668
    8.5517208593    -3.4647323870     3.7583195575
    6.4029376646    -3.6815262299     3.2056255050
    7.7283122358    -4.5772187211     2.3213150208
    9.4149151497    -4.7316211334     1.4370045367
    7.2383612972    -4.9273803022     2.0159921961
    8.7591747205    -5.1930953612     1.1316817119
    6.4149526737    -6.0398666363     0.5789876593
    8.1015555876    -6.1942690485    -0.3053228248
    9.7439485537    -5.5667262082    -1.1896333089
    7.0675662257    -6.5894772567    -1.7423273615
    8.7725232160    -6.0820618088    -2.6266378456
    5.9876862754    -6.3462020600    -3.1793318982
    4.6116421731    -4.9273803022     2.0159921961
    2.4628589784    -5.1441741451     1.4632981435
    3.7882335496    -6.0398666363     0.5789876593
    1.2346950299    -5.3664668660     0.0262936068
    2.6808494791    -6.3311032164    -0.8580168774
    0.2359153482    -4.8673342409    -1.4107109299
    4.4408471015    -6.5894772567    -1.7423273615
    1.6457110609    -5.9599881088    -2.2950214141
    3.3609671512    -6.3462020600    -3.1793318982
    5.0081528159    -5.9521857154    -4.0636423823
    2.4624979756     2.5612482274    -4.5057976244
    0.1211820628    -0.3541365816    -4.8374140559
    1.6554748416     1.2341142822    -5.3901081085
    1.9326740268    -0.3215706474    -6.2744185926
    4.8064331139    -3.5428605099    -6.3849574032
   10.4179900208    -2.1638104406     4.6426300417
   11.3863098422    -3.4647323870     3.7583195575
   14.2097799730    -1.8356910167     3.4267031260
   12.9071232655    -3.7304474461     2.8740090734
   10.5629012187    -4.5772187211     2.3213150208
   14.4222867036    -3.1110739351     1.9896985893
   12.2495041326    -4.7316211334     1.4370045367
   11.8531044578     5.0084014774     2.4827138760
   11.6463694930     6.8285962971    -3.5969207024
   -0.7096770468     0.2932832469    -4.6426300417
   -0.2124058809     1.9724668200    -4.9742464732
   -1.8135642109     3.0279870626    -5.0847852837
    0.2516265931     5.5270110624     5.0847852837
    1.9337198013     6.2617049061     4.5320912312
    3.7312491465     6.4885350816     3.0950866944
   -1.5343321527     4.1381080368    -4.8637076627
    1.2105577885     4.4253311532    -4.9742464732
   -0.3906005415     5.4808513958    -5.0847852837
   -0.9710261215     7.7455493730     5.0847852837
   -2.4047766512     6.4718969876     4.9742464732
    0.3529750183     6.5801727350     4.8637076627
   -2.2591670941     8.7169768121     4.7531688522
   -3.8491866674     7.3279517350     4.4215524206
   -3.8859403243     9.1589674501     3.8688583681
   -5.2097031686     8.3795858031     2.9845478839
   -4.9774107010    10.5755363803     0.1105388105
   -5.0101795879     9.7549356391    -2.2107762103
   -5.5202679863     5.7544947990    -2.5423926419
   -5.1946171431     8.1534098191    -3.0950866944
   -4.4872844619     6.7958373180    -3.9793971786
   -2.7569848673     6.3566463474    -4.8637076627
    0.4519375479    10.1984137062     5.0847852837
   -0.9818129817     8.9247613209     4.9742464732
    1.7759386877     9.0330370682     4.8637076627
   -0.8362034247    11.1698411453     4.7531688522
    2.1340307560    10.9331075499     4.5320912312
   -2.4262229979     9.7808160682     4.4215524206
    2.0272794973     7.3951160660     4.3110136101
    0.2407382578    12.4595910505     4.2004747996
    2.1859022586    12.5124442258     3.6477807470
    1.1973809556    13.7105245573     2.7634702629
   -4.4863275536    11.5105393022    -0.7737716736
    5.3393795024     8.5198139472    -1.5666844427
   -4.3525733241    11.2829557229    -2.0088396848
   -3.0820155345    13.8466520666    -2.5615337374
   -0.8534743166     6.3292968227    -5.5460816213
   -2.4137103623     8.0182846575    -6.0987756739
   -1.7649291978    13.0127763691    -6.3198532949
    0.6137071502     6.8097721129    -6.4303921054
   -0.8761080429     7.9707325742    -6.9830861580
   -1.4877300125    11.4570914395    -7.2041637790
    1.3860290745     8.2358015770    -7.3147025896
   -0.8615897008     9.6277620337    -7.5357802106
    1.8833002404     9.9149851501    -7.6463190211
    0.2821419105    10.9705053927    -7.7568578316
    1.0573020159    14.4390671056     2.0810963043
    4.0275361966    14.2023335102     1.8600186833
    2.1342436984    15.7288170108     1.5284022517
    4.0794076992    15.7816701860     0.9757081991
    3.0908863962    16.9797505176     0.0913977150
    5.4134896489    15.9878514185    -0.4612963376
    4.2485668439    17.2310326581    -1.3456068217
    6.4030747537    15.4263396246    -1.8983008743
    2.6012107343    17.8606795269    -2.2299173058
    5.2637035153    16.7953311338    -2.7826113584
    6.3569437365     9.9459480513    -3.0036889794
    0.8218286759    17.7327875739    -3.1142277899
    6.8878356427    14.4396887856    -3.3353054110
   -2.5928221130    14.7797652625    -3.4458442215
    3.6580449797    17.5542805738    -3.6669218425
    6.9331737263    11.6177798504    -3.8879994636
   -0.7185489073    16.8740243747    -3.9985382741
    5.8703981055    15.8662246171    -4.2196158951
    5.4398111915     9.3091104542    -4.4406935161
    1.9275087336    17.5490118304    -4.5512323267
    6.7318211857    13.3190976958    -4.7723099477
   -1.6937104779    15.4770259326    -4.8828487582
    4.3861972720    16.6599957901    -5.1039263792
    6.0399445318    10.8576168071    -5.3250040003
    0.4631678796    16.7908849216    -5.4355428108
    5.8076510861    14.6551723153    -5.6566204318
   -1.8781480331    13.8755001126    -5.7671592423
    5.7843264429    12.4004427134    -6.2093144844
   -0.3438552543    15.4637509763    -6.3198532949
    4.5229306981    10.8459032819    -6.7620085370
   -0.0666560691    13.9080660467    -7.2041637790
    0.5594842427    12.0787366409    -7.5357802106
   -1.5991522439     1.8923244039     6.3186308218
   -1.2504063349     3.7835520567     5.9459972863
   -1.3625111660     0.2727653462     5.6975749293
    0.0065135332     2.5708105312     5.3249413938
   -2.6639710675    -1.0464588777     5.0765190368
   -6.1276371636     3.0242845697    10.2898133763
   -7.5621179519     1.7493340456    10.1656021978
   -4.8060172466     1.8583093361    10.0413910193
   -7.4134941239     3.9900489242     9.9171798408
   -4.4572713376     3.7495369889     9.6687574838
   -8.9870584206     2.6034418954     9.5445463053
   -4.5693761687     0.2387502784     9.4203351268
   -6.3399412076     5.2526786062     9.2961239484
   -3.2003514694     2.5367954634     9.0477015914
   -9.0007943925     4.4027745872     8.9234904129
   -4.4337352609     5.2776362419     8.6750680559
   -9.9426414751     1.4483370697     8.5508568774
   -3.1175243201     0.5303306546     8.4266456989
   -7.6384028383     5.9425991803     8.3024345204
   -2.7615085679     3.9345695066     8.0540121634
   -5.4204269753     6.3788606266     7.6813786279
   -2.1692709277     1.6850111055     7.4329562709
   -3.2281001471     5.3812943684     7.0603227355
   -3.0262359751    -0.6137026535     6.8119003785
   -6.9083265117     6.7941360654     6.6876892000
   -1.9468988659     3.2281292901     6.4392668430
   -4.3917187088     6.4443496424     6.0666333075
  -10.6722592038     0.6375760668     5.9424221290
   -3.6824815622    -1.3410554633     5.1971550581
   -5.9317548980     6.8429897261     5.0729438796
   -9.8102900843     0.4176919216     3.3339873806
   -8.5035056141     1.6879554305     1.7192420602
   -0.3698470903    -0.4420001916     4.9629134181
   -1.7983133676    -1.7135570224     4.8051623790
    0.9370072515    -1.6030901001     4.6474113400
   -1.0617874257    -3.2578883065     4.3319092619
    1.1269878357    -3.1568743158     3.8586561447
   -0.1460307126    -4.3329971656     3.0699009495
   -2.0537359224    -4.3712899369     2.2811457542
   -0.8659635436    -4.7431321213     1.0191374419
    3.3226774915     3.3015469918     6.6485489999
    1.8942112141     2.0299901610     6.4907979608
    2.0511280013     4.2446233493     6.1752958827
    0.5370889870     2.8732336900     5.7020427656
    3.1082143345     5.4160810158     5.3865406875
    7.9940801353     3.3015469918     6.6485489999
    9.3009344770     2.1404570833     6.3330469218
    6.7225306451     4.2446233493     6.1752958827
    9.6190791054     3.9938597785     5.8597938047
    7.7796169783     5.4160810158     5.3865406875
   10.7602703442     2.8037824786     5.0710386094
    9.5521675850     5.3510500675     4.5977854923
   10.9746346255     4.0414567225     3.8090302970
    8.5717243948     6.1195473265     3.3357771799
   10.3029091076     5.0893273320     2.5470219846
    9.4650169614    -5.7575891684    -2.7047730237
   10.3791095271    -4.9128971445    -3.9667813361
    8.6388013023    -5.6952862975    -4.7555365313
   10.4644422135    -3.6513768297    -5.2287896485
    6.9847449988    -5.1776581229    -5.5442917266
    9.0059047722    -4.3315764827    -6.0175448437
    0.0400896744    -4.6247340366    -3.0202751018
    2.8265610381    -6.2001108585    -3.4935282189
   -0.5069730925    -2.6911392700    -3.8090302970
    1.0333036894    -5.3746877096    -4.2822834142
    3.9673986585    -5.6952862975    -4.7555365313
    0.2167840435    -3.7177673367    -5.0710386094
    2.3133423550    -5.1776581229    -5.5442917266
    0.7383664303    -2.1536211680    -5.8597938047
    4.3345021284    -4.3315764827    -6.0175448437
    1.8195967663    -3.6922109495    -6.3330469218
    2.5032957085    -2.0833126300    -6.6485489999
   12.0294738320    -5.0151882475     0.9930920880
   13.2765942804    -4.9828015131    -0.2689162244
   11.3095410009    -5.4253232032    -1.0576714196
   12.4503786213    -4.9204986421    -2.3196797320
   12.8174820913    -3.5567888273    -3.5816880444
   11.8056574543     1.0376552574     5.4618010791
   10.3771911769    -0.2339015733     5.3040500400
   13.1125117960    -0.1234346510     5.1462990010
   11.1137171188    -1.7782328574     4.8307969229
   13.4306564244     1.7299680441     4.6730458838
   13.3024923803    -1.6772188667     4.3575438057
   11.5911942973     3.1521892815     4.1997927667
   14.5718476632     0.5398907442     3.8842906886
   13.3637449040     3.0871583332     3.4110375714
   10.1051401647     5.5164089397     2.0216781598
   11.1622264979     6.6878666062     1.2329229646
    9.9779362429     7.1652046043    -0.0290853478
   11.9543339144     7.3913329168    -0.8178405431
   10.7113060941     7.3301884761    -2.0798488555
   13.7887100234    -2.2880522533    -5.2048805066
   11.8216567438    -2.7305739434    -5.9936357018
   14.7028025890    -1.4433602294    -6.4668888190
   15.3489046258     1.5411116616    -6.9401419361
   12.9624943642    -2.2257493824    -7.2556440142
   14.7881352754    -0.1818399147    -7.7288971314
   14.1990339685     2.1921308520    -8.2021502485
   13.3295978342    -0.8620395676    -8.5176523266
   13.3337894656     0.8489285818    -8.9909054438
   13.9866373453     7.4949520497     0.6856418859
   15.0437236785     8.6664097162    -0.1031133094
   12.5319298001     7.8135330635    -0.5763664265
   13.8594334235     9.1437477144    -1.3651216218
   15.8358310950     9.3698760269    -2.1538768170
   12.7099783732     8.6666629294    -2.6271299342
   14.5928032747     9.3087315861    -3.4158851294
   12.1531112973     7.5523218928    -3.8891382465
   16.3620865937     8.6751911972    -4.2046403246
   13.7270369218     8.3701989044    -4.6778934418
   12.6738757743     6.2972334530    -5.1511465589
   15.1839669058     7.7643114546    -5.4666486370
   -6.3443366712     2.2693914501    -2.2707933423
   -4.8040598894    -0.4141569896    -2.7440464594
   -5.6197616255     4.0619979919    -3.0595485375
   -5.6205795353     1.2427633834    -3.5328016547
   -4.0458360010     4.8798750034    -3.8483037328
   -3.5240212238    -0.2171274028    -4.0060547718
   -5.0989971484     2.8069095521    -4.3215568499
   -2.5889060169     4.2739875537    -4.6370589280
   -4.0177668125     1.2683197706    -4.7948099671
   -3.3340678703     2.8772180900    -5.1103120452
   -5.7953828008     7.3991274327     2.6028921443
   -5.7360513317     9.0890981058     1.8141369491
   -6.5556650839     6.3183872397     1.3408838319
   -6.6811965935     8.2698675572     0.5521286367
   -5.5580027586     9.9422279717    -0.2366265586
   -6.8394448803     7.0352803933    -0.7098796757
   -6.1148698345     8.8278869351    -1.4986348710
   -6.1156877443     6.0086523267    -1.9718879881
   -5.5941053575     7.5727984953    -2.7606431833
   -1.9305246567    12.5802046850     4.0474644196
   -3.4445636709    11.2088150257     3.5742113024
   -0.8734383235    13.7516623516     3.2587092243
   -3.3852322019    12.8987856988     2.7854561072
   -2.0577285785    14.2290003497     1.9967009120
   -4.3303774637    12.0795551502     1.5234477948
   -3.2071836288    13.7519155648     0.7346925996
    3.5580571976     8.7885131112     4.2052154586
    3.8762018261    10.6419158064     3.7319623415
    3.7480377819     7.2347288955     3.4164602634
    5.0173930649     9.4518385065     2.9432071462
    4.9891319870     7.6048705138     2.1544519510
    5.2317573461    10.6895127504     1.6811988339
    5.5654809580     8.7079237559     0.8924436386
    4.7737032243     7.2344842200    -2.4602589132
    5.3500521953     8.3375374621    -3.7222672255
    2.6804952603     5.7829093573    -5.2997776160
    4.5061361714     7.8268188250    -5.7730307332
    1.0264389568     6.3005375319    -6.0885328113
    3.0475987302     7.1466191721    -6.5617859284
    3.0517903616     8.8575873215    -7.0350390456
   -4.5458062264    11.7091688565    -3.0912630694
   -3.4226123915    13.3815292710    -3.8800182646
   -4.7040545131    10.4745816926    -4.3532713817
   -3.9794794674    12.2671882344    -5.1420265770
   -3.9802973772     9.4479536259    -5.6152796941
   -2.4055538429    13.0850652459    -5.9307817722
   -3.4587149903    11.0120997946    -6.4040348894
   -2.3774846544     9.4735100131    -6.8772880065
   -1.6937857121    11.0824083326    -7.1927900846
    3.7954087695    16.1868520018    -6.4288478132
    1.1603590976    15.8818597091    -6.9021009304
    4.5727697826    14.6851093626    -7.2176030085
    0.1071979502    13.8088942577    -7.3753540475
    3.7033336482    11.6309389430    -7.5331050866
    2.6172890817    15.2759722593    -7.6908561256
    1.1884282861    12.2703044762    -7.8486071647
    3.7075252797    13.3419070925    -8.0063582037
    1.8721272283    13.8792027957    -8.1641092427
   -0.0351294901    15.8494306453     1.3753918717
    1.0219568431    17.0208883118     0.5866366765
   -1.4898370353    16.1680116591     0.1133835593
   -0.1623334119    17.4982263100    -0.6753716359
   -2.4349822971    15.3487811105    -1.1486247531
   -1.3117884623    17.0211415250    -1.9373799483
    5.4534523642    12.0596287975     1.5331429108
    5.7715969926    13.9130314926     1.0598897936
    5.6434329485    10.5058445818     0.7443877155
    6.9127882314    12.7229541927     0.2711345984
    6.8845271536    10.8759862001    -0.5176205969
    7.1271525127    13.9606284366    -0.9908737140
    7.4608761246    11.9790394422    -1.7796289093
    6.5316274143    10.2068004903    -2.5683841045
   -7.9418125566     0.0023141752     9.6145150200
   -7.2052866147    -1.5420171089     9.1412619029
   -5.0165113532    -1.4410031182     8.6680087857
   -8.8146043942    -1.5519830409     8.3525067076
   -6.2895299015    -2.6171259680     7.8792535905
  -10.0592170667    -0.2351824887     7.5637515124
   -3.7754171481    -1.0708614999     7.4060004733
   -8.1972351114    -2.6554187393     7.0904983952
   -5.0424094530    -2.5847392335     6.6172452781
   -9.7959340962    -1.4518841017     6.3017432000
   -4.1283168874    -1.7400472096     5.3552369657
  -10.4724546225     3.4533795685     7.8393228587
  -10.4131231535     5.1433502416     7.0505676635
  -11.2327369056     2.3726393755     6.5773145463
   -9.0856195301     6.4735648925     6.2618124682
  -11.3582684153     4.3241196930     5.7885593511
  -10.9694539351     1.1559377626     5.3153062339
  -10.2350745804     5.9964801075     4.9998041558
  -11.5165167020     3.0895325291     4.5265510387
   -8.3522496789     6.6385487642     4.2110489606
  -10.7919416563     4.8821390709     3.7377958435
  -10.7927595661     2.0629044625     3.2645427263
   -9.2180160318     5.7000160825     2.9490406482
  -10.2711771792     3.6270506311     2.4757875311
   -7.7610860477     5.0941286327     2.1602854530
   -9.1899468433     2.0884608496     2.0025344139
   -8.5062479010     3.6973591691     1.6870323358
   -7.7246343869    -3.2130864004     5.9137187235
   -4.9685336816    -3.1041111100     5.7895075450
   -6.9902481853    -4.7946425555     5.5410851880
   -9.1495748556    -2.3589785507     5.2926628310
   -4.7318926037    -4.7236701677     5.1684516525
   -8.6863505835    -4.8637328735     4.9200292955
   -3.3628679045    -2.4256249827     4.7958181170
   -6.0333525052    -6.0428943916     4.5473957600
  -10.1051579102    -3.5140833764     4.2989734030
   -3.2800407551    -4.4320897915     4.1747622245
  -10.4008156923    -1.3484900272     3.6779175106
   -4.5744466282    -6.2408774564     3.5537063321
  -11.0033132391    -2.7533907405     2.6842280826
   -3.1887524102    -5.5761230995     2.5600169041
  -10.4732512552    -0.2906588166     2.0631721901
   -5.2628168700    -7.0265154169     1.9389610117
   -8.6164263604     1.4711549768     1.4421162977
  -11.0551434264    -1.7720088719     1.0694827622
   -3.8449979972    -6.3034759094     0.9452715837
   -9.8130864605     0.4331386857     0.4484268697
   -2.9503750331    -5.0189429510    -0.0484178442
   -7.6084902281     1.5093493948    -0.1726290227
  -10.3400897409    -1.0105767860    -0.5452625582
   -4.9048628061    -6.3341413246    -0.6694737367
   -8.6655958614     0.4534142074    -1.1663184507
  -10.0013239467    -2.4433508047    -1.5389519862
   -4.2399613673    -5.0258602045    -1.6631631647
   -6.6605744157     0.5658880609    -1.7873743432
   -3.6525538242    -2.2950308632    -2.0357967002
   -8.8147634312    -1.0198956522    -2.1600078786
   -6.0321187319    -5.1869775328    -2.2842190571
   -5.3314703454    -0.5672809173    -2.4084302356
   -8.6660220492    -3.2744650155    -2.5326414141
   -4.8049264838    -3.4861592489    -2.6568525926
   -7.1798763452    -1.0980925636    -2.7810637711
   -7.0206068549    -3.8517446733    -2.9052749496
   -5.8910323888    -2.3001985101    -3.0294861281
   -7.8811725963     4.2466409275     1.4818738231
   -6.7579787614     5.9190013420     0.6931186278
   -8.0394208830     3.0120537636     0.2198655107
   -7.3148458372     4.8046603054    -0.5688896846
   -7.3156637471     1.9854256969    -1.0421428017
   -6.7940813602     3.5495718656    -1.8308979970
   -8.1652674169    -6.1094848233     4.0730168014
   -9.7745851964    -6.1194507553     3.2842616062
   -7.2495107037    -7.1845936824     2.8110084890
  -11.0191978689    -4.8026502032     2.4955064109
   -9.1572159136    -7.2228864537     2.0222532938
  -10.7559148984    -6.0193518161     1.2334980986
   -7.9694435348    -7.5947286381     0.7602449814
  -11.3029776653    -4.0857570496     0.4447429033
   -9.7627008835    -6.7693054892    -0.0285102138
   -6.8286059144    -7.0899040771    -0.5017633310
  -10.5792205294    -5.1123851163    -0.8172654091
   -8.4826622179    -6.5722759025    -1.2905185262
  -10.0576381425    -3.5482389476    -1.6060206043
   -8.9764078066    -5.0868287291    -2.0792737215
   11.2021240155    -2.9775037825    -5.2540517957
   12.1951201576     5.5867261776    -6.3496020312
   13.8530839704     4.0267402863    -6.9582410509
   12.3738885734     4.1200753931    -7.9320634824
   14.9366872506     2.7472241331     3.3670243601
   16.2606883903     1.5818474951     3.1459467391
   13.6485462779     3.7186515723     3.0354079285
   16.6187804587     3.4819179769     2.8143303075
   14.7254879604     5.0084014774     2.4827138760
   13.3935919470     5.7625636108     1.5984033918
   17.1141749601     0.1254877486    -5.8076969127
   15.8956184459     1.6455442240    -6.6920073969
   16.0993199143     0.7660620134     3.1655463993
   17.4209398313    -0.3999132203     2.9171240423
   15.3992253276    -2.0904446658     2.6687016853
   17.7696857403     1.4913144325     2.5444905068
   17.6575809092    -2.0194722780     2.2960681498
   19.0266056085     0.2785729070     1.9234346143
   16.3561210078    -3.3386965019     1.6750122574
   19.1094327578    -1.7278919018     1.3023787219
   17.8150268848    -3.5366795667     0.6813228294
   20.0576861502    -0.5732114509     0.3086892939
   15.5558252477    -4.2955490834     0.0602669369
   19.2007211028    -2.8719252098    -0.3123665985
   17.1266566430    -4.3223175272    -0.9334224910
   20.1175839325    -1.5800909452    -1.3060560265
   14.5644876829    -4.3509760204    -1.5544783835
   18.5444755157    -3.5992780197    -1.9271119190
   16.1448812409    -4.3660645299    -2.5481678114
   19.4390984799    -2.3147450613    -2.9208013469
   13.8186573755    -3.6568279393    -3.1692237039
   17.4846107068    -3.6299434349    -3.5418572394
   19.5497107970    -0.8161344138    -3.9144907749
   15.3005387880    -3.5460510522    -4.1629131319
   18.1495121456    -2.3216623149    -4.5355466673
   13.8194483779    -2.2650595643    -4.7839690243
   16.3573547810    -2.4827796431    -5.1566025598
   17.5845470291    -0.7819613592    -5.5292360953
   15.3688666580    -1.1475467837    -5.7776584523
    5.2526376803     6.1913778326    -6.5394882219
    6.1144816004    -3.1884888974    -6.6500270324
    8.0341729515     6.7736571518    -7.0921822745
    3.6695474695    -1.7247199218    -7.2027210850
    3.7720206262     5.2106042987    -7.4237987060
    6.2547908932     6.6457651988    -7.9764927586
    5.0793431822    -2.8173737897    -8.0870315691
    4.7144133100     5.7870019996    -8.8608032427
    4.4123958167    -1.9104272645    -9.5240361058
   12.1647834029     2.2320753207    -9.6345749164
    3.7392517393     4.3900035575    -9.7451137269
    3.2291633409     0.3895627174   -10.0767301584
   11.4729067490    -0.2294055681   -10.1872689689
    5.8961300968     5.7038625465   -10.2978077794
    6.0005618440    -2.3067509452   -10.4083465900
    3.5548141841     2.7884777375   -10.6294242110
    4.4403257983    -0.6177631104   -10.9610406425
   11.2172886601     1.3134203382   -11.0715794531
    5.0891069629     4.3767286012   -11.1821182636
    4.2621468654     1.4309052364   -11.5137346951
    9.9558929153    -0.2411190932   -11.6242735056
    5.9779281177    -0.6653151937   -11.8453511267
   10.0444753438     2.3327579599   -11.9558899372
    5.3663061481     2.8210436716   -12.0664287477
    8.2400652352    -0.4002461909   -12.1769675582
    5.9924464599     0.9917142658   -12.3980451793
    8.7373364011     1.2789373822   -12.5085839898
    7.1361780711     2.3344576248   -12.6191228003
    8.9847051238     7.2423091970    -4.4427864385
   11.6471979048     6.1769608039    -4.9954804910
   10.0415393691     6.9359102439    -5.8797909752
    8.3110031231     6.9306415005    -6.7641014593
   10.7696916615     6.0416254601    -7.3167955119
    5.7918797627     6.6531361520    -0.7304557051
    8.0098556257     7.0893975983    -1.3515115976
    6.5219560893     7.5046730371    -2.3452010255
    9.0385638921     7.1548866141    -2.9662569180
    4.9763726756     7.1441123946    -3.3388904535
    7.4985277030     7.5535266978    -3.9599463459
    5.9843088079     7.1823068125    -4.9536357739
    3.2527092951     4.6623806318    -5.3262693094
    4.9272031746     6.1263716251    -5.9473252019
    6.7240412946    -3.4018605048    -7.3035444599
    9.8788669529    -3.3311809990    -7.7767975771
    7.9118136734    -3.7737026891    -8.5655527723
   10.7929595186    -2.4864889751    -9.0388058895
    6.1185563247    -2.9482795403    -9.3543079676
    9.0526512938    -3.2688781281    -9.8275610847
   10.8782922050    -1.2249686604   -10.3008142019
    7.3985949903    -2.7512499535   -10.6163162800
    9.4197547638    -1.9051683133   -11.0895693971
    9.1008476717     6.6486706033    -8.5600479184
   10.8320323844     5.6184506088    -9.3488031136
    7.8578198513     6.5875261626    -9.8220562307
   11.5543348407     3.8012239440   -10.1375583088
    9.6271031704     5.9539857736   -10.6108114260
    6.9920534984     5.6489934808   -11.0840645431
   10.4044641834     4.4522431343   -11.3995666212
    8.4489834825     5.0431060310   -11.8728197384
    9.5392196805     3.1090408642   -12.1883218165
    7.7038216292     3.6463365674   -12.3460728555
    2.9944827356     3.7128276682    -5.7334286494
    2.1748689835     0.9421168022    -6.2066817666
    2.0493374738     2.8935971197    -6.9954369618
    2.4381519540    -0.2745848108    -7.4686900789
    3.1725313087     4.5659575342    -7.7841921570
    1.8910891871     1.6590099558    -8.2574452742
    2.6156642328     3.4516164976    -9.0462004694
    2.6148463230     0.6323818891    -9.5194535866
    3.1364287099     2.1965280578   -10.3082087818
   16.2126507980     4.9233237060     2.5242812504
   14.9261973668     5.8902921601     2.1590978386
   16.0005325713     7.1582952281     1.5504588189
   13.3310918241     6.3087129614     1.1852754071
   15.0431831713     6.4628647034    -6.1183928294
   14.3403334485     4.6703925025    -6.4835762412
   16.0790493921     4.9615098830    -6.7270318491
   18.9523549763     4.9222987460     2.9834099844
   17.5186044467     3.6486463607     2.8728711739
   17.6642140037     5.8937261851     2.6517935529
   20.6344481844     5.6569925897     2.4307159318
   18.7411556862     7.1834760903     2.0990995003
   21.9260617172     4.4390488009     1.8780218793
   20.6863196870     7.2363292656     1.5464054477
   17.4092596728     7.9376382236     1.2147890162
   22.4319775297     5.8838227653     0.9937113951
   23.0973498034     3.5561369010     0.4410173425
   22.0204016367     7.4425104981     0.1094009110
   23.4476390220     5.1911761580    -0.4432931416
   23.3673654336     2.4254476340    -0.9959871942
   23.0099867415     6.8809987041    -1.3276036257
   21.7248113214     0.1175695655    -1.5486812467
   23.8145996484     4.1405828463    -1.8802976783
   22.9638557243     1.4006071309    -2.4329917309
   23.4947476305     5.8943478652    -2.7646081624
   20.7533859837    -0.3977660351    -2.9856857835
   23.5400857141     3.0724389300    -3.3173022150
   22.4773100934     7.3208836967    -3.6489186465
   22.0467231793     0.7637695338    -3.8699962676
   23.3387331735     4.7737567754    -4.2016126991
   17.0700798674     8.2455440011    -4.8648455622
   22.4145630739     6.1098313949    -5.0859231833
   19.4061385122     8.0811626193    -5.4175396148
   20.9929475264     6.6918907172    -5.9702336674
   18.1957854115     7.1442779489    -6.3018500989
   17.1518778883     1.8763662610    -6.4123889094
   21.2184251144     4.8744394145    -6.5229277200
   16.5402559187     5.3627251263    -6.6334665305
   19.4461045484     6.0217984340    -6.8545441515
   17.1663962305     3.5333957205    -6.9650829620
   18.3101278417     4.8761390794    -7.1861605831
   19.4241085201     8.9801042303     0.1860147669
   21.1966591267     8.9150732820    -0.6027404284
   18.2398182651     9.4574422285    -1.0759935455
   22.6191261672     7.6054799370    -1.3914956236
   20.2162159366     9.6835705410    -1.8647487408
   21.9474006494     8.6533505465    -2.6535039360
   18.9731881163     9.6224261002    -3.1267570531
   20.7424714353     8.9888857113    -3.9155122484
   22.0236010689     0.9376945162    -4.6508621439
   20.2832928441     0.1553053632    -5.4396173392
   22.1089337552     2.1992148310    -5.9128704563
   18.6292365406     0.6729335378    -6.2283725344
   21.5198324484     4.5731855976    -6.3861235735
   20.6503963140     1.5190151780    -6.7016256516
   18.1354909519     2.1583807112    -7.0171277297
   20.6545879454     3.2299833275    -7.1748787687
   18.8191898941     3.7672790307    -7.3326298078
   19.6385716770     3.9516127319     3.1298792091
   18.2101053997     2.6800559011     2.9721281701
   20.9454260188     2.7905228234     2.8143771310
   18.9466313416     1.1357246170     2.4988750529
   21.2635706472     4.6439255186     2.3411240139
   21.1354066030     1.2367386077     2.0256219358
   22.4047618860     3.4538482187     1.5523688186
   19.8623880547     0.0606157579     1.2368667405
   22.3765008081     1.6068802260     0.7636136234
   21.1095085032     0.0930024923    -0.0251415718
   -0.7423510490    -5.0960788669    -1.1297861803
   -1.6343528905    -4.3281347943    -2.5285690703
   -3.4318481762    -2.5721847338    -3.0665624895
   -1.9202507860    -2.9472131261    -3.9273519602
   -2.5518091189    -1.1603803576    -4.4653453794
    1.1125287300    -3.7660919379     4.0673949711
    2.4640941166    -4.7508805281     3.2833188321
    1.2688666543    -5.2135070344     2.0091951062
    4.3445859322     2.1628174450     7.4758841279
    2.9104718870     0.8893747189     7.3778746105
    3.0537168583     3.1395252974     7.1818555758
    3.6415605298    -0.7100481162     7.0838460584
    1.4492580732     1.7475863200     6.8878270237
    4.1341447795     4.4521030311     6.6918079889
    1.8993554791    -0.8131594935     6.5937984715
    4.6197512152    -2.0541826805     6.2997699194
    0.3861082991     0.5529475871     6.1037508847
    2.4258882920    -2.3034440227     5.8097223325
    5.1208170798     5.8020610267     5.4176842630
    3.7774536787    -3.2882326129     5.0256461935
    3.5072756192     6.4385090010     4.6336081240
    4.6449765775     6.9848694427     3.3594843982
    6.9713050564     2.1628174450     7.4758841279
    5.5371910112     0.8893747189     7.3778746105
    8.2981427896     0.9971508967     7.2798650932
    5.6804359824     3.1395252974     7.1818555758
    6.2682796539    -0.7100481162     7.0838460584
    8.5615776615    -0.6567761543     6.7898175063
    6.7608639037     4.4521030311     6.6918079889
    9.9845322046     1.6826831057     6.4957889542
    7.2464703394    -2.0541826805     6.2997699194
   10.1280154878    -0.4091722764     6.0057413673
    5.4013241071     5.2578101566     5.9077318499
    8.8173141495    -2.3730791270     5.5156937804
    6.4041728028    -3.2882326129     5.0256461935
    6.1339947434     6.4385090010     4.6336081240
    7.2716957017     6.9848694427     3.3594843982
   10.2205549440     5.9086401157     2.8694368113
    8.5133881158     6.9424861452     2.0853606723
    6.5237045479     7.2256977108     1.3012845333
    8.5598299014    -3.5168305957     4.5574425579
    7.7175323649    -4.7508805281     3.2833188321
    6.4041728028    -6.2135284433     1.5409914706
    8.1809792165    -6.4622253377     0.7569153316
    9.9894832867    -5.8976742596    -0.0271608074
    7.1042165378    -7.0993991589    -0.5172083943
    9.0601134645    -6.7227822788    -1.3012845333
    5.8655544812    -7.1846103250    -1.7913321202
   10.7259244722    -5.5984499534    -2.0853606723
    7.8667187226    -7.0644878471    -2.5754082592
    6.6403396486    -6.8472793973    -3.8495319850
    5.6419341235    -6.0328866265    -5.1236557109
    4.6197512152    -4.9794785109     2.8151151964
    3.7774536787    -6.2135284433     1.5409914706
    1.0953616290    -5.5581499828     1.0509438837
    2.5822262164    -6.6761549496     0.2668677447
    4.4774974137    -7.0993991589    -0.5172083943
    1.3487358255    -6.5103763060    -1.0072559812
    3.2388353571    -7.1846103250    -1.7913321202
    0.3142321313    -5.8242896932    -2.2813797071
    5.2399995985    -7.0644878471    -2.5754082592
    2.0837810259    -6.7288519025    -3.0654558460
    4.0136205244    -6.8472793973    -3.8495319850
   -0.4265253265    -0.8296876055    -5.3196747457
    0.9454753700     1.2051061111    -5.8097223325
    4.5638105925    -5.4433386930    -5.9077318499
    1.1232305419    -0.3654313383    -6.5937984715
    3.8890455086    -3.4160927125    -7.1818555758
   10.4162281989    -2.1726960314     5.3415186969
   12.7095262064    -2.1194240694     5.0474901448
   11.3944188843    -3.5168305957     4.5574425579
   14.2759640327    -1.8718201916     4.2634140058
   12.9652626945    -3.8357270422     3.7733664189
   11.8954847489     4.3394131116     3.6753569016
   10.5521213478    -4.7508805281     3.2833188321
   14.5811852344    -3.2493422409     2.9892902799
   12.3289277615    -4.9995774225     2.4992426931
   14.1374318317    -4.4350263445     1.7151665541
   11.2521650828    -5.6367512437     1.2251189672
   11.8536754430     5.0360283616     3.2317197038
   12.8403477432     6.3859863572     1.9575959779
   -5.9113269501     4.7560187886    -2.7932712452
   -4.5066714190    -0.6379793029    -3.8713759363
   -2.9162415208    -0.7243347568    -4.6554520753
    0.9543332420     1.9343798010    -5.2435091796
   -2.7808147935     4.1394107016    -5.3415186969
   -1.6270646521     0.4200510444    -5.4395282143
   -0.8928878868     1.8627172124    -5.7335567664
    0.2514394409     5.5265297047     5.7335567664
    1.9442144918     6.2694119649     5.2435091796
    2.3772969114     4.3872441342    -5.2435091796
   -1.3163810433     4.8341725801    -5.6355472491
    0.5300757826     4.3155815456    -5.7335567664
   -0.9712132737     7.7450680153     5.7335567664
   -2.4053273189     6.4716252892     5.6355472491
    0.3556244595     6.5794014670     5.5375377317
   -2.2620823476     8.7217758677     5.4395282143
   -3.8665411327     7.3298368904     5.1454996622
   -3.9217726350     9.1876342271     4.6554520753
   -5.3145181307     8.4148570860     3.8713759363
   -6.1312820973     6.9200207167     3.0872997973
   -5.6720677094     9.7056413715     2.5972522104
   -5.3336590877    10.9123852883     1.3231284846
   -5.8992981940    10.3946252722    -0.7350713803
   -5.7110159953     9.4274214324    -2.7932712452
   -5.6943125924     5.0209596886    -3.0872997973
   -5.7423245324     7.6778587952    -3.5773473842
   -4.9565709271     6.2520182063    -4.3614235232
   -3.4782139026     5.6421742488    -5.1454996622
    0.4517503957    10.1979323485     5.7335567664
   -0.9823636495     8.9244896224     5.6355472491
    1.7785881289     9.0322658002     5.5375377317
   -0.8391186782    11.1746402009     5.4395282143
    2.1445254465    10.9408146087     5.2435091796
   -2.4435774633     9.7827012236     5.1454996622
    2.0420230008     7.3783387493     5.0474901448
    0.2413092430    12.4872179347     4.9494806274
    3.4649775439     9.7177980093     4.7534615927
    2.2191045314    12.5623322628     4.4594330406
    4.0241480311    11.2009547434     3.9693854537
   -3.8915544612    10.8677214192     3.8713759363
    1.2279815433    13.8371759303     3.6753569016
    3.6537613991    12.8476130602     3.1853093147
   -5.1069450049    11.7782641120     0.5390523456
   -4.4763345246    12.8474896054    -0.7350713803
   -5.1925101430    11.0048985482    -1.5191475193
   -3.4382639211    14.1835009746    -1.3489440633
   -4.6345135078    12.5965154651    -2.1330202023
   -4.0039030275    13.6657409585    -3.4071439282
   -3.7989174258     8.2920753748    -5.7593723452
    5.2408750033     8.8214775069    -5.8573818626
   -0.4051890401     5.7457754605    -6.0534008973
   -2.4109652977     7.3045390272    -6.5434484842
   -2.4749286694    12.9837681980    -6.7394675189
    1.1434065531     6.3353233940    -6.8374770363
   -0.8205353995     7.2181835732    -7.3275246232
   -2.2971734975    11.4132307486    -7.5235436579
    2.0140849401     7.6541985120    -7.6215531753
   -1.5828187360     8.9132899351    -7.8175722101
    3.0500393634     9.8768981311    -7.9155817274
   -0.6851086721    12.0819290317    -8.0135912448
    0.4686414693     8.3625693745    -8.1116007622
   -0.6436385914    10.3238265770    -8.3076197969
    1.2028182346     9.8052355425    -8.4056293143
    4.0380308871    14.2100405690     2.5714366317
    2.1348146836    15.7564438949     2.2774080795
    5.3584829845    12.9870239695     2.0813890448
    4.1126099720    15.8315582231     1.7873604927
    5.9176534717    14.4701807037     1.2973129058
    3.1214869838    17.1064018905     1.0032843537
    5.5472668397    16.1168390205     0.5132367668
    4.3775751318    17.4957482401    -0.2708393722
    6.7235743482    15.6231784103    -0.7608869591
    2.6456464816    18.2892103065    -1.0549155112
    5.5945057239    17.2129809795    -1.5449630981
    6.8394778315     9.6281899846    -1.7409821328
    0.6749305694    18.3158006917    -1.8389916502
    7.5020990954    14.6530885429    -2.0350106849
   -3.2134395644    15.0474900723    -2.1330202023
    3.8873388957    18.2468270090    -2.3290392371
    6.5514870570    16.4220977642    -2.8190868239
    1.8976553278    18.5300385746    -3.1131153761
    7.7804525095    13.4433699819    -3.3091344108
   -2.5828290841    16.1167155657    -3.4071439282
    4.9883087227    17.6733351749    -3.6031629629
    7.1835120534    10.3071901641    -3.7991819977
   -0.0261484279    18.0139453935    -3.8971915151
    7.0752492809    15.2960559843    -4.0932105498
   -3.2990047024    14.2741245085    -4.1912200672
    3.0941806261    18.1940940549    -4.3872391019
    7.5042035125    12.2305791407    -4.5832581367
   -1.5458396558    16.8049263101    -4.6812676541
    5.7266862861    16.6690189958    -4.8772866888
    6.2125475937     9.5209933646    -5.0733057236
    1.2208094334    17.9114542386    -5.1713152409
    7.0278330072    14.0411564754    -5.3673342757
   -2.3945468853    15.1495117259    -5.4653437931
    4.0115174774    17.3215936383    -5.6613628278
    6.6619489467    11.2724521141    -5.8573818626
   -0.2686173298    16.9112047226    -5.9553913799
    5.8801503734    15.3819564206    -6.1514104147
    2.3018182211    17.1427606355    -6.4454389668
    6.2754064863    12.9153930125    -6.6414580016
   -1.0538547260    15.4347428052    -6.7394675189
    5.2468854478    10.9020189142    -7.1315055884
   -0.8760995540    13.8642053558    -7.5235436579
    0.7774353520    12.7748011842    -8.3076197969
   -1.2374647522     3.7930560567     6.5986014967
   -1.3440625848     0.2517718495     6.3785891433
    0.0563615803     2.5741489818     6.0485706132
   -1.1844077275     5.3754533368     5.7185520831
   -6.1279395043     3.0235069459    10.8713925777
   -7.5625413079     1.7491251626    10.7613864010
   -4.8030262084     1.8574386272    10.6513802243
   -7.4169664367     3.9957650043    10.5413740476
   -6.8298772346     0.1569573329    10.4313678709
   -4.4443297548     3.7590409889    10.3213616942
   -9.0086395084     2.6057861741    10.2113555175
   -4.5509275874     0.2177567817    10.1013493408
   -6.3392231878     5.2874196991     9.9913431642
   -8.5529011964     0.0682453819     9.8813369875
   -3.1505034223     2.5401339140     9.7713308108
   -9.0463539526     4.4392234158     9.6613246341
   -4.3912727301     5.3414382690     9.4413122807
  -10.0266633802     1.4276019786     9.3313061040
   -3.0324311880     0.4838792181     9.2212999273
   -7.6732990946     6.0446500318     9.1112937506
   -2.6415684854     3.9877036952     8.8912813972
  -10.3744145177     3.6597345651     8.7812752205
   -5.3804905169     6.5441518083     8.5612628671
   -1.9728650719     1.6554213014     8.3412505137
   -9.2535175630     5.8531800598     8.2312443370
   -3.0512358168     5.5518264726     8.0112319836
  -11.1032590196     2.2023241506     7.9012258069
   -2.8149943062    -0.7975182464     7.7912196302
   -6.9419663950     7.0903529465     7.6812134535
   -1.6173581121     3.2951425765     7.4612011001
   -4.2170210380     6.8028165002     7.1311825700
  -11.0639862893     0.4830682576     7.0211763933
   -1.6945636637     0.5191784466     6.9111702166
   -2.0512347358     4.9936294182     6.5811516865
   -3.3410258187    -1.8012922352     6.3611393331
   -5.8696868450     7.4415634590     6.2511331564
   -3.1904983942     6.3752196963     5.7011022729
   -7.6602376252     7.3221458444     5.3710837428
   -4.8022304515     7.1498024142     4.8210528593
  -10.8210935490    -0.1469647272     4.7110466826
   -6.5477555158     7.1614424744     3.9410034458
   -0.3713306161    -0.4458158372     5.4261399861
   -1.7948913241    -1.7118685925     5.2877736086
   -1.0639483397    -3.2687866823     4.8726744762
   -0.1294555475    -4.4394877216     3.7657434565
   -0.8930584537    -5.1796263135     1.9669805494
    2.0488014183     4.2484533425     6.6966764355
    0.5089302276     2.8762924783     6.2815773031
    3.1092537733     5.4663738358     6.0048445482
    7.9925966095     3.2977313462     7.1117755679
    9.6344682327     4.0051611988     6.4199436806
    7.7806564171     5.4663738358     6.0048445482
   10.8368955449     2.8089142634     5.7281117932
    9.6214078637     5.4550869692     5.3130126608
   11.1842583624     4.1343213174     4.6211807735
    8.6441302442     6.4192245856     4.2060816411
   10.6445828223     5.4187681945     3.5142497537
    8.8706931836    -6.4776339289    -3.6526161312
    9.9431946866    -5.5949181977    -4.7595471509
    7.9605686285    -5.9275722709    -5.4513790383
   10.2273780846    -4.2504847389    -5.8664781707
    8.6087482326    -4.5771349703    -6.5583100581
    0.6514099066    -5.9000648990    -3.2375169988
   -0.6677308933    -4.0666440679    -3.9293488861
    1.9817483089    -6.3378012487    -4.3444480185
    0.3627687162    -4.9850858977    -5.0362799059
    3.2891659847    -5.9275722709    -5.4513790383
   -0.0329075088    -3.0955332764    -5.7281117932
    1.7587115618    -4.9934580751    -6.1432109257
    1.6143687642    -3.4022474915    -6.8350428130
   13.4121614473    -5.2282882133     0.5820035752
   11.2824460908    -5.8618173953    -0.1098283121
   12.6822705026    -5.7028462736    -1.2167593319
   13.7547720056    -4.8201305424    -2.3236903516
   11.7721459475    -5.1527846155    -3.0155222390
   12.4203255516    -3.8023473150    -4.1224532588
   11.8041739285     1.0338396118     5.9250276471
   13.1119224918    -0.1232631011     5.6482948922
   13.4460455517     1.7412694645     5.2331957598
   13.3280654874    -1.7063196920     4.9564630048
   11.5922337361     3.2024821014     4.8180966273
   14.6484728639     0.5450225290     4.5413638724
   13.4329851827     3.1911952348     4.1262647400
   11.1632659367     6.7381594261     1.8512268252
    9.9184896261     7.3390506989     0.7442958055
   12.0267397638     7.6910101759     0.0524639181
   10.6434397907     7.9277870034    -1.0544671016
   13.1943862455    -3.0080970138    -6.1527236141
   14.2668877485    -2.1253812826    -7.2596546339
   15.5594266151     0.8137906439    -7.6747537663
   12.2842616904    -2.4580353558    -7.9514865212
   14.0530105569     3.4043172359    -8.0898528987
   14.5510711465    -0.7809478238    -8.3665856536
   14.4595942991     1.7080828153    -8.7816847860
   12.9324412945    -1.1075980552    -9.0584175410
   13.2956500382     0.5735774245    -9.4735166734
   15.0447631173     8.7167025362     0.5151905513
   12.4603090512     7.8708315183     0.1000914189
   13.7999868067     9.3175938089    -0.5917404685
   15.9082369444     9.6695532860    -1.2835723558
   12.4571910360     8.9794961165    -1.6986714882
   14.5249369713     9.9063301134    -2.3905033756
   11.5047885462     7.9418375948    -2.8056025080
   13.2299579560     9.3653944132    -3.4974343953
   15.3634429411     9.4951477746    -4.1892662827
   12.4937636796     8.2066662845    -4.6043654151
   14.2851083256     8.6304323058    -5.2961973025
   12.8061644808     6.7907351237    -5.7112964349
   -6.5050944721     0.8938866522    -2.3911119314
   -6.5059948411     3.0787602274    -3.0829438188
   -5.4745948626    -0.0245551776    -3.4980429512
   -5.2791092431     4.7163423835    -3.7747757061
   -5.8702710876     1.8649974437    -4.1898748385
   -4.0786520170    -0.0329273550    -4.6049739709
   -4.9667084419     3.3004112227    -4.8817067259
   -4.2229948146     1.5582832286    -5.2968058583
   -3.2080153620     2.9791666523    -5.5735386132
   -6.9220420227     8.3509144525     1.3836637747
   -7.3535421510     7.0221459027     0.2767327549
   -6.7631925856     9.2174026371    -0.4150991324
   -7.0011030501     7.8446491707    -1.5220301522
   -1.9328512397    12.5840346782     4.5688449724
   -3.4727224304    11.2118738140     4.1537458400
   -0.8723988847    13.8019551715     3.8770130850
   -3.4568529508    12.9560841536     3.4619139526
   -2.1171751953    14.4028464442     2.7700820653
   -4.5712228929    12.1606020455     2.3549829328
   -3.4599709660    14.0647487518     1.6631510455
   -4.4123734558    13.0270902301     0.5562200257
    3.5574678934     8.7886846611     4.7072113498
    3.8915909534    10.6532172267     4.2921122174
    3.7736108891     7.2056280703     4.0153794625
    5.0940182655     9.4569702913     3.6002803301
    5.1321278400     7.5268105973     2.9084484427
    5.4413810830    10.7823773453     2.4933493103
    5.9304355119     8.6529410076     1.8015174230
    2.0022625865     5.5506233839    -5.9956201230
    4.2690720425     7.2277109159    -6.4107192554
    2.6504421906     6.9010606845    -7.1025511428
   -5.2181517839    10.4614472020    -3.3666589511
   -4.6278022185    12.6567039364    -4.0584908384
   -4.8648123140     9.0990768947    -4.4735899708
   -4.8657126830    11.2839504699    -5.1654218582
   -3.6388270850    12.9215326260    -5.8572537455
   -4.2299889295    10.0701876862    -6.2723528780
   -3.3264262838    11.5056014652    -6.9641847653
    4.4267463709    15.8972957466    -7.1053056586
    1.7184305014    16.1420931105    -7.5204047910
    4.8333301132    14.2010613259    -7.7971375460
    3.0249819527    15.1929815101    -8.2122366784
    0.9832002840    12.5602679342    -8.3506030559
    3.6693858523    13.0665559351    -8.4889694333
    1.9981797366    13.9811513579    -8.6273358108
   -0.0374560731    15.8532606385     1.8967724245
    1.0229962819    17.0711811318     1.2049405371
   -1.5614577842    16.2253101139     0.7898414047
   -0.2217800287    17.6720724045     0.0980095174
   -2.6758277263    15.4298280058    -0.3170896150
   -1.5645757994    17.3339747121    -1.0089215024
    0.5031701358    18.2608087090    -1.7007533897
   -2.5169782892    16.2963161904    -2.1158525222
    5.4528630600    12.0598003474     2.0351388020
    5.7869861199    13.9243329130     1.6200396695
    6.9894134321    12.7280859775     0.9282077822
    7.0275230066    10.7979262836     0.2363758948
    7.3367762496    14.0534930315    -0.1787232376
    7.8258306784    11.9240566939    -0.8705551249
    6.9514053799     9.8415234310    -1.5623870123
    7.8646768332    13.3309655791    -1.9774861447
   -7.2074475286    -1.5529154847     9.6820271172
   -4.9909382460    -1.4701039434     9.2669279848
   -8.8581054096    -1.5975420605     8.9901952299
   -6.2729547365    -2.7236165240     8.5750960975
  -10.1983835950    -0.2695262785     8.2983633425
   -8.2796857288    -2.8440139622     7.8832642101
   -4.9068422862    -2.8302259337     7.4681650777
  -10.0762413508    -1.6404181517     7.1914323228
   -7.0365576426    -3.4637551158     6.7763331903
   -3.7085389218    -2.1053242690     6.3612340579
   -9.1846138641    -2.7272149641     6.0845013030
  -10.5037546640    -0.8937941331     5.3926694156
  -10.4847439024     5.2006486964     7.7270255089
  -11.3719034339     2.3382955858     7.3119263765
   -9.1450661469     6.6474109870     7.0351936215
  -11.5991138445     4.4051665883     6.6200944891
  -10.4878619176     6.3093132946     5.9282626018
  -12.0306139728     3.0763980385     5.5131634694
   -8.4201159823     7.2361472915     5.2364307144
  -11.4402644074     5.2716547729     4.8213315820
  -11.6772745029     1.7140277312     4.4062324496
   -9.7150949976     6.6952115913     4.1294996946
  -11.6781748719     3.8989013065     3.7144005622
   -7.5816100124     6.8249649527     3.4376678073
  -10.4512892739     5.5364834626     3.0225686749
  -11.0424511184     2.6851385228     2.6074695425
   -8.6599446280     5.9602494839     2.3307367875
  -10.1388884727     4.1205523018     1.9156376551
   -9.3951748454     2.3784243077     1.5005385227
   -4.9655426434    -3.1049818189     6.3994967500
   -6.9923936696    -4.8054631132     6.1794843966
   -4.7134440224    -4.7446636643     5.8494658665
   -8.7154176314    -4.8941750641     5.6294535131
   -3.3130198574    -2.4222865321     5.5194473364
   -6.0230110835    -6.1093349812     5.2994349830
  -10.1891798152    -3.5348184675     5.0794226296
   -3.1949476231    -4.4785412280     4.9694164529
   -8.1753361597    -6.3279175898     4.7494040995
  -10.5369309527    -1.3026858810     4.5293917461
   -4.4987582105    -6.3779349779     4.4193855694
   -6.8478620418    -7.2287283901     3.8693546859
  -11.2657754546    -2.7600962955     3.6493423325
   -2.9775107412    -5.7599386925     3.5393361558
  -10.7787457849    -0.1071161043     3.0993114490
   -5.1556194068    -7.3881739662     2.9893052723
  -11.5906414851    -1.6685435218     2.2192620355
   -3.5035422538    -6.7637126812     2.1092558588
  -10.3179089668     0.9104711210     1.6692311520
   -6.1923841630    -7.7966425422     1.5592249753
   -2.2510214791    -5.4794808395     1.2292064452
  -11.2647968207    -0.6116723940     0.7891817384
   -4.4729384032    -7.2964229311     0.6791755617
   -9.3811204956     1.5061108573     0.2391508549
  -11.4730866854    -2.3591979420    -0.0908676752
   -3.1579752879    -6.1371220724    -0.2008738519
  -10.3816812852     0.1074467521    -0.6408985587
   -5.6136493135    -7.1946155990    -0.7509047354
   -2.5284426973    -4.5818858280    -1.0809232655
   -8.2019575307     1.4566293572    -1.1909294422
  -10.6000323928    -1.5073542319    -1.5209479723
   -4.3943524200    -6.1327199023    -1.6309541490
   -9.0557488539     0.1414438420    -2.0709788558
   -6.6025756436    -6.2661831359    -2.1809850325
   -9.9414615205    -2.8993427876    -2.4009973859
   -3.9998111427    -4.6498813332    -2.5110035626
   -7.0723960598     0.4349349419    -2.6210097393
   -8.8778934229    -1.4054427239    -2.9510282693
   -5.7553799164    -4.9286273054    -3.0610344460
   -5.6984570827    -0.6086037830    -3.1710406227
   -8.3452398949    -3.4503741493    -3.2810467994
   -4.9810189002    -3.1551787709    -3.3910529761
   -7.2004677891    -1.5117974943    -3.5010591528
   -6.7325243826    -3.3727543000    -3.6110653295
   -7.0107660986     6.2318345291     1.6215770737
   -7.9631685883     5.1941760074     0.5146460540
   -8.2010790528     3.8214225409    -0.5922849658
   -6.9741934549     5.4590046970    -1.2841168531
   -7.5653552994     2.6076597572    -1.6992159855
   -6.6617926537     4.0430735362    -2.3910478729
   -9.8180862118    -6.1650097750     3.9219501284
  -11.1583643972    -4.8369939930     3.2301182411
   -9.2396665310    -7.4114816767     2.8150191087
  -11.0362221530    -6.2078858661     2.1231872213
   -7.9965384448    -8.0312228302     1.7080880889
  -11.8170749361    -4.0988915402     1.4313553340
  -10.1445946663    -7.2946826785     1.0162562016
   -6.5967140331    -7.8722517085     0.6011570692
  -11.4637354662    -5.4612618475     0.3244243142
   -8.8142562639    -7.7324190283    -0.0906748182
  -11.4646358352    -3.2763882723    -0.3674075731
  -10.4332358567    -6.3797036773    -0.7825067056
   -7.5068385882    -7.3221900504    -1.1976058380
  -10.8289120817    -4.4901510560    -1.4743385929
   -9.0372930111    -6.3880758546    -1.8894377253
   -9.1816358087    -4.7968652711    -2.5812696127
   13.0188368672    -3.1846906307    -4.8720221253
   11.8696957263    -3.1844740700    -6.2708050152
   13.5703657294     4.4751435264    -7.7771865890
   14.9365000983     2.7467427754     4.0157958428
   16.2633378315     1.5810762271     3.8197768080
   13.6456310244     3.7234506279     3.7217672907
   16.6292751492     3.4896250357     3.5257482559
   14.7260589456     5.0360283616     3.2317197038
   13.3665191491     5.8417354871     2.4476435648
   17.8381297099     0.1816033809    -6.1771939642
   16.0264031455    -0.6152424141    -6.6672415511
   16.0990175736     0.7652843895     3.7471256007
   17.4239308695    -0.4007839292     3.5271132473
   15.3970798433    -2.1012652235     3.3071008939
   17.7826273231     1.5008184325     3.1970947172
   17.6760294905    -2.0404657746     2.9770823638
   19.0764536556     0.2819113576     2.6470638337
   16.3664624294    -3.4051370915     2.4270514803
   19.1945258899    -1.7743433383     2.0970329502
   17.8907153024    -3.6737370882     1.5470020668
   20.2540920060    -0.6028012549     1.2169835367
   15.5416114712    -4.5245305004     0.9969711833
   19.4119627717    -3.0557408028     0.6669526532
   17.2338541061    -4.6839760765     0.1169217697
   20.5323934142    -1.7390441098    -0.2130967604
   14.4290032679    -4.8249933151    -0.4331091138
   18.8859312592    -4.0595147915    -0.7631276439
   16.1970893499    -5.0924446525    -1.3131585274
   20.1384520339    -2.7752829498    -1.6431770575
   17.9165351097    -4.5922250415    -2.1932079410
   15.1080017266    -4.8677761997    -2.7432388245
   19.2314982250    -3.4329241827    -3.0732573546
   16.7758241995    -4.4904177094    -3.6232882381
   19.8610308157    -1.8776879383    -3.9533067682
   14.2921735182    -3.9988728764    -4.1733191215
   17.9951210929    -3.4285220126    -4.5033376516
   15.7868978693    -3.5619852462    -5.0533685351
   18.3896623702    -1.9456834435    -5.3833870652
   16.6340935966    -2.2244294158    -5.9334179487
   17.4084546127    -0.4509808812    -6.2634364788
    3.4157722395     5.5474532067    -6.2112090320
    6.1078927866     7.2287783166    -6.7012566189
    2.4622422271    -1.1375809562    -7.2893137231
    4.2554763209     6.4622008787    -7.4853327579
    6.6724674784    -4.0419960060    -7.5833422752
    7.3306175450     7.4430161995    -7.9753803447
    3.7478642525    -2.6816753742    -8.0733898621
    2.8501331332     5.0296931906    -8.2694088969
   10.4212709399     6.5863127998    -8.4654279316
    5.4068137893     6.9269230184    -8.7594564837
    5.5174131472    -3.5862375834    -8.8574660011
   12.5082114982     4.2090336092    -8.9554755185
    3.1121951200    -1.6132026753    -9.3475135880
    3.8871225614     5.7179039350    -9.5435326227
   11.6455098109    -1.5660290106    -9.9355706922
    6.6537716506     6.8244318635   -10.0335802096
    4.6856227265    -2.6487537319   -10.1315897270
   12.4607952244     2.9541341003   -10.2295992444
    3.0384153319     4.0624893508   -10.3276087617
    3.0551187348    -0.3439723931   -10.6216373139
   12.0949111639     0.1854297390   -10.7196468312
    5.1643448874     5.8241823475   -10.8176563486
    6.4488471206    -2.8902723074   -10.9156658660
    3.0071067948     2.3129267135   -11.1116849007
    4.4430708630    -1.3315087407   -11.4057134529
   11.7083687035     1.8283706374   -11.5037229702
    4.3791074913     4.3477204301   -11.6017324876
    7.9974427137    -2.3007243739   -11.6997420050
    3.7928604001     0.8870861246   -11.8957610397
   10.6798476651    -0.1850034609   -11.9937705571
    6.4612846562     5.0823659202   -12.0917800745
    6.0335007612    -1.4178641947   -12.1897895919
   10.5572097018     2.9179845528   -12.2877991092
    4.5568626632     2.7771829807   -12.3858086266
    8.8681211007    -0.9818492559   -12.4838181440
    5.2712174247     0.2772421672   -12.6798371787
    9.9040755240     1.2408503632   -12.7778466961
    6.1689274885     3.4458812638   -12.8758562135
    7.3226776299    -0.2734783934   -12.9738657309
    8.7407971872     2.7975302230   -13.0718752482
    6.2103975692     1.6877788091   -13.1698847656
    8.0568543952     1.1691877746   -13.2678942830
   10.2708332852     7.6284566791    -4.5419083697
    8.2811497173     7.9116682447    -5.3259845087
   11.3718031122     7.0549648450    -5.8160320956
    6.3573459616     7.3955750636    -6.1100606477
    9.4776750156     7.5757237250    -6.6001082346
   12.1101806756     6.0506486658    -7.0901558215
   10.3950118669     6.7032233084    -7.8742319605
    8.0497920841     7.2546887800    -0.4716273584
    6.4883162060     7.8008899182    -1.3516767720
    9.2132615630     7.5133534719    -1.9017076555
    7.5605957560     8.1521004307    -2.7817570691
    6.8825270852     7.8719794461    -5.0918867798
    5.3908415053     7.1295867750    -5.9719361933
   10.0144341198    -3.5766676992    -6.9258777775
    7.8847187633    -4.2101968813    -7.6177096648
   11.2127374842    -2.8517660345    -8.0328087972
    9.2845431751    -4.0512257595    -8.7246406846
    7.0670009443    -3.9113930793    -9.4164725719
   10.3570446781    -3.1685100283    -9.8315717044
    8.3744186200    -3.5011641015   -10.5234035917
   10.6412280761    -1.8240765695   -10.9385027241
    9.0225982241    -2.1507268009   -11.6303346115
   10.0128745570     6.7455604759    -9.4885063643
   11.5228099910     5.1390890291   -10.1803382516
    8.6284595178     6.7739423510   -10.5954373840
   10.2584407718     5.6644295183   -11.2872692714
    7.5501249022     5.9092268823   -11.7023684038
   10.6650245140     3.9681950977   -11.9791011588
    8.8566763536     4.9601152819   -12.3942002912
    1.8084920446     2.9746440149    -6.1639018238
    1.3769919163     1.6458754651    -7.2708328435
    1.9673414818     3.8411321996    -7.9626647309
    1.7303313862     0.2835051578    -8.3777638633
    1.7294310173     2.4683787331    -9.0695957506
    2.3651547707     1.2546159494   -10.1765267704
   16.2120789831     4.9218529914     3.1171608670
   14.9238854638     5.8940979874     2.7943648154
   16.0011623847     7.1887684924     2.2563713962
   13.2898957898     6.3416708562     1.9335753447
   14.6631734482     7.9551365324     1.3955819255
   14.7459293979     6.3346130379    -6.7819180464
   14.2934881021     4.4532773916    -7.1047140979
   15.9790653947     4.9718899926    -7.3199114656
   18.9521678241     4.9218173883     3.6321814671
   17.5180537789     3.6483746622     3.5341719497
   17.6612987502     5.8985252407     3.3381529150
   20.6449428749     5.6646996485     3.1421338802
   18.7417266714     7.2111029745     2.8481053281
   21.9653949723     4.4416830491     2.6520862934
   20.7195219598     7.2862173026     2.3580577412
   17.3821868748     8.0168101000     2.0640291891
   22.5245654595     5.9248397833     1.8680101544
   19.7283989717     8.5610609701     1.5739816022
   23.2470834413     3.5335785664     1.3779625675
   22.1541788275     7.5714981000     1.0839340154
   18.1148575111     9.1975089443     0.7899054632
   23.6933449387     5.2411413316     0.5938864285
   23.6715702554     2.3088776874     0.1038388416
   23.3304863360     7.0778374898    -0.1901897105
   21.9703460544    -0.2133784859    -0.3862087453
   24.2844534487     4.1331648834    -0.6802372974
   23.4463898193     1.0828490642    -1.1702848843
   17.2818425572     9.7704597713    -1.2682944016
   24.1090110833     6.1077476225    -1.4643134364
   21.0409762323    -1.0384865051    -1.6603324711
   24.3055063040     2.8914508525    -1.9543610233
   23.1583990449     7.8767568437    -2.2483895754
   22.7067872399     0.0858458203    -2.4444086101
   24.3873644974     4.8980290614    -2.7384371623
   23.7904240412     1.7618492436    -3.2284847491
   23.6821612688     6.7507150638    -3.5225133013
   21.6084900195    -0.4949636241    -3.7185323360
   24.1111155003     3.6852382203    -4.0125608881
   22.3335982739     8.1236780753    -4.3065894403
   22.8194595815     0.9756524441    -4.5026084750
   17.8277214212     9.3661133182    -4.6006179924
   23.6347449950     5.4958155549    -4.7966370271
   20.6184294652     8.7762527178    -5.0906655793
   23.2688609345     2.7271111936    -5.2866846140
   16.3382946580     8.3658638021    -5.3846941314
   22.4870623612     6.8366155002    -5.5807131661
   18.9087302089     8.5974197150    -5.8747417183
   22.8823184741     4.3700520920    -6.0707607530
   20.9459564924     7.4038631868    -6.3647893051
   17.6352344268     7.6240473749    -6.6588178573
   21.7311594724     5.4596660074    -6.8548368920
   19.4288315480     6.9419464767    -7.1488654441
   16.4451671953     2.8189236219    -7.2468749615
   17.3428772591     5.9875627184    -7.4428939963
   19.9147469578     5.3392116777    -7.6389130310
   17.3843473398     4.2294602637    -7.7369225484
   21.2658994054     9.0191101837     0.1124867402
   20.2886217860     9.9832478001    -0.9944442796
   22.2890743641     8.9827914090    -1.6862761669
   18.9053218128    10.2200246275    -2.1013752993
   21.1282428219     9.7804604136    -2.7932071867
   19.7438277827     9.8088422887    -3.9001382064
   21.3738090367     8.6993294560    -4.5919700938
   21.5876862284     0.2556734630    -5.4436279588
   19.6050601703    -0.0769806102    -6.1354598462
   21.8718696263     1.6001069218    -6.5505589786
   18.0746057474     0.8571335857    -6.8272917335
   20.2532397744     1.2734566904    -7.2423908659
   20.6164485181     2.9546321701    -7.6574899983
   18.2135274432     2.6817443310     3.4547393997
   20.9448367145     2.7906943733     3.3163730222
   18.9444704276     1.1248262412     3.0396402673
   21.1609797102     1.2076377824     2.6245411349
   22.4813870866     3.4589800034     2.2094420025
   19.8789632197    -0.0458747981     1.9327092475
   22.5194966611     1.5288203095     1.5176101151
   21.2450756701    -0.1524842079     0.8257782278
   -0.8443348509    -5.7961755369     0.0968289350
   -2.0283589396    -5.3715516110    -1.1619472194
   -3.2504734248    -3.1958776220    -3.6794995282
   -1.6335205210    -3.4366052596    -4.4541310078
   -2.6691665765    -1.6753838688    -4.9382756826
    1.0821364916    -3.8356102890     4.8741897913
    2.4559125063    -4.8826848186     4.1652167307
    1.1994910634    -5.4562303758     3.0131355073
    4.3453306675     2.1647329127     8.1230849064
    2.9063593530     0.8873456022     8.0344632739
    3.0484329020     3.1482236833     7.8572200087
    3.6389620182    -0.7231534762     7.7685983762
    1.4288916533     1.7497986535     7.5913551110
    4.1347352495     4.4806726791     7.4141118459
    1.8765897178    -0.8370022879     7.3254902133
    4.6270508903    -2.1010809439     7.0596253156
    0.3296036002     0.5390032463     6.8823820505
    2.3954960537    -2.3729623738     6.6165171528
    5.1448468576     5.9015167754     6.2620306225
    0.2117333532    -1.1340008407     6.1734089899
    3.7692720683    -3.4200369035     5.9075440922
    3.4886405782     6.6026003469     5.5530575619
    4.6756468910     7.2806487225     4.4009763386
    6.9720497917     2.1647329127     8.1230849064
    5.5330784772     0.8873456022     8.0344632739
    8.3051092646     0.9951229146     7.9458416413
    5.6751520261     3.1482236833     7.8572200087
    6.2656811424    -0.7231534762     7.7685983762
    8.6776203822     2.9156433710     7.6799767436
    8.5776935245    -0.6751151425     7.5027334785
    6.7614543737     4.4806726791     7.4141118459
   10.0220281239     1.6851943029     7.2368685808
    7.2537700144    -2.1010809439     7.0596253156
   10.1840878789    -0.4397815988     6.7937604179
    8.8634317061    -2.4565893680     6.3506522551
    7.7715659818     5.9015167754     6.2620306225
    6.3959911925    -3.4200369035     5.9075440922
    6.1153597024     6.6026003469     5.5530575619
   11.5739902036     4.4566350876     4.6668412363
    7.3023660151     7.2806487225     4.4009763386
   10.4436664177     6.1903264834     3.9578681757
    8.6622326597     7.3920478261     3.2488951152
    6.5051609263     7.8350683405     2.5399220546
    9.9761038563     6.9778041604     2.0968138918
    7.8853465662     7.7672978760     1.3878408312
    8.5671295765    -3.5637288591     5.3172979541
    7.7093507546    -4.8826848186     4.1652167307
    6.3959911925    -6.3453327338     2.4228893692
    8.2382948980    -6.6555947104     1.7139163087
    7.1290499330    -7.4449103253     0.5618350853
    9.2477351929    -7.1407835239    -0.1471379753
    5.7879182929    -7.7175659116    -0.5902461381
    8.0070121091    -7.7375557723    -1.2992191986
   10.0853508811    -6.9164520501    -2.0081922592
    6.6294220529    -7.8481008049    -2.4513004220
    8.7844458222    -7.3721467024    -3.1602734826
   10.5554400087    -6.1409163080    -3.8692465431
    7.4206087276    -7.3069491748    -4.3123547060
    6.2097698373    -6.6768581297    -5.4644359294
    7.8798080004    -5.9629698149    -6.1734089899
    5.4221720192    -5.4492864533    -6.6165171528
    4.6270508903    -5.0263767743     3.5749705926
    3.7692720683    -6.3453327338     2.4228893692
    2.5128506255    -6.9188782910     1.2708081459
    4.5023308089    -7.4449103253     0.5618350853
    1.1521528945    -6.8747060956     0.1187269225
    3.1611991687    -7.7175659116    -0.5902461381
   -0.0959891751    -6.3003880822    -1.0333543009
    5.3802929850    -7.7375557723    -1.2992191986
    1.8026120612    -7.4734506890    -1.7423273615
    4.0027029287    -7.8481008049    -2.4513004220
    0.6217627061    -6.7586458409    -2.8944085849
    2.6864769598    -7.4540843013    -3.6033816454
   -0.2044157469    -5.6675893305    -4.0464898083
    4.7938896034    -7.3069491748    -4.3123547060
    1.6362009557    -6.5878454120    -4.7554628688
    3.5830507132    -6.6768581297    -5.4644359294
   -1.0340688552    -1.4318562584    -5.6416791945
    5.2530888763    -5.9629698149    -6.1734089899
   -0.1423044300    -2.9730958729    -6.3506522551
    0.1997216678    -0.5867462646    -6.7937604179
    4.2000746684    -4.6396724435    -7.3254902133
    1.2496244582    -1.8251278008    -7.5027334785
    2.9528264080    -3.3893567017    -7.7685983762
   10.4136296874    -2.1858013913     6.0262710147
   12.7256420694    -2.1377630577     5.7604061170
   11.4017185594    -3.5637288591     5.3172979541
   12.9158204279     3.1084629394     5.2286763216
   14.3320364238    -1.9024295140     5.0514330564
   14.7667837537     1.7364760883     4.7855681587
   13.0113802510    -3.9192372832     4.6083248936
   11.9195145267     4.4388688602     4.5197032610
   15.5296399889    -0.7054657055     4.3424599959
   10.5439397375    -4.8826848186     4.1652167307
   14.6992875853    -3.3521110448     3.8993518330
   12.3862434430    -5.1929467952     3.4562436702
   14.3076977802    -4.6645221195     2.7472706096
   11.2769984780    -5.9822624101     2.3041624468
   13.3956837379    -5.6781356087     1.5951893862
    9.9358668378    -6.2549179964     1.1520812234
   12.1549606541    -6.2749078571     0.4431081628
   14.2332994260    -5.4538041349    -0.2658648977
   10.7773705978    -6.3854528898    -0.7089730606
   12.0277565454    -4.5003218998    -4.4310816284
   11.8542659129     5.0645980096     3.9540235608
   12.8643775210     6.4854421059     2.8019423374
   11.2081712416     7.1865256773     2.0929692768
   12.3951775544     7.8645740530     0.9408880534
   10.7563224849     8.2978256575    -2.7812205145
   -6.6707192365     4.3181773544    -3.1903787725
   -4.4436398887    -1.4908459677    -4.1652167307
   -4.2155286687     0.0658796349    -5.3172979541
   -3.7902232201     4.7368804357    -5.4945412193
   -2.5632837527     0.4467870552    -6.0262710147
   -2.9579518674     3.0842058501    -6.2035142798
   -0.9490340587     1.1710880092    -6.2921359124
   -1.1845305062     3.0807733780    -6.3807575450
    0.2521841762     5.5284451724     6.3807575450
    1.9577547668     6.2793556307     5.9376493821
    0.4739296107     3.6239523424    -6.2921359124
   -0.9704685384     7.7469834830     6.3807575450
   -2.4094398529     6.4695961726     6.2921359124
    0.3625909345     6.5773734850     6.2035142798
   -2.2673663039     8.7304742536     6.1148926472
   -3.9548914860     9.2141301660     5.4059195867
   -5.3985706246     8.4431415906     4.6969465261
   -5.8368358490     9.8046349321     3.5448653028
   -6.9040941546     8.1386122452     2.8358922422
   -5.5761598177    11.1416806596     2.3927840794
   -6.9367895701     9.5009219305     1.6838110188
   -6.4410352481    10.7843860701     0.5317297954
   -6.7900477321    10.0028604857    -1.3293244885
   -7.2771952566     7.8938039205    -2.0382975491
   -5.7520662681    10.8915094111    -2.4814057119
   -6.9234855435     5.8320147873    -2.7472706096
   -6.4704082817     8.9895799982    -3.1903787725
   -6.3498680612     7.0756901422    -3.8993518330
   -5.4581036360     5.5344505278    -4.6083248936
   -5.1160775381     7.9208001361    -5.0514330564
   -4.0661747477     6.6824185999    -5.7604061170
   -2.3629727979     5.1181896990    -6.0262710147
    0.4524951310    10.1998478162     6.3807575450
   -0.9864761835     8.9224605058     6.2921359124
    1.7855546039     9.0302378182     6.2035142798
   -0.8444026345    11.1833385868     6.1148926472
    2.1580657216    10.9507582746     5.9376493821
   -2.4639438832     9.7849135571     5.8490277495
    2.0581388638     7.3599997610     5.7604061170
    0.2418997130    12.5157875826     5.6717844844
    3.5024734632     9.7203092064     5.4945412193
   -2.5319278166    11.6669944992     5.4059195867
    2.2483172223    12.6062257581     5.2286763216
    3.6645332182     7.5953333047     5.0514330564
   -1.1408063293    13.3589458138     4.9628114239
    4.0992805480    11.2342389070     4.7855681587
   -3.9756069551    10.8960059238     4.6969465261
    1.2520113211    13.9366316789     4.5197032610
    3.7545533773    12.9447964103     4.0765950982
   -0.4041949583    14.6377152504     3.8107302005
   -5.5138259007    11.9537862637     1.6838110188
   -5.0180715786    13.2372504033     0.5317297954
   -4.0885766677    14.2601135521    -0.6203514280
   -5.3670840627    12.4557248189    -1.3293244885
   -4.5456400815    14.0555017563    -2.1403427525
   -5.5319122031    12.0509115527    -2.8493158130
   -4.8946525655    13.2739761720    -4.0013970364
   -3.8566711016    14.1626250974    -5.1534782598
   -3.9354895305     7.4365643038    -6.1283162181
   -2.3479337674     6.4516723624    -6.8372892786
   -3.3282122360    12.8817128475    -7.0145325438
    1.8326848369     5.8156922720    -7.1031541763
   -3.5627084694     8.8055662140    -7.2803974415
    4.6942041877     8.6188335540    -7.3690190740
   -0.6249511443     6.3293756337    -7.5462623392
   -3.2206823716    11.1919158224    -7.7235056043
    2.8500465141     7.1490381716    -7.8121272369
   -2.1198225474     8.0083979650    -7.9893705020
   -1.6945170987    12.6793987658    -8.1666137671
    0.7796706290     7.1389896434    -8.2552353997
   -2.1707795811     9.9535342862    -8.4324786649
    2.8254357884     8.7842305316    -8.5211002974
   -0.4675776313     8.3893053852    -8.6983435626
   -0.8622457460    11.0267241802    -8.8755868277
    1.1466720627     9.1136063392    -8.9642084603
    0.9111756151    11.0232917081    -9.0528300928
    4.0515711621    14.2199842348     3.2655768342
    2.1354051536    15.7850135429     2.9997119365
    5.3959789038    12.9895351667     2.8224686714
    4.1418226629    15.8754517184     2.5566037737
    0.7526991113    16.6281717741     2.2907388760
    5.9927859886    14.5034648673     2.1134956108
    3.1455167617    17.2058576392     1.8476307131
    5.6480588179    16.2140223706     1.4045225503
    1.4893104823    17.9069412107     1.1386576526
    4.4701767342    17.6857599631     0.6955494897
    6.9479409835    15.7609759514     0.2524413269
    2.6763167950    18.5849895863    -0.0134235708
    5.8176171976    17.4946673472    -0.4565317337
    7.1619162474     9.4158580297    -0.6337749988
    0.5772298917    18.7035577434    -0.7223966314
    7.9067701984    14.7936743368    -0.8996398965
   -3.6203204601    15.2230122239    -0.9882615291
    4.0361834396    18.6963886899    -1.1655047942
    6.9820448628    16.7734990341    -1.6086129571
    1.8791117062    19.1394092043    -1.8744778548
    8.4236399067    13.5195934995    -2.0517211199
   -3.1245661381    16.5064763636    -2.1403427525
    5.3500546362    18.2821450242    -2.3175860176
    7.8601794852     9.9814938009    -2.4948292827
   -0.3133413630    18.7317925636    -2.5834509153
    7.8063640100    15.6656995289    -2.7606941804
    3.2592973461    19.0716387398    -3.0265590782
    8.4450547658    12.1376560138    -3.2038023433
   -2.1950712271    17.5293395124    -3.2924239759
    6.4305523822    17.4207334748    -3.4696672410
    7.0704891105     8.8482401345    -3.6469105061
    1.0374617255    19.0182411909    -3.7355321387
    8.1785204186    14.3370650214    -3.9127754038
   -3.4735786221    15.7249507792    -4.0013970364
    4.5190420064    18.5140558071    -4.1786403016
    7.9687364132    10.8468526312    -4.3558835667
   -0.9650731820    18.1437832317    -4.4445051993
    7.1194091656    16.2331564934    -4.6217484644
    2.3879319413    18.7897554806    -4.8876133621
    8.0322072807    12.9774332984    -5.0648566272
   -2.4355971581    16.6135997046    -5.1534782598
    5.4658657420    17.5316241988    -5.3307215249
    7.0437499450     9.8461745099    -5.5079647901
    0.3938019425    18.2358933454    -5.5965864227
    7.2869657984    14.8825202546    -5.7738296878
   -3.1539391717    14.7116702917    -5.8624513204
    3.5253701838    18.0425296549    -6.0396945855
    7.3440681027    11.8018025135    -6.2169378506
   -1.1256650365    16.9916343237    -6.3055594832
    5.9084330467    16.2382303040    -6.4828027483
    5.7670240486     9.3417917495    -6.6600460135
    1.6686967319    17.7166747224    -6.7486676460
    6.8196146178    13.5771069715    -6.9259109112
   -1.9071382925    15.3326874547    -7.0145325438
    4.2022034099    16.8068407509    -7.1917758089
    6.1152781312    11.0698081612    -7.3690190740
    0.2793761203    16.6609133703    -7.4576407066
    5.6159589803    14.7917495733    -7.6348839717
   -1.7996084281    13.6428904296    -7.7235056043
    5.5415323960    12.6025992982    -8.0779921346
   -0.2734431553    15.1303733730    -8.1666137671
    4.2465097318    11.2352051388    -8.5211002974
    0.5588281974    13.4776987874    -8.8755868277
    2.5677460061    11.5645809465    -8.9642084603
    0.0955875127     2.5767760423     6.7381112457
   -1.1522711557     5.4237401059     6.4409681247
   -6.1277432831     3.0240116289    11.4513485131
   -7.5645745573     1.7481219611    11.3523008061
   -4.7985517516     1.8561360864    11.2532530991
   -7.4209045028     4.0022478017    11.1542053922
   -6.8320114022     0.1461938498    11.0551576852
   -4.4324165475     3.7677897738    10.9561099782
   -9.0275068404     2.6078356668    10.8570622712
   -4.5353854371     0.2000706477    10.7580145642
   -6.3386350276     5.3158775870    10.6589668572
   -8.5761900468     0.0438547514    10.5599191502
   -3.1112774899     2.5427609745    10.4608714432
   -9.0816702373     4.4674773585    10.3618237362
   -4.3591361584     5.3897250381    10.1637283223
  -10.0896318356     1.4120624992    10.0646806153
   -2.9692171638     0.4493713540     9.9656329083
   -7.6990177446     6.1198618286     9.8665852013
   -2.5543997047     4.0263199971     9.6684897873
  -10.4727214857     3.6928158428     9.5694420803
   -4.2818978671    -1.5139211523     9.4703943734
   -5.3519757296     6.6621703576     9.3713466664
  -10.1701446300    -0.2129802482     9.2722989594
   -1.8340839980     1.6345130410     9.1732512524
   -9.3479736784     5.9700728122     9.0742035454
   -2.9280468085     5.6706049780     8.8761081314
  -11.2852336292     2.1976749452     8.7770604244
   -2.6691915035    -0.9243910778     8.6780127174
   -6.9650819591     7.2938976566     8.5789650105
   -1.3929075888     3.3407853902     8.3808695965
  -10.8233860133     4.9797651494     8.2818218895
   -4.0996054905     7.0437446259     8.0837264755
  -11.3260877083     0.3796883343     7.9846787685
   -1.4182782383     0.4133070897     7.8856310615
   -8.8018072806     7.1300963165     7.7865833545
   -1.7609513856     5.1719105241     7.5884879406
   -3.1189981711    -2.1005558726     7.3903925266
   -5.8295353799     7.8287773505     7.2913448196
   -2.8925658203     6.7513704302     6.7961062847
  -11.9959399132     1.4235690782     6.6970585777
   -1.6544049239    -0.8029237477     6.5980108707
   -7.7923210944     7.8463622347     6.4989631637
   -4.5965488948     7.7710314084     6.0037246287
  -11.4141125310    -0.4782379398     5.9046769218
   -6.5744513437     8.0387065702     5.2113429728
  -11.7911874570     0.6959967905     4.6170567309
   -7.2356447564     7.3638517324     3.1313411261
   -9.0486286752     3.3077026435     0.7541961583
   -1.0695462337    -3.2970191590     5.3819396155
   -0.1140983363    -4.5381532829     4.3740857549
   -0.9112752879    -5.4730962795     2.7363232315
    2.0372643145     4.2674455852     7.1935569299
    9.6633646884     4.0263820898     6.9415934648
    9.6829730793     5.5475917136     5.9337396042
   11.3451731270     4.2056075402     5.3038309413
   10.8705749207     5.6366691586     4.2959770808
   11.2328195200    -4.9125874380    -4.7999040110
    9.3146335403    -6.1497723193    -5.4298126739
    9.8629280943    -4.7997144111    -6.4376665345
    8.1694522438    -4.7497290053    -7.0675751974
    1.1062134596    -6.2027415820    -5.0518674762
   -0.2047583498    -4.4184511906    -5.6817761391
    2.5547562258    -6.0001258256    -6.0597213368
    1.2413259760    -4.6994109669    -6.6896299996
   12.8187591760    -6.1633263461    -0.3483394906
   11.8439969120    -6.1524590604    -1.9861020140
   13.1262108593    -5.3749846640    -2.9939558746
   11.8059606542     1.0384350912     6.3847542068
   13.1274319985    -0.1277780101     6.1327907417
   13.4749420074     1.7624903554     5.7548455439
   14.7272409653     0.5502978293     5.1249368811
    9.8705123172     7.4793558706     1.4021766835
   10.6006741069     8.3043613614    -0.2355858399
   14.7157072696    -2.7303300981    -6.2921576334
   12.3561126549    -3.4577098006    -6.9220662962
   15.5565125819    -1.4430505229    -7.3000114940
   13.6383266022    -2.6802354042    -7.9299201568
   15.5851828813     0.0322042853    -8.3078653545
   14.6195535747     2.9704123304    -8.6858105523
   14.1866211562    -1.3301774960    -8.9377740174
   14.6265200827     1.1751939631    -9.3157192151
   13.7520094978     9.4578989807     0.0661404096
   15.9604543633     9.8856735733    -0.5637682533
   12.2843748589     9.1933621909    -0.9417134510
   14.4821712875    10.2829044715    -1.5716221139
   12.9607125075     9.9044473195    -2.5794759744
   15.4456153482    10.2876044746    -3.2093846373
   11.8068979333     8.8561288090    -3.5873298350
   13.9712781903     9.8759697051    -4.2172384979
   16.1837915008     9.4697620284    -4.8471471608
   12.9953123292     8.7786423677    -5.2250923585
   14.8965012767     8.7761105727    -5.8550010213
   13.0297613746     7.2576964542    -6.2329462191
   -6.4265885429     3.9301810132    -3.7655939866
   -6.0421219286     0.5420795294    -4.1435391843
   -5.9835242211     2.5430197442    -4.7734478472
   -4.7431115481     3.7673725532    -5.4033565101
   -4.3771757925     1.8805846153    -5.7813017078
   -7.6881268038     7.0135977169     1.0708447269
   -7.7005140162     7.9797846755    -0.5669177966
   -7.4817770628     6.4515376747    -1.5747716572
   -3.5264521316    13.0117653015     4.0578716062
   -2.1651525042    14.5431516160     3.4279629433
   -3.6327871431    14.2786148263     2.4201090827
    5.1727863669     9.4622455915     4.1838533388
    5.6022958477    10.8536635681     3.1759994782
    6.1842481420     8.6147025041     2.5460908153
    6.3880644371    10.1450108614     1.5382369547
   -5.5651236491    11.4190859747    -4.2103095026
   -5.3463866957     9.8908389739    -5.2181633632
   -4.7863063848    12.1353712557    -5.8480720261
   -4.3432420630    10.7482099867    -6.8559258866
    2.3298234525    16.2877713773    -8.0792085099
    5.0002558968    13.6681724738    -8.3311719751
    3.4152887300    15.0392366067    -8.7091171728
    3.5861965260    12.8003800602    -8.9610806379
    2.1390496686    14.0616197697    -9.0870623705
   -1.6310569651    16.2809912618     1.3857990583
   -0.2697573376    17.8123775763     0.7558903954
   -1.7373919765    17.5478407865    -0.2519634651
    7.0681815335    12.7333612778     1.5117807909
    7.1462985016    10.7330880031     0.8818721280
    7.4976910142    14.1247792544     0.5039269303
    8.0796433086    11.8858181904    -0.1259817326
    8.2834596037    13.4161265476    -1.1338355932
   -7.2130454226    -1.5811479614    10.1912922565
   -4.9569201326    -1.5088147331     9.8133470588
   -8.9059529923    -1.6476532806     9.5613835937
   -6.2575975253    -2.8222820852     9.1834383959
   -8.3445127779    -2.9922975306     8.5535297331
   -4.8071468946    -3.0107555801     8.1755845353
  -10.2746779791    -1.7738861964     7.9236210702
   -7.0547744769    -3.7572250818     7.5456758725
   -9.4213534213    -3.0529012382     6.9157672096
  -11.0046175052    -1.0913480505     6.2858585467
  -11.7799390187     4.4660160676     7.3151293019
  -10.6606780947     6.5231793691     6.6852206390
  -12.3651986256     3.0678498527     6.3072754413
  -11.8287511650     5.5050596501     5.6773667784
  -12.1781373441     1.5164738137     5.2994215807
   -9.9843404461     7.2342644976     5.0474581156
  -12.3775858380     4.0340368113     4.6695129178
  -11.1381550203     6.1859459871     4.0396042550
  -12.1588488846     2.5057898105     3.6616590572
   -8.9737747633     7.2057868832     3.4096955921
  -11.5987685737     4.7503220923     3.0317503944
  -11.2143019594     1.3622206085     2.6538051967
   -9.9497406244     6.1084595458     2.4018417315
  -11.1557042519     3.3631608232     2.0238965338
   -9.9152915789     4.5875136323     1.3939878709
   -6.9945278372    -4.8162265962     6.8032742108
   -4.6979018721    -4.7623497984     6.5061310899
   -8.7387064818    -4.9185656947     6.3080356759
   -6.0150968661    -6.1601814986     6.0108925549
  -10.2521482706    -3.5503579469     5.8127971409
   -3.1317335988    -4.5130490921     5.7137494339
   -8.2102906813    -6.4078715793     5.5156540200
   -4.4444143022    -6.4763415984     5.2185108990
  -10.3326610650    -5.1754006943     5.0204154850
   -6.8578084974    -7.3889640249     4.7232723641
  -11.4477500642    -2.7647455009     4.5251769501
   -2.8317079385    -5.8868115238     4.4261292431
   -5.0832495625    -7.6323324765     3.9308907081
  -11.4886041433    -4.5827321118     3.7327952942
  -11.9405955737    -1.6009277355     3.2375567592
   -3.2815146062    -7.0629763187     3.1385090522
   -6.1593558282    -8.2561712690     2.6432705173
  -12.1584563483    -3.5388513679     2.4451751033
   -1.8169213589    -5.7653441937     2.3461273963
  -11.8220043533    -0.3713016466     1.9499365684
   -4.2148498185    -7.8714168335     1.8508888614
  -12.2879652372    -2.3126045875     1.1575549125
   -2.5675142761    -6.7435594558     1.0585072055
  -11.1759278378     0.6788792723     0.6623163775
   -5.4066123106    -8.1878909732     0.5632686705
  -11.8656853819    -1.1522725625    -0.1300652784
   -3.6739244357    -7.2930144173    -0.2291129854
  -10.1239621032     1.3333571976    -0.6253038133
  -11.7548123939    -3.0385711782    -0.9224469343
   -2.5027185477    -5.8238236816    -1.0214946413
  -10.9273793299    -0.3124681711    -1.4176854692
   -4.9369854176    -7.2477878422    -1.5167331762
   -8.8347728436     1.3805743352    -1.9129240042
  -10.9027884491    -2.0293731809    -2.2100671252
   -3.8300862644    -5.9553496224    -2.3091148321
   -9.5369760718    -0.1026649404    -2.7053056601
   -6.0974338684    -6.4111218651    -2.8043533671
  -10.0470932245    -3.3839161326    -3.0024487811
   -3.6026521720    -4.3794696228    -3.1014964880
   -7.5306505554     0.5114353462    -3.2005441950
   -7.9155320402    -5.4853694537    -3.2995919020
   -9.2111451102    -1.6547178025    -3.4976873160
   -5.3592531667    -4.9922941006    -3.5967350230
   -8.4421595088    -3.8194475034    -3.7948304370
   -4.6297451809    -2.9939511941    -3.8938781440
   -7.5701637347    -1.3097694418    -3.9929258509
   -6.6842967445    -3.9323233284    -4.0919735579
   -6.0049469801    -2.1348633282    -4.1910212649
   -8.9004900189     3.9565580457     0.3628273898
   -8.6817530656     2.4283110449    -0.6450264708
   -8.1216727547     4.6728433268    -1.2749351336
   -7.6786084329     3.2856820577    -2.2827889942
   -9.3044935801    -7.5597652451     3.4852846316
  -11.2346587813    -6.3413539108     2.8553759688
   -8.0147552791    -8.3246927963     2.4774307711
  -12.1516595889    -4.1074397260     2.2254673059
  -10.3813342235    -7.6203689526     1.8475221082
  -11.9645983074    -5.6588157650     1.2176134453
   -8.9893651230    -8.3450697726     0.8396682476
  -11.0637203533    -6.9392327245     0.2097595847
   -7.4349876237    -8.3218644953    -0.1681856130
  -11.9453098479    -4.6694997683    -0.4201490781
   -9.6897911132    -7.5973593616    -0.7980942759
  -11.0007629227    -5.8130689702    -1.4280029387
   -8.2412483471    -7.3947436052    -1.8059481364
  -10.9421652152    -3.8121287555    -2.0579116016
   -9.5546785969    -6.0940287465    -2.4358567993
   12.0608288234    -4.1014492769    -4.9580319089
   10.8131753017    -3.9335388581    -6.2168080632
   12.8868964078     6.3255747988    -7.0882684778
   13.3192764531     5.0296103287    -8.3470446322
   14.9372448336     2.7486582432     4.6629966213
   16.2703043065     1.5790482451     4.4857533562
   16.6428154242     3.4995687015     4.2198884585
   14.7266494156     5.0645980096     3.9540235608
   13.3439433733     5.9077562407     3.2450505002
   16.8377539939     0.5147896055    -7.5667886732
   17.4284053263    -0.4020864700     4.1289861221
   17.6915716408    -2.0581519087     3.6337475872
   19.1156795880     0.2845384182     3.3366044662
   16.3743766468    -3.4559836089     3.1385090522
   19.2577399141    -1.8088512024     2.8413659313
   17.9450592108    -3.7721437087     2.3461273963
   20.3928730799    -0.6237095154     2.0489842754
   15.5316650155    -4.6847661352     1.8508888614
   19.5577655744    -3.1826136341     1.5537457404
   17.3062239504    -4.9281345868     1.0585072055
   20.8086788396    -1.8449154667     0.7613640845
   19.1079589068    -4.3587784290     0.2661255496
   16.2301176847    -5.5519733793    -0.2291129854
   20.5725521540    -3.0611463041    -0.5262561063
   18.1746236944    -5.1672189438    -1.0214946413
   14.9986261235    -5.6186159814    -1.5167331762
   19.8219592369    -4.0393615661    -1.8138762972
   16.9828612024    -5.4836930835    -2.3091148321
   20.8811737931    -2.3687073699    -2.6062579531
   13.8614764842    -5.1394556901    -2.8043533671
   18.7155490772    -4.5888165276    -3.1014964880
   15.7686986201    -5.2303194308    -3.5967350230
   19.8867549653    -3.1196257920    -3.8938781440
   17.4524880953    -4.5435899525    -4.3891166789
   14.8026466113    -4.3618702584    -4.8843552138
   18.5593872485    -3.2511517328    -5.1814983348
   16.2920396445    -3.7069239754    -5.6767368698
   18.7868213409    -1.6752717332    -5.9738799907
   17.0302203463    -2.2880962109    -6.4691185257
    2.3083960792     5.4194539884    -7.0026077211
    8.8139251063    -4.5949414533    -7.0912293537
    5.1196208543     7.6447701885    -7.4457158840
    5.2362441825    -4.3308363700    -7.5343375165
   10.8922638782    -3.7738377310    -7.8002024143
    8.6922595634     7.9846163647    -7.8888240468
    2.3769548905    -2.1642683393    -7.9774456794
    3.2378909901     6.4423171373    -8.1546889445
    7.4363350500    -4.7054864859    -8.2433105771
    6.4704239427     7.9312188158    -8.5977971074
    4.0553948274    -3.6160315219    -8.6864187399
    1.9593835951     4.6379284041    -8.8636620051
    9.9520042236     7.4270334320    -9.0409052702
    1.8403566345    -0.8963593526    -9.1295269028
    4.4678890352     7.0567608566    -9.3067701679
    6.1201090811    -4.3114699822    -9.3953918005
   12.5523713828     5.1461341182    -9.4840134331
   11.3623530059    -2.9983019889    -9.6612566982
    7.8208941585     7.7027331055    -9.7498783308
    3.2292163744    -2.5249750115    -9.8384999633
   13.4651694979     1.8904109233    -9.9271215959
    2.9973650591     5.5265773295   -10.0157432285
    1.8259457837     0.4670827057   -10.2816081262
   12.4767121623    -1.2408478652   -10.3702297588
    5.8267641597     7.1488709703   -10.4588513913
    5.0698330770    -3.4452310930   -10.5474730239
   12.7199280156     3.7954978795   -10.6360946565
    2.2790230455     3.6246479166   -10.7247162890
    2.9185466301    -1.1994834641   -10.9905811867
   12.7770303199     0.7147801384   -11.0792028193
    4.3072971807     5.9046119486   -11.1678244519
    7.0166828345    -3.5342438107   -11.2564460844
    2.3995632660     1.7107580606   -11.4336893496
   11.1999862658    -1.7452306256   -11.5223109821
    7.1016589491     6.6296523472   -11.6109326147
    4.5061023933    -2.1843754055   -11.6995542473
   12.2525768350     2.4900845963   -11.7881758799
    3.5258239247     4.2456650796   -11.8767975124
    8.6867209976    -2.8203554959   -11.9654191450
    3.2913276913     0.1695184461   -12.1426624101
   11.5482403484    -0.0172142139   -12.2312840427
    5.7123383375     5.5738909952   -12.3199056753
    6.2290850163    -2.3066721342   -12.4085273078
   11.0489211975     3.7047271982   -12.4971489404
    3.6333537891     2.5558680545   -12.5857705730
    9.7040826747    -1.4870095963   -12.6743922055
    8.0081650976     5.3800027788   -12.7630138381
    4.7342136133    -0.6276498029   -12.8516354707
   10.9744946132     1.5155769231   -12.9402571032
    5.1595190620     4.0433509979   -13.0288787358
    7.6337067897    -1.4970581245   -13.1175003684
    9.4540208157     3.9859469953   -13.2061220010
    4.6832565795     1.3174865183   -13.2947436335
    9.6794719490     0.1481827637   -13.3833652661
    6.9816693172     4.0780717763   -13.4719868987
    6.3864585293    -0.2467423827   -13.5606085312
    9.3884770731     2.2680479486   -13.6492301638
    5.9917904147     2.3906764123   -13.7378517964
    8.0007082233     0.4775585713   -13.8264734289
    7.7652117758     2.3872439402   -13.9150950615
    9.6427917356     8.4532684099    -5.2394282108
    7.4209561150     8.3998708609    -5.9484012714
   10.9025363959     7.8956854772    -6.3915094342
    8.7714263307     8.1713851507    -7.1004824948
   11.8493601315     6.9132538689    -7.5435906576
    6.4652006419     8.0044346283    -0.4539252151
    7.6007472211     8.5393143222    -1.7415454059
    8.8337337061     8.4815683801    -3.0291655968
    9.4210318485    -4.5117058320    -7.8562208433
   10.8058641992    -3.7734588438    -8.8640747039
    8.4462695845    -4.5008385464    -9.4939833667
    9.7284835318    -3.7233641499   -10.5018372273
   10.9189538009     6.4983512925   -10.2454644015
    9.4488080775     6.7485566048   -11.2533182621
   10.8249837896     5.2305246127   -11.8832269250
    8.1615178534     6.0549051491   -12.2611721227
    9.2469831308     4.8063703785   -12.8910807856
    1.2294685450     0.0859512404    -7.4845747322
    1.0300200512     2.6035142379    -8.1144833950
    1.2487570045     1.0752672371    -9.1223372556
   14.9203675432     5.8998891462     3.4178739930
   16.0017102763     7.2152780024     2.9337293182
   14.6389067649     8.0261021878     2.1590978386
   12.9807124894     7.8836702450     1.3844663590
   15.3721781303     9.2201981203     0.9003216842
   14.7905153393     7.9647618649    -6.4586773722
   14.2344887365     6.4739727697    -7.2333088518
   15.8041476280     5.8827262169    -7.7174535266
   18.9529125594     4.9237328561     4.2793822456
   17.5139412449     3.6463455456     4.1907606131
   20.2859720323     3.7541228580     4.1021389805
   17.6560147939     5.9072236266     4.0135173479
   18.2465439101     2.0358464672     3.9248957154
   20.6584831500     5.6746433144     3.8362740828
   18.7423171414     7.2396726225     3.5704091851
   22.0028908916     4.4441942463     3.3931659199
   20.7487346507     7.3301107980     3.1273010222
   17.3596110991     8.0828308536     2.8614361245
   22.5996979764     5.9581239468     2.6841928594
   19.7524287495     8.6605167188     2.4183279617
   23.3625542117     3.5161821530     2.2410846965
   22.2549708057     7.6686814501     1.9752197988
   22.5322018080     0.8695368137     1.7979765337
   18.0962224701     9.3616002902     1.7093549011
   23.8726510043     5.2776038589     1.5321116360
   21.0770887220     9.1404190427     1.2662467383
   23.8876880349     2.2260623071     1.0890034732
   16.1656702366     9.2554383411     1.0003818406
   23.5548529713     7.2156350309     0.8231385754
   22.1406120029    -0.4428742610     0.6458953103
   19.2832287829    10.0396486658     0.5572736777
   24.6057642480     4.1280920894     0.3800304126
   22.4245291854     8.9493264267     0.1141655149
   23.7688282353     0.8705171093    -0.0630777502
   17.1841418795    10.1582168230    -0.1516993828
   24.5136821863     6.2483334164    -0.3289426479
   24.7973004911     2.7751633034    -0.7720508108
   23.5889568506     8.2281581136    -1.0379157085
   23.1192668249    -0.3377944120    -1.2151589736
   18.4860236940    10.5940682838    -1.3037806062
   25.0305518945     4.9742525791    -1.4810238713
   24.4670914730     1.4361528804    -1.9241320342
   16.2935706249    10.1864516432    -2.0127536668
   24.4132759978     7.1203586085    -2.1899969319
   22.0662136488    -1.2321562763    -2.3672401970
   25.0519667537     3.5923150933    -2.6331050947
   23.0374643700     8.8753925544    -2.8989699924
   23.6774010983     0.3028992140    -3.0762132576
   17.6443737133    10.4729002704    -3.1648348901
   24.7854324065     5.7917241009    -3.3420781553
   24.5756484010     2.3015117108    -3.7851863181
   23.7263211534     7.6878155729    -4.0510512158
   22.5363027764    -0.4566205342    -4.2282944810
   18.9948439291    10.2444145602    -4.3169161135
   24.6391192685     4.4320923779    -4.4941593787
   22.0727777298     8.9862832784    -4.7600242764
   23.6506619329     1.3008335894    -4.9372675415
   17.0007139303     9.6905524250    -5.0258891741
   23.8938777862     6.3371793341    -5.2031324392
   21.1970073761    -0.6970957462    -5.3803757044
   20.1322821716     9.4971887345    -5.4689973369
   23.9509800905     3.2564615931    -5.6462406021
   22.5153450346     7.6928893836    -5.9121054998
   18.2756087197     9.1713338019    -6.1779703975
   23.4265266056     5.0317660510    -6.3552136626
   20.8091153977     8.2614998305    -6.6210785603
   22.7221901190     2.5244672408    -6.7983218255
   16.8862881081     8.1155724499    -6.8869434580
   22.2228709681     6.2464086529    -7.0641867232
   19.1821148682     7.9216842335    -7.3300516209
   22.1484443838     4.0572583778    -7.5072948860
   16.3334688325     6.5850324525    -7.5959165186
   20.6279705863     6.5276284500    -7.7731597837
   18.1556190878     6.6197532310    -8.0390246814
   17.5604082999     2.2949390720    -8.1276463140
   20.5624268437     4.8097294033    -8.2162679466
   17.1657401852     4.9323578670    -8.3048895791
   19.1746579939     3.0192400260    -8.3935112117
   18.9391615464     4.9289253949    -8.4821328443
   20.3408392049    10.1993680874    -0.2746401770
   18.8625561291    10.5965989856    -1.2824940376
   21.3510789495    10.2377038680    -1.9124027005
   19.8260001898    10.6012989887    -2.9202565610
   22.0343220659     9.5332512302    -3.5501652239
   20.9591250820    -0.2991806586    -6.1138934818
   21.5074196360     1.0508772496    -7.1217473424
   19.8139437856     1.1008626554    -7.7516560052
   20.5332591918     2.6884562952    -8.1296012030
   20.9603462213     2.7861794643     3.8008688717
   18.9388725336     1.0965937645     3.5489054066
   21.1949978236     1.1689269927     3.1709602089
   22.6382721561     1.4639820290     2.1631063483
