2525
    0.2724316655     0.7006974062     4.0312019140
   -1.1577196014    -0.5712167044     3.8921949514
   -0.4233926216    -2.1353427484     3.4751740638
    0.5154265260    -3.3114636999     2.3631183634
    2.3327476359    -2.1497653178     3.9274361532
    3.2859010469    -3.3851844825     2.9139042427
    1.2061582212    -3.5519264735     2.2804467986
    2.6749036257     2.7635284622    -3.5473616868
    4.3449339257     2.1637124882     6.1765294700
    2.9123200721     0.8902866100     6.0498379811
    3.6461071979    -0.6871174026     5.6697635147
    1.9575930695    -0.7521667213     5.0363060706
    4.5992606090    -1.9225365673     4.6562316042
    0.5517474979     0.5938243546     4.4028486266
    2.5195177832    -2.0892785583     4.0227741601
    5.0430236634     5.4800854128     3.5160082049
    6.9716530499     2.1637124882     6.1765294700
    5.5390391963     0.8902866100     6.0498379811
    8.2909184784     0.9992539363     5.9231464923
    5.6880808846     3.1269403506     5.7964550035
    6.2728263221    -0.6871174026     5.6697635147
    8.5241546900    -0.6141908185     5.2896890483
    7.2259797331    -1.9225365673     4.6562316042
    5.4698378194     5.0574481856     4.1494656489
    6.1988776644     5.8671807262     2.5024762944
    8.6686318137     5.5040271612     1.8690188503
    7.1538492869     5.8483786872     0.8554869398
    5.7031181430     5.4154424200    -0.1580449707
    8.5393392952    -3.3851844825     2.9139042427
    6.4595964695    -3.5519264735     2.2804467986
    6.2728263221    -3.6124132330     2.1851087917
    7.2259797331    -4.8478323976     1.1715768812
    8.6696710893    -5.0310210803     0.1580449707
    6.4317180497    -5.7697794056    -0.4754124734
    7.9751810682    -5.7679117075    -1.4889443839
    5.4674992124    -5.7715563881    -2.1224018279
    7.0056362328    -5.7278349440    -3.1359337384
    4.5992606090    -4.8478323976     1.1715768812
    2.5195177832    -5.0145743887     0.5381194371
    3.8049989255    -5.7697794056    -0.4754124734
    1.4542898376    -5.0643668894    -1.1088699174
    5.3484619440    -5.7679117075    -1.4889443839
    2.8407800882    -5.7715563881    -2.1224018279
    4.3789171086    -5.7278349440    -3.1359337384
    2.2933363379    -0.1827031817    -5.6697635147
    4.7501247649    -1.7888726893    -6.1765294700
   10.4207748671    -2.1497653178     3.9274361532
   11.3739282781    -3.3851844825     2.9139042427
   14.1085711308    -1.7804421853     2.5338297763
   12.8176196342    -3.5683731651     1.9003723322
   10.5796665946    -4.3071314904     1.2669148881
   14.1732767597    -2.8943936244     0.8868404217
   10.7959296823     5.9993677504    -3.6181332558
   -1.0199981559     2.8270063102     4.4342021085
   -2.4526120095     1.5535804320     4.3075106196
   -2.3035703212     3.7902341726     4.0541276420
   -1.7188248837    -0.0238235806     3.9274361532
   -3.8714856116     2.4060801098     3.6740531756
   -3.4073390122    -0.0888728993     3.2939787091
   -3.8803530398     4.1962331559     3.0405957315
   -4.8520319781     3.6614377005    -2.2804467986
   -4.4583409253     0.3574751565    -2.6605212651
    0.4029655135     5.2798706434     4.4342021085
   -1.0296483401     4.0064447652     4.3075106196
    2.0685369593     6.0021357183     3.8007446644
    2.5183175697     4.8617969323    -3.8007446644
   -0.8196872011     7.4984089540     4.4342021085
   -2.2523010547     6.2249830758     4.3075106196
    0.4995782274     6.3339504021     4.1808191308
   -2.1032593664     8.4616368164     4.0541276420
   -3.6711746568     7.0774827537     3.6740531756
   -3.2070280574     4.5825297445     3.2939787091
   -3.6800420850     8.8676357997     3.0405957315
   -4.6128736289     5.9285208204     2.6605212651
   -4.2279065532     9.7622380075    -1.2669148881
   -4.2580299705     5.0288778003    -2.6605212651
   -4.1495614131     6.9721555261    -3.2939787091
   -2.3306765111     6.4236901138    -4.3075106196
    0.6032764683     9.9512732872     4.4342021085
   -0.8293373853     8.6778474090     4.3075106196
    1.9225418969     8.7868147353     4.1808191308
    2.2688479141    10.6735383621     3.8007446644
   -2.2482109874     9.5303470869     3.6740531756
    2.2863732052    12.1887001772     2.7872127539
    1.3013662059    13.2676462118     1.7736808434
    4.1293831303     7.1740664429    -1.7852321262
   -3.0383210027    12.3764260647    -2.2919980814
    5.0012281297     8.4597687312    -2.7987640367
    0.3254191120     6.7890541444    -5.7126682794
   -0.8901530567     8.1032500439    -6.3461257235
    1.2004865679     8.1621294752    -6.7262001899
   -0.4352813446     9.6948058001    -6.9795831675
    1.4808988046     9.7422352931    -7.1062746563
    2.4967819089    13.2204992475     1.7621295606
    3.8160473374    12.0560406956     1.5087465830
    4.1623533547    13.9427643224     1.1286721165
    4.1798786458    15.4579261375     0.1151402060
    3.1948716465    16.5368721721    -0.8983917045
    5.3561093327    15.5392058789    -1.5318491486
    4.1937606727    16.5608139205    -2.5453810591
    6.0322648626    14.8582001590    -3.1788385031
    2.6789781459    16.9051654465    -3.5589129696
    6.5742776730    12.4507565900    -3.8122959472
   -0.9114374432    15.4843283010    -3.9389874360
    4.8523162463    15.8375177725    -4.1923704136
    5.6760266182    10.2463447838    -4.4457533913
    1.2282470020    16.4722291793    -4.5724448801
    5.9538724412    13.8151484143    -4.8258278577
   -1.3352519134    14.0549306378    -4.9525193465
    5.6592690601    11.7071947139    -5.4592853018
    0.2983332310    15.3528261224    -5.5859767906
   -0.8330923031    12.6942458196    -5.9660512570
    4.2612831716    10.4272409102    -6.0927427458
   -4.6932588353     1.2867136888    -3.3158392013
   -2.7786006280    -1.2731570262    -3.7391378228
   -4.9088716207     3.3428625268    -4.0213369037
   -4.5545811983    -0.0680781695    -4.4446355252
   -3.7950026982     5.2227866950    -4.7268346062
   -1.5403291079    -1.8653720154    -4.8679341466
   -5.3101223064     2.0232987701    -5.1501332276
   -3.6511752367    -1.1188244581    -5.5734318490
    2.6262179434     2.9228417521    -5.7145313895
   -4.7054959367     4.1764439545    -5.8556309300
   -0.1674962264    -1.6697962270    -5.9967304705
   -4.9188443587     0.6956415880    -6.2789295515
    2.3115351357     0.7448635519    -6.4200290919
   -2.9975201948     5.5393957950    -6.5611286324
   -2.3274401175    -1.4947338397    -6.7022281729
   -4.8738364757     2.8178895739    -6.9844272539
    0.8396954345    -0.7480709714    -7.1255267943
   -3.8500038890    -0.1436733185    -7.4077258753
    2.0348387694     2.0734091969    -7.5488254158
   -3.6377940848     4.3434543877    -7.6899249563
   -1.0690600542    -0.9838252349    -7.8310244968
    1.8182477492     2.3342812944    -7.8537012086
   -3.8128758579     4.1422496620    -7.9948007491
   -0.7807619008    -1.1622911869    -8.1359002896
    0.6018841806     4.9724555729    -8.2769998301
   -4.6932588353     1.2867136888    -8.4180993706
    1.8485070968     0.4112597240    -8.5591989110
   -2.4727420860     5.5772375597    -8.7002984515
   -2.7786006280    -1.2731570262    -8.8413979920
    2.1503721688     3.6511872728    -8.9824975325
   -4.9088716207     3.3428625268    -9.1235970730
    0.5732730956    -1.2527546507    -9.2646966134
   -0.3770717720     5.9150661525    -9.4057961539
   -4.5545811983    -0.0680781695    -9.5468956944
    2.6222164925     1.5361536121    -9.6879952349
   -3.7950026982     5.2227866950    -9.8290947754
   -1.5403291079    -1.8653720154    -9.9701943159
    1.7410458808    -0.5138138482   -10.3934929373
   -1.7460597243     6.1191347978   -10.5345924778
   -4.7054959367     4.1764439545   -10.9578910992
   -0.1674962264    -1.6697962270   -11.0989906397
    2.3115351357     0.7448635519   -11.5222892612
   -2.9975201948     5.5393957950   -11.6633888016
    0.8396954345    -0.7480709714   -12.2277869636
   -1.0690600542    -0.9838252349   -12.9332846660
   -1.9171697519     4.6048596431   -13.4976828279
   -0.6181332510     0.6233626907   -14.0620809898
   -2.0414263117    -2.2792159459     2.9026191185
   -1.3015312342    -3.7949462386     2.3583780338
    0.8316491286    -3.6672653889     1.8141369491
   -0.4202582665    -4.7164049685     0.9070684745
   -2.1598925390    -4.6191016032     0.0000000000
    0.6238495583    -4.4481879105    -0.5442410847
   -3.4126692266    -3.4081738935    -0.9070684745
   -1.0631059724    -4.5283699189    -1.4513095592
   -3.4926771675    -1.7767436276    -1.8141369491
   -2.1378044679    -3.4293418326    -2.3583780338
   -0.5227126339    -2.9431716839    -2.9026191185
    3.3230555074     3.3025192531     6.1831834347
    1.8967626486     2.0312490340     6.0017697398
    2.0610634836     4.2282676768     5.6389423500
    0.5952980960     2.8669106365     5.0947012653
    3.1062781272     5.3223984197     4.7318738755
    7.9944581512     3.3025192531     6.1831834347
    9.2914881503     2.1432069648     5.8203560449
    6.7324661275     4.2282676768     5.6389423500
    9.5839339621     3.9680499953     5.2761149602
    7.7776807710     5.3223984197     4.7318738755
   10.6246137570     2.7946972116     4.3690464856
    9.4338146650     5.1732190229     3.8248054009
   10.6193386377     3.8840584314     2.9177369264
    8.4472854752     5.6045127722     2.3734958417
   10.4897428675    -4.1114607821    -2.7363232315
    9.2334411623    -5.3382488511    -3.6433917060
   10.6704514927    -3.0445534431    -4.1876327907
    7.5464856317    -5.4184308595    -4.5504601805
    9.5841064980    -4.2211115043    -5.0947012653
    6.4717871362    -4.3194027732    -5.4575286551
    9.5880598826    -2.2206751685    -5.6389423500
    8.0868789702    -3.8332326245    -6.0017697398
    1.7782964212    -5.5091625439    -3.0991506213
    0.5255197337    -4.2982348342    -4.0062190958
    2.8750829879    -5.4184308595    -4.5504601805
    0.4455117927    -2.6668045682    -4.9132875704
    1.8003844924    -4.3194027732    -5.4575286551
    1.6483084043    -1.7581086519    -5.8203560449
    3.4154763263    -3.8332326245    -6.0017697398
    3.3801051188    -1.9229477854    -6.1831834347
   13.2528180517    -3.7825386742     1.1508431271
   12.0009106566    -4.8316782538     0.2437746525
   10.2612763840    -4.7343748886    -0.6632938220
   13.0450184813    -4.5634611958    -1.2075349067
   11.3580629507    -4.6436432042    -2.1146033812
   13.3956838170    -3.4463238489    -2.6588444660
   11.8984562892    -3.0584449692    -3.5659129405
   11.8060354702     1.0386275187     4.9964355139
   10.3797426114    -0.2326427003     4.8150218190
   13.1030654693    -0.1206847696     4.6336081240
   10.5440434465     1.9643759424     4.4521944291
   11.1196376889    -1.7483729929     4.2707807342
   13.3955112811     1.7041582610     4.0893670393
   13.2528180517    -1.6206921433     3.7265396495
   11.5892580900     3.0585066853     3.5451259546
   14.4361910761     0.5308054772     3.1822985648
   13.2453919840     2.9093272885     2.6380574801
   11.3770676708     4.5743048434     2.0295657118
   10.1150756470     5.5000532671     1.4853246270
   11.1602902906     6.5941840100     0.5782561525
    8.7752657569     5.7351202092     0.0340150678
   10.0785026413     6.8711075378    -0.8730534067
   11.8298949948     6.8762983625    -1.7801218813
   13.5571342242    -1.8687119360    -6.1434991889
   14.9941445546     0.4249834720    -6.6877402737
   11.8701786936    -1.9488939444    -7.0505676635
   14.0051322148     2.7591186934    -7.2319813584
   13.9077995599    -0.7515745892    -7.5948087482
   13.9117529445     1.2488617466    -8.1390498329
   12.4105720321    -0.3636957095    -8.5018772227
   12.3752008245     1.5465891296    -8.6832909176
   13.9965728276     7.4785963772     0.1492883531
   15.0417874712     8.5727271200    -0.7577801214
   12.6567629375     7.7136633192    -1.3020212061
   16.6979213652     8.4235477233    -1.6648485960
   13.9599998219     8.8496506479    -2.2090896807
   11.9962992297     6.8564967263    -2.7533307654
   15.7113921754     8.8548414726    -3.1161581552
   13.1567557893     8.1137602225    -3.6603992399
   12.3810211367     5.7840500528    -4.2046403246
   14.7247770093     8.1466333801    -4.5674677144
   13.5838177483     6.6927459691    -5.1117087992
   15.3156144628     6.5279068356    -5.4745361890
   -5.7844168416     2.2981031139     1.9955506440
   -5.6584613440     3.8945270963     1.0884821694
   -6.3663385418     1.2820671086     0.5442410847
   -6.3189250518     3.0373605034    -0.3628273898
   -5.1584684922     4.2946239995    -1.2698958643
   -5.9342031448     1.9649138299    -1.8141369491
    5.0673236832     5.7813433240    -0.1814136949
    4.1294241984     6.3873925915    -1.6327232542
   -5.5859956127     7.1452502747     1.9955506440
   -5.0811994498     4.8364295222     1.4513095592
   -5.4600401152     8.7416742570     1.0884821694
   -6.1679173130     6.1292142694     0.5442410847
   -6.1205038230     7.8845076641    -0.3628273898
   -5.6557739750     5.1806307246    -0.9070684745
   -4.9600472634     9.1417711603    -1.2698958643
   -5.7357819160     6.8120609906    -1.8141369491
   -0.5074190715    11.3905464843     4.0553519715
   -1.9337119303    10.1192762653     3.8739382766
   -1.7694110953    12.3162949080     3.5111108868
   -3.2351764829    10.9549378677     2.9668698021
   -0.7241964517    13.4104256509     2.6040424123
   -3.1092209854    12.5513618501     2.0598013276
   -1.8059841010    13.6873491787     1.1527328530
   -3.7696846932    11.6941952571     0.6084917683
   -2.6092281336    12.9514587533    -0.2985767062
    2.4027589509     9.7030211765     4.0553519715
    3.6997889500     8.5437088882     3.6925245817
    3.9922347618    10.3685519187     3.1482834970
    3.8495415324     7.0437015145     2.7854561072
    5.0329145568     9.1951991350     2.2412150225
    3.8421154648    11.5737209463     1.6969739378
    4.8980436672     7.4895670619     1.3341465480
    5.0276394375    10.2845603548     0.7899054632
    5.0787522924     8.5564744009    -0.1171630113
    4.6826149045     7.1191807681    -3.2805643162
    3.4263131993     5.8923926991    -4.1876327907
    4.8633235297     8.1860881072    -4.7318738755
    3.7769785350     7.0095300460    -5.6389423500
    0.6646591732     6.9112387770    -6.0017697398
    3.7809319196     9.0099663818    -6.1831834347
    2.2797510072     7.3974089257    -6.5460108245
   -3.3246497481    12.1809755563    -2.5549095366
   -4.0325269459     9.5685155686    -3.0991506213
   -3.9851134559    11.3238089634    -4.0062190958
   -3.5203836079     8.6199320239    -4.5504601805
   -2.8246568963    12.5810724595    -4.9132875704
   -3.6003915489    10.2513622899    -5.4575286551
   -1.2566356763    12.6139456171    -5.8203560449
   -2.2455188492     8.5987640848    -6.0017697398
   -2.3975949373    11.1600582062    -6.3645971296
    3.2958924303    16.1189481728    -5.3403656438
    0.7412560442    15.3778669227    -5.8846067285
    4.5300461080    15.0045430995    -6.2474341183
    4.4327134531    11.4938498169    -6.6102615081
    2.3092772642    15.4107400803    -6.7916752030
    1.3203940913    11.3955585480    -6.9730888979
    4.4366668376    13.4942861527    -7.1545025928
    1.1683180032    13.9568526693    -7.3359162877
    2.9354859252    11.8817286967    -7.5173299827
    2.9001147177    13.7920135358    -7.6987436776
    1.3879760950    14.6597724446     1.3832794237
    0.1259840713    15.5855208683     0.8390383389
   -1.3397813164    14.2241638280     0.2947972542
    1.1711987148    16.6796516111    -0.0680301356
   -1.2138258188    15.8205878103    -0.6122712203
    0.0894110656    16.9565751390    -1.5193396948
   -1.8742895266    14.9634212174    -2.0635807796
   -0.7138329670    16.2206847136    -2.9706492541
    4.2981541175    12.9741368627     1.3832794237
    5.5951841166    11.8148245744     1.0204520338
    5.8876299284    13.6396676050     0.4762109491
    5.7449366989    10.3148172007     0.1133835593
    6.9283097233    12.4663148212    -0.4308575254
    5.7375106313    14.8448366325    -0.9750986101
    6.7934388338    10.7606827482    -1.3379259999
    6.9230346040    13.5556760411    -1.8821670846
    6.9741474590    11.8275900872    -2.7892355592
   -4.6012090487    -0.4283470820   -10.0609011633
   -5.6879269119     0.8644376651   -10.9679696378
   -3.9230068864    -1.2950735893   -11.5122107226
   -5.6405134219     2.6197310599   -11.8750381124
   -5.1757835739    -0.0841458796   -12.4192791971
   -4.4800568623     3.8769945561   -12.7821065869
   -2.8262203197    -1.2043419049   -12.9635202818
   -5.2557915149     1.5472843864   -13.3263476716
   -2.9120356423     3.9098677136   -13.6891750614
   -3.9009188152    -0.1053138187   -13.8705887563
   -4.0529949033     2.4559803027   -14.2334161461
   -2.2858269813     0.3808563300   -14.4148298410
   -2.3211981888     2.2911411691   -14.5962435359
    2.8408324100     3.1121711777   -10.2290867763
    1.6500333180     5.4906929890   -10.7733278610
    2.7059615205     1.4065391046   -11.1361552508
    2.8355572907     4.2015323975   -11.6803963355
    0.6635041282     5.9219867383   -12.2246374203
    2.8866701456     2.4734464436   -12.5874648101
    1.8976578059     4.8075816651   -13.1317058948
    1.8003251510     1.2968883825   -13.4945332846
   -0.3231110379     5.2137786458   -13.6759469795
    1.8042785355     3.2973247182   -14.0387743693
   -1.4640702990     3.7598912348   -14.2201880642
    0.3030976231     1.6847672622   -14.4016017591
    0.2677264156     3.5950521013   -14.5830154540
   -6.2912537352    -1.9409654404     5.4550090204
   -7.7175477709    -3.2095898772     5.3139094799
   -4.9816592759    -3.1002901720     5.1728099395
   -7.5654467327    -0.9897615665     5.0317103990
   -6.9848253089    -4.7672927641     4.8906108585
   -4.6489934582    -1.2343314395     4.7495113180
   -9.1044632018    -2.3638788731     4.6084117775
   -4.7683886000    -4.6821396800     4.4673122371
   -6.5038204808     0.2243177913     4.3262126966
   -8.6329205078    -4.8077750563     4.1851131561
   -3.4521980330    -2.4316076488     4.0440136156
   -9.0833216401    -0.6236392812     3.9029140751
   -6.0512076830    -5.9281801301     3.7618145346
   -4.6685616016     0.2065666296     3.6207149942
   -9.9637046175    -3.4791752544     3.4796154537
   -3.4219386854    -4.3546292193     3.3385159132
   -7.7431878682     0.8113486165     3.1974163727
   -3.1200736134    -1.1147016704     2.9152172917
  -10.1793174029    -1.4230264165     2.7741177513
   -4.6971726866    -6.0186435940     2.6330182108
   -5.6475175542     1.1491772093     2.4919186703
   -2.6482292897    -3.2297353312     2.2097195893
   -9.0654484804     0.4568977517     2.0686200489
   -3.5293999014    -5.2797027915     1.5042218869
   -7.0165055065     1.3532458546     1.3631223464
   -9.9759417189    -0.5894449887     0.9398237250
   -5.4379420086    -6.4356851702     0.7987241845
   -8.2679659770     0.7735068517     0.2343260226
  -10.1442822579    -1.9479993694    -0.1889725989
   -4.4307503477    -5.5139599147    -0.3300721393
   -8.9082398671    -0.4224345556    -0.8944703013
   -4.2924342571    -4.1351709049    -1.4588684632
   -7.1876155341    -0.1610293001    -1.5999680037
   -4.5143655102    -1.9282297523    -1.8821670846
   -8.3358896249    -1.8751578474    -2.0232666251
   -5.8885790332    -4.1425262525    -2.1643661656
   -6.1583732070    -1.4177797714    -2.3054657061
   -7.2177424073    -3.0056902019    -2.4465652466
   -1.4280389032     6.6594582271    -4.6506156579
    2.4954066127     4.9441947110    -5.0134430478
    2.5465194677     3.2161087572    -5.9205115223
    1.5575071279     5.5502439786    -6.4647526070
   -0.6632617159     5.9564409593    -7.0089936917
   -8.1593468468    -6.0796249588     3.5130006128
  -10.2007064769    -3.7282330637     3.1501732230
   -9.6959103139    -6.0370538162     2.6059321383
   -7.2780738791    -7.0010836887     2.0616910536
  -10.7826281772    -4.7442690690     1.6988636638
   -9.0177081517    -6.9037803235     1.1546225790
  -10.7352146872    -2.9889756743     0.7917951892
   -6.2339660544    -6.7328666307     0.6103814943
  -10.2704848392    -5.6928526138     0.2475541045
   -7.9209215850    -6.8130486391    -0.2966869802
  -10.3504927802    -4.0614223478    -0.6595143700
   -8.9956200805    -5.7140205528    -1.2037554547
   -9.1476961686    -3.1527264315    -1.5665828445
   -7.3805282465    -5.2278504041    -1.7479965395
   12.0280768400    -2.3003930257    -4.8362572144
   12.6439731684     5.2278445206    -4.9752641769
    9.8002682099    -2.1599129720    -5.5312920271
   12.8906762639     4.1417083270    -6.7823546901
   14.9368480918     2.7476378187     2.7164411848
   16.2561135204     1.5831792668     2.4630582072
   13.6532759265     3.7108656811     2.3363667184
   16.6024195376     3.4699028936     2.0829837408
   15.3420389310     1.7203484715    -6.1519630321
   16.0982197778     0.7632324493     2.5826255178
   14.6719257421    -0.5053919875     2.4415259773
   17.4078142371    -0.3960922823     2.3004264368
   15.4046482040    -2.0630948744     2.0182273558
   17.7404800547     1.4698664502     1.8771278153
   17.6210849129    -1.9779417903     1.5949287344
   18.9372754800     0.2725902408     1.1716301129
   16.3382658299    -3.2239822405     0.8894310320
   18.9675348275    -1.6504313296     0.4661324105
   14.3404271027    -3.3348480798     0.1839333296
   17.6923008263    -3.3144457043    -0.2393652919
   19.7412442233    -0.5255374415    -0.6626639133
   15.5786986228    -3.9270630690    -0.9448629943
   18.8600736116    -2.5755049018    -1.3681616157
   16.9515315043    -3.7314872805    -2.0736593182
   19.4305628664    -1.3168275016    -2.4969579396
   14.7915876133    -3.5564248933    -2.7791570206
   17.9587231652    -2.8097620250    -3.2024556420
   13.2690238418    -2.2053643721    -3.4846547230
   19.1538665001     0.0117181433    -3.6257542635
   16.0499676765    -3.0455162885    -3.9079533444
   18.0970392558    -1.4309730152    -4.3312519659
   14.6988034719    -2.0256413434    -4.6134510468
   16.5008944798    -1.4383283628    -5.0367496683
    4.8183671019     5.0059959240    -6.1407311396
    7.2386310468    -2.6271650865    -6.2674226284
    7.0057906615     6.0844992149    -6.7741885837
    4.8879219589    -1.9217525704    -6.9008800725
    5.4994971025     5.6971437064    -7.7877204942
   11.3140490007     4.0187318884    -8.0411034718
    4.2286230805    -1.2285633222    -8.5478694271
    4.3703466949     4.6448600304    -8.8012524047
    5.5995093443    -1.8533428468    -9.5614013376
    4.3402232776    -0.0885001768   -10.1948587816
   10.9410531982     0.8677264433   -10.3215502704
    5.5801173691     4.5133578518   -10.4482417593
    4.4486918351     1.8547775489   -10.8283162257
    5.8127050249    -0.2852436195   -11.2083906921
    9.8939181032     1.9629572658   -11.3350821809
    5.7269684592     2.9599111373   -11.4617736698
    7.9033446495    -0.2263641882   -11.5884651586
    6.2675767370     1.3063121367   -11.8418481362
    8.1837568861     1.3537416297   -11.9685396250
   10.4260769831     6.1899976951    -4.7582501917
    8.9112944563     6.5343492211    -5.7717821022
   11.0846325567     5.4667015471    -6.4052395463
    9.6244526878     5.6761651127    -7.4187714568
    7.0889785552     5.8972752090    -0.4547940546
    5.8496111678     6.4843060343    -1.5835903784
    7.9452814818     6.8221346271    -2.2890880809
    4.5273505556     6.1298551695    -2.7123867023
    6.5762935295     7.0262032723    -3.4178844047
    3.6168573171     5.0835124290    -3.8411830262
    5.3248330590     6.4464642695    -4.5466807286
    3.4485167781     3.7249580484    -4.9699793500
    7.3910508997     6.5170387099    -5.2521784310
    4.6845591689     5.2505228622    -5.6754770524
    9.8550907242    -2.1309181602    -6.3570382257
    8.6031833291    -3.1800577398    -7.2641067002
   10.9035928590    -1.6850526128    -7.8083477849
    6.8635490565    -3.0827543745    -8.1711751747
    9.6472911538    -2.9118406817    -8.7154162594
   11.0843014842    -0.6181452737    -9.2596573441
    7.9603356232    -2.9920226901    -9.6224847340
    9.9979564895    -1.7947033349   -10.1667258187
    6.8856371277    -1.8929946039   -10.5295532085
    8.5007289617    -1.4068244552   -11.0737942932
    9.9629379418     5.7023422997    -8.0710196973
    7.2250163986     6.1284452243    -8.6152607820
   11.1484619145     4.4131817082    -8.9780881718
    8.9764087520     6.1336360490    -9.5223292566
    6.4217723659     5.3925547989   -10.0665703413
   10.2105624297     5.0192309758   -10.4293977311
    7.9897935859     5.4254279565   -10.9736388158
   10.1171831594     3.5089740290   -11.3364662056
    6.8488343249     3.9715405456   -11.5178799005
    8.5806310394     3.8067014120   -11.8807072903
    2.9933603755     2.0165339416    -5.5520149545
    3.4981565385    -0.2922868109    -6.0962560392
    3.1193158730     3.6129579240    -6.4590834290
    2.4114386752     1.0004979363    -7.0033245138
    2.4588521652     2.7557913311    -7.9103929883
    2.9235820132     0.0519143916    -8.4546340730
    3.6193087248     4.0130548272    -8.8174614628
    2.8435740722     1.6833446576    -9.3617025475
    4.0463706838     2.5920405739   -10.2687710221
   16.2122703794     4.9223452647     1.9298266147
   14.9339871258     5.8774687518     1.5128057270
   15.9993489824     7.1010277658     0.8177709143
   13.4029298512     6.2512406784     0.4007500266
   13.7503864634     5.1661438375    -5.4375424006
   16.5487775710     6.0608525007    -5.7155563257
   15.5172216410     4.8434120237    -6.1325772133
   18.9525158176     4.9227124316     2.3328268091
   17.5199019640     3.6492865533     2.2061353203
   17.6689436523     5.8859402940     1.9527523427
   20.6180872634     5.6449775065     1.6993693651
   18.7402802594     7.1411189249     1.3192948986
   20.6356125545     7.1601393216     0.6858374546
   17.4507005871     7.8164481290     0.3057629881
   22.2898913433     5.8208777175     0.0523800105
   22.8655113889     3.5910648477    -0.5810774336
   22.0061909824     1.3272542342    -1.2145348776
   23.0592176961     5.1121892974    -1.5946093441
   19.9560438359    -0.0836159338    -1.8479923217
   22.8780359819     2.6129565225    -2.2280667881
   22.4879987713     6.5604133431    -2.6081412546
   21.3211870227     0.6616012528    -2.8615242322
   23.0300115817     4.1529697741    -3.2415986986
   17.6839809107     8.1744423633    -4.0017476315
   22.4096063499     5.5173615984    -4.2551306091
   16.7540671397     7.0550393064    -5.0152795420
   21.1537630578     6.2406661212    -5.2686625197
   18.5958450797     6.9851763207    -5.6487369861
   16.9866547955     2.2564378352    -5.7754284749
   16.9009182298     5.5015925920    -6.0288114525
   19.5268309295     5.6469429874    -6.2821944302
   17.4415265076     3.8479935913    -6.4088859190
   21.2284255038     7.5320732098     0.0755890395
   19.4221723127     8.8864216342    -0.4686520452
   21.0783062068     8.7372422374    -1.3757205197
   18.3403846635     9.1633451620    -1.9199616044
   22.2638301795     7.4480816459    -2.2827889942
   20.0917770170     9.1685359867    -2.8270300789
   17.5371406309     8.4274547366    -3.3712711637
   21.3259306947     8.0541309135    -3.7340985535
   19.1051618509     8.4603278942    -4.2783396382
   20.8779327041     0.5123428096    -4.3274725139
   22.3149430344     2.8060382176    -4.8717135986
   19.1909771734     0.4321608012    -5.2345409884
   21.2285980398     1.6294801564    -5.7787820731
   18.1162786779     1.5311888875    -6.1416094629
   21.2325514243     3.6299164922    -6.3230231579
   19.7313705119     2.0173590362    -6.6858505477
   19.6959993044     3.9276438753    -6.8672642426
   19.6389496929     3.9525849931     2.6645136439
   18.2126568341     2.6813147741     2.4830999490
   20.9359796921     2.7932727049     2.3016862541
   18.9525519116     1.1655844815     1.9388588643
   21.2284255038     4.6181157354     1.7574451694
   21.0857322744     1.2932653311     1.3946177796
   22.2691052988     3.4447629516     0.8503766949
   19.8338248793     0.2441257515     0.4875493051
   22.1342344093     1.7391308786    -0.0566917797
   -1.1617058419    -0.5731835081     4.5039287458
   -0.4276291196    -2.1567091461     4.1387453340
   -2.1287226680    -2.2294311286     3.5301063143
    0.5315858103    -3.4152823444     3.1649229025
    0.6090149135    -2.2516993987     4.0899359891
    3.2982826110    -3.4647323870     3.7583195575
    1.1494994163    -3.6815262299     3.2056255050
    4.8190960343    -3.7304474461     2.8740090734
    2.4748739875    -4.5772187211     2.3213150208
    4.3447730845     2.1632988026     6.8271126452
    2.9110225548     0.8896464173     6.7165738347
    3.6433223516    -0.7011625254     6.3849574032
    1.9223744755    -0.7890514836     5.8322633506
    4.6116421731    -2.0020844718     5.5006469190
    0.4516296968     0.5691170866     5.2795692980
    2.4628589784    -2.2188783147     4.9479528665
    5.0902164921     5.6754096538     4.5057976244
    3.7882335496    -3.1145708060     4.0636423823
    3.5325075400     6.2163286561     3.6214871403
    4.6005408302     6.5563386631     2.1844826036
    6.9714922086     2.1632988026     6.8271126452
    5.5377416789     0.8896464173     6.7165738347
    8.2954933484     0.9979221646     6.6060350242
    5.6833512360     3.1347262418     6.4954962137
    6.2700414758    -0.7011625254     6.3849574032
    8.5468341580    -0.6399988375     6.0533409716
    7.2383612972    -2.0020844718     5.5006469190
   10.0618314280    -0.3730431015     5.1690304875
    5.4283969051     5.1786382803     5.0584916770
    8.7591747205    -2.2677995309     4.6163364349
    6.4149526737    -3.1145708060     4.0636423823
    6.1592266641     6.2163286561     3.6214871403
    7.2272599544     6.5563386631     2.1844826036
    5.4478778960     6.4284467101     1.3001721194
    8.2840941998     6.2499397100     0.7474780668
    8.5517208593    -3.4647323870     3.7583195575
    6.4029376646    -3.6815262299     3.2056255050
    7.7283122358    -4.5772187211     2.3213150208
    9.4149151497    -4.7316211334     1.4370045367
    7.2383612972    -4.9273803022     2.0159921961
    8.7591747205    -5.1930953612     1.1316817119
    6.4149526737    -6.0398666363     0.5789876593
    8.1015555876    -6.1942690485    -0.3053228248
    9.7439485537    -5.5667262082    -1.1896333089
    7.0675662257    -6.5894772567    -1.7423273615
    8.7725232160    -6.0820618088    -2.6266378456
    5.9876862754    -6.3462020600    -3.1793318982
    4.6116421731    -4.9273803022     2.0159921961
    2.4628589784    -5.1441741451     1.4632981435
    3.7882335496    -6.0398666363     0.5789876593
    1.2346950299    -5.3664668660     0.0262936068
    2.6808494791    -6.3311032164    -0.8580168774
    0.2359153482    -4.8673342409    -1.4107109299
    4.4408471015    -6.5894772567    -1.7423273615
    1.6457110609    -5.9599881088    -2.2950214141
    3.3609671512    -6.3462020600    -3.1793318982
    5.0081528159    -5.9521857154    -4.0636423823
    4.8064331139    -3.5428605099    -6.3849574032
   10.4179900208    -2.1638104406     4.6426300417
   11.3863098422    -3.4647323870     3.7583195575
   14.2097799730    -1.8356910167     3.4267031260
   12.9071232655    -3.7304474461     2.8740090734
   10.5629012187    -4.5772187211     2.3213150208
   14.4222867036    -3.1110739351     1.9896985893
   12.2495041326    -4.7316211334     1.4370045367
   11.8531044578     5.0084014774     2.4827138760
   11.6463694930     6.8285962971    -3.5969207024
   -1.0201589972     2.8265926246     5.0847852837
   -2.4539095269     1.5529402393     4.9742464732
   -2.3082999698     3.7980200638     4.7531688522
   -1.7216097300    -0.0378687034     4.6426300417
   -3.8983195431     2.4089949867     4.4215524206
   -3.4425576061    -0.1257576616     4.0899359891
   -3.9350732000     4.2400107018     3.8688583681
   -4.9133023848     1.2324109086     3.5372419365
   -5.2588360443     3.4606290548     2.9845478839
   -5.2437500188     3.2344530708    -3.0950866944
    0.4028046722     5.2794569579     5.0847852837
   -1.0309458574     4.0058045725     4.9742464732
    2.0848978803     6.0141508016     4.5320912312
   -0.8198480424     7.4979952685     5.0847852837
   -2.2535985721     6.2243428831     4.9742464732
    0.5041530974     6.3326186304     4.8637076627
   -2.1079890150     8.4694227076     4.7531688522
   -3.6980085883     7.0803976305     4.4215524206
   -3.7347622452     8.9114133456     3.8688583681
   -4.7129914300     5.9038135524     3.5372419365
   -5.0585250895     8.1320316986     2.9845478839
   -4.8262326219    10.3279822758     0.1105388105
   -4.8590015089     9.5073815346    -2.2107762103
   -5.3690899072     5.5069406945    -2.5423926419
   -5.0434390640     7.9058557146    -3.0950866944
   -4.3361063828     6.5482832135    -3.9793971786
    0.6031156270     9.9508596017     5.0847852837
   -0.8306349027     8.6772072163     4.9742464732
    1.9271167668     8.7854829637     4.8637076627
   -0.6850253456    10.9222870408     4.7531688522
    2.2852088351    10.6855534454     4.5320912312
   -2.2750449189     9.5332619637     4.4215524206
    2.1784575764     7.1475619615     4.3110136101
    0.3919163369    12.2120369460     4.2004747996
    2.3370803377    12.2648901213     3.6477807470
    1.3485590347    13.4629704528     2.7634702629
   -4.3351494745    11.2629851977    -0.7737716736
    5.4905575814     8.2722598427    -1.5666844427
   -4.2013952450    11.0354016184    -2.0088396848
   -2.9308374554    13.5990979621    -2.5615337374
   -2.2625322832     7.7707305530    -6.0987756739
   -1.6137511187    12.7652222646    -6.3198532949
   -0.7249299638     7.7231784697    -6.9830861580
   -1.3365519334    11.2095373350    -7.2041637790
    1.5372071536     7.9882474725    -7.3147025896
   -0.7104116217     9.3802079292    -7.5357802106
    2.0344783195     9.6674310456    -7.6463190211
    0.4333199895    10.7229512882    -7.7568578316
    1.2084800950    14.1915130011     2.0810963043
    4.1787142757    13.9547794057     1.8600186833
    2.2854217775    15.4812629062     1.5284022517
    4.2305857783    15.5341160815     0.9757081991
    3.2420644753    16.7321964131     0.0913977150
    5.5646677280    15.7402973140    -0.4612963376
    4.3997449230    16.9834785536    -1.3456068217
    6.5542528328    15.1787855201    -1.8983008743
    2.7523888134    17.6131254224    -2.2299173058
    5.4148815944    16.5477770293    -2.7826113584
    6.5081218156     9.6983939468    -3.0036889794
    0.9730067550    17.4852334694    -3.1142277899
    7.0390137217    14.1921346811    -3.3353054110
   -2.4416440339    14.5322111580    -3.4458442215
    3.8092230587    17.3067264693    -3.6669218425
    7.0843518054    11.3702257459    -3.8879994636
   -0.5673708282    16.6264702702    -3.9985382741
    6.0215761846    15.6186705126    -4.2196158951
    5.5909892706     9.0615563497    -4.4406935161
    2.0786868127    17.3014577259    -4.5512323267
    6.8829992648    13.0715435913    -4.7723099477
   -1.5425323989    15.2294718281    -4.8828487582
    4.5373753511    16.4124416856    -5.1039263792
    6.1911226109    10.6100627026    -5.3250040003
    0.6143459587    16.5433308171    -5.4355428108
    5.9588291652    14.4076182108    -5.6566204318
   -1.7269699540    13.6279460081    -5.7671592423
    5.9355045220    12.1528886088    -6.2093144844
   -0.1926771753    15.2161968718    -6.3198532949
    4.6741087772    10.5983491774    -6.7620085370
    0.0845220100    13.6605119422    -7.2041637790
    0.7106623217    11.8311825364    -7.5357802106
   -4.8010141979    -0.2338284692    -3.4901706799
   -1.5632024831    -2.2338580299    -3.8628042154
   -5.7328674569     2.0124982027    -4.1112265724
   -3.9527558504    -1.5337135773    -4.4838601079
   -5.2028054730     4.4752301266    -4.7322824649
   -5.5643298567     0.4410445640    -5.1049160003
   -3.3459805782     6.2370439201    -5.3533383573
   -2.5545400478    -2.2892849668    -5.4775495358
   -5.7846976442     2.9938800713    -5.7259718928
   -4.6765082331    -0.8771619145    -6.0986054283
   -4.5426406783     5.1990276290    -6.3470277853
   -0.9741464898    -2.3043734763    -6.4712389638
   -5.6054642226     1.4330779690    -6.7196613208
    2.3200707492    -0.2530540077    -6.8438724993
   -2.3380444459     6.2752383380    -6.9680836777
   -3.3003703553    -1.5951368858    -7.0922948562
   -5.0696439587     3.7553121573    -7.3407172132
    0.3655829761    -1.5682523814    -7.4649283917
   -4.7023607371     0.2211604188    -7.7133507487
   -2.5304734911     5.7460676775    -7.8471637782
   -2.8571165233    -1.4527520763    -7.9713749567
    2.3464207793     3.7380380038    -8.0955861352
   -5.1303699101     3.4173989160    -8.2197973137
    0.6959991541    -1.4749885132    -8.3440084922
   -0.3124976281     6.1823291238    -8.4682196706
   -4.8010141979    -0.2338284692    -8.5924308491
   -4.0112517539     5.4904024784    -8.8408532061
   -1.5632024831    -2.2338580299    -8.9650643846
    1.8798292001     5.1847628656    -9.0892755631
   -5.7328674569     2.0124982027    -9.2134867416
    2.0816933721    -0.8102341563    -9.3376979201
   -1.8003971645     6.5976045626    -9.4619090986
   -3.9527558504    -1.5337135773    -9.5861202771
   -5.2028054730     4.4752301266    -9.8345426341
    0.0076289122    -2.2606264736    -9.9587538126
    0.7162106383     6.2478181396   -10.0829649911
    2.9985562017     0.4816001084   -10.3313873481
   -3.3459805782     6.2370439201   -10.4555985265
   -2.5545400478    -2.2892849668   -10.5798097050
    1.4254477850    -1.5375869661   -10.9524432405
   -0.8238255508     6.6464582233   -11.0766544190
   -4.5426406783     5.1990276290   -11.4492879545
   -0.9741464898    -2.3043734763   -11.5734991330
    2.3200707492    -0.2530540077   -11.9461326685
   -2.3380444459     6.2752383380   -12.0703438470
    0.3655829761    -1.5682523814   -12.5671885609
   -3.3951500792     5.2193031506   -13.0640332749
    1.0304844149    -0.2599712613   -13.5608779889
   -0.7616729497    -0.4210885895   -14.1819338814
   -1.9094305630     3.6677963796   -14.6787785953
   -1.3074518043    -3.8248061031     2.9183942224
   -0.3916950911    -4.8999149622     1.6563859100
   -2.2994003010    -4.9382077335     0.8676307148
    0.8554253574    -4.8675282278     0.3943775976
   -1.1116279222    -5.3100499179    -0.3943775976
   -2.9048852709    -4.4846267690    -1.1831327929
    0.0292096983    -4.8052253568    -1.6563859100
   -1.6248466052    -4.2875971823    -2.4451411052
   -2.1185921939    -2.8021500089    -3.2338963005
    3.3226774915     3.3015469918     6.6485489999
    1.8942112141     2.0299901610     6.4907979608
    2.0511280013     4.2446233493     6.1752958827
    0.5370889870     2.8732336900     5.7020427656
    3.1082143345     5.4160810158     5.3865406875
    7.9940801353     3.3015469918     6.6485489999
    9.3009344770     2.1404570833     6.3330469218
    6.7225306451     4.2446233493     6.1752958827
    9.6190791054     3.9938597785     5.8597938047
    7.7796169783     5.4160810158     5.3865406875
   10.7602703442     2.8037824786     5.0710386094
    9.5521675850     5.3510500675     4.5977854923
   10.9746346255     4.0414567225     3.8090302970
    8.5717243948     6.1195473265     3.3357771799
   10.3029091076     5.0893273320     2.5470219846
    9.4650169614    -5.7575891684    -2.7047730237
   10.3791095271    -4.9128971445    -3.9667813361
    8.6388013023    -5.6952862975    -4.7555365313
   10.4644422135    -3.6513768297    -5.2287896485
    6.9847449988    -5.1776581229    -5.5442917266
    9.0059047722    -4.3315764827    -6.0175448437
    0.0400896744    -4.6247340366    -3.0202751018
    2.8265610381    -6.2001108585    -3.4935282189
   -0.5069730925    -2.6911392700    -3.8090302970
    1.0333036894    -5.3746877096    -4.2822834142
    3.9673986585    -5.6952862975    -4.7555365313
    0.2167840435    -3.7177673367    -5.0710386094
    2.3133423550    -5.1776581229    -5.5442917266
    0.7383664303    -2.1536211680    -5.8597938047
    4.3345021284    -4.3315764827    -6.0175448437
    1.8195967663    -3.6922109495    -6.3330469218
    2.5032957085    -2.0833126300    -6.6485489999
   12.0294738320    -5.0151882475     0.9930920880
   13.2765942804    -4.9828015131    -0.2689162244
   11.3095410009    -5.4253232032    -1.0576714196
   12.4503786213    -4.9204986421    -2.3196797320
   12.8174820913    -3.5567888273    -3.5816880444
   11.8056574543     1.0376552574     5.4618010791
   10.3771911769    -0.2339015733     5.3040500400
   13.1125117960    -0.1234346510     5.1462990010
   11.1137171188    -1.7782328574     4.8307969229
   13.4306564244     1.7299680441     4.6730458838
   13.3024923803    -1.6772188667     4.3575438057
   11.5911942973     3.1521892815     4.1997927667
   14.5718476632     0.5398907442     3.8842906886
   13.3637449040     3.0871583332     3.4110375714
   10.1051401647     5.5164089397     2.0216781598
   11.1622264979     6.6878666062     1.2329229646
    9.9779362429     7.1652046043    -0.0290853478
   11.9543339144     7.3913329168    -0.8178405431
   10.7113060941     7.3301884761    -2.0798488555
   13.7887100234    -2.2880522533    -5.2048805066
   11.8216567438    -2.7305739434    -5.9936357018
   14.7028025890    -1.4433602294    -6.4668888190
   15.3489046258     1.5411116616    -6.9401419361
   12.9624943642    -2.2257493824    -7.2556440142
   14.7881352754    -0.1818399147    -7.7288971314
   14.1990339685     2.1921308520    -8.2021502485
   13.3295978342    -0.8620395676    -8.5176523266
   13.3337894656     0.8489285818    -8.9909054438
   13.9866373453     7.4949520497     0.6856418859
   15.0437236785     8.6664097162    -0.1031133094
   12.5319298001     7.8135330635    -0.5763664265
   13.8594334235     9.1437477144    -1.3651216218
   15.8358310950     9.3698760269    -2.1538768170
   12.7099783732     8.6666629294    -2.6271299342
   14.5928032747     9.3087315861    -3.4158851294
   12.1531112973     7.5523218928    -3.8891382465
   16.3620865937     8.6751911972    -4.2046403246
   13.7270369218     8.3701989044    -4.6778934418
   12.6738757743     6.2972334530    -5.1511465589
   15.1839669058     7.7643114546    -5.4666486370
   -5.8426259505     2.3044261674     2.6028921443
   -5.7832944814     3.9943968405     1.8141369491
   -6.7284397432     3.1751662920     0.5521286367
   -6.8866880300     1.9405791281    -0.7098796757
   -6.1621129842     3.7331856699    -1.4986348710
   -6.1629308940     0.9139510614    -1.9718879881
   -5.6413485072     2.4780972301    -2.7606431833
   -5.6442047217     7.1515733282     2.6028921443
   -5.5848732526     8.8415440013     1.8141369491
   -6.4044870048     6.0708331352     1.3408838319
   -6.5300185144     8.0223134527     0.5521286367
   -6.1412040343     4.8541315223     0.0788755195
   -5.4068246796     9.6946738672    -0.2366265586
   -6.6882668012     6.7877262888    -0.7098796757
   -5.9636917554     8.5803328306    -1.4986348710
   -5.9645096652     5.7610982221    -1.9718879881
   -5.4429272784     7.3252443908    -2.7606431833
   -1.7793465776    12.3326505805     4.0474644196
   -3.2933855919    10.9612609212     3.5742113024
   -0.7222602444    13.5041082470     3.2587092243
   -3.2340541228    12.6512315943     2.7854561072
   -1.9065504994    13.9814462452     1.9967009120
   -4.1791993846    11.8320010457     1.5234477948
   -3.0560055497    13.5043614603     0.7346925996
    3.7092352767     8.5409590067     4.2052154586
    4.0273799051    10.3943617019     3.7319623415
    3.8992158610     6.9871747910     3.4164602634
    5.1685711439     9.2042844020     2.9432071462
    5.1403100661     7.3573164093     2.1544519510
    5.3829354252    10.4419586459     1.6811988339
    5.7166590371     8.4603696514     0.8924436386
    5.5012302744     8.0899833576    -3.7222672255
    2.8316733393     5.5353552528    -5.2997776160
    4.6573142505     7.5792647205    -5.7730307332
    3.1987768093     6.8990650676    -6.5617859284
    3.2029684407     8.6100332170    -7.0350390456
   -4.3946281473    11.4616147520    -3.0912630694
   -3.2714343124    13.1339751665    -3.8800182646
   -4.5528764341    10.2270275881    -4.3532713817
   -3.8283013883    12.0196341299    -5.1420265770
   -3.8291192981     9.2003995214    -5.6152796941
   -2.2543757638    12.8375111414    -5.9307817722
   -3.3075369112    10.7645456901    -6.4040348894
   -2.2263065753     9.2259559086    -6.8772880065
   -1.5426076331    10.8348542280    -7.1927900846
    3.9465868486    15.9392978973    -6.4288478132
    1.3115371767    15.6343056045    -6.9021009304
    4.7239478617    14.4375552581    -7.2176030085
    0.2583760292    13.5613401532    -7.3753540475
    3.8545117273    11.3833848385    -7.5331050866
    2.7684671607    15.0284181548    -7.6908561256
    1.3396063652    12.0227503717    -7.8486071647
    3.8587033588    13.0943529880    -8.0063582037
    2.0233053074    13.6316486912    -8.1641092427
    0.1160485890    15.6018765408     1.3753918717
    1.1731349222    16.7733342073     0.5866366765
   -1.3386589562    15.9204575546     0.1133835593
   -0.0111553328    17.2506722055    -0.6753716359
   -2.2838042181    15.1012270060    -1.1486247531
   -1.1606103832    16.7735874205    -1.9373799483
    5.6046304433    11.8120746930     1.5331429108
    5.9227750717    13.6654773881     1.0598897936
    5.7946110276    10.2582904773     0.7443877155
    7.0639663105    12.4754000882     0.2711345984
    7.0357052327    10.6284320956    -0.5176205969
    7.2783305918    13.7130743321    -0.9908737140
    7.6120542037    11.7314853377    -1.7796289093
    6.6828054934     9.9592463858    -2.5683841045
   -5.9244966037     0.8060565310   -10.1713268906
   -4.0625146483    -1.6141797196   -10.6445800078
   -6.0500281133     2.7575368485   -10.9600820859
   -5.6612136332    -0.4106450820   -11.4333352030
   -2.8747422695    -1.9860219039   -11.9065883202
   -6.2082764001     1.5229496846   -12.2220903983
   -4.6679996182    -1.1605987551   -12.6953435154
   -5.4837013543     3.3155562264   -13.0108455935
   -5.4845192641     0.4963216179   -13.4840987107
   -3.9097757298     4.1334332379   -13.7996007888
   -3.3879609526    -0.9635691683   -13.9573518278
   -4.9629368773     2.0604677866   -14.2728539059
   -1.3668011792    -0.1174875281   -14.4306049449
   -3.8817065413     0.5218780051   -14.7461070230
   -3.1980075991     2.1307763246   -15.0616091011
    1.7683862379     5.6685240336   -10.0003477697
    3.1908532784     4.3589306886   -10.7891029649
    0.7879430478     6.4370212926   -11.2623560821
    3.5245768903     2.3773416941   -11.5778581602
    2.5191277606     5.4068012980   -12.0511112773
    2.5953281801     0.6051027422   -12.3666133554
   -0.4550847725     6.3758768518   -12.5243643944
    3.2414302169     3.5895746333   -12.8398664725
    1.3141985465     5.7423364629   -13.3131195897
    2.6806608664     1.8666230570   -13.6286216678
   -1.3208511254     5.4373441701   -13.7863727068
    2.0915595596     4.2405938236   -14.1018747849
    1.2221234252     1.1864234040   -14.4173768630
    0.1360788586     4.8314567203   -14.5751279021
    1.2263150566     2.8973915535   -14.8906299802
   -0.6090829947     3.4346872567   -15.0483810192
   -6.2901535986    -1.9381358763     6.0379299020
   -7.7246343869    -3.2130864004     5.9137187235
   -4.9685336816    -3.1041111100     5.7895075450
   -7.5760105589    -0.9723715218     5.6652963665
   -6.9902481853    -4.7946425555     5.5410851880
   -4.6197877726    -1.2128834572     5.4168740095
   -9.1495748556    -2.3589785507     5.2926628310
   -4.7318926037    -4.7236701677     5.1684516525
   -6.5024576426     0.2902581601     5.0442404740
   -8.6863505835    -4.8637328735     4.9200292955
   -3.3628679045    -2.4256249827     4.7958181170
   -9.1633108275    -0.5596458588     4.6716069385
   -6.0333525052    -6.0428943916     4.5473957600
   -4.5962516959     0.3152157958     4.4231845815
  -10.1051579102    -3.5140833764     4.2989734030
   -3.2800407551    -4.4320897915     4.1747622245
   -7.8009192733     0.9801787342     4.0505510461
   -2.9240250030    -1.0278509394     3.8021286891
  -10.4008156923    -1.3484900272     3.6779175106
   -4.5744466282    -6.2408774564     3.5537063321
   -5.5829434103     1.4164401805     3.4294951536
   -2.3317873627    -3.2774093406     3.1810727966
   -9.2816975361     0.7245135351     3.0568616181
  -11.0033132391    -2.7533907405     2.6842280826
   -3.1887524102    -5.5761230995     2.5600169041
   -7.0708429467     1.8317156193     2.4358057256
  -10.4732512552    -0.2906588166     2.0631721901
   -5.2628168700    -7.0265154169     1.9389610117
   -8.6164263604     1.4711549768     1.4421162977
  -11.0551434264    -1.7720088719     1.0694827622
   -3.8449979972    -6.3034759094     0.9452715837
   -9.8130864605     0.4331386857     0.4484268697
   -2.9503750331    -5.0189429510    -0.0484178442
   -7.6084902281     1.5093493948    -0.1726290227
  -10.3400897409    -1.0105767860    -0.5452625582
   -4.9048628061    -6.3341413246    -0.6694737367
   -8.6655958614     0.4534142074    -1.1663184507
  -10.0013239467    -2.4433508047    -1.5389519862
   -4.2399613673    -5.0258602045    -1.6631631647
   -6.6605744157     0.5658880609    -1.7873743432
   -8.8147634312    -1.0198956522    -2.1600078786
   -6.0321187319    -5.1869775328    -2.2842190571
   -5.3314703454    -0.5672809173    -2.4084302356
   -8.6660220492    -3.2744650155    -2.5326414141
   -4.8049264838    -3.4861592489    -2.6568525926
   -7.1798763452    -1.0980925636    -2.7810637711
   -7.0206068549    -3.8517446733    -2.9052749496
   -5.8910323888    -2.3001985101    -3.0294861281
    2.9012795389     4.3322369468    -6.1729131848
    0.9740478686     6.4849987764    -6.6461663019
    1.7514088816     4.9832561371    -7.4349214971
   -8.1652674169    -6.1094848233     4.0730168014
   -9.7745851964    -6.1194507553     3.2842616062
   -7.2495107037    -7.1845936824     2.8110084890
  -11.0191978689    -4.8026502032     2.4955064109
   -9.1572159136    -7.2228864537     2.0222532938
  -10.7559148984    -6.0193518161     1.2334980986
   -7.9694435348    -7.5947286381     0.7602449814
  -11.3029776653    -4.0857570496     0.4447429033
   -9.7627008835    -6.7693054892    -0.0285102138
   -6.8286059144    -7.0899040771    -0.5017633310
  -10.5792205294    -5.1123851163    -0.8172654091
   -8.4826622179    -6.5722759025    -1.2905185262
  -10.0576381425    -3.5482389476    -1.6060206043
   -8.9764078066    -5.0868287291    -2.0792737215
   11.2021240155    -2.9775037825    -5.2540517957
   12.1951201576     5.5867261776    -6.3496020312
   13.8530839704     4.0267402863    -6.9582410509
   12.3738885734     4.1200753931    -7.9320634824
   14.9366872506     2.7472241331     3.3670243601
   16.2606883903     1.5818474951     3.1459467391
   13.6485462779     3.7186515723     3.0354079285
   16.6187804587     3.4819179769     2.8143303075
   14.7254879604     5.0084014774     2.4827138760
   13.3935919470     5.7625636108     1.5984033918
   17.1141749601     0.1254877486    -5.8076969127
   15.8956184459     1.6455442240    -6.6920073969
   16.0993199143     0.7660620134     3.1655463993
   17.4209398313    -0.3999132203     2.9171240423
   15.3992253276    -2.0904446658     2.6687016853
   17.7696857403     1.4913144325     2.5444905068
   17.6575809092    -2.0194722780     2.2960681498
   19.0266056085     0.2785729070     1.9234346143
   16.3561210078    -3.3386965019     1.6750122574
   19.1094327578    -1.7278919018     1.3023787219
   17.8150268848    -3.5366795667     0.6813228294
   20.0576861502    -0.5732114509     0.3086892939
   15.5558252477    -4.2955490834     0.0602669369
   19.2007211028    -2.8719252098    -0.3123665985
   17.1266566430    -4.3223175272    -0.9334224910
   20.1175839325    -1.5800909452    -1.3060560265
   14.5644876829    -4.3509760204    -1.5544783835
   18.5444755157    -3.5992780197    -1.9271119190
   16.1448812409    -4.3660645299    -2.5481678114
   19.4390984799    -2.3147450613    -2.9208013469
   13.8186573755    -3.6568279393    -3.1692237039
   17.4846107068    -3.6299434349    -3.5418572394
   19.5497107970    -0.8161344138    -3.9144907749
   15.3005387880    -3.5460510522    -4.1629131319
   18.1495121456    -2.3216623149    -4.5355466673
   13.8194483779    -2.2650595643    -4.7839690243
   16.3573547810    -2.4827796431    -5.1566025598
   17.5845470291    -0.7819613592    -5.5292360953
   15.3688666580    -1.1475467837    -5.7776584523
    5.2526376803     6.1913778326    -6.5394882219
    6.1144816004    -3.1884888974    -6.6500270324
    8.0341729515     6.7736571518    -7.0921822745
    3.6695474695    -1.7247199218    -7.2027210850
    3.7720206262     5.2106042987    -7.4237987060
    6.2547908932     6.6457651988    -7.9764927586
    5.0793431822    -2.8173737897    -8.0870315691
    4.7144133100     5.7870019996    -8.8608032427
    4.4123958167    -1.9104272645    -9.5240361058
   12.1647834029     2.2320753207    -9.6345749164
    3.7392517393     4.3900035575    -9.7451137269
    3.2291633409     0.3895627174   -10.0767301584
   11.4729067490    -0.2294055681   -10.1872689689
    5.8961300968     5.7038625465   -10.2978077794
    6.0005618440    -2.3067509452   -10.4083465900
    3.5548141841     2.7884777375   -10.6294242110
    4.4403257983    -0.6177631104   -10.9610406425
   11.2172886601     1.3134203382   -11.0715794531
    5.0891069629     4.3767286012   -11.1821182636
    4.2621468654     1.4309052364   -11.5137346951
    9.9558929153    -0.2411190932   -11.6242735056
    5.9779281177    -0.6653151937   -11.8453511267
   10.0444753438     2.3327579599   -11.9558899372
    5.3663061481     2.8210436716   -12.0664287477
    8.2400652352    -0.4002461909   -12.1769675582
    5.9924464599     0.9917142658   -12.3980451793
    8.7373364011     1.2789373822   -12.5085839898
    7.1361780711     2.3344576248   -12.6191228003
    8.9847051238     7.2423091970    -4.4427864385
   11.6471979048     6.1769608039    -4.9954804910
   10.0415393691     6.9359102439    -5.8797909752
    8.3110031231     6.9306415005    -6.7641014593
   10.7696916615     6.0416254601    -7.3167955119
    5.7918797627     6.6531361520    -0.7304557051
    8.0098556257     7.0893975983    -1.3515115976
    6.5219560893     7.5046730371    -2.3452010255
    9.0385638921     7.1548866141    -2.9662569180
    7.4985277030     7.5535266978    -3.9599463459
    5.9843088079     7.1823068125    -4.9536357739
    3.2527092951     4.6623806318    -5.3262693094
    4.9272031746     6.1263716251    -5.9473252019
    6.7240412946    -3.4018605048    -7.3035444599
    9.8788669529    -3.3311809990    -7.7767975771
    7.9118136734    -3.7737026891    -8.5655527723
   10.7929595186    -2.4864889751    -9.0388058895
    6.1185563247    -2.9482795403    -9.3543079676
    9.0526512938    -3.2688781281    -9.8275610847
   10.8782922050    -1.2249686604   -10.3008142019
    7.3985949903    -2.7512499535   -10.6163162800
    9.4197547638    -1.9051683133   -11.0895693971
    9.1008476717     6.6486706033    -8.5600479184
   10.8320323844     5.6184506088    -9.3488031136
    7.8578198513     6.5875261626    -9.8220562307
   11.5543348407     3.8012239440   -10.1375583088
    9.6271031704     5.9539857736   -10.6108114260
    6.9920534984     5.6489934808   -11.0840645431
   10.4044641834     4.4522431343   -11.3995666212
    8.4489834825     5.0431060310   -11.8728197384
    9.5392196805     3.1090408642   -12.1883218165
    7.7038216292     3.6463365674   -12.3460728555
    2.4381519540    -0.2745848108    -7.4686900789
    3.1725313087     4.5659575342    -7.7841921570
   16.2126507980     4.9233237060     2.5242812504
   14.9261973668     5.8902921601     2.1590978386
   16.0005325713     7.1582952281     1.5504588189
   13.3310918241     6.3087129614     1.1852754071
   15.0431831713     6.4628647034    -6.1183928294
   14.3403334485     4.6703925025    -6.4835762412
   16.0790493921     4.9615098830    -6.7270318491
   18.9523549763     4.9222987460     2.9834099844
   17.5186044467     3.6486463607     2.8728711739
   17.6642140037     5.8937261851     2.6517935529
   20.6344481844     5.6569925897     2.4307159318
   18.7411556862     7.1834760903     2.0990995003
   21.9260617172     4.4390488009     1.8780218793
   20.6863196870     7.2363292656     1.5464054477
   17.4092596728     7.9376382236     1.2147890162
   22.4319775297     5.8838227653     0.9937113951
   23.0973498034     3.5561369010     0.4410173425
   22.0204016367     7.4425104981     0.1094009110
   23.4476390220     5.1911761580    -0.4432931416
   23.3673654336     2.4254476340    -0.9959871942
   23.0099867415     6.8809987041    -1.3276036257
   21.7248113214     0.1175695655    -1.5486812467
   23.8145996484     4.1405828463    -1.8802976783
   22.9638557243     1.4006071309    -2.4329917309
   23.4947476305     5.8943478652    -2.7646081624
   20.7533859837    -0.3977660351    -2.9856857835
   23.5400857141     3.0724389300    -3.3173022150
   22.4773100934     7.3208836967    -3.6489186465
   22.0467231793     0.7637695338    -3.8699962676
   23.3387331735     4.7737567754    -4.2016126991
   17.0700798674     8.2455440011    -4.8648455622
   22.4145630739     6.1098313949    -5.0859231833
   19.4061385122     8.0811626193    -5.4175396148
   20.9929475264     6.6918907172    -5.9702336674
   18.1957854115     7.1442779489    -6.3018500989
   17.1518778883     1.8763662610    -6.4123889094
   21.2184251144     4.8744394145    -6.5229277200
   16.5402559187     5.3627251263    -6.6334665305
   19.4461045484     6.0217984340    -6.8545441515
   17.1663962305     3.5333957205    -6.9650829620
   18.3101278417     4.8761390794    -7.1861605831
   19.4241085201     8.9801042303     0.1860147669
   21.1966591267     8.9150732820    -0.6027404284
   18.2398182651     9.4574422285    -1.0759935455
   22.6191261672     7.6054799370    -1.3914956236
   20.2162159366     9.6835705410    -1.8647487408
   21.9474006494     8.6533505465    -2.6535039360
   18.9731881163     9.6224261002    -3.1267570531
   20.7424714353     8.9888857113    -3.9155122484
   22.0236010689     0.9376945162    -4.6508621439
   20.2832928441     0.1553053632    -5.4396173392
   22.1089337552     2.1992148310    -5.9128704563
   18.6292365406     0.6729335378    -6.2283725344
   21.5198324484     4.5731855976    -6.3861235735
   20.6503963140     1.5190151780    -6.7016256516
   18.1354909519     2.1583807112    -7.0171277297
   20.6545879454     3.2299833275    -7.1748787687
   18.8191898941     3.7672790307    -7.3326298078
   19.6385716770     3.9516127319     3.1298792091
   18.2101053997     2.6800559011     2.9721281701
   20.9454260188     2.7905228234     2.8143771310
   18.9466313416     1.1357246170     2.4988750529
   21.2635706472     4.6439255186     2.3411240139
   21.1354066030     1.2367386077     2.0256219358
   22.4047618860     3.4538482187     1.5523688186
   19.8623880547     0.0606157579     1.2368667405
   22.3765008081     1.6068802260     0.7636136234
   21.1095085032     0.0930024923    -0.0251415718
   -0.4292608143    -2.1649384522     4.7881414309
   -2.1545471653    -2.2564773657     4.2501480117
   -1.9202507860    -2.9472131261    -3.9273519602
    0.5859959170    -2.2758074087     4.8514711101
    1.1125287300    -3.7660919379     4.0673949711
    2.4640941166    -4.7508805281     3.2833188321
    1.2688666543    -5.2135070344     2.0091951062
    4.3445859322     2.1628174450     7.4758841279
    2.9104718870     0.8893747189     7.3778746105
    3.0537168583     3.1395252974     7.1818555758
    3.6415605298    -0.7100481162     7.0838460584
    1.4492580732     1.7475863200     6.8878270237
    4.1341447795     4.4521030311     6.6918079889
    1.8993554791    -0.8131594935     6.5937984715
    4.6197512152    -2.0541826805     6.2997699194
    0.3861082991     0.5529475871     6.1037508847
    2.4258882920    -2.3034440227     5.8097223325
    5.1208170798     5.8020610267     5.4176842630
    0.3025457558    -1.0729206162     5.3196747457
    3.7774536787    -3.2882326129     5.0256461935
    3.5072756192     6.4385090010     4.6336081240
    6.9713050564     2.1628174450     7.4758841279
    5.5371910112     0.8893747189     7.3778746105
    8.2981427896     0.9971508967     7.2798650932
    5.6804359824     3.1395252974     7.1818555758
    6.2682796539    -0.7100481162     7.0838460584
    8.5615776615    -0.6567761543     6.7898175063
    6.7608639037     4.4521030311     6.6918079889
    9.9845322046     1.6826831057     6.4957889542
    7.2464703394    -2.0541826805     6.2997699194
   10.1280154878    -0.4091722764     6.0057413673
    5.4013241071     5.2578101566     5.9077318499
    8.8173141495    -2.3730791270     5.5156937804
    6.4041728028    -3.2882326129     5.0256461935
    6.1339947434     6.4385090010     4.6336081240
    7.2716957017     6.9848694427     3.3594843982
   10.2205549440     5.9086401157     2.8694368113
    8.5133881158     6.9424861452     2.0853606723
    6.5237045479     7.2256977108     1.3012845333
    8.5598299014    -3.5168305957     4.5574425579
    7.7175323649    -4.7508805281     3.2833188321
    6.4041728028    -6.2135284433     1.5409914706
    8.1809792165    -6.4622253377     0.7569153316
    9.9894832867    -5.8976742596    -0.0271608074
    7.1042165378    -7.0993991589    -0.5172083943
    9.0601134645    -6.7227822788    -1.3012845333
    5.8655544812    -7.1846103250    -1.7913321202
   10.7259244722    -5.5984499534    -2.0853606723
    7.8667187226    -7.0644878471    -2.5754082592
    6.6403396486    -6.8472793973    -3.8495319850
    5.6419341235    -6.0328866265    -5.1236557109
    4.6197512152    -4.9794785109     2.8151151964
    3.7774536787    -6.2135284433     1.5409914706
    1.0953616290    -5.5581499828     1.0509438837
    2.5822262164    -6.6761549496     0.2668677447
    4.4774974137    -7.0993991589    -0.5172083943
    1.3487358255    -6.5103763060    -1.0072559812
    3.2388353571    -7.1846103250    -1.7913321202
    0.3142321313    -5.8242896932    -2.2813797071
    5.2399995985    -7.0644878471    -2.5754082592
    2.0837810259    -6.7288519025    -3.0654558460
    4.0136205244    -6.8472793973    -3.8495319850
    4.5638105925    -5.4433386930    -5.9077318499
    3.8890455086    -3.4160927125    -7.1818555758
   10.4162281989    -2.1726960314     5.3415186969
   12.7095262064    -2.1194240694     5.0474901448
   11.3944188843    -3.5168305957     4.5574425579
   14.2759640327    -1.8718201916     4.2634140058
   12.9652626945    -3.8357270422     3.7733664189
   11.8954847489     4.3394131116     3.6753569016
   10.5521213478    -4.7508805281     3.2833188321
   14.5811852344    -3.2493422409     2.9892902799
   12.3289277615    -4.9995774225     2.4992426931
   14.1374318317    -4.4350263445     1.7151665541
   11.2521650828    -5.6367512437     1.2251189672
   11.8536754430     5.0360283616     3.2317197038
   12.8403477432     6.3859863572     1.9575959779
   -1.0203461494     2.8261112670     5.7335567664
   -2.4544601946     1.5526685409     5.6355472491
   -2.3112152233     3.8028191194     5.4395282143
   -1.7233715519    -0.0467542942     5.3415186969
   -3.9156740084     2.4108801420     5.1454996622
   -3.4655766026    -0.1498656715     4.8514711101
   -3.9709055107     4.2686774787     4.6554520753
   -5.3636510064     3.4959003376     3.8713759363
   -5.7601488710     4.5084646841    -2.7932712452
   -5.7434454681     0.1020029402    -3.0872997973
    0.4026175200     5.2789756002     5.7335567664
   -1.0314965252     4.0055328741     5.6355472491
    2.0953925708     6.0218578604     5.2435091796
   -0.8200351946     7.4975139108     5.7335567664
   -2.2541492398     6.2240711847     5.6355472491
    0.5068025386     6.3318473625     5.5375377317
   -2.1109042686     8.4742217632     5.4395282143
   -3.7153630536     7.0822827858     5.1454996622
   -3.7705945559     8.9400801226     4.6554520753
   -4.7785128278     5.8876440529     4.3614235232
   -5.1633400516     8.1673029815     3.8713759363
   -5.9801040182     6.6724666122     3.0872997973
   -5.5208896304     9.4580872670     2.5972522104
   -6.0263934211     4.8511886948     2.3032236583
   -5.1824810086    10.6648311838     1.3231284846
   -5.7481201150    10.1470711677    -0.7350713803
   -5.5598379162     9.1798673279    -2.7932712452
   -5.5431345133     4.7734055841    -3.0872997973
   -5.5911464533     7.4303046906    -3.5773473842
   -4.8053928480     6.0044641018    -4.3614235232
    0.6029284748     9.9503782440     5.7335567664
   -0.8311855704     8.6769355179     5.6355472491
    1.9297662080     8.7847116957     5.5375377317
   -0.6879405991    10.9270860964     5.4395282143
    2.2957035256    10.6932605042     5.2435091796
   -2.2923993842     9.5351471190     5.1454996622
    2.1932010799     7.1307846448     5.0474901448
    0.3924873221    12.2396638302     4.9494806274
    3.6161556230     9.4702439048     4.7534615927
    2.3702826105    12.3147781583     4.4594330406
    4.1753261102    10.9534006389     3.9693854537
   -3.7403763822    10.6201673147     3.8713759363
    1.3791596223    13.5896218258     3.6753569016
    3.8049394782    12.6000589557     3.1853093147
   -4.9557669259    11.5307100075     0.5390523456
   -4.3251564455    12.5999355009    -0.7350713803
   -5.0413320639    10.7573444437    -1.5191475193
   -3.2870858420    13.9359468701    -1.3489440633
   -4.4833354287    12.3489613606    -2.1330202023
   -3.8527249484    13.4181868540    -3.4071439282
   -3.6477393467     8.0445212703    -5.7593723452
    5.3920530824     8.5739234024    -5.8573818626
   -2.2597872186     7.0569849227    -6.5434484842
   -2.3237505903    12.7362140935    -6.7394675189
   -0.6693573204     6.9706294687    -7.3275246232
   -2.1459954184    11.1656766441    -7.5235436579
    2.1652630191     7.4066444075    -7.6215531753
   -1.4316406569     8.6657358306    -7.8175722101
    3.2012174425     9.6293440266    -7.9155817274
   -0.5339305931    11.8343749272    -8.0135912448
    0.6198195484     8.1150152700    -8.1116007622
   -0.4924605123    10.0762724725    -8.3076197969
    1.3539963137     9.5576814380    -8.4056293143
    4.1892089662    13.9624864645     2.5714366317
    2.2859927627    15.5088897904     2.2774080795
    5.5096610636    12.7394698650     2.0813890448
    4.2637880511    15.5840041186     1.7873604927
    6.0688315507    14.2226265992     1.2973129058
    3.2726650629    16.8588477860     1.0032843537
    5.6984449187    15.8692849160     0.5132367668
    4.5287532109    17.2481941356    -0.2708393722
    6.8747524273    15.3756243058    -0.7608869591
    2.7968245607    18.0416562020    -1.0549155112
    5.7456838030    16.9654268750    -1.5449630981
    6.9906559105     9.3806358801    -1.7409821328
    0.8261086484    18.0682465872    -1.8389916502
    7.6532771745    14.4055344384    -2.0350106849
   -3.0622614853    14.7999359678    -2.1330202023
    4.0385169748    17.9992729045    -2.3290392371
    6.7026651361    16.1745436597    -2.8190868239
    2.0488334069    18.2824844701    -3.1131153761
    7.9316305886    13.1958158774    -3.3091344108
   -2.4316510050    15.8691614612    -3.4071439282
    5.1394868017    17.4257810704    -3.6031629629
    7.3346901325    10.0596360596    -3.7991819977
    0.1250296512    17.7663912890    -3.8971915151
    7.2264273600    15.0485018798    -4.0932105498
   -3.1478266233    14.0265704040    -4.1912200672
    3.2453587052    17.9465399504    -4.3872391019
    7.6553815916    11.9830250362    -4.5832581367
   -1.3946615767    16.5573722056    -4.6812676541
    5.8778643652    16.4214648913    -4.8772866888
    6.3637256728     9.2734392601    -5.0733057236
    1.3719875124    17.6639001341    -5.1713152409
    7.1790110863    13.7936023709    -5.3673342757
   -2.2433688062    14.9019576214    -5.4653437931
    4.1626955565    17.0740395338    -5.6613628278
    6.8131270258    11.0248980096    -5.8573818626
   -0.1174392507    16.6636506181    -5.9553913799
    6.0313284525    15.1344023161    -6.1514104147
    2.4529963001    16.8952065310    -6.4454389668
    6.4265845653    12.6678389080    -6.6414580016
   -0.9026766469    15.1871887007    -6.7394675189
    5.3980635269    10.6544648097    -7.1315055884
   -0.7249214749    13.6166512513    -7.5235436579
    0.9286134311    12.5272470797    -8.3076197969
   -4.1390659768    -1.7900233026    -3.4761308526
   -5.5083000027     4.6587728390    -3.6961432060
   -5.9560569421     0.2865367548    -4.0261617361
   -2.6900244628    -2.7633022616    -4.3561802661
   -6.3201957029     3.0973454214    -4.5761926195
   -5.1489031414    -1.2963929573    -4.9062111496
   -5.0474631846     5.6763600643    -5.1262235030
   -0.9219383808    -3.0307535989    -5.2362296797
   -6.3948085929     1.3062702122    -5.4562420331
   -3.7364508137    -2.4033306634    -5.7862605632
   -5.9943510385     4.1542165492    -6.0062729166
   -5.7131642018    -0.3434962300    -6.3362914467
   -4.1106747134     6.2719998005    -6.5563038001
   -2.0110260041    -2.8060851462    -6.6663099768
   -6.2026409032     2.4066910013    -6.8863223302
   -1.4398261686     6.9649109716    -7.1063346836
   -4.4248082591    -1.5092969477    -7.2163408603
   -5.1112355030     4.8733356954    -7.4363532137
   -0.3432035313    -2.4287266558    -7.5463593904
   -5.6384073308     0.8147174341    -7.7663717438
   -4.1455882158     5.6566485570    -7.9183539616
   -1.5774162596    -2.4628394469    -8.0283601383
    2.0566935304     5.3552949698    -8.1383663150
   -5.9953296724     2.0057926478    -8.2483724917
    2.2929350410    -0.9940497492    -8.3583786684
   -1.8340370478     6.8938214436    -8.4683848451
   -4.1390659768    -1.7900233026    -8.5783910218
   -5.5083000027     4.6587728390    -8.7984033752
    0.1148263754    -2.6222850229    -8.9084095519
    0.8909083092     6.6062849974    -9.0184157286
   -5.9560569421     0.2865367548    -9.1284219053
   -3.5551811598     6.6558817579    -9.3484342587
   -2.6900244628    -2.7633022616    -9.4584404354
    3.0566946114     4.7970979154    -9.5684466121
   -6.3201957029     3.0973454214    -9.6784527888
    1.7669035284    -1.9978237380    -9.7884589655
   -0.7617574978     7.2450319562    -9.8984651422
   -5.1489031414    -1.2963929573   -10.0084713189
   -5.0474631846     5.6763600643   -10.2284836723
   -0.9219383808    -3.0307535989   -10.3384898490
    3.0194243031    -0.7135918963   -10.6685083790
   -2.5523082780     7.1256143415   -10.7785145557
   -3.7364508137    -2.4033306634   -10.8885207324
   -5.9943510385     4.1542165492   -11.1085330858
    0.7975073790    -2.5305339879   -11.2185392625
   -4.1106747134     6.2719998005   -11.6585639693
   -2.0110260041    -2.8060851462   -11.7685701460
    2.1124704943    -1.3712331291   -12.0985886761
   -1.4398261686     6.9649109716   -12.2085948528
   -5.1112355030     4.8733356954   -12.5386133829
   -0.3432035313    -2.4287266558   -12.6486195596
    2.7420030850     0.1840031152   -12.9786380897
   -2.9315117485     6.2225183004   -13.0886442664
    0.8760933622    -1.3668309591   -13.5286689732
   -3.7853030717     4.9073327853   -13.9686936800
   -1.3321298614    -1.5002941926   -14.0786998567
    1.2706346395     0.1160076100   -14.4087183868
   -1.8019502776     5.2008238851   -14.5187245635
   -0.4849341342    -0.1627383622   -14.9587492703
   -1.9300220069     3.2540914490   -15.3987739771
   -1.4620786004     1.3931346433   -15.5087801538
   -1.3096127182    -3.8357044789     3.4591594368
   -0.3751199261    -5.0064055182     2.3522284170
   -1.1387228322    -5.7465441100     0.5534655099
   -1.9564406513    -5.4477403081    -1.2452973972
   -0.6490229755    -5.0375113302    -2.3522284170
   -2.1794773984    -4.1033971344    -3.0440603043
    2.0488014183     4.2484533425     6.6966764355
    0.5089302276     2.8762924783     6.2815773031
    3.1092537733     5.4663738358     6.0048445482
    7.9925966095     3.2977313462     7.1117755679
    9.6344682327     4.0051611988     6.4199436806
    7.7806564171     5.4663738358     6.0048445482
   10.8368955449     2.8089142634     5.7281117932
    9.6214078637     5.4550869692     5.3130126608
   11.1842583624     4.1343213174     4.6211807735
    8.6441302442     6.4192245856     4.2060816411
   10.6445828223     5.4187681945     3.5142497537
    8.8706931836    -6.4776339289    -3.6526161312
    9.9431946866    -5.5949181977    -4.7595471509
    7.9605686285    -5.9275722709    -5.4513790383
   10.2273780846    -4.2504847389    -5.8664781707
    8.6087482326    -4.5771349703    -6.5583100581
    0.6514099066    -5.9000648990    -3.2375169988
   -0.6677308933    -4.0666440679    -3.9293488861
    1.9817483089    -6.3378012487    -4.3444480185
    0.3627687162    -4.9850858977    -5.0362799059
    3.2891659847    -5.9275722709    -5.4513790383
   -0.0329075088    -3.0955332764    -5.7281117932
    1.7587115618    -4.9934580751    -6.1432109257
    1.6143687642    -3.4022474915    -6.8350428130
   13.4121614473    -5.2282882133     0.5820035752
   11.2824460908    -5.8618173953    -0.1098283121
   12.6822705026    -5.7028462736    -1.2167593319
   13.7547720056    -4.8201305424    -2.3236903516
   11.7721459475    -5.1527846155    -3.0155222390
   12.4203255516    -3.8023473150    -4.1224532588
   11.8041739285     1.0338396118     5.9250276471
   13.1119224918    -0.1232631011     5.6482948922
   13.4460455517     1.7412694645     5.2331957598
   13.3280654874    -1.7063196920     4.9564630048
   11.5922337361     3.2024821014     4.8180966273
   14.6484728639     0.5450225290     4.5413638724
   13.4329851827     3.1911952348     4.1262647400
   11.1632659367     6.7381594261     1.8512268252
    9.9184896261     7.3390506989     0.7442958055
   12.0267397638     7.6910101759     0.0524639181
   10.6434397907     7.9277870034    -1.0544671016
   13.1943862455    -3.0080970138    -6.1527236141
   14.2668877485    -2.1253812826    -7.2596546339
   15.5594266151     0.8137906439    -7.6747537663
   12.2842616904    -2.4580353558    -7.9514865212
   14.0530105569     3.4043172359    -8.0898528987
   14.5510711465    -0.7809478238    -8.3665856536
   14.4595942991     1.7080828153    -8.7816847860
   12.9324412945    -1.1075980552    -9.0584175410
   13.2956500382     0.5735774245    -9.4735166734
   15.0447631173     8.7167025362     0.5151905513
   12.4603090512     7.8708315183     0.1000914189
   13.7999868067     9.3175938089    -0.5917404685
   15.9082369444     9.6695532860    -1.2835723558
   12.4571910360     8.9794961165    -1.6986714882
   14.5249369713     9.9063301134    -2.3905033756
   11.5047885462     7.9418375948    -2.8056025080
   13.2299579560     9.3653944132    -3.4974343953
   15.3634429411     9.4951477746    -4.1892662827
   12.4937636796     8.2066662845    -4.6043654151
   14.2851083256     8.6304323058    -5.2961973025
   12.8061644808     6.7907351237    -5.7112964349
   -6.9692851724     3.2562131872     1.3836637747
   -6.8104357353     4.1227013719    -0.4150991324
   -7.0483461998     2.7499479054    -1.5220301522
   -6.4126224464     1.5361851217    -2.6289611719
   -6.5436535331     6.0364893454     2.0754956621
   -6.7708639436     8.1033603480     1.3836637747
   -6.4215112889     4.6655974723     0.9685646423
   -7.2023640719     6.7745917982     0.2767327549
   -6.6120145065     8.9698485326    -0.4150991324
   -6.8490246021     5.4122214909    -0.8301982648
   -6.8499249710     7.5970950662    -1.5220301522
   -1.7816731606    12.3364805737     4.5688449724
   -3.3215443513    10.9643197095     4.1537458400
   -0.7212208056    13.5544010670     3.8770130850
   -3.3056748717    12.7085300491     3.4619139526
   -1.9659971162    14.1552923397     2.7700820653
   -4.4200448138    11.9130479410     2.3549829328
   -3.3087928869    13.8171946473     1.6631510455
   -4.2611953767    12.7795361256     0.5562200257
    3.7086459725     8.5411305566     4.7072113498
    4.0427690325    10.4056631222     4.2921122174
    3.9247889682     6.9580739658     4.0153794625
    5.2451963446     9.2094161867     3.6002803301
    5.2833059191     7.2792564928     2.9084484427
    5.5925591621    10.5348232407     2.4933493103
    6.0816135909     8.4053869031     1.8015174230
    4.4202501216     6.9801568114    -6.4107192554
    2.8016202696     6.6535065800    -7.1025511428
   -5.0669737048    10.2138930974    -3.3666589511
   -4.4766241394    12.4091498319    -4.0584908384
   -4.7136342349     8.8515227902    -4.4735899708
   -4.7145346039    11.0363963654    -5.1654218582
   -3.4876490060    12.6739785215    -5.8572537455
   -4.0788108504     9.8226335817    -6.2723528780
   -3.1752482048    11.2580473607    -6.9641847653
    4.5779244500    15.6497416420    -7.1053056586
    1.8696085805    15.8945390060    -7.5204047910
    4.9845081923    13.9535072214    -7.7971375460
    3.1761600318    14.9454274056    -8.2122366784
    1.1343783631    12.3127138297    -8.3506030559
    3.8205639314    12.8190018306    -8.4889694333
    2.1493578157    13.7335972534    -8.6273358108
    0.1137220060    15.6057065340     1.8967724245
    1.1741743610    16.8236270272     1.2049405371
   -1.4102797052    15.9777560094     0.7898414047
   -0.0706019496    17.4245183000     0.0980095174
   -2.5246496472    15.1822739013    -0.3170896150
   -1.4133977203    17.0864206076    -1.0089215024
    0.6543482149    18.0132546045    -1.7007533897
   -2.3658002101    16.0487620859    -2.1158525222
    5.6040411390    11.8122462429     2.0351388020
    5.9381641990    13.6767788085     1.6200396695
    7.1405915112    12.4805318730     0.9282077822
    7.1787010856    10.5503721791     0.2363758948
    7.4879543287    13.8059389270    -0.1787232376
    7.9770087575    11.6765025894    -0.8705551249
    7.1025834590     9.5939693265    -1.5623870123
    8.0158549123    13.0834114746    -1.9774861447
   -5.9415208878    -0.5991791320   -10.5436460803
   -6.7223736708     1.5098151940   -11.2354779676
   -5.0498934010    -1.6859759444   -11.6505771000
   -6.1320241054     3.7050719284   -11.9273098550
   -6.3690342010     0.1474448867   -12.3424089874
   -3.7195549987    -2.1237122941   -12.7575081198
   -6.3699345699     2.3323184619   -13.0342408747
   -5.3385345914    -0.7709969431   -13.4493400071
   -5.1430489720     3.9699006180   -13.7260727621
   -2.4121373229    -1.7134833163   -13.8644391395
   -5.7342108165     1.1185556782   -14.1411718945
   -3.9425917458    -0.7793691205   -14.5562710269
   -4.8306481708     2.5539694572   -14.8330037818
   -1.7639577188    -0.3630460157   -14.9713701593
   -4.0869345434     0.8118414631   -15.2481029143
   -3.0719550908     2.2327248868   -15.5248356692
    2.8608014753     5.7362421606   -11.0838835082
    3.9283775990     3.7292678310   -11.7757153956
    1.6999699331     6.5339111652   -12.1908145280
    3.6403265587     1.4988833947   -12.4675472829
    3.2099053672     4.9274397184   -12.8826464153
    0.3155548939     6.5622930403   -13.2977455477
    3.4519522061     2.8622536156   -13.5744783027
    1.9455361479     5.4527802076   -13.9895774351
    2.4435967375     1.2675151478   -14.2663101900
   -0.7627797217     5.6975775715   -14.4046765675
    2.3521198902     3.7565457869   -14.6814093224
    0.5437717297     4.7484659712   -15.0965084549
    1.1881756293     2.6220403961   -15.3732412098
   -0.4830304864     3.5366358189   -15.5116075873
   -6.2904559393    -1.9389135002     6.6195091034
   -7.7250577429    -3.2132952835     6.5095029267
   -4.9655426434    -3.1049818189     6.3994967500
   -7.5794828717    -0.9666554418     6.2894905733
   -6.9923936696    -4.8054631132     6.1794843966
   -4.6068461899    -1.2033794571     6.0694782199
   -9.1711559434    -2.3566342720     5.9594720432
   -4.7134440224    -4.7446636643     5.8494658665
   -6.5017396228     0.3249992531     5.7394596898
   -8.7154176314    -4.8941750641     5.6294535131
   -3.3130198574    -2.4222865321     5.5194473364
   -9.2088703877    -0.5231970303     5.4094411597
   -6.0230110835    -6.1093349812     5.2994349830
   -4.5537891651     0.3790178229     5.1894288063
  -10.1891798152    -3.5348184675     5.0794226296
   -3.1949476231    -4.4785412280     4.9694164529
   -7.8358155296     1.0822295857     4.8594102762
   -8.1753361597    -6.3279175898     4.7494040995
  -10.5369309527    -1.3026858810     4.5293917461
   -4.4987582105    -6.3779349779     4.4193855694
   -5.5430069519     1.5817313622     4.3093793927
   -2.1353815070    -3.3069991446     4.0893670393
   -9.4160339980     0.8907596137     3.9793608626
   -6.8478620418    -7.2287283901     3.8693546859
  -11.2657754546    -2.7600962955     3.6493423325
   -2.9775107412    -5.7599386925     3.5393361558
   -7.1044828300     2.1279325004     3.4293299791
  -10.7787457849    -0.1071161043     3.0993114490
   -5.1556194068    -7.3881739662     2.9893052723
   -8.8256269420     1.8899928147     2.5492805656
  -11.5906414851    -1.6685435218     2.2192620355
   -3.5035422538    -6.7637126812     2.1092558588
  -10.3179089668     0.9104711210     1.6692311520
   -6.1923841630    -7.7966425422     1.5592249753
   -2.2510214791    -5.4794808395     1.2292064452
   -7.8227540602     2.3597253983     1.1192002685
  -11.2647968207    -0.6116723940     0.7891817384
   -4.4729384032    -7.2964229311     0.6791755617
   -9.3811204956     1.5061108573     0.2391508549
  -11.4730866854    -2.3591979420    -0.0908676752
   -3.1579752879    -6.1371220724    -0.2008738519
  -10.3816812852     0.1074467521    -0.6408985587
   -5.6136493135    -7.1946155990    -0.7509047354
   -8.2019575307     1.4566293572    -1.1909294422
  -10.6000323928    -1.5073542319    -1.5209479723
   -4.3943524200    -6.1327199023    -1.6309541490
   -9.0557488539     0.1414438420    -2.0709788558
   -6.6025756436    -6.2661831359    -2.1809850325
   -9.9414615205    -2.8993427876    -2.4009973859
   -3.9998111427    -4.6498813332    -2.5110035626
   -7.0723960598     0.4349349419    -2.6210097393
   -8.8778934229    -1.4054427239    -2.9510282693
   -5.7553799164    -4.9286273054    -3.0610344460
   -5.6984570827    -0.6086037830    -3.1710406227
   -8.3452398949    -3.4503741493    -3.2810467994
   -4.9810189002    -3.1551787709    -3.3910529761
   -7.2004677891    -1.5117974943    -3.5010591528
   -6.7325243826    -3.3727543000    -3.6110653295
    1.6053854700     6.1954425211    -7.3226241473
   -9.8180862118    -6.1650097750     3.9219501284
  -11.1583643972    -4.8369939930     3.2301182411
   -9.2396665310    -7.4114816767     2.8150191087
  -11.0362221530    -6.2078858661     2.1231872213
   -7.9965384448    -8.0312228302     1.7080880889
  -11.8170749361    -4.0988915402     1.4313553340
  -10.1445946663    -7.2946826785     1.0162562016
   -6.5967140331    -7.8722517085     0.6011570692
  -11.4637354662    -5.4612618475     0.3244243142
   -8.8142562639    -7.7324190283    -0.0906748182
  -11.4646358352    -3.2763882723    -0.3674075731
  -10.4332358567    -6.3797036773    -0.7825067056
   -7.5068385882    -7.3221900504    -1.1976058380
  -10.8289120817    -4.4901510560    -1.4743385929
   -9.0372930111    -6.3880758546    -1.8894377253
   -9.1816358087    -4.7968652711    -2.5812696127
   13.0188368672    -3.1846906307    -4.8720221253
   11.8696957263    -3.1844740700    -6.2708050152
   13.5703657294     4.4751435264    -7.7771865890
   14.9365000983     2.7467427754     4.0157958428
   16.2633378315     1.5810762271     3.8197768080
   13.6456310244     3.7234506279     3.7217672907
   16.6292751492     3.4896250357     3.5257482559
   14.7260589456     5.0360283616     3.2317197038
   13.3665191491     5.8417354871     2.4476435648
   17.8381297099     0.1816033809    -6.1771939642
   16.0264031455    -0.6152424141    -6.6672415511
   16.0990175736     0.7652843895     3.7471256007
   17.4239308695    -0.4007839292     3.5271132473
   15.3970798433    -2.1012652235     3.3071008939
   17.7826273231     1.5008184325     3.1970947172
   17.6760294905    -2.0404657746     2.9770823638
   19.0764536556     0.2819113576     2.6470638337
   16.3664624294    -3.4051370915     2.4270514803
   19.1945258899    -1.7743433383     2.0970329502
   17.8907153024    -3.6737370882     1.5470020668
   20.2540920060    -0.6028012549     1.2169835367
   15.5416114712    -4.5245305004     0.9969711833
   19.4119627717    -3.0557408028     0.6669526532
   17.2338541061    -4.6839760765     0.1169217697
   20.5323934142    -1.7390441098    -0.2130967604
   14.4290032679    -4.8249933151    -0.4331091138
   18.8859312592    -4.0595147915    -0.7631276439
   16.1970893499    -5.0924446525    -1.3131585274
   20.1384520339    -2.7752829498    -1.6431770575
   17.9165351097    -4.5922250415    -2.1932079410
   15.1080017266    -4.8677761997    -2.7432388245
   19.2314982250    -3.4329241827    -3.0732573546
   16.7758241995    -4.4904177094    -3.6232882381
   19.8610308157    -1.8776879383    -3.9533067682
   14.2921735182    -3.9988728764    -4.1733191215
   17.9951210929    -3.4285220126    -4.5033376516
   15.7868978693    -3.5619852462    -5.0533685351
   18.3896623702    -1.9456834435    -5.3833870652
   16.6340935966    -2.2244294158    -5.9334179487
   17.4084546127    -0.4509808812    -6.2634364788
    3.4157722395     5.5474532067    -6.2112090320
    6.1078927866     7.2287783166    -6.7012566189
    2.4622422271    -1.1375809562    -7.2893137231
    4.2554763209     6.4622008787    -7.4853327579
    6.6724674784    -4.0419960060    -7.5833422752
    7.3306175450     7.4430161995    -7.9753803447
    3.7478642525    -2.6816753742    -8.0733898621
    2.8501331332     5.0296931906    -8.2694088969
   10.4212709399     6.5863127998    -8.4654279316
    5.4068137893     6.9269230184    -8.7594564837
    5.5174131472    -3.5862375834    -8.8574660011
   12.5082114982     4.2090336092    -8.9554755185
    3.1121951200    -1.6132026753    -9.3475135880
    3.8871225614     5.7179039350    -9.5435326227
   11.6455098109    -1.5660290106    -9.9355706922
    6.6537716506     6.8244318635   -10.0335802096
    4.6856227265    -2.6487537319   -10.1315897270
   12.4607952244     2.9541341003   -10.2295992444
   12.0949111639     0.1854297390   -10.7196468312
    5.1643448874     5.8241823475   -10.8176563486
    6.4488471206    -2.8902723074   -10.9156658660
    4.4430708630    -1.3315087407   -11.4057134529
   11.7083687035     1.8283706374   -11.5037229702
    4.3791074913     4.3477204301   -11.6017324876
    7.9974427137    -2.3007243739   -11.6997420050
    3.7928604001     0.8870861246   -11.8957610397
   10.6798476651    -0.1850034609   -11.9937705571
    6.4612846562     5.0823659202   -12.0917800745
    6.0335007612    -1.4178641947   -12.1897895919
   10.5572097018     2.9179845528   -12.2877991092
    4.5568626632     2.7771829807   -12.3858086266
    8.8681211007    -0.9818492559   -12.4838181440
    5.2712174247     0.2772421672   -12.6798371787
    9.9040755240     1.2408503632   -12.7778466961
    6.1689274885     3.4458812638   -12.8758562135
    7.3226776299    -0.2734783934   -12.9738657309
    8.7407971872     2.7975302230   -13.0718752482
    6.2103975692     1.6877788091   -13.1698847656
    8.0568543952     1.1691877746   -13.2678942830
   10.2708332852     7.6284566791    -4.5419083697
    8.2811497173     7.9116682447    -5.3259845087
   11.3718031122     7.0549648450    -5.8160320956
    6.3573459616     7.3955750636    -6.1100606477
    9.4776750156     7.5757237250    -6.6001082346
   12.1101806756     6.0506486658    -7.0901558215
   10.3950118669     6.7032233084    -7.8742319605
    8.0497920841     7.2546887800    -0.4716273584
    6.4883162060     7.8008899182    -1.3516767720
    9.2132615630     7.5133534719    -1.9017076555
    7.5605957560     8.1521004307    -2.7817570691
    6.8825270852     7.8719794461    -5.0918867798
    5.3908415053     7.1295867750    -5.9719361933
   10.0144341198    -3.5766676992    -6.9258777775
    7.8847187633    -4.2101968813    -7.6177096648
   11.2127374842    -2.8517660345    -8.0328087972
    9.2845431751    -4.0512257595    -8.7246406846
    7.0670009443    -3.9113930793    -9.4164725719
   10.3570446781    -3.1685100283    -9.8315717044
    8.3744186200    -3.5011641015   -10.5234035917
   10.6412280761    -1.8240765695   -10.9385027241
    9.0225982241    -2.1507268009   -11.6303346115
   10.0128745570     6.7455604759    -9.4885063643
   11.5228099910     5.1390890291   -10.1803382516
    8.6284595178     6.7739423510   -10.5954373840
   10.2584407718     5.6644295183   -11.2872692714
    7.5501249022     5.9092268823   -11.7023684038
   10.6650245140     3.9681950977   -11.9791011588
    8.8566763536     4.9601152819   -12.3942002912
   16.2120789831     4.9218529914     3.1171608670
   14.9238854638     5.8940979874     2.7943648154
   16.0011623847     7.1887684924     2.2563713962
   13.2898957898     6.3416708562     1.9335753447
   14.6631734482     7.9551365324     1.3955819255
   14.7459293979     6.3346130379    -6.7819180464
   14.2934881021     4.4532773916    -7.1047140979
   15.9790653947     4.9718899926    -7.3199114656
   18.9521678241     4.9218173883     3.6321814671
   17.5180537789     3.6483746622     3.5341719497
   17.6612987502     5.8985252407     3.3381529150
   20.6449428749     5.6646996485     3.1421338802
   18.7417266714     7.2111029745     2.8481053281
   21.9653949723     4.4416830491     2.6520862934
   20.7195219598     7.2862173026     2.3580577412
   17.3821868748     8.0168101000     2.0640291891
   22.5245654595     5.9248397833     1.8680101544
   19.7283989717     8.5610609701     1.5739816022
   23.2470834413     3.5335785664     1.3779625675
   22.1541788275     7.5714981000     1.0839340154
   18.1148575111     9.1975089443     0.7899054632
   23.6933449387     5.2411413316     0.5938864285
   23.6715702554     2.3088776874     0.1038388416
   23.3304863360     7.0778374898    -0.1901897105
   21.9703460544    -0.2133784859    -0.3862087453
   24.2844534487     4.1331648834    -0.6802372974
   23.4463898193     1.0828490642    -1.1702848843
   17.2818425572     9.7704597713    -1.2682944016
   24.1090110833     6.1077476225    -1.4643134364
   21.0409762323    -1.0384865051    -1.6603324711
   24.3055063040     2.8914508525    -1.9543610233
   23.1583990449     7.8767568437    -2.2483895754
   22.7067872399     0.0858458203    -2.4444086101
   24.3873644974     4.8980290614    -2.7384371623
   23.7904240412     1.7618492436    -3.2284847491
   23.6821612688     6.7507150638    -3.5225133013
   21.6084900195    -0.4949636241    -3.7185323360
   24.1111155003     3.6852382203    -4.0125608881
   22.3335982739     8.1236780753    -4.3065894403
   22.8194595815     0.9756524441    -4.5026084750
   17.8277214212     9.3661133182    -4.6006179924
   23.6347449950     5.4958155549    -4.7966370271
   20.6184294652     8.7762527178    -5.0906655793
   23.2688609345     2.7271111936    -5.2866846140
   16.3382946580     8.3658638021    -5.3846941314
   22.4870623612     6.8366155002    -5.5807131661
   18.9087302089     8.5974197150    -5.8747417183
   22.8823184741     4.3700520920    -6.0707607530
   20.9459564924     7.4038631868    -6.3647893051
   17.6352344268     7.6240473749    -6.6588178573
   21.7311594724     5.4596660074    -6.8548368920
   19.4288315480     6.9419464767    -7.1488654441
   16.4451671953     2.8189236219    -7.2468749615
   17.3428772591     5.9875627184    -7.4428939963
   19.9147469578     5.3392116777    -7.6389130310
   17.3843473398     4.2294602637    -7.7369225484
   21.2658994054     9.0191101837     0.1124867402
   20.2886217860     9.9832478001    -0.9944442796
   22.2890743641     8.9827914090    -1.6862761669
   18.9053218128    10.2200246275    -2.1013752993
   21.1282428219     9.7804604136    -2.7932071867
   19.7438277827     9.8088422887    -3.9001382064
   21.3738090367     8.6993294560    -4.5919700938
   21.5876862284     0.2556734630    -5.4436279588
   19.6050601703    -0.0769806102    -6.1354598462
   21.8718696263     1.6001069218    -6.5505589786
   18.0746057474     0.8571335857    -6.8272917335
   20.2532397744     1.2734566904    -7.2423908659
   20.6164485181     2.9546321701    -7.6574899983
   18.2135274432     2.6817443310     3.4547393997
   20.9448367145     2.7906943733     3.3163730222
   18.9444704276     1.1248262412     3.0396402673
   21.1609797102     1.2076377824     2.6245411349
   22.4813870866     3.4589800034     2.2094420025
   19.8789632197    -0.0458747981     1.9327092475
   22.5194966611     1.5288203095     1.5176101151
   21.2450756701    -0.1524842079     0.8257782278
   -0.4311978614    -2.1747077759     5.4224203574
   -0.2960404647    -4.7691593434     3.3890127234
   -3.2504734248    -3.1958776220    -3.6794995282
    1.0821364916    -3.8356102890     4.8741897913
    2.4559125063    -4.8826848186     4.1652167307
    1.1994910634    -5.4562303758     3.0131355073
    4.3453306675     2.1647329127     8.1230849064
    2.9063593530     0.8873456022     8.0344632739
    3.0484329020     3.1482236833     7.8572200087
    3.6389620182    -0.7231534762     7.7685983762
    1.4288916533     1.7497986535     7.5913551110
    4.1347352495     4.4806726791     7.4141118459
    1.8765897178    -0.8370022879     7.3254902133
    4.6270508903    -2.1010809439     7.0596253156
    0.3296036002     0.5390032463     6.8823820505
    2.3954960537    -2.3729623738     6.6165171528
   -0.0827714186     2.8608910203     6.4392738876
    5.1448468576     5.9015167754     6.2620306225
    0.2117333532    -1.1340008407     6.1734089899
    3.7692720683    -3.4200369035     5.9075440922
    3.4886405782     6.6026003469     5.5530575619
    4.6756468910     7.2806487225     4.4009763386
    6.9720497917     2.1647329127     8.1230849064
    5.5330784772     0.8873456022     8.0344632739
    8.3051092646     0.9951229146     7.9458416413
    5.6751520261     3.1482236833     7.8572200087
    6.2656811424    -0.7231534762     7.7685983762
    8.6776203822     2.9156433710     7.6799767436
    8.5776935245    -0.6751151425     7.5027334785
    6.7614543737     4.4806726791     7.4141118459
   10.0220281239     1.6851943029     7.2368685808
    7.2537700144    -2.1010809439     7.0596253156
   10.1840878789    -0.4397815988     6.7937604179
    8.8634317061    -2.4565893680     6.3506522551
    7.7715659818     5.9015167754     6.2620306225
    6.3959911925    -3.4200369035     5.9075440922
    6.1153597024     6.6026003469     5.5530575619
   11.5739902036     4.4566350876     4.6668412363
    7.3023660151     7.2806487225     4.4009763386
   10.4436664177     6.1903264834     3.9578681757
    8.6622326597     7.3920478261     3.2488951152
    6.5051609263     7.8350683405     2.5399220546
    9.9761038563     6.9778041604     2.0968138918
    7.8853465662     7.7672978760     1.3878408312
    8.5671295765    -3.5637288591     5.3172979541
    7.7093507546    -4.8826848186     4.1652167307
    6.3959911925    -6.3453327338     2.4228893692
    8.2382948980    -6.6555947104     1.7139163087
    7.1290499330    -7.4449103253     0.5618350853
    9.2477351929    -7.1407835239    -0.1471379753
    5.7879182929    -7.7175659116    -0.5902461381
    8.0070121091    -7.7375557723    -1.2992191986
   10.0853508811    -6.9164520501    -2.0081922592
    6.6294220529    -7.8481008049    -2.4513004220
    8.7844458222    -7.3721467024    -3.1602734826
   10.5554400087    -6.1409163080    -3.8692465431
    7.4206087276    -7.3069491748    -4.3123547060
    6.2097698373    -6.6768581297    -5.4644359294
    7.8798080004    -5.9629698149    -6.1734089899
    5.4221720192    -5.4492864533    -6.6165171528
    4.6270508903    -5.0263767743     3.5749705926
    3.7692720683    -6.3453327338     2.4228893692
    2.5128506255    -6.9188782910     1.2708081459
    4.5023308089    -7.4449103253     0.5618350853
    1.1521528945    -6.8747060956     0.1187269225
    3.1611991687    -7.7175659116    -0.5902461381
   -0.0959891751    -6.3003880822    -1.0333543009
    5.3802929850    -7.7375557723    -1.2992191986
    1.8026120612    -7.4734506890    -1.7423273615
    4.0027029287    -7.8481008049    -2.4513004220
    0.6217627061    -6.7586458409    -2.8944085849
    2.6864769598    -7.4540843013    -3.6033816454
   -0.2044157469    -5.6675893305    -4.0464898083
    4.7938896034    -7.3069491748    -4.3123547060
    1.6362009557    -6.5878454120    -4.7554628688
    3.5830507132    -6.6768581297    -5.4644359294
    5.2530888763    -5.9629698149    -6.1734089899
    4.2000746684    -4.6396724435    -7.3254902133
    2.9528264080    -3.3893567017    -7.7685983762
   10.4136296874    -2.1858013913     6.0262710147
   12.7256420694    -2.1377630577     5.7604061170
   11.4017185594    -3.5637288591     5.3172979541
   12.9158204279     3.1084629394     5.2286763216
   14.3320364238    -1.9024295140     5.0514330564
   14.7667837537     1.7364760883     4.7855681587
   13.0113802510    -3.9192372832     4.6083248936
   11.9195145267     4.4388688602     4.5197032610
   15.5296399889    -0.7054657055     4.3424599959
   10.5439397375    -4.8826848186     4.1652167307
   14.6992875853    -3.3521110448     3.8993518330
   12.3862434430    -5.1929467952     3.4562436702
   14.3076977802    -4.6645221195     2.7472706096
   11.2769984780    -5.9822624101     2.3041624468
   13.3956837379    -5.6781356087     1.5951893862
    9.9358668378    -6.2549179964     1.1520812234
   12.1549606541    -6.2749078571     0.4431081628
   14.2332994260    -5.4538041349    -0.2658648977
   10.7773705978    -6.3854528898    -0.7089730606
   12.0277565454    -4.5003218998    -4.4310816284
   11.8542659129     5.0645980096     3.9540235608
   12.8643775210     6.4854421059     2.8019423374
   11.2081712416     7.1865256773     2.0929692768
   12.3951775544     7.8645740530     0.9408880534
   10.7563224849     8.2978256575    -2.7812205145
   -1.0196014141     2.8280267347     6.3807575450
   -2.4585727286     1.5506394242     6.2921359124
   -2.3164991796     3.8115175053     6.1148926472
   -1.7259700634    -0.0598596542     6.0262710147
   -3.9360404283     2.4130924755     5.8490277495
   -4.0040243617     4.2951734176     5.4059195867
   -5.4477035003     3.5241848423     4.6969465261
   -6.9532270303     3.2196554968     2.8358922422
   -6.9859224458     4.5819651821     1.6838110188
   -7.4764402453     3.8608391181    -0.1772432651
   -7.3263281323     2.9748471721    -2.0382975491
   -6.5195411574     4.0706232499    -3.1903787725
    0.4033622553     5.2808910679     6.3807575450
   -1.0356090592     4.0035037574     6.2921359124
    2.1089328459     6.0318015262     5.9376493821
   -0.8192904593     7.4994293785     6.3807575450
   -2.2582617738     6.2220420681     6.2921359124
    0.5137690136     6.3298193805     6.2035142798
   -2.1161882249     8.4829201491     6.1148926472
   -3.7357294735     7.0844951194     5.8490277495
   -3.8037134069     8.9665760615     5.4059195867
   -4.8350175267     5.8736997121     5.1400546890
   -5.2473925455     8.1955874861     4.6969465261
   -6.1282339307     6.6686820931     3.9879734656
   -5.6856577699     9.5570808276     3.5448653028
   -6.2322522486     4.7699923782     3.2790004050
   -6.7529160755     7.8910581407     2.8358922422
   -5.4249817386    10.8941265551     2.3927840794
   -7.0783231683     5.8356867508     2.1269191817
   -6.7856114910     9.2533678260     1.6838110188
   -6.2898571690    10.5368319656     0.5317297954
   -7.2381733412     4.9430012533     0.2658648977
   -6.6388696530     9.7553063812    -1.3293244885
   -7.1260171775     7.6462498160    -2.0382975491
   -5.6008881890    10.6439553066    -2.4814057119
   -6.7723074644     5.5844606828    -2.7472706096
   -6.3192302026     8.7420258937    -3.1903787725
   -6.1986899821     6.8281360377    -3.8993518330
   -4.9648994591     7.6732460316    -5.0514330564
    0.6036732101     9.9522937117     6.3807575450
   -0.8352981044     8.6749064013     6.2921359124
    1.9367326830     8.7826837137     6.2035142798
   -0.6932245554    10.9357844823     6.1148926472
    2.3092438007    10.7032041701     5.9376493821
   -2.3127658041     9.5373594526     5.8490277495
    2.2093169429     7.1124456565     5.7604061170
    0.3930777921    12.2682334781     5.6717844844
    3.6536515423     9.4727551019     5.4945412193
   -2.3807497375    11.4194403947     5.4059195867
    2.3994953014    12.3586716536     5.2286763216
    3.8157112973     7.3477792002     5.0514330564
   -0.9896282502    13.1113917093     4.9628114239
    4.2504586271    10.9866848025     4.7855681587
   -3.8244288761    10.6484518193     4.6969465261
    1.4031894002    13.6890775744     4.5197032610
    3.9057314564    12.6972423058     4.0765950982
   -0.2530168792    14.3901611459     3.8107302005
   -5.3626478216    11.7062321592     1.6838110188
   -4.8668934996    12.9896962988     0.5317297954
   -3.9373985886    14.0125594476    -0.6203514280
   -5.2159059836    12.2081707144    -1.3293244885
   -4.3944620024    13.8079476518    -2.1403427525
   -5.3807341240    11.8033574482    -2.8493158130
   -4.7434744864    13.0264220675    -4.0013970364
   -3.7054930225    13.9150709929    -5.1534782598
   -3.1770341569    12.6341587430    -7.0145325438
   -3.4115303903     8.5580121095    -7.2803974415
    4.8453822668     8.3712794495    -7.3690190740
   -3.0695042925    10.9443617179    -7.7235056043
    3.0012245932     6.9014840671    -7.8121272369
   -1.9686444683     7.7608438605    -7.9893705020
   -1.5433390196    12.4318446613    -8.1666137671
   -2.0196015020     9.7059801816    -8.4324786649
    2.9766138675     8.5366764271    -8.5211002974
   -0.3163995522     8.1417512807    -8.6983435626
   -0.7110676669    10.7791700757    -8.8755868277
    1.2978501418     8.8660522347    -8.9642084603
    1.0623536942    10.7757376036    -9.0528300928
    4.2027492412    13.9724301303     3.2655768342
    2.2865832327    15.5374594384     2.9997119365
    5.5471569829    12.7419810622     2.8224686714
    4.2930007419    15.6278976139     2.5566037737
    0.9038771904    16.3806176696     2.2907388760
    6.1439640677    14.2559107628     2.1134956108
    3.2966948408    16.9583035347     1.8476307131
    5.7992368969    15.9664682661     1.4045225503
    1.6404885614    17.6593871062     1.1386576526
    4.6213548133    17.4382058586     0.6955494897
    7.0991190626    15.5134218469     0.2524413269
    2.8274948741    18.3374354818    -0.0134235708
    5.9687952767    17.2471132427    -0.4565317337
    7.3130943265     9.1683039252    -0.6337749988
    0.7284079707    18.4560036389    -0.7223966314
    8.0579482775    14.5461202323    -0.8996398965
   -3.4691423810    14.9754581194    -0.9882615291
    4.1873615187    18.4488345854    -1.1655047942
    7.1332229419    16.5259449296    -1.6086129571
    2.0302897853    18.8918550998    -1.8744778548
    8.5748179858    13.2720393950    -2.0517211199
   -2.9733880590    16.2589222591    -2.1403427525
    5.5012327153    18.0345909197    -2.3175860176
    8.0113575643     9.7339396964    -2.4948292827
   -0.1621632839    18.4842384591    -2.5834509153
    7.9575420891    15.4181454244    -2.7606941804
    3.4104754252    18.8240846353    -3.0265590782
    8.5962328449    11.8901019093    -3.2038023433
   -2.0438931480    17.2817854079    -3.2924239759
    6.5817304613    17.1731793703    -3.4696672410
    1.1886398046    18.7706870864    -3.7355321387
    8.3296984977    14.0895109169    -3.9127754038
   -3.3224005430    15.4773966747    -4.0013970364
    4.6702200855    18.2665017026    -4.1786403016
    8.1199144923    10.5992985267    -4.3558835667
   -0.8138951029    17.8962291272    -4.4445051993
    7.2705872447    15.9856023888    -4.6217484644
    2.5391100203    18.5422013761    -4.8876133621
    8.1833853598    12.7298791939    -5.0648566272
   -2.2844190790    16.3660456001    -5.1534782598
    5.6170438211    17.2840700943    -5.3307215249
    7.1949280241     9.5986204054    -5.5079647901
    0.5449800216    17.9883392409    -5.5965864227
    7.4381438775    14.6349661501    -5.7738296878
   -3.0027610926    14.4641161872    -5.8624513204
    3.6765482629    17.7949755504    -6.0396945855
    7.4952461818    11.5542484090    -6.2169378506
   -0.9744869574    16.7440802192    -6.3055594832
    6.0596111258    15.9906761995    -6.4828027483
    5.9182021277     9.0942376450    -6.6600460135
    1.8198748109    17.4691206178    -6.7486676460
    6.9707926969    13.3295528669    -6.9259109112
   -1.7559602134    15.0851333502    -7.0145325438
    4.3533814889    16.5592866464    -7.1917758089
    6.2664562102    10.8222540567    -7.3690190740
    0.4305541993    16.4133592658    -7.4576407066
    5.7671370594    14.5441954688    -7.6348839717
   -1.6484303491    13.3953363251    -7.7235056043
    5.6927104751    12.3550451937    -8.0779921346
   -0.1222650762    14.8828192685    -8.1666137671
    4.3976878109    10.9876510343    -8.5211002974
    0.7100062765    13.2301446829    -8.8755868277
    2.7189240852    11.3170268420    -8.9642084603
   -6.6701497915     3.1649612077    -3.5578978958
   -6.8880105660     1.2270375754    -4.3502795517
   -4.0033403329    -2.8979605983    -4.6474226727
   -6.5515585710     4.3945872966    -4.8455180866
   -6.3061831838    -0.6747694426    -5.1426612076
   -2.1204016072    -3.5569249279    -5.4398043286
   -7.0175194550     2.4532843557    -5.6378997425
   -5.0188432131    -2.1987274579    -5.9350428635
   -5.9054820556     5.4447682155    -6.1331382775
   -0.1361665284    -3.4220020299    -6.2321859845
   -6.6832581098     0.4994652877    -6.4302813984
   -3.2575512465    -3.0777646366    -6.7274245194
   -6.5952395997     3.6136163808    -6.9255199334
   -5.6218853976    -1.1188965469    -7.2226630544
   -4.8535163210     6.0992461408    -7.4207584683
   -1.3503291106    -3.1686283773    -7.5198061753
   -6.4843666117     1.7273177650    -7.7179015893
   -5.7154566661     4.7832336466    -7.8677764091
    0.1871962197    -2.8664435333    -7.9668241161
   -6.2181583611     0.1831568315    -8.1649195301
   -3.6938779334     6.9335648137    -8.3630149440
   -2.7794274438    -3.0760951329    -8.4620626510
   -6.6701497915     3.1649612077    -8.6601580650
    1.9889311761    -2.2970873754    -8.7592057720
   -0.7216060327     7.6322458477    -8.8582534790
   -5.4528752102    -1.5661556603    -8.9573011860
   -5.3687054557     5.9801091120    -9.1553965999
   -0.8889100460    -3.4902823258    -9.2544443069
    2.2153635269     6.5548389274    -9.3534920139
   -6.8880105660     1.2270375754    -9.4525397209
   -2.6843917472     7.6498307319    -9.6506351349
   -4.0033403329    -2.8979605983    -9.7496828419
   -6.5515585710     4.3945872966    -9.9477782559
    1.0555959637    -3.1055278903   -10.0468259628
    0.5113804524     7.5744999056   -10.1458736698
   -4.5218386506     6.8769138435   -10.4430167908
   -2.1204016072    -3.5569249279   -10.5420644978
    2.7029315062    -1.9776705126   -10.8392076187
   -1.4665219965     7.8421750674   -10.9382553257
   -5.9054820556     5.4447682155   -11.2353984467
   -0.1361665284    -3.4220020299   -11.3344461537
   -3.3678632615     7.3131917140   -11.7306369816
   -3.2575512465    -3.0777646366   -11.8296846886
    1.5965213465    -2.5271254740   -12.1268278096
   -0.2857783095     7.4767442315   -12.2258755166
   -4.8535163210     6.0992461408   -12.5230186376
   -1.3503291106    -3.1686283773   -12.6220663445
    2.7677272345    -1.0579347384   -12.9192094655
   -2.1277154093     7.1673202296   -13.0182571725
    0.3334603646    -2.4818988989   -13.4144480005
   -3.5643270613     6.1464632784   -13.8106388284
   -2.3163811194    -2.3001792048   -13.9096865354
    1.4403595178    -1.1894606792   -14.2068296564
   -4.2665302896     4.6632240029   -14.6030204843
   -0.8269880862    -1.6452329219   -14.7020681913
    1.6677936102     0.3864193204   -14.9992113123
   -2.2602047732     5.2773242895   -15.0982590193
   -0.0888073845    -0.2264051573   -15.4944498472
   -2.2997179525     3.4561195015   -15.8906406752
   -1.4138509623     0.8335656148   -15.9896883822
   -0.7345011979     2.6310256151   -16.0887360891
   -0.3597627148    -5.1050710795     2.9605707155
   -1.1569396664    -6.0400140761     1.3228081920
   -2.1315495104    -6.0603910523    -0.3149543314
   -0.5771720110    -6.0371857751    -1.3228081920
   -2.8319755006    -5.3126806414    -1.9527168549
   -1.3834327344    -5.1100648850    -2.9605707155
   -2.6968629842    -3.8093500262    -3.5904793783
    2.0372643145     4.2674455852     7.1935569299
    9.6633646884     4.0263820898     6.9415934648
    9.6829730793     5.5475917136     5.9337396042
   11.3451731270     4.2056075402     5.3038309413
   10.8705749207     5.6366691586     4.2959770808
   11.2328195200    -4.9125874380    -4.7999040110
    9.3146335403    -6.1497723193    -5.4298126739
    9.8629280943    -4.7997144111    -6.4376665345
    8.1694522438    -4.7497290053    -7.0675751974
    1.1062134596    -6.2027415820    -5.0518674762
   -0.2047583498    -4.4184511906    -5.6817761391
    2.5547562258    -6.0001258256    -6.0597213368
    1.2413259760    -4.6994109669    -6.6896299996
   12.8187591760    -6.1633263461    -0.3483394906
   11.8439969120    -6.1524590604    -1.9861020140
   13.1262108593    -5.3749846640    -2.9939558746
   11.8059606542     1.0384350912     6.3847542068
   13.1274319985    -0.1277780101     6.1327907417
   13.4749420074     1.7624903554     5.7548455439
   14.7272409653     0.5502978293     5.1249368811
    9.8705123172     7.4793558706     1.4021766835
   10.6006741069     8.3043613614    -0.2355858399
   14.7157072696    -2.7303300981    -6.2921576334
   12.3561126549    -3.4577098006    -6.9220662962
   15.5565125819    -1.4430505229    -7.3000114940
   13.6383266022    -2.6802354042    -7.9299201568
   15.5851828813     0.0322042853    -8.3078653545
   14.6195535747     2.9704123304    -8.6858105523
   14.1866211562    -1.3301774960    -8.9377740174
   14.6265200827     1.1751939631    -9.3157192151
   13.7520094978     9.4578989807     0.0661404096
   15.9604543633     9.8856735733    -0.5637682533
   12.2843748589     9.1933621909    -0.9417134510
   14.4821712875    10.2829044715    -1.5716221139
   12.9607125075     9.9044473195    -2.5794759744
   15.4456153482    10.2876044746    -3.2093846373
   11.8068979333     8.8561288090    -3.5873298350
   13.9712781903     9.8759697051    -4.2172384979
   16.1837915008     9.4697620284    -4.8471471608
   12.9953123292     8.7786423677    -5.2250923585
   14.8965012767     8.7761105727    -5.8550010213
   13.0297613746     7.2576964542    -6.2329462191
   -7.7477571659     2.8850834102    -0.5669177966
   -7.5369487247     6.7660436124     1.0708447269
   -7.3498874432     5.2146675734     0.0629908663
   -7.5493359371     7.7322305710    -0.5669177966
   -7.3305989837     6.2039835702    -1.5747716572
   -3.3752740525    12.7642111970     4.0578716062
   -2.0139744251    14.2955975115     3.4279629433
   -3.4816090640    14.0310607218     2.4201090827
    5.3239644460     9.2146914870     4.1838533388
    5.7534739268    10.6061094636     3.1759994782
    6.3354262211     8.3671483996     2.5460908153
    6.5392425162     9.8974567569     1.5382369547
   -5.4139455700    11.1715318702    -4.2103095026
   -5.1952086166     9.6432848694    -5.2181633632
   -4.6351283057    11.8878171512    -5.8480720261
   -4.1920639839    10.5006558822    -6.8559258866
    2.4810015316    16.0402172728    -8.0792085099
    5.1514339759    13.4206183693    -8.3311719751
    3.5664668091    14.7916825022    -8.7091171728
    3.7373746051    12.5528259557    -8.9610806379
    2.2902277477    13.8140656652    -9.0870623705
   -1.4798788860    16.0334371573     1.3857990583
   -0.1185792585    17.5648234718     0.7558903954
   -1.5862138975    17.3002866820    -0.2519634651
    7.2193596125    12.4858071733     1.5117807909
    7.2974765806    10.4855338986     0.8818721280
    7.6488690933    13.8772251499     0.5039269303
    8.2308213877    11.6382640859    -0.1259817326
    8.4346376828    13.1685724431    -1.1338355932
   -7.0569583236     1.5012670082   -10.4413659957
   -5.2866329583    -2.0116622185   -10.8193111934
   -6.8698970421    -0.0501090308   -11.4492198563
   -7.0693455360     2.4674539667   -12.0791285191
   -5.9690190880    -1.3305259904   -12.4570737169
   -6.8506085826     0.9392069659   -13.0869823797
   -4.5950898480    -1.9886526274   -13.4649275774
   -6.2905282717     3.1837392477   -13.7168910426
   -5.9060616574    -0.2043622361   -14.0948362403
   -3.1465470818    -1.7860368710   -14.4727814380
   -5.8474639500     1.7965779787   -14.7247449032
   -4.4599773316    -0.4853220123   -15.1026901009
   -4.6070512770     3.0209307877   -15.3546535660
   -2.2032537076    -0.5356400507   -15.4806352986
   -4.2411155213     1.1341428498   -15.7325987638
   -2.9310851588     2.3131932985   -15.9845622289
    3.0867935737     5.9541431247   -10.3021561812
    1.9228060607     6.9911546196   -11.3100100418
    3.7839998749     5.2800269532   -11.9399187046
    0.3977273010     7.3547497403   -12.3178639024
    2.6060491771     6.2867019818   -12.9477725652
    3.7453274164     4.2405565914   -13.5776812281
    1.1359034536     6.5369072941   -13.9556264258
    3.4777084724     2.0806672570   -14.2075898910
    2.5120791658     5.0188753020   -14.5855350887
    2.0791467472     0.7182854756   -14.8374985538
   -0.1513867705     5.8432558383   -14.9634802864
    2.5190456738     3.2236569348   -15.2154437515
    0.9340785069     4.5947210677   -15.5933889493
    1.1049863030     2.3558645212   -15.8453524144
   -0.3421605545     3.6171042307   -15.9713341470
   -6.2902597182    -1.9384088171     7.1994650388
   -7.7270909923    -3.2142984850     7.1004173318
   -4.9610681866    -3.1062843597     7.0013696248
   -7.5834209378    -0.9601726444     6.9023219178
   -6.9945278372    -4.8162265962     6.8032742108
   -4.5949329825    -1.1946306723     6.7042265038
   -9.1900232755    -2.3545847792     6.6051787968
   -4.6979018721    -4.7623497984     6.5061310899
   -6.5011514626     0.3534571409     6.4070833829
   -8.7387064818    -4.9185656947     6.3080356759
   -3.2737939249    -2.4196594715     6.2089879689
   -9.2441866723    -0.4949430875     6.1099402619
   -6.0150968661    -6.1601814986     6.0108925549
   -4.5216525934     0.4273045920     5.9118448479
  -10.2521482706    -3.5503579469     5.8127971409
   -3.1317335988    -4.5130490921     5.7137494339
   -7.8615341796     1.1574413825     5.6147017270
   -8.2102906813    -6.4078715793     5.5156540200
  -10.6352379207    -1.2696046032     5.3175586060
   -4.4444143022    -6.4763415984     5.2185108990
   -5.5144921646     1.6997499115     5.1194631920
  -10.3326610650    -5.1754006943     5.0204154850
   -1.9966004330    -3.3279074050     4.9213677780
   -9.5104901134     1.0076523662     4.8223200710
   -6.8578084974    -7.3889640249     4.7232723641
  -11.4477500642    -2.7647455009     4.5251769501
   -2.8317079385    -5.8868115238     4.4261292431
   -7.1275983941     2.3314772105     4.3270815361
  -10.9859024483     0.0173447033     4.0299384151
   -5.0832495625    -7.6323324765     3.9308907081
  -11.4886041433    -4.5827321118     3.7327952942
   -1.5807946733    -4.5491133563     3.6337475872
   -8.9643237156     2.1676758705     3.5346998802
  -11.9405955737    -1.6009277355     3.2375567592
   -3.2815146062    -7.0629763187     3.1385090522
  -10.6391512379     1.2142201688     2.7423182243
   -6.1593558282    -8.2561712690     2.6432705173
  -12.1584563483    -3.5388513679     2.4451751033
   -1.8169213589    -5.7653441937     2.3461273963
   -7.9548375294     2.8839417887     2.2470796893
  -11.8220043533    -0.3713016466     1.9499365684
   -4.2148498185    -7.8714168335     1.8508888614
   -9.7922844328     2.1110249002     1.4546980334
  -12.2879652372    -2.3126045875     1.1575549125
   -2.5675142761    -6.7435594558     1.0585072055
  -11.1759278378     0.6788792723     0.6623163775
   -5.4066123106    -8.1878909732     0.5632686705
   -8.6383090437     2.5473027707     0.1670778426
  -11.8656853819    -1.1522725625    -0.1300652784
   -3.6739244357    -7.2930144173    -0.2291129854
  -10.1239621032     1.3333571976    -0.6253038133
  -11.7548123939    -3.0385711782    -0.9224469343
   -2.5027185477    -5.8238236816    -1.0214946413
  -10.9273793299    -0.3124681711    -1.4176854692
   -4.9369854176    -7.2477878422    -1.5167331762
   -8.8347728436     1.3805743352    -1.9129240042
  -10.9027884491    -2.0293731809    -2.2100671252
   -3.8300862644    -5.9553496224    -2.3091148321
   -9.5369760718    -0.1026649404    -2.7053056601
   -6.0974338684    -6.4111218651    -2.8043533671
  -10.0470932245    -3.3839161326    -3.0024487811
   -3.6026521720    -4.3794696228    -3.1014964880
   -7.5306505554     0.5114353462    -3.2005441950
   -7.9155320402    -5.4853694537    -3.2995919020
   -9.2111451102    -1.6547178025    -3.4976873160
   -5.3592531667    -4.9922941006    -3.5967350230
   -8.4421595088    -3.8194475034    -3.7948304370
   -4.6297451809    -2.9939511941    -3.8938781440
   -7.5701637347    -1.3097694418    -3.9929258509
   -6.6842967445    -3.9323233284    -4.0919735579
   -6.0049469801    -2.1348633282    -4.1910212649
   -9.3044935801    -7.5597652451     3.4852846316
  -11.2346587813    -6.3413539108     2.8553759688
   -8.0147552791    -8.3246927963     2.4774307711
  -12.1516595889    -4.1074397260     2.2254673059
  -10.3813342235    -7.6203689526     1.8475221082
  -11.9645983074    -5.6588157650     1.2176134453
   -8.9893651230    -8.3450697726     0.8396682476
  -11.0637203533    -6.9392327245     0.2097595847
   -7.4349876237    -8.3218644953    -0.1681856130
  -11.9453098479    -4.6694997683    -0.4201490781
   -9.6897911132    -7.5973593616    -0.7980942759
  -11.0007629227    -5.8130689702    -1.4280029387
   -8.2412483471    -7.3947436052    -1.8059481364
  -10.9421652152    -3.8121287555    -2.0579116016
   -9.5546785969    -6.0940287465    -2.4358567993
   12.0608288234    -4.1014492769    -4.9580319089
   10.8131753017    -3.9335388581    -6.2168080632
   12.8868964078     6.3255747988    -7.0882684778
   13.3192764531     5.0296103287    -8.3470446322
   14.9372448336     2.7486582432     4.6629966213
   16.2703043065     1.5790482451     4.4857533562
   16.6428154242     3.4995687015     4.2198884585
   14.7266494156     5.0645980096     3.9540235608
   13.3439433733     5.9077562407     3.2450505002
   16.8377539939     0.5147896055    -7.5667886732
   17.4284053263    -0.4020864700     4.1289861221
   17.6915716408    -2.0581519087     3.6337475872
   19.1156795880     0.2845384182     3.3366044662
   16.3743766468    -3.4559836089     3.1385090522
   19.2577399141    -1.8088512024     2.8413659313
   17.9450592108    -3.7721437087     2.3461273963
   20.3928730799    -0.6237095154     2.0489842754
   15.5316650155    -4.6847661352     1.8508888614
   19.5577655744    -3.1826136341     1.5537457404
   17.3062239504    -4.9281345868     1.0585072055
   20.8086788396    -1.8449154667     0.7613640845
   19.1079589068    -4.3587784290     0.2661255496
   16.2301176847    -5.5519733793    -0.2291129854
   20.5725521540    -3.0611463041    -0.5262561063
   18.1746236944    -5.1672189438    -1.0214946413
   14.9986261235    -5.6186159814    -1.5167331762
   19.8219592369    -4.0393615661    -1.8138762972
   16.9828612024    -5.4836930835    -2.3091148321
   20.8811737931    -2.3687073699    -2.6062579531
   13.8614764842    -5.1394556901    -2.8043533671
   18.7155490772    -4.5888165276    -3.1014964880
   15.7686986201    -5.2303194308    -3.5967350230
   19.8867549653    -3.1196257920    -3.8938781440
   17.4524880953    -4.5435899525    -4.3891166789
   14.8026466113    -4.3618702584    -4.8843552138
   18.5593872485    -3.2511517328    -5.1814983348
   16.2920396445    -3.7069239754    -5.6767368698
   18.7868213409    -1.6752717332    -5.9738799907
   17.0302203463    -2.2880962109    -6.4691185257
    8.8139251063    -4.5949414533    -7.0912293537
    5.1196208543     7.6447701885    -7.4457158840
    5.2362441825    -4.3308363700    -7.5343375165
   10.8922638782    -3.7738377310    -7.8002024143
    8.6922595634     7.9846163647    -7.8888240468
    2.3769548905    -2.1642683393    -7.9774456794
    3.2378909901     6.4423171373    -8.1546889445
    7.4363350500    -4.7054864859    -8.2433105771
    6.4704239427     7.9312188158    -8.5977971074
    4.0553948274    -3.6160315219    -8.6864187399
    9.9520042236     7.4270334320    -9.0409052702
    4.4678890352     7.0567608566    -9.3067701679
    6.1201090811    -4.3114699822    -9.3953918005
   12.5523713828     5.1461341182    -9.4840134331
   11.3623530059    -2.9983019889    -9.6612566982
    7.8208941585     7.7027331055    -9.7498783308
    3.2292163744    -2.5249750115    -9.8384999633
   13.4651694979     1.8904109233    -9.9271215959
   12.4767121623    -1.2408478652   -10.3702297588
    5.8267641597     7.1488709703   -10.4588513913
    5.0698330770    -3.4452310930   -10.5474730239
   12.7199280156     3.7954978795   -10.6360946565
   12.7770303199     0.7147801384   -11.0792028193
    4.3072971807     5.9046119486   -11.1678244519
    7.0166828345    -3.5342438107   -11.2564460844
   11.1999862658    -1.7452306256   -11.5223109821
    7.1016589491     6.6296523472   -11.6109326147
    4.5061023933    -2.1843754055   -11.6995542473
   12.2525768350     2.4900845963   -11.7881758799
    8.6867209976    -2.8203554959   -11.9654191450
   11.5482403484    -0.0172142139   -12.2312840427
    5.7123383375     5.5738909952   -12.3199056753
    6.2290850163    -2.3066721342   -12.4085273078
   11.0489211975     3.7047271982   -12.4971489404
    9.7040826747    -1.4870095963   -12.6743922055
    8.0081650976     5.3800027788   -12.7630138381
    4.7342136133    -0.6276498029   -12.8516354707
   10.9744946132     1.5155769231   -12.9402571032
    5.1595190620     4.0433509979   -13.0288787358
    7.6337067897    -1.4970581245   -13.1175003684
    9.4540208157     3.9859469953   -13.2061220010
    4.6832565795     1.3174865183   -13.2947436335
    9.6794719490     0.1481827637   -13.3833652661
    6.9816693172     4.0780717763   -13.4719868987
    6.3864585293    -0.2467423827   -13.5606085312
    9.3884770731     2.2680479486   -13.6492301638
    5.9917904147     2.3906764123   -13.7378517964
    8.0007082233     0.4775585713   -13.8264734289
    7.7652117758     2.3872439402   -13.9150950615
    9.6427917356     8.4532684099    -5.2394282108
    7.4209561150     8.3998708609    -5.9484012714
   10.9025363959     7.8956854772    -6.3915094342
    8.7714263307     8.1713851507    -7.1004824948
   11.8493601315     6.9132538689    -7.5435906576
    7.6007472211     8.5393143222    -1.7415454059
    8.8337337061     8.4815683801    -3.0291655968
    9.4210318485    -4.5117058320    -7.8562208433
   10.8058641992    -3.7734588438    -8.8640747039
    8.4462695845    -4.5008385464    -9.4939833667
    9.7284835318    -3.7233641499   -10.5018372273
   10.9189538009     6.4983512925   -10.2454644015
    9.4488080775     6.7485566048   -11.2533182621
   10.8249837896     5.2305246127   -11.8832269250
    8.1615178534     6.0549051491   -12.2611721227
    9.2469831308     4.8063703785   -12.8910807856
   14.9203675432     5.8998891462     3.4178739930
   16.0017102763     7.2152780024     2.9337293182
   14.6389067649     8.0261021878     2.1590978386
   12.9807124894     7.8836702450     1.3844663590
   15.3721781303     9.2201981203     0.9003216842
   14.7905153393     7.9647618649    -6.4586773722
   14.2344887365     6.4739727697    -7.2333088518
   15.8041476280     5.8827262169    -7.7174535266
   18.9529125594     4.9237328561     4.2793822456
   17.5139412449     3.6463455456     4.1907606131
   20.2859720323     3.7541228580     4.1021389805
   17.6560147939     5.9072236266     4.0135173479
   18.2465439101     2.0358464672     3.9248957154
   20.6584831500     5.6746433144     3.8362740828
   18.7423171414     7.2396726225     3.5704091851
   22.0028908916     4.4441942463     3.3931659199
   20.7487346507     7.3301107980     3.1273010222
   17.3596110991     8.0828308536     2.8614361245
   22.5996979764     5.9581239468     2.6841928594
   19.7524287495     8.6605167188     2.4183279617
   23.3625542117     3.5161821530     2.2410846965
   22.2549708057     7.6686814501     1.9752197988
   22.5322018080     0.8695368137     1.7979765337
   18.0962224701     9.3616002902     1.7093549011
   23.8726510043     5.2776038589     1.5321116360
   21.0770887220     9.1404190427     1.2662467383
   23.8876880349     2.2260623071     1.0890034732
   16.1656702366     9.2554383411     1.0003818406
   23.5548529713     7.2156350309     0.8231385754
   22.1406120029    -0.4428742610     0.6458953103
   19.2832287829    10.0396486658     0.5572736777
   24.6057642480     4.1280920894     0.3800304126
   22.4245291854     8.9493264267     0.1141655149
   23.7688282353     0.8705171093    -0.0630777502
   17.1841418795    10.1582168230    -0.1516993828
   24.5136821863     6.2483334164    -0.3289426479
   24.7973004911     2.7751633034    -0.7720508108
   23.5889568506     8.2281581136    -1.0379157085
   23.1192668249    -0.3377944120    -1.2151589736
   18.4860236940    10.5940682838    -1.3037806062
   25.0305518945     4.9742525791    -1.4810238713
   24.4670914730     1.4361528804    -1.9241320342
   16.2935706249    10.1864516432    -2.0127536668
   24.4132759978     7.1203586085    -2.1899969319
   22.0662136488    -1.2321562763    -2.3672401970
   25.0519667537     3.5923150933    -2.6331050947
   23.0374643700     8.8753925544    -2.8989699924
   23.6774010983     0.3028992140    -3.0762132576
   17.6443737133    10.4729002704    -3.1648348901
   24.7854324065     5.7917241009    -3.3420781553
   24.5756484010     2.3015117108    -3.7851863181
   23.7263211534     7.6878155729    -4.0510512158
   22.5363027764    -0.4566205342    -4.2282944810
   18.9948439291    10.2444145602    -4.3169161135
   24.6391192685     4.4320923779    -4.4941593787
   22.0727777298     8.9862832784    -4.7600242764
   23.6506619329     1.3008335894    -4.9372675415
   17.0007139303     9.6905524250    -5.0258891741
   23.8938777862     6.3371793341    -5.2031324392
   21.1970073761    -0.6970957462    -5.3803757044
   20.1322821716     9.4971887345    -5.4689973369
   23.9509800905     3.2564615931    -5.6462406021
   22.5153450346     7.6928893836    -5.9121054998
   18.2756087197     9.1713338019    -6.1779703975
   23.4265266056     5.0317660510    -6.3552136626
   20.8091153977     8.2614998305    -6.6210785603
   22.7221901190     2.5244672408    -6.7983218255
   16.8862881081     8.1155724499    -6.8869434580
   22.2228709681     6.2464086529    -7.0641867232
   19.1821148682     7.9216842335    -7.3300516209
   22.1484443838     4.0572583778    -7.5072948860
   16.3334688325     6.5850324525    -7.5959165186
   20.6279705863     6.5276284500    -7.7731597837
   18.1556190878     6.6197532310    -8.0390246814
   17.5604082999     2.2949390720    -8.1276463140
   20.5624268437     4.8097294033    -8.2162679466
   17.1657401852     4.9323578670    -8.3048895791
   19.1746579939     3.0192400260    -8.3935112117
   18.9391615464     4.9289253949    -8.4821328443
   20.3408392049    10.1993680874    -0.2746401770
   18.8625561291    10.5965989856    -1.2824940376
   21.3510789495    10.2377038680    -1.9124027005
   19.8260001898    10.6012989887    -2.9202565610
   22.0343220659     9.5332512302    -3.5501652239
   20.9591250820    -0.2991806586    -6.1138934818
   21.5074196360     1.0508772496    -7.1217473424
   19.8139437856     1.1008626554    -7.7516560052
   20.5332591918     2.6884562952    -8.1296012030
   20.9603462213     2.7861794643     3.8008688717
   18.9388725336     1.0965937645     3.5489054066
   21.1949978236     1.1689269927     3.1709602089
   22.6382721561     1.4639820290     2.1631063483
