$hessian                                                                        
        0.4820929213  -0.2455745038  -0.0363549012  -0.2350051659   0.0122696327
        0.0252312480  -0.0603675827  -0.0055857326  -0.0053021101   0.0022662981
       -0.0018221568  -0.0061489833  -0.0028751092   0.0009271807   0.0000783530
        0.0058886291   0.0002586194   0.0002277496  -0.0266150952   0.0263208236
        0.0150597372   0.0000580728  -0.0004330037   0.0002833845  -0.0008405111
        0.0002265015   0.0001878183  -0.1552113836   0.1807674178   0.0005562245
        0.0138578036   0.0148382508   0.0035485376   0.0038209165  -0.0083098627
        0.0014086516  -0.0007006371   0.0003042587  -0.0015911643   0.0003823373
        0.0000255706   0.0001596236  -0.0001122503   0.0000398052  -0.0001426538
        0.0012692833   0.0004813531  -0.0001768115   0.0000517968   0.0016140650
        0.0013196846   0.0001936929   0.0039703445  -0.0047727478  -0.0008993902
       -0.0004460892  -0.0001860143   0.0019659573   0.0017057412   0.0010590005
       -0.0012805255   0.0002004171   0.0000112060  -0.0001199788  -0.0001886363
        0.0003497397   0.0008981280  -0.0018956619   0.0008827850   0.0000292087
       -0.0000270196  -0.0000364824  -0.0001935308  -0.0000030615   0.0000650364
        0.0000748937   0.0001855265  -0.0000248931   0.0002690397   0.0000876384
       -0.0004597501   0.0001118712   0.0000992922  -0.0000373916  -0.0216020655
        0.0321930391  -0.0032591285   0.0004504460   0.0004239037  -0.0015917422
        0.0000420666  -0.0004648135   0.0001783751  -0.0001003287  -0.0005303174
        0.0001407574   0.0002296793   0.0000680588  -0.0001368295  -0.0000561540
       -0.0000205608  -0.0000580195  -0.0000003013  -0.0000694050   0.0000213177
       -0.0000029503   0.0000516774   0.0000247260  -0.0000163989   0.0000045209
        0.0000186359   0.0000799725   0.0000052125  -0.0000182340   0.0008382124
       -0.0019269983  -0.0016711499  -0.0001043174  -0.0002962551  -0.0000676174
       -0.0081077891  -0.0096406144   0.0109272480  -0.0005822596  -0.0003678764
       -0.0000268293   0.0002210768   0.0009197189   0.0000320446  -0.0003462349
       -0.0009465664   0.0007601412   0.0014128627  -0.0000468913  -0.0002994666
       -0.0006124958   0.0001240958   0.0001919763   0.0001821971  -0.0001390420
        0.0002219229   0.0001811725   0.0018517619  -0.0009977479  -0.0004406481
       -0.0009386981   0.0002605689  -0.0001040845   0.0000608107  -0.0000618882
        0.0000068535   0.0000536684   0.0000027277   0.0000215197  -0.0000500492
        0.0000548313  -0.0006030931  -0.0002542024   0.0002356305   0.0001567626
       -0.0001103486  -0.0000722499  -0.0001183990  -0.0000330328  -0.0000310712
       -0.0000659337   0.0000079455   0.0000609180   0.0000309422   0.0000345473
       -0.0000347241
       -0.2455745038   0.6257147665  -0.0117512480   0.0356048444  -0.0670259687
       -0.0051894592  -0.0069035082   0.0094931168  -0.0018219552  -0.0007588165
        0.0032980640  -0.0057644908   0.0011308518   0.0011030237   0.0008789591
       -0.0018723708   0.0003177868  -0.0073376305   0.0326992775  -0.0141097392
       -0.0087090523  -0.0002934701  -0.0009131592   0.0010887253  -0.0003999121
       -0.0000348542   0.0001172019   0.1762990328  -0.4615197898   0.0163847557
        0.0131976738  -0.0850662620   0.0129579502  -0.0114701630   0.0105344292
        0.0041551884   0.0009105234  -0.0055139407  -0.0010314845  -0.0013868937
        0.0004330600  -0.0004919836   0.0004363071  -0.0001171571   0.0002477447
        0.0003118919   0.0013328781  -0.0004201155  -0.0006730693   0.0028246857
        0.0007933174   0.0039072224   0.0012263880  -0.0050703368  -0.0003807624
       -0.0012557477  -0.0003122719  -0.0015331705  -0.0015930384   0.0023179141
       -0.0004112402  -0.0002771331   0.0006133204   0.0012804803  -0.0003258378
       -0.0005457238  -0.0000054782  -0.0001994252   0.0031562531  -0.0000429025
       -0.0000387908  -0.0000414657   0.0002206438   0.0000112614   0.0000881689
        0.0000436728   0.0000888120   0.0000031331  -0.0000261626  -0.0001169762
       -0.0000064136   0.0000668670  -0.0000406515  -0.0000090261   0.0140744453
       -0.0093738085  -0.0045461909   0.0018382085   0.0020249680  -0.0001734644
       -0.0000722217   0.0004437974   0.0008777662  -0.0005461547  -0.0006023233
        0.0002501529   0.0003517359   0.0001518075  -0.0000693375   0.0000371818
        0.0000615547   0.0000576711  -0.0000365289  -0.0000022188  -0.0000548949
        0.0000567022  -0.0003256573   0.0002383893  -0.0000662812   0.0000361318
       -0.0000953301  -0.0000172909   0.0000649105  -0.0000394668   0.0018559723
       -0.0033338957  -0.0021086383   0.0001224914  -0.0003586574  -0.0001769039
       -0.0121899253  -0.0077337928   0.0123499918  -0.0004426876  -0.0002514470
       -0.0007259135   0.0007740941   0.0008821379  -0.0000484336  -0.0000294592
        0.0003273574  -0.0000993801   0.0001476037  -0.0005321422   0.0000556287
       -0.0000706846   0.0003510947  -0.0000289556  -0.0000284800   0.0000331983
       -0.0000198592  -0.0000116713  -0.0006388046   0.0000358798  -0.0000169736
        0.0004361887   0.0001540074  -0.0000765880  -0.0000824555  -0.0000768057
       -0.0000267945   0.0000591081   0.0000452045   0.0000334455  -0.0000018303
       -0.0000698004  -0.0000352155   0.0001463475  -0.0000001730   0.0000069626
       -0.0000141054  -0.0000158677   0.0000028015  -0.0000051545   0.0000040092
       -0.0000030653   0.0000006139  -0.0000062589  -0.0000084871   0.0000072766
       -0.0000130014
       -0.0363549012  -0.0117512480   0.0983451807   0.0165199045  -0.0042267243
       -0.0612945615  -0.0111565615   0.0059238810   0.0057367304  -0.0041796817
       -0.0043213218   0.0025452304   0.0014265895   0.0002370267   0.0001041184
       -0.0031567503  -0.0058947683   0.0003131302   0.0265222273  -0.0142320234
       -0.0065431935   0.0000065224   0.0007683326  -0.0005616610   0.0002998811
       -0.0000145081  -0.0001280928   0.0056553045   0.0206635354  -0.0424585967
       -0.0005624288   0.0091905908   0.0203752424   0.0013584114   0.0039752229
        0.0019713315  -0.0017600415   0.0000895580  -0.0030377560   0.0004597280
        0.0007532465  -0.0001242839  -0.0001910389   0.0001372932  -0.0001930684
       -0.0003827350  -0.0018725939  -0.0020362857   0.0011652387  -0.0013876668
       -0.0003235355  -0.0063809336  -0.0062069813  -0.0002769560  -0.0003455994
        0.0008194665   0.0001657051  -0.0002736558   0.0015921610  -0.0000505072
       -0.0007699899   0.0001634711   0.0001369953   0.0010725472  -0.0003742285
       -0.0001975070   0.0005346907   0.0025126798  -0.0002471159  -0.0000995450
        0.0000503580   0.0000237768   0.0000370785  -0.0000354498   0.0000021177
        0.0000172087   0.0000132264  -0.0000113413  -0.0001090427   0.0000090803
        0.0001075615  -0.0000667105  -0.0000027117  -0.0000225259   0.0005882624
       -0.0077230486  -0.0063179795  -0.0012882471  -0.0011774613  -0.0004538038
        0.0004139375   0.0001843149   0.0008246025  -0.0001323759  -0.0004850641
        0.0001493474  -0.0000613886  -0.0000553630   0.0000407131   0.0000447954
        0.0000036025   0.0000743859  -0.0000112168  -0.0000063483   0.0000209750
        0.0000209760   0.0001154549  -0.0000502751   0.0000076367   0.0000198224
        0.0000271353  -0.0000130078  -0.0000215127   0.0000075498  -0.0015767584
        0.0016846544   0.0010463270  -0.0002668107   0.0002972661   0.0000037462
        0.0118677098   0.0101436250  -0.0076661272   0.0005488277   0.0002324137
        0.0005900576   0.0004290230   0.0001804474  -0.0006886082   0.0001345994
        0.0001077494  -0.0001025512  -0.0003455521   0.0000988651   0.0000152045
        0.0001736512  -0.0000779139   0.0000119636   0.0000087358   0.0000132723
        0.0000131509  -0.0002267043  -0.0003903659   0.0000638401   0.0002302372
        0.0002325175   0.0000426532   0.0000245942  -0.0000118572   0.0000286542
       -0.0000093658  -0.0000217983   0.0000090886  -0.0000023447   0.0000185341
       -0.0000027034   0.0001676101   0.0000387270  -0.0000066628  -0.0000453030
        0.0000200294  -0.0000014661   0.0000281986   0.0000141128   0.0000091785
        0.0000133818  -0.0000017096  -0.0000112016  -0.0000088179  -0.0000118704
        0.0000026730
       -0.2350051659   0.0356048444   0.0165199045   0.6123735781  -0.0359052696
        0.0276031750  -0.1729582869  -0.0818450618  -0.1073927176  -0.0603472983
        0.0037303653  -0.0036581363   0.0024906509  -0.0136420203  -0.0122699796
       -0.0074206342   0.0245270396   0.0224730121  -0.0927226547   0.0510468863
        0.0519877367  -0.0009421724   0.0000415129  -0.0000149788   0.0005520154
        0.0001095716  -0.0002557469  -0.0402159890   0.0353656407   0.0109897985
        0.0003449503  -0.0121998938  -0.0025149196  -0.0025461770   0.0032992476
        0.0001207581   0.0006186880  -0.0009058783   0.0003629300  -0.0003858005
       -0.0000349567  -0.0001190748   0.0000770554  -0.0000492292   0.0001482601
       -0.0008208300  -0.0009213083  -0.0008377700   0.0005201637  -0.0010533745
       -0.0006929277  -0.0045990368  -0.0042993667   0.0037964298  -0.0001842664
        0.0006348800   0.0004777816   0.0036000830   0.0003515897   0.0042753831
       -0.0047875707   0.0020319626   0.0003611602  -0.0052050837   0.0024960854
        0.0002296436   0.0042954897  -0.0142495455  -0.0158177977   0.0002082554
       -0.0001110538  -0.0000209415   0.0003471386  -0.0000447284   0.0001872801
       -0.0000049994   0.0000203326  -0.0000490118  -0.0003866697  -0.0000202524
        0.0004015767  -0.0001090716  -0.0000703318   0.0000063820   0.0003837517
        0.0034740138   0.0040558901   0.0005472052  -0.0006385469   0.0004084869
        0.0001205839   0.0000269574   0.0001781344  -0.0000525755  -0.0000036238
       -0.0001268181  -0.0001310774   0.0000451670   0.0001022282   0.0000582619
        0.0000666117   0.0000595372   0.0000369492   0.0000598607  -0.0000465126
        0.0000213772  -0.0000563097  -0.0000125668   0.0000158769  -0.0000036382
       -0.0000171144  -0.0000882280   0.0000091837   0.0000059582  -0.0010961999
        0.0011126782   0.0012434134   0.0000307297   0.0000880123  -0.0000525169
        0.0022994090   0.0020974260  -0.0031288693   0.0008465682   0.0003361609
        0.0006629526  -0.0003621057  -0.0007370174   0.0004400349   0.0005383304
        0.0007182848  -0.0006609560  -0.0010508260   0.0000855677   0.0002358954
        0.0004450341  -0.0001489982  -0.0001178457  -0.0001231389   0.0001028150
       -0.0001461399  -0.0003165688  -0.0015014420   0.0007883658   0.0004429029
        0.0007519664  -0.0001608861   0.0001465358  -0.0001060518   0.0001402619
        0.0000046131  -0.0000448151  -0.0000047408   0.0000120765   0.0000643650
       -0.0000389980   0.0004700056   0.0002346356  -0.0001389942  -0.0001079644
        0.0000608813   0.0000333260   0.0000866197   0.0000344049   0.0000251661
        0.0000479223  -0.0000107941  -0.0000504889  -0.0000124302  -0.0000254429
        0.0000265869
        0.0122696327  -0.0670259687  -0.0042267243  -0.0359052696   0.4090774533
        0.2438081450  -0.0398362560  -0.1154397096  -0.0711607906  -0.0367438456
        0.0272575443   0.0239208423  -0.0134487228  -0.0327796173  -0.0279085039
        0.0651262728  -0.0083388510   0.0029284270   0.0101740309  -0.1831742839
       -0.1255702422  -0.0000835951   0.0000867462  -0.0004030538  -0.0003341243
        0.0003124826  -0.0000307966   0.0415853410  -0.0186711060  -0.0080602114
        0.0016198892   0.0031656274  -0.0030213385   0.0007464579  -0.0013928164
       -0.0002828376  -0.0000099993   0.0005419755   0.0002950754   0.0001072332
       -0.0000556627   0.0000423754  -0.0000219328   0.0000115126  -0.0000417939
        0.0002628428   0.0002727156   0.0005622970  -0.0002256372   0.0000856909
        0.0001319797   0.0019893995   0.0040137419  -0.0025403507   0.0001904509
       -0.0001461251  -0.0003110100  -0.0134068797  -0.0102612682  -0.0141199088
        0.0026111970   0.0043188271  -0.0036510040   0.0013567040   0.0046492644
       -0.0036858058   0.0016082091  -0.0108208425  -0.0118824612   0.0000196300
        0.0001754009   0.0000656452  -0.0002321029   0.0000159423   0.0001697360
        0.0000377337   0.0001288047   0.0000073103  -0.0000931362  -0.0001829373
        0.0001336063  -0.0000123498   0.0000352580  -0.0000247415   0.0025623561
       -0.0028758064   0.0026870952   0.0003801844  -0.0005563048   0.0005931907
       -0.0002429640  -0.0000589749  -0.0002001331   0.0000457391   0.0001378551
        0.0000090961  -0.0000428397  -0.0000489128   0.0000106094  -0.0000087437
       -0.0000205671  -0.0000107534  -0.0000210155   0.0000051938   0.0000063200
       -0.0000093205   0.0000352433  -0.0000158423   0.0000011570  -0.0000012768
        0.0000044696   0.0000164515  -0.0000124570   0.0000067610   0.0002824322
       -0.0000302605  -0.0002755862  -0.0000028134  -0.0000212583   0.0000292083
       -0.0020371235  -0.0026101416   0.0021192495  -0.0002451764  -0.0000509821
       -0.0003045650  -0.0002193817   0.0001522062   0.0000327041   0.0001858569
       -0.0001021705   0.0001472993   0.0001637548   0.0000442812   0.0000052818
       -0.0001028438  -0.0000106916   0.0000471994   0.0000341496  -0.0000441753
        0.0000305056   0.0000859908   0.0003924392  -0.0001052226  -0.0000437247
       -0.0001636880  -0.0000055008  -0.0000006277   0.0000644328  -0.0000256505
        0.0000094159   0.0000002073  -0.0000020909  -0.0000197775  -0.0000131640
        0.0000291625  -0.0001086342  -0.0000555612   0.0000634160   0.0000142272
       -0.0000195837  -0.0000214915  -0.0000187836  -0.0000009159  -0.0000072355
       -0.0000132253  -0.0000002330   0.0000185164   0.0000041063   0.0000054676
       -0.0000098777
        0.0252312480  -0.0051894592  -0.0612945615   0.0276031750   0.2438081450
        0.3758549965  -0.0620367351  -0.0786897337  -0.1359340206  -0.0423759231
        0.0267584783   0.0200968523  -0.0117192709  -0.0265588771  -0.0336224173
        0.0615569302  -0.0048174198   0.0030396572   0.0061884004  -0.1170914272
       -0.1591750991  -0.0002958893  -0.0001125325  -0.0001220699  -0.0003812416
        0.0002190708   0.0000418062   0.0033392309  -0.0085421786  -0.0009822652
       -0.0024970296   0.0019079627  -0.0069847459   0.0005057496  -0.0012159309
        0.0002290470   0.0002845954   0.0001988381   0.0007101334   0.0000283237
       -0.0001630610   0.0000720142   0.0000137925  -0.0000242273   0.0000064701
        0.0001897347   0.0003950780   0.0004854062  -0.0003981525   0.0000528110
       -0.0000164436   0.0005495322  -0.0000300337   0.0008693607   0.0002979502
       -0.0001856018  -0.0002642603  -0.0134098490  -0.0116724962  -0.0121071774
        0.0004310360  -0.0037700563   0.0048223133   0.0001988429  -0.0033593724
        0.0047515520   0.0020436652  -0.0138654537  -0.0115143242  -0.0000163013
        0.0001347995   0.0000713122  -0.0001911101   0.0000903274   0.0002475971
        0.0000719209   0.0001532510  -0.0000320069  -0.0000308416  -0.0001553730
        0.0001709629   0.0000262503   0.0000023555  -0.0000155685   0.0042733338
        0.0009786544   0.0119335652   0.0000271333   0.0002083574   0.0000567195
       -0.0002055431   0.0000067426  -0.0003944579   0.0000175450   0.0001264367
       -0.0000023042   0.0000283554   0.0000146821  -0.0000242897  -0.0000237900
       -0.0000120376  -0.0000548312  -0.0000088511   0.0000000121   0.0000043136
       -0.0000075140  -0.0000043058  -0.0000003396  -0.0000034978  -0.0000110617
       -0.0000037381   0.0000162783   0.0000020196  -0.0000034349   0.0003101313
        0.0000452061  -0.0000560119   0.0000552279  -0.0000320157   0.0000558204
        0.0002525689   0.0003801826  -0.0005907306  -0.0001222593  -0.0001110352
       -0.0003738003   0.0000229732  -0.0000230259  -0.0000224115   0.0001631143
        0.0000322688   0.0000259044   0.0001545290  -0.0001347834   0.0000346059
       -0.0001098639   0.0001326035   0.0000063282   0.0000020476   0.0000017307
       -0.0000062002   0.0001077390   0.0001176413   0.0000102991  -0.0000816945
       -0.0000260698  -0.0000001389   0.0000030592   0.0000034385  -0.0000291608
       -0.0000040173   0.0000083067   0.0000129544  -0.0000092207   0.0000035791
        0.0000036692  -0.0000681808   0.0000244576   0.0000317542   0.0000240769
       -0.0000149290  -0.0000188496  -0.0000117109   0.0000001260  -0.0000043135
       -0.0000088538  -0.0000018257   0.0000099143  -0.0000011497   0.0000067612
       -0.0000053563
       -0.0603675827  -0.0069035082  -0.0111565615  -0.1729582869  -0.0398362560
       -0.0620367351   0.6580178950  -0.0576650826   0.0186494190  -0.3242331464
        0.0378245098  -0.0011476739  -0.0059187677   0.0663801494   0.0643014582
       -0.0579191317  -0.0086391703  -0.0149399856   0.0449242978  -0.0394949570
       -0.0355386477   0.0024266129   0.0016781774  -0.0001791255   0.0001238308
       -0.0007603909   0.0002618046   0.0023401163  -0.0088875871  -0.0022598661
       -0.0003137914   0.0025504918  -0.0014129025   0.0005825360  -0.0014572446
       -0.0000938558  -0.0000693384   0.0002772006  -0.0000596162   0.0001297853
       -0.0000291869   0.0000613717  -0.0000404196   0.0000095392  -0.0000182104
        0.0000653315   0.0002211554   0.0006467262  -0.0001283524  -0.0000063777
        0.0001593070   0.0004581107   0.0015201430  -0.0008942493   0.0000864238
       -0.0000782116  -0.0002456258  -0.0614711555   0.0476863861   0.0444972269
       -0.0248203872   0.0042261758   0.0000664455  -0.0004796009  -0.0005256221
       -0.0001165574   0.0002365676   0.0015055442   0.0011896821  -0.0004309996
       -0.0001254839   0.0001574558  -0.0000854320  -0.0002491488  -0.0003745951
       -0.0001489304  -0.0001808758  -0.0000460366   0.0001698388   0.0002239747
       -0.0003419840  -0.0000124659   0.0000018750   0.0000141832   0.0007372457
        0.0004098757   0.0013074206  -0.0002804603   0.0011550307  -0.0005231235
        0.0001122228  -0.0000534649   0.0001276092   0.0000209298   0.0000247376
       -0.0000060582   0.0000206956   0.0000162111  -0.0000387911  -0.0000089177
       -0.0000059668  -0.0000047863   0.0000154208  -0.0000085746   0.0000022550
        0.0000074396   0.0000347556  -0.0000283299   0.0000043145   0.0000028304
        0.0000053985   0.0000121016  -0.0000011466  -0.0000079773   0.0001763094
        0.0000985545  -0.0002455327  -0.0000060811  -0.0000502924   0.0000481150
       -0.0002712761  -0.0009494899   0.0006097224  -0.0002479190   0.0000462613
       -0.0001573247  -0.0000590367   0.0001885967  -0.0000261842  -0.0004135588
       -0.0003182712   0.0000539350   0.0000757884   0.0003953338  -0.0001270741
       -0.0000488110  -0.0002849620   0.0000061971   0.0000096886  -0.0000097466
        0.0000200356   0.0000380595   0.0005010359  -0.0000212699  -0.0001201610
       -0.0003779250  -0.0001244296   0.0000268433   0.0000136854   0.0000181024
        0.0000033661  -0.0000076856  -0.0000347047  -0.0000022436  -0.0000113102
        0.0000180522  -0.0000043517  -0.0000871406  -0.0000387087   0.0000339163
        0.0000108584   0.0000113144  -0.0000034497  -0.0000062549  -0.0000092517
       -0.0000032417   0.0000017778   0.0000197005   0.0000116085   0.0000064674
        0.0000028370
       -0.0055857326   0.0094931168   0.0059238810  -0.0818450618  -0.1154397096
       -0.0786897337  -0.0576650826   0.3874480086   0.2697271346   0.0920672440
       -0.0858063774  -0.0293868093   0.0234936224  -0.0087555183  -0.0060347435
       -0.0060484798  -0.0009417930   0.0023198970  -0.0068361748  -0.0229326558
       -0.0254113923   0.0012957114   0.0004569648  -0.0053649994   0.0008325503
       -0.0002241798  -0.0001671738   0.0028916573  -0.0039416110  -0.0004560109
        0.0008730359   0.0001908441   0.0004351338   0.0002375636   0.0002132099
        0.0000818706   0.0000916034  -0.0001192736   0.0000902461  -0.0001562019
        0.0000082638  -0.0000306194   0.0000409653  -0.0000076539   0.0000401721
       -0.0007614032   0.0001949985   0.0002957694  -0.0002992655  -0.0000175041
       -0.0002405877  -0.0002295852  -0.0002358016   0.0005543616   0.0000425768
       -0.0001012303   0.0000794907   0.0480204992  -0.1631085319  -0.1267741072
       -0.0128995962   0.0033051792   0.0007513899  -0.0001922953   0.0002906957
        0.0005884072   0.0013572197   0.0003467542  -0.0066273414   0.0006510602
       -0.0001552244  -0.0001695845  -0.0006044150  -0.0000405778  -0.0001565464
        0.0001011901  -0.0000184574  -0.0000872661   0.0000626777  -0.0000798103
        0.0000205631   0.0000448897  -0.0000138663  -0.0000180475  -0.0001567382
       -0.0002577876  -0.0006996429   0.0004666157  -0.0003475383   0.0003300664
       -0.0000156529  -0.0000939832  -0.0002213954  -0.0000336912  -0.0001117557
       -0.0000168584  -0.0000221453   0.0000046827   0.0000561476   0.0000049676
        0.0000205214  -0.0000074601   0.0000086025   0.0000127827  -0.0000070829
        0.0000085435  -0.0000426810   0.0000226041  -0.0000044471  -0.0000115220
       -0.0000162996  -0.0000178900   0.0000080242   0.0000037362   0.0000925561
       -0.0000114586   0.0001168536   0.0000899982  -0.0000043608   0.0000168045
        0.0001372167   0.0002006340  -0.0003552240   0.0005018045   0.0003874854
       -0.0004211852  -0.0000267689  -0.0000720934  -0.0000000544  -0.0001700381
        0.0001204325   0.0000849654   0.0000536615  -0.0000186613  -0.0000824499
       -0.0000306308   0.0001770195  -0.0000057113  -0.0000122629   0.0000311766
       -0.0000074559   0.0001252058  -0.0002314538  -0.0000804452  -0.0000322090
        0.0001768655   0.0000390972  -0.0000252531  -0.0000244273  -0.0000612225
       -0.0000158515  -0.0000052114   0.0000261102  -0.0000029579   0.0000013597
       -0.0000171153   0.0000965361   0.0000588814  -0.0000071594  -0.0000094644
        0.0000306124   0.0000057178   0.0000167874   0.0000026296   0.0000053492
        0.0000082805  -0.0000045116   0.0000013334  -0.0000155475  -0.0000039205
        0.0000046226
       -0.0053021101  -0.0018219552   0.0057367304  -0.1073927176  -0.0711607906
       -0.1359340206   0.0186494190   0.2697271346   0.3850681039   0.0524360473
       -0.0359063506  -0.0723013070   0.0233019245   0.0003909542   0.0036392844
       -0.0142956595   0.0016031456  -0.0044843074  -0.0000782785  -0.0292995582
       -0.0275622533   0.0006709311  -0.0060395093   0.0006831508  -0.0010839528
        0.0000249580   0.0003110682   0.0024161941   0.0014168522  -0.0004007440
       -0.0001162484   0.0000523450  -0.0003142427  -0.0000486690  -0.0003058536
       -0.0000306612  -0.0000218299   0.0001589176  -0.0000812687   0.0000499361
        0.0000313967   0.0000244877  -0.0000387204   0.0000192614  -0.0000175841
        0.0000480663  -0.0002046618   0.0003341700  -0.0001022766  -0.0000301827
        0.0000450549   0.0002049034   0.0005776718  -0.0004764645  -0.0000937501
       -0.0000176235  -0.0001825817   0.0457006946  -0.1256323498  -0.1567800907
       -0.0160037678   0.0028711826   0.0016475668  -0.0001641468   0.0004212971
        0.0003298882   0.0004733148  -0.0063871765   0.0011306566   0.0012286437
       -0.0004374790  -0.0002164008   0.0002673183  -0.0000308958   0.0000006340
        0.0000359886   0.0000918358  -0.0000892545   0.0001239985   0.0000315777
       -0.0001016034   0.0000051688   0.0000579989  -0.0000236857   0.0000443231
       -0.0004805761  -0.0005588007  -0.0007155789   0.0007751529   0.0000672061
        0.0000448275   0.0000841579   0.0002055122   0.0000403321  -0.0000430263
       -0.0000392993  -0.0000470963  -0.0000291553   0.0000720348  -0.0000101981
        0.0000067179  -0.0000101633   0.0000030442   0.0000058678  -0.0000100711
       -0.0000058851   0.0000323310  -0.0000248749   0.0000062777  -0.0000104223
       -0.0000002634   0.0000000878  -0.0000025434   0.0000075057   0.0000688475
        0.0000087092  -0.0001086233   0.0000124404  -0.0000059373   0.0000263111
       -0.0000594273  -0.0004768161   0.0003586281   0.0000142194   0.0001109491
       -0.0000873663  -0.0000329203   0.0001190376  -0.0000416637  -0.0002108663
       -0.0002419121   0.0002241092   0.0003266448  -0.0002747577  -0.0000079893
       -0.0000778369   0.0001141769   0.0000211706   0.0000420833  -0.0000191640
        0.0000852776   0.0000651512   0.0005144312  -0.0002773954  -0.0000946352
       -0.0002636964   0.0000157001  -0.0000045177   0.0000104333  -0.0000302224
       -0.0000081833  -0.0000131319   0.0000085327  -0.0000035097  -0.0000110972
        0.0000210870  -0.0002327239  -0.0000712275   0.0001038524   0.0000028174
       -0.0000308222   0.0000011844  -0.0000286228  -0.0000069443  -0.0000024137
       -0.0000160806  -0.0000034059   0.0000308408   0.0000065642   0.0000005288
       -0.0000041314
        0.0022662981  -0.0007588165  -0.0041796817  -0.0603472983  -0.0367438456
       -0.0423759231  -0.3242331464   0.0920672440   0.0524360473   0.6699256383
       -0.0347677006   0.0415265403  -0.1040565211   0.0140271370   0.0074402431
        0.0472760758  -0.0056550950   0.0008844250  -0.0291762389   0.0232797916
        0.0201917015  -0.0149503712   0.0212340118   0.0193979868  -0.0004305329
        0.0021620288   0.0000765234  -0.0016348983   0.0007759372   0.0007824586
        0.0000749159  -0.0008756369  -0.0003034125  -0.0000881476   0.0003741877
       -0.0000079771   0.0001411560  -0.0000513287   0.0001735360  -0.0000679174
       -0.0000162357  -0.0000236797   0.0000239632  -0.0000097558   0.0000405825
        0.0001113289  -0.0001318012  -0.0003139094   0.0001077254   0.0000292275
       -0.0000096248  -0.0004539797  -0.0004237744   0.0002167313  -0.0000674968
        0.0000036261   0.0000579569  -0.0091830786   0.0040655944   0.0022402027
       -0.1683377689  -0.0805481657  -0.0989227350  -0.0024583453  -0.0020471800
       -0.0033679774   0.0002730606   0.0008861030   0.0003375484  -0.0053065173
        0.0017912649   0.0013542074   0.0005270244   0.0008640345   0.0015061379
       -0.0001430860   0.0001019618   0.0002104314  -0.0002322664  -0.0001949556
        0.0002267821  -0.0000337629   0.0000989302   0.0000511047   0.0002356713
        0.0002517694   0.0007212029  -0.0000939729   0.0003653116  -0.0002798442
        0.0000090639  -0.0000928528  -0.0002458383  -0.0000015482   0.0000207376
       -0.0000168711  -0.0000048123   0.0000417642   0.0000059385   0.0000034724
        0.0000082209   0.0000086224   0.0000131136   0.0000002833   0.0000014411
        0.0000037912  -0.0000328900   0.0000187455   0.0000007196   0.0000031999
       -0.0000052729  -0.0000140189   0.0000100828   0.0000017878  -0.0000550295
       -0.0000062491  -0.0000109414  -0.0000117012  -0.0000029189  -0.0000009312
        0.0002649103   0.0002514345  -0.0001236098  -0.0000883769   0.0000260193
        0.0001823134   0.0000540799   0.0000240744   0.0000254617   0.0004632856
       -0.0000218520  -0.0001090574   0.0002262416  -0.0001184508   0.0000740204
       -0.0001607491  -0.0000864624   0.0000988175   0.0000149574  -0.0000074358
        0.0000191697   0.0000201415   0.0001420302   0.0000359410   0.0000216112
        0.0000097290  -0.0001401689   0.0000101881  -0.0000137520  -0.0000455253
       -0.0000278123  -0.0000152247   0.0000134091   0.0000043891  -0.0000110722
       -0.0000109617  -0.0003537426  -0.0001959680   0.0000583127  -0.0000406367
       -0.0000536307   0.0000471648  -0.0000369194  -0.0000200985   0.0000108869
       -0.0000150080  -0.0000002279   0.0000190073   0.0000328790  -0.0000123601
        0.0000005527
       -0.0018221568   0.0032980640  -0.0043213218   0.0037303653   0.0272575443
        0.0267584783   0.0378245098  -0.0858063774  -0.0359063506  -0.0347677006
        0.3839623678   0.2642180944   0.0686831984  -0.1787993583  -0.1203713120
       -0.0455803020  -0.0259680406  -0.0322042110   0.0265191074  -0.0197519091
       -0.0130293961   0.0093589407  -0.0064675763  -0.0069778719  -0.0009361490
       -0.0013019399   0.0005645397  -0.0011868920  -0.0007098007  -0.0004439983
       -0.0002396395   0.0000036966  -0.0004890582   0.0001109361  -0.0001181911
        0.0000034531   0.0000067087  -0.0000617407   0.0000639152  -0.0000080721
       -0.0000138180   0.0000097433   0.0000053107  -0.0000022655  -0.0000050825
        0.0000317340  -0.0000366841  -0.0002267825   0.0000428355  -0.0000346446
       -0.0000306290  -0.0001647230  -0.0001377118   0.0002411586   0.0000604586
        0.0000303796   0.0000228544   0.0199860530  -0.0062526435  -0.0034469859
       -0.0803309850  -0.0915364732  -0.0689122748  -0.0016546932   0.0023212347
       -0.0050854618   0.0004120008  -0.0002241260   0.0002819863   0.0015937910
       -0.0002447755  -0.0009456705  -0.0012575831   0.0004438428  -0.0004516069
       -0.0001441255  -0.0000455747   0.0004356513   0.0001133879  -0.0001509477
       -0.0004677485   0.0000927397  -0.0000291569   0.0000756023   0.0001499815
        0.0002071871   0.0006152176   0.0000577554  -0.0000422270   0.0000623391
       -0.0000144147  -0.0000080532   0.0000250863  -0.0000067724   0.0000012114
       -0.0000037737   0.0000143290   0.0000147156  -0.0000139951  -0.0000080007
       -0.0000082625  -0.0000116979  -0.0000023266  -0.0000048317  -0.0000034747
       -0.0000055394  -0.0000008235   0.0000046215  -0.0000013698  -0.0000062736
       -0.0000052609   0.0000061682   0.0000035542   0.0000005847  -0.0000359893
        0.0000505302   0.0000660975  -0.0000131184   0.0000039970   0.0000171044
        0.0001830887   0.0000831469  -0.0001737245   0.0000301425  -0.0000601557
        0.0001101353  -0.0000437893  -0.0000351134   0.0000052607  -0.0007975414
       -0.0000831741   0.0002403434   0.0003820979   0.0001656596   0.0001708704
       -0.0002132490   0.0000470961  -0.0000797890  -0.0000148082  -0.0000350687
        0.0000170972   0.0002888266   0.0004951260  -0.0002171205  -0.0002396529
       -0.0003235850  -0.0000085917  -0.0000954041   0.0000006600  -0.0000600097
        0.0000027325   0.0000140257  -0.0000056090  -0.0000004040  -0.0000021876
        0.0000206420  -0.0000849055  -0.0000965818  -0.0001146057   0.0000355739
       -0.0000163817   0.0000089346  -0.0000330157  -0.0000140635  -0.0000095112
       -0.0000138219   0.0000087137  -0.0000203025  -0.0000056287   0.0000177853
        0.0000034168
       -0.0061489833  -0.0057644908   0.0025452304  -0.0036581363   0.0239208423
        0.0200968523  -0.0011476739  -0.0293868093  -0.0723013070   0.0415265403
        0.2642180944   0.3855020327   0.0602778437  -0.1283382462  -0.1701182749
       -0.0370923840  -0.0270529110  -0.0299520809   0.0217578596  -0.0118629306
       -0.0137593343   0.0073114811  -0.0045865237  -0.0047798376  -0.0001230885
       -0.0009092042   0.0006853544   0.0013947363  -0.0001794966  -0.0002942236
       -0.0000577814   0.0001533127  -0.0004810444   0.0000204101   0.0000599023
       -0.0000472020   0.0000117097  -0.0001019254   0.0000402433  -0.0000256860
       -0.0000066535   0.0000082468   0.0000151635  -0.0000024155  -0.0000043937
        0.0000803127  -0.0000226323  -0.0001758091   0.0000566146  -0.0000012114
        0.0000166769   0.0001219635   0.0003658911  -0.0002267661   0.0000532786
        0.0000162344   0.0000045480   0.0186290519  -0.0062069463  -0.0029339444
       -0.0989998541  -0.0682552047  -0.1170856577  -0.0029603630  -0.0051349840
        0.0021950647   0.0004477662   0.0001135298   0.0001447165   0.0002671523
       -0.0004274210   0.0005288723  -0.0009602189   0.0002870299   0.0003373130
       -0.0002611805  -0.0003558641   0.0003466351   0.0002156236   0.0000726624
       -0.0005590185   0.0000408860  -0.0000281640   0.0001090904   0.0000454287
       -0.0000629811  -0.0000745631  -0.0000273129   0.0001109891   0.0000918940
       -0.0000335750  -0.0000072425   0.0000699721  -0.0000081585  -0.0000101653
       -0.0000053050   0.0000016179  -0.0000047111   0.0000077603  -0.0000042945
       -0.0000061328  -0.0000053681  -0.0000125782  -0.0000023578  -0.0000041785
       -0.0000100398  -0.0000021790   0.0000052252  -0.0000006723  -0.0000073594
       -0.0000057051   0.0000015645  -0.0000000891   0.0000076885  -0.0000148101
        0.0000079492   0.0000042008  -0.0000236953   0.0000087258   0.0000053987
       -0.0000780360  -0.0002573500   0.0001752709  -0.0000691189  -0.0000744740
        0.0000917549  -0.0000500120   0.0000158803   0.0000059416  -0.0005035951
       -0.0004052678   0.0000797874   0.0001091621   0.0002018089   0.0000324930
        0.0000367545  -0.0001641047  -0.0000321150  -0.0000110622  -0.0000366103
        0.0000102943   0.0003051656   0.0006771052   0.0000093432  -0.0002614492
       -0.0004462953  -0.0001519885  -0.0000839452   0.0000073328  -0.0000465602
       -0.0000052369   0.0000059798  -0.0000155965  -0.0000070949  -0.0000034716
        0.0000207810  -0.0000734263  -0.0001213597  -0.0001100363   0.0000120182
       -0.0000100471   0.0000267004  -0.0000268850  -0.0000150121  -0.0000106285
       -0.0000062159   0.0000073399  -0.0000230342   0.0000064588   0.0000106351
       -0.0000014102
       -0.0028751092   0.0011308518   0.0014265895   0.0024906509  -0.0134487228
       -0.0117192709  -0.0059187677   0.0234936224   0.0233019245  -0.1040565211
        0.0686831984   0.0602778437   0.6250323516  -0.0135861469   0.0273412552
       -0.2034926613  -0.0982591170  -0.1140937597  -0.0590221259   0.0027249472
       -0.0050396218  -0.1984702011   0.0389250451   0.0168175881  -0.0237481628
       -0.0082674166   0.0128528690   0.0008617558  -0.0009131125  -0.0004602652
        0.0000085168   0.0000867649  -0.0001013252   0.0001527453   0.0001824293
        0.0000147848   0.0000611059  -0.0001430841   0.0000539600  -0.0001047207
        0.0000133357  -0.0000384225   0.0000464787  -0.0000060499   0.0000163062
        0.0001165368  -0.0000419643  -0.0001532287   0.0001317525   0.0000375487
       -0.0000505395  -0.0001945044  -0.0000903478   0.0000762210  -0.0001141749
       -0.0000319731   0.0000648827  -0.0049535016   0.0022609890   0.0002207274
        0.0037939141  -0.0145111220  -0.0147605049   0.0041586544   0.0030014987
        0.0026661841  -0.0049387091   0.0020131029   0.0002787093  -0.0066115007
        0.0041733031   0.0037977842  -0.0217027727   0.0025519700  -0.0017883420
        0.0005001111   0.0002362896  -0.0006145061   0.0013568577   0.0004564729
        0.0000909580   0.0000028273  -0.0002345727   0.0000840834   0.0001027859
       -0.0001168974  -0.0000526367  -0.0000533960   0.0001760361  -0.0000134819
       -0.0000107569  -0.0000447734  -0.0000650582  -0.0000328479  -0.0000424556
       -0.0000102882  -0.0000127630   0.0000153692   0.0000068366   0.0000070332
        0.0000061493   0.0000119810   0.0000045466  -0.0000045531  -0.0000037209
        0.0000089027  -0.0000382791   0.0000255821  -0.0000060913  -0.0000056166
       -0.0000104065  -0.0000118717   0.0000043936   0.0000014593  -0.0000545703
       -0.0000276217   0.0000213511  -0.0000228476   0.0000068782   0.0000022685
        0.0001887045   0.0000593556  -0.0000644324  -0.0001091748   0.0000445201
        0.0000837322  -0.0000132094   0.0000150693   0.0000110997  -0.0011742860
        0.0018139111  -0.0017442385  -0.0023230891  -0.0021332111   0.0020624375
        0.0011399739   0.0001195578  -0.0006437218  -0.0003038792   0.0002741160
       -0.0004184456   0.0002964407  -0.0021402270   0.0006776059   0.0001017874
        0.0010927855  -0.0000573101  -0.0001294672   0.0000658940  -0.0001307658
        0.0000124969   0.0000357885  -0.0000088421  -0.0000876999   0.0000141418
       -0.0000886679   0.0001289215   0.0003614283  -0.0001315749  -0.0003266584
        0.0000119820   0.0000465868   0.0001071694   0.0000495397   0.0000350217
        0.0000769636   0.0000006390  -0.0001242125  -0.0000139429  -0.0000516602
        0.0000189568
        0.0009271807   0.0011030237   0.0002370267  -0.0136420203  -0.0327796173
       -0.0265588771   0.0663801494  -0.0087555183   0.0003909542   0.0140271370
       -0.1787993583  -0.1283382462  -0.0135861469   0.3970994709   0.2492952923
       -0.0425648005  -0.1181033151  -0.0735672297  -0.0393359859   0.0269886100
        0.0216047415   0.0300463039  -0.0691957114  -0.0085688176  -0.0187920828
        0.0056988434   0.0027266818  -0.0002761150  -0.0002847648   0.0001249193
        0.0000159258   0.0000164274  -0.0002521839  -0.0000024397   0.0001037797
        0.0000073831   0.0000594492  -0.0000020232   0.0000922424  -0.0000251791
       -0.0000223610  -0.0000041562   0.0000117798  -0.0000090504   0.0000130157
        0.0000309869   0.0000143795  -0.0001272056   0.0000394709   0.0000583754
        0.0000219850  -0.0000430045  -0.0001680561   0.0000042907  -0.0000460037
        0.0000001501   0.0000457309   0.0017425223   0.0045654395  -0.0035104536
        0.0012878632  -0.0108524053  -0.0111694539  -0.0135973342  -0.0119084412
       -0.0146512594   0.0024828200   0.0043519012  -0.0037945491   0.0245775996
       -0.0076757299  -0.0060341754   0.0026813867   0.0006329966  -0.0003958664
       -0.0007047708   0.0003480582  -0.0000582177  -0.0002852416  -0.0000648647
       -0.0000951976  -0.0001012912   0.0002032135  -0.0000304417  -0.0000253729
        0.0000842026   0.0002111275   0.0001375592   0.0000231812  -0.0000677903
       -0.0000549102  -0.0000274287  -0.0001252563   0.0000021363   0.0000290417
        0.0000094372   0.0000110247  -0.0000023248   0.0000024080   0.0000021688
        0.0000000528   0.0000014177  -0.0000038343   0.0000042039  -0.0000000588
        0.0000026156  -0.0000097948   0.0000021166  -0.0000000018   0.0000033561
        0.0000011020  -0.0000003324  -0.0000014831  -0.0000016641  -0.0000030877
       -0.0000631447  -0.0000336760  -0.0000069036  -0.0000106741  -0.0000097127
       -0.0000189542   0.0001441378   0.0000083380   0.0000092093  -0.0000636243
        0.0000854464   0.0000654773   0.0000033705  -0.0000095018   0.0006137222
        0.0004398654   0.0004070615  -0.0003244560  -0.0037456322   0.0023097300
        0.0003523374   0.0006403837  -0.0004605072   0.0000757391   0.0000238980
        0.0000590740  -0.0005149338   0.0005404960  -0.0002349980   0.0000732038
       -0.0003464830  -0.0000847758   0.0000796908   0.0000049128   0.0000148942
       -0.0000098077  -0.0000145330  -0.0000000148  -0.0000076340   0.0000087130
       -0.0000001483  -0.0014245640   0.0000512562   0.0004442087  -0.0002464288
       -0.0002736753   0.0000256697  -0.0001044889  -0.0000001721   0.0000171212
       -0.0000368246   0.0000008575   0.0000384853   0.0000494914  -0.0000064112
       -0.0000174664
        0.0000783530   0.0008789591   0.0001041184  -0.0122699796  -0.0279085039
       -0.0336224173   0.0643014582  -0.0060347435   0.0036392844   0.0074402431
       -0.1203713120  -0.1701182749   0.0273412552   0.2492952923   0.3987196732
       -0.0601181699  -0.0805300842  -0.1334355602  -0.0460396799   0.0272740268
        0.0215730189   0.0181156622  -0.0109107653  -0.0639017577   0.0171123086
       -0.0000250216  -0.0042529608  -0.0000812667  -0.0004128618   0.0001369369
        0.0000239642   0.0000854013  -0.0000755108   0.0000758649   0.0001702832
        0.0000053540   0.0000170628  -0.0000438802   0.0000860248  -0.0000266374
       -0.0000152990  -0.0000040195   0.0000114823  -0.0000081855   0.0000079168
        0.0000198920   0.0000480847  -0.0000862977   0.0000218284   0.0000670144
        0.0000248855  -0.0000205022  -0.0001516073  -0.0000164447  -0.0000497950
       -0.0000127150   0.0000334210  -0.0000661383  -0.0034624784   0.0045648882
        0.0016993738  -0.0142519780  -0.0120723920  -0.0125996422  -0.0118737408
       -0.0129030539   0.0009885622  -0.0033684711   0.0045504144   0.0147398588
       -0.0058095517  -0.0035301914  -0.0242296824   0.0050358771   0.0031620632
       -0.0005647280  -0.0004874102   0.0003092432   0.0005363058   0.0000398526
       -0.0012129593   0.0000668096  -0.0000805638  -0.0000218890   0.0000113265
        0.0000884067   0.0001722871   0.0001976744   0.0000069302  -0.0000801036
       -0.0000549923  -0.0000485416  -0.0001475535  -0.0000015844   0.0000186506
        0.0000120108   0.0000256655   0.0000039131  -0.0000048461  -0.0000003118
       -0.0000027629  -0.0000027900  -0.0000020491   0.0000000825   0.0000003034
        0.0000017971  -0.0000086525   0.0000028541  -0.0000000887   0.0000025441
        0.0000003339   0.0000042259   0.0000011970  -0.0000027870   0.0000126281
       -0.0000784125  -0.0000341177  -0.0000070289  -0.0000097389  -0.0000102519
       -0.0000495347   0.0001368793   0.0000307889   0.0000292319  -0.0000513721
        0.0000533581   0.0000782659   0.0000078670  -0.0000144435   0.0011384245
        0.0000970940  -0.0002731366   0.0009963373   0.0027002285  -0.0013576871
       -0.0004032471  -0.0002571465   0.0003190384   0.0000535791  -0.0000984746
        0.0001215839   0.0006288507   0.0004440245  -0.0001696960  -0.0002726441
       -0.0002764199  -0.0000073943  -0.0000616946   0.0000058801  -0.0000082217
        0.0000070977  -0.0000197586  -0.0000001905   0.0000020700  -0.0000097059
        0.0000474379   0.0009128134   0.0000330105  -0.0002234497   0.0002026700
        0.0001582403  -0.0000712693   0.0000420097   0.0000077650  -0.0000182886
        0.0000179407  -0.0000065633   0.0000106760  -0.0000334963   0.0000192179
       -0.0000079592
        0.0058886291  -0.0018723708  -0.0031567503  -0.0074206342   0.0651262728
        0.0615569302  -0.0579191317  -0.0060484798  -0.0142956595   0.0472760758
       -0.0455803020  -0.0370923840  -0.2034926613  -0.0425648005  -0.0601181699
        0.6571108417  -0.0399701407   0.0269501980  -0.3224021491   0.0325657368
        0.0010332088  -0.0299078323  -0.0107062395  -0.0146502311  -0.0004937444
        0.0007784099  -0.0008650396  -0.0017722241   0.0027042150   0.0009789155
       -0.0000363548  -0.0009845514   0.0002678747  -0.0003671065   0.0001161769
        0.0000086531  -0.0000070441   0.0000410422  -0.0001429385   0.0000268783
        0.0000169228   0.0000075149  -0.0000146834   0.0000059044   0.0000053397
       -0.0000881479  -0.0000628232   0.0001502660  -0.0000451469  -0.0001720170
       -0.0000828316  -0.0002596551  -0.0000499947   0.0002472648   0.0000524451
        0.0000581629  -0.0000273372  -0.0004160950  -0.0004421879  -0.0003460530
        0.0004263948   0.0016768403   0.0007878912  -0.0581512287   0.0439287605
        0.0383112899  -0.0238347461   0.0033221649   0.0011760162   0.0008386316
       -0.0015906636  -0.0011142231  -0.0041221469   0.0004078786  -0.0000429656
       -0.0001474172  -0.0002658603   0.0000961471  -0.0000250121   0.0001858807
        0.0001435915  -0.0000655013   0.0000607692  -0.0000094484   0.0000460149
        0.0000155961  -0.0000295183  -0.0002045649  -0.0000996967   0.0001580905
        0.0001212691   0.0000787724   0.0002145270   0.0000105380  -0.0000180189
       -0.0000291695  -0.0000268762   0.0000033389   0.0000188564   0.0000015628
        0.0000091337   0.0000070882   0.0000165881   0.0000055077  -0.0000067636
        0.0000097425   0.0000197538  -0.0000264018   0.0000056529  -0.0000040940
       -0.0000002469  -0.0000007109  -0.0000012971  -0.0000016472  -0.0000699495
        0.0002129216   0.0000845522   0.0000234958  -0.0000069042   0.0000222637
        0.0002829583  -0.0000789242  -0.0003107882   0.0000920231   0.0000962045
       -0.0000825445  -0.0001058082  -0.0000264628  -0.0000064286  -0.0006569583
       -0.0004031636  -0.0000703117  -0.0000176391  -0.0001720363   0.0002163956
        0.0000674624  -0.0002123948  -0.0000196581   0.0000038895   0.0000512244
       -0.0000018174  -0.0001222589   0.0000671832   0.0001076980   0.0000677623
       -0.0001258553  -0.0001241507   0.0000762307  -0.0000091861  -0.0000130735
       -0.0000216511  -0.0000208396  -0.0000026863  -0.0000137586   0.0000092772
        0.0000000387  -0.0002117658  -0.0000322838   0.0000653424  -0.0000230888
       -0.0000308214   0.0000171581  -0.0000104525   0.0000011085   0.0000028065
       -0.0000015647  -0.0000082248   0.0000368848   0.0000306236  -0.0000045247
       -0.0000035657
        0.0002586194   0.0003177868  -0.0058947683   0.0245270396  -0.0083388510
       -0.0048174198  -0.0086391703  -0.0009417930   0.0016031456  -0.0056550950
       -0.0259680406  -0.0270529110  -0.0982591170  -0.1181033151  -0.0805300842
       -0.0399701407   0.3981617079   0.2691060044   0.0882020618  -0.0835478468
       -0.0287842631   0.0025638857   0.0027286841   0.0018764601   0.0011001015
       -0.0000231224   0.0005775244   0.0004720306  -0.0000572276  -0.0002476691
       -0.0002253057   0.0002316423  -0.0002808711  -0.0000276995  -0.0001563242
        0.0000167111   0.0000052622   0.0001233844  -0.0000167104   0.0000420582
       -0.0000026788   0.0000126637  -0.0000129634   0.0000007322   0.0000016287
       -0.0000309727   0.0000335498   0.0000292587  -0.0000618491   0.0000523143
        0.0000311822   0.0001790622  -0.0000734796  -0.0001157735   0.0000345531
       -0.0000073996  -0.0000056728  -0.0001213562   0.0003652085   0.0004656521
        0.0014414941   0.0005861063  -0.0065503859   0.0434529518  -0.1690152777
       -0.1215649378  -0.0130474204   0.0028303799   0.0011437361   0.0014280576
        0.0005841372   0.0007618732   0.0022351633  -0.0001607693   0.0000701530
       -0.0000789829  -0.0002075550  -0.0001869643   0.0003290816   0.0007895781
       -0.0001499758   0.0000245701  -0.0000274824   0.0000526382   0.0002833599
        0.0000243964   0.0008281874   0.0000811987  -0.0000684402  -0.0000447521
        0.0000121640   0.0000263995   0.0000126965   0.0000089167   0.0000297394
        0.0000078293   0.0000015627  -0.0000081417  -0.0000077816   0.0000000037
       -0.0000044690  -0.0000031068  -0.0000024232   0.0000017149   0.0000066079
       -0.0000008473   0.0000070834  -0.0000036072   0.0000012662   0.0000047529
        0.0000040657   0.0000014833  -0.0000027122  -0.0000003363   0.0000569847
       -0.0000704903  -0.0000520930   0.0000117617  -0.0000069163  -0.0000105859
       -0.0001781876   0.0000802381   0.0000676370   0.0000085549  -0.0000426046
       -0.0000297473   0.0000943032   0.0000243522  -0.0000045276  -0.0003135529
       -0.0003871609   0.0001716091  -0.0002362353   0.0003046272  -0.0000465740
        0.0000894877  -0.0001067834  -0.0001028252  -0.0000508463   0.0000041593
       -0.0000775165  -0.0000424903   0.0003166715   0.0000070277  -0.0001771774
       -0.0003547634  -0.0001784995  -0.0000207918   0.0000891129   0.0000708160
        0.0000484424   0.0000072047  -0.0001000015  -0.0000058311  -0.0000675926
        0.0000002436   0.0001289185  -0.0000139573  -0.0001083225  -0.0000079079
        0.0000484950   0.0000405546   0.0000252637  -0.0000096635  -0.0000003390
        0.0000177703   0.0000087059  -0.0000146425  -0.0000010708  -0.0000080062
        0.0000177595
        0.0002277496  -0.0073376305   0.0003131302   0.0224730121   0.0029284270
        0.0030396572  -0.0149399856   0.0023198970  -0.0044843074   0.0008844250
       -0.0322042110  -0.0299520809  -0.1140937597  -0.0735672297  -0.1334355602
        0.0269501980   0.2691060044   0.3764131743   0.0521591344  -0.0357796709
       -0.0715510547  -0.0019407324   0.0004020009   0.0028050797   0.0011337097
        0.0007609487  -0.0015811112   0.0017219581  -0.0009268505  -0.0002434571
        0.0002312965   0.0003906815   0.0004523669  -0.0000299029  -0.0003248400
        0.0000046821  -0.0000472463   0.0001706029  -0.0001475039   0.0000804035
        0.0000125182   0.0000120163  -0.0000250954   0.0000060541  -0.0000063783
        0.0000002053  -0.0000294234   0.0000746830  -0.0000254166  -0.0000155420
        0.0000472193   0.0002865541   0.0002576616  -0.0003848668   0.0000241831
        0.0000315480  -0.0000285157  -0.0001433906   0.0004389249   0.0002580898
        0.0005559665  -0.0065670789   0.0010929657   0.0379547747  -0.1229504948
       -0.1443941057  -0.0160896121   0.0029121916   0.0013444883   0.0016610800
        0.0003289560   0.0003488675   0.0002143223   0.0000171967  -0.0000872990
       -0.0000763464  -0.0003094130   0.0000085229  -0.0004548061   0.0002108095
        0.0002172876  -0.0000825499   0.0000077324   0.0000115230   0.0001090555
       -0.0003294696  -0.0002087325  -0.0000012276  -0.0000318644  -0.0000413128
        0.0000330727   0.0000355157   0.0000919722   0.0000145815   0.0000211737
        0.0000059669  -0.0000153044  -0.0000139800  -0.0000049563   0.0000049881
       -0.0000016720   0.0000047634  -0.0000035149   0.0000046059   0.0000075003
        0.0000006640   0.0000191630  -0.0000132863   0.0000035953   0.0000077596
        0.0000079817  -0.0000036170  -0.0000063606   0.0000007025   0.0000139640
        0.0000032774  -0.0000491749   0.0000030755  -0.0000005845  -0.0000108392
       -0.0002601238  -0.0002479735   0.0002552927  -0.0000102319  -0.0000116814
       -0.0000086876   0.0000229041   0.0000521279  -0.0000044104   0.0015018663
        0.0005519808  -0.0002948124  -0.0003071431   0.0002427256  -0.0001722468
        0.0001716116  -0.0002218694  -0.0000592354  -0.0000459880  -0.0000317081
       -0.0000649696  -0.0001917825  -0.0005526380   0.0004538497   0.0001854636
        0.0002511770  -0.0000962947   0.0000359227   0.0000470886   0.0000728528
        0.0000151118  -0.0000119630  -0.0000630059  -0.0000100449  -0.0000369677
       -0.0000021379   0.0000844182  -0.0000609057  -0.0000133478  -0.0000117950
        0.0000423695   0.0000476365   0.0000342605  -0.0000029106   0.0000017115
        0.0000104414   0.0000057946  -0.0000036481   0.0000056476  -0.0000119816
        0.0000133554
       -0.0266150952   0.0326992775   0.0265222273  -0.0927226547   0.0101740309
        0.0061884004   0.0449242978  -0.0068361748  -0.0000782785  -0.0291762389
        0.0265191074   0.0217578596  -0.0590221259  -0.0393359859  -0.0460396799
       -0.3224021491   0.0882020618   0.0521591344   0.6764484304  -0.0304945934
        0.0382889526  -0.0012464000  -0.0012927514  -0.0025652219  -0.0012517409
        0.0001724816   0.0001954034  -0.0035769187  -0.0031286118   0.0020247169
        0.0003051800   0.0016446371   0.0011144499   0.0005332548  -0.0007193914
       -0.0001179064  -0.0000909446   0.0002858432  -0.0000765033   0.0001254146
        0.0000090095   0.0000443382  -0.0000409855   0.0000127005  -0.0000243205
        0.0001523238   0.0000772633   0.0000971254  -0.0000286984   0.0000191939
        0.0001601450   0.0000929438   0.0008070514  -0.0002868348   0.0000971183
       -0.0000275472  -0.0001251424  -0.0025596843  -0.0016593840  -0.0030961718
        0.0002378149   0.0004445285   0.0007484180  -0.0098295430   0.0042837190
        0.0029649973  -0.1724142672  -0.0827923953  -0.0980380259   0.0002355573
       -0.0000251439  -0.0000044071  -0.0011850659   0.0000077027   0.0003270214
        0.0000799057   0.0002457402  -0.0000276284  -0.0005327775  -0.0000960841
        0.0005037793  -0.0000327197   0.0000535783  -0.0000461282  -0.0015223412
        0.0010257591  -0.0023003354   0.0002497740   0.0001741581  -0.0002091033
        0.0000552961  -0.0001230530  -0.0001256410   0.0000295524   0.0000410898
        0.0000146368   0.0000378714   0.0000149492  -0.0000350420  -0.0000096389
       -0.0000099623  -0.0000082231   0.0000036700  -0.0000157791   0.0000125939
       -0.0000059387   0.0000240901  -0.0000069357   0.0000006522   0.0000080771
        0.0000079335   0.0000100233   0.0000002649  -0.0000040128   0.0001105204
        0.0000229502  -0.0001879558  -0.0000269800  -0.0000174777   0.0000416543
        0.0000652670  -0.0003762424   0.0001734836  -0.0001560915  -0.0001288733
       -0.0000302858  -0.0000355535   0.0001775093  -0.0000142216   0.0006893702
        0.0001133831  -0.0001947284   0.0000814286  -0.0001135394  -0.0000166396
        0.0000277575   0.0000223872   0.0000944357   0.0000109136  -0.0000002256
       -0.0000091124  -0.0002613962  -0.0001543393  -0.0000873265   0.0001513530
        0.0001684206   0.0000838954   0.0000994135  -0.0000094407   0.0000793698
        0.0000080661  -0.0000010408   0.0000274722   0.0000279722  -0.0000058146
       -0.0000106384  -0.0000824977  -0.0000405535   0.0001208325  -0.0000514713
       -0.0000260701  -0.0000024949  -0.0000074405  -0.0000022659   0.0000095059
       -0.0000070025  -0.0000034309   0.0000118827   0.0000032187  -0.0000147938
       -0.0000057193
        0.0263208236  -0.0141097392  -0.0142320234   0.0510468863  -0.1831742839
       -0.1170914272  -0.0394949570  -0.0229326558  -0.0292995582   0.0232797916
       -0.0197519091  -0.0118629306   0.0027249472   0.0269886100   0.0272740268
        0.0325657368  -0.0835478468  -0.0357796709  -0.0304945934   0.3877762628
        0.2638770045  -0.0021629756   0.0021873731  -0.0047443644   0.0015554669
       -0.0001275932  -0.0001929081  -0.0009600720   0.0058480012  -0.0001218323
       -0.0004351488  -0.0013097489   0.0001383121  -0.0005116379   0.0003056045
       -0.0000655219  -0.0000540700   0.0000905219  -0.0000221949   0.0000828952
        0.0000288171   0.0000096240  -0.0000287938   0.0000149692  -0.0000299452
       -0.0000539619  -0.0000604591   0.0001509173  -0.0000383882  -0.0001417647
       -0.0000680346  -0.0000960597  -0.0005874413   0.0004415888   0.0000773323
        0.0000821165  -0.0000389729  -0.0016738114   0.0021678720  -0.0045762068
        0.0004172775   0.0000195366   0.0000569808   0.0215947825  -0.0069468881
       -0.0048837093  -0.0826311719  -0.0928742279  -0.0691955639  -0.0000639160
       -0.0000580660  -0.0000619831  -0.0011312494   0.0002267823  -0.0000683330
       -0.0000148032  -0.0000199496  -0.0000115707   0.0002354014  -0.0000407140
       -0.0000911829   0.0000273659  -0.0000413977   0.0000250057   0.0002999305
       -0.0002370143   0.0004924506  -0.0002119995  -0.0004216191   0.0000429122
        0.0000561568   0.0000930107   0.0002120124   0.0000336244   0.0000546689
       -0.0000135834   0.0000001859  -0.0000135061  -0.0000129742  -0.0000086779
       -0.0000128217  -0.0000147839   0.0000002921  -0.0000082559   0.0000042896
       -0.0000125311   0.0000322986  -0.0000151259   0.0000018564  -0.0000098863
        0.0000030975   0.0000119669  -0.0000050165   0.0000040675  -0.0000644497
        0.0001197479   0.0001675426   0.0000138198   0.0000313441   0.0000092151
        0.0000551390   0.0003067313  -0.0003551668   0.0000405276  -0.0000137640
       -0.0000171532  -0.0000485358  -0.0001442816   0.0000432653  -0.0004260656
        0.0000201105   0.0000100809  -0.0001544287   0.0002984724  -0.0000909154
        0.0000379722  -0.0001116986   0.0000229800  -0.0000399962  -0.0000133121
       -0.0000934512   0.0001708789  -0.0001198844   0.0002350477  -0.0000328628
        0.0000004864  -0.0000491146  -0.0000323565   0.0000568607   0.0000053145
        0.0000247643   0.0000026747  -0.0000218266  -0.0000125923  -0.0000014702
        0.0000125486   0.0001749722   0.0000512273  -0.0000842099   0.0000269882
        0.0000242815  -0.0000060004   0.0000113359   0.0000027988  -0.0000045539
        0.0000073892   0.0000034359  -0.0000218337  -0.0000064010   0.0000025991
        0.0000003429
        0.0150597372  -0.0087090523  -0.0065431935   0.0519877367  -0.1255702422
       -0.1591750991  -0.0355386477  -0.0254113923  -0.0275622533   0.0201917015
       -0.0130293961  -0.0137593343  -0.0050396218   0.0216047415   0.0215730189
        0.0010332088  -0.0287842631  -0.0715510547   0.0382889526   0.2638770045
        0.3673886798  -0.0024216862  -0.0043630198   0.0022656987  -0.0009705788
       -0.0000482309  -0.0000867152  -0.0012576155   0.0020903728   0.0007446697
        0.0000314588  -0.0008142091  -0.0000892004  -0.0003309374   0.0001645475
        0.0000694059   0.0000222047  -0.0001409210  -0.0000135743  -0.0000333330
       -0.0000043935  -0.0000152239   0.0000224261   0.0000000236  -0.0000054903
       -0.0002287779   0.0000120487   0.0000408369  -0.0000209278  -0.0001960304
       -0.0001470002   0.0001865884   0.0001319088   0.0003283654   0.0001123332
        0.0000727525   0.0000501989  -0.0028522601  -0.0049132289   0.0019167247
        0.0004468711   0.0002717810  -0.0000590045   0.0194718711  -0.0067110094
       -0.0038806491  -0.0979447038  -0.0686775447  -0.1121133918   0.0001417207
       -0.0002311244  -0.0001962525   0.0004686490   0.0000440678  -0.0000353119
       -0.0000527302  -0.0000402235   0.0000020699  -0.0001084525  -0.0001174913
        0.0001159238  -0.0000448338  -0.0000151611   0.0000096374  -0.0000519324
        0.0000292884   0.0004605799  -0.0002372395  -0.0004720187   0.0001378393
       -0.0000880551   0.0001106941   0.0000939899  -0.0000250349  -0.0000182275
        0.0000088032  -0.0000285866  -0.0000401967   0.0000078936   0.0000118484
       -0.0000026160   0.0000083788  -0.0000201286   0.0000061298   0.0000030968
       -0.0000072564  -0.0000021996   0.0000077598  -0.0000023955  -0.0000029325
       -0.0000028675  -0.0000071509  -0.0000086250   0.0000099740  -0.0001219119
        0.0002160573   0.0002531579   0.0000121422   0.0000477661  -0.0000014307
        0.0000211964  -0.0001835439  -0.0003521650   0.0001265390   0.0000061724
       -0.0000546940  -0.0002523585  -0.0001185659   0.0001265375   0.0001798784
        0.0003251967  -0.0003286898  -0.0003823001  -0.0002073213   0.0002111818
        0.0001979251  -0.0000552373  -0.0000659240  -0.0000448240   0.0000092911
       -0.0000617861  -0.0001557393  -0.0004215561   0.0002675745   0.0001647266
        0.0002123524  -0.0000168952   0.0000330416  -0.0000006353   0.0000568315
        0.0000061906  -0.0000087382   0.0000045940   0.0000023524   0.0000164394
       -0.0000050719   0.0000732116   0.0000703556  -0.0000224978  -0.0000472315
       -0.0000044527   0.0000043529   0.0000157269   0.0000086353   0.0000048112
        0.0000087964   0.0000034028  -0.0000280379  -0.0000017839  -0.0000072294
        0.0000002220
        0.0000580728  -0.0002934701   0.0000065224  -0.0009421724  -0.0000835951
       -0.0002958893   0.0024266129   0.0012957114   0.0006709311  -0.0149503712
        0.0093589407   0.0073114811  -0.1984702011   0.0300463039   0.0181156622
       -0.0299078323   0.0025638857  -0.0019407324  -0.0012464000  -0.0021629756
       -0.0024216862   0.4774131170  -0.0268871093   0.0349884891  -0.0774760957
       -0.0349498236   0.0237819231  -0.0000073433   0.0000701928   0.0000588885
       -0.0000095301   0.0000790563   0.0000549193   0.0000627760  -0.0000468373
       -0.0000242420  -0.0000658342  -0.0000082317  -0.0000026646   0.0000333709
        0.0000014986   0.0000053477  -0.0000170121   0.0000050332  -0.0000209649
       -0.0000492443   0.0000331675   0.0000994140  -0.0000338704   0.0000089185
        0.0000314368   0.0000907757   0.0000469300  -0.0000827358   0.0000324806
       -0.0000079487  -0.0000424894  -0.0003693880   0.0000230057  -0.0000462464
        0.0006310349  -0.0012111284  -0.0004157526   0.0010317272   0.0008196771
        0.0012868901  -0.0010490157   0.0002562182   0.0001760382  -0.0440286283
        0.0214493253   0.0087610609  -0.0937963145   0.0099633341  -0.0990693284
       -0.0003472183  -0.0018421788   0.0008459643   0.0004236998   0.0000668420
       -0.0002989930  -0.0004995468   0.0005643349   0.0000613704  -0.0000010674
        0.0000501346  -0.0000335465  -0.0000325451  -0.0000264111   0.0000240446
       -0.0000170212   0.0000055057   0.0000107072   0.0000082461   0.0000032046
        0.0000060180   0.0000114766   0.0000001874  -0.0000098970  -0.0000081377
       -0.0000061202  -0.0000075897  -0.0000034927  -0.0000042751  -0.0000012854
       -0.0000083001   0.0000175245  -0.0000051159   0.0000008012   0.0000000412
        0.0000022018   0.0000105858   0.0000004014  -0.0000010761   0.0000269592
       -0.0000303792  -0.0000078567  -0.0000048765   0.0000027458   0.0000038534
       -0.0000828286  -0.0000081573   0.0000836565   0.0000156856   0.0000009642
       -0.0000352060   0.0000252980   0.0000029116  -0.0000195030   0.0066967612
        0.0106510519  -0.0072086921  -0.0157658406  -0.0152546746   0.0142155288
       -0.0005266185  -0.0034368903   0.0010559625  -0.0003530745   0.0006187845
       -0.0001697858  -0.0011383668  -0.0000082687  -0.0025069009   0.0004513283
       -0.0002062811   0.0003042939  -0.0000273615   0.0000064202  -0.0000400125
        0.0000370627   0.0000023507   0.0000802026  -0.0001231200   0.0000421048
       -0.0000919723  -0.0067016490  -0.0002664504   0.0024113638  -0.0009391735
       -0.0012180976   0.0001986411  -0.0004401733  -0.0000172322   0.0001090720
       -0.0002313316   0.0000033137   0.0000712693   0.0001831249  -0.0000834862
       -0.0000329900
       -0.0004330037  -0.0009131592   0.0007683326   0.0000415129   0.0000867462
       -0.0001125325   0.0016781774   0.0004569648  -0.0060395093   0.0212340118
       -0.0064675763  -0.0045865237   0.0389250451  -0.0691957114  -0.0109107653
       -0.0107062395   0.0027286841   0.0004020009  -0.0012927514   0.0021873731
       -0.0043630198  -0.0268871093   0.4869320694   0.0444790858  -0.0406374541
       -0.1306443933   0.0420671016   0.0002724589  -0.0001909484  -0.0000123311
        0.0000178774   0.0001869422   0.0001372024   0.0000096304  -0.0001369853
       -0.0000089695  -0.0000123020   0.0000837401  -0.0000377609   0.0000337479
        0.0000018143   0.0000055574  -0.0000087839   0.0000037676  -0.0000036025
        0.0000235224  -0.0000001699   0.0000220349  -0.0000109131   0.0000014018
        0.0000308281   0.0000928405   0.0001140727  -0.0001379479   0.0000211718
        0.0000091291  -0.0000177112   0.0010085911  -0.0003355115  -0.0002314251
        0.0005069449  -0.0006743119   0.0018057767  -0.0016167581  -0.0005026554
        0.0013432470  -0.0007222745   0.0001543114  -0.0001015607   0.0216461919
       -0.2158762220  -0.0994359834   0.0093877639  -0.0437364843   0.0120342168
       -0.0118688248  -0.0223456550   0.0130972262  -0.0003969294   0.0011370866
       -0.0013033651   0.0003002166  -0.0000009086  -0.0000399607  -0.0000296717
       -0.0000301833  -0.0001342339   0.0000030877   0.0000186997  -0.0000280487
        0.0000241596   0.0000020715   0.0000165467   0.0000106925   0.0000127989
        0.0000003722  -0.0000043419  -0.0000016830  -0.0000030638   0.0000000523
       -0.0000025252   0.0000015391   0.0000038177  -0.0000024030   0.0000026606
        0.0000023068   0.0000066901  -0.0000056485   0.0000028878   0.0000005414
        0.0000024374   0.0000013886  -0.0000015630   0.0000001053   0.0000129151
       -0.0000004657  -0.0000338498  -0.0000028635  -0.0000037584  -0.0000006298
       -0.0000757103  -0.0000858550   0.0000948634  -0.0000224901  -0.0000217884
        0.0000028390   0.0000141949   0.0000270799  -0.0000070623  -0.0002945404
       -0.0074055544   0.0105737943  -0.0034540342   0.0034604290  -0.0002123480
        0.0017439210  -0.0005436940  -0.0005657611   0.0000994252  -0.0003269336
        0.0001412092  -0.0003901509   0.0006618010   0.0012647363   0.0002113288
        0.0001370589   0.0002439860  -0.0000060317   0.0000074027   0.0000361952
        0.0000071737  -0.0000320559  -0.0000732205   0.0000913341  -0.0000238730
        0.0000668609   0.0012119336   0.0006883011  -0.0002795357   0.0001774410
        0.0004004607   0.0000606790   0.0001579549   0.0000208379  -0.0000036890
        0.0000147603   0.0000066317  -0.0000732506  -0.0001173018  -0.0000318793
        0.0000618755
        0.0002833845   0.0010887253  -0.0005616610  -0.0000149788  -0.0004030538
       -0.0001220699  -0.0001791255  -0.0053649994   0.0006831508   0.0193979868
       -0.0069778719  -0.0047798376   0.0168175881  -0.0085688176  -0.0639017577
       -0.0146502311   0.0018764601   0.0028050797  -0.0025652219  -0.0047443644
        0.0022656987   0.0349884891   0.0444790858   0.5052480060   0.0287738745
        0.0380422580  -0.0878791411  -0.0002717182   0.0000803067  -0.0000284224
       -0.0000186699  -0.0000897206  -0.0000449586  -0.0000099665   0.0000786776
        0.0000028280   0.0000317922  -0.0000328132   0.0000236997  -0.0000195944
       -0.0000046684  -0.0000081992   0.0000127488  -0.0000047904   0.0000091420
        0.0000469132  -0.0000149750  -0.0000960574   0.0000346911   0.0000103088
       -0.0000069614  -0.0000676457  -0.0000942217   0.0000526068  -0.0000153108
        0.0000009361   0.0000229025   0.0009321831  -0.0003624143  -0.0000339980
        0.0011114911   0.0013984417  -0.0006403566  -0.0009378301   0.0018604514
       -0.0007713025  -0.0007786927   0.0001307059   0.0000548586   0.0103962765
       -0.0999592506  -0.1012669775  -0.1016364573   0.0110103341  -0.2215679871
       -0.0050316537  -0.0076677636   0.0060501714   0.0013744630   0.0012023209
        0.0010425742  -0.0001531883   0.0002146446  -0.0002021139   0.0000129911
        0.0000349942   0.0001177393   0.0000035256   0.0000043845  -0.0000350131
       -0.0000086770  -0.0000046887  -0.0000206489  -0.0000094944   0.0000039099
        0.0000023589  -0.0000063951   0.0000042535  -0.0000066090   0.0000055278
        0.0000021146   0.0000044883  -0.0000043593   0.0000017630   0.0000024173
        0.0000014040  -0.0000081627   0.0000045359  -0.0000017728   0.0000038617
        0.0000012914  -0.0000069477  -0.0000003538  -0.0000006247  -0.0000148711
       -0.0000054745   0.0000049039  -0.0000038273   0.0000003739  -0.0000020601
        0.0000498404   0.0000601446  -0.0000421335  -0.0000169848  -0.0000175547
        0.0000398476   0.0000066517  -0.0000013036   0.0000024729   0.0041962052
        0.0275568792  -0.0279224665   0.0084785149   0.0059687333  -0.0046497396
       -0.0010162641   0.0010904938  -0.0000884231  -0.0009486202   0.0013899824
       -0.0006218665  -0.0017615085  -0.0042144319  -0.0042412845   0.0013518828
        0.0008284128   0.0015171078  -0.0000431802   0.0000396494  -0.0000770779
        0.0000696450   0.0000520596   0.0001171298  -0.0002916618   0.0000374238
       -0.0002607368   0.0017728238  -0.0003887540  -0.0002150530   0.0002899633
        0.0003248370   0.0000125151   0.0000758932  -0.0000302979  -0.0000480816
       -0.0000188321   0.0000168971   0.0000485279  -0.0000130695   0.0000659215
        0.0000075660
       -0.0008405111  -0.0003999121   0.0002998811   0.0005520154  -0.0003341243
       -0.0003812416   0.0001238308   0.0008325503  -0.0010839528  -0.0004305329
       -0.0009361490  -0.0001230885  -0.0237481628  -0.0187920828   0.0171123086
       -0.0004937444   0.0011001015   0.0011337097  -0.0012517409   0.0015554669
       -0.0009705788  -0.0774760957  -0.0406374541   0.0287738745   0.4152852270
        0.0209064465   0.0037331692   0.0001959280  -0.0001716310  -0.0000388775
       -0.0000676227   0.0002266066   0.0001189625   0.0000856159  -0.0001166511
       -0.0000237723  -0.0000668682   0.0000459922  -0.0000312124   0.0000517394
        0.0000052917   0.0000188030  -0.0000187124   0.0000033545  -0.0000124030
       -0.0000428515   0.0000278191   0.0001044749  -0.0000595787  -0.0000029401
        0.0000305164   0.0001346491   0.0001307156  -0.0001191462   0.0000370556
       -0.0000037945  -0.0000391990   0.0000226364  -0.0000355042  -0.0000276706
        0.0000396451  -0.0004873241   0.0002368894  -0.0000652306  -0.0005587838
        0.0002069876  -0.0001571453   0.0000183971  -0.0000678954   0.0006437619
       -0.0025312196  -0.0007289176   0.0049987279   0.0078041352  -0.0066281447
       -0.0380599829  -0.0001395184   0.0013366132  -0.0107686384   0.0022485566
       -0.0115121061   0.0000501527   0.0006666330  -0.0003265362   0.0000032890
        0.0000000954  -0.0000803446  -0.0000024100   0.0000233290   0.0000187798
        0.0000159129  -0.0000115956   0.0000175582   0.0000176679   0.0000045929
        0.0000052541   0.0000202704   0.0000113864  -0.0000051972  -0.0000101014
       -0.0000049166  -0.0000144511  -0.0000005939  -0.0000041307   0.0000020565
       -0.0000040560   0.0000179831  -0.0000108633   0.0000032287  -0.0000007853
        0.0000038982   0.0000126291   0.0000025692  -0.0000009286   0.0000359976
       -0.0000036299  -0.0000299004   0.0000028484  -0.0000051372   0.0000040810
       -0.0001076612  -0.0000779772   0.0000968355   0.0000111400  -0.0000012456
       -0.0000427639   0.0000183760   0.0000188137  -0.0000176310  -0.0922058307
       -0.0032258962  -0.0678307978  -0.1146149849   0.0112644919   0.0208568951
       -0.0230937130   0.0243458409   0.0040581889   0.0040209138  -0.0009674310
       -0.0019122851  -0.0060525878   0.0072609715  -0.0048517776   0.0007511706
        0.0009516716   0.0025711009   0.0002760280   0.0000835459   0.0002083670
       -0.0004643023  -0.0000098289  -0.0005289735   0.0000203606  -0.0001966203
       -0.0003699287  -0.0378526328  -0.0077909492   0.0148595467   0.0010875664
       -0.0025225621   0.0018711743  -0.0004152282   0.0000374217   0.0002356700
       -0.0011030894   0.0000617146   0.0002617450   0.0009562256   0.0003133002
       -0.0003667556
        0.0002265015  -0.0000348542  -0.0000145081   0.0001095716   0.0003124826
        0.0002190708  -0.0007603909  -0.0002241798   0.0000249580   0.0021620288
       -0.0013019399  -0.0009092042  -0.0082674166   0.0056988434  -0.0000250216
        0.0007784099  -0.0000231224   0.0007609487   0.0001724816  -0.0001275932
       -0.0000482309  -0.0349498236  -0.1306443933   0.0380422580   0.0209064465
        0.5273207577   0.0140897205  -0.0000526614   0.0002990217  -0.0000106008
        0.0000690786  -0.0002411825  -0.0000902736  -0.0000346896   0.0001869641
        0.0000054467   0.0000449708  -0.0001091833   0.0000163492  -0.0000403841
        0.0000008790  -0.0000032043   0.0000189845  -0.0000051207   0.0000059252
        0.0000089011  -0.0000436691  -0.0000908819   0.0000402172  -0.0000162483
       -0.0000280365  -0.0000904727  -0.0000649100   0.0000776349  -0.0000191809
        0.0000121719   0.0000296476   0.0000396382  -0.0000245334  -0.0000211364
        0.0001625156   0.0000965833  -0.0003413529  -0.0000788132   0.0000108989
       -0.0000332553   0.0000932582   0.0000054405   0.0000212598  -0.0125119433
       -0.0276318523   0.0136424802  -0.0008030085  -0.0036158078   0.0039814806
        0.0034642898  -0.2057788104  -0.0945732558  -0.0091296437   0.0034733288
       -0.0168844191  -0.0016085008  -0.0001501133   0.0007648300   0.0000024994
       -0.0000219973   0.0000282395   0.0000031437   0.0000048351   0.0000146308
       -0.0000376205   0.0000043900  -0.0000002984  -0.0000143592  -0.0000211023
       -0.0000083532  -0.0000111048  -0.0000066121   0.0000206904   0.0000037659
        0.0000024280   0.0000007876  -0.0000125585   0.0000068964  -0.0000027385
       -0.0000045843  -0.0000066001   0.0000036498   0.0000003588  -0.0000063076
       -0.0000079408  -0.0000095433  -0.0000029298   0.0000115145  -0.0000332244
        0.0000165979   0.0000368160  -0.0000039713   0.0000109062  -0.0000008068
        0.0000833306   0.0000236678  -0.0000704980  -0.0000029546   0.0000087640
        0.0000433035  -0.0000206165  -0.0000095886   0.0000143140  -0.0026928811
       -0.0750191632   0.0154386143   0.0091060870  -0.0584912500  -0.0095195284
        0.0426971191  -0.0255593038  -0.0010155887  -0.0007039226  -0.0032311216
        0.0033649620   0.0150729196  -0.0034088611   0.0215590313  -0.0001962953
       -0.0013004453   0.0001721286  -0.0000562855  -0.0001079820  -0.0000766668
        0.0001256607   0.0000614972   0.0002169209   0.0008717358   0.0000974918
        0.0011522527  -0.0204831854   0.0020281379   0.0067432851  -0.0022127162
       -0.0021016237   0.0027015106  -0.0004678583  -0.0000137214   0.0002436845
       -0.0009203547   0.0000732356   0.0001960448  -0.0000329490  -0.0004100959
        0.0001314094
        0.0001878183   0.0001172019  -0.0001280928  -0.0002557469  -0.0000307966
        0.0000418062   0.0002618046  -0.0001671738   0.0003110682   0.0000765234
        0.0005645397   0.0006853544   0.0128528690   0.0027266818  -0.0042529608
       -0.0008650396   0.0005775244  -0.0015811112   0.0001954034  -0.0001929081
       -0.0000867152   0.0237819231   0.0420671016  -0.0878791411   0.0037331692
        0.0140897205   0.4346899630  -0.0000227777  -0.0001405831   0.0000513155
       -0.0000333217   0.0000512848  -0.0000347342  -0.0000148251  -0.0000810161
        0.0000118738   0.0000090990   0.0000577905  -0.0000006119  -0.0000039232
        0.0000139706   0.0000068016  -0.0000099479   0.0000055322   0.0000034135
       -0.0000410361   0.0000010763  -0.0000475425  -0.0000302955  -0.0000057005
       -0.0000294278   0.0000022899  -0.0000413094   0.0000497286   0.0000166626
       -0.0000041257   0.0000260750  -0.0000077502  -0.0000049255   0.0000069819
        0.0001632856  -0.0000562928  -0.0003228484  -0.0000206487  -0.0001760100
       -0.0000409168  -0.0000698688  -0.0000834353   0.0000378804  -0.0056528386
       -0.0080449153   0.0068592668   0.0086155764   0.0207630882  -0.0180959074
        0.0058570874  -0.0968773627  -0.0929622854  -0.0060190596  -0.0017359664
       -0.0105344611   0.0010351249  -0.0010917577   0.0002903467   0.0000023609
        0.0000068411   0.0000156247   0.0000310911   0.0000150035   0.0000145941
        0.0000183658   0.0000010033   0.0000012668   0.0000014875  -0.0000074425
       -0.0000152399   0.0000076541   0.0000037687   0.0000112144  -0.0000103767
       -0.0000064626  -0.0000103961   0.0000105593   0.0000009453  -0.0000047030
       -0.0000030648   0.0000036536   0.0000002115  -0.0000032825  -0.0000089847
       -0.0000101584   0.0000044771   0.0000031760   0.0000007909   0.0000101431
        0.0000016902   0.0000225099   0.0000163355  -0.0000033394   0.0000052516
       -0.0000138894   0.0000383388  -0.0000474249   0.0000304249   0.0000128484
        0.0000131621   0.0000069082  -0.0000176125   0.0000099483  -0.0823727230
        0.0163062504  -0.1573984106   0.0221638457  -0.0080759834  -0.0645095605
        0.0039582607   0.0000911180   0.0127919809  -0.0010217928   0.0020026552
        0.0023717212  -0.0071046985   0.0147979651  -0.0205712771  -0.0006254239
       -0.0030905113   0.0000672800  -0.0001605333   0.0000850311  -0.0005005195
        0.0000796576   0.0002178978   0.0002798980  -0.0006792138  -0.0002093136
       -0.0003300837   0.0178317648   0.0020832283  -0.0043709586   0.0033925850
        0.0034279574   0.0052461990   0.0018874268  -0.0002559073  -0.0005411692
       -0.0008883314   0.0002083839   0.0002263162  -0.0003115748   0.0000665675
        0.0001568128
       -0.1552113836   0.1762990328   0.0056553045  -0.0402159890   0.0415853410
        0.0033392309   0.0023401163   0.0028916573   0.0024161941  -0.0016348983
       -0.0011868920   0.0013947363   0.0008617558  -0.0002761150  -0.0000812667
       -0.0017722241   0.0004720306   0.0017219581  -0.0035769187  -0.0009600720
       -0.0012576155  -0.0000073433   0.0002724589  -0.0002717182   0.0001959280
       -0.0000526614  -0.0000227777   0.5900496627  -0.1323589499  -0.1174016882
       -0.1195676554  -0.0777642497   0.0325347350   0.0062533844   0.0050714694
       -0.0042780254   0.0011971346   0.0042346642   0.0046315856   0.0004039330
       -0.0006537473   0.0001842522  -0.0000027142  -0.0000123076  -0.0000381232
       -0.0014551850  -0.0000553053  -0.0000012459  -0.0005597625   0.0008491797
       -0.0009642210   0.0042416302   0.0021522581  -0.0029149894   0.0008131695
       -0.0001052609   0.0011007168  -0.0000075050   0.0000201744  -0.0008296179
       -0.0000249952   0.0000292005   0.0000676762  -0.0003304930   0.0000304480
        0.0000056461   0.0001354247   0.0002364715  -0.0006746249   0.0000123571
       -0.0000349273  -0.0000313644   0.0000293888  -0.0000175796   0.0000110603
       -0.0000107074  -0.0000135652   0.0000062500  -0.0000411451   0.0000102775
        0.0000355312  -0.0000285881  -0.0000061671   0.0000069020  -0.2636928357
        0.0010496245   0.0665361254  -0.0165944063  -0.0231834800   0.0102640620
       -0.0000653049   0.0027169922  -0.0025471727   0.0007015910   0.0014998882
       -0.0002545391  -0.0001432045  -0.0000969649   0.0000490497  -0.0000506256
       -0.0000994462  -0.0000994984  -0.0000290286   0.0000108908   0.0000668375
       -0.0000486214   0.0000401783  -0.0000538321   0.0000155007  -0.0000457544
        0.0000176274   0.0000024778  -0.0000300222   0.0000332584   0.0005115140
       -0.0016219361   0.0002384311   0.0003628461   0.0001640738  -0.0004606294
       -0.0036472512  -0.0010002447   0.0022505161   0.0003252291   0.0002888076
       -0.0004415060   0.0001928911  -0.0004115028   0.0001240266   0.0000724603
        0.0000770571  -0.0000691297  -0.0002272927   0.0000442117   0.0000373798
        0.0001141079  -0.0000469739  -0.0000271763  -0.0000303054  -0.0000016133
       -0.0000332744  -0.0000349780  -0.0001438055   0.0001237701   0.0000720774
        0.0000632257  -0.0000391841  -0.0000151045   0.0000083241   0.0000135285
        0.0000057847  -0.0000020202  -0.0000113116   0.0000033116   0.0000030148
       -0.0000048513   0.0001194638   0.0000388605  -0.0000481263  -0.0000349308
        0.0000184524   0.0000089294   0.0000212643   0.0000061329   0.0000020453
        0.0000108159   0.0000044118  -0.0000197809  -0.0000038235  -0.0000072459
       -0.0000000756
        0.1807674178  -0.4615197898   0.0206635354   0.0353656407  -0.0186711060
       -0.0085421786  -0.0088875871  -0.0039416110   0.0014168522   0.0007759372
       -0.0007098007  -0.0001794966  -0.0009131125  -0.0002847648  -0.0004128618
        0.0027042150  -0.0000572276  -0.0009268505  -0.0031286118   0.0058480012
        0.0020903728   0.0000701928  -0.0001909484   0.0000803067  -0.0001716310
        0.0002990217  -0.0001405831  -0.1323589499   0.7425321217  -0.0630100392
       -0.0812605955  -0.1495286589   0.0457749150   0.0085955559  -0.0703267994
        0.0047349183   0.0012092805   0.0049925427  -0.0004089280   0.0020952771
       -0.0018038166   0.0009395660  -0.0005592249  -0.0000291445  -0.0001280916
       -0.0000439284  -0.0025882803  -0.0014266106   0.0012277247  -0.0019659011
       -0.0006780791  -0.0027205878  -0.0059818266   0.0037553665  -0.0001469190
        0.0016389236   0.0005117695   0.0001243068   0.0006107102  -0.0004405098
       -0.0005144194   0.0000733242  -0.0005405398  -0.0000810181   0.0000702433
        0.0004448039   0.0000999706  -0.0006573183  -0.0004532317   0.0000503739
        0.0001000952   0.0000956311  -0.0000986501   0.0000345340  -0.0001044899
       -0.0000083241  -0.0000531601  -0.0000300220   0.0000898562   0.0001167878
       -0.0000891912  -0.0000648039   0.0001092653  -0.0000251799   0.0020693507
       -0.0411460500  -0.0016883748  -0.0035962439   0.0003579322  -0.0012495242
       -0.0015039838   0.0008162602  -0.0003524337   0.0005464927  -0.0003816909
       -0.0000824166  -0.0001019418  -0.0000780694  -0.0000964331  -0.0001538974
       -0.0001154508  -0.0002802149  -0.0000818628   0.0000846247   0.0000674672
       -0.0000827686   0.0004023918  -0.0002906556   0.0001094501   0.0000328935
        0.0001733588   0.0000751023  -0.0000713739   0.0000009577  -0.0016879008
        0.0015631143   0.0014590559  -0.0001879790   0.0002232635   0.0001673885
        0.0026298948   0.0010627593  -0.0031134758   0.0004096708   0.0001413637
        0.0014577022  -0.0007232980  -0.0006370166   0.0006302927  -0.0001111063
       -0.0007464808   0.0003570177   0.0004115523   0.0005368706  -0.0001450063
       -0.0001724130  -0.0003600507   0.0001098427   0.0001237550  -0.0000777202
        0.0001528109   0.0000473064   0.0014673306  -0.0004907840  -0.0000985442
       -0.0008664204  -0.0001283121   0.0001316398   0.0001010697   0.0000970243
        0.0000308802  -0.0000773011  -0.0000436428  -0.0000348755  -0.0000101331
        0.0001124413  -0.0002686180  -0.0002917843   0.0001388942   0.0000376380
       -0.0000314219   0.0000056345  -0.0000474463  -0.0000057759  -0.0000107842
       -0.0000168921  -0.0000117551   0.0000587190   0.0000296529   0.0000032047
        0.0000122965
        0.0005562245   0.0163847557  -0.0424585967   0.0109897985  -0.0080602114
       -0.0009822652  -0.0022598661  -0.0004560109  -0.0004007440   0.0007824586
       -0.0004439983  -0.0002942236  -0.0004602652   0.0001249193   0.0001369369
        0.0009789155  -0.0002476691  -0.0002434571   0.0020247169  -0.0001218323
        0.0007446697   0.0000588885  -0.0000123311  -0.0000284224  -0.0000388775
       -0.0000106008   0.0000513155  -0.1174016882  -0.0630100392   0.1704967869
        0.0350493647   0.0420760138  -0.0749021229  -0.0052343364   0.0050700649
       -0.0016862940   0.0052322808  -0.0003309984   0.0113711207  -0.0014143905
       -0.0020353784   0.0003228100   0.0005585208  -0.0003843324   0.0005223743
        0.0001725140   0.0004999769   0.0013975856  -0.0003814642  -0.0000193305
       -0.0002225951  -0.0009884226   0.0004893158   0.0008464723   0.0011895493
       -0.0003377438  -0.0008514982  -0.0003106056  -0.0000295610  -0.0000848013
       -0.0000106322   0.0000170402  -0.0000501114   0.0000938689  -0.0000414762
       -0.0001053644  -0.0000905442  -0.0001672386  -0.0000014315  -0.0000058126
       -0.0000055575  -0.0000021796  -0.0000498523   0.0000045890  -0.0000122895
       -0.0000004950   0.0000030170   0.0000001516   0.0000317207  -0.0000284015
       -0.0000183941   0.0000358636  -0.0000095626   0.0000120789   0.0645150789
       -0.0001615011  -0.0553796055   0.0072933842   0.0096091900  -0.0022445383
       -0.0020493158  -0.0014682230  -0.0040898815   0.0005668234   0.0024344054
       -0.0003728972  -0.0000883555  -0.0000301711   0.0000866063  -0.0000739269
       -0.0000415822  -0.0000430044   0.0000187768  -0.0000119417  -0.0000741327
       -0.0000685156  -0.0003018244   0.0000950988  -0.0000001450  -0.0000150216
       -0.0000385965   0.0000139082   0.0000451411  -0.0000059469   0.0002113832
        0.0002488255  -0.0001139758   0.0001340457  -0.0000108817  -0.0000168295
        0.0009630644   0.0004045272  -0.0006847761  -0.0004734910   0.0001795038
       -0.0005130450  -0.0000039979   0.0001725920  -0.0001093503  -0.0000597313
        0.0000346683  -0.0000030176   0.0001113162  -0.0000773062  -0.0000039211
       -0.0000614333   0.0000672243  -0.0000100508  -0.0000156493   0.0000110505
       -0.0000275562   0.0000997769  -0.0000039908   0.0000484523  -0.0000871723
       -0.0000021716  -0.0000179018  -0.0000084340  -0.0000105519  -0.0000206842
       -0.0000036045   0.0000088676   0.0000015588  -0.0000012120  -0.0000017912
       -0.0000084264  -0.0000440562   0.0000083680  -0.0000090967   0.0000175389
       -0.0000045935   0.0000014226  -0.0000092239  -0.0000054500  -0.0000024506
       -0.0000041096   0.0000005065   0.0000003007  -0.0000001553   0.0000047134
       -0.0000012663
        0.0138578036   0.0131976738  -0.0005624288   0.0003449503   0.0016198892
       -0.0024970296  -0.0003137914   0.0008730359  -0.0001162484   0.0000749159
       -0.0002396395  -0.0000577814   0.0000085168   0.0000159258   0.0000239642
       -0.0000363548  -0.0002253057   0.0002312965   0.0003051800  -0.0004351488
        0.0000314588  -0.0000095301   0.0000178774  -0.0000186699  -0.0000676227
        0.0000690786  -0.0000333217  -0.1195676554  -0.0812605955   0.0350493647
        0.5710606244  -0.1230507549  -0.1771585405  -0.1759625067   0.1909694313
        0.0398914265   0.0060890814  -0.0071844072  -0.0005357559  -0.0005422955
       -0.0018645012   0.0001883673   0.0004949828  -0.0003308836   0.0004114257
        0.0001933691   0.0002523521  -0.0006211035   0.0003121896   0.0000077726
        0.0001066555  -0.0006872276  -0.0003640261   0.0007541295  -0.0005000460
       -0.0002905030   0.0002028913  -0.0000857432   0.0001559054  -0.0002705835
       -0.0000900726   0.0000512058  -0.0000567562  -0.0000298089   0.0000309286
       -0.0000196206   0.0000557483   0.0000526174  -0.0001202400   0.0000036367
       -0.0000032139  -0.0000099630  -0.0000102367  -0.0000012283   0.0000017106
       -0.0000295552  -0.0000070031  -0.0000080121  -0.0000232571   0.0000717927
        0.0000072279  -0.0000585566   0.0000251645  -0.0000067750  -0.0187336666
       -0.0213002632   0.0099548295  -0.2578401598   0.0083647934   0.0893514664
       -0.0190082257   0.0252468701   0.0068225030  -0.0006121320  -0.0026891473
       -0.0002603858   0.0009331341  -0.0019689639  -0.0005631427  -0.0000120632
        0.0000747516  -0.0001057241   0.0000244300  -0.0000682078   0.0000762648
       -0.0000225528  -0.0002269145   0.0001302748  -0.0000197899   0.0000377999
       -0.0000057672   0.0000193578   0.0000315702  -0.0000338861  -0.0000920474
        0.0001420290  -0.0000837281  -0.0001364531  -0.0000436766   0.0001400276
        0.0006105078   0.0002253365  -0.0004073495  -0.0000296404   0.0000098131
        0.0001064949  -0.0000337451   0.0000970982   0.0000266757   0.0001446889
       -0.0001347078   0.0000002444  -0.0000352498   0.0000784938  -0.0000249908
        0.0000487521  -0.0000735586   0.0000170972   0.0000451000  -0.0000581329
       -0.0000044669  -0.0001973897   0.0002097019  -0.0000090204   0.0001068464
       -0.0001045659  -0.0000346785   0.0000288116   0.0000859865   0.0000797289
        0.0000209278  -0.0000316328  -0.0000270363  -0.0000062860  -0.0000123206
        0.0000294397   0.0000189301  -0.0000418939   0.0000195273  -0.0000148833
       -0.0000039129  -0.0000004087   0.0000024861   0.0000036889   0.0000005086
        0.0000009683   0.0000024517  -0.0000007151   0.0000026051  -0.0000059263
       -0.0000008711
        0.0148382508  -0.0850662620   0.0091905908  -0.0121998938   0.0031656274
        0.0019079627   0.0025504918   0.0001908441   0.0000523450  -0.0008756369
        0.0000036966   0.0001533127   0.0000867649   0.0000164274   0.0000854013
       -0.0009845514   0.0002316423   0.0003906815   0.0016446371  -0.0013097489
       -0.0008142091   0.0000790563   0.0001869422  -0.0000897206   0.0002266066
       -0.0002411825   0.0000512848  -0.0777642497  -0.1495286589   0.0420760138
       -0.1230507549   0.7082380936  -0.0178319152   0.1733989707  -0.3853650183
       -0.0385455578   0.0105701003  -0.0417107667   0.0011557627  -0.0044046777
       -0.0006883639  -0.0013668788   0.0012962785  -0.0005957642   0.0012482041
        0.0000550410   0.0006976795   0.0011390915  -0.0005555330   0.0006583446
        0.0003318086   0.0030436954   0.0024281663  -0.0025502989   0.0001051532
       -0.0004916297  -0.0001523924   0.0004383770  -0.0003321981   0.0003654373
        0.0002529826   0.0000337136   0.0001989473   0.0001263941  -0.0001253626
       -0.0002037440   0.0000328703   0.0001955102   0.0001596428  -0.0000192761
       -0.0000315230  -0.0000309613   0.0001025658  -0.0000269869   0.0000381501
       -0.0000202978  -0.0000231217   0.0000147167  -0.0001403256  -0.0000472987
        0.0001967927  -0.0000047769  -0.0000936434   0.0000200613  -0.0026696642
       -0.0011273685   0.0039833583   0.0100947910  -0.0439179430  -0.0011760143
        0.0047862031  -0.0031117097  -0.0014620020  -0.0015779340  -0.0019691945
        0.0010821363   0.0017009492   0.0013722494  -0.0007084301   0.0001234153
        0.0000601934   0.0004312493  -0.0001023440  -0.0001335773  -0.0000558570
       -0.0000781939  -0.0006889421   0.0003200603  -0.0000317081   0.0002353386
       -0.0000316814   0.0000370246   0.0001166190  -0.0001116710   0.0005858493
       -0.0006298478  -0.0004708340   0.0000592629  -0.0000894085  -0.0000459226
       -0.0021232401  -0.0008395531   0.0017919272  -0.0000511757  -0.0000888929
       -0.0003889097   0.0003081050   0.0001570337  -0.0001610460   0.0002109143
        0.0006461906  -0.0004318932  -0.0005982588  -0.0002981162   0.0001535317
        0.0002605228   0.0001796900  -0.0001108965  -0.0001047470   0.0000577764
       -0.0001298429  -0.0001965210  -0.0013497160   0.0005283958   0.0002241114
        0.0007726886   0.0000216555  -0.0000312894  -0.0000551627   0.0000077874
       -0.0000112119   0.0000305722   0.0000229312   0.0000231050   0.0000184471
       -0.0000830232   0.0003294873   0.0002333151  -0.0001382157  -0.0000575219
        0.0000432804   0.0000097861   0.0000589794   0.0000116881   0.0000130808
        0.0000278160   0.0000029258  -0.0000508475  -0.0000249891  -0.0000077345
        0.0000006575
        0.0035485376   0.0129579502   0.0203752424  -0.0025149196  -0.0030213385
       -0.0069847459  -0.0014129025   0.0004351338  -0.0003142427  -0.0003034125
       -0.0004890582  -0.0004810444  -0.0001013252  -0.0002521839  -0.0000755108
        0.0002678747  -0.0002808711   0.0004523669   0.0011144499   0.0001383121
       -0.0000892004   0.0000549193   0.0001372024  -0.0000449586   0.0001189625
       -0.0000902736  -0.0000347342   0.0325347350   0.0457749150  -0.0749021229
       -0.1771585405  -0.0178319152   0.1769177502   0.0407334739  -0.0430954995
       -0.0474324600  -0.0006785766   0.0067256345   0.0058288669  -0.0003513417
        0.0009989291  -0.0007512068   0.0000565735   0.0001604966  -0.0000050221
        0.0000912503   0.0003626546  -0.0006601034  -0.0000957437   0.0001479318
       -0.0000435490   0.0008081118   0.0007099506   0.0004478394   0.0000272575
       -0.0001752291  -0.0000497599  -0.0003638429   0.0006324528  -0.0000390245
       -0.0002102038   0.0000629873   0.0000176233   0.0000048722   0.0000356204
        0.0000207199   0.0000840890  -0.0000210628  -0.0000306213  -0.0000120736
        0.0000308815   0.0000301273   0.0000265792  -0.0000240712  -0.0000012591
        0.0000259500  -0.0000025760  -0.0000028834  -0.0000158924  -0.0000077135
        0.0000361671  -0.0000022728  -0.0000129638  -0.0000117690   0.0076006092
        0.0074337239   0.0015192901   0.0897000617  -0.0022035674  -0.0718119342
        0.0079209459  -0.0102271972  -0.0015612710   0.0000386862   0.0010397182
       -0.0003244290  -0.0008738015   0.0006030757  -0.0001549496   0.0000875911
       -0.0001540218   0.0001914969  -0.0000737785   0.0000810288  -0.0000442222
       -0.0000449007  -0.0000088738  -0.0000293519   0.0000031927   0.0000007498
       -0.0000213901  -0.0000525351  -0.0000473072   0.0000336591   0.0001373517
       -0.0001228582   0.0000219343   0.0000551504  -0.0000086394  -0.0000624283
       -0.0005925605  -0.0002825469   0.0000387386  -0.0000585259  -0.0000518528
       -0.0000921923  -0.0000782196  -0.0001422351   0.0001219347  -0.0000006804
        0.0001178569  -0.0000293953  -0.0001377010  -0.0000059313   0.0000266776
        0.0000481141   0.0000083736  -0.0000133303  -0.0000207233   0.0000151163
        0.0000210890  -0.0000609423  -0.0002702562  -0.0000414828   0.0000626141
        0.0001662668   0.0000615174  -0.0000068581   0.0000012764  -0.0000068141
        0.0000071879   0.0000025119   0.0000073637  -0.0000045201  -0.0000024600
       -0.0000071153   0.0000673836   0.0000391296  -0.0000167532  -0.0000145805
        0.0000129890   0.0000013775   0.0000141764   0.0000035191   0.0000023774
        0.0000055960  -0.0000013315  -0.0000047117  -0.0000049224  -0.0000025537
        0.0000018300
        0.0038209165  -0.0114701630   0.0013584114  -0.0025461770   0.0007464579
        0.0005057496   0.0005825360   0.0002375636  -0.0000486690  -0.0000881476
        0.0001109361   0.0000204101   0.0001527453  -0.0000024397   0.0000758649
       -0.0003671065  -0.0000276995  -0.0000299029   0.0005332548  -0.0005116379
       -0.0003309374   0.0000627760   0.0000096304  -0.0000099665   0.0000856159
       -0.0000346896  -0.0000148251   0.0062533844   0.0085955559  -0.0052343364
       -0.1759625067   0.1733989707   0.0407334739   0.5458503384  -0.1280803907
       -0.1622254473  -0.0953549556  -0.0577162494   0.0220481699   0.0066958421
        0.0115990851  -0.0030974379  -0.0016014348   0.0022267144  -0.0024612738
       -0.0002970529   0.0003055987   0.0002724431  -0.0002472729   0.0004514575
        0.0000206724   0.0005688091   0.0004636717  -0.0004870110   0.0001697347
       -0.0004545359   0.0000607890  -0.0001067614   0.0002043597   0.0000254213
        0.0000463630   0.0000152690   0.0000161693   0.0000328738  -0.0000031743
       -0.0000333736  -0.0000245289   0.0000321451   0.0000204504  -0.0000117876
       -0.0000000401   0.0000052418   0.0000132696  -0.0000027108   0.0000052952
        0.0000056738  -0.0000031457   0.0000068772  -0.0000197206  -0.0000240199
        0.0000244039  -0.0000014518  -0.0000100629   0.0000023941   0.0010213966
       -0.0023773697   0.0000999606  -0.0187742098   0.0259625182   0.0054536048
       -0.2543081107   0.0038809634   0.0942578467  -0.0001258466  -0.0044580575
        0.0002165162  -0.0168654366  -0.0255223108   0.0098439568   0.0003131989
        0.0003655601  -0.0000440924   0.0003605401   0.0013932583  -0.0006526729
        0.0003408830   0.0009889146  -0.0004224379  -0.0000345970  -0.0000808139
        0.0000556523  -0.0000699229  -0.0000684549   0.0000022758   0.0002139263
       -0.0001892094  -0.0001927132   0.0000640058  -0.0001097229   0.0000041517
       -0.0004683957  -0.0000344069   0.0003907882  -0.0000067653   0.0001358671
       -0.0001789911   0.0000898900   0.0000145865  -0.0000395700  -0.0000063495
        0.0000421166  -0.0000291221  -0.0001018962   0.0000029864   0.0000326938
        0.0000415066  -0.0000111393  -0.0000151482  -0.0000133864   0.0000195695
        0.0000021015   0.0000402845  -0.0000811510   0.0000254294   0.0000133535
        0.0000454687  -0.0000010762  -0.0000013247  -0.0000198299  -0.0000218565
       -0.0000068511  -0.0000045387   0.0000066553  -0.0000069463   0.0000116297
       -0.0000020666   0.0000498921   0.0000292488  -0.0000227319  -0.0000162345
        0.0000076413   0.0000055576   0.0000088271   0.0000038411   0.0000028885
        0.0000051561  -0.0000006248  -0.0000092054  -0.0000018165  -0.0000029971
        0.0000025485
       -0.0083098627   0.0105344292   0.0039752229   0.0032992476  -0.0013928164
       -0.0012159309  -0.0014572446   0.0002132099  -0.0003058536   0.0003741877
       -0.0001181911   0.0000599023   0.0001824293   0.0001037797   0.0001702832
        0.0001161769  -0.0001563242  -0.0003248400  -0.0007193914   0.0003056045
        0.0001645475  -0.0000468373  -0.0001369853   0.0000786776  -0.0001166511
        0.0001869641  -0.0000810161   0.0050714694  -0.0703267994   0.0050700649
        0.1909694313  -0.3853650183  -0.0430954995  -0.1280803907   0.7258036820
       -0.0071263035  -0.0640186319  -0.1809322099   0.0341356150   0.0029908739
       -0.0248544265   0.0116028330   0.0008357258  -0.0014369436   0.0019765199
        0.0003282049  -0.0005456397  -0.0017882875   0.0006422251  -0.0002223347
       -0.0003724611  -0.0012000303  -0.0014731541   0.0012524626  -0.0004965384
        0.0002274921   0.0006292569   0.0002269544   0.0000555055   0.0003045217
       -0.0002091103  -0.0000277772  -0.0001510400  -0.0000948274   0.0001510547
        0.0001835583   0.0000579344  -0.0000004458  -0.0000237398   0.0000113030
        0.0000492245   0.0000563069  -0.0000778671   0.0000225867  -0.0000609128
        0.0000282909   0.0000046448  -0.0000199809   0.0001264958   0.0000145537
       -0.0001439757   0.0000460677   0.0000563111  -0.0000047830   0.0010267562
        0.0006341635  -0.0010379468   0.0047884847  -0.0036889072  -0.0022891616
        0.0056103261  -0.0431425918  -0.0021897457  -0.0076446371  -0.0263439163
       -0.0000844189  -0.0035956197   0.0003330313   0.0013736001  -0.0008807447
        0.0008563910  -0.0010753052  -0.0001641812   0.0003978601  -0.0002652133
       -0.0002390395  -0.0002451942   0.0001078636   0.0001831870   0.0000615871
        0.0002399926   0.0001334689  -0.0001109654   0.0000391307  -0.0004290964
        0.0002223167   0.0001903967   0.0000371193  -0.0000063101  -0.0000104685
        0.0009753243   0.0007262214  -0.0008898235   0.0000376826   0.0000103502
        0.0005481023  -0.0002300933  -0.0002142872   0.0001889573  -0.0002500528
       -0.0005128895   0.0003304989   0.0005265276   0.0002565702  -0.0001213790
       -0.0002448980  -0.0001321563   0.0000907440   0.0000576332  -0.0000115493
        0.0001281788   0.0002779735   0.0010673137  -0.0004536531  -0.0002411503
       -0.0006323656  -0.0000013538   0.0000683991  -0.0000128669   0.0000049869
        0.0000108475  -0.0000319540  -0.0000011326  -0.0000129780   0.0000115519
        0.0000683337  -0.0002874870  -0.0001907457   0.0001145790   0.0000617034
       -0.0000360204  -0.0000008059  -0.0000543683  -0.0000068662  -0.0000063705
       -0.0000220869  -0.0000074460   0.0000464139   0.0000213649   0.0000096985
        0.0000098518
        0.0014086516   0.0041551884   0.0019713315   0.0001207581  -0.0002828376
        0.0002290470  -0.0000938558   0.0000818706  -0.0000306612  -0.0000079771
        0.0000034531  -0.0000472020   0.0000147848   0.0000073831   0.0000053540
        0.0000086531   0.0000167111   0.0000046821  -0.0001179064  -0.0000655219
        0.0000694059  -0.0000242420  -0.0000089695   0.0000028280  -0.0000237723
        0.0000054467   0.0000118738  -0.0042780254   0.0047349183  -0.0016862940
        0.0398914265  -0.0385455578  -0.0474324600  -0.1622254473  -0.0071263035
        0.2017475519   0.0227708021   0.0342097819  -0.0693362183   0.0043231752
        0.0191798953  -0.0066545387  -0.0019538038   0.0021305456  -0.0023768562
       -0.0000377331   0.0000329664  -0.0002259757   0.0001453096  -0.0000738794
        0.0000175167  -0.0001061915  -0.0000995043   0.0001181971  -0.0000467746
        0.0000498257   0.0000487883  -0.0000182939  -0.0000266642  -0.0000451865
       -0.0000163567  -0.0000027433  -0.0000067239  -0.0000178795   0.0000161523
       -0.0000037561   0.0000111834  -0.0000141373  -0.0000115876   0.0000072799
       -0.0000007518  -0.0000029763   0.0000001800  -0.0000000411  -0.0000033188
       -0.0000032983   0.0000005919  -0.0000019984   0.0000083006   0.0000051505
       -0.0000062282   0.0000048609  -0.0000005170  -0.0000006244  -0.0007681976
        0.0009043843  -0.0008497500   0.0075114372  -0.0102631680  -0.0014768411
        0.0933912060  -0.0014817975  -0.0756678339  -0.0095198740  -0.0206807285
        0.0052963167   0.0086147223   0.0121659568  -0.0038997590   0.0002306056
        0.0007631551  -0.0001355710   0.0007241946  -0.0006748754   0.0005690407
        0.0002552909   0.0009485926  -0.0001659656  -0.0000661975  -0.0000497518
       -0.0000019608  -0.0000608495   0.0000173784  -0.0000316713  -0.0000833875
        0.0000030880   0.0000521148  -0.0000437445   0.0000336692  -0.0000162366
        0.0000911041  -0.0000053439  -0.0000784966   0.0000191351  -0.0000664027
        0.0000358150  -0.0000252052   0.0000042113   0.0000171774  -0.0000002647
        0.0000085605   0.0000027534   0.0000344457  -0.0000179129  -0.0000126508
       -0.0000139609   0.0000172425   0.0000036453   0.0000020318  -0.0000003043
       -0.0000085617  -0.0000048876  -0.0000073235   0.0000102651  -0.0000159429
        0.0000035272   0.0000014483  -0.0000073268  -0.0000016956   0.0000058410
       -0.0000009488   0.0000075131  -0.0000010506   0.0000069301  -0.0000056894
       -0.0000056105  -0.0000157531  -0.0000037671   0.0000055256   0.0000053246
       -0.0000011025  -0.0000017613  -0.0000022997  -0.0000019511  -0.0000013559
       -0.0000011021   0.0000006195   0.0000029205  -0.0000002936   0.0000014634
       -0.0000017570
       -0.0007006371   0.0009105234  -0.0017600415   0.0006186880  -0.0000099993
        0.0002845954  -0.0000693384   0.0000916034  -0.0000218299   0.0001411560
        0.0000067087   0.0000117097   0.0000611059   0.0000594492   0.0000170628
       -0.0000070441   0.0000052622  -0.0000472463  -0.0000909446  -0.0000540700
        0.0000222047  -0.0000658342  -0.0000123020   0.0000317922  -0.0000668682
        0.0000449708   0.0000090990   0.0011971346   0.0012092805   0.0052322808
        0.0060890814   0.0105701003  -0.0006785766  -0.0953549556  -0.0640186319
        0.0227708021   0.5083752132   0.0061733808  -0.0415643621  -0.1116040672
        0.0392730519  -0.0473773634   0.0047181939  -0.0026175750   0.0042026450
       -0.0000189520  -0.0000294923   0.0000032826   0.0000436306  -0.0000524172
       -0.0000352807  -0.0001788895  -0.0001742927   0.0000937742   0.0000039190
        0.0000705998  -0.0000343949   0.0000043689  -0.0000444202   0.0000077058
       -0.0000217800  -0.0000054781  -0.0000048657  -0.0000182068   0.0000134732
        0.0000000577   0.0000093790   0.0000310480   0.0000175279   0.0000014650
       -0.0000107960  -0.0000134774  -0.0000032904  -0.0000011557   0.0000064954
       -0.0000041761   0.0000105457  -0.0000077203   0.0000191875   0.0000184420
       -0.0000335299  -0.0000304759   0.0000352130  -0.0000054064   0.0001985050
        0.0002822136  -0.0003254370   0.0004549561   0.0014805726  -0.0019706817
       -0.0138905201  -0.0222313389   0.0074391540  -0.0451176011  -0.0105241475
       -0.0110729859  -0.2308361672   0.0265964176   0.0852300151  -0.0027114467
        0.0018101545  -0.0052251079  -0.0226383344   0.0145844989  -0.0174345035
        0.0001760405  -0.0023096497   0.0010337967   0.0002906698  -0.0001389980
        0.0005253227   0.0009262319  -0.0010719036   0.0006733755  -0.0000394139
        0.0000203417   0.0000773835  -0.0000370844   0.0000305753   0.0000120129
        0.0001241205   0.0000629623  -0.0001125088   0.0000021220  -0.0000220491
        0.0000280090  -0.0000036446   0.0000040410  -0.0000065354   0.0000222852
       -0.0001504658   0.0000970550   0.0000479579   0.0000690748  -0.0000325091
        0.0000047184  -0.0000576249   0.0000213415   0.0000322682  -0.0000446844
       -0.0000164905  -0.0000028846   0.0003674161  -0.0000491158   0.0000027388
       -0.0002233244  -0.0000459887  -0.0000086685   0.0000629314  -0.0000029405
        0.0000130654  -0.0000150518  -0.0000220764  -0.0000172388  -0.0000189544
        0.0000380929  -0.0000298772  -0.0000488968   0.0000204468  -0.0000065828
       -0.0000045972  -0.0000011007  -0.0000039486  -0.0000021678  -0.0000042625
       -0.0000029863   0.0000045227   0.0000034045   0.0000036568  -0.0000048903
       -0.0000041058
        0.0003042587  -0.0055139407   0.0000895580  -0.0009058783   0.0005419755
        0.0001988381   0.0002772006  -0.0001192736   0.0001589176  -0.0000513287
       -0.0000617407  -0.0001019254  -0.0001430841  -0.0000020232  -0.0000438802
        0.0000410422   0.0001233844   0.0001706029   0.0002858432   0.0000905219
       -0.0001409210  -0.0000082317   0.0000837401  -0.0000328132   0.0000459922
       -0.0001091833   0.0000577905   0.0042346642   0.0049925427  -0.0003309984
       -0.0071844072  -0.0417107667   0.0067256345  -0.0577162494  -0.1809322099
        0.0342097819   0.0061733808   0.4758671137   0.0260897637   0.0317909705
       -0.0793054696   0.0317355629   0.0139125071  -0.0195052372   0.0196064635
       -0.0001683820   0.0002474745   0.0006523642  -0.0002872460   0.0001186514
        0.0001429598   0.0006143733   0.0006474592  -0.0005739388   0.0002058058
       -0.0001667347  -0.0002610273  -0.0000415826  -0.0001296194  -0.0001605801
        0.0001069576   0.0000231498   0.0000709936   0.0000442406  -0.0000922251
       -0.0000779047  -0.0000097007   0.0000241573   0.0000707010  -0.0000006867
       -0.0000288464  -0.0000340680   0.0000462494  -0.0000151679   0.0000291889
       -0.0000094902  -0.0000024524   0.0000073539  -0.0000561299  -0.0000112314
        0.0000714830  -0.0000190480  -0.0000265390   0.0000041705   0.0003084230
       -0.0000611016   0.0000343470  -0.0015835082   0.0012721829   0.0002187083
       -0.0024387823  -0.0011985754   0.0013921252  -0.0123903439  -0.1067750680
       -0.1046571788   0.0263123887  -0.0475215041  -0.0137965899  -0.0072216483
        0.0063121604  -0.0074096852   0.0058943478  -0.0032754438   0.0036201062
       -0.0015314604  -0.0054972663   0.0021707323   0.0005935867   0.0009281220
        0.0006416728   0.0007980260   0.0009215420  -0.0004053389   0.0002155860
       -0.0000843706  -0.0000801339  -0.0000360812   0.0000144600   0.0000125841
       -0.0005008042  -0.0003393389   0.0004337343  -0.0000432430   0.0000485193
       -0.0002812017   0.0001105362   0.0000989980  -0.0001021839   0.0001208746
        0.0002901554  -0.0001620693  -0.0002718876  -0.0001454850   0.0000589896
        0.0001291539   0.0000798016  -0.0000480099  -0.0000391319   0.0000047861
       -0.0000673665  -0.0001347686  -0.0005860657   0.0002472476   0.0001227581
        0.0003454450  -0.0000014384  -0.0000446058   0.0000101455  -0.0000160554
       -0.0000029321   0.0000231912  -0.0000028227   0.0000063759  -0.0000114729
       -0.0000424041   0.0001485289   0.0000961347  -0.0000627720  -0.0000314155
        0.0000211161   0.0000007557   0.0000291023   0.0000018606   0.0000022171
        0.0000112143   0.0000054356  -0.0000254491  -0.0000123302  -0.0000058729
       -0.0000065919
       -0.0015911643  -0.0010314845  -0.0030377560   0.0003629300   0.0002950754
        0.0007101334  -0.0000596162   0.0000902461  -0.0000812687   0.0001735360
        0.0000639152   0.0000402433   0.0000539600   0.0000922424   0.0000860248
       -0.0001429385  -0.0000167104  -0.0001475039  -0.0000765033  -0.0000221949
       -0.0000135743  -0.0000026646  -0.0000377609   0.0000236997  -0.0000312124
        0.0000163492  -0.0000006119   0.0046315856  -0.0004089280   0.0113711207
       -0.0005357559   0.0011557627   0.0058288669   0.0220481699   0.0341356150
       -0.0693362183  -0.0415643621   0.0260897637   0.4743169514  -0.0434301786
        0.0359388200  -0.1139904200  -0.0054067966   0.0098060676  -0.0078583112
        0.0000511389  -0.0001027772  -0.0000070142  -0.0000089245  -0.0000768893
       -0.0000355769  -0.0002012434  -0.0001593342   0.0000255445   0.0000326868
        0.0000699514   0.0000044495  -0.0000241875  -0.0000392832   0.0000777454
        0.0000401253  -0.0000153233  -0.0000036873   0.0000077674   0.0000077655
        0.0000189677  -0.0000050179   0.0000143754   0.0000063575  -0.0000022167
        0.0000077751   0.0000059222  -0.0000132052   0.0000037386  -0.0000074472
        0.0000101333   0.0000018962   0.0000031130   0.0000189709  -0.0000045232
       -0.0000259874   0.0000261965  -0.0000046319  -0.0000006662   0.0000860580
       -0.0001281056  -0.0005189363  -0.0015884731  -0.0013455195  -0.0032376326
        0.0068494574   0.0101757294  -0.0019579998  -0.0126433327  -0.1094338854
       -0.1935191475   0.0855325420  -0.0137856484  -0.0842024201  -0.0179083575
        0.0115597824  -0.0220306764   0.0048423626  -0.0037762691   0.0063765099
        0.0007952586   0.0020513675   0.0000314433   0.0001523254  -0.0010358925
        0.0009253254  -0.0005065222  -0.0002925246   0.0001403861  -0.0000366730
        0.0000633476   0.0000318304   0.0000153771   0.0000131239   0.0000046602
        0.0001499321   0.0000539998  -0.0000802325  -0.0000184423   0.0000088002
        0.0000349275  -0.0000103988  -0.0000034686  -0.0000050822  -0.0000481951
       -0.0000182206   0.0000294205   0.0001156520  -0.0000154931  -0.0000124315
       -0.0000628526   0.0000248558   0.0000092156   0.0000015638   0.0000136433
        0.0000256870   0.0000301919   0.0000209666  -0.0000725245  -0.0000548256
        0.0000010654   0.0000392945  -0.0000086345  -0.0000157322  -0.0000033975
        0.0000004094   0.0000076815   0.0000089932   0.0000042606   0.0000025191
       -0.0000079141  -0.0000547135  -0.0000104029   0.0000144180   0.0000175072
       -0.0000054832  -0.0000030744  -0.0000095625  -0.0000035252  -0.0000014522
       -0.0000050814  -0.0000012453   0.0000075082   0.0000019537   0.0000050152
        0.0000002058
        0.0003823373  -0.0013868937   0.0004597280  -0.0003858005   0.0001072332
        0.0000283237   0.0001297853  -0.0001562019   0.0000499361  -0.0000679174
       -0.0000080721  -0.0000256860  -0.0001047207  -0.0000251791  -0.0000266374
        0.0000268783   0.0000420582   0.0000804035   0.0001254146   0.0000828952
       -0.0000333330   0.0000333709   0.0000337479  -0.0000195944   0.0000517394
       -0.0000403841  -0.0000039232   0.0004039330   0.0020952771  -0.0014143905
       -0.0005422955  -0.0044046777  -0.0003513417   0.0066958421   0.0029908739
        0.0043231752  -0.1116040672   0.0317909705  -0.0434301786   0.5037371057
        0.0024591256  -0.0254151094  -0.0863720212  -0.0487861708   0.0139007798
       -0.0000848795   0.0000869123   0.0002775996  -0.0001989250   0.0000674663
        0.0000598823   0.0002980160   0.0003245743  -0.0002545530   0.0001160997
       -0.0000396511  -0.0001070334  -0.0000027285   0.0000054492  -0.0000337425
        0.0000478436   0.0000166652   0.0000135960   0.0000288300  -0.0000394138
       -0.0000318162  -0.0000252175  -0.0000178893  -0.0000042513  -0.0000037944
       -0.0000088689  -0.0000066990   0.0000171748  -0.0000016154   0.0000137306
       -0.0000053919  -0.0000093377   0.0000029688  -0.0000397724  -0.0000012542
        0.0000485575  -0.0000169976  -0.0000108236   0.0000045269   0.0000044264
        0.0000242779   0.0000517115   0.0000409415   0.0000105299   0.0001103166
        0.0005463040  -0.0010670812   0.0004961875  -0.0034538901   0.0018246818
       -0.0068613836  -0.0218479606   0.0143454781  -0.0166631422  -0.0479370003
       -0.0101670673  -0.0146573738  -0.2297110146   0.0255438818   0.0862604197
        0.0059593486   0.0151206100  -0.0044378976  -0.0013887337  -0.0046406403
       -0.0007181553  -0.0148929624  -0.0259938894   0.0083383623   0.0001191513
       -0.0000338925  -0.0000910599   0.0000313717  -0.0000415233   0.0000255199
       -0.0002444270  -0.0001404544   0.0002139644   0.0000190752  -0.0000036618
       -0.0001055538   0.0000475018   0.0000281607  -0.0000332072   0.0000622752
        0.0000907331  -0.0000919469  -0.0001715001  -0.0000038787   0.0000409105
        0.0000774482  -0.0000127735  -0.0000222815  -0.0000177124   0.0000044089
       -0.0000310435  -0.0000471419  -0.0002005208   0.0001157898   0.0000722201
        0.0001016464  -0.0000257493   0.0000113415  -0.0000042106   0.0000149621
       -0.0000004980  -0.0000068636   0.0000020604   0.0000006832   0.0000105930
       -0.0000032560   0.0000824744   0.0000355406  -0.0000325227  -0.0000159015
        0.0000107644   0.0000051124   0.0000127714   0.0000035978   0.0000033296
        0.0000063917  -0.0000003732  -0.0000125995  -0.0000048247  -0.0000048895
        0.0000036080
        0.0000255706   0.0004330600   0.0007532465  -0.0000349567  -0.0000556627
       -0.0001630610  -0.0000291869   0.0000082638   0.0000313967  -0.0000162357
       -0.0000138180  -0.0000066535   0.0000133357  -0.0000223610  -0.0000152990
        0.0000169228  -0.0000026788   0.0000125182   0.0000090095   0.0000288171
       -0.0000043935   0.0000014986   0.0000018143  -0.0000046684   0.0000052917
        0.0000008790   0.0000139706  -0.0006537473  -0.0018038166  -0.0020353784
       -0.0018645012  -0.0006883639   0.0009989291   0.0115990851  -0.0248544265
        0.0191798953   0.0392730519  -0.0793054696   0.0359388200   0.0024591256
        0.4716210826   0.0365136784  -0.0478697467  -0.1748283714   0.0254525072
       -0.0000303062   0.0000198314  -0.0000614818   0.0000167295   0.0000037875
       -0.0000413534   0.0000253179  -0.0000078462   0.0000358699  -0.0000011738
       -0.0000179163   0.0000320609  -0.0000175881  -0.0000028052  -0.0000294491
       -0.0000180885  -0.0000040334  -0.0000025784  -0.0000030074  -0.0000007138
        0.0000018664   0.0000044056  -0.0000087002   0.0000029236   0.0000014424
        0.0000005232   0.0000000266  -0.0000019276  -0.0000001661  -0.0000060556
        0.0000000650  -0.0000021021  -0.0000026666   0.0000124071  -0.0000094160
       -0.0000013342   0.0000117223   0.0000021052   0.0000045464   0.0000191534
       -0.0000069890   0.0000569465   0.0000992738  -0.0000045965   0.0005329029
        0.0005490732   0.0005985645  -0.0006381116  -0.0071366460   0.0065915381
       -0.0087610665   0.0056546286  -0.0029835802   0.0036925472  -0.0103856209
       -0.1098356396  -0.1057343162   0.0248715166  -0.0457309431  -0.0144544131
       -0.0047600726  -0.0172957933   0.0063374781  -0.0086909765  -0.0219041699
        0.0007223950  -0.0030967676   0.0000629773   0.0016386635  -0.0000047097
       -0.0000006799   0.0000367568  -0.0000074695   0.0000112825   0.0000061581
       -0.0000121667   0.0000145456  -0.0000304216  -0.0000001620   0.0000010818
        0.0000069039  -0.0000030725  -0.0000133233   0.0000075567  -0.0000287713
        0.0000076166   0.0000025313   0.0000320629  -0.0000001000  -0.0000093369
       -0.0000127476   0.0000062324   0.0000001065  -0.0000232948   0.0000078686
       -0.0000195075   0.0000698353   0.0000233046   0.0000376612  -0.0000520410
       -0.0000266229  -0.0000207994  -0.0000088149  -0.0000167393  -0.0000021411
        0.0000008950   0.0000100800   0.0000002677   0.0000117986  -0.0000007491
       -0.0000050822  -0.0000205423  -0.0000079401  -0.0000014264   0.0000044806
        0.0000014799   0.0000018114  -0.0000028114  -0.0000027179  -0.0000025693
       -0.0000010631   0.0000016874   0.0000021455   0.0000005167   0.0000008285
       -0.0000015232
        0.0001596236  -0.0004919836  -0.0001242839  -0.0001190748   0.0000423754
        0.0000720142   0.0000613717  -0.0000306194   0.0000244877  -0.0000236797
        0.0000097433   0.0000082468  -0.0000384225  -0.0000041562  -0.0000040195
        0.0000075149   0.0000126637   0.0000120163   0.0000443382   0.0000096240
       -0.0000152239   0.0000053477   0.0000055574  -0.0000081992   0.0000188030
       -0.0000032043   0.0000068016   0.0001842522   0.0009395660   0.0003228100
        0.0001883673  -0.0013668788  -0.0007512068  -0.0030974379   0.0116028330
       -0.0066545387  -0.0473773634   0.0317355629  -0.1139904200  -0.0254151094
        0.0365136784   0.5035358428   0.0136760266   0.0252401255  -0.0728114175
        0.0000216029  -0.0000673222   0.0000378149  -0.0000392764  -0.0000731378
        0.0000181767   0.0000395303   0.0000705893  -0.0000268988   0.0000139961
        0.0000615790  -0.0000193390   0.0000111181   0.0000005690  -0.0000028920
        0.0000066348   0.0000040087  -0.0000028351   0.0000088336  -0.0000138453
       -0.0000102897  -0.0000207667  -0.0000192977  -0.0000135807  -0.0000010086
       -0.0000050186   0.0000001761   0.0000000971   0.0000030831  -0.0000005417
       -0.0000046966  -0.0000052375  -0.0000008254  -0.0000133826  -0.0000079756
        0.0000234490   0.0000062687  -0.0000074780   0.0000139429  -0.0000355949
        0.0000135434   0.0000496557   0.0000618608   0.0000693765  -0.0000884978
       -0.0001824996  -0.0001449114   0.0007015542  -0.0189027873   0.0103845275
       -0.0235338817   0.0049645220  -0.0040004506   0.0065627068  -0.0142452277
       -0.1055412317  -0.2027921942   0.0862397881  -0.0142443343  -0.0852512537
        0.0062132576   0.0193980683  -0.0060061630  -0.0097352313  -0.0227832747
        0.0044585447   0.0072928279   0.0126891414  -0.0037263647   0.0000045685
        0.0000408830  -0.0000081619   0.0000174737   0.0000078714  -0.0000031267
       -0.0000165434  -0.0000640786   0.0000115803   0.0000090269  -0.0000006451
        0.0000022912   0.0000009823   0.0000045391   0.0000061503   0.0000008523
        0.0000480674  -0.0000676749  -0.0000382234  -0.0000048964   0.0000200935
        0.0000092221   0.0000028752  -0.0000137318  -0.0000372268   0.0000111137
       -0.0000400690   0.0000379093  -0.0000714490   0.0001213360  -0.0000078853
        0.0000224355  -0.0000569919   0.0000127419  -0.0000193431   0.0000264120
        0.0000024474  -0.0000040869   0.0000025598   0.0000142200   0.0000148296
        0.0000014006   0.0000138409   0.0000119806  -0.0000220669   0.0000025100
        0.0000029601   0.0000065225   0.0000004826   0.0000004343   0.0000011183
        0.0000007385   0.0000003374  -0.0000041726  -0.0000015615   0.0000003138
        0.0000031576
       -0.0001122503   0.0004363071  -0.0001910389   0.0000770554  -0.0000219328
        0.0000137925  -0.0000404196   0.0000409653  -0.0000387204   0.0000239632
        0.0000053107   0.0000151635   0.0000464787   0.0000117798   0.0000114823
       -0.0000146834  -0.0000129634  -0.0000250954  -0.0000409855  -0.0000287938
        0.0000224261  -0.0000170121  -0.0000087839   0.0000127488  -0.0000187124
        0.0000189845  -0.0000099479  -0.0000027142  -0.0005592249   0.0005585208
        0.0004949828   0.0012962785   0.0000565735  -0.0016014348   0.0008357258
       -0.0019538038   0.0047181939   0.0139125071  -0.0054067966  -0.0863720212
       -0.0478697467   0.0136760266   0.5162256716  -0.0216411210   0.0064602119
        0.0000119149  -0.0000206655  -0.0000882109   0.0000502764   0.0000014250
       -0.0000280880  -0.0000706816  -0.0000909169   0.0000574838  -0.0000275755
        0.0000045895   0.0000364392   0.0000046417  -0.0000047044   0.0000226931
       -0.0000090092  -0.0000041619  -0.0000059702  -0.0000070464   0.0000137789
        0.0000078724   0.0000054991   0.0000082422  -0.0000011334   0.0000007298
        0.0000008002  -0.0000002211  -0.0000029929   0.0000000657  -0.0000000096
        0.0000035234   0.0000039585  -0.0000023886   0.0000137279   0.0000045856
       -0.0000195105  -0.0000069227   0.0000165752  -0.0000061501  -0.0000144607
        0.0000175950  -0.0000362565   0.0000167353  -0.0000719378  -0.0001371233
        0.0001233755   0.0001562679  -0.0000327394   0.0003626866   0.0004035581
        0.0003438790   0.0007971174   0.0008884830  -0.0006021506  -0.0009571659
       -0.0048239747   0.0001303875  -0.0141249730  -0.0259461605   0.0083941595
       -0.1335173453   0.0684856577  -0.0948528677  -0.0469106314  -0.0100655309
       -0.0161843163  -0.2391207451   0.0245874074   0.0897709315  -0.0000271427
       -0.0000015168   0.0000240649  -0.0000107325   0.0000049907   0.0000013833
        0.0000544048   0.0000542976  -0.0000552734  -0.0000005642   0.0000096187
        0.0000302351  -0.0000081673  -0.0000106724   0.0000082166  -0.0000112195
       -0.0000848973   0.0000641668   0.0000360793   0.0000566139  -0.0000191945
       -0.0000065432  -0.0000403665   0.0000145780   0.0000157974  -0.0000121859
        0.0000079810   0.0000254404   0.0001946438  -0.0000661326  -0.0000179837
       -0.0001246755   0.0000025648  -0.0000034411   0.0000133312  -0.0000055948
        0.0000049872  -0.0000062493  -0.0000078200  -0.0000094202  -0.0000011851
        0.0000173847  -0.0000245779  -0.0000294670   0.0000157397   0.0000004317
       -0.0000013550  -0.0000014065  -0.0000043043  -0.0000006117  -0.0000027999
       -0.0000021275   0.0000015922   0.0000040051   0.0000022929  -0.0000021353
       -0.0000003508
        0.0000398052  -0.0001171571   0.0001372932  -0.0000492292   0.0000115126
       -0.0000242273   0.0000095392  -0.0000076539   0.0000192614  -0.0000097558
       -0.0000022655  -0.0000024155  -0.0000060499  -0.0000090504  -0.0000081855
        0.0000059044   0.0000007322   0.0000060541   0.0000127005   0.0000149692
        0.0000000236   0.0000050332   0.0000037676  -0.0000047904   0.0000033545
       -0.0000051207   0.0000055322  -0.0000123076  -0.0000291445  -0.0003843324
       -0.0003308836  -0.0005957642   0.0001604966   0.0022267144  -0.0014369436
        0.0021305456  -0.0026175750  -0.0195052372   0.0098060676  -0.0487861708
       -0.1748283714   0.0252401255  -0.0216411210   0.4733282630   0.0128335920
       -0.0000146262   0.0000058218   0.0000352582  -0.0000203647  -0.0000036445
       -0.0000110946   0.0000312884   0.0000317928  -0.0000138767   0.0000161106
        0.0000001510  -0.0000144417  -0.0000105656  -0.0000028936  -0.0000162237
        0.0000025964  -0.0000026366   0.0000020848   0.0000058112  -0.0000063145
       -0.0000026838   0.0000009527  -0.0000010717   0.0000031760   0.0000013353
       -0.0000011163  -0.0000010452   0.0000021659  -0.0000013159  -0.0000010232
       -0.0000022045  -0.0000022063   0.0000015195  -0.0000037452  -0.0000024870
        0.0000060690   0.0000022860  -0.0000049351   0.0000036629   0.0000436129
        0.0000196690   0.0000107155  -0.0000253437  -0.0000095468   0.0001327042
        0.0001298184  -0.0000619039  -0.0000579638  -0.0004616519   0.0010925270
       -0.0009534370  -0.0006341210   0.0004126781  -0.0003651113  -0.0088053068
       -0.0217064093   0.0014577683  -0.0023633575  -0.0008134755   0.0015482430
        0.0683797189  -0.0930860461   0.0705913852  -0.0098793946  -0.1165878150
       -0.1102914079   0.0247683393  -0.0460881272  -0.0119761275   0.0000114143
        0.0000061469   0.0000016919  -0.0000010509  -0.0000027299   0.0000135526
       -0.0000237363  -0.0000204766   0.0000122886   0.0000014610  -0.0000065894
       -0.0000120354   0.0000028048   0.0000031551  -0.0000052861   0.0000031109
        0.0000319990  -0.0000215991  -0.0000114969  -0.0000150786   0.0000059356
        0.0000043250   0.0000107968  -0.0000054070  -0.0000108373   0.0000047620
       -0.0000036270  -0.0000003222  -0.0000596081   0.0000336458   0.0000002862
        0.0000344010  -0.0000071170  -0.0000065911  -0.0000040525   0.0000022877
        0.0000029564   0.0000037276  -0.0000009045   0.0000034924  -0.0000000654
       -0.0000070762   0.0000081446   0.0000080163  -0.0000075776  -0.0000008628
        0.0000019305   0.0000009237   0.0000025409  -0.0000005791   0.0000001156
        0.0000011627   0.0000002250  -0.0000022939  -0.0000001143   0.0000007888
       -0.0000007090
       -0.0001426538   0.0002477447  -0.0001930684   0.0001482601  -0.0000417939
        0.0000064701  -0.0000182104   0.0000401721  -0.0000175841   0.0000405825
       -0.0000050825  -0.0000043937   0.0000163062   0.0000130157   0.0000079168
        0.0000053397   0.0000016287  -0.0000063783  -0.0000243205  -0.0000299452
       -0.0000054903  -0.0000209649  -0.0000036025   0.0000091420  -0.0000124030
        0.0000059252   0.0000034135  -0.0000381232  -0.0001280916   0.0005223743
        0.0004114257   0.0012482041  -0.0000050221  -0.0024612738   0.0019765199
       -0.0023768562   0.0042026450   0.0196064635  -0.0078583112   0.0139007798
        0.0254525072  -0.0728114175   0.0064602119   0.0128335920   0.5219110607
        0.0000190692  -0.0000325860  -0.0001073817   0.0000363699  -0.0000119120
       -0.0000153706  -0.0000774977  -0.0000886345   0.0000626979  -0.0000264598
        0.0000102586   0.0000456291   0.0000086110  -0.0000080503   0.0000206358
       -0.0000115331  -0.0000036624  -0.0000004130  -0.0000107936   0.0000107296
        0.0000088702   0.0000011403   0.0000092177   0.0000051722   0.0000006207
        0.0000022289   0.0000020342  -0.0000035961   0.0000012888  -0.0000023512
        0.0000051967   0.0000012619  -0.0000009414   0.0000103176  -0.0000003065
       -0.0000132825   0.0000099794   0.0000001662   0.0000005805  -0.0000002984
       -0.0000148164  -0.0000165613   0.0000246132  -0.0000402034  -0.0000857437
       -0.0000500185  -0.0000381488   0.0000547427   0.0005673677   0.0008945026
        0.0007281882   0.0004562974  -0.0003607053   0.0004061571  -0.0095275337
       -0.0224412692   0.0042179260   0.0074830482   0.0125863461  -0.0033715082
       -0.0948281925   0.0706940082  -0.1454133270  -0.0161963834  -0.1103960442
       -0.2086704028   0.0896556233  -0.0120576504  -0.0870459823  -0.0000278248
        0.0000042731   0.0000237635   0.0000016542   0.0000145626  -0.0000143467
        0.0000563949   0.0000431622  -0.0000572264  -0.0000027908   0.0000097870
        0.0000383389  -0.0000067605  -0.0000074621   0.0000122441  -0.0000203816
       -0.0000064521   0.0000161878   0.0000443238   0.0000024440  -0.0000072576
       -0.0000235702   0.0000044852   0.0000057669   0.0000031799   0.0000029293
        0.0000080738   0.0000146581   0.0000101092  -0.0000260942  -0.0000216038
       -0.0000022715   0.0000081219  -0.0000063588   0.0000003662  -0.0000066449
        0.0000000641   0.0000025895   0.0000038450  -0.0000015682  -0.0000028863
       -0.0000025539  -0.0000249730  -0.0000076259   0.0000047065   0.0000077203
       -0.0000011343  -0.0000002829  -0.0000043524  -0.0000020051  -0.0000011842
       -0.0000023773  -0.0000001252   0.0000032433   0.0000010170   0.0000019779
        0.0000000756
        0.0012692833   0.0003118919  -0.0003827350  -0.0008208300   0.0002628428
        0.0001897347   0.0000653315  -0.0007614032   0.0000480663   0.0001113289
        0.0000317340   0.0000803127   0.0001165368   0.0000309869   0.0000198920
       -0.0000881479  -0.0000309727   0.0000002053   0.0001523238  -0.0000539619
       -0.0002287779  -0.0000492443   0.0000235224   0.0000469132  -0.0000428515
        0.0000089011  -0.0000410361  -0.0014551850  -0.0000439284   0.0001725140
        0.0001933691   0.0000550410   0.0000912503  -0.0002970529   0.0003282049
       -0.0000377331  -0.0000189520  -0.0001683820   0.0000511389  -0.0000848795
       -0.0000303062   0.0000216029   0.0000119149  -0.0000146262   0.0000190692
        0.4960609634  -0.0657850055   0.0828264291  -0.0150489699  -0.0079916868
       -0.0017282931  -0.0011710991  -0.0002866823   0.0006768426  -0.3894632983
       -0.0744130448  -0.0327429981   0.0000350564   0.0004421373   0.0000842067
        0.0000740233   0.0000167552   0.0000084380  -0.0000221252   0.0000528860
        0.0000708313   0.0000423673   0.0000911014   0.0001249083  -0.0000156601
        0.0000310373   0.0000225780   0.0000088503  -0.0000154331  -0.0000009207
        0.0000136810   0.0000257752  -0.0000027274   0.0000352867  -0.0000016355
       -0.0000512492   0.0000163181   0.0000062934  -0.0000230332   0.0001617619
       -0.0001330726   0.0000073524   0.0002230069   0.0000377896  -0.0001396838
        0.0000870920  -0.0001038772  -0.0000113353  -0.0000656581   0.0000542359
        0.0000186055   0.0000958694   0.0000148768  -0.0000816911   0.0000037233
       -0.0000009902   0.0000114353   0.0000467032  -0.0000186474  -0.0000035822
        0.0000070030  -0.0000258328   0.0000232475  -0.0000135621   0.0000138208
       -0.0000014838   0.0000235760   0.0000104230  -0.0000215900  -0.0014933395
        0.0024406696   0.0018532843  -0.0006278254  -0.0006032274  -0.0010225288
        0.0017058907  -0.0016095281  -0.0011869820  -0.0895037728   0.1476210124
       -0.0490154821  -0.0002161840   0.0001938269   0.0001141448  -0.0000568310
       -0.0000796414   0.0001251331   0.0001793354  -0.0000111733  -0.0000594710
       -0.0000923303   0.0000287149   0.0000506246   0.0000318511  -0.0000055777
        0.0000458352   0.0000045633   0.0001332558  -0.0001792788  -0.0000482210
       -0.0000450836   0.0000963289  -0.0000104838  -0.0000020097  -0.0000163132
       -0.0000031824   0.0000113420   0.0000072731   0.0000032588  -0.0000071685
        0.0000007087  -0.0000765342  -0.0000190141   0.0000589053   0.0000223556
       -0.0000142206  -0.0000120127  -0.0000111311  -0.0000017612   0.0000039298
       -0.0000069980  -0.0000022714   0.0000193810   0.0000017239   0.0000010872
       -0.0000001840
        0.0004813531   0.0013328781  -0.0018725939  -0.0009213083   0.0002727156
        0.0003950780   0.0002211554   0.0001949985  -0.0002046618  -0.0001318012
       -0.0000366841  -0.0000226323  -0.0000419643   0.0000143795   0.0000480847
       -0.0000628232   0.0000335498  -0.0000294234   0.0000772633  -0.0000604591
        0.0000120487   0.0000331675  -0.0000001699  -0.0000149750   0.0000278191
       -0.0000436691   0.0000010763  -0.0000553053  -0.0025882803   0.0004999769
        0.0002523521   0.0006976795   0.0003626546   0.0003055987  -0.0005456397
        0.0000329664  -0.0000294923   0.0002474745  -0.0001027772   0.0000869123
        0.0000198314  -0.0000673222  -0.0000206655   0.0000058218  -0.0000325860
       -0.0657850055   0.4311094428  -0.1140446003  -0.0063109986   0.0004405249
       -0.0006799466  -0.0002359501   0.0001540751   0.0013530870  -0.0394414376
       -0.0511919141   0.0054352509  -0.0001813647  -0.0003342819  -0.0001047392
        0.0000909075  -0.0000110899   0.0000144554   0.0000315368  -0.0000190892
       -0.0000126405   0.0000074440  -0.0000185799   0.0000094294  -0.0000004788
        0.0000069031   0.0000076806   0.0000058641  -0.0000063256   0.0000000082
        0.0000004030  -0.0000004234  -0.0000013352  -0.0000270836  -0.0000100177
        0.0000422720  -0.0000046910  -0.0000221775  -0.0000080062   0.0001728226
       -0.0001564257  -0.0000322906  -0.0000410948   0.0000546761  -0.0001424285
       -0.0001092662   0.0000196023  -0.0000807911   0.0000576752   0.0002246565
       -0.0000186472  -0.0000500779   0.0000069582  -0.0000138008   0.0000146284
        0.0000102584   0.0000653754  -0.0000068250  -0.0000090923   0.0000006213
        0.0000153366  -0.0000006158   0.0000049891   0.0000053959   0.0000357716
        0.0000113250  -0.0000128831  -0.0000003187  -0.0000038065   0.0008009148
        0.0008782533   0.0005833550   0.0003250298  -0.0006333077  -0.0001385831
       -0.0002042959  -0.0006955502  -0.0008760104   0.1106664753  -0.3794267479
        0.1097199849  -0.0000310358  -0.0000106123  -0.0000830400   0.0000308428
        0.0001178808  -0.0000794170  -0.0001043862  -0.0000854172   0.0000340759
        0.0000378005   0.0000586430  -0.0000228460  -0.0000074636   0.0000135255
       -0.0000024359  -0.0000650272  -0.0002585706   0.0000423055   0.0000608345
        0.0001568798   0.0000340057   0.0000077256  -0.0000128207   0.0000051579
       -0.0000031998   0.0000007714   0.0000077991   0.0000002268   0.0000068666
       -0.0000100088   0.0000679883   0.0000563594  -0.0000150969  -0.0000088027
        0.0000045911  -0.0000037776   0.0000111678   0.0000049566   0.0000029612
        0.0000039296  -0.0000021871  -0.0000064235  -0.0000058428  -0.0000004576
        0.0000016181
       -0.0001768115  -0.0004201155  -0.0020362857  -0.0008377700   0.0005622970
        0.0004854062   0.0006467262   0.0002957694   0.0003341700  -0.0003139094
       -0.0002267825  -0.0001758091  -0.0001532287  -0.0001272056  -0.0000862977
        0.0001502660   0.0000292587   0.0000746830   0.0000971254   0.0001509173
        0.0000408369   0.0000994140   0.0000220349  -0.0000960574   0.0001044749
       -0.0000908819  -0.0000475425  -0.0000012459  -0.0014266106   0.0013975856
       -0.0006211035   0.0011390915  -0.0006601034   0.0002724431  -0.0017882875
       -0.0002259757   0.0000032826   0.0006523642  -0.0000070142   0.0002775996
       -0.0000614818   0.0000378149  -0.0000882109   0.0000352582  -0.0001073817
        0.0828264291  -0.1140446003   0.0499667926  -0.0009727209  -0.0001081125
        0.0041006861   0.0007879952   0.0014496538  -0.0002220790  -0.0415581364
        0.0010368526  -0.0146691065  -0.0007696605  -0.0004449574  -0.0007133901
        0.0002428430   0.0000464559  -0.0000104112   0.0001191669  -0.0001075948
       -0.0001081540  -0.0000216193  -0.0000961267  -0.0000838941   0.0000191571
       -0.0000242036  -0.0000274889   0.0000631956  -0.0000071146   0.0000307889
       -0.0000363320  -0.0000201980   0.0000079821  -0.0001131171   0.0000133038
        0.0001276661  -0.0000847791  -0.0000128033  -0.0000112247   0.0004573063
       -0.0000197526  -0.0005269761  -0.0000193667   0.0000626430   0.0001770575
        0.0001883253  -0.0001083013  -0.0000622219   0.0001471446   0.0001635739
       -0.0000310522  -0.0000474972  -0.0000038740   0.0000258738  -0.0000103397
        0.0000033116   0.0000387462  -0.0000252547  -0.0000139053  -0.0000093257
       -0.0000091510   0.0000911077  -0.0000530771   0.0000221568   0.0000280682
        0.0000283610   0.0000009901  -0.0000166090   0.0000156736   0.0005388355
        0.0000009266  -0.0015285031  -0.0013549777  -0.0007966095  -0.0000053907
       -0.0008205047  -0.0007200845   0.0010240082  -0.0393301713   0.1146428256
       -0.0361795473   0.0000732249   0.0002170696  -0.0002191736   0.0002129056
        0.0001646086  -0.0001758136  -0.0004742681   0.0000518988   0.0000559206
        0.0002432117  -0.0000825463  -0.0000172402  -0.0000061903   0.0000069926
       -0.0000237648  -0.0002318445  -0.0004126172   0.0001937155   0.0002503831
        0.0002197853  -0.0000152547   0.0000293713   0.0000143847   0.0000370256
        0.0000017717  -0.0000232514  -0.0000101890  -0.0000097646   0.0000161138
       -0.0000014190   0.0002222496   0.0000634556  -0.0000393291  -0.0000558825
        0.0000216965  -0.0000003400   0.0000368973   0.0000179222   0.0000075978
        0.0000188582  -0.0000003441  -0.0000233443  -0.0000098926  -0.0000146694
        0.0000017862
        0.0000517968  -0.0006730693   0.0011652387   0.0005201637  -0.0002256372
       -0.0003981525  -0.0001283524  -0.0002992655  -0.0001022766   0.0001077254
        0.0000428355   0.0000566146   0.0001317525   0.0000394709   0.0000218284
       -0.0000451469  -0.0000618491  -0.0000254166  -0.0000286984  -0.0000383882
       -0.0000209278  -0.0000338704  -0.0000109131   0.0000346911  -0.0000595787
        0.0000402172  -0.0000302955  -0.0005597625   0.0012277247  -0.0003814642
        0.0003121896  -0.0005555330  -0.0000957437  -0.0002472729   0.0006422251
        0.0001453096   0.0000436306  -0.0002872460  -0.0000089245  -0.0001989250
        0.0000167295  -0.0000392764   0.0000502764  -0.0000203647   0.0000363699
       -0.0150489699  -0.0063109986  -0.0009727209   0.1532280874  -0.0690161730
       -0.2204987483  -0.0002098960   0.0002672678  -0.0015621553   0.0002584022
        0.0037566945  -0.0007379011   0.0002777879   0.0001904685  -0.0000700443
       -0.0000122936  -0.0000002629  -0.0000114319  -0.0000385452   0.0000722603
        0.0000709800   0.0000264366   0.0000876759   0.0000648377  -0.0000103216
        0.0000274494   0.0000181838   0.0000008358  -0.0000019427  -0.0000063033
        0.0000148834   0.0000230943  -0.0000076409   0.0000565975   0.0000035553
       -0.0000770059   0.0000266900   0.0000101363  -0.0000249576  -0.0007019457
       -0.0002153550   0.0002553734   0.0000543964   0.0000153438  -0.0001170876
       -0.0001202979  -0.0000471819  -0.0000753934  -0.0000539965   0.0000365086
        0.0000042432   0.0000655280   0.0000156503  -0.0000318039   0.0000104357
        0.0000076389   0.0000474056   0.0000537351  -0.0000317158  -0.0000197943
        0.0000160732  -0.0000586958   0.0000425358  -0.0000093604   0.0000260076
       -0.0000121092   0.0000248590   0.0000191515  -0.0000314093  -0.0547981809
        0.1057021042   0.0448741306  -0.0838278455  -0.0428046657   0.1719729271
        0.0013423487   0.0074045099   0.0051535136   0.0009609576  -0.0005194177
        0.0002359901  -0.0014108926   0.0015734471   0.0010900594  -0.0000895184
       -0.0001458241   0.0001622120   0.0002607838   0.0000077769  -0.0000775466
       -0.0001244128   0.0000202615   0.0000563916   0.0000342793  -0.0000133814
        0.0000518167   0.0000572139   0.0002772875  -0.0002191638  -0.0000983692
       -0.0001284400   0.0000712878  -0.0000167774  -0.0000043933  -0.0000242064
       -0.0000043941   0.0000098545   0.0000064391   0.0000032996  -0.0000162007
        0.0000000828  -0.0001190209  -0.0000455193   0.0000626958   0.0000283295
       -0.0000213532  -0.0000202688  -0.0000172615  -0.0000064447  -0.0000087103
       -0.0000111145  -0.0000059838   0.0000168718   0.0000055263   0.0000028684
       -0.0000091493
        0.0016140650   0.0028246857  -0.0013876668  -0.0010533745   0.0000856909
        0.0000528110  -0.0000063777  -0.0000175041  -0.0000301827   0.0000292275
       -0.0000346446  -0.0000012114   0.0000375487   0.0000583754   0.0000670144
       -0.0001720170   0.0000523143  -0.0000155420   0.0000191939  -0.0001417647
       -0.0001960304   0.0000089185   0.0000014018   0.0000103088  -0.0000029401
       -0.0000162483  -0.0000057005   0.0008491797  -0.0019659011  -0.0000193305
        0.0000077726   0.0006583446   0.0001479318   0.0004514575  -0.0002223347
       -0.0000738794  -0.0000524172   0.0001186514  -0.0000768893   0.0000674663
        0.0000037875  -0.0000731378   0.0000014250  -0.0000036445  -0.0000119120
       -0.0079916868   0.0004405249  -0.0001081125  -0.0690161730   0.3797453055
        0.0165062310  -0.0029878089  -0.0034628543   0.0019917673   0.0041156253
       -0.0027543502  -0.0003788696   0.0001380243   0.0000397910   0.0000309226
        0.0000163325   0.0000057355   0.0000197122  -0.0000160021   0.0000181460
        0.0000330720   0.0000344487   0.0000547661   0.0001328912  -0.0000127230
        0.0000155553   0.0000167113   0.0000002924  -0.0000071601  -0.0000035294
        0.0000060938   0.0000091380  -0.0000021833  -0.0000038661  -0.0000128540
        0.0000071731   0.0000063006  -0.0000156945  -0.0000084989  -0.0004233005
       -0.0003088447  -0.0001299972  -0.0001839571  -0.0000278138  -0.0000122309
       -0.0001828584   0.0001754539  -0.0001063576   0.0000529233   0.0000938916
        0.0000122588  -0.0000835009  -0.0000223251   0.0000346891   0.0000108960
        0.0000124650   0.0000369843  -0.0000476321   0.0000253667  -0.0000083135
        0.0000132517  -0.0000129427   0.0000051248   0.0000105722   0.0000237830
        0.0000063852  -0.0000254249  -0.0000030806   0.0000042494   0.0896625035
       -0.3010686406  -0.0746372479  -0.0263131224  -0.0591199388   0.0694125167
        0.0095745228  -0.0137303662  -0.0109958033   0.0000016998  -0.0004678815
       -0.0002390749   0.0018432715  -0.0010710336  -0.0000106427  -0.0000046409
        0.0000691471  -0.0000273406  -0.0000074505  -0.0000980323   0.0000138289
       -0.0000086084   0.0000735104  -0.0000073676   0.0000023356   0.0000089810
        0.0000076759  -0.0000324395  -0.0001570284  -0.0000074425   0.0000259667
        0.0001021302   0.0000365035   0.0000040316  -0.0000152665  -0.0000062352
       -0.0000056773   0.0000040313   0.0000093442   0.0000032767   0.0000041036
       -0.0000099666   0.0000231432   0.0000409716  -0.0000018183   0.0000015720
       -0.0000027857  -0.0000055121   0.0000037591   0.0000001865   0.0000022257
        0.0000010498  -0.0000045621  -0.0000004009  -0.0000041484  -0.0000007380
        0.0000000947
        0.0013196846   0.0007933174  -0.0003235355  -0.0006929277   0.0001319797
       -0.0000164436   0.0001593070  -0.0002405877   0.0000450549  -0.0000096248
       -0.0000306290   0.0000166769  -0.0000505395   0.0000219850   0.0000248855
       -0.0000828316   0.0000311822   0.0000472193   0.0001601450  -0.0000680346
       -0.0001470002   0.0000314368   0.0000308281  -0.0000069614   0.0000305164
       -0.0000280365  -0.0000294278  -0.0009642210  -0.0006780791  -0.0002225951
        0.0001066555   0.0003318086  -0.0000435490   0.0000206724  -0.0003724611
        0.0000175167  -0.0000352807   0.0001429598  -0.0000355769   0.0000598823
       -0.0000413534   0.0000181767  -0.0000280880  -0.0000110946  -0.0000153706
       -0.0017282931  -0.0006799466   0.0041006861  -0.2204987483   0.0165062310
        0.4443377914  -0.0014454387  -0.0007699034  -0.0001095110   0.0000266716
        0.0006784991  -0.0059053990   0.0000836917   0.0000723841  -0.0000369620
        0.0000646918   0.0000248387   0.0000138203   0.0000215948  -0.0000170531
       -0.0000089059  -0.0000027072   0.0000363836   0.0000650799  -0.0000069647
        0.0000026938   0.0000011278   0.0000286746  -0.0000071125   0.0000118574
       -0.0000040000  -0.0000024219   0.0000030793  -0.0000328566   0.0000048355
        0.0000297319  -0.0000293061  -0.0000009075  -0.0000096894   0.0003237274
       -0.0000604538  -0.0000759140   0.0001230215   0.0000571376  -0.0001125136
       -0.0000184577  -0.0001374269  -0.0000272563   0.0000357626   0.0000772238
        0.0000252076   0.0000185067  -0.0000003003  -0.0000168118  -0.0000075317
       -0.0000037028   0.0000422168  -0.0000026964  -0.0000367198   0.0000047870
       -0.0000088493   0.0000082802  -0.0000011455   0.0000008062   0.0000153075
        0.0000276636   0.0000029846  -0.0000029807   0.0000039331   0.0499439174
       -0.1077424359  -0.0725179262   0.1662607141   0.1010045735  -0.3671948316
        0.0050130637  -0.0090452612  -0.0010692544   0.0009010850  -0.0002384993
       -0.0006924725   0.0008724515   0.0002008582  -0.0002584015   0.0000610907
        0.0000346593  -0.0000269981  -0.0001365825   0.0000176080   0.0000111612
        0.0000707597  -0.0000194658   0.0000032586   0.0000096096   0.0000046048
        0.0000142423  -0.0000924582  -0.0001127443   0.0000078676   0.0000830315
        0.0000699421   0.0000234660   0.0000092149   0.0000018599   0.0000053364
       -0.0000073534  -0.0000054374   0.0000033934  -0.0000093661   0.0000035377
        0.0000037164   0.0000615527   0.0000213155   0.0000002934  -0.0000200700
        0.0000097699  -0.0000026316   0.0000093488   0.0000109252   0.0000025922
        0.0000041061   0.0000041562  -0.0000028727  -0.0000031858   0.0000013632
       -0.0000018823
        0.0001936929   0.0039072224  -0.0063809336  -0.0045990368   0.0019893995
        0.0005495322   0.0004581107  -0.0002295852   0.0002049034  -0.0004539797
       -0.0001647230   0.0001219635  -0.0001945044  -0.0000430045  -0.0000205022
       -0.0002596551   0.0001790622   0.0002865541   0.0000929438  -0.0000960597
        0.0001865884   0.0000907757   0.0000928405  -0.0000676457   0.0001346491
       -0.0000904727   0.0000022899   0.0042416302  -0.0027205878  -0.0009884226
       -0.0006872276   0.0030436954   0.0008081118   0.0005688091  -0.0012000303
       -0.0001061915  -0.0001788895   0.0006143733  -0.0002012434   0.0002980160
        0.0000253179   0.0000395303  -0.0000706816   0.0000312884  -0.0000774977
       -0.0011710991  -0.0002359501   0.0007879952  -0.0002098960  -0.0029878089
       -0.0014454387   0.1728508391   0.1202746455  -0.1102549450   0.0012364848
        0.0008687075   0.0000337301  -0.0000000338  -0.0000346982  -0.0000838657
        0.0001202340   0.0000717435   0.0000276480   0.0000606811  -0.0001109280
       -0.0001231601   0.0000172964  -0.0000058678  -0.0002135779  -0.0000026137
       -0.0000293711  -0.0000246718   0.0000419076  -0.0000021938   0.0000254165
       -0.0000243043  -0.0000292033   0.0000068029  -0.0001026001   0.0000044616
        0.0001353714  -0.0000530967  -0.0000204522   0.0000125916  -0.0007356553
        0.0008130639  -0.0006132887  -0.0002633753  -0.0002897575   0.0001102909
       -0.0000397439   0.0001101598   0.0000631197   0.0000942195   0.0000819365
        0.0000159632  -0.0000585400  -0.0000525202   0.0000205727  -0.0000078619
       -0.0000207059  -0.0000236126  -0.0000450480   0.0000016972   0.0000278106
       -0.0000191027   0.0000722096  -0.0000489263   0.0000125525  -0.0000058807
        0.0000202549  -0.0000004647  -0.0000224461   0.0000184513  -0.0029674301
        0.0038629468   0.0050952824   0.0000295719   0.0005845762   0.0001323178
       -0.1523155040  -0.1129546561   0.1024305150   0.0005868115   0.0000320698
       -0.0004169007  -0.0168298210  -0.0153866723   0.0100310104   0.0001803987
        0.0001845562  -0.0002171829  -0.0004315714   0.0000561947   0.0000785027
        0.0002144094  -0.0000736106  -0.0000535038  -0.0000335981   0.0000154295
       -0.0000690642  -0.0001209089  -0.0003822146   0.0002855220   0.0001599001
        0.0001806261  -0.0000732108   0.0000206298   0.0000089988   0.0000372033
        0.0000004392  -0.0000215825  -0.0000092803  -0.0000119320   0.0000159861
       -0.0000015955   0.0001995524   0.0000561674  -0.0000723480  -0.0000506538
        0.0000253405   0.0000132605   0.0000300069   0.0000122207   0.0000035083
        0.0000149636   0.0000033681  -0.0000303377  -0.0000106963  -0.0000093225
        0.0000047323
        0.0039703445   0.0012263880  -0.0062069813  -0.0042993667   0.0040137419
       -0.0000300337   0.0015201430  -0.0002358016   0.0005776718  -0.0004237744
       -0.0001377118   0.0003658911  -0.0000903478  -0.0001680561  -0.0001516073
       -0.0000499947  -0.0000734796   0.0002576616   0.0008070514  -0.0005874413
        0.0001319088   0.0000469300   0.0001140727  -0.0000942217   0.0001307156
       -0.0000649100  -0.0000413094   0.0021522581  -0.0059818266   0.0004893158
       -0.0003640261   0.0024281663   0.0007099506   0.0004636717  -0.0014731541
       -0.0000995043  -0.0001742927   0.0006474592  -0.0001593342   0.0003245743
       -0.0000078462   0.0000705893  -0.0000909169   0.0000317928  -0.0000886345
       -0.0002866823   0.0001540751   0.0014496538   0.0002672678  -0.0034628543
       -0.0007699034   0.1202746455   0.1111896195  -0.0768904247   0.0007837594
        0.0001672720  -0.0008146325  -0.0001307912  -0.0000354819  -0.0002563794
        0.0001324066   0.0000669328  -0.0000300962   0.0000718303  -0.0000965292
       -0.0001534067  -0.0001255900  -0.0000614957  -0.0005710591   0.0000048773
       -0.0000368328  -0.0000444384   0.0000495027   0.0000059865   0.0000376013
       -0.0000316807  -0.0000330983   0.0000137414  -0.0000858229   0.0000371251
        0.0000997350  -0.0000627472  -0.0000004552   0.0000085058   0.0003353004
       -0.0012975680  -0.0000793355  -0.0000171431  -0.0000715021  -0.0000565567
        0.0000278151   0.0000055200   0.0000268059   0.0001079920   0.0001078955
        0.0000220174   0.0000012805  -0.0000203718  -0.0000184494  -0.0000181317
       -0.0000232053  -0.0000240149  -0.0000252429  -0.0000157474   0.0000245371
       -0.0000214524   0.0000924108  -0.0000599107   0.0000150955   0.0000007094
        0.0000252015   0.0000202995  -0.0000152039   0.0000102164  -0.0005357470
        0.0065611295   0.0008958195  -0.0000934744   0.0000590796   0.0002358376
       -0.1065179450  -0.0997090718   0.0714635788   0.0000187511   0.0002684155
       -0.0005523617  -0.0182232315  -0.0135721400   0.0103072112   0.0001828542
        0.0000844838  -0.0001287061  -0.0003902486   0.0001775550   0.0000433993
        0.0001985752  -0.0001661837  -0.0000195046  -0.0000102591   0.0000047596
       -0.0000427136  -0.0001386845  -0.0002142695   0.0001943894   0.0001589621
        0.0000803260  -0.0000572363   0.0000163457   0.0000269668   0.0000350189
        0.0000047806  -0.0000262403  -0.0000169179  -0.0000155673   0.0000101279
        0.0000108180   0.0001485922   0.0000009077  -0.0000425743  -0.0000391046
        0.0000218333   0.0000085562   0.0000211539   0.0000102162   0.0000025931
        0.0000101548   0.0000039477  -0.0000214971  -0.0000056653  -0.0000104376
        0.0000035190
       -0.0047727478  -0.0050703368  -0.0002769560   0.0037964298  -0.0025403507
        0.0008693607  -0.0008942493   0.0005543616  -0.0004764645   0.0002167313
        0.0002411586  -0.0002267661   0.0000762210   0.0000042907  -0.0000164447
        0.0002472648  -0.0001157735  -0.0003848668  -0.0002868348   0.0004415888
        0.0003283654  -0.0000827358  -0.0001379479   0.0000526068  -0.0001191462
        0.0000776349   0.0000497286  -0.0029149894   0.0037553665   0.0008464723
        0.0007541295  -0.0025502989   0.0004478394  -0.0004870110   0.0012524626
        0.0001181971   0.0000937742  -0.0005739388   0.0000255445  -0.0002545530
        0.0000358699  -0.0000268988   0.0000574838  -0.0000138767   0.0000626979
        0.0006768426   0.0013530870  -0.0002220790  -0.0015621553   0.0019917673
       -0.0001095110  -0.1102549450  -0.0768904247   0.1339581536   0.0000605354
       -0.0012571880   0.0000207193  -0.0001468971  -0.0002600350   0.0000479133
       -0.0001072278  -0.0001059855  -0.0000033112  -0.0000334884   0.0000498813
        0.0000834960   0.0000766696  -0.0002782119  -0.0000961238   0.0000207064
        0.0000168964   0.0000231713  -0.0000669830   0.0000022577  -0.0000379365
        0.0000186889   0.0000206368  -0.0000096512   0.0000909675  -0.0000197882
       -0.0000943209   0.0000608632   0.0000102774   0.0000052084   0.0002691412
        0.0002845007   0.0000259961   0.0001374958   0.0001536199   0.0000057321
        0.0000661751  -0.0000495772   0.0000316106  -0.0001003299  -0.0001484258
       -0.0000307613   0.0000340266   0.0000396393   0.0000035281   0.0000092037
        0.0000184996  -0.0000067075   0.0000336196   0.0000124543  -0.0000227550
        0.0000158677  -0.0000553646   0.0000391823  -0.0000130372  -0.0000096388
       -0.0000263968  -0.0000049184   0.0000158922  -0.0000100986   0.0040855525
       -0.0024416264  -0.0018854333   0.0004023606  -0.0004334372  -0.0000019966
        0.1282002127   0.0953709842  -0.1487334620  -0.0009237937  -0.0005032856
       -0.0006124400  -0.0163518428  -0.0122227152   0.0162693476  -0.0001690016
       -0.0001028149   0.0001179316   0.0003798165  -0.0001216295  -0.0000387192
       -0.0001902110   0.0001134990   0.0000078531   0.0000023241  -0.0000084844
        0.0000174574   0.0001617573   0.0002757736  -0.0001444961  -0.0001696091
       -0.0001346734   0.0000154466  -0.0000190462  -0.0000083950  -0.0000221305
        0.0000066218   0.0000203899   0.0000022327   0.0000130742  -0.0000088250
       -0.0000046620  -0.0001574454  -0.0000247550   0.0000313781   0.0000433762
       -0.0000199432  -0.0000013095  -0.0000231684  -0.0000119016  -0.0000019018
       -0.0000100204  -0.0000014932   0.0000181605   0.0000084544   0.0000083526
       -0.0000007306
       -0.0008993902  -0.0003807624  -0.0003455994  -0.0001842664   0.0001904509
        0.0002979502   0.0000864238   0.0000425768  -0.0000937501  -0.0000674968
        0.0000604586   0.0000532786  -0.0001141749  -0.0000460037  -0.0000497950
        0.0000524451   0.0000345531   0.0000241831   0.0000971183   0.0000773323
        0.0001123332   0.0000324806   0.0000211718  -0.0000153108   0.0000370556
       -0.0000191809   0.0000166626   0.0008131695  -0.0001469190   0.0011895493
       -0.0005000460   0.0001051532   0.0000272575   0.0001697347  -0.0004965384
       -0.0000467746   0.0000039190   0.0002058058   0.0000326868   0.0001160997
       -0.0000011738   0.0000139961  -0.0000275755   0.0000161106  -0.0000264598
       -0.3894632983  -0.0394414376  -0.0415581364   0.0002584022   0.0041156253
        0.0000266716   0.0012364848   0.0007837594   0.0000605354   0.4056431930
        0.0332975806   0.0446212517  -0.0002674228  -0.0001684798  -0.0001399678
        0.0000734192  -0.0000083931   0.0000094640   0.0000478843  -0.0000505516
       -0.0000443926  -0.0000317338  -0.0000440234  -0.0000464341   0.0000042380
       -0.0000163355  -0.0000082986   0.0000172606   0.0000002436   0.0000045958
       -0.0000027608  -0.0000110896  -0.0000025743  -0.0000319864   0.0000010411
        0.0000431005  -0.0000145713  -0.0000032535   0.0000096656   0.0002714797
        0.0000649599  -0.0007016781  -0.0000272263   0.0000252693   0.0000868461
        0.0001180275   0.0000391847  -0.0000202684   0.0000467666  -0.0000310959
       -0.0000063122  -0.0000324554   0.0000133614   0.0000178941  -0.0000053785
       -0.0000061060  -0.0000210422  -0.0000234737   0.0000134348   0.0000117270
       -0.0000059596   0.0000387301  -0.0000268047   0.0000112051  -0.0000145048
        0.0000049737  -0.0000117987  -0.0000074768   0.0000156881   0.0032874491
       -0.0039406120  -0.0029625490   0.0010371828   0.0010336768   0.0021281785
       -0.0026595485   0.0019303377   0.0011332408  -0.0193479976   0.0030112922
       -0.0034290576   0.0001832552  -0.0003042934  -0.0002861987   0.0000561006
        0.0000602902  -0.0000929614  -0.0001408754   0.0000051833   0.0000403362
        0.0000750951  -0.0000200770  -0.0000363318  -0.0000209018   0.0000019798
       -0.0000327752  -0.0000242903  -0.0001161569   0.0001225495   0.0000531703
        0.0000493153  -0.0000562272   0.0000063948   0.0000031623   0.0000144553
        0.0000028980  -0.0000101551  -0.0000058499  -0.0000027579   0.0000067823
       -0.0000006228   0.0000704585   0.0000217251  -0.0000427819  -0.0000196589
        0.0000093681   0.0000063665   0.0000124424   0.0000041031  -0.0000049439
        0.0000065144   0.0000024963  -0.0000186472  -0.0000007226  -0.0000018952
       -0.0000028921
       -0.0004460892  -0.0012557477   0.0008194665   0.0006348800  -0.0001461251
       -0.0001856018  -0.0000782116  -0.0001012303  -0.0000176235   0.0000036261
        0.0000303796   0.0000162344  -0.0000319731   0.0000001501  -0.0000127150
        0.0000581629  -0.0000073996   0.0000315480  -0.0000275472   0.0000821165
        0.0000727525  -0.0000079487   0.0000091291   0.0000009361  -0.0000037945
        0.0000121719  -0.0000041257  -0.0001052609   0.0016389236  -0.0003377438
       -0.0002905030  -0.0004916297  -0.0001752291  -0.0004545359   0.0002274921
        0.0000498257   0.0000705998  -0.0001667347   0.0000699514  -0.0000396511
       -0.0000179163   0.0000615790   0.0000045895   0.0000001510   0.0000102586
       -0.0744130448  -0.0511919141   0.0010368526   0.0037566945  -0.0027543502
        0.0006784991   0.0008687075   0.0001672720  -0.0012571880   0.0332975806
        0.0509722209  -0.0051310043   0.0001303037   0.0000159988  -0.0001023370
       -0.0000155454   0.0000054995  -0.0000060479  -0.0000025973  -0.0000010921
       -0.0000073020  -0.0000179016  -0.0000061775  -0.0000249329  -0.0000006765
       -0.0000058560  -0.0000066538   0.0000023134   0.0000037576   0.0000038733
       -0.0000005441  -0.0000026116  -0.0000004694   0.0000040389   0.0000080000
       -0.0000068177  -0.0000037756   0.0000098899   0.0000027719   0.0000594484
        0.0004684240  -0.0000459073   0.0001216900  -0.0000559482   0.0000688993
        0.0002439910  -0.0001450468   0.0001288415  -0.0000634028  -0.0001325515
       -0.0000024208   0.0000800832   0.0000363197  -0.0000452990  -0.0000058581
       -0.0000055013  -0.0000420596   0.0000326836  -0.0000119983   0.0000127353
       -0.0000075011   0.0000157536  -0.0000116816  -0.0000051072  -0.0000222487
       -0.0000061298   0.0000159413   0.0000062707  -0.0000036517  -0.0016218740
       -0.0036178936  -0.0021370129  -0.0005765831   0.0011492745   0.0006447945
       -0.0009221336   0.0011526234   0.0011368288   0.0395455417   0.0041348730
        0.0046175746   0.0002055846   0.0000166433   0.0001113913   0.0000041199
       -0.0000425346   0.0000202720   0.0000052143   0.0000504893  -0.0000072832
        0.0000034606  -0.0000376854   0.0000049035   0.0000011753  -0.0000046866
       -0.0000019492   0.0000144345   0.0000895941  -0.0000033977  -0.0000083464
       -0.0000603185  -0.0000184723  -0.0000004067   0.0000085961   0.0000010731
        0.0000025535  -0.0000038565  -0.0000045279  -0.0000025589  -0.0000017748
        0.0000066688  -0.0000130547  -0.0000227987   0.0000012560   0.0000013409
        0.0000002936   0.0000006910  -0.0000029627  -0.0000005781  -0.0000030036
       -0.0000015077   0.0000016390  -0.0000001575   0.0000021377   0.0000002595
       -0.0000017327
       -0.0001860143  -0.0003122719   0.0001657051   0.0004777816  -0.0003110100
       -0.0002642603  -0.0002456258   0.0000794907  -0.0001825817   0.0000579569
        0.0000228544   0.0000045480   0.0000648827   0.0000457309   0.0000334210
       -0.0000273372  -0.0000056728  -0.0000285157  -0.0001251424  -0.0000389729
        0.0000501989  -0.0000424894  -0.0000177112   0.0000229025  -0.0000391990
        0.0000296476   0.0000260750   0.0011007168   0.0005117695  -0.0008514982
        0.0002028913  -0.0001523924  -0.0000497599   0.0000607890   0.0006292569
        0.0000487883  -0.0000343949  -0.0002610273   0.0000044495  -0.0001070334
        0.0000320609  -0.0000193390   0.0000364392  -0.0000144417   0.0000456291
       -0.0327429981   0.0054352509  -0.0146691065  -0.0007379011  -0.0003788696
       -0.0059053990   0.0000337301  -0.0008146325   0.0000207193   0.0446212517
       -0.0051310043   0.0212754896   0.0001308641   0.0000969229   0.0002450750
       -0.0000937734  -0.0000178909   0.0000049372  -0.0000489794   0.0000375053
        0.0000313345   0.0000060271   0.0000099886   0.0000074479  -0.0000025713
        0.0000037122   0.0000071134  -0.0000262324   0.0000030649  -0.0000114946
        0.0000130231   0.0000082610  -0.0000032408   0.0000431158  -0.0000088718
       -0.0000469639   0.0000354894   0.0000027729   0.0000062807  -0.0008054167
       -0.0000555425  -0.0008150473  -0.0001678923  -0.0000934200   0.0000143259
       -0.0001767157   0.0002056169   0.0000031474  -0.0000569445  -0.0000868279
        0.0000101437  -0.0000179591  -0.0000226965   0.0000220516   0.0000035165
       -0.0000021758  -0.0000227820  -0.0000019844   0.0000171800   0.0000029019
        0.0000030351  -0.0000406250   0.0000243501  -0.0000102545  -0.0000159521
       -0.0000126743  -0.0000053803   0.0000022737  -0.0000025536  -0.0006948705
       -0.0010129628   0.0014169795   0.0023388200   0.0014184089  -0.0000680300
        0.0000562664   0.0006171308  -0.0006222492  -0.0128078985  -0.0001957338
       -0.0000367623   0.0000082789  -0.0002094513   0.0001224664  -0.0000838425
       -0.0000458154   0.0000574037   0.0001756725  -0.0000314725  -0.0000166501
       -0.0000923570   0.0000383314   0.0000028477  -0.0000033526  -0.0000008026
        0.0000017785   0.0000979956   0.0001328952  -0.0000541815  -0.0000987094
       -0.0000726280   0.0000009893  -0.0000123940  -0.0000068939  -0.0000141580
       -0.0000002757   0.0000095714   0.0000032441   0.0000042062  -0.0000056645
       -0.0000010524  -0.0000818023  -0.0000179504   0.0000103285   0.0000206944
       -0.0000077050   0.0000014200  -0.0000131740  -0.0000066912  -0.0000027677
       -0.0000062776   0.0000003951   0.0000073981   0.0000037492   0.0000056878
       -0.0000008233
        0.0019659573  -0.0015331705  -0.0002736558   0.0036000830  -0.0134068797
       -0.0134098490  -0.0614711555   0.0480204992   0.0457006946  -0.0091830786
        0.0199860530   0.0186290519  -0.0049535016   0.0017425223  -0.0000661383
       -0.0004160950  -0.0001213562  -0.0001433906  -0.0025596843  -0.0016738114
       -0.0028522601  -0.0003693880   0.0010085911   0.0009321831   0.0000226364
        0.0000396382  -0.0000077502  -0.0000075050   0.0001243068  -0.0003106056
       -0.0000857432   0.0004383770  -0.0003638429  -0.0001067614   0.0002269544
       -0.0000182939   0.0000043689  -0.0000415826  -0.0000241875  -0.0000027285
       -0.0000175881   0.0000111181   0.0000046417  -0.0000105656   0.0000086110
        0.0000350564  -0.0001813647  -0.0007696605   0.0002777879   0.0001380243
        0.0000836917  -0.0000000338  -0.0001307912  -0.0001468971  -0.0002674228
        0.0001303037   0.0001308641   0.0729913305  -0.0539595015  -0.0481994020
        0.0007420004   0.0003850998   0.0008666057  -0.0000480118  -0.0001149957
        0.0001268787   0.0001831820  -0.0008085337  -0.0008213440  -0.0003392577
        0.0000684316   0.0001005888   0.0001449536  -0.0000433659   0.0000592583
        0.0000292877   0.0000804372   0.0000176101  -0.0000185524  -0.0000087358
       -0.0000682329   0.0000088856   0.0000177686   0.0000057966   0.0000086440
       -0.0000453673   0.0000500111   0.0000615602   0.0000738974  -0.0002770485
       -0.0000372626   0.0000114866   0.0000761446   0.0000115947   0.0000141953
        0.0000091429   0.0000105302  -0.0000193558   0.0000187781  -0.0000008207
       -0.0000048817  -0.0000060012  -0.0000184374   0.0000070602  -0.0000007527
       -0.0000075750  -0.0000052628   0.0000020916   0.0000019780  -0.0000008219
        0.0000010582  -0.0000007599  -0.0000040426   0.0000052428  -0.0000586145
       -0.0001364074  -0.0000611958  -0.0000413078   0.0000025795  -0.0000271076
       -0.0000230786   0.0001435584   0.0000907371  -0.0000992669  -0.0003704733
        0.0009035452   0.0000587955   0.0000148264   0.0000112881  -0.0000330814
       -0.0000653495   0.0000512784   0.0000829668   0.0000876565  -0.0000305829
       -0.0000414750  -0.0000693558   0.0000339787   0.0000171313  -0.0000189229
        0.0000208178   0.0000223308   0.0001872101  -0.0000762998  -0.0000211249
       -0.0001103263   0.0000005063  -0.0000142037   0.0000011978  -0.0000015084
       -0.0000023693  -0.0000013932  -0.0000078826   0.0000016797  -0.0000039412
        0.0000088507  -0.0000483639  -0.0000313672   0.0000082318  -0.0000007133
       -0.0000093624   0.0000034621  -0.0000122357  -0.0000036774  -0.0000023373
       -0.0000042010   0.0000007586   0.0000009404   0.0000064284   0.0000011170
       -0.0000028315
        0.0017057412  -0.0015930384   0.0015921610   0.0003515897  -0.0102612682
       -0.0116724962   0.0476863861  -0.1631085319  -0.1256323498   0.0040655944
       -0.0062526435  -0.0062069463   0.0022609890   0.0045654395  -0.0034624784
       -0.0004421879   0.0003652085   0.0004389249  -0.0016593840   0.0021678720
       -0.0049132289   0.0000230057  -0.0003355115  -0.0003624143  -0.0000355042
       -0.0000245334  -0.0000049255   0.0000201744   0.0006107102  -0.0000295610
        0.0001559054  -0.0003321981   0.0006324528   0.0002043597   0.0000555055
       -0.0000266642  -0.0000444202  -0.0001296194  -0.0000392832   0.0000054492
       -0.0000028052   0.0000005690  -0.0000047044  -0.0000028936  -0.0000080503
        0.0004421373  -0.0003342819  -0.0004449574   0.0001904685   0.0000397910
        0.0000723841  -0.0000346982  -0.0000354819  -0.0002600350  -0.0001684798
        0.0000159988   0.0000969229  -0.0539595015   0.1772444782   0.1469546903
       -0.0007982003  -0.0009395957   0.0018484709  -0.0001238138  -0.0007208933
        0.0009322642   0.0002275379  -0.0006269982  -0.0003453561   0.0000521660
       -0.0000331291   0.0000404119  -0.0000556189   0.0000150132   0.0000038803
        0.0000078135  -0.0000012819  -0.0000138550   0.0000012875   0.0000314050
        0.0000348199  -0.0000150494  -0.0000003150  -0.0000077463   0.0000130492
       -0.0001182822  -0.0002182540   0.0003684832   0.0000176582   0.0004005387
        0.0000070999  -0.0000375681  -0.0000488655   0.0000054715  -0.0000657757
        0.0000039245  -0.0000122342   0.0000081971   0.0000242735  -0.0000073902
        0.0000084814  -0.0000134981  -0.0000094408   0.0000029598  -0.0000010622
       -0.0000031003   0.0000051754  -0.0000057521   0.0000025741  -0.0000050152
        0.0000009940  -0.0000002521  -0.0000004665   0.0000043007  -0.0000792335
       -0.0000530333  -0.0000412176  -0.0000442320   0.0000048165  -0.0000186819
        0.0000505943   0.0000218809   0.0001363223  -0.0004324786  -0.0001941324
        0.0005054460   0.0000475624   0.0000440213   0.0000144341   0.0000335904
        0.0000040342  -0.0000252046  -0.0000761229  -0.0000198058   0.0000287986
        0.0000361386   0.0000112355  -0.0000064179  -0.0000080551   0.0000095863
        0.0000011814  -0.0000298595  -0.0001025884   0.0000223320   0.0000510921
        0.0000670340   0.0000155866   0.0000073008  -0.0000122881  -0.0000027221
       -0.0000046452  -0.0000012105   0.0000100882   0.0000005230   0.0000082996
       -0.0000027255   0.0000328242   0.0000165846   0.0000028745  -0.0000101123
        0.0000010918  -0.0000043564   0.0000052743   0.0000050288   0.0000037857
        0.0000003482   0.0000004550  -0.0000041135  -0.0000038120  -0.0000027762
        0.0000003865
        0.0010590005   0.0023179141  -0.0000505072   0.0042753831  -0.0141199088
       -0.0121071774   0.0444972269  -0.1267741072  -0.1567800907   0.0022402027
       -0.0034469859  -0.0029339444   0.0002207274  -0.0035104536   0.0045648882
       -0.0003460530   0.0004656521   0.0002580898  -0.0030961718  -0.0045762068
        0.0019167247  -0.0000462464  -0.0002314251  -0.0000339980  -0.0000276706
       -0.0000211364   0.0000069819  -0.0008296179  -0.0004405098  -0.0000848013
       -0.0002705835   0.0003654373  -0.0000390245   0.0000254213   0.0003045217
       -0.0000451865   0.0000077058  -0.0001605801   0.0000777454  -0.0000337425
       -0.0000294491  -0.0000028920   0.0000226931  -0.0000162237   0.0000206358
        0.0000842067  -0.0001047392  -0.0007133901  -0.0000700443   0.0000309226
       -0.0000369620  -0.0000838657  -0.0002563794   0.0000479133  -0.0001399678
       -0.0001023370   0.0002450750  -0.0481994020   0.1469546903   0.1693584650
       -0.0002503643   0.0019675289  -0.0008500795   0.0000956663   0.0008811333
       -0.0007646212   0.0002469198  -0.0005332160  -0.0007710650   0.0000556468
        0.0000497546  -0.0000581229  -0.0000151624   0.0000094046  -0.0000240989
        0.0000166195  -0.0000068376  -0.0000124527  -0.0000234482  -0.0000254177
        0.0000406215   0.0000100400  -0.0000190555  -0.0000031907   0.0001083555
        0.0000933616   0.0000909398  -0.0001578380   0.0004339075  -0.0009158145
        0.0000497448  -0.0000902715  -0.0000625542  -0.0000191312  -0.0000034450
        0.0000279078   0.0000468256   0.0000446135  -0.0000668127   0.0000008395
       -0.0000025895  -0.0000067156   0.0000098770  -0.0000091147   0.0000092257
        0.0000028604  -0.0000250786   0.0000141174  -0.0000039403   0.0000024331
        0.0000011281   0.0000051671   0.0000062439  -0.0000090446   0.0000044998
       -0.0000646621   0.0000304203   0.0000257546   0.0000012202  -0.0000283518
        0.0000250325   0.0001708606  -0.0000614252   0.0004459122   0.0004411338
       -0.0002849269   0.0000597728   0.0000006988   0.0000089298  -0.0000037921
        0.0001066450  -0.0000451462  -0.0000557471  -0.0000834076   0.0000283683
        0.0000101614   0.0000518234  -0.0000135825  -0.0000082640   0.0000171797
       -0.0000166037  -0.0000181061  -0.0002413077   0.0000376696   0.0000202129
        0.0001415804   0.0000469923  -0.0000043381  -0.0000266496  -0.0000018142
       -0.0000066419   0.0000099946   0.0000162227   0.0000059934   0.0000076941
       -0.0000124688   0.0000348256   0.0000405538  -0.0000081145  -0.0000031632
        0.0000027000  -0.0000033243   0.0000052918   0.0000027307   0.0000039257
        0.0000005758   0.0000001209  -0.0000061288  -0.0000058599  -0.0000009596
        0.0000014455
       -0.0012805255  -0.0004112402  -0.0007699899  -0.0047875707   0.0026111970
        0.0004310360  -0.0248203872  -0.0128995962  -0.0160037678  -0.1683377689
       -0.0803309850  -0.0989998541   0.0037939141   0.0012878632   0.0016993738
        0.0004263948   0.0014414941   0.0005559665   0.0002378149   0.0004172775
        0.0004468711   0.0006310349   0.0005069449   0.0011114911   0.0000396451
        0.0001625156   0.0001632856  -0.0000249952  -0.0005144194  -0.0000106322
       -0.0000900726   0.0002529826  -0.0002102038   0.0000463630  -0.0002091103
       -0.0000163567  -0.0000217800   0.0001069576   0.0000401253   0.0000478436
       -0.0000180885   0.0000066348  -0.0000090092   0.0000025964  -0.0000115331
        0.0000740233   0.0000909075   0.0002428430  -0.0000122936   0.0000163325
        0.0000646918   0.0001202340   0.0001324066  -0.0001072278   0.0000734192
       -0.0000155454  -0.0000937734   0.0007420004  -0.0007982003  -0.0002503643
        0.1931862856   0.0878781301   0.1109737063   0.0001754720   0.0001811265
        0.0002577093   0.0000224917  -0.0000463864   0.0001530309  -0.0001316997
        0.0000236430  -0.0000030187   0.0001687937   0.0002277785   0.0000526830
        0.0000495013  -0.0000395286   0.0002776254  -0.0000248283  -0.0000238822
       -0.0000211247   0.0000209302  -0.0000238375  -0.0000017402   0.0000627459
        0.0001118373   0.0001967447  -0.0000797319  -0.0000720411  -0.0000142479
        0.0000094548  -0.0000154491  -0.0000299114   0.0000114602   0.0000521758
        0.0000107605   0.0000058643   0.0000036798  -0.0000351681  -0.0000019331
       -0.0000084482   0.0000069905   0.0000068939  -0.0000117750   0.0000068071
       -0.0000010010   0.0000097743  -0.0000050481   0.0000000096   0.0000079980
        0.0000076483   0.0000108183   0.0000007187  -0.0000078876   0.0000397018
       -0.0000032906  -0.0000630548  -0.0000206028  -0.0000151050   0.0000089456
       -0.0000829683  -0.0000712698   0.0001242109  -0.0001035013  -0.0000563864
       -0.0001136429   0.0000207100   0.0000278760  -0.0000326274  -0.0001110824
        0.0000955578  -0.0000386962  -0.0000623497  -0.0000292858   0.0000266590
       -0.0000158555   0.0000163554  -0.0000107302   0.0000068749  -0.0000004615
        0.0000195675  -0.0000494809  -0.0002269837  -0.0001301274   0.0000528817
        0.0001382217   0.0001210225  -0.0000157419  -0.0000067857  -0.0000043174
       -0.0000031230   0.0000036908   0.0000095000  -0.0000024657   0.0000055015
       -0.0000009756   0.0000172541   0.0000212654  -0.0000305636  -0.0000075607
        0.0000076404   0.0000038405   0.0000018924   0.0000008679   0.0000033139
        0.0000021428   0.0000002971  -0.0000076679  -0.0000065376   0.0000044903
        0.0000011681
        0.0002004171  -0.0002771331   0.0001634711   0.0020319626   0.0043188271
       -0.0037700563   0.0042261758   0.0033051792   0.0028711826  -0.0805481657
       -0.0915364732  -0.0682552047  -0.0145111220  -0.0108524053  -0.0142519780
        0.0016768403   0.0005861063  -0.0065670789   0.0004445285   0.0000195366
        0.0002717810  -0.0012111284  -0.0006743119   0.0013984417  -0.0004873241
        0.0000965833  -0.0000562928   0.0000292005   0.0000733242   0.0000170402
        0.0000512058   0.0000337136   0.0000629873   0.0000152690  -0.0000277772
       -0.0000027433  -0.0000054781   0.0000231498  -0.0000153233   0.0000166652
       -0.0000040334   0.0000040087  -0.0000041619  -0.0000026366  -0.0000036624
        0.0000167552  -0.0000110899   0.0000464559  -0.0000002629   0.0000057355
        0.0000248387   0.0000717435   0.0000669328  -0.0001059855  -0.0000083931
        0.0000054995  -0.0000178909   0.0003850998  -0.0009395957   0.0019675289
        0.0878781301   0.0972150779   0.0852407400  -0.0008095605  -0.0006427306
       -0.0006360572  -0.0000734229  -0.0007974289   0.0009329849  -0.0000771044
        0.0001363824   0.0002746150   0.0007499166  -0.0004129259   0.0001914946
        0.0000906928   0.0003937691   0.0000002545  -0.0000194932  -0.0000102114
        0.0000998512  -0.0000231980   0.0000394408  -0.0000315205  -0.0000140343
       -0.0000056840  -0.0000275438  -0.0000533744   0.0000530559  -0.0000208356
       -0.0000048237  -0.0000058090  -0.0000138663   0.0000104057   0.0000045324
        0.0000038668  -0.0000000977   0.0000053602   0.0000041401  -0.0000022325
        0.0000008765  -0.0000028719  -0.0000042417   0.0000000452   0.0000018742
       -0.0000020685   0.0000049068  -0.0000053039   0.0000023237   0.0000010063
        0.0000020472   0.0000019650  -0.0000003466   0.0000011378   0.0000078294
       -0.0000081537  -0.0000257779  -0.0000096255  -0.0000047491  -0.0000018224
       -0.0000427357  -0.0000441120   0.0000750481  -0.0000212236   0.0000003551
       -0.0000162759   0.0000134495   0.0000160699  -0.0000084993  -0.0000180868
       -0.0000351562   0.0000239926   0.0000766151  -0.0000848741  -0.0000405584
       -0.0000090470  -0.0000158828   0.0000746349   0.0000157831  -0.0000138057
        0.0000419369  -0.0000321103  -0.0000031031  -0.0000791748   0.0000789537
        0.0000336358   0.0000463374   0.0000156024  -0.0000188690   0.0000034501
       -0.0000071766  -0.0000110630   0.0000140113   0.0000097895   0.0000080487
        0.0000098762  -0.0000767938   0.0000158297   0.0000791958  -0.0000288677
       -0.0000182283  -0.0000052276  -0.0000066696   0.0000085489   0.0000064164
       -0.0000088511  -0.0000040577   0.0000125023   0.0000035555  -0.0000088820
       -0.0000065926
        0.0000112060   0.0006133204   0.0001369953   0.0003611602  -0.0036510040
        0.0048223133   0.0000664455   0.0007513899   0.0016475668  -0.0989227350
       -0.0689122748  -0.1170856577  -0.0147605049  -0.0111694539  -0.0120723920
        0.0007878912  -0.0065503859   0.0010929657   0.0007484180   0.0000569808
       -0.0000590045  -0.0004157526   0.0018057767  -0.0006403566   0.0002368894
       -0.0003413529  -0.0003228484   0.0000676762  -0.0005405398  -0.0000501114
       -0.0000567562   0.0001989473   0.0000176233   0.0000161693  -0.0001510400
       -0.0000067239  -0.0000048657   0.0000709936  -0.0000036873   0.0000135960
       -0.0000025784  -0.0000028351  -0.0000059702   0.0000020848  -0.0000004130
        0.0000084380   0.0000144554  -0.0000104112  -0.0000114319   0.0000197122
        0.0000138203   0.0000276480  -0.0000300962  -0.0000033112   0.0000094640
       -0.0000060479   0.0000049372   0.0008666057   0.0018484709  -0.0008500795
        0.1109737063   0.0852407400   0.1248053081  -0.0007499684  -0.0005849321
       -0.0007478888   0.0001619042   0.0008914381  -0.0008254040  -0.0002691326
        0.0002251107   0.0002571698   0.0002084757  -0.0003869888   0.0001135440
        0.0005568507   0.0004068335  -0.0004703713  -0.0000225824  -0.0000421066
        0.0001283278   0.0000232733   0.0000191047  -0.0000812572  -0.0000105530
        0.0000141765  -0.0000351501   0.0000143173  -0.0000292670  -0.0000297292
        0.0000316223   0.0000024900   0.0000096986   0.0000083578   0.0000130949
        0.0000026078  -0.0000008618   0.0000026935  -0.0000111416  -0.0000008843
       -0.0000007662   0.0000014907   0.0000072216  -0.0000033157   0.0000030635
        0.0000024344   0.0000003974  -0.0000012467   0.0000001758   0.0000029527
        0.0000033876   0.0000033000   0.0000012140  -0.0000048049   0.0000159649
       -0.0000258794  -0.0000170628   0.0000002332  -0.0000062426  -0.0000073531
       -0.0000396648   0.0000358343   0.0000169889  -0.0000115051  -0.0000115190
        0.0000048766   0.0000209310  -0.0000000904  -0.0000028666  -0.0000233349
        0.0000396673   0.0000933036   0.0001536712  -0.0000109710  -0.0000310562
       -0.0001220856   0.0001377767   0.0000504266   0.0000396788   0.0000033913
        0.0000575555  -0.0000915405  -0.0001516727  -0.0002324748   0.0000604465
        0.0001302404   0.0001936247   0.0000153333  -0.0000276670   0.0000143604
       -0.0000018460  -0.0000032312   0.0000324996   0.0000148192   0.0000092275
        0.0000040431   0.0000114900   0.0000823683   0.0000838788  -0.0000013922
        0.0000006871  -0.0000285630  -0.0000012371   0.0000065306   0.0000080074
       -0.0000107319  -0.0000054785   0.0000147318  -0.0000104780  -0.0000031997
       -0.0000009146
       -0.0001199788   0.0012804803   0.0010725472  -0.0052050837   0.0013567040
        0.0001988429  -0.0004796009  -0.0001922953  -0.0001641468  -0.0024583453
       -0.0016546932  -0.0029603630   0.0041586544  -0.0135973342  -0.0125996422
       -0.0581512287   0.0434529518   0.0379547747  -0.0098295430   0.0215947825
        0.0194718711   0.0010317272  -0.0016167581  -0.0009378301  -0.0000652306
       -0.0000788132  -0.0000206487  -0.0003304930  -0.0000810181   0.0000938689
       -0.0000298089   0.0001263941   0.0000048722   0.0000328738  -0.0000948274
       -0.0000178795  -0.0000182068   0.0000442406   0.0000077674   0.0000288300
       -0.0000030074   0.0000088336  -0.0000070464   0.0000058112  -0.0000107936
       -0.0000221252   0.0000315368   0.0001191669  -0.0000385452  -0.0000160021
        0.0000215948   0.0000606811   0.0000718303  -0.0000334884   0.0000478843
       -0.0000025973  -0.0000489794  -0.0000480118  -0.0001238138   0.0000956663
        0.0001754720  -0.0008095605  -0.0007499684   0.0713186691  -0.0501741117
       -0.0424017618   0.0007845037   0.0004003332   0.0007896271  -0.0007485861
        0.0001707149  -0.0001823468   0.0000775966   0.0000996833   0.0001254465
        0.0000385562   0.0001067540  -0.0000414324   0.0000512565  -0.0004773124
        0.0003532839   0.0000149773  -0.0000033317  -0.0000099333  -0.0001017897
        0.0000884340  -0.0001442689  -0.0000341437  -0.0000453629   0.0000092543
        0.0000008730  -0.0000068750  -0.0000055294   0.0000077188   0.0000119343
        0.0000026577   0.0000020221  -0.0000033245  -0.0000058413  -0.0000036814
       -0.0000046748   0.0000001118  -0.0000007782  -0.0000050613   0.0000018729
       -0.0000052462   0.0000103811  -0.0000042505   0.0000003630  -0.0000005139
        0.0000021951   0.0000053770  -0.0000010546   0.0000005631   0.0000284015
        0.0000208868  -0.0000228407  -0.0000031294  -0.0000016583   0.0000131158
       -0.0000232553  -0.0000576527   0.0000507779  -0.0000135989  -0.0000070069
       -0.0000545151   0.0000004636   0.0000294281  -0.0000199478  -0.0002003381
        0.0000451600   0.0000235535  -0.0000824216  -0.0001252133   0.0000044580
        0.0000387409   0.0001081870   0.0000219782  -0.0000204662  -0.0000002422
       -0.0000369133   0.0000824432  -0.0000766554   0.0000383001   0.0000171760
        0.0000819785  -0.0000035339  -0.0000153441   0.0000518255  -0.0000024228
        0.0000219697   0.0000021988   0.0000029824  -0.0000245067  -0.0000014380
        0.0000025936   0.0000566652   0.0000568811   0.0000027021  -0.0000002183
        0.0000073165  -0.0000090195   0.0000065610   0.0000043915  -0.0000005390
        0.0000019446  -0.0000006412  -0.0000042121  -0.0000116493   0.0000016312
       -0.0000022312
       -0.0001886363  -0.0003258378  -0.0003742285   0.0024960854   0.0046492644
       -0.0033593724  -0.0005256221   0.0002906957   0.0004212971  -0.0020471800
        0.0023212347  -0.0051349840   0.0030014987  -0.0119084412  -0.0118737408
        0.0439287605  -0.1690152777  -0.1229504948   0.0042837190  -0.0069468881
       -0.0067110094   0.0008196771  -0.0005026554   0.0018604514  -0.0005587838
        0.0000108989  -0.0001760100   0.0000304480   0.0000702433  -0.0000414762
        0.0000309286  -0.0001253626   0.0000356204  -0.0000031743   0.0001510547
        0.0000161523   0.0000134732  -0.0000922251   0.0000077655  -0.0000394138
       -0.0000007138  -0.0000138453   0.0000137789  -0.0000063145   0.0000107296
        0.0000528860  -0.0000190892  -0.0001075948   0.0000722603   0.0000181460
       -0.0000170531  -0.0001109280  -0.0000965292   0.0000498813  -0.0000505516
       -0.0000010921   0.0000375053  -0.0001149957  -0.0007208933   0.0008811333
        0.0001811265  -0.0006427306  -0.0005849321  -0.0501741117   0.1838747956
        0.1450202106  -0.0007469624  -0.0008076970   0.0019560222  -0.0005301292
        0.0003588342   0.0000871636   0.0004473970   0.0000309011   0.0001475031
        0.0001114679   0.0001545949   0.0000299777  -0.0006995722  -0.0007544702
        0.0007001998  -0.0000397550   0.0000052678  -0.0000475909   0.0000409470
       -0.0000322141   0.0000655525   0.0000058541   0.0000215559  -0.0000195731
       -0.0000165950  -0.0000011198  -0.0000148893  -0.0000176208  -0.0000130729
        0.0000017140  -0.0000004756   0.0000059721  -0.0000049727   0.0000061750
        0.0000043532   0.0000052352  -0.0000006858   0.0000037209  -0.0000028495
        0.0000051538  -0.0000148920   0.0000100046  -0.0000029794   0.0000028311
       -0.0000021201  -0.0000075843   0.0000016772  -0.0000022462  -0.0000405781
       -0.0000107607   0.0000197514  -0.0000058496   0.0000049569  -0.0000052178
        0.0000719165   0.0000714653  -0.0000494889  -0.0000227866  -0.0000052692
        0.0000552138  -0.0000004404  -0.0000220217   0.0000127240   0.0001210198
        0.0001362343  -0.0002326761  -0.0000250760  -0.0002367651   0.0000159091
        0.0000416751   0.0001505953   0.0000323141   0.0000178270   0.0000578861
        0.0000052041  -0.0001606361  -0.0005408919   0.0000551588   0.0002400730
        0.0004414197   0.0001289790   0.0000609173  -0.0000948740  -0.0000133337
       -0.0000356699   0.0000086791   0.0000766621   0.0000212212   0.0000547066
       -0.0000341616   0.0000430672   0.0000412412   0.0000601820   0.0000014419
       -0.0000134237  -0.0000320979   0.0000060395   0.0000089062   0.0000013066
        0.0000030733  -0.0000051962   0.0000059574  -0.0000031150   0.0000045869
       -0.0000075227
        0.0003497397  -0.0005457238  -0.0001975070   0.0002296436  -0.0036858058
        0.0047515520  -0.0001165574   0.0005884072   0.0003298882  -0.0033679774
       -0.0050854618   0.0021950647   0.0026661841  -0.0146512594  -0.0129030539
        0.0383112899  -0.1215649378  -0.1443941057   0.0029649973  -0.0048837093
       -0.0038806491   0.0012868901   0.0013432470  -0.0007713025   0.0002069876
       -0.0000332553  -0.0000409168   0.0000056461   0.0004448039  -0.0001053644
       -0.0000196206  -0.0002037440   0.0000207199  -0.0000333736   0.0001835583
       -0.0000037561   0.0000000577  -0.0000779047   0.0000189677  -0.0000318162
        0.0000018664  -0.0000102897   0.0000078724  -0.0000026838   0.0000088702
        0.0000708313  -0.0000126405  -0.0001081540   0.0000709800   0.0000330720
       -0.0000089059  -0.0001231601  -0.0001534067   0.0000834960  -0.0000443926
       -0.0000073020   0.0000313345   0.0001268787   0.0009322642  -0.0007646212
        0.0002577093  -0.0006360572  -0.0007478888  -0.0424017618   0.1450202106
        0.1568862145  -0.0002230491   0.0020670253  -0.0009162842  -0.0007971427
        0.0004324380   0.0002506930   0.0000413108   0.0000403129   0.0001241265
        0.0000928929   0.0001823412  -0.0000461062   0.0001633773   0.0001012997
        0.0003401780   0.0000046073  -0.0000088078  -0.0000288439   0.0000476074
       -0.0000388931   0.0000203167   0.0000063715   0.0000241742  -0.0000373516
        0.0000035403  -0.0000044224   0.0000059867  -0.0000124497  -0.0000059804
       -0.0000020874   0.0000054854   0.0000056032  -0.0000076446   0.0000035591
        0.0000015100   0.0000040893   0.0000040665   0.0000014862  -0.0000031433
        0.0000044017  -0.0000117044   0.0000089152  -0.0000026467   0.0000011417
       -0.0000034537  -0.0000042841   0.0000023607  -0.0000024811  -0.0000305803
       -0.0000289152   0.0000110724  -0.0000053182  -0.0000001717  -0.0000067187
        0.0000520560   0.0001223126  -0.0000530054  -0.0000389810  -0.0000204432
        0.0000606574   0.0000109226  -0.0000339619   0.0000153888   0.0000518853
        0.0000617668  -0.0002229146   0.0000806642  -0.0001357170  -0.0000375161
       -0.0000412692   0.0001915346   0.0000190655   0.0000071097   0.0000211140
       -0.0000121811  -0.0000541498  -0.0002816035   0.0000601663   0.0000755351
        0.0002495744   0.0000814263   0.0000075211  -0.0000456278   0.0000255454
        0.0000039969   0.0000235619   0.0000165086   0.0000149885   0.0000110851
       -0.0000282263   0.0000779790   0.0000661508   0.0000070023   0.0000330092
       -0.0000007676  -0.0000299180   0.0000019264   0.0000033975  -0.0000036107
        0.0000047360  -0.0000025561   0.0000045179  -0.0000067274   0.0000058442
       -0.0000037620
        0.0008981280  -0.0000054782   0.0005346907   0.0042954897   0.0016082091
        0.0020436652   0.0002365676   0.0013572197   0.0004733148   0.0002730606
        0.0004120008   0.0004477662  -0.0049387091   0.0024828200   0.0009885622
       -0.0238347461  -0.0130474204  -0.0160896121  -0.1724142672  -0.0826311719
       -0.0979447038  -0.0010490157  -0.0007222745  -0.0007786927  -0.0001571453
        0.0000932582  -0.0000698688   0.0001354247   0.0000999706  -0.0000905442
        0.0000557483   0.0000328703   0.0000840890  -0.0000245289   0.0000579344
        0.0000111834   0.0000093790  -0.0000097007  -0.0000050179  -0.0000252175
        0.0000044056  -0.0000207667   0.0000054991   0.0000009527   0.0000011403
        0.0000423673   0.0000074440  -0.0000216193   0.0000264366   0.0000344487
       -0.0000027072   0.0000172964  -0.0001255900   0.0000766696  -0.0000317338
       -0.0000179016   0.0000060271   0.0001831820   0.0002275379   0.0002469198
        0.0000224917  -0.0000734229   0.0001619042   0.0007845037  -0.0007469624
       -0.0002230491   0.1958563525   0.0910886981   0.1102777295   0.0001500476
       -0.0000999068  -0.0000522084  -0.0002716501   0.0000108788   0.0000558748
        0.0000348068   0.0000624552   0.0000204962  -0.0000716130  -0.0000281721
       -0.0001545698   0.0000033813   0.0000242591  -0.0000197181  -0.0000598213
       -0.0000042994  -0.0001006852  -0.0000468889  -0.0000484291  -0.0000104992
       -0.0000097619   0.0000108322  -0.0000011897  -0.0000089726  -0.0000042083
        0.0000024092  -0.0000064888  -0.0000058826   0.0000000547   0.0000062960
        0.0000015661   0.0000104294   0.0000018955   0.0000016874  -0.0000008971
        0.0000029747  -0.0000076347   0.0000068604  -0.0000023437   0.0000013860
        0.0000001960  -0.0000035161  -0.0000005817  -0.0000011093   0.0000033836
       -0.0000391824  -0.0000068808   0.0000029682   0.0000007362  -0.0000028673
       -0.0000348085   0.0001468230  -0.0000017784  -0.0000256976  -0.0000041032
        0.0000057520  -0.0000053955  -0.0000761352   0.0000118709  -0.0000227277
       -0.0001082970   0.0001369224   0.0002064981   0.0000336252  -0.0000334760
       -0.0001000169  -0.0000286721   0.0000505319   0.0000515275  -0.0000129628
        0.0000911703  -0.0000601457   0.0002297610  -0.0002553303   0.0000039703
       -0.0000905561   0.0000889769  -0.0000153027  -0.0000571744  -0.0000059344
       -0.0000185916   0.0000020221   0.0000164700   0.0000233532   0.0000146819
        0.0000003850  -0.0000899424  -0.0000362839   0.0000542398   0.0000109916
       -0.0000194794  -0.0000133875  -0.0000151709  -0.0000011095  -0.0000050429
       -0.0000082177  -0.0000016519   0.0000140268   0.0000084160   0.0000061607
       -0.0000081726
       -0.0018956619  -0.0001994252   0.0025126798  -0.0142495455  -0.0108208425
       -0.0138654537   0.0015055442   0.0003467542  -0.0063871765   0.0008861030
       -0.0002241260   0.0001135298   0.0020131029   0.0043519012  -0.0033684711
        0.0033221649   0.0028303799   0.0029121916  -0.0827923953  -0.0928742279
       -0.0686775447   0.0002562182   0.0001543114   0.0001307059   0.0000183971
        0.0000054405  -0.0000834353   0.0002364715  -0.0006573183  -0.0001672386
        0.0000526174   0.0001955102  -0.0000210628   0.0000321451  -0.0000004458
       -0.0000141373   0.0000310480   0.0000241573   0.0000143754  -0.0000178893
       -0.0000087002  -0.0000192977   0.0000082422  -0.0000010717   0.0000092177
        0.0000911014  -0.0000185799  -0.0000961267   0.0000876759   0.0000547661
        0.0000363836  -0.0000058678  -0.0000614957  -0.0002782119  -0.0000440234
       -0.0000061775   0.0000099886  -0.0008085337  -0.0006269982  -0.0005332160
       -0.0000463864  -0.0007974289   0.0008914381   0.0004003332  -0.0008076970
        0.0020670253   0.0910886981   0.0989733624   0.0847630209  -0.0000443049
        0.0000288506   0.0000327430   0.0000256349  -0.0000049062   0.0000172976
        0.0000215222   0.0000050006  -0.0000031222   0.0000025143   0.0000418243
        0.0000089830  -0.0000141593   0.0000099525  -0.0000142666  -0.0000640450
        0.0000519337  -0.0000852454  -0.0000464485   0.0000781623  -0.0000610376
       -0.0000010868  -0.0000037982  -0.0000183498  -0.0000042624   0.0000216838
        0.0000025000  -0.0000105517   0.0000057765  -0.0000083238   0.0000060439
       -0.0000018987   0.0000191279   0.0000035991  -0.0000002031  -0.0000006723
        0.0000063247  -0.0000090922   0.0000058002  -0.0000004237   0.0000091701
        0.0000021245  -0.0000057383   0.0000012973  -0.0000034813  -0.0000143679
       -0.0000499977  -0.0000674782  -0.0000231379  -0.0000067972   0.0000056899
       -0.0000401757  -0.0000040422   0.0002048096  -0.0000544917  -0.0000271799
        0.0000524901   0.0000468324   0.0000645107  -0.0000483103   0.0000146925
       -0.0000618650   0.0000196041   0.0000451598   0.0000023953  -0.0000318602
       -0.0000042323   0.0000072489   0.0000124593   0.0000234624   0.0000057600
        0.0000488269  -0.0000698519   0.0000145542  -0.0001084602   0.0000395350
        0.0000238180   0.0000471734  -0.0000063116  -0.0000248611  -0.0000029357
       -0.0000047108   0.0000004409   0.0000069078   0.0000074521   0.0000034730
       -0.0000068516  -0.0000085874  -0.0000134598   0.0000236679   0.0000019204
       -0.0000003715  -0.0000045900   0.0000009709   0.0000009895  -0.0000000448
        0.0000003379  -0.0000014166   0.0000069905   0.0000013256   0.0000009987
       -0.0000013500
        0.0008827850   0.0031562531  -0.0002471159  -0.0158177977  -0.0118824612
       -0.0115143242   0.0011896821  -0.0066273414   0.0011306566   0.0003375484
        0.0002819863   0.0001447165   0.0002787093  -0.0037945491   0.0045504144
        0.0011760162   0.0011437361   0.0013444883  -0.0980380259  -0.0691955639
       -0.1121133918   0.0001760382  -0.0001015607   0.0000548586  -0.0000678954
        0.0000212598   0.0000378804  -0.0006746249  -0.0004532317  -0.0000014315
       -0.0001202400   0.0001596428  -0.0000306213   0.0000204504  -0.0000237398
       -0.0000115876   0.0000175279   0.0000707010   0.0000063575  -0.0000042513
        0.0000029236  -0.0000135807  -0.0000011334   0.0000031760   0.0000051722
        0.0001249083   0.0000094294  -0.0000838941   0.0000648377   0.0001328912
        0.0000650799  -0.0002135779  -0.0005710591  -0.0000961238  -0.0000464341
       -0.0000249329   0.0000074479  -0.0008213440  -0.0003453561  -0.0007710650
        0.0001530309   0.0009329849  -0.0008254040   0.0007896271   0.0019560222
       -0.0009162842   0.1102777295   0.0847630209   0.1191974455   0.0000025603
        0.0000463318   0.0000235009   0.0001101259  -0.0000287882  -0.0000096232
        0.0000158447   0.0000198082  -0.0000025965  -0.0000238197  -0.0000293132
        0.0000023987   0.0000118246   0.0000041884  -0.0000096275   0.0000014439
        0.0001515866   0.0001687346   0.0000209148   0.0000388082  -0.0000943248
        0.0000347484  -0.0000116206  -0.0000221646   0.0000003957   0.0000217919
       -0.0000053192  -0.0000001560   0.0000097766  -0.0000111912   0.0000021791
       -0.0000013508   0.0000124077   0.0000118403  -0.0000035947  -0.0000013295
        0.0000056136  -0.0000050035   0.0000041579  -0.0000010114   0.0000041140
        0.0000001264  -0.0000013269   0.0000027021  -0.0000043102   0.0000302327
       -0.0001579587  -0.0001138019  -0.0000153364  -0.0000191676  -0.0000040786
       -0.0000286444   0.0003807111   0.0001680120  -0.0000715820  -0.0000528833
        0.0000539959   0.0002231203   0.0000323601  -0.0000932530  -0.0000259845
       -0.0000673383   0.0000366255   0.0001202704  -0.0000407140  -0.0000220383
       -0.0000559066   0.0000531786   0.0000111538   0.0000159876  -0.0000001519
        0.0000189804  -0.0000059657   0.0000932406  -0.0001028404  -0.0000345038
       -0.0000275082   0.0000280015  -0.0000043515  -0.0000177628   0.0000198299
        0.0000053409   0.0000053856   0.0000064098   0.0000095533   0.0000005750
       -0.0000043947  -0.0000435094  -0.0000097466   0.0000266028   0.0000122379
       -0.0000059462  -0.0000059099  -0.0000059888  -0.0000018163  -0.0000023538
       -0.0000016328  -0.0000019493   0.0000106895   0.0000019189   0.0000038236
       -0.0000021637
        0.0000292087  -0.0000429025  -0.0000995450   0.0002082554   0.0000196300
       -0.0000163013  -0.0004309996   0.0006510602   0.0012286437  -0.0053065173
        0.0015937910   0.0002671523  -0.0066115007   0.0245775996   0.0147398588
        0.0008386316   0.0014280576   0.0016610800   0.0002355573  -0.0000639160
        0.0001417207  -0.0440286283   0.0216461919   0.0103962765   0.0006437619
       -0.0125119433  -0.0056528386   0.0000123571   0.0000503739  -0.0000058126
        0.0000036367  -0.0000192761  -0.0000120736  -0.0000117876   0.0000113030
        0.0000072799   0.0000014650  -0.0000006867  -0.0000022167  -0.0000037944
        0.0000014424  -0.0000010086   0.0000007298   0.0000013353   0.0000006207
       -0.0000156601  -0.0000004788   0.0000191571  -0.0000103216  -0.0000127230
       -0.0000069647  -0.0000026137   0.0000048773   0.0000207064   0.0000042380
       -0.0000006765  -0.0000025713  -0.0003392577   0.0000521660   0.0000556468
       -0.0001316997  -0.0000771044  -0.0002691326  -0.0007485861  -0.0005301292
       -0.0007971427   0.0001500476  -0.0000443049   0.0000025603   0.0542175029
       -0.0222947441  -0.0136668475   0.0016618213  -0.0125684876  -0.0091115078
       -0.0010646618  -0.0022195856   0.0018149033   0.0001866213   0.0004401927
       -0.0004449774   0.0002200567   0.0000397354  -0.0001218266   0.0000093221
       -0.0000120850   0.0000092147   0.0000002248  -0.0000232302   0.0000183418
        0.0000020482   0.0000008860   0.0000001399  -0.0000007549  -0.0000050276
       -0.0000015576  -0.0000031381  -0.0000048499   0.0000052602   0.0000006613
        0.0000001221   0.0000016292   0.0000014352  -0.0000002032   0.0000000565
        0.0000005810  -0.0000006110  -0.0000003513   0.0000000524  -0.0000014172
       -0.0000006463  -0.0000006090  -0.0000005218   0.0000005523   0.0000018023
        0.0000139253   0.0000058969   0.0000020466   0.0000003267  -0.0000007475
        0.0000099414  -0.0000144944  -0.0000149659   0.0000110877   0.0000122688
       -0.0000168839  -0.0000085525   0.0000037145  -0.0000007418  -0.0000807595
        0.0005576455   0.0000359383   0.0002229732  -0.0031741412   0.0001807784
       -0.0001238290   0.0013127493   0.0000816946   0.0000143692  -0.0000014353
        0.0000144291  -0.0000263601   0.0000946175  -0.0002812746  -0.0000975785
       -0.0001115678   0.0001425264  -0.0000181560   0.0000185202   0.0000091575
        0.0000164518   0.0000026184  -0.0000105864  -0.0000109096  -0.0000139167
        0.0000031277   0.0004244108   0.0011364143  -0.0003025588  -0.0000527971
        0.0000771406  -0.0000226203   0.0000482778   0.0000237396   0.0000041996
        0.0000326943  -0.0000017420  -0.0000244772  -0.0000827985  -0.0000202432
        0.0000196292
       -0.0000270196  -0.0000387908   0.0000503580  -0.0001110538   0.0001754009
        0.0001347995  -0.0001254839  -0.0001552244  -0.0004374790   0.0017912649
       -0.0002447755  -0.0004274210   0.0041733031  -0.0076757299  -0.0058095517
       -0.0015906636   0.0005841372   0.0003289560  -0.0000251439  -0.0000580660
       -0.0002311244   0.0214493253  -0.2158762220  -0.0999592506  -0.0025312196
       -0.0276318523  -0.0080449153  -0.0000349273   0.0001000952  -0.0000055575
       -0.0000032139  -0.0000315230   0.0000308815  -0.0000000401   0.0000492245
       -0.0000007518  -0.0000107960  -0.0000288464   0.0000077751  -0.0000088689
        0.0000005232  -0.0000050186   0.0000008002  -0.0000011163   0.0000022289
        0.0000310373   0.0000069031  -0.0000242036   0.0000274494   0.0000155553
        0.0000026938  -0.0000293711  -0.0000368328   0.0000168964  -0.0000163355
       -0.0000058560   0.0000037122   0.0000684316  -0.0000331291   0.0000497546
        0.0000236430   0.0001363824   0.0002251107   0.0001707149   0.0003588342
        0.0004324380  -0.0000999068   0.0000288506   0.0000463318  -0.0222947441
        0.2527744500   0.1145553430  -0.0006536107  -0.0002213979  -0.0025551933
       -0.0018682226  -0.0035486641   0.0026892799   0.0007686378  -0.0001906908
        0.0007829084   0.0000609787   0.0001014364  -0.0001867444   0.0000071658
       -0.0000010491  -0.0000123836  -0.0000023448  -0.0000069081  -0.0000138221
       -0.0000012213  -0.0000010405  -0.0000015210  -0.0000063305   0.0000008759
        0.0000027146   0.0000053932   0.0000022754  -0.0000095728   0.0000004386
       -0.0000002477   0.0000021152   0.0000023411  -0.0000005405  -0.0000015052
        0.0000016852  -0.0000049933   0.0000056804  -0.0000030158   0.0000025450
       -0.0000005761  -0.0000015278   0.0000014688  -0.0000037060  -0.0000082455
       -0.0000115959  -0.0000001165  -0.0000030266   0.0000015542  -0.0000009223
        0.0000135800   0.0000277931  -0.0000063796  -0.0000168914  -0.0000131445
        0.0000136963   0.0000028777  -0.0000066946   0.0000044951  -0.0006426184
        0.0013161389  -0.0014384172   0.0005264731  -0.0018536236  -0.0000628697
        0.0003166776   0.0017389819  -0.0003269740  -0.0000398346   0.0001173929
       -0.0000629912  -0.0002836039  -0.0011040108  -0.0001041143   0.0004539018
        0.0007095636   0.0004344828   0.0000152641  -0.0000141092  -0.0000258076
       -0.0000054737   0.0000287331   0.0000601301  -0.0000242271   0.0000463837
       -0.0000574778   0.0004148467   0.0003386343   0.0000432851   0.0001029840
        0.0000834046  -0.0000960275   0.0000560834   0.0000217645  -0.0000019148
        0.0000322572  -0.0000082403  -0.0000033049  -0.0000485728   0.0000356130
       -0.0000084521
       -0.0000364824  -0.0000414657   0.0000237768  -0.0000209415   0.0000656452
        0.0000713122   0.0001574558  -0.0001695845  -0.0002164008   0.0013542074
       -0.0009456705   0.0005288723   0.0037977842  -0.0060341754  -0.0035301914
       -0.0011142231   0.0007618732   0.0003488675  -0.0000044071  -0.0000619831
       -0.0001962525   0.0087610609  -0.0994359834  -0.1012669775  -0.0007289176
        0.0136424802   0.0068592668  -0.0000313644   0.0000956311  -0.0000021796
       -0.0000099630  -0.0000309613   0.0000301273   0.0000052418   0.0000563069
       -0.0000029763  -0.0000134774  -0.0000340680   0.0000059222  -0.0000066990
        0.0000000266   0.0000001761  -0.0000002211  -0.0000010452   0.0000020342
        0.0000225780   0.0000076806  -0.0000274889   0.0000181838   0.0000167113
        0.0000011278  -0.0000246718  -0.0000444384   0.0000231713  -0.0000082986
       -0.0000066538   0.0000071134   0.0001005888   0.0000404119  -0.0000581229
       -0.0000030187   0.0002746150   0.0002571698  -0.0001823468   0.0000871636
        0.0002506930  -0.0000522084   0.0000327430   0.0000235009  -0.0136668475
        0.1145553430   0.1151688730   0.0001342117  -0.0257931983  -0.0183132344
        0.0013180064   0.0024402214  -0.0009316945  -0.0003323810  -0.0000464984
       -0.0001137038  -0.0000131094  -0.0000139348   0.0000089282   0.0000134956
       -0.0000044970  -0.0000100183   0.0000032490   0.0000037350  -0.0000095769
        0.0000022573  -0.0000041487  -0.0000015811  -0.0000048807  -0.0000038366
       -0.0000009117   0.0000066139   0.0000029724  -0.0000049130   0.0000001417
        0.0000001960   0.0000008868   0.0000033099  -0.0000004090  -0.0000013371
        0.0000015840  -0.0000036879   0.0000044406  -0.0000014090  -0.0000004976
       -0.0000030624  -0.0000005449   0.0000014435  -0.0000008433  -0.0000049181
       -0.0000136820   0.0000027553  -0.0000006137  -0.0000017551  -0.0000030830
        0.0000011186   0.0000393326  -0.0000149048  -0.0000158570  -0.0000145101
        0.0000148880   0.0000086636  -0.0000104001   0.0000099122   0.0007779338
        0.0001309797   0.0012631074  -0.0000521878  -0.0004210561   0.0007448957
        0.0000001916   0.0004814902  -0.0006938859   0.0000207073  -0.0000086703
       -0.0000238048   0.0001110285   0.0005236115  -0.0000221569  -0.0002450431
       -0.0001160401  -0.0002183886   0.0000143392  -0.0000040646   0.0000125025
       -0.0000000668   0.0000100962  -0.0000014037   0.0000160671  -0.0000179171
        0.0000088404  -0.0001318955   0.0000465124   0.0000094236   0.0000764976
       -0.0000413324  -0.0000195654  -0.0000176421  -0.0000069515  -0.0000097512
       -0.0000032347   0.0000112905   0.0000052542   0.0000013545   0.0000046040
        0.0000105712
       -0.0001935308   0.0002206438   0.0000370785   0.0003471386  -0.0002321029
       -0.0001911101  -0.0000854320  -0.0006044150   0.0002673183   0.0005270244
       -0.0012575831  -0.0009602189  -0.0217027727   0.0026813867  -0.0242296824
       -0.0041221469   0.0022351633   0.0002143223  -0.0011850659  -0.0011312494
        0.0004686490  -0.0937963145   0.0093877639  -0.1016364573   0.0049987279
       -0.0008030085   0.0086155764   0.0000293888  -0.0000986501  -0.0000498523
       -0.0000102367   0.0001025658   0.0000265792   0.0000132696  -0.0000778671
        0.0000001800  -0.0000032904   0.0000462494  -0.0000132052   0.0000171748
       -0.0000019276   0.0000000971  -0.0000029929   0.0000021659  -0.0000035961
        0.0000088503   0.0000058641   0.0000631956   0.0000008358   0.0000002924
        0.0000286746   0.0000419076   0.0000495027  -0.0000669830   0.0000172606
        0.0000023134  -0.0000262324   0.0001449536  -0.0000556189  -0.0000151624
        0.0001687937   0.0007499166   0.0002084757   0.0000775966   0.0004473970
        0.0000413108  -0.0002716501   0.0000256349   0.0001101259   0.0016618213
       -0.0006536107   0.0001342117   0.1126845528  -0.0087662792   0.1139572368
        0.0004748482   0.0002051084   0.0000850207  -0.0000925156  -0.0000210360
        0.0000434766   0.0001087559  -0.0000018079  -0.0000186227  -0.0000005399
        0.0000059662   0.0000051171  -0.0000083618  -0.0000216272  -0.0000076762
        0.0000067311   0.0000002491  -0.0000000311   0.0000044701   0.0000111323
        0.0000033784  -0.0000050474  -0.0000041891  -0.0000025496   0.0000011565
       -0.0000018919   0.0000038873   0.0000003059  -0.0000019696   0.0000032430
       -0.0000001320   0.0000029535  -0.0000022371   0.0000010266   0.0000026750
        0.0000032878   0.0000009470  -0.0000011976  -0.0000005614   0.0000089477
       -0.0000010220  -0.0000265855  -0.0000099521  -0.0000023856  -0.0000029761
       -0.0000241930  -0.0000421050   0.0000605384  -0.0000268316  -0.0000049418
       -0.0000293304   0.0000121258   0.0000233540  -0.0000116737  -0.0004480561
       -0.0020606444   0.0019594832   0.0005491064  -0.0009066040   0.0007387546
       -0.0002834226   0.0002649014  -0.0002513619   0.0001330269  -0.0002139053
        0.0001107703   0.0002491440   0.0001917475   0.0004946589  -0.0000942971
        0.0000014898  -0.0000635283   0.0000177521  -0.0000194214   0.0000270834
       -0.0000155745  -0.0000039464  -0.0000096557   0.0000403363  -0.0000060582
        0.0000340298   0.0000865456   0.0002969341  -0.0001610778  -0.0000669553
        0.0000281030   0.0000356702   0.0000192876  -0.0000075696   0.0000049695
        0.0000135204   0.0000082323  -0.0000307104  -0.0000180184   0.0000049290
        0.0000246769
       -0.0000030615   0.0000112614  -0.0000354498  -0.0000447284   0.0000159423
        0.0000903274  -0.0002491488  -0.0000405778  -0.0000308958   0.0008640345
        0.0004438428   0.0002870299   0.0025519700   0.0006329966   0.0050358771
        0.0004078786  -0.0001607693   0.0000171967   0.0000077027   0.0002267823
        0.0000440678   0.0099633341  -0.0437364843   0.0110103341   0.0078041352
       -0.0036158078   0.0207630882  -0.0000175796   0.0000345340   0.0000045890
       -0.0000012283  -0.0000269869  -0.0000240712  -0.0000027108   0.0000225867
       -0.0000000411  -0.0000011557  -0.0000151679   0.0000037386  -0.0000016154
       -0.0000001661   0.0000030831   0.0000000657  -0.0000013159   0.0000012888
       -0.0000154331  -0.0000063256  -0.0000071146  -0.0000019427  -0.0000071601
       -0.0000071125  -0.0000021938   0.0000059865   0.0000022577   0.0000002436
        0.0000037576   0.0000030649  -0.0000433659   0.0000150132   0.0000094046
        0.0002277785  -0.0004129259  -0.0003869888   0.0000996833   0.0000309011
        0.0000403129   0.0000108788  -0.0000049062  -0.0000287882  -0.0125684876
       -0.0002213979  -0.0257931983  -0.0087662792   0.0502818038  -0.0169683933
        0.0006775118   0.0003139444   0.0005940890  -0.0000812237  -0.0003261713
        0.0000647365   0.0000949370  -0.0000538440   0.0000802416  -0.0000013775
        0.0000010151   0.0000088083   0.0000025727   0.0000025060   0.0000088167
       -0.0000045332   0.0000007074   0.0000007406   0.0000006596  -0.0000035620
       -0.0000004620   0.0000034170   0.0000017962   0.0000032588  -0.0000025432
       -0.0000007486  -0.0000035894  -0.0000020636   0.0000013132  -0.0000012616
       -0.0000017059   0.0000011830  -0.0000009661   0.0000003234  -0.0000007469
       -0.0000014041   0.0000007695   0.0000010899   0.0000008333  -0.0000037010
        0.0000094049   0.0000041509   0.0000000425   0.0000013976   0.0000034452
        0.0000081406  -0.0000139138  -0.0000019797   0.0000106476   0.0000075984
        0.0000026816  -0.0000047790   0.0000011372  -0.0000002170  -0.0015924670
       -0.0038325314   0.0041601741  -0.0002122741   0.0004011068   0.0002176646
        0.0001633941  -0.0000847247   0.0000955393   0.0002015424  -0.0003398421
        0.0000939067   0.0004908404   0.0004475950   0.0011325878  -0.0001328168
        0.0001549021  -0.0002636925  -0.0000115179  -0.0000069366   0.0000037800
       -0.0000286701  -0.0000104390  -0.0000504523   0.0000514323   0.0000008955
        0.0000374169   0.0000988390  -0.0002183271  -0.0002117508   0.0000041056
        0.0000608828   0.0000228943   0.0000217772  -0.0000092716   0.0000015015
        0.0000294411  -0.0000007159  -0.0000335642   0.0000005049   0.0000178830
       -0.0000015353
        0.0000650364   0.0000881689   0.0000021177   0.0001872801   0.0001697360
        0.0002475971  -0.0003745951  -0.0001565464   0.0000006340   0.0015061379
       -0.0004516069   0.0003373130  -0.0017883420  -0.0003958664   0.0031620632
       -0.0000429656   0.0000701530  -0.0000872990   0.0003270214  -0.0000683330
       -0.0000353119  -0.0990693284   0.0120342168  -0.2215679871  -0.0066281447
        0.0039814806  -0.0180959074   0.0000110603  -0.0001044899  -0.0000122895
        0.0000017106   0.0000381501  -0.0000012591   0.0000052952  -0.0000609128
       -0.0000033188   0.0000064954   0.0000291889  -0.0000074472   0.0000137306
       -0.0000060556  -0.0000005417  -0.0000000096  -0.0000010232  -0.0000023512
       -0.0000009207   0.0000000082   0.0000307889  -0.0000063033  -0.0000035294
        0.0000118574   0.0000254165   0.0000376013  -0.0000379365   0.0000045958
        0.0000038733  -0.0000114946   0.0000592583   0.0000038803  -0.0000240989
        0.0000526830   0.0001914946   0.0001135440   0.0001254465   0.0001475031
        0.0001241265   0.0000558748   0.0000172976  -0.0000096232  -0.0091115078
       -0.0025551933  -0.0183132344   0.1139572368  -0.0169683933   0.2564859592
       -0.0003656104  -0.0003440024   0.0005615556   0.0003554326   0.0001977322
        0.0003331294  -0.0002316417   0.0000328439  -0.0000913890  -0.0000104068
        0.0000055138   0.0000020342  -0.0000094848   0.0000077833  -0.0000103835
        0.0000013395   0.0000016909   0.0000005899   0.0000045324   0.0000098405
        0.0000053355  -0.0000065626  -0.0000013899  -0.0000032581   0.0000033038
        0.0000013702   0.0000024617  -0.0000036238   0.0000000350   0.0000043351
       -0.0000002806   0.0000031605  -0.0000038833   0.0000018444   0.0000040161
        0.0000051579   0.0000000631  -0.0000020938  -0.0000004742   0.0000040516
        0.0000023400  -0.0000120392  -0.0000040149  -0.0000033197  -0.0000011594
       -0.0000122495  -0.0000272570   0.0000311113  -0.0000029794  -0.0000011007
       -0.0000104783   0.0000001727   0.0000099215  -0.0000070763   0.0014060659
        0.0041478273  -0.0028236392  -0.0000154251   0.0018396009  -0.0011479557
        0.0000503501  -0.0011353196   0.0010083840  -0.0001470938   0.0002984411
       -0.0000966924  -0.0005043003  -0.0009255733  -0.0007579209   0.0004402748
        0.0003146881   0.0002642757   0.0000445727  -0.0000111028   0.0000007684
        0.0000187774  -0.0000053714   0.0000775984  -0.0000443383   0.0000183040
       -0.0000406950  -0.0001844045  -0.0003562652   0.0003994683  -0.0001191946
       -0.0000854202  -0.0000348887  -0.0000405390   0.0000191020   0.0000204871
       -0.0000453559  -0.0000246099   0.0000562821   0.0000345629  -0.0000321880
       -0.0000369418
        0.0000748937   0.0000436728   0.0000172087  -0.0000049994   0.0000377337
        0.0000719209  -0.0001489304   0.0001011901   0.0000359886  -0.0001430860
       -0.0001441255  -0.0002611805   0.0005001111  -0.0007047708  -0.0005647280
       -0.0001474172  -0.0000789829  -0.0000763464   0.0000799057  -0.0000148032
       -0.0000527302  -0.0003472183  -0.0118688248  -0.0050316537  -0.0380599829
        0.0034642898   0.0058570874  -0.0000107074  -0.0000083241  -0.0000004950
       -0.0000295552  -0.0000202978   0.0000259500   0.0000056738   0.0000282909
       -0.0000032983  -0.0000041761  -0.0000094902   0.0000101333  -0.0000053919
        0.0000000650  -0.0000046966   0.0000035234  -0.0000022045   0.0000051967
        0.0000136810   0.0000004030  -0.0000363320   0.0000148834   0.0000060938
       -0.0000040000  -0.0000243043  -0.0000316807   0.0000186889  -0.0000027608
       -0.0000005441   0.0000130231   0.0000292877   0.0000078135   0.0000166195
        0.0000495013   0.0000906928   0.0005568507   0.0000385562   0.0001114679
        0.0000928929   0.0000348068   0.0000215222   0.0000158447  -0.0010646618
       -0.0018682226   0.0013180064   0.0004748482   0.0006775118  -0.0003656104
        0.0522913041   0.0019390280   0.0038485163  -0.0003420942  -0.0001841120
       -0.0037666197  -0.0004590816  -0.0001212426   0.0012251532   0.0000125978
       -0.0000009802  -0.0000041266  -0.0000170796   0.0000105406  -0.0000184576
        0.0000120103  -0.0000092180  -0.0000060203  -0.0000002840   0.0000009876
        0.0000004381   0.0000010403   0.0000125375  -0.0000092038  -0.0000010415
       -0.0000005425  -0.0000012479   0.0000039546  -0.0000029268   0.0000020149
        0.0000024522  -0.0000053307   0.0000025464  -0.0000004337   0.0000015140
       -0.0000000310   0.0000006309   0.0000040377  -0.0000037069  -0.0000071022
       -0.0000027656   0.0000048094  -0.0000026508  -0.0000010136  -0.0000025519
        0.0000135092   0.0000201460  -0.0000177991  -0.0000091753  -0.0000059130
        0.0000153176   0.0000021159  -0.0000023947   0.0000053037  -0.0039437585
       -0.0140120656  -0.0156424416  -0.0013947669   0.0212206834   0.0137410295
       -0.0064892694   0.0029597945  -0.0004456895  -0.0002251736   0.0000165840
        0.0002085592   0.0010247017  -0.0015130388  -0.0003024384  -0.0007026398
       -0.0004115447   0.0006061268  -0.0000071661  -0.0000593316  -0.0000382965
       -0.0000279333   0.0000410203   0.0001084753   0.0000370640   0.0000457231
        0.0000774827  -0.0010727910   0.0003770100  -0.0009428036  -0.0001811521
       -0.0001246893  -0.0001701759  -0.0001156797  -0.0000393924  -0.0000412297
        0.0001149714   0.0000154806  -0.0000550230   0.0001564404  -0.0000070608
       -0.0000322510
        0.0001855265   0.0000888120   0.0000132264   0.0000203326   0.0001288047
        0.0001532510  -0.0001808758  -0.0000184574   0.0000918358   0.0001019618
       -0.0000455747  -0.0003558641   0.0002362896   0.0003480582  -0.0004874102
       -0.0002658603  -0.0002075550  -0.0003094130   0.0002457402  -0.0000199496
       -0.0000402235  -0.0018421788  -0.0223456550  -0.0076677636  -0.0001395184
       -0.2057788104  -0.0968773627  -0.0000135652  -0.0000531601   0.0000030170
       -0.0000070031  -0.0000231217  -0.0000025760  -0.0000031457   0.0000046448
        0.0000005919   0.0000105457  -0.0000024524   0.0000018962  -0.0000093377
       -0.0000021021  -0.0000052375   0.0000039585  -0.0000022063   0.0000012619
        0.0000257752  -0.0000004234  -0.0000201980   0.0000230943   0.0000091380
       -0.0000024219  -0.0000292033  -0.0000330983   0.0000206368  -0.0000110896
       -0.0000026116   0.0000082610   0.0000804372  -0.0000012819  -0.0000068376
       -0.0000395286   0.0003937691   0.0004068335   0.0001067540   0.0001545949
        0.0001823412   0.0000624552   0.0000050006   0.0000198082  -0.0022195856
       -0.0035486641   0.0024402214   0.0002051084   0.0003139444  -0.0003440024
        0.0019390280   0.2369374518   0.1107038695   0.0010307050  -0.0001683873
       -0.0003237863  -0.0005729054   0.0005836009  -0.0001845198   0.0000013478
       -0.0000015871   0.0000009681  -0.0000040986   0.0000242660  -0.0000126645
        0.0000055240  -0.0000045404  -0.0000061129  -0.0000003547   0.0000023038
       -0.0000004170   0.0000014162   0.0000045849  -0.0000009617   0.0000028902
        0.0000027911   0.0000038233   0.0000006016  -0.0000008186   0.0000006883
        0.0000009314  -0.0000054494   0.0000022391   0.0000003474   0.0000009949
       -0.0000000703  -0.0000009877   0.0000002054   0.0000000254  -0.0000084128
       -0.0000065772   0.0000007002  -0.0000061334  -0.0000040024  -0.0000025329
        0.0000213710   0.0000280833  -0.0000144663  -0.0000164947  -0.0000076295
        0.0000092256   0.0000008133  -0.0000049079   0.0000047384  -0.0046816088
        0.0032889722  -0.0036745370   0.0038757469  -0.0104962066  -0.0061653287
        0.0027446235  -0.0008204836   0.0002090362   0.0000986116  -0.0001530881
       -0.0002991793  -0.0000369008   0.0008560686   0.0013038131   0.0006042610
       -0.0000325159  -0.0003348956   0.0000220687  -0.0000087176   0.0000224306
       -0.0000382750  -0.0000323651  -0.0000130981   0.0000260691   0.0000017362
        0.0000335490  -0.0013490620   0.0005609570   0.0011265726   0.0000610950
        0.0000824675   0.0002582267  -0.0000080570   0.0000243467   0.0000172400
       -0.0001619802  -0.0000078018   0.0001095012  -0.0000992681  -0.0000053944
        0.0000020513
       -0.0000248931   0.0000031331  -0.0000113413  -0.0000490118   0.0000073103
       -0.0000320069  -0.0000460366  -0.0000872661  -0.0000892545   0.0002104314
        0.0004356513   0.0003466351  -0.0006145061  -0.0000582177   0.0003092432
        0.0000961471  -0.0001869643   0.0000085229  -0.0000276284  -0.0000115707
        0.0000020699   0.0008459643   0.0130972262   0.0060501714   0.0013366132
       -0.0945732558  -0.0929622854   0.0000062500  -0.0000300220   0.0000001516
       -0.0000080121   0.0000147167  -0.0000028834   0.0000068772  -0.0000199809
       -0.0000019984  -0.0000077203   0.0000073539   0.0000031130   0.0000029688
       -0.0000026666  -0.0000008254  -0.0000023886   0.0000015195  -0.0000009414
       -0.0000027274  -0.0000013352   0.0000079821  -0.0000076409  -0.0000021833
        0.0000030793   0.0000068029   0.0000137414  -0.0000096512  -0.0000025743
       -0.0000004694  -0.0000032408   0.0000176101  -0.0000138550  -0.0000124527
        0.0002776254   0.0000002545  -0.0004703713  -0.0000414324   0.0000299777
       -0.0000461062   0.0000204962  -0.0000031222  -0.0000025965   0.0018149033
        0.0026892799  -0.0009316945   0.0000850207   0.0005940890   0.0005615556
        0.0038485163   0.1107038695   0.1194535376   0.0002299692   0.0004623170
       -0.0050225327   0.0013834675   0.0004872825  -0.0009569978   0.0000018277
        0.0000043577   0.0000002347  -0.0000124639  -0.0000023199   0.0000050992
        0.0000046974   0.0000006394  -0.0000032873   0.0000051069  -0.0000007649
       -0.0000003892  -0.0000031839   0.0000012556   0.0000015660  -0.0000009145
        0.0000005397   0.0000000111   0.0000032851  -0.0000011610  -0.0000006692
        0.0000015155  -0.0000000156  -0.0000012028   0.0000014519   0.0000000417
        0.0000008163  -0.0000000373   0.0000013429  -0.0000011861   0.0000027363
        0.0000002585  -0.0000028895   0.0000015691  -0.0000000249  -0.0000021809
       -0.0000014273  -0.0000106099   0.0000096800   0.0000050116   0.0000055343
       -0.0000040327  -0.0000015055   0.0000029103  -0.0000031919  -0.0121351459
       -0.0204520805  -0.0254014084   0.0015095551  -0.0094770855  -0.0029126822
        0.0020909242  -0.0007017019  -0.0000817031  -0.0000594240   0.0000375968
        0.0006480093  -0.0022499935  -0.0047034111  -0.0010119747   0.0014736731
        0.0012199749   0.0015864433   0.0000632610  -0.0000658812   0.0000196928
        0.0000304423   0.0000858692   0.0001823222   0.0000918775   0.0000718543
        0.0001365449   0.0001416583   0.0002377313   0.0004620644  -0.0000234821
        0.0001705552   0.0000827092  -0.0000435843   0.0000135795   0.0000439436
       -0.0001171439  -0.0000216128   0.0000369601  -0.0001353781   0.0000258145
        0.0000218195
        0.0002690397  -0.0000261626  -0.0001090427  -0.0003866697  -0.0000931362
       -0.0000308416   0.0001698388   0.0000626777   0.0001239985  -0.0002322664
        0.0001133879   0.0002156236   0.0013568577  -0.0002852416   0.0005363058
       -0.0000250121   0.0003290816  -0.0004548061  -0.0005327775   0.0002354014
       -0.0001084525   0.0004236998  -0.0003969294   0.0013744630  -0.0107686384
       -0.0091296437  -0.0060190596  -0.0000411451   0.0000898562   0.0000317207
       -0.0000232571  -0.0001403256  -0.0000158924  -0.0000197206   0.0001264958
        0.0000083006   0.0000191875  -0.0000561299   0.0000189709  -0.0000397724
        0.0000124071  -0.0000133826   0.0000137279  -0.0000037452   0.0000103176
        0.0000352867  -0.0000270836  -0.0001131171   0.0000565975  -0.0000038661
       -0.0000328566  -0.0001026001  -0.0000858229   0.0000909675  -0.0000319864
        0.0000040389   0.0000431158  -0.0000185524   0.0000012875  -0.0000234482
       -0.0000248283  -0.0000194932  -0.0000225824   0.0000512565  -0.0006995722
        0.0001633773  -0.0000716130   0.0000025143  -0.0000238197   0.0001866213
        0.0007686378  -0.0003323810  -0.0000925156  -0.0000812237   0.0003554326
       -0.0003420942   0.0010307050   0.0002299692   0.1536842713   0.1744468197
        0.0885074914  -0.0000670146  -0.0000980285  -0.0002984225   0.0000250111
       -0.0000130560   0.0000123723   0.0000210138   0.0000395640  -0.0000073722
        0.0000087024  -0.0000125303  -0.0000114808  -0.0000112436  -0.0000130585
       -0.0000041587   0.0000063283   0.0000102077  -0.0000002780   0.0000001038
        0.0000030414  -0.0000012542   0.0000030162  -0.0000015280  -0.0000006201
        0.0000047604  -0.0000162396   0.0000120035  -0.0000034343  -0.0000016212
       -0.0000040673  -0.0000039978   0.0000040985  -0.0000015459  -0.0000383379
        0.0000091680   0.0000382108  -0.0000062948   0.0000078406  -0.0000046726
        0.0000903970   0.0000496834  -0.0000912052  -0.0000162368   0.0000002723
        0.0000527411  -0.0000229506  -0.0000167763   0.0000248702  -0.1418646314
       -0.1636282476  -0.0856508671  -0.0009748512  -0.0008647411  -0.0025761658
       -0.0002204157   0.0009560752   0.0006604370  -0.0007768727   0.0008080940
       -0.0000916006  -0.0049625227  -0.0041179539   0.0047708137   0.0057254178
       -0.0000993714  -0.0017524285  -0.0005095667   0.0005603147  -0.0002794967
        0.0004504694   0.0001522909   0.0002555391  -0.0002020956   0.0001053256
       -0.0002024861  -0.0000350151  -0.0000329321   0.0006316175  -0.0001397642
       -0.0000026126   0.0000699763   0.0000784005   0.0000606089   0.0000253153
       -0.0000470761  -0.0000300152   0.0000568266  -0.0000242345   0.0000071924
       -0.0000429731
        0.0000876384  -0.0001169762   0.0000090803  -0.0000202524  -0.0001829373
       -0.0001553730   0.0002239747  -0.0000798103   0.0000315777  -0.0001949556
       -0.0001509477   0.0000726624   0.0004564729  -0.0000648647   0.0000398526
        0.0001858807   0.0007895781   0.0002108095  -0.0000960841  -0.0000407140
       -0.0001174913   0.0000668420   0.0011370866   0.0012023209   0.0022485566
        0.0034733288  -0.0017359664   0.0000102775   0.0001167878  -0.0000284015
        0.0000717927  -0.0000472987  -0.0000077135  -0.0000240199   0.0000145537
        0.0000051505   0.0000184420  -0.0000112314  -0.0000045232  -0.0000012542
       -0.0000094160  -0.0000079756   0.0000045856  -0.0000024870  -0.0000003065
       -0.0000016355  -0.0000100177   0.0000133038   0.0000035553  -0.0000128540
        0.0000048355   0.0000044616   0.0000371251  -0.0000197882   0.0000010411
        0.0000080000  -0.0000088718  -0.0000087358   0.0000314050  -0.0000254177
       -0.0000238822  -0.0000102114  -0.0000421066  -0.0004773124  -0.0007544702
        0.0001012997  -0.0000281721   0.0000418243  -0.0000293132   0.0004401927
       -0.0001906908  -0.0000464984  -0.0000210360  -0.0003261713   0.0001977322
       -0.0001841120  -0.0001683873   0.0004623170   0.1744468197   0.2599339798
        0.0789675967   0.0000375131   0.0000844596  -0.0000312228  -0.0000119410
       -0.0000132604   0.0000096497  -0.0000080961  -0.0000353079  -0.0000209622
       -0.0000241231   0.0000125676   0.0000037766  -0.0000061498   0.0000081455
        0.0000101389  -0.0000137688  -0.0000173218  -0.0000040657   0.0000106638
        0.0000011632   0.0000088238  -0.0000100668   0.0000049814   0.0000025110
       -0.0000009183  -0.0000001382  -0.0000001573  -0.0000010597   0.0000061266
        0.0000056636  -0.0000073769  -0.0000074923   0.0000000693  -0.0000036506
        0.0000125858  -0.0000024454  -0.0000014147   0.0000067543   0.0000013356
        0.0000089865  -0.0000433874   0.0000108915   0.0000000475  -0.0000000043
       -0.0000016206  -0.0000103630   0.0000129293  -0.0000019106  -0.1608118812
       -0.2347756732  -0.0736806524  -0.0000940789   0.0004976982   0.0013629004
        0.0003590749  -0.0008351071  -0.0003296872  -0.0003682893   0.0006139915
       -0.0014093590  -0.0153883830  -0.0223823867  -0.0103559079  -0.0017714060
       -0.0066975345   0.0051600325   0.0009174273  -0.0003452704   0.0001094231
       -0.0002933152   0.0001604576   0.0005393165  -0.0000487850   0.0003429115
       -0.0002758712   0.0003199266  -0.0000765131  -0.0000816125   0.0000083104
        0.0000545376  -0.0001051322   0.0000116489   0.0000051167   0.0000119771
        0.0000248656  -0.0000077411  -0.0000335654  -0.0000124782   0.0000085286
        0.0000088709
       -0.0004597501  -0.0000064136   0.0001075615   0.0004015767   0.0001336063
        0.0001709629  -0.0003419840   0.0000205631  -0.0001016034   0.0002267821
       -0.0004677485  -0.0005590185   0.0000909580  -0.0000951976  -0.0012129593
        0.0001435915  -0.0001499758   0.0002172876   0.0005037793  -0.0000911829
        0.0001159238  -0.0002989930  -0.0013033651   0.0010425742  -0.0115121061
       -0.0168844191  -0.0105344611   0.0000355312  -0.0000891912  -0.0000183941
        0.0000072279   0.0001967927   0.0000361671   0.0000244039  -0.0001439757
       -0.0000062282  -0.0000335299   0.0000714830  -0.0000259874   0.0000485575
       -0.0000013342   0.0000234490  -0.0000195105   0.0000060690  -0.0000132825
       -0.0000512492   0.0000422720   0.0001276661  -0.0000770059   0.0000071731
        0.0000297319   0.0001353714   0.0000997350  -0.0000943209   0.0000431005
       -0.0000068177  -0.0000469639  -0.0000682329   0.0000348199   0.0000406215
       -0.0000211247   0.0000998512   0.0001283278   0.0003532839   0.0007001998
        0.0003401780  -0.0001545698   0.0000089830   0.0000023987  -0.0004449774
        0.0007829084  -0.0001137038   0.0000434766   0.0000647365   0.0003331294
       -0.0037666197  -0.0003237863  -0.0050225327   0.0885074914   0.0789675967
        0.0783704774  -0.0001149955   0.0002804322  -0.0000347565  -0.0000308567
        0.0000207573  -0.0000251477   0.0000047665  -0.0000499169   0.0000167884
       -0.0000056715   0.0000126569   0.0000183640   0.0000123567   0.0000120766
        0.0000030137   0.0000059947  -0.0000102825   0.0000007489  -0.0000051986
       -0.0000047252  -0.0000046210  -0.0000030940   0.0000004119  -0.0000009469
       -0.0000067013   0.0000207638  -0.0000105799   0.0000021340  -0.0000012854
        0.0000019362   0.0000086092  -0.0000026405   0.0000034186   0.0000509185
       -0.0000150747  -0.0000391980   0.0000128728  -0.0000054340   0.0000075655
       -0.0001252232  -0.0000519747   0.0000920283   0.0000240445  -0.0000071811
       -0.0000605095   0.0000285191   0.0000119785  -0.0000176673  -0.0826749073
       -0.0732285038  -0.0668193605  -0.0006450541  -0.0007990424  -0.0001080781
        0.0003607257  -0.0000295160  -0.0002114986   0.0005901385   0.0002151282
       -0.0004698916   0.0096692242   0.0036502323   0.0034950779  -0.0005921786
        0.0073876433   0.0017950336  -0.0001972305   0.0004808530   0.0003687729
        0.0002122070   0.0002921717  -0.0010829611  -0.0001536187  -0.0001196993
       -0.0001981529   0.0001171832   0.0002312439  -0.0001190934   0.0001025397
        0.0000355064   0.0000823063   0.0000082214  -0.0000127983  -0.0000260110
        0.0000088908   0.0000267074  -0.0000065871   0.0000199051  -0.0000138709
        0.0000130057
        0.0001118712   0.0000668670  -0.0000667105  -0.0001090716  -0.0000123498
        0.0000262503  -0.0000124659   0.0000448897   0.0000051688  -0.0000337629
        0.0000927397   0.0000408860   0.0000028273  -0.0001012912   0.0000668096
       -0.0000655013   0.0000245701  -0.0000825499  -0.0000327197   0.0000273659
       -0.0000448338  -0.0004995468   0.0003002166  -0.0001531883   0.0000501527
       -0.0016085008   0.0010351249  -0.0000285881  -0.0000648039   0.0000358636
       -0.0000585566  -0.0000047769  -0.0000022728  -0.0000014518   0.0000460677
        0.0000048609  -0.0000304759  -0.0000190480   0.0000261965  -0.0000169976
        0.0000117223   0.0000062687  -0.0000069227   0.0000022860   0.0000099794
        0.0000163181  -0.0000046910  -0.0000847791   0.0000266900   0.0000063006
       -0.0000293061  -0.0000530967  -0.0000627472   0.0000608632  -0.0000145713
       -0.0000037756   0.0000354894   0.0000088856  -0.0000150494   0.0000100400
        0.0000209302  -0.0000231980   0.0000232733   0.0000149773  -0.0000397550
        0.0000046073   0.0000033813  -0.0000141593   0.0000118246   0.0002200567
        0.0000609787  -0.0000131094   0.0001087559   0.0000949370  -0.0002316417
       -0.0004590816  -0.0005729054   0.0013834675  -0.0000670146   0.0000375131
       -0.0001149955   0.1277261308  -0.1386022781   0.0125504713   0.0000229078
        0.0000063503   0.0000019698   0.0000152342   0.0000046071   0.0000058625
        0.0000281615  -0.0000087503  -0.0000093444  -0.0000017460  -0.0000125819
       -0.0000120604   0.0000213092   0.0000152199  -0.0000010173  -0.0000138899
       -0.0000065404  -0.0000114973   0.0000214424  -0.0000046726  -0.0000066279
        0.0000065922  -0.0000079673   0.0000094773  -0.0000022309  -0.0000068482
       -0.0000125922   0.0000095954   0.0000136633  -0.0000063900  -0.0000186875
        0.0000002186   0.0000287612  -0.0000007514   0.0000019841   0.0000006308
        0.0000406311   0.0000435062  -0.0000621517  -0.0000060507   0.0000013925
        0.0000356179  -0.0000084828  -0.0000151507   0.0000190634  -0.0004213652
        0.0035457126  -0.0025209056   0.0122470819  -0.0039440399  -0.0032384811
       -0.0002413359  -0.0097165763   0.0042215330   0.0005883028   0.0012960511
        0.0016221708  -0.0083548976  -0.0113730615  -0.0024331979   0.0072773633
        0.0042122388   0.0019128230  -0.0000298285  -0.0000230706  -0.0000939721
        0.0002125258   0.0000718943   0.0003194563  -0.0000296229   0.0001010582
       -0.0001428396  -0.1201978034   0.1357802044  -0.0124086502  -0.0135172043
        0.0195028025  -0.0032445483  -0.0002384081   0.0005130639  -0.0000294774
        0.0003684859   0.0001875902  -0.0001332182  -0.0045984803   0.0001545765
        0.0016755472
        0.0000992922  -0.0000406515  -0.0000027117  -0.0000703318   0.0000352580
        0.0000023555   0.0000018750  -0.0000138663   0.0000579989   0.0000989302
       -0.0000291569  -0.0000281640  -0.0002345727   0.0002032135  -0.0000805638
        0.0000607692  -0.0000274824   0.0000077324   0.0000535783  -0.0000413977
       -0.0000151611   0.0005643349  -0.0000009086   0.0002146446   0.0006666330
       -0.0001501133  -0.0010917577  -0.0000061671   0.0001092653  -0.0000095626
        0.0000251645  -0.0000936434  -0.0000129638  -0.0000100629   0.0000563111
       -0.0000005170   0.0000352130  -0.0000265390  -0.0000046319  -0.0000108236
        0.0000021052  -0.0000074780   0.0000165752  -0.0000049351   0.0000001662
        0.0000062934  -0.0000221775  -0.0000128033   0.0000101363  -0.0000156945
       -0.0000009075  -0.0000204522  -0.0000004552   0.0000102774  -0.0000032535
        0.0000098899   0.0000027729   0.0000177686  -0.0000003150  -0.0000190555
       -0.0000238375   0.0000394408   0.0000191047  -0.0000033317   0.0000052678
       -0.0000088078   0.0000242591   0.0000099525   0.0000041884   0.0000397354
        0.0001014364  -0.0000139348  -0.0000018079  -0.0000538440   0.0000328439
       -0.0001212426   0.0005836009   0.0004872825  -0.0000980285   0.0000844596
        0.0002804322  -0.1386022781   0.3092148035  -0.0564213007   0.0000002200
       -0.0000097045   0.0000067676  -0.0000145185   0.0000170641  -0.0000013499
       -0.0000132256  -0.0000026772  -0.0000006878  -0.0000022103  -0.0000022166
       -0.0000011659  -0.0000155228   0.0000042536   0.0000065054   0.0000067421
        0.0000034764   0.0000031651  -0.0000141486   0.0000003359   0.0000047416
       -0.0000032726  -0.0000033302  -0.0000020463   0.0000020547  -0.0000004326
        0.0000016129  -0.0000092470  -0.0000027878   0.0000077733  -0.0000096226
        0.0000124554   0.0000055800  -0.0000014184   0.0000050899  -0.0000039302
        0.0000272675  -0.0000125586  -0.0000110113  -0.0000039058   0.0000039012
        0.0000075943  -0.0000063086   0.0000055120   0.0000007176  -0.0000166662
       -0.0047808367   0.0011189955   0.0060864386  -0.0274912558   0.0048553529
       -0.0027827034  -0.0019608323   0.0033029502  -0.0004010359  -0.0010857743
       -0.0009403775   0.0022147821   0.0099380439  -0.0010460968  -0.0055204092
       -0.0051505601  -0.0005476399   0.0000173910  -0.0000184243   0.0000942628
       -0.0001745822  -0.0001116507  -0.0002851407   0.0001412714  -0.0000710259
        0.0001992501   0.1377917538  -0.2806258599   0.0510673950   0.0025492420
        0.0003502274  -0.0020847274  -0.0010881375   0.0001514745   0.0000629298
       -0.0004216816   0.0001030854   0.0005345275  -0.0008529144   0.0008011837
        0.0002545737
       -0.0000373916  -0.0000090261  -0.0000225259   0.0000063820  -0.0000247415
       -0.0000155685   0.0000141832  -0.0000180475  -0.0000236857   0.0000511047
        0.0000756023   0.0001090904   0.0000840834  -0.0000304417  -0.0000218890
       -0.0000094484   0.0000526382   0.0000115230  -0.0000461282   0.0000250057
        0.0000096374   0.0000613704  -0.0000399607  -0.0002021139  -0.0003265362
        0.0007648300   0.0002903467   0.0000069020  -0.0000251799   0.0000120789
       -0.0000067750   0.0000200613  -0.0000117690   0.0000023941  -0.0000047830
       -0.0000006244  -0.0000054064   0.0000041705  -0.0000006662   0.0000045269
        0.0000045464   0.0000139429  -0.0000061501   0.0000036629   0.0000005805
       -0.0000230332  -0.0000080062  -0.0000112247  -0.0000249576  -0.0000084989
       -0.0000096894   0.0000125916   0.0000085058   0.0000052084   0.0000096656
        0.0000027719   0.0000062807   0.0000057966  -0.0000077463  -0.0000031907
       -0.0000017402  -0.0000315205  -0.0000812572  -0.0000099333  -0.0000475909
       -0.0000288439  -0.0000197181  -0.0000142666  -0.0000096275  -0.0001218266
       -0.0001867444   0.0000089282  -0.0000186227   0.0000802416  -0.0000913890
        0.0012251532  -0.0001845198  -0.0009569978  -0.0002984225  -0.0000312228
       -0.0000347565   0.0125504713  -0.0564213007   0.0315740521   0.0000000268
        0.0000032557   0.0000014409   0.0000100738   0.0000009292   0.0000148028
        0.0000027041  -0.0000001586   0.0000027966   0.0000044180  -0.0000090206
       -0.0000078844   0.0000062627   0.0000011126   0.0000115236  -0.0000074581
       -0.0000044013  -0.0000084566   0.0000024110   0.0000008690  -0.0000041488
       -0.0000037930   0.0000055997  -0.0000026951   0.0000021020  -0.0000071757
       -0.0000061379   0.0000053925   0.0000017125   0.0000050805   0.0000078995
        0.0000041970   0.0000079999   0.0000094296   0.0000034073   0.0000021558
       -0.0000113112  -0.0000059269  -0.0000087890   0.0000147601   0.0000092339
        0.0000041530   0.0000008549  -0.0000007776   0.0000025802   0.0000665265
        0.0017427514  -0.0013311866  -0.0060915708   0.0050860408  -0.0064190830
        0.0024055034   0.0042884147   0.0049688060  -0.0000112559   0.0003850656
        0.0002252064  -0.0038673558  -0.0045819411   0.0004425857   0.0031363555
        0.0019221764  -0.0024399557   0.0000696857   0.0000262128  -0.0000784968
       -0.0000408156  -0.0000609784  -0.0000223333  -0.0001030178   0.0000817968
       -0.0000764272  -0.0148884202   0.0567667902  -0.0247573669   0.0031460433
       -0.0089807353  -0.0013720671  -0.0006140305   0.0003645325   0.0002977598
        0.0009453687  -0.0006711947   0.0001053810   0.0027246758  -0.0003202271
       -0.0000730940
       -0.0216020655   0.0140744453   0.0005882624   0.0003837517   0.0025623561
        0.0042733338   0.0007372457  -0.0001567382   0.0000443231   0.0002356713
        0.0001499815   0.0000454287   0.0001027859  -0.0000253729   0.0000113265
        0.0000460149   0.0002833599   0.0001090555  -0.0015223412   0.0002999305
       -0.0000519324  -0.0000010674  -0.0000296717   0.0000129911   0.0000032890
        0.0000024994   0.0000023609  -0.2636928357   0.0020693507   0.0645150789
       -0.0187336666  -0.0026696642   0.0076006092   0.0010213966   0.0010267562
       -0.0007681976   0.0001985050   0.0003084230   0.0000860580   0.0000044264
        0.0000191534  -0.0000355949  -0.0000144607   0.0000436129  -0.0000002984
        0.0001617619   0.0001728226   0.0004573063  -0.0007019457  -0.0004233005
        0.0003237274  -0.0007356553   0.0003353004   0.0002691412   0.0002714797
        0.0000594484  -0.0008054167   0.0000086440   0.0000130492   0.0001083555
        0.0000627459  -0.0000140343  -0.0000105530  -0.0001017897   0.0000409470
        0.0000476074  -0.0000598213  -0.0000640450   0.0000014439   0.0000093221
        0.0000071658   0.0000134956  -0.0000005399  -0.0000013775  -0.0000104068
        0.0000125978   0.0000013478   0.0000018277   0.0000250111  -0.0000119410
       -0.0000308567   0.0000229078   0.0000002200   0.0000000268   0.3031327099
       -0.0151238277  -0.0779155396  -0.0003755975  -0.0024565363   0.0013318757
        0.0005344738  -0.0005971232  -0.0002039861   0.0000612637   0.0000865993
       -0.0000515978   0.0000913214   0.0002089213  -0.0000762662  -0.0000232707
       -0.0000018501   0.0000355706   0.0000782592  -0.0000297053  -0.0000193406
        0.0000215816   0.0000024994   0.0000025287   0.0000012065   0.0000044063
       -0.0000052478  -0.0000027289   0.0000208365  -0.0000124210   0.0003229075
        0.0002773083  -0.0000666945  -0.0000574140   0.0000623199   0.0003143587
        0.0003748566  -0.0004871123   0.0000700539  -0.0001332342  -0.0001486842
       -0.0001033776  -0.0000852170   0.0000976516  -0.0001162280  -0.0000704823
       -0.0000089824   0.0000417059   0.0000849671  -0.0000134601  -0.0000095876
       -0.0000500431   0.0000212041   0.0000063303   0.0000018980   0.0000100206
        0.0000203973   0.0000595520   0.0000362808  -0.0000674119  -0.0000503148
       -0.0000150445   0.0000193957  -0.0000135169  -0.0000167226  -0.0000193901
       -0.0000045221   0.0000057281   0.0000061718   0.0000032701  -0.0000002116
       -0.0000055132  -0.0000455598  -0.0000058350   0.0000122913   0.0000073688
       -0.0000014075   0.0000034368  -0.0000058128  -0.0000031665  -0.0000005501
       -0.0000010799  -0.0000023628   0.0000094550   0.0000017898   0.0000042307
        0.0000010770
        0.0321930391  -0.0093738085  -0.0077230486   0.0034740138  -0.0028758064
        0.0009786544   0.0004098757  -0.0002577876  -0.0004805761   0.0002517694
        0.0002071871  -0.0000629811  -0.0001168974   0.0000842026   0.0000884067
        0.0000155961   0.0000243964  -0.0003294696   0.0010257591  -0.0002370143
        0.0000292884   0.0000501346  -0.0000301833   0.0000349942   0.0000000954
       -0.0000219973   0.0000068411   0.0010496245  -0.0411460500  -0.0001615011
       -0.0213002632  -0.0011273685   0.0074337239  -0.0023773697   0.0006341635
        0.0009043843   0.0002822136  -0.0000611016  -0.0001281056   0.0000242779
       -0.0000069890   0.0000135434   0.0000175950   0.0000196690  -0.0000148164
       -0.0001330726  -0.0001564257  -0.0000197526  -0.0002153550  -0.0003088447
       -0.0000604538   0.0008130639  -0.0012975680   0.0002845007   0.0000649599
        0.0004684240  -0.0000555425  -0.0000453673  -0.0001182822   0.0000933616
        0.0001118373  -0.0000056840   0.0000141765   0.0000884340  -0.0000322141
       -0.0000388931  -0.0000042994   0.0000519337   0.0001515866  -0.0000120850
       -0.0000010491  -0.0000044970   0.0000059662   0.0000010151   0.0000055138
       -0.0000009802  -0.0000015871   0.0000043577  -0.0000130560  -0.0000132604
        0.0000207573   0.0000063503  -0.0000097045   0.0000032557  -0.0151238277
        0.0600153730  -0.0022880729  -0.0016247594  -0.0038402513   0.0015494593
        0.0006136906  -0.0009329130  -0.0000945015   0.0000206656   0.0000199035
       -0.0000246833   0.0002416603   0.0001210248  -0.0001499994  -0.0000322117
        0.0000091812  -0.0000022873   0.0000599159  -0.0000715302   0.0000030968
        0.0000135889   0.0000030097   0.0000074563  -0.0000035228   0.0000020861
       -0.0000044669   0.0000195359   0.0000295383  -0.0000182586  -0.0001511275
       -0.0004802839   0.0008154982   0.0000856747   0.0001171507  -0.0001451462
       -0.0001114989   0.0010376147  -0.0006573578   0.0001674999  -0.0000763570
        0.0000512755   0.0001457009  -0.0003806364  -0.0000078407   0.0000113500
        0.0000343655  -0.0000352849  -0.0000275666  -0.0000287223   0.0000108457
        0.0000137053   0.0000203004  -0.0000087299  -0.0000120509   0.0000165315
       -0.0000089530   0.0000195118  -0.0000836499   0.0000388246  -0.0000062795
        0.0000525837   0.0000079933  -0.0000051005  -0.0000245829  -0.0000075529
       -0.0000050603   0.0000049321   0.0000075232   0.0000054424   0.0000086900
       -0.0000116832   0.0000186109   0.0000159468  -0.0000092072   0.0000001191
        0.0000016801  -0.0000012804   0.0000022454   0.0000011173   0.0000014614
        0.0000004054   0.0000002781  -0.0000059438  -0.0000021770  -0.0000006456
        0.0000001071
       -0.0032591285  -0.0045461909  -0.0063179795   0.0040558901   0.0026870952
        0.0119335652   0.0013074206  -0.0006996429  -0.0005588007   0.0007212029
        0.0006152176  -0.0000745631  -0.0000526367   0.0002111275   0.0001722871
       -0.0000295183   0.0008281874  -0.0002087325  -0.0023003354   0.0004924506
        0.0004605799  -0.0000335465  -0.0001342339   0.0001177393  -0.0000803446
        0.0000282395   0.0000156247   0.0665361254  -0.0016883748  -0.0553796055
        0.0099548295   0.0039833583   0.0015192901   0.0000999606  -0.0010379468
       -0.0008497500  -0.0003254370   0.0000343470  -0.0005189363   0.0000517115
        0.0000569465   0.0000496557  -0.0000362565   0.0000107155  -0.0000165613
        0.0000073524  -0.0000322906  -0.0005269761   0.0002553734  -0.0001299972
       -0.0000759140  -0.0006132887  -0.0000793355   0.0000259961  -0.0007016781
       -0.0000459073  -0.0008150473   0.0000500111  -0.0002182540   0.0000909398
        0.0001967447  -0.0000275438  -0.0000351501  -0.0001442689   0.0000655525
        0.0000203167  -0.0001006852  -0.0000852454   0.0001687346   0.0000092147
       -0.0000123836  -0.0000100183   0.0000051171   0.0000088083   0.0000020342
       -0.0000041266   0.0000009681   0.0000002347   0.0000123723   0.0000096497
       -0.0000251477   0.0000019698   0.0000067676   0.0000014409  -0.0779155396
       -0.0022880729   0.0478819627   0.0020037087   0.0015176845   0.0025022878
        0.0000657579   0.0002297558   0.0006007220   0.0000005338  -0.0001355116
       -0.0000125550  -0.0000333984  -0.0000923550   0.0000309349   0.0000179338
       -0.0000047181  -0.0000216750  -0.0000255069   0.0000302095   0.0000075195
       -0.0000047390   0.0000208465  -0.0000095935  -0.0000018989  -0.0000077717
        0.0000021975  -0.0000009218  -0.0000160586   0.0000064640  -0.0000680084
        0.0009725886  -0.0002868581   0.0000134164  -0.0001924868   0.0001235441
        0.0003565487  -0.0002531178  -0.0001181155   0.0000031356  -0.0001047407
        0.0001168260   0.0000086113   0.0000593703  -0.0000037028  -0.0000063106
       -0.0000579034   0.0000297737   0.0000717833   0.0000070057  -0.0000095905
       -0.0000284932  -0.0000073006   0.0000062569   0.0000098993  -0.0000122577
        0.0000018965   0.0000179224   0.0001360974  -0.0000283357  -0.0000293141
       -0.0000827261  -0.0000082625  -0.0000052022   0.0000107274   0.0000055140
        0.0000039314   0.0000016377  -0.0000030792   0.0000001544  -0.0000051078
        0.0000089627  -0.0000376265  -0.0000208758   0.0000124696   0.0000079278
       -0.0000072907  -0.0000016827  -0.0000070099  -0.0000019194  -0.0000015180
       -0.0000038090   0.0000007158   0.0000035359   0.0000024685   0.0000014906
       -0.0000011560
        0.0004504460   0.0018382085  -0.0012882471   0.0005472052   0.0003801844
        0.0000271333  -0.0002804603   0.0004666157  -0.0007155789  -0.0000939729
        0.0000577554  -0.0000273129  -0.0000533960   0.0001375592   0.0001976744
       -0.0002045649   0.0000811987  -0.0000012276   0.0002497740  -0.0002119995
       -0.0002372395  -0.0000325451   0.0000030877   0.0000035256  -0.0000024100
        0.0000031437   0.0000310911  -0.0165944063  -0.0035962439   0.0072933842
       -0.2578401598   0.0100947910   0.0897000617  -0.0187742098   0.0047884847
        0.0075114372   0.0004549561  -0.0015835082  -0.0015884731   0.0000409415
        0.0000992738   0.0000618608   0.0000167353  -0.0000253437   0.0000246132
        0.0002230069  -0.0000410948  -0.0000193667   0.0000543964  -0.0001839571
        0.0001230215  -0.0002633753  -0.0000171431   0.0001374958  -0.0000272263
        0.0001216900  -0.0001678923   0.0000615602   0.0003684832  -0.0001578380
       -0.0000797319  -0.0000533744   0.0000143173  -0.0000341437   0.0000058541
        0.0000063715  -0.0000468889  -0.0000464485   0.0000209148   0.0000002248
       -0.0000023448   0.0000032490  -0.0000083618   0.0000025727  -0.0000094848
       -0.0000170796  -0.0000040986  -0.0000124639   0.0000210138  -0.0000080961
        0.0000047665   0.0000152342  -0.0000145185   0.0000100738  -0.0003755975
       -0.0016247594   0.0020037087   0.2910971233  -0.0133261838  -0.1061033839
        0.0007676012   0.0024540026   0.0038135680  -0.0001095308  -0.0005804525
       -0.0001271303   0.0006469995   0.0005136172  -0.0004077494  -0.0000761417
        0.0000206168  -0.0000609144   0.0001577638  -0.0001933053   0.0000430291
       -0.0000010342  -0.0000287501   0.0000140802  -0.0000150409  -0.0000221513
       -0.0000089314   0.0000635814   0.0000359243  -0.0000405687  -0.0000541307
        0.0002103383  -0.0000255234  -0.0000496290  -0.0000128888   0.0000511088
        0.0002539033  -0.0001314159  -0.0000923108  -0.0000701579  -0.0000404952
        0.0000426298  -0.0000245942   0.0000752413  -0.0000027940  -0.0000271774
        0.0000469125  -0.0000425976   0.0000329893  -0.0000308919  -0.0000043281
       -0.0000186758   0.0000279554  -0.0000062585  -0.0000250207   0.0000082355
       -0.0000329212   0.0000710972  -0.0000246721   0.0000939993  -0.0000597015
       -0.0000214670  -0.0000528306   0.0000332410  -0.0000190671   0.0000031687
        0.0000041480   0.0000166267  -0.0000004449   0.0000083977  -0.0000111080
       -0.0000007584  -0.0000153784   0.0000007462  -0.0000041701   0.0000118589
       -0.0000035654   0.0000008926  -0.0000056502  -0.0000031201  -0.0000016959
       -0.0000028286  -0.0000001086   0.0000025055  -0.0000009770   0.0000034545
        0.0000007541
        0.0004239037   0.0020249680  -0.0011774613  -0.0006385469  -0.0005563048
        0.0002083574   0.0011550307  -0.0003475383   0.0007751529   0.0003653116
       -0.0000422270   0.0001109891   0.0001760361   0.0000231812   0.0000069302
       -0.0000996967  -0.0000684402  -0.0000318644   0.0001741581  -0.0004216191
       -0.0004720187  -0.0000264111   0.0000186997   0.0000043845   0.0000233290
        0.0000048351   0.0000150035  -0.0231834800   0.0003579322   0.0096091900
        0.0083647934  -0.0439179430  -0.0022035674   0.0259625182  -0.0036889072
       -0.0102631680   0.0014805726   0.0012721829  -0.0013455195   0.0000105299
       -0.0000045965   0.0000693765  -0.0000719378  -0.0000095468  -0.0000402034
        0.0000377896   0.0000546761   0.0000626430   0.0000153438  -0.0000278138
        0.0000571376  -0.0002897575  -0.0000715021   0.0001536199   0.0000252693
       -0.0000559482  -0.0000934200   0.0000738974   0.0000176582   0.0004339075
       -0.0000720411   0.0000530559  -0.0000292670  -0.0000453629   0.0000215559
        0.0000241742  -0.0000484291   0.0000781623   0.0000388082  -0.0000232302
       -0.0000069081   0.0000037350  -0.0000216272   0.0000025060   0.0000077833
        0.0000105406   0.0000242660  -0.0000023199   0.0000395640  -0.0000353079
       -0.0000499169   0.0000046071   0.0000170641   0.0000009292  -0.0024565363
       -0.0038402513   0.0015176845  -0.0133261838   0.0532967420   0.0016012626
        0.0027340149  -0.0037484740   0.0005710852  -0.0000656904   0.0000467973
        0.0001264725  -0.0004636015  -0.0007267367   0.0003567615   0.0000353143
        0.0000268209  -0.0000205216  -0.0002392242   0.0001221848   0.0000057117
       -0.0000231223   0.0000490851  -0.0000128985   0.0000030624   0.0000034212
       -0.0000055364  -0.0000455807  -0.0000560092   0.0000500287  -0.0000065626
        0.0001344874  -0.0000474192  -0.0000462603  -0.0000373034   0.0000874299
        0.0002278591  -0.0000660601  -0.0000443077  -0.0000659784  -0.0000102522
       -0.0000203039  -0.0000139681   0.0000753418  -0.0000271120  -0.0000818933
       -0.0000665536   0.0000960259   0.0000653503   0.0000217140  -0.0000122323
       -0.0000319672  -0.0000138366   0.0000108799   0.0000130478  -0.0000113543
       -0.0000000870   0.0001069724   0.0002413630  -0.0000667752  -0.0000524251
       -0.0001389621  -0.0000229262  -0.0000086935   0.0000316513  -0.0000554630
       -0.0000028699  -0.0000121972  -0.0000050075  -0.0000266437  -0.0000112435
        0.0000317013  -0.0000437905  -0.0000195478   0.0000086788   0.0000012108
       -0.0000055294   0.0000024125  -0.0000072380  -0.0000019052  -0.0000015246
       -0.0000042108   0.0000014718   0.0000038300   0.0000029339  -0.0000010046
       -0.0000012452
       -0.0015917422  -0.0001734644  -0.0004538038   0.0004084869   0.0005931907
        0.0000567195  -0.0005231235   0.0003300664   0.0000672061  -0.0002798442
        0.0000623391   0.0000918940  -0.0000134819  -0.0000677903  -0.0000801036
        0.0001580905  -0.0000447521  -0.0000413128  -0.0002091033   0.0000429122
        0.0001378393   0.0000240446  -0.0000280487  -0.0000350131   0.0000187798
        0.0000146308   0.0000145941   0.0102640620  -0.0012495242  -0.0022445383
        0.0893514664  -0.0011760143  -0.0718119342   0.0054536048  -0.0022891616
       -0.0014768411  -0.0019706817   0.0002187083  -0.0032376326   0.0001103166
        0.0005329029  -0.0000884978  -0.0001371233   0.0001327042  -0.0000857437
       -0.0001396838  -0.0001424285   0.0001770575  -0.0001170876  -0.0000122309
       -0.0001125136   0.0001102909  -0.0000565567   0.0000057321   0.0000868461
        0.0000688993   0.0000143259  -0.0002770485   0.0004005387  -0.0009158145
       -0.0000142479  -0.0000208356  -0.0000297292   0.0000092543  -0.0000195731
       -0.0000373516  -0.0000104992  -0.0000610376  -0.0000943248   0.0000183418
       -0.0000138221  -0.0000095769  -0.0000076762   0.0000088167  -0.0000103835
       -0.0000184576  -0.0000126645   0.0000050992  -0.0000073722  -0.0000209622
        0.0000167884   0.0000058625  -0.0000013499   0.0000148028   0.0013318757
        0.0015494593   0.0025022878  -0.1061033839   0.0016012626   0.0682520424
        0.0042375754   0.0003766836   0.0095025783   0.0000450690  -0.0005317802
       -0.0000788161  -0.0001718984  -0.0001573081   0.0000900387  -0.0000094570
       -0.0000019823  -0.0000015825  -0.0000544625   0.0000688748  -0.0000304618
        0.0000125328   0.0000705573  -0.0000254923   0.0000063502  -0.0000175595
       -0.0000122486  -0.0000291135  -0.0000133933   0.0000239033   0.0000206780
       -0.0000532894   0.0000625819   0.0000425815   0.0000155900  -0.0000226134
       -0.0001165563   0.0000760239  -0.0000314027   0.0000660373   0.0000645538
       -0.0000348865   0.0000060942  -0.0000615617   0.0000182394  -0.0000051885
        0.0000181089  -0.0000346851  -0.0000277360   0.0000085994   0.0000054858
        0.0000138741  -0.0000098345  -0.0000086052  -0.0000158749   0.0000293573
       -0.0000252946   0.0000870277  -0.0000246060   0.0001376376  -0.0000260781
        0.0000013083  -0.0000648858  -0.0000015699  -0.0000501491  -0.0000295332
       -0.0000255490  -0.0000017057   0.0000036828   0.0000027100   0.0000208041
       -0.0000180030   0.0000081841   0.0000018755  -0.0000217121  -0.0000016191
        0.0000052175   0.0000073150   0.0000015687  -0.0000001076   0.0000001167
        0.0000035142   0.0000001033  -0.0000040982   0.0000005403  -0.0000005950
        0.0000014675
        0.0000420666  -0.0000722217   0.0004139375   0.0001205839  -0.0002429640
       -0.0002055431   0.0001122228  -0.0000156529   0.0000448275   0.0000090639
       -0.0000144147  -0.0000335750  -0.0000107569  -0.0000549102  -0.0000549923
        0.0001212691   0.0000121640   0.0000330727   0.0000552961   0.0000561568
       -0.0000880551  -0.0000170212   0.0000241596  -0.0000086770   0.0000159129
       -0.0000376205   0.0000183658  -0.0000653049  -0.0015039838  -0.0020493158
       -0.0190082257   0.0047862031   0.0079209459  -0.2543081107   0.0056103261
        0.0933912060  -0.0138905201  -0.0024387823   0.0068494574   0.0005463040
        0.0005490732  -0.0001824996   0.0001233755   0.0001298184  -0.0000500185
        0.0000870920  -0.0001092662   0.0001883253  -0.0001202979  -0.0001828584
       -0.0000184577  -0.0000397439   0.0000278151   0.0000661751   0.0001180275
        0.0002439910  -0.0001767157  -0.0000372626   0.0000070999   0.0000497448
        0.0000094548  -0.0000048237   0.0000316223   0.0000008730  -0.0000165950
        0.0000035403  -0.0000097619  -0.0000010868   0.0000347484   0.0000020482
       -0.0000012213   0.0000022573   0.0000067311  -0.0000045332   0.0000013395
        0.0000120103   0.0000055240   0.0000046974   0.0000087024  -0.0000241231
       -0.0000056715   0.0000281615  -0.0000132256   0.0000027041   0.0005344738
        0.0006136906   0.0000657579   0.0007676012   0.0027340149   0.0042375754
        0.2847031393  -0.0079243110  -0.1113625088   0.0002981725   0.0003609050
       -0.0000588978  -0.0006848775  -0.0023896916   0.0009494817  -0.0001335910
       -0.0000084255   0.0000939333   0.0005037342  -0.0002335325  -0.0000236013
        0.0000879739   0.0000140048   0.0000165244  -0.0000223557   0.0000285725
       -0.0000250398   0.0000603134   0.0001352831  -0.0001121969   0.0000067814
        0.0001193778   0.0000306767   0.0000071777   0.0000229356   0.0000538581
        0.0000533825  -0.0001002028  -0.0000355371  -0.0000090743  -0.0001562001
        0.0000184865  -0.0000173285   0.0000197821  -0.0000107997  -0.0000384880
        0.0001027456  -0.0000183483   0.0000132808  -0.0000653076   0.0000091880
       -0.0000210164   0.0000534337  -0.0000072250  -0.0000137448   0.0000195148
       -0.0000068044   0.0000382278  -0.0001982836   0.0000268681  -0.0000260574
        0.0001162090   0.0000302425  -0.0000231545  -0.0000287865  -0.0000274326
       -0.0000076090   0.0000160498   0.0000090668   0.0000071644   0.0000015491
       -0.0000260658  -0.0000034888   0.0000308604  -0.0000103461   0.0000067903
        0.0000038270   0.0000006689   0.0000008415  -0.0000035805  -0.0000006006
        0.0000012890  -0.0000015574   0.0000004936  -0.0000017474   0.0000030756
       -0.0000008634
       -0.0004648135   0.0004437974   0.0001843149   0.0000269574  -0.0000589749
        0.0000067426  -0.0000534649  -0.0000939832   0.0000841579  -0.0000928528
       -0.0000080532  -0.0000072425  -0.0000447734  -0.0000274287  -0.0000485416
        0.0000787724   0.0000263995   0.0000355157  -0.0001230530   0.0000930107
        0.0001106941   0.0000055057   0.0000020715  -0.0000046887  -0.0000115956
        0.0000043900   0.0000010033   0.0027169922   0.0008162602  -0.0014682230
        0.0252468701  -0.0031117097  -0.0102271972   0.0038809634  -0.0431425918
       -0.0014817975  -0.0222313389  -0.0011985754   0.0101757294  -0.0010670812
        0.0005985645  -0.0001449114   0.0001562679  -0.0000619039  -0.0000381488
       -0.0001038772   0.0000196023  -0.0001083013  -0.0000471819   0.0001754539
       -0.0001374269   0.0001101598   0.0000055200  -0.0000495772   0.0000391847
       -0.0001450468   0.0002056169   0.0000114866  -0.0000375681  -0.0000902715
       -0.0000154491  -0.0000058090   0.0000024900  -0.0000068750  -0.0000011198
       -0.0000044224   0.0000108322  -0.0000037982  -0.0000116206   0.0000008860
       -0.0000010405  -0.0000041487   0.0000002491   0.0000007074   0.0000016909
       -0.0000092180  -0.0000045404   0.0000006394  -0.0000125303   0.0000125676
        0.0000126569  -0.0000087503  -0.0000026772  -0.0000001586  -0.0005971232
       -0.0009329130   0.0002297558   0.0024540026  -0.0037484740   0.0003766836
       -0.0079243110   0.0545450307   0.0005169621  -0.0001828839   0.0004995345
        0.0001988998  -0.0023951700  -0.0042955260   0.0017002768   0.0000520073
       -0.0000073044  -0.0000981944   0.0003956666  -0.0004667884   0.0001716710
        0.0000765287   0.0000081256   0.0000156334  -0.0000444259   0.0000408481
        0.0000025435   0.0001545147   0.0000702873  -0.0001080524   0.0000537535
       -0.0001561964   0.0000199612   0.0000298167   0.0000291907  -0.0000406248
       -0.0001331297   0.0000922801   0.0000332239   0.0000099833   0.0000754655
       -0.0000107864   0.0000285641  -0.0000417950   0.0000017654   0.0000378526
        0.0000102469  -0.0000279307  -0.0000224755  -0.0000005572  -0.0000003002
        0.0000150527  -0.0000021039  -0.0000022192   0.0000054073  -0.0000028655
       -0.0000076676  -0.0000459404  -0.0000412515   0.0000290386   0.0000191936
        0.0000248905  -0.0000034040   0.0000004010   0.0000067465   0.0000185256
        0.0000023965   0.0000003833  -0.0000024349   0.0000035649  -0.0000027456
       -0.0000035044   0.0000128905   0.0000016006  -0.0000012848  -0.0000000237
        0.0000008271  -0.0000014602   0.0000017793   0.0000001105   0.0000004610
        0.0000004161  -0.0000000829  -0.0000015926  -0.0000005811  -0.0000004879
       -0.0000005189
        0.0001783751   0.0008777662   0.0008246025   0.0001781344  -0.0002001331
       -0.0003944579   0.0001276092  -0.0002213954   0.0002055122  -0.0002458383
        0.0000250863   0.0000699721  -0.0000650582  -0.0001252563  -0.0001475535
        0.0002145270   0.0000126965   0.0000919722  -0.0001256410   0.0002120124
        0.0000939899   0.0000107072   0.0000165467  -0.0000206489   0.0000175582
       -0.0000002984   0.0000012668  -0.0025471727  -0.0003524337  -0.0040898815
        0.0068225030  -0.0014620020  -0.0015612710   0.0942578467  -0.0021897457
       -0.0756678339   0.0074391540   0.0013921252  -0.0019579998   0.0004961875
       -0.0006381116   0.0007015542  -0.0000327394  -0.0000579638   0.0000547427
       -0.0000113353  -0.0000807911  -0.0000622219  -0.0000753934  -0.0001063576
       -0.0000272563   0.0000631197   0.0000268059   0.0000316106  -0.0000202684
        0.0001288415   0.0000031474   0.0000761446  -0.0000488655  -0.0000625542
       -0.0000299114  -0.0000138663   0.0000096986  -0.0000055294  -0.0000148893
        0.0000059867  -0.0000011897  -0.0000183498  -0.0000221646   0.0000001399
       -0.0000015210  -0.0000015811  -0.0000000311   0.0000007406   0.0000005899
       -0.0000060203  -0.0000061129  -0.0000032873  -0.0000114808   0.0000037766
        0.0000183640  -0.0000093444  -0.0000006878   0.0000027966  -0.0002039861
       -0.0000945015   0.0006007220   0.0038135680   0.0005710852   0.0095025783
       -0.1113625088   0.0005169621   0.0703567836   0.0001800169   0.0000423756
        0.0002373888   0.0011153748   0.0014821217   0.0013206454   0.0000615201
       -0.0000338457  -0.0000865434  -0.0002827509   0.0004888075  -0.0000955745
       -0.0000115732  -0.0000203634  -0.0000053246  -0.0000048026  -0.0000367332
        0.0000030582  -0.0000757309  -0.0000518736   0.0000451468   0.0000145746
       -0.0000047461   0.0000420162   0.0000252001   0.0000286348  -0.0000148319
       -0.0000416282  -0.0000151024  -0.0000307033   0.0000357671  -0.0000101611
        0.0000303149   0.0000081827  -0.0000207282   0.0000117846   0.0000247095
        0.0000130182  -0.0000289024  -0.0000500534   0.0000129280   0.0000071241
        0.0000262125  -0.0000142168  -0.0000061307  -0.0000048544  -0.0000031352
       -0.0000151490  -0.0000059193  -0.0000169446   0.0000523438   0.0000163473
       -0.0000006033  -0.0000265801   0.0000070251   0.0000065819   0.0000090111
        0.0000016931  -0.0000048675  -0.0000032883  -0.0000028497   0.0000014568
        0.0000048161   0.0000236580   0.0000027709  -0.0000084597  -0.0000068659
        0.0000025010   0.0000032044   0.0000034911   0.0000018860   0.0000008306
        0.0000019823   0.0000009691  -0.0000042570  -0.0000008523  -0.0000018927
        0.0000008814
       -0.0001003287  -0.0005461547  -0.0001323759  -0.0000525755   0.0000457391
        0.0000175450   0.0000209298  -0.0000336912   0.0000403321  -0.0000015482
       -0.0000067724  -0.0000081585  -0.0000328479   0.0000021363  -0.0000015844
        0.0000105380   0.0000089167   0.0000145815   0.0000295524   0.0000336244
       -0.0000250349   0.0000082461   0.0000106925  -0.0000094944   0.0000176679
       -0.0000143592   0.0000014875   0.0007015910   0.0005464927   0.0005668234
       -0.0006121320  -0.0015779340   0.0000386862  -0.0001258466  -0.0076446371
       -0.0095198740  -0.0451176011  -0.0123903439  -0.0126433327  -0.0034538901
       -0.0071366460  -0.0189027873   0.0003626866  -0.0004616519   0.0005673677
       -0.0000656581   0.0000576752   0.0001471446  -0.0000539965   0.0000529233
        0.0000357626   0.0000942195   0.0001079920  -0.0001003299   0.0000467666
       -0.0000634028  -0.0000569445   0.0000115947   0.0000054715  -0.0000191312
        0.0000114602   0.0000104057   0.0000083578   0.0000077188  -0.0000176208
       -0.0000124497  -0.0000089726  -0.0000042624   0.0000003957  -0.0000007549
       -0.0000063305  -0.0000048807   0.0000044701   0.0000006596   0.0000045324
       -0.0000002840  -0.0000003547   0.0000051069  -0.0000112436  -0.0000061498
        0.0000123567  -0.0000017460  -0.0000022103   0.0000044180   0.0000612637
        0.0000206656   0.0000005338  -0.0001095308  -0.0000656904   0.0000450690
        0.0002981725  -0.0001828839   0.0001800169   0.0501320621   0.0120181451
        0.0186164217  -0.0005404639   0.0161446487   0.0246758614  -0.0018417785
        0.0016500839  -0.0033099206   0.0003165476  -0.0006536211  -0.0005164749
       -0.0000564809  -0.0001851456   0.0001261165   0.0002409148   0.0001926515
        0.0000438977  -0.0001593935   0.0001179376   0.0001465001   0.0000400274
       -0.0000149233  -0.0000360324  -0.0000043315  -0.0000271854   0.0000128250
       -0.0000828026  -0.0000435694   0.0000820056  -0.0000005158   0.0000298106
       -0.0000602535   0.0000186588   0.0000150688  -0.0000158382   0.0000093174
        0.0000353355  -0.0000260032  -0.0000547433  -0.0000052900   0.0000150256
        0.0000243860  -0.0000035407  -0.0000081211  -0.0000132343   0.0000103476
       -0.0000037103   0.0000018788  -0.0000841824   0.0000440317   0.0000155865
        0.0000500170  -0.0000079063  -0.0000057218  -0.0000160492  -0.0000039661
       -0.0000072260   0.0000034819   0.0000012995   0.0000068843   0.0000056040
       -0.0000129276   0.0000247898   0.0000126348  -0.0000162014  -0.0000065414
        0.0000052993   0.0000035640   0.0000036619   0.0000012537   0.0000008980
        0.0000023346   0.0000006554  -0.0000056048  -0.0000017379  -0.0000017670
        0.0000003737
       -0.0005303174  -0.0006023233  -0.0004850641  -0.0000036238   0.0001378551
        0.0001264367   0.0000247376  -0.0001117557  -0.0000430263   0.0000207376
        0.0000012114  -0.0000101653  -0.0000424556   0.0000290417   0.0000186506
       -0.0000180189   0.0000297394   0.0000211737   0.0000410898   0.0000546689
       -0.0000182275   0.0000032046   0.0000127989   0.0000039099   0.0000045929
       -0.0000211023  -0.0000074425   0.0014998882  -0.0003816909   0.0024344054
       -0.0026891473  -0.0019691945   0.0010397182  -0.0044580575  -0.0263439163
       -0.0206807285  -0.0105241475  -0.1067750680  -0.1094338854   0.0018246818
        0.0065915381   0.0103845275   0.0004035581   0.0010925270   0.0008945026
        0.0000542359   0.0002246565   0.0001635739   0.0000365086   0.0000938916
        0.0000772238   0.0000819365   0.0001078955  -0.0001484258  -0.0000310959
       -0.0001325515  -0.0000868279   0.0000141953  -0.0000657757  -0.0000034450
        0.0000521758   0.0000045324   0.0000130949   0.0000119343  -0.0000130729
       -0.0000059804  -0.0000042083   0.0000216838   0.0000217919  -0.0000050276
        0.0000008759  -0.0000038366   0.0000111323  -0.0000035620   0.0000098405
        0.0000009876   0.0000023038  -0.0000007649  -0.0000130585   0.0000081455
        0.0000120766  -0.0000125819  -0.0000022166  -0.0000090206   0.0000865993
        0.0000199035  -0.0001355116  -0.0005804525   0.0000467973  -0.0005317802
        0.0003609050   0.0004995345   0.0000423756   0.0120181451   0.1306915126
        0.1202587402   0.0012147220  -0.0026488957  -0.0062016240   0.0015418206
       -0.0007047857   0.0023851116  -0.0003762330   0.0004304609   0.0000702329
        0.0000124365   0.0000140746  -0.0000158045   0.0000795844  -0.0002252979
       -0.0000173643  -0.0000352666  -0.0001141336  -0.0000935280   0.0000273649
       -0.0000252629  -0.0000624424  -0.0000360430  -0.0000331056   0.0000107095
       -0.0000742945  -0.0000426073   0.0001188390  -0.0000369755   0.0000568674
       -0.0000958685   0.0000249375   0.0000292707  -0.0000256776   0.0000329201
        0.0000174972  -0.0000104738  -0.0000523431  -0.0000089053   0.0000051080
        0.0000257348   0.0000023967  -0.0000014681   0.0000082839  -0.0000041885
        0.0000051151  -0.0000581967  -0.0000625363  -0.0000186475   0.0000413441
        0.0000457739   0.0000283956  -0.0000022942   0.0000116117   0.0000014543
        0.0000003055  -0.0000001270   0.0000025058  -0.0000044120  -0.0000030542
        0.0000028560   0.0000304111   0.0000118181   0.0000020796  -0.0000060350
        0.0000012904  -0.0000048523   0.0000050350   0.0000033205   0.0000013544
        0.0000006333   0.0000009878  -0.0000030775  -0.0000024937  -0.0000013538
       -0.0000008427
        0.0001407574   0.0002501529   0.0001493474  -0.0001268181   0.0000090961
       -0.0000023042  -0.0000060582  -0.0000168584  -0.0000392993  -0.0000168711
       -0.0000037737  -0.0000053050  -0.0000102882   0.0000094372   0.0000120108
       -0.0000291695   0.0000078293   0.0000059669   0.0000146368  -0.0000135834
        0.0000088032   0.0000060180   0.0000003722   0.0000023589   0.0000052541
       -0.0000083532  -0.0000152399  -0.0002545391  -0.0000824166  -0.0003728972
       -0.0002603858   0.0010821363  -0.0003244290   0.0002165162  -0.0000844189
        0.0052963167  -0.0110729859  -0.1046571788  -0.1935191475  -0.0068613836
       -0.0087610665  -0.0235338817   0.0003438790  -0.0009534370   0.0007281882
        0.0000186055  -0.0000186472  -0.0000310522   0.0000042432   0.0000122588
        0.0000252076   0.0000159632   0.0000220174  -0.0000307613  -0.0000063122
       -0.0000024208   0.0000101437   0.0000091429   0.0000039245   0.0000279078
        0.0000107605   0.0000038668   0.0000026078   0.0000026577   0.0000017140
       -0.0000020874   0.0000024092   0.0000025000  -0.0000053192  -0.0000015576
        0.0000027146  -0.0000009117   0.0000033784  -0.0000004620   0.0000053355
        0.0000004381  -0.0000004170  -0.0000003892  -0.0000041587   0.0000101389
        0.0000030137  -0.0000120604  -0.0000011659  -0.0000078844  -0.0000515978
       -0.0000246833  -0.0000125550  -0.0001271303   0.0001264725  -0.0000788161
       -0.0000588978   0.0001988998   0.0002373888   0.0186164217   0.1202587402
        0.2273591104   0.0022610154  -0.0100168811  -0.0141960969  -0.0035272076
        0.0023803870  -0.0029428529   0.0005372425  -0.0003162883   0.0008210879
        0.0001733225  -0.0002883210   0.0003938855  -0.0000250069   0.0009315133
        0.0002371571   0.0000655221  -0.0000638413  -0.0002211755   0.0000011862
       -0.0000114339  -0.0000211215   0.0000021510  -0.0000043106  -0.0000138653
       -0.0000078733  -0.0000014163   0.0000296404  -0.0000075515   0.0000116724
        0.0000047459  -0.0000004822   0.0000021824  -0.0000039622   0.0000181475
       -0.0000103803   0.0000080774  -0.0000326607   0.0000062531   0.0000030464
        0.0000143203  -0.0000057412   0.0000019358   0.0000169698  -0.0000095872
        0.0000199524  -0.0000490040  -0.0000025618  -0.0000473154   0.0000355351
        0.0000107573   0.0000244090   0.0000101930   0.0000179643  -0.0000016374
        0.0000008071  -0.0000041984   0.0000003318  -0.0000122593  -0.0000023683
        0.0000080231   0.0000177374   0.0000013347   0.0000059272  -0.0000047115
       -0.0000001955  -0.0000032725   0.0000028897   0.0000026519   0.0000021405
        0.0000003364   0.0000000050  -0.0000013385  -0.0000014866  -0.0000005848
        0.0000008506
        0.0002296793   0.0003517359  -0.0000613886  -0.0001310774  -0.0000428397
        0.0000283554   0.0000206956  -0.0000221453  -0.0000470963  -0.0000048123
        0.0000143290   0.0000016179  -0.0000127630   0.0000110247   0.0000256655
       -0.0000268762   0.0000015627  -0.0000153044   0.0000378714   0.0000001859
       -0.0000285866   0.0000114766  -0.0000043419  -0.0000063951   0.0000202704
       -0.0000111048   0.0000076541  -0.0001432045  -0.0001019418  -0.0000883555
        0.0009331341   0.0017009492  -0.0008738015  -0.0168654366  -0.0035956197
        0.0086147223  -0.2308361672   0.0263123887   0.0855325420  -0.0218479606
        0.0056546286   0.0049645220   0.0007971174  -0.0006341210   0.0004562974
        0.0000958694  -0.0000500779  -0.0000474972   0.0000655280  -0.0000835009
        0.0000185067  -0.0000585400   0.0000012805   0.0000340266  -0.0000324554
        0.0000800832  -0.0000179591   0.0000105302  -0.0000122342   0.0000468256
        0.0000058643  -0.0000000977  -0.0000008618   0.0000020221  -0.0000004756
        0.0000054854  -0.0000064888  -0.0000105517  -0.0000001560  -0.0000031381
        0.0000053932   0.0000066139  -0.0000050474   0.0000034170  -0.0000065626
        0.0000010403   0.0000014162  -0.0000031839   0.0000063283  -0.0000137688
        0.0000059947   0.0000213092  -0.0000155228   0.0000062627   0.0000913214
        0.0002416603  -0.0000333984   0.0006469995  -0.0004636015  -0.0001718984
       -0.0006848775  -0.0023951700   0.0011153748  -0.0005404639   0.0012147220
        0.0022610154   0.2700175242  -0.0298894054  -0.0989757436   0.0003615556
       -0.0003751123   0.0004968686  -0.0027433365   0.0019851061  -0.0030802733
        0.0002310871  -0.0003018565   0.0001976609  -0.0001357842   0.0000415762
        0.0000192759   0.0005315484   0.0003590998  -0.0003846143  -0.0000415111
        0.0000599864   0.0000039290  -0.0000158545   0.0000070733   0.0000015248
        0.0000795964  -0.0000400411  -0.0000324864  -0.0000189824  -0.0000116346
        0.0000267703  -0.0000196964   0.0000096873   0.0000072360  -0.0000378226
        0.0000597586  -0.0000374118   0.0000228760  -0.0000343735   0.0000034340
       -0.0000235176   0.0000346811  -0.0000056267  -0.0000255932   0.0000146427
       -0.0000099400   0.0000488193  -0.0001098797   0.0000438899  -0.0000353370
        0.0000578526  -0.0000042861   0.0000114669  -0.0000334148  -0.0000044479
       -0.0000084188   0.0000115820   0.0000126236   0.0000120123   0.0000036595
       -0.0000073045  -0.0000101264   0.0000114893  -0.0000049543   0.0000098223
       -0.0000002716   0.0000012119  -0.0000042411  -0.0000013785  -0.0000005743
       -0.0000015977  -0.0000004415   0.0000024938  -0.0000022376   0.0000039529
        0.0000017080
        0.0000680588   0.0001518075  -0.0000553630   0.0000451670  -0.0000489128
        0.0000146821   0.0000162111   0.0000046827  -0.0000291553   0.0000417642
        0.0000147156  -0.0000047111   0.0000153692  -0.0000023248   0.0000039131
        0.0000033389  -0.0000081417  -0.0000139800   0.0000149492  -0.0000135061
       -0.0000401967   0.0000001874  -0.0000016830   0.0000042535   0.0000113864
       -0.0000066121   0.0000037687  -0.0000969649  -0.0000780694  -0.0000301711
       -0.0019689639   0.0013722494   0.0006030757  -0.0255223108   0.0003330313
        0.0121659568   0.0265964176  -0.0475215041  -0.0137856484   0.0143454781
       -0.0029835802  -0.0040004506   0.0008884830   0.0004126781  -0.0003607053
        0.0000148768   0.0000069582  -0.0000038740   0.0000156503  -0.0000223251
       -0.0000003003  -0.0000525202  -0.0000203718   0.0000396393   0.0000133614
        0.0000363197  -0.0000226965  -0.0000193558   0.0000081971   0.0000446135
        0.0000036798   0.0000053602   0.0000026935  -0.0000033245   0.0000059721
        0.0000056032  -0.0000058826   0.0000057765   0.0000097766  -0.0000048499
        0.0000022754   0.0000029724  -0.0000041891   0.0000017962  -0.0000013899
        0.0000125375   0.0000045849   0.0000012556   0.0000102077  -0.0000173218
       -0.0000102825   0.0000152199   0.0000042536   0.0000011126   0.0002089213
        0.0001210248  -0.0000923550   0.0005136172  -0.0007267367  -0.0001573081
       -0.0023896916  -0.0042955260   0.0014821217   0.0161446487  -0.0026488957
       -0.0100168811  -0.0298894054   0.0569594365   0.0119255567  -0.0006393672
        0.0003691981  -0.0003734386   0.0021108234  -0.0011070423   0.0023303651
       -0.0002665140   0.0001249382  -0.0001051338   0.0000578485  -0.0000858231
       -0.0001244671  -0.0002794468  -0.0003412110   0.0005815229  -0.0000124133
        0.0000243963   0.0000032410  -0.0000061848  -0.0000069867   0.0000166725
        0.0000491543  -0.0000100249  -0.0000276696  -0.0000016007  -0.0000321101
        0.0000142069  -0.0000082990   0.0000073141   0.0000016022  -0.0000417947
       -0.0000153759   0.0000234098   0.0000371787   0.0000092965  -0.0000055493
       -0.0000210532   0.0000001453   0.0000032055  -0.0000081376   0.0000169717
       -0.0000040761   0.0000767257   0.0000346992  -0.0000145861  -0.0000466295
       -0.0000230694   0.0000063724  -0.0000109308  -0.0000298800  -0.0000199031
       -0.0000113654   0.0000026091   0.0000092017   0.0000034482   0.0000121649
       -0.0000049464  -0.0000220980  -0.0000057033   0.0000013423   0.0000039951
       -0.0000006576   0.0000013166  -0.0000041954  -0.0000001341  -0.0000007041
       -0.0000019504   0.0000006589   0.0000020627   0.0000007339   0.0000000180
        0.0000004268
       -0.0001368295  -0.0000693375   0.0000407131   0.0001022282   0.0000106094
       -0.0000242897  -0.0000387911   0.0000561476   0.0000720348   0.0000059385
       -0.0000139951   0.0000077603   0.0000068366   0.0000024080  -0.0000048461
        0.0000188564  -0.0000077816  -0.0000049563  -0.0000350420  -0.0000129742
        0.0000078936  -0.0000098970  -0.0000030638  -0.0000066090  -0.0000051972
        0.0000206904   0.0000112144   0.0000490497  -0.0000964331   0.0000866063
       -0.0005631427  -0.0007084301  -0.0001549496   0.0098439568   0.0013736001
       -0.0038997590   0.0852300151  -0.0137965899  -0.0842024201  -0.0166631422
        0.0036925472   0.0065627068  -0.0006021506  -0.0003651113   0.0004061571
       -0.0000816911  -0.0000138008   0.0000258738  -0.0000318039   0.0000346891
       -0.0000168118   0.0000205727  -0.0000184494   0.0000035281   0.0000178941
       -0.0000452990   0.0000220516   0.0000187781   0.0000242735  -0.0000668127
       -0.0000351681   0.0000041401  -0.0000111416  -0.0000058413  -0.0000049727
       -0.0000076446   0.0000000547  -0.0000083238  -0.0000111912   0.0000052602
       -0.0000095728  -0.0000049130  -0.0000025496   0.0000032588  -0.0000032581
       -0.0000092038  -0.0000009617   0.0000015660  -0.0000002780  -0.0000040657
        0.0000007489  -0.0000010173   0.0000065054   0.0000115236  -0.0000762662
       -0.0001499994   0.0000309349  -0.0004077494   0.0003567615   0.0000900387
        0.0009494817   0.0017002768   0.0013206454   0.0246758614  -0.0062016240
       -0.0141960969  -0.0989757436   0.0119255567   0.0949296526  -0.0004638218
        0.0000194007   0.0008297509  -0.0030928938   0.0023205626  -0.0016135675
        0.0000074262  -0.0000864982  -0.0000194401   0.0001569751  -0.0000702380
       -0.0002011433   0.0001041513   0.0001319302   0.0000361846   0.0000137660
       -0.0000251954   0.0000089370   0.0000094622   0.0000006352  -0.0000079974
       -0.0000330891   0.0000322861  -0.0000031688   0.0000160143   0.0000323186
       -0.0000147783   0.0000067384  -0.0000108246   0.0000019133  -0.0000037308
       -0.0000090024  -0.0000123698  -0.0000025102   0.0000183994  -0.0000013168
        0.0000087045  -0.0000185117  -0.0000008884  -0.0000186997   0.0000027215
       -0.0000157241   0.0000501140   0.0000382572   0.0000821483  -0.0000216068
       -0.0000340032  -0.0000589674  -0.0000085396  -0.0000185210   0.0000053157
       -0.0000050132   0.0000056757  -0.0000072386   0.0000177807   0.0000007994
       -0.0000140065  -0.0000069671  -0.0000098814  -0.0000118793  -0.0000007134
        0.0000019276   0.0000053407  -0.0000005002  -0.0000014310  -0.0000005538
        0.0000016030   0.0000002768  -0.0000019422   0.0000020705  -0.0000017630
       -0.0000005586
       -0.0000561540   0.0000371818   0.0000447954   0.0000582619  -0.0000087437
       -0.0000237900  -0.0000089177   0.0000049676  -0.0000101981   0.0000034724
       -0.0000080007  -0.0000042945   0.0000070332   0.0000021688  -0.0000003118
        0.0000015628   0.0000000037   0.0000049881  -0.0000096389  -0.0000086779
        0.0000118484  -0.0000081377   0.0000000523   0.0000055278  -0.0000101014
        0.0000037659  -0.0000103767  -0.0000506256  -0.0001538974  -0.0000739269
       -0.0000120632   0.0001234153   0.0000875911   0.0003131989  -0.0008807447
        0.0002306056  -0.0027114467  -0.0072216483  -0.0179083575  -0.0479370003
       -0.0103856209  -0.0142452277  -0.0009571659  -0.0088053068  -0.0095275337
        0.0000037233   0.0000146284  -0.0000103397   0.0000104357   0.0000108960
       -0.0000075317  -0.0000078619  -0.0000181317   0.0000092037  -0.0000053785
       -0.0000058581   0.0000035165  -0.0000008207  -0.0000073902   0.0000008395
       -0.0000019331  -0.0000022325  -0.0000008843  -0.0000036814   0.0000061750
        0.0000035591   0.0000062960   0.0000060439   0.0000021791   0.0000006613
        0.0000004386   0.0000001417   0.0000011565  -0.0000025432   0.0000033038
       -0.0000010415   0.0000028902  -0.0000009145   0.0000001038   0.0000106638
       -0.0000051986  -0.0000138899   0.0000067421  -0.0000074581  -0.0000232707
       -0.0000322117   0.0000179338  -0.0000761417   0.0000353143  -0.0000094570
       -0.0001335910   0.0000520073   0.0000615201  -0.0018417785   0.0015418206
       -0.0035272076   0.0003615556  -0.0006393672  -0.0004638218   0.0533705465
        0.0126717977   0.0200415398  -0.0003022308   0.0161623890   0.0258000324
        0.0002120812   0.0005549625   0.0000565644  -0.0003698219  -0.0028446117
        0.0001297962   0.0001744227  -0.0002089483  -0.0007053312  -0.0000004916
       -0.0000085316   0.0000006584  -0.0000029895  -0.0000019059   0.0000050097
        0.0000017098   0.0000112789  -0.0000044951  -0.0000008770  -0.0000015102
        0.0000009428   0.0000012779  -0.0000035197   0.0000008629   0.0000187695
       -0.0000366411   0.0000292467  -0.0000094566   0.0000223438  -0.0000054642
        0.0000106414  -0.0000219447   0.0000067542   0.0000264449  -0.0000104597
        0.0000176163  -0.0000485871   0.0000636267  -0.0000661148   0.0000272938
       -0.0000323338   0.0000227877   0.0000030529   0.0000304399  -0.0000013735
        0.0000078790  -0.0000106994  -0.0000047927  -0.0000185914  -0.0000048873
        0.0000161015   0.0000038350  -0.0000077136   0.0000103319  -0.0000031151
       -0.0000004347  -0.0000022898   0.0000002593   0.0000003993  -0.0000002381
       -0.0000001061   0.0000000965   0.0000012147   0.0000012320  -0.0000019928
       -0.0000000834
       -0.0000205608   0.0000615547   0.0000036025   0.0000666117  -0.0000205671
       -0.0000120376  -0.0000059668   0.0000205214   0.0000067179   0.0000082209
       -0.0000082625  -0.0000061328   0.0000061493   0.0000000528  -0.0000027629
        0.0000091337  -0.0000044690  -0.0000016720  -0.0000099623  -0.0000128217
       -0.0000026160  -0.0000061202  -0.0000025252   0.0000021146  -0.0000049166
        0.0000024280  -0.0000064626  -0.0000994462  -0.0001154508  -0.0000415822
        0.0000747516   0.0000601934  -0.0001540218   0.0003655601   0.0008563910
        0.0007631551   0.0018101545   0.0063121604   0.0115597824  -0.0101670673
       -0.1098356396  -0.1055412317  -0.0048239747  -0.0217064093  -0.0224412692
       -0.0000009902   0.0000102584   0.0000033116   0.0000076389   0.0000124650
       -0.0000037028  -0.0000207059  -0.0000232053   0.0000184996  -0.0000061060
       -0.0000055013  -0.0000021758  -0.0000048817   0.0000084814  -0.0000025895
       -0.0000084482   0.0000008765  -0.0000007662  -0.0000046748   0.0000043532
        0.0000015100   0.0000015661  -0.0000018987  -0.0000013508   0.0000001221
       -0.0000002477   0.0000001960  -0.0000018919  -0.0000007486   0.0000013702
       -0.0000005425   0.0000027911   0.0000005397   0.0000030414   0.0000011632
       -0.0000047252  -0.0000065404   0.0000034764  -0.0000044013  -0.0000018501
        0.0000091812  -0.0000047181   0.0000206168   0.0000268209  -0.0000019823
       -0.0000084255  -0.0000073044  -0.0000338457   0.0016500839  -0.0007047857
        0.0023803870  -0.0003751123   0.0003691981   0.0000194007   0.0126717977
        0.1320251391   0.1193807757   0.0011377988  -0.0026555840  -0.0063743333
        0.0002406238   0.0003593909  -0.0004643854  -0.0029212633  -0.0059612680
        0.0012810957   0.0004073621   0.0009356364  -0.0003222051  -0.0000022891
       -0.0000066885   0.0000005816  -0.0000014844  -0.0000037985   0.0000041542
        0.0000138740   0.0000120722  -0.0000089563   0.0000023076  -0.0000109886
        0.0000023341  -0.0000041614  -0.0000034085  -0.0000012832   0.0000037515
       -0.0000235047   0.0000203489  -0.0000000978   0.0000105448  -0.0000037776
        0.0000026380  -0.0000100485   0.0000053389   0.0000152671   0.0000000160
        0.0000104816  -0.0000204045   0.0000378165  -0.0000358894   0.0000122877
       -0.0000142251   0.0000125440   0.0000071765   0.0000038978  -0.0000037447
       -0.0000023449  -0.0000050218  -0.0000011585  -0.0000072002   0.0000016845
        0.0000032419  -0.0000009261  -0.0000023865   0.0000050135  -0.0000006255
       -0.0000011403  -0.0000022292  -0.0000001892   0.0000002781   0.0000003418
       -0.0000002026  -0.0000004263   0.0000014617   0.0000008375  -0.0000005172
       -0.0000002913
       -0.0000580195   0.0000576711   0.0000743859   0.0000595372  -0.0000107534
       -0.0000548312  -0.0000047863  -0.0000074601  -0.0000101633   0.0000086224
       -0.0000116979  -0.0000053681   0.0000119810   0.0000014177  -0.0000027900
        0.0000070882  -0.0000031068   0.0000047634  -0.0000082231  -0.0000147839
        0.0000083788  -0.0000075897   0.0000015391   0.0000044883  -0.0000144511
        0.0000007876  -0.0000103961  -0.0000994984  -0.0002802149  -0.0000430044
       -0.0001057241   0.0004312493   0.0001914969  -0.0000440924  -0.0010753052
       -0.0001355710  -0.0052251079  -0.0074096852  -0.0220306764  -0.0146573738
       -0.1057343162  -0.2027921942   0.0001303875   0.0014577683   0.0042179260
        0.0000114353   0.0000653754   0.0000387462   0.0000474056   0.0000369843
        0.0000422168  -0.0000236126  -0.0000240149  -0.0000067075  -0.0000210422
       -0.0000420596  -0.0000227820  -0.0000060012  -0.0000134981  -0.0000067156
        0.0000069905  -0.0000028719   0.0000014907   0.0000001118   0.0000052352
        0.0000040893   0.0000104294   0.0000191279   0.0000124077   0.0000016292
        0.0000021152   0.0000008868   0.0000038873  -0.0000035894   0.0000024617
       -0.0000012479   0.0000038233   0.0000000111  -0.0000012542   0.0000088238
       -0.0000046210  -0.0000114973   0.0000031651  -0.0000084566   0.0000355706
       -0.0000022873  -0.0000216750  -0.0000609144  -0.0000205216  -0.0000015825
        0.0000939333  -0.0000981944  -0.0000865434  -0.0033099206   0.0023851116
       -0.0029428529   0.0004968686  -0.0003734386   0.0008297509   0.0200415398
        0.1193807757   0.2360616415   0.0022843334  -0.0102925979  -0.0153140367
        0.0002686877   0.0000846908   0.0005737037   0.0003614544   0.0011621792
        0.0010036681  -0.0002149737   0.0003233095   0.0004488342  -0.0000082353
       -0.0000183809  -0.0000251158  -0.0000148418  -0.0000102937  -0.0000082336
        0.0000075111   0.0000117501   0.0000238368  -0.0000084928  -0.0000014914
       -0.0000224655  -0.0000016580   0.0000125481  -0.0000080515   0.0000188082
       -0.0000204064   0.0000204729  -0.0000048006   0.0000026334  -0.0000052839
        0.0000074442  -0.0000052112   0.0000071620   0.0000214699  -0.0000092624
        0.0000198535  -0.0000596168   0.0000201509  -0.0000590672   0.0000306501
        0.0000012758   0.0000289947  -0.0000008866   0.0000164514   0.0000016151
        0.0000034719  -0.0000054539  -0.0000048029  -0.0000035475  -0.0000051750
        0.0000061228   0.0000054720   0.0000016219   0.0000086118  -0.0000025343
       -0.0000014087  -0.0000042337   0.0000015339   0.0000009327   0.0000001576
        0.0000008164  -0.0000007273   0.0000015529   0.0000008734  -0.0000003063
       -0.0000015060
       -0.0000003013  -0.0000365289  -0.0000112168   0.0000369492  -0.0000210155
       -0.0000088511   0.0000154208   0.0000086025   0.0000030442   0.0000131136
       -0.0000023266  -0.0000125782   0.0000045466  -0.0000038343  -0.0000020491
        0.0000165881  -0.0000024232  -0.0000035149   0.0000036700   0.0000002921
       -0.0000201286  -0.0000034927   0.0000038177  -0.0000043593  -0.0000005939
       -0.0000125585   0.0000105593  -0.0000290286  -0.0000818628   0.0000187768
        0.0000244300  -0.0001023440  -0.0000737785   0.0003605401  -0.0001641812
        0.0007241946  -0.0226383344   0.0058943478   0.0048423626  -0.2297110146
        0.0248715166   0.0862397881  -0.0141249730  -0.0023633575   0.0074830482
        0.0000467032  -0.0000068250  -0.0000252547   0.0000537351  -0.0000476321
       -0.0000026964  -0.0000450480  -0.0000252429   0.0000336196  -0.0000234737
        0.0000326836  -0.0000019844  -0.0000184374  -0.0000094408   0.0000098770
        0.0000068939  -0.0000042417   0.0000072216  -0.0000007782  -0.0000006858
        0.0000040665   0.0000018955   0.0000035991   0.0000118403   0.0000014352
        0.0000023411   0.0000033099   0.0000003059  -0.0000020636  -0.0000036238
        0.0000039546   0.0000006016   0.0000032851   0.0000030162  -0.0000100668
       -0.0000030940   0.0000214424  -0.0000141486   0.0000024110   0.0000782592
        0.0000599159  -0.0000255069   0.0001577638  -0.0002392242  -0.0000544625
        0.0005037342   0.0003956666  -0.0002827509   0.0003165476  -0.0003762330
        0.0005372425  -0.0027433365   0.0021108234  -0.0030928938  -0.0003022308
        0.0011377988   0.0022843334   0.2679892001  -0.0286587971  -0.0990534984
        0.0006207772   0.0003226437  -0.0000323169   0.0001459844   0.0004864601
       -0.0002480407  -0.0007175428  -0.0031880285   0.0007407497  -0.0000275818
        0.0000287551   0.0000169132  -0.0000134691   0.0000173463   0.0000048021
        0.0000480454  -0.0000221157  -0.0000281811  -0.0000133371  -0.0000269350
        0.0000159749  -0.0000121362   0.0000084326   0.0000021372  -0.0000209954
        0.0000698304  -0.0000245833   0.0000265547  -0.0000471784   0.0000038734
       -0.0000235078   0.0000392408  -0.0000037407  -0.0000106089   0.0000121204
       -0.0000004369   0.0000126903  -0.0001439668   0.0000267748  -0.0000228533
        0.0000904636   0.0000184836  -0.0000144416  -0.0000199121  -0.0000059334
       -0.0000038038   0.0000121987   0.0000062995   0.0000092415   0.0000007602
       -0.0000222060  -0.0000082007   0.0000217954  -0.0000052961   0.0000077142
        0.0000025190  -0.0000009522  -0.0000009775  -0.0000033374  -0.0000011257
        0.0000001999  -0.0000017764   0.0000011763  -0.0000008535   0.0000037116
       -0.0000011099
       -0.0000694050  -0.0000022188  -0.0000063483   0.0000598607   0.0000051938
        0.0000000121  -0.0000085746   0.0000127827   0.0000058678   0.0000002833
       -0.0000048317  -0.0000023578  -0.0000045531   0.0000042039   0.0000000825
        0.0000055077   0.0000017149   0.0000046059  -0.0000157791  -0.0000082559
        0.0000061298  -0.0000042751  -0.0000024030   0.0000017630  -0.0000041307
        0.0000068964   0.0000009453   0.0000108908   0.0000846247  -0.0000119417
       -0.0000682078  -0.0001335773   0.0000810288   0.0013932583   0.0003978601
       -0.0006748754   0.0145844989  -0.0032754438  -0.0037762691   0.0255438818
       -0.0457309431  -0.0142443343  -0.0259461605  -0.0008134755   0.0125863461
       -0.0000186474  -0.0000090923  -0.0000139053  -0.0000317158   0.0000253667
       -0.0000367198   0.0000016972  -0.0000157474   0.0000124543   0.0000134348
       -0.0000119983   0.0000171800   0.0000070602   0.0000029598  -0.0000091147
       -0.0000117750   0.0000000452  -0.0000033157  -0.0000050613   0.0000037209
        0.0000014862   0.0000016874  -0.0000002031  -0.0000035947  -0.0000002032
       -0.0000005405  -0.0000004090  -0.0000019696   0.0000013132   0.0000000350
       -0.0000029268  -0.0000008186  -0.0000011610  -0.0000015280   0.0000049814
        0.0000004119  -0.0000046726   0.0000003359   0.0000008690  -0.0000297053
       -0.0000715302   0.0000302095  -0.0001933053   0.0001221848   0.0000688748
       -0.0002335325  -0.0004667884   0.0004888075  -0.0006536211   0.0004304609
       -0.0003162883   0.0019851061  -0.0011070423   0.0023205626   0.0161623890
       -0.0026555840  -0.0102925979  -0.0286587971   0.0565818934   0.0117371640
       -0.0002792586   0.0007107044  -0.0000971052  -0.0002376289   0.0009094789
        0.0002998816  -0.0033163350  -0.0049931736   0.0018112182   0.0000119279
       -0.0000084145   0.0000066173   0.0000083137  -0.0000059365   0.0000126818
       -0.0000111329   0.0000226003  -0.0000088638   0.0000044905   0.0000119227
        0.0000029261   0.0000042894  -0.0000119968   0.0000015245   0.0000089695
       -0.0000136206  -0.0000007731  -0.0000022013   0.0000126944  -0.0000021960
        0.0000041353  -0.0000100730   0.0000014641   0.0000075653  -0.0000062982
       -0.0000011097  -0.0000097811   0.0000283493  -0.0000012100   0.0000047319
       -0.0000173515  -0.0000080545   0.0000037955   0.0000121709   0.0000028703
        0.0000025598  -0.0000035812  -0.0000013184  -0.0000053808  -0.0000048657
        0.0000071583  -0.0000009025  -0.0000059212   0.0000014596   0.0000015385
       -0.0000008248   0.0000001049  -0.0000007504  -0.0000005480   0.0000002118
       -0.0000004177  -0.0000006432   0.0000003957   0.0000004626  -0.0000007166
        0.0000005134
        0.0000213177  -0.0000548949   0.0000209750  -0.0000465126   0.0000063200
        0.0000043136   0.0000022550  -0.0000070829  -0.0000100711   0.0000014411
       -0.0000034747  -0.0000041785  -0.0000037209  -0.0000000588   0.0000003034
       -0.0000067636   0.0000066079   0.0000075003   0.0000125939   0.0000042896
        0.0000030968  -0.0000012854   0.0000026606   0.0000024173   0.0000020565
       -0.0000027385  -0.0000047030   0.0000668375   0.0000674672  -0.0000741327
        0.0000762648  -0.0000558570  -0.0000442222  -0.0006526729  -0.0002652133
        0.0005690407  -0.0174345035   0.0036201062   0.0063765099   0.0862604197
       -0.0144544131  -0.0852512537   0.0083941595   0.0015482430  -0.0033715082
       -0.0000035822   0.0000006213  -0.0000093257  -0.0000197943  -0.0000083135
        0.0000047870   0.0000278106   0.0000245371  -0.0000227550   0.0000117270
        0.0000127353   0.0000029019  -0.0000007527  -0.0000010622   0.0000092257
        0.0000068071   0.0000018742   0.0000030635   0.0000018729  -0.0000028495
       -0.0000031433  -0.0000008971  -0.0000006723  -0.0000013295   0.0000000565
       -0.0000015052  -0.0000013371   0.0000032430  -0.0000012616   0.0000043351
        0.0000020149   0.0000006883  -0.0000006692  -0.0000006201   0.0000025110
       -0.0000009469  -0.0000066279   0.0000047416  -0.0000041488  -0.0000193406
        0.0000030968   0.0000075195   0.0000430291   0.0000057117  -0.0000304618
       -0.0000236013   0.0001716710  -0.0000955745  -0.0005164749   0.0000702329
        0.0008210879  -0.0030802733   0.0023303651  -0.0016135675   0.0258000324
       -0.0063743333  -0.0153140367  -0.0990534984   0.0117371640   0.0972348245
        0.0002313107  -0.0000491471  -0.0001750570  -0.0007019635  -0.0003227382
        0.0005043582   0.0005939486   0.0020050959   0.0004440716   0.0000095791
       -0.0000086666  -0.0000014738   0.0000075374   0.0000080765  -0.0000090050
       -0.0000215584  -0.0000061081   0.0000141905   0.0000013457  -0.0000047306
        0.0000027826   0.0000050003  -0.0000016343  -0.0000013734   0.0000068965
       -0.0000141541   0.0000125826  -0.0000132699   0.0000124202  -0.0000011886
        0.0000094574  -0.0000128077   0.0000026644   0.0000100792  -0.0000038341
        0.0000079328  -0.0000093306   0.0000234216  -0.0000260217   0.0000109389
       -0.0000158120   0.0000100611  -0.0000002145   0.0000111905  -0.0000054356
        0.0000021137  -0.0000045074  -0.0000020605  -0.0000098888  -0.0000002328
        0.0000053459   0.0000056089  -0.0000033651   0.0000037374  -0.0000025465
       -0.0000002999  -0.0000004986   0.0000012303   0.0000014891   0.0000008115
        0.0000002611   0.0000006355  -0.0000013500   0.0000004466  -0.0000022053
        0.0000003889
       -0.0000029503   0.0000567022   0.0000209760   0.0000213772  -0.0000093205
       -0.0000075140   0.0000074396   0.0000085435  -0.0000058851   0.0000037912
       -0.0000055394  -0.0000100398   0.0000089027   0.0000026156   0.0000017971
        0.0000097425  -0.0000008473   0.0000006640  -0.0000059387  -0.0000125311
       -0.0000072564  -0.0000083001   0.0000023068   0.0000014040  -0.0000040560
       -0.0000045843  -0.0000030648  -0.0000486214  -0.0000827686  -0.0000685156
       -0.0000225528  -0.0000781939  -0.0000449007   0.0003408830  -0.0002390395
        0.0002552909   0.0001760405  -0.0015314604   0.0007952586   0.0059593486
       -0.0047600726   0.0062132576  -0.1335173453   0.0683797189  -0.0948281925
        0.0000070030   0.0000153366  -0.0000091510   0.0000160732   0.0000132517
       -0.0000088493  -0.0000191027  -0.0000214524   0.0000158677  -0.0000059596
       -0.0000075011   0.0000030351  -0.0000075750  -0.0000031003   0.0000028604
       -0.0000010010  -0.0000020685   0.0000024344  -0.0000052462   0.0000051538
        0.0000044017   0.0000029747   0.0000063247   0.0000056136   0.0000005810
        0.0000016852   0.0000015840  -0.0000001320  -0.0000017059  -0.0000002806
        0.0000024522   0.0000009314   0.0000015155   0.0000047604  -0.0000009183
       -0.0000067013   0.0000065922  -0.0000032726  -0.0000037930   0.0000215816
        0.0000135889  -0.0000047390  -0.0000010342  -0.0000231223   0.0000125328
        0.0000879739   0.0000765287  -0.0000115732  -0.0000564809   0.0000124365
        0.0001733225   0.0002310871  -0.0002665140   0.0000074262   0.0002120812
        0.0002406238   0.0002686877   0.0006207772  -0.0002792586   0.0002313107
        0.1521129235  -0.0777759260   0.1102728934  -0.0025076725   0.0013817502
       -0.0039772044  -0.0236203897   0.0148818680  -0.0193059980  -0.0000049245
       -0.0000031277   0.0000027566  -0.0000049693  -0.0000027331   0.0000058013
        0.0000118131   0.0000129729  -0.0000124794  -0.0000042405  -0.0000035851
        0.0000024663  -0.0000012811  -0.0000005073   0.0000017456  -0.0000063104
        0.0000109056   0.0000087722   0.0000121142  -0.0000004598  -0.0000042426
       -0.0000081690   0.0000011896   0.0000049700   0.0000062168   0.0000058972
        0.0000095232  -0.0000008663  -0.0000292699  -0.0000193190  -0.0000085355
        0.0000199623   0.0000206015  -0.0000069975  -0.0000054772  -0.0000050138
       -0.0000011670   0.0000045650   0.0000028860   0.0000007535  -0.0000007187
       -0.0000105945  -0.0000071313   0.0000021596   0.0000049651   0.0000041169
        0.0000016548  -0.0000025171  -0.0000007667  -0.0000024988  -0.0000009928
       -0.0000000977  -0.0000014670   0.0000024617   0.0000004142   0.0000003687
       -0.0000002658
        0.0000516774  -0.0003256573   0.0001154549  -0.0000563097   0.0000352433
       -0.0000043058   0.0000347556  -0.0000426810   0.0000323310  -0.0000328900
       -0.0000008235  -0.0000021790  -0.0000382791  -0.0000097948  -0.0000086525
        0.0000197538   0.0000070834   0.0000191630   0.0000240901   0.0000322986
       -0.0000021996   0.0000175245   0.0000066901  -0.0000081627   0.0000179831
       -0.0000066001   0.0000036536   0.0000401783   0.0004023918  -0.0003018244
       -0.0002269145  -0.0006889421  -0.0000088738   0.0009889146  -0.0002451942
        0.0009485926  -0.0023096497  -0.0054972663   0.0020513675   0.0151206100
       -0.0172957933   0.0193980683   0.0684856577  -0.0930860461   0.0706940082
       -0.0000258328  -0.0000006158   0.0000911077  -0.0000586958  -0.0000129427
        0.0000082802   0.0000722096   0.0000924108  -0.0000553646   0.0000387301
        0.0000157536  -0.0000406250  -0.0000052628   0.0000051754  -0.0000250786
        0.0000097743   0.0000049068   0.0000003974   0.0000103811  -0.0000148920
       -0.0000117044  -0.0000076347  -0.0000090922  -0.0000050035  -0.0000006110
       -0.0000049933  -0.0000036879   0.0000029535   0.0000011830   0.0000031605
       -0.0000053307  -0.0000054494  -0.0000000156  -0.0000162396  -0.0000001382
        0.0000207638  -0.0000079673  -0.0000033302   0.0000055997   0.0000024994
        0.0000030097   0.0000208465  -0.0000287501   0.0000490851   0.0000705573
        0.0000140048   0.0000081256  -0.0000203634  -0.0001851456   0.0000140746
       -0.0002883210  -0.0003018565   0.0001249382  -0.0000864982   0.0005549625
        0.0003593909   0.0000846908   0.0003226437   0.0007107044  -0.0000491471
       -0.0777759260   0.1096399645  -0.0842778702  -0.0101645016   0.0077223711
       -0.0115852626   0.0053846327  -0.0019351843   0.0032301827   0.0000300506
        0.0000121161  -0.0000196691   0.0000074262  -0.0000081738   0.0000179437
       -0.0000509699  -0.0000581851   0.0000503814   0.0000092713  -0.0000116703
       -0.0000277470   0.0000086771   0.0000096580  -0.0000125394   0.0000233806
        0.0000204034  -0.0000411857  -0.0000593714   0.0000096019   0.0000126397
        0.0000297894  -0.0000100586  -0.0000092120  -0.0000116831  -0.0000012439
       -0.0000180916  -0.0000077304  -0.0000386443   0.0000611024   0.0000180992
        0.0000175114  -0.0000293807   0.0000072284   0.0000006515   0.0000126865
        0.0000007198  -0.0000043807  -0.0000013643   0.0000038728   0.0000030412
        0.0000035812   0.0000264256   0.0000056787  -0.0000137169  -0.0000045161
        0.0000038287   0.0000035317   0.0000033085   0.0000015659   0.0000013267
        0.0000016489   0.0000006483  -0.0000051842  -0.0000017667  -0.0000017121
        0.0000018115
        0.0000247260   0.0002383893  -0.0000502751  -0.0000125668  -0.0000158423
       -0.0000003396  -0.0000283299   0.0000226041  -0.0000248749   0.0000187455
        0.0000046215   0.0000052252   0.0000255821   0.0000021166   0.0000028541
       -0.0000264018  -0.0000036072  -0.0000132863  -0.0000069357  -0.0000151259
        0.0000077598  -0.0000051159  -0.0000056485   0.0000045359  -0.0000108633
        0.0000036498   0.0000002115  -0.0000538321  -0.0002906556   0.0000950988
        0.0001302748   0.0003200603  -0.0000293519  -0.0004224379   0.0001078636
       -0.0001659656   0.0010337967   0.0021707323   0.0000314433  -0.0044378976
        0.0063374781  -0.0060061630  -0.0948528677   0.0705913852  -0.1454133270
        0.0000232475   0.0000049891  -0.0000530771   0.0000425358   0.0000051248
       -0.0000011455  -0.0000489263  -0.0000599107   0.0000391823  -0.0000268047
       -0.0000116816   0.0000243501   0.0000020916  -0.0000057521   0.0000141174
       -0.0000050481  -0.0000053039  -0.0000012467  -0.0000042505   0.0000100046
        0.0000089152   0.0000068604   0.0000058002   0.0000041579  -0.0000003513
        0.0000056804   0.0000044406  -0.0000022371  -0.0000009661  -0.0000038833
        0.0000025464   0.0000022391  -0.0000012028   0.0000120035  -0.0000001573
       -0.0000105799   0.0000094773  -0.0000020463  -0.0000026951   0.0000025287
        0.0000074563  -0.0000095935   0.0000140802  -0.0000128985  -0.0000254923
        0.0000165244   0.0000156334  -0.0000053246   0.0001261165  -0.0000158045
        0.0003938855   0.0001976609  -0.0001051338  -0.0000194401   0.0000565644
       -0.0004643854   0.0005737037  -0.0000323169  -0.0000971052  -0.0001750570
        0.1102728934  -0.0842778702   0.1655870516  -0.0195415441   0.0109590139
       -0.0227512933   0.0075283229  -0.0054723781   0.0079730817  -0.0000212977
       -0.0000069639   0.0000136960  -0.0000046152   0.0000107915  -0.0000171273
        0.0000353104   0.0000395376  -0.0000365587  -0.0000101079   0.0000108496
        0.0000149266  -0.0000065116  -0.0000053577   0.0000085747  -0.0000178966
        0.0000004642   0.0000140298   0.0000459502  -0.0000140427  -0.0000094654
       -0.0000241346   0.0000152358   0.0000066201   0.0000053339  -0.0000018077
        0.0000058508   0.0000080178   0.0000025959  -0.0000243990  -0.0000198123
        0.0000005844   0.0000151531  -0.0000038260  -0.0000013010  -0.0000058475
        0.0000006560   0.0000040851   0.0000026737   0.0000013477  -0.0000028301
       -0.0000017725  -0.0000205692  -0.0000002113   0.0000077208   0.0000072685
       -0.0000028145  -0.0000028623  -0.0000029163  -0.0000023643  -0.0000012132
       -0.0000010047  -0.0000010842   0.0000047749   0.0000009563   0.0000020642
       -0.0000011747
       -0.0000163989  -0.0000662812   0.0000076367   0.0000158769   0.0000011570
       -0.0000034978   0.0000043145  -0.0000044471   0.0000062777   0.0000007196
       -0.0000013698  -0.0000006723  -0.0000060913  -0.0000000018  -0.0000000887
        0.0000056529   0.0000012662   0.0000035953   0.0000006522   0.0000018564
       -0.0000023955   0.0000008012   0.0000028878  -0.0000017728   0.0000032287
        0.0000003588  -0.0000032825   0.0000155007   0.0001094501  -0.0000001450
       -0.0000197899  -0.0000317081   0.0000031927  -0.0000345970   0.0001831870
       -0.0000661975   0.0002906698   0.0005935867   0.0001523254  -0.0013887337
       -0.0086909765  -0.0097352313  -0.0469106314  -0.0098793946  -0.0161963834
       -0.0000135621   0.0000053959   0.0000221568  -0.0000093604   0.0000105722
        0.0000008062   0.0000125525   0.0000150955  -0.0000130372   0.0000112051
       -0.0000051072  -0.0000102545   0.0000019780   0.0000025741  -0.0000039403
        0.0000000096   0.0000023237   0.0000001758   0.0000003630  -0.0000029794
       -0.0000026467  -0.0000023437  -0.0000004237  -0.0000010114   0.0000000524
       -0.0000030158  -0.0000014090   0.0000010266   0.0000003234   0.0000018444
       -0.0000004337   0.0000003474   0.0000014519  -0.0000034343  -0.0000010597
        0.0000021340  -0.0000022309   0.0000020547   0.0000021020   0.0000012065
       -0.0000035228  -0.0000018989  -0.0000150409   0.0000030624   0.0000063502
       -0.0000223557  -0.0000444259  -0.0000048026   0.0002409148   0.0000795844
       -0.0000250069  -0.0001357842   0.0000578485   0.0001569751  -0.0003698219
       -0.0029212633   0.0003614544   0.0001459844  -0.0002376289  -0.0007019635
       -0.0025076725  -0.0101645016  -0.0195415441   0.0506675887   0.0143734380
        0.0190038486   0.0000365760   0.0166313021   0.0265836870   0.0000069033
       -0.0000004147  -0.0000087261  -0.0000015849  -0.0000102793   0.0000103947
       -0.0000117748  -0.0000074921   0.0000141824   0.0000028457  -0.0000000453
       -0.0000079050   0.0000025021   0.0000022499  -0.0000039022   0.0000030871
       -0.0000017480  -0.0000038297  -0.0000183654   0.0000144168   0.0000032246
        0.0000103060  -0.0000145051  -0.0000001359  -0.0000033537   0.0000023628
        0.0000008409   0.0000022966   0.0000008869   0.0000101836   0.0000033862
       -0.0000004655  -0.0000073805  -0.0000021900  -0.0000030811   0.0000019770
       -0.0000011203  -0.0000005362  -0.0000020372   0.0000046635  -0.0000004984
       -0.0000017530   0.0000046091  -0.0000019170  -0.0000048553  -0.0000013442
        0.0000031253   0.0000019514   0.0000001149  -0.0000000529  -0.0000002041
        0.0000005441   0.0000001483  -0.0000014781  -0.0000001171  -0.0000017196
        0.0000006202
        0.0000045209   0.0000361318   0.0000198224  -0.0000036382  -0.0000012768
       -0.0000110617   0.0000028304  -0.0000115220  -0.0000104223   0.0000031999
       -0.0000062736  -0.0000073594  -0.0000056166   0.0000033561   0.0000025441
       -0.0000040940   0.0000047529   0.0000077596   0.0000080771  -0.0000098863
       -0.0000029325   0.0000000412   0.0000005414   0.0000038617  -0.0000007853
       -0.0000063076  -0.0000089847  -0.0000457544   0.0000328935  -0.0000150216
        0.0000377999   0.0002353386   0.0000007498  -0.0000808139   0.0000615871
       -0.0000497518  -0.0001389980   0.0009281220  -0.0010358925  -0.0046406403
       -0.0219041699  -0.0227832747  -0.0100655309  -0.1165878150  -0.1103960442
        0.0000138208   0.0000357716   0.0000280682   0.0000260076   0.0000237830
        0.0000153075  -0.0000058807   0.0000007094  -0.0000096388  -0.0000145048
       -0.0000222487  -0.0000159521  -0.0000008219  -0.0000050152   0.0000024331
        0.0000079980   0.0000010063   0.0000029527  -0.0000005139   0.0000028311
        0.0000011417   0.0000013860   0.0000091701   0.0000041140  -0.0000014172
        0.0000025450  -0.0000004976   0.0000026750  -0.0000007469   0.0000040161
        0.0000015140   0.0000009949   0.0000000417  -0.0000016212   0.0000061266
       -0.0000012854  -0.0000068482  -0.0000004326  -0.0000071757   0.0000044063
        0.0000020861  -0.0000077717  -0.0000221513   0.0000034212  -0.0000175595
        0.0000285725   0.0000408481  -0.0000367332   0.0001926515  -0.0002252979
        0.0009315133   0.0000415762  -0.0000858231  -0.0000702380  -0.0028446117
       -0.0059612680   0.0011621792   0.0004864601   0.0009094789  -0.0003227382
        0.0013817502   0.0077223711   0.0109590139   0.0143734380   0.1375282490
        0.1280812802   0.0012725949  -0.0027520148  -0.0064207224  -0.0000032975
       -0.0000038221  -0.0000169873  -0.0000118572  -0.0000148285   0.0000058790
        0.0000050922   0.0000014954   0.0000162756  -0.0000048493  -0.0000010308
       -0.0000128793   0.0000004902   0.0000047615  -0.0000045045   0.0000111193
       -0.0000123149   0.0000133295  -0.0000115087   0.0000047097  -0.0000031802
        0.0000061671  -0.0000024806   0.0000037774   0.0000174113  -0.0000035788
        0.0000163057  -0.0000348853   0.0000023238  -0.0000460011   0.0000216766
        0.0000090957   0.0000260801   0.0000012377   0.0000087780  -0.0000043691
       -0.0000017747  -0.0000007112   0.0000014796  -0.0000076723  -0.0000033072
        0.0000030848   0.0000071324  -0.0000012375   0.0000082927  -0.0000010125
       -0.0000008470  -0.0000039163   0.0000010245   0.0000016393   0.0000010373
       -0.0000005044  -0.0000002208   0.0000004960  -0.0000010676  -0.0000004411
        0.0000000593
        0.0000186359  -0.0000953301   0.0000271353  -0.0000171144   0.0000044696
       -0.0000037381   0.0000053985  -0.0000162996  -0.0000002634  -0.0000052729
       -0.0000052609  -0.0000057051  -0.0000104065   0.0000011020   0.0000003339
       -0.0000002469   0.0000040657   0.0000079817   0.0000079335   0.0000030975
       -0.0000028675   0.0000022018   0.0000024374   0.0000012914   0.0000038982
       -0.0000079408  -0.0000101584   0.0000176274   0.0001733588  -0.0000385965
       -0.0000057672  -0.0000316814  -0.0000213901   0.0000556523   0.0002399926
       -0.0000019608   0.0005253227   0.0006416728   0.0009253254  -0.0007181553
        0.0007223950   0.0044585447  -0.0161843163  -0.1102914079  -0.2086704028
       -0.0000014838   0.0000113250   0.0000283610  -0.0000121092   0.0000063852
        0.0000276636   0.0000202549   0.0000252015  -0.0000263968   0.0000049737
       -0.0000061298  -0.0000126743   0.0000010582   0.0000009940   0.0000011281
        0.0000076483   0.0000020472   0.0000033876   0.0000021951  -0.0000021201
       -0.0000034537   0.0000001960   0.0000021245   0.0000001264  -0.0000006463
       -0.0000005761  -0.0000030624   0.0000032878  -0.0000014041   0.0000051579
       -0.0000000310  -0.0000000703   0.0000008163  -0.0000040673   0.0000056636
        0.0000019362  -0.0000125922   0.0000016129  -0.0000061379  -0.0000052478
       -0.0000044669   0.0000021975  -0.0000089314  -0.0000055364  -0.0000122486
       -0.0000250398   0.0000025435   0.0000030582   0.0000438977  -0.0000173643
        0.0002371571   0.0000192759  -0.0001244671  -0.0002011433   0.0001297962
        0.0012810957   0.0010036681  -0.0002480407   0.0002998816   0.0005043582
       -0.0039772044  -0.0115852626  -0.0227512933   0.0190038486   0.1280812802
        0.2396121928   0.0013514719  -0.0093012316  -0.0150797684   0.0000096571
       -0.0000118557  -0.0000166625   0.0000027316  -0.0000021857  -0.0000099680
       -0.0000165998  -0.0000120679   0.0000287433  -0.0000005740  -0.0000037124
       -0.0000104403   0.0000036449   0.0000049765  -0.0000072435   0.0000167529
       -0.0000129838   0.0000122347  -0.0000334485   0.0000088794   0.0000016128
        0.0000177067  -0.0000089429   0.0000017390   0.0000152959  -0.0000019936
        0.0000156565  -0.0000369503   0.0000088485  -0.0000384032   0.0000300842
        0.0000035240   0.0000191797   0.0000039534   0.0000115198  -0.0000039678
       -0.0000004385  -0.0000026949  -0.0000006060  -0.0000117613  -0.0000001106
        0.0000057166   0.0000157017  -0.0000003350   0.0000040492  -0.0000050447
        0.0000008792  -0.0000025552   0.0000025768   0.0000022923   0.0000017619
        0.0000000715   0.0000010680  -0.0000016442  -0.0000012607  -0.0000013019
        0.0000002367
        0.0000799725  -0.0000172909  -0.0000130078  -0.0000882280   0.0000164515
        0.0000162783   0.0000121016  -0.0000178900   0.0000000878  -0.0000140189
        0.0000061682   0.0000015645  -0.0000118717  -0.0000003324   0.0000042259
       -0.0000007109   0.0000014833  -0.0000036170   0.0000100233   0.0000119669
       -0.0000071509   0.0000105858   0.0000013886  -0.0000069477   0.0000126291
       -0.0000095433   0.0000044771   0.0000024778   0.0000751023   0.0000139082
        0.0000193578   0.0000370246  -0.0000525351  -0.0000699229   0.0001334689
       -0.0000608495   0.0009262319   0.0007980260  -0.0005065222  -0.0148929624
       -0.0030967676   0.0072928279  -0.2391207451   0.0247683393   0.0896556233
        0.0000235760  -0.0000128831   0.0000009901   0.0000248590  -0.0000254249
        0.0000029846  -0.0000004647   0.0000202995  -0.0000049184  -0.0000117987
        0.0000159413  -0.0000053803  -0.0000007599  -0.0000002521   0.0000051671
        0.0000108183   0.0000019650   0.0000033000   0.0000053770  -0.0000075843
       -0.0000042841  -0.0000035161  -0.0000057383  -0.0000013269  -0.0000006090
       -0.0000015278  -0.0000005449   0.0000009470   0.0000007695   0.0000000631
        0.0000006309  -0.0000009877  -0.0000000373  -0.0000039978  -0.0000073769
        0.0000086092   0.0000095954  -0.0000092470   0.0000053925  -0.0000027289
        0.0000195359  -0.0000009218   0.0000635814  -0.0000455807  -0.0000291135
        0.0000603134   0.0001545147  -0.0000757309  -0.0001593935  -0.0000352666
        0.0000655221   0.0005315484  -0.0002794468   0.0001041513   0.0001744227
        0.0004073621  -0.0002149737  -0.0007175428  -0.0033163350   0.0005939486
       -0.0236203897   0.0053846327   0.0075283229   0.0000365760   0.0012725949
        0.0013514719   0.2767415792  -0.0262565379  -0.1056692597  -0.0000111446
        0.0000178759  -0.0000002343  -0.0000105460   0.0000019854   0.0000063324
        0.0000183219  -0.0000260656   0.0000024046  -0.0000058180  -0.0000049487
        0.0000026985  -0.0000068484   0.0000046550  -0.0000020489  -0.0000070324
        0.0000501451  -0.0000356576  -0.0000136798  -0.0000199189   0.0000080194
       -0.0000009376   0.0000171525  -0.0000067868  -0.0000198306   0.0000038733
       -0.0000114308   0.0000098612  -0.0000998750   0.0000501685  -0.0000039023
        0.0000607601  -0.0000092040   0.0000029124  -0.0000129073   0.0000027590
       -0.0000039531   0.0000034983   0.0000050927   0.0000094074   0.0000064679
       -0.0000061346   0.0000054908   0.0000112790  -0.0000091825   0.0000030979
        0.0000036227   0.0000019309  -0.0000004004  -0.0000005061  -0.0000002969
       -0.0000000345   0.0000008971  -0.0000014685  -0.0000025075   0.0000009874
        0.0000012444
        0.0000052125   0.0000649105  -0.0000215127   0.0000091837  -0.0000124570
        0.0000020196  -0.0000011466   0.0000080242  -0.0000025434   0.0000100828
        0.0000035542  -0.0000000891   0.0000043936  -0.0000014831   0.0000011970
       -0.0000012971  -0.0000027122  -0.0000063606   0.0000002649  -0.0000050165
       -0.0000086250   0.0000004014  -0.0000015630  -0.0000003538   0.0000025692
       -0.0000029298   0.0000031760  -0.0000300222  -0.0000713739   0.0000451411
        0.0000315702   0.0001166190  -0.0000473072  -0.0000684549  -0.0001109654
        0.0000173784  -0.0010719036   0.0009215420  -0.0002925246  -0.0259938894
        0.0000629773   0.0126891414   0.0245874074  -0.0460881272  -0.0120576504
        0.0000104230  -0.0000003187  -0.0000166090   0.0000191515  -0.0000030806
       -0.0000029807  -0.0000224461  -0.0000152039   0.0000158922  -0.0000074768
        0.0000062707   0.0000022737  -0.0000040426  -0.0000004665   0.0000062439
        0.0000007187  -0.0000003466   0.0000012140  -0.0000010546   0.0000016772
        0.0000023607  -0.0000005817   0.0000012973   0.0000027021  -0.0000005218
        0.0000014688   0.0000014435  -0.0000011976   0.0000010899  -0.0000020938
        0.0000040377   0.0000002054   0.0000013429   0.0000040985  -0.0000074923
       -0.0000026405   0.0000136633  -0.0000027878   0.0000017125   0.0000208365
        0.0000295383  -0.0000160586   0.0000359243  -0.0000560092  -0.0000133933
        0.0001352831   0.0000702873  -0.0000518736   0.0001179376  -0.0001141336
       -0.0000638413   0.0003590998  -0.0003412110   0.0001319302  -0.0002089483
        0.0009356364   0.0003233095  -0.0031880285  -0.0049931736   0.0020050959
        0.0148818680  -0.0019351843  -0.0054723781   0.0166313021  -0.0027520148
       -0.0093012316  -0.0262565379   0.0542822032   0.0121292433  -0.0000093905
        0.0000060137   0.0000032875  -0.0000046830   0.0000002657   0.0000028690
        0.0000214780   0.0000018418  -0.0000139045  -0.0000024978  -0.0000052365
        0.0000078517  -0.0000042909   0.0000015743   0.0000021848  -0.0000209660
        0.0000164507  -0.0000060559   0.0000250371  -0.0000073240  -0.0000029354
       -0.0000152659   0.0000104137   0.0000009097  -0.0000125028   0.0000087294
       -0.0000003412   0.0000326566  -0.0000403059   0.0000146628  -0.0000281489
        0.0000277596   0.0000026815  -0.0000080877  -0.0000225203  -0.0000013684
       -0.0000060229   0.0000094013   0.0000044460   0.0000154178   0.0000028124
       -0.0000170403  -0.0000132186   0.0000008797  -0.0000009899   0.0000050097
        0.0000002054   0.0000000357  -0.0000018287  -0.0000007380  -0.0000003762
       -0.0000006295  -0.0000002012   0.0000012076   0.0000000535   0.0000007275
        0.0000001251
       -0.0000182340  -0.0000394668   0.0000075498   0.0000059582   0.0000067610
       -0.0000034349  -0.0000079773   0.0000037362   0.0000075057   0.0000017878
        0.0000005847   0.0000076885   0.0000014593  -0.0000016641  -0.0000027870
       -0.0000016472  -0.0000003363   0.0000007025  -0.0000040128   0.0000040675
        0.0000099740  -0.0000010761   0.0000001053  -0.0000006247  -0.0000009286
        0.0000115145   0.0000007909   0.0000332584   0.0000009577  -0.0000059469
       -0.0000338861  -0.0001116710   0.0000336591   0.0000022758   0.0000391307
       -0.0000316713   0.0006733755  -0.0004053389   0.0001403861   0.0083383623
        0.0016386635  -0.0037263647   0.0897709315  -0.0119761275  -0.0870459823
       -0.0000215900  -0.0000038065   0.0000156736  -0.0000314093   0.0000042494
        0.0000039331   0.0000184513   0.0000102164  -0.0000100986   0.0000156881
       -0.0000036517  -0.0000025536   0.0000052428   0.0000043007  -0.0000090446
       -0.0000078876   0.0000011378  -0.0000048049   0.0000005631  -0.0000022462
       -0.0000024811  -0.0000011093  -0.0000034813  -0.0000043102   0.0000005523
       -0.0000037060  -0.0000008433  -0.0000005614   0.0000008333  -0.0000004742
       -0.0000037069   0.0000000254  -0.0000011861  -0.0000015459   0.0000000693
        0.0000034186  -0.0000063900   0.0000077733   0.0000050805  -0.0000124210
       -0.0000182586   0.0000064640  -0.0000405687   0.0000500287   0.0000239033
       -0.0001121969  -0.0001080524   0.0000451468   0.0001465001  -0.0000935280
       -0.0002211755  -0.0003846143   0.0005815229   0.0000361846  -0.0007053312
       -0.0003222051   0.0004488342   0.0007407497   0.0018112182   0.0004440716
       -0.0193059980   0.0032301827   0.0079730817   0.0265836870  -0.0064207224
       -0.0150797684  -0.1056692597   0.0121292433   0.0969600848   0.0000128478
       -0.0000074896  -0.0000024371   0.0000106847   0.0000019738  -0.0000055828
       -0.0000225675   0.0000023526   0.0000081171   0.0000058602   0.0000075647
       -0.0000066342   0.0000049759  -0.0000009096  -0.0000014618   0.0000018792
       -0.0000233139  -0.0000037191  -0.0000101462   0.0000265825  -0.0000005934
        0.0000117411  -0.0000231459   0.0000010788  -0.0000078210  -0.0000055837
       -0.0000112731   0.0000244655   0.0000691708   0.0000336631  -0.0000071125
       -0.0000533797  -0.0000365782  -0.0000002415   0.0000022509   0.0000072985
        0.0000029696  -0.0000041790  -0.0000074083   0.0000071294  -0.0000031279
        0.0000080053  -0.0000013469  -0.0000099440  -0.0000054418  -0.0000021950
        0.0000010355   0.0000035745  -0.0000003419  -0.0000001232  -0.0000003153
        0.0000009480   0.0000002661  -0.0000009926   0.0000017803  -0.0000020597
        0.0000001192
        0.0008382124   0.0018559723  -0.0015767584  -0.0010961999   0.0002824322
        0.0003101313   0.0001763094   0.0000925561   0.0000688475  -0.0000550295
       -0.0000359893  -0.0000148101  -0.0000545703  -0.0000030877   0.0000126281
       -0.0000699495   0.0000569847   0.0000139640   0.0001105204  -0.0000644497
       -0.0001219119   0.0000269592   0.0000129151  -0.0000148711   0.0000359976
       -0.0000332244   0.0000101431   0.0005115140  -0.0016879008   0.0002113832
       -0.0000920474   0.0005858493   0.0001373517   0.0002139263  -0.0004290964
       -0.0000833875  -0.0000394139   0.0002155860  -0.0000366730   0.0001191513
       -0.0000047097   0.0000045685  -0.0000271427   0.0000114143  -0.0000278248
       -0.0014933395   0.0008009148   0.0005388355  -0.0547981809   0.0896625035
        0.0499439174  -0.0029674301  -0.0005357470   0.0040855525   0.0032874491
       -0.0016218740  -0.0006948705  -0.0000586145  -0.0000792335   0.0000044998
        0.0000397018   0.0000078294   0.0000159649   0.0000284015  -0.0000405781
       -0.0000305803   0.0000033836  -0.0000143679   0.0000302327   0.0000018023
       -0.0000082455  -0.0000049181   0.0000089477  -0.0000037010   0.0000040516
       -0.0000071022  -0.0000084128   0.0000027363  -0.0000383379  -0.0000036506
        0.0000509185  -0.0000186875  -0.0000096226   0.0000078995   0.0003229075
       -0.0001511275  -0.0000680084  -0.0000541307  -0.0000065626   0.0000206780
        0.0000067814   0.0000537535   0.0000145746   0.0000400274   0.0000273649
        0.0000011862  -0.0000415111  -0.0000124133   0.0000137660  -0.0000004916
       -0.0000022891  -0.0000082353  -0.0000275818   0.0000119279   0.0000095791
       -0.0000049245   0.0000300506  -0.0000212977   0.0000069033  -0.0000032975
        0.0000096571  -0.0000111446  -0.0000093905   0.0000128478   0.0650524560
       -0.1000557622  -0.0572041675  -0.0058320495   0.0148104610   0.0090705542
       -0.0062079142  -0.0012846028  -0.0023596534  -0.0006452415  -0.0003215773
       -0.0006113452   0.0027312207  -0.0021322044  -0.0016862172   0.0000617052
        0.0000993005  -0.0001010719  -0.0001611986  -0.0000361654   0.0000439948
        0.0000787588   0.0000103601  -0.0000315268  -0.0000145256   0.0000087727
       -0.0000247322  -0.0000572095  -0.0002066981   0.0001150503   0.0000755945
        0.0001090885  -0.0000227813   0.0000114942  -0.0000007787   0.0000118640
        0.0000007730  -0.0000048678  -0.0000013203  -0.0000010167   0.0000105600
       -0.0000036871   0.0000884034   0.0000408180  -0.0000344453  -0.0000212687
        0.0000091311   0.0000093379   0.0000135205   0.0000059296   0.0000060480
        0.0000079923   0.0000021243  -0.0000118447  -0.0000045604  -0.0000029722
        0.0000041756
       -0.0019269983  -0.0033338957   0.0016846544   0.0011126782  -0.0000302605
        0.0000452061   0.0000985545  -0.0000114586   0.0000087092  -0.0000062491
        0.0000505302   0.0000079492  -0.0000276217  -0.0000631447  -0.0000784125
        0.0002129216  -0.0000704903   0.0000032774   0.0000229502   0.0001197479
        0.0002160573  -0.0000303792  -0.0000004657  -0.0000054745  -0.0000036299
        0.0000165979   0.0000016902  -0.0016219361   0.0015631143   0.0002488255
        0.0001420290  -0.0006298478  -0.0001228582  -0.0001892094   0.0002223167
        0.0000030880   0.0000203417  -0.0000843706   0.0000633476  -0.0000338925
       -0.0000006799   0.0000408830  -0.0000015168   0.0000061469   0.0000042731
        0.0024406696   0.0008782533   0.0000009266   0.1057021042  -0.3010686406
       -0.1077424359   0.0038629468   0.0065611295  -0.0024416264  -0.0039406120
       -0.0036178936  -0.0010129628  -0.0001364074  -0.0000530333  -0.0000646621
       -0.0000032906  -0.0000081537  -0.0000258794   0.0000208868  -0.0000107607
       -0.0000289152  -0.0000391824  -0.0000499977  -0.0001579587   0.0000139253
       -0.0000115959  -0.0000136820  -0.0000010220   0.0000094049   0.0000023400
       -0.0000027656  -0.0000065772   0.0000002585   0.0000091680   0.0000125858
       -0.0000150747   0.0000002186   0.0000124554   0.0000041970   0.0002773083
       -0.0004802839   0.0009725886   0.0002103383   0.0001344874  -0.0000532894
        0.0001193778  -0.0001561964  -0.0000047461  -0.0000149233  -0.0000252629
       -0.0000114339   0.0000599864   0.0000243963  -0.0000251954  -0.0000085316
       -0.0000066885  -0.0000183809   0.0000287551  -0.0000084145  -0.0000086666
       -0.0000031277   0.0000121161  -0.0000069639  -0.0000004147  -0.0000038221
       -0.0000118557   0.0000178759   0.0000060137  -0.0000074896  -0.1000557622
        0.2947407316   0.1051021872  -0.0004412676   0.0079086526  -0.0008652051
       -0.0015222528  -0.0037125502   0.0045909534  -0.0008461719   0.0003240707
        0.0000437596  -0.0034966290   0.0008886272  -0.0003196870  -0.0000087404
       -0.0000675649   0.0000402099   0.0000312600   0.0000945089  -0.0000183770
       -0.0000104406  -0.0000695273   0.0000117638  -0.0000002369  -0.0000089807
       -0.0000022739   0.0000344238   0.0001476480  -0.0000171779  -0.0000305985
       -0.0000945737  -0.0000233904  -0.0000055175   0.0000120787   0.0000036918
        0.0000051943  -0.0000036558  -0.0000088080  -0.0000007560  -0.0000064196
        0.0000059609  -0.0000361333  -0.0000430399   0.0000070196   0.0000061556
       -0.0000010240   0.0000020227  -0.0000054102  -0.0000044901  -0.0000046726
       -0.0000021205  -0.0000005879   0.0000021292   0.0000036780  -0.0000012652
       -0.0000004137
       -0.0016711499  -0.0021086383   0.0010463270   0.0012434134  -0.0002755862
       -0.0000560119  -0.0002455327   0.0001168536  -0.0001086233  -0.0000109414
        0.0000660975   0.0000042008   0.0000213511  -0.0000336760  -0.0000341177
        0.0000845522  -0.0000520930  -0.0000491749  -0.0001879558   0.0001675426
        0.0002531579  -0.0000078567  -0.0000338498   0.0000049039  -0.0000299004
        0.0000368160   0.0000225099   0.0002384311   0.0014590559  -0.0001139758
       -0.0000837281  -0.0004708340   0.0000219343  -0.0001927132   0.0001903967
        0.0000521148   0.0000773835  -0.0000801339   0.0000318304  -0.0000910599
        0.0000367568  -0.0000081619   0.0000240649   0.0000016919   0.0000237635
        0.0018532843   0.0005833550  -0.0015285031   0.0448741306  -0.0746372479
       -0.0725179262   0.0050952824   0.0008958195  -0.0018854333  -0.0029625490
       -0.0021370129   0.0014169795  -0.0000611958  -0.0000412176   0.0000304203
       -0.0000630548  -0.0000257779  -0.0000170628  -0.0000228407   0.0000197514
        0.0000110724  -0.0000068808  -0.0000674782  -0.0001138019   0.0000058969
       -0.0000001165   0.0000027553  -0.0000265855   0.0000041509  -0.0000120392
        0.0000048094   0.0000007002  -0.0000028895   0.0000382108  -0.0000024454
       -0.0000391980   0.0000287612   0.0000055800   0.0000079999  -0.0000666945
        0.0008154982  -0.0002868581  -0.0000255234  -0.0000474192   0.0000625819
        0.0000306767   0.0000199612   0.0000420162  -0.0000360324  -0.0000624424
       -0.0000211215   0.0000039290   0.0000032410   0.0000089370   0.0000006584
        0.0000005816  -0.0000251158   0.0000169132   0.0000066173  -0.0000014738
        0.0000027566  -0.0000196691   0.0000136960  -0.0000087261  -0.0000169873
       -0.0000166625  -0.0000002343   0.0000032875  -0.0000024371  -0.0572041675
        0.1051021872   0.0929934166   0.0147260300  -0.0320436431  -0.0161429187
       -0.0031737570   0.0040222218  -0.0037500094  -0.0007829729   0.0000325155
        0.0005840040  -0.0013347935  -0.0014078429   0.0001015230  -0.0000706819
       -0.0000716200   0.0000585431   0.0001679080  -0.0000027387  -0.0000208781
       -0.0000847729   0.0000144259   0.0000050653  -0.0000054074  -0.0000061634
       -0.0000012525   0.0001005700   0.0001907896  -0.0000439015  -0.0001020676
       -0.0001099478  -0.0000155212  -0.0000084161   0.0000014566  -0.0000059596
        0.0000041362   0.0000050759  -0.0000023065   0.0000034371  -0.0000064385
        0.0000022524  -0.0000813437  -0.0000292151   0.0000119227   0.0000169247
       -0.0000083598   0.0000039145  -0.0000124653  -0.0000070091  -0.0000023294
       -0.0000056337  -0.0000001983   0.0000072853   0.0000041232   0.0000033751
        0.0000005377
       -0.0001043174   0.0001224914  -0.0002668107   0.0000307297  -0.0000028134
        0.0000552279  -0.0000060811   0.0000899982   0.0000124404  -0.0000117012
       -0.0000131184  -0.0000236953  -0.0000228476  -0.0000069036  -0.0000070289
        0.0000234958   0.0000117617   0.0000030755  -0.0000269800   0.0000138198
        0.0000121422  -0.0000048765  -0.0000028635  -0.0000038273   0.0000028484
       -0.0000039713   0.0000163355   0.0003628461  -0.0001879790   0.0001340457
       -0.0001364531   0.0000592629   0.0000551504   0.0000640058   0.0000371193
       -0.0000437445  -0.0000370844  -0.0000360812   0.0000153771   0.0000313717
       -0.0000074695   0.0000174737  -0.0000107325  -0.0000010509   0.0000016542
       -0.0006278254   0.0003250298  -0.0013549777  -0.0838278455  -0.0263131224
        0.1662607141   0.0000295719  -0.0000934744   0.0004023606   0.0010371828
       -0.0005765831   0.0023388200  -0.0000413078  -0.0000442320   0.0000257546
       -0.0000206028  -0.0000096255   0.0000002332  -0.0000031294  -0.0000058496
       -0.0000053182   0.0000029682  -0.0000231379  -0.0000153364   0.0000020466
       -0.0000030266  -0.0000006137  -0.0000099521   0.0000000425  -0.0000040149
       -0.0000026508  -0.0000061334   0.0000015691  -0.0000062948  -0.0000014147
        0.0000128728  -0.0000007514  -0.0000014184   0.0000094296  -0.0000574140
        0.0000856747   0.0000134164  -0.0000496290  -0.0000462603   0.0000425815
        0.0000071777   0.0000298167   0.0000252001  -0.0000043315  -0.0000360430
        0.0000021510  -0.0000158545  -0.0000061848   0.0000094622  -0.0000029895
       -0.0000014844  -0.0000148418  -0.0000134691   0.0000083137   0.0000075374
       -0.0000049693   0.0000074262  -0.0000046152  -0.0000015849  -0.0000118572
        0.0000027316  -0.0000105460  -0.0000046830   0.0000106847  -0.0058320495
       -0.0004412676   0.0147260300   0.0902392565   0.0273941774  -0.1819675177
       -0.0002505617  -0.0001353026  -0.0007056858  -0.0007188589   0.0000122280
        0.0003254013   0.0000285169  -0.0001985460  -0.0001169469   0.0000060923
        0.0000295958  -0.0000322808  -0.0000279510  -0.0000211250   0.0000189320
        0.0000118889   0.0000116917  -0.0000157962  -0.0000089316   0.0000046073
       -0.0000141339   0.0000021449  -0.0000463068   0.0000485944   0.0000046402
        0.0000206232  -0.0000177971   0.0000028941   0.0000002557   0.0000049852
       -0.0000000315   0.0000010186   0.0000006705  -0.0000011594   0.0000017915
        0.0000017045   0.0000174527   0.0000116160  -0.0000140927  -0.0000089222
        0.0000038327   0.0000097463   0.0000021419   0.0000020018   0.0000036974
        0.0000024543   0.0000033167  -0.0000023540  -0.0000010403   0.0000018163
        0.0000032265
       -0.0002962551  -0.0003586574   0.0002972661   0.0000880123  -0.0000212583
       -0.0000320157  -0.0000502924  -0.0000043608  -0.0000059373  -0.0000029189
        0.0000039970   0.0000087258   0.0000068782  -0.0000106741  -0.0000097389
       -0.0000069042  -0.0000069163  -0.0000005845  -0.0000174777   0.0000313441
        0.0000477661   0.0000027458  -0.0000037584   0.0000003739  -0.0000051372
        0.0000109062  -0.0000033394   0.0001640738   0.0002232635  -0.0000108817
       -0.0000436766  -0.0000894085  -0.0000086394  -0.0001097229  -0.0000063101
        0.0000336692   0.0000305753   0.0000144600   0.0000131239  -0.0000415233
        0.0000112825   0.0000078714   0.0000049907  -0.0000027299   0.0000145626
       -0.0006032274  -0.0006333077  -0.0007966095  -0.0428046657  -0.0591199388
        0.1010045735   0.0005845762   0.0000590796  -0.0004334372   0.0010336768
        0.0011492745   0.0014184089   0.0000025795   0.0000048165   0.0000012202
       -0.0000151050  -0.0000047491  -0.0000062426  -0.0000016583   0.0000049569
       -0.0000001717   0.0000007362  -0.0000067972  -0.0000191676   0.0000003267
        0.0000015542  -0.0000017551  -0.0000023856   0.0000013976  -0.0000033197
       -0.0000010136  -0.0000040024  -0.0000000249   0.0000078406   0.0000067543
       -0.0000054340   0.0000019841   0.0000050899   0.0000034073   0.0000623199
        0.0001171507  -0.0001924868  -0.0000128888  -0.0000373034   0.0000155900
        0.0000229356   0.0000291907   0.0000286348  -0.0000271854  -0.0000331056
       -0.0000043106   0.0000070733  -0.0000069867   0.0000006352  -0.0000019059
       -0.0000037985  -0.0000102937   0.0000173463  -0.0000059365   0.0000080765
       -0.0000027331  -0.0000081738   0.0000107915  -0.0000102793  -0.0000148285
       -0.0000021857   0.0000019854   0.0000002657   0.0000019738   0.0148104610
        0.0079086526  -0.0320436431   0.0273941774   0.0512944485  -0.0694292156
       -0.0004180563  -0.0003682193   0.0001520713   0.0000366985   0.0001077540
        0.0001914941   0.0002042317  -0.0002377670  -0.0002611155  -0.0000051604
       -0.0000206637   0.0000150882   0.0000223321   0.0000244346  -0.0000078980
       -0.0000086265  -0.0000138143   0.0000040815   0.0000013755  -0.0000006055
        0.0000025820   0.0000107046   0.0000464946  -0.0000082799  -0.0000148125
       -0.0000320983  -0.0000025828   0.0000022284   0.0000042099  -0.0000009868
        0.0000004207   0.0000028446   0.0000002144  -0.0000011536  -0.0000017796
        0.0000048508  -0.0000176371  -0.0000142921   0.0000061289   0.0000024915
        0.0000020552   0.0000023153  -0.0000038724   0.0000000936   0.0000001189
       -0.0000009794   0.0000030926   0.0000045705   0.0000014764   0.0000033781
        0.0000001112
       -0.0000676174  -0.0001769039   0.0000037462  -0.0000525169   0.0000292083
        0.0000558204   0.0000481150   0.0000168045   0.0000263111  -0.0000009312
        0.0000171044   0.0000053987   0.0000022685  -0.0000097127  -0.0000102519
        0.0000222637  -0.0000105859  -0.0000108392   0.0000416543   0.0000092151
       -0.0000014307   0.0000038534  -0.0000006298  -0.0000020601   0.0000040810
       -0.0000008068   0.0000052516  -0.0004606294   0.0001673885  -0.0000168295
        0.0001400276  -0.0000459226  -0.0000624283   0.0000041517  -0.0000104685
       -0.0000162366   0.0000120129   0.0000125841   0.0000046602   0.0000255199
        0.0000061581  -0.0000031267   0.0000013833   0.0000135526  -0.0000143467
       -0.0010225288  -0.0001385831  -0.0000053907   0.1719729271   0.0694125167
       -0.3671948316   0.0001323178   0.0002358376  -0.0000019966   0.0021281785
        0.0006447945  -0.0000680300  -0.0000271076  -0.0000186819  -0.0000283518
        0.0000089456  -0.0000018224  -0.0000073531   0.0000131158  -0.0000052178
       -0.0000067187  -0.0000028673   0.0000056899  -0.0000040786  -0.0000007475
       -0.0000009223  -0.0000030830  -0.0000029761   0.0000034452  -0.0000011594
       -0.0000025519  -0.0000025329  -0.0000021809  -0.0000046726   0.0000013356
        0.0000075655   0.0000006308  -0.0000039302   0.0000021558   0.0003143587
       -0.0001451462   0.0001235441   0.0000511088   0.0000874299  -0.0000226134
        0.0000538581  -0.0000406248  -0.0000148319   0.0000128250   0.0000107095
       -0.0000138653   0.0000015248   0.0000166725  -0.0000079974   0.0000050097
        0.0000041542  -0.0000082336   0.0000048021   0.0000126818  -0.0000090050
        0.0000058013   0.0000179437  -0.0000171273   0.0000103947   0.0000058790
       -0.0000099680   0.0000063324   0.0000028690  -0.0000055828   0.0090705542
       -0.0008652051  -0.0161429187  -0.1819675177  -0.0694292156   0.3833733716
       -0.0005869152   0.0002103396   0.0003759117  -0.0000639915   0.0000521468
       -0.0000320374   0.0001331350  -0.0000623451  -0.0002019993   0.0000094404
        0.0000065964  -0.0000166909  -0.0000128842  -0.0000011215   0.0000048584
        0.0000068301  -0.0000043471  -0.0000061826  -0.0000033413  -0.0000001623
       -0.0000108909   0.0000046678  -0.0000104379   0.0000211139   0.0000039604
        0.0000019296  -0.0000122222   0.0000022261   0.0000015549   0.0000014125
        0.0000041393  -0.0000025344  -0.0000035347   0.0000041313   0.0000003113
       -0.0000028789   0.0000107805  -0.0000007511  -0.0000087897   0.0000003810
       -0.0000045102   0.0000012088   0.0000018177  -0.0000036017  -0.0000002900
        0.0000010570  -0.0000044352  -0.0000049712  -0.0000007869  -0.0000056940
        0.0000010254
       -0.0081077891  -0.0121899253   0.0118677098   0.0022994090  -0.0020371235
        0.0002525689  -0.0002712761   0.0001372167  -0.0000594273   0.0002649103
        0.0001830887  -0.0000780360   0.0001887045  -0.0000189542  -0.0000495347
        0.0002829583  -0.0001781876  -0.0002601238   0.0000652670   0.0000551390
        0.0000211964  -0.0000828286  -0.0000757103   0.0000498404  -0.0001076612
        0.0000833306  -0.0000138894  -0.0036472512   0.0026298948   0.0009630644
        0.0006105078  -0.0021232401  -0.0005925605  -0.0004683957   0.0009753243
        0.0000911041   0.0001241205  -0.0005008042   0.0001499321  -0.0002444270
       -0.0000121667  -0.0000165434   0.0000544048  -0.0000237363   0.0000563949
        0.0017058907  -0.0002042959  -0.0008205047   0.0013423487   0.0095745228
        0.0050130637  -0.1523155040  -0.1065179450   0.1282002127  -0.0026595485
       -0.0009221336   0.0000562664  -0.0000230786   0.0000505943   0.0000250325
       -0.0000829683  -0.0000427357  -0.0000396648  -0.0000232553   0.0000719165
        0.0000520560  -0.0000348085  -0.0000401757  -0.0000286444   0.0000099414
        0.0000135800   0.0000011186  -0.0000241930   0.0000081406  -0.0000122495
        0.0000135092   0.0000213710  -0.0000014273   0.0000903970   0.0000089865
       -0.0001252232   0.0000406311   0.0000272675  -0.0000113112   0.0003748566
       -0.0001114989   0.0003565487   0.0002539033   0.0002278591  -0.0001165563
        0.0000533825  -0.0001331297  -0.0000416282  -0.0000828026  -0.0000742945
       -0.0000078733   0.0000795964   0.0000491543  -0.0000330891   0.0000017098
        0.0000138740   0.0000075111   0.0000480454  -0.0000111329  -0.0000215584
        0.0000118131  -0.0000509699   0.0000353104  -0.0000117748   0.0000050922
       -0.0000165998   0.0000183219   0.0000214780  -0.0000225675  -0.0062079142
       -0.0015222528  -0.0031737570  -0.0002505617  -0.0004180563  -0.0005869152
        0.3104847004   0.2544497337   0.0142921468  -0.0004192658   0.0003775687
        0.0005959781  -0.1432124267  -0.1416768382  -0.1560633297  -0.0001492080
       -0.0002258687   0.0002279233   0.0003954621   0.0000298761  -0.0000927538
       -0.0001887524   0.0000030558   0.0000651126   0.0000344108  -0.0000195499
        0.0000612787   0.0001230080   0.0004612454  -0.0002703129  -0.0001605368
       -0.0002323340   0.0000569701  -0.0000233725   0.0000029103  -0.0000317095
        0.0000027025   0.0000153860   0.0000006426   0.0000073937  -0.0000165659
        0.0000067393  -0.0001916727  -0.0000829935   0.0000747218   0.0000430880
       -0.0000271319  -0.0000110137  -0.0000299068  -0.0000112186  -0.0000034587
       -0.0000155304  -0.0000025384   0.0000269923   0.0000113160   0.0000059011
       -0.0000051732
       -0.0096406144  -0.0077337928   0.0101436250   0.0020974260  -0.0026101416
        0.0003801826  -0.0009494899   0.0002006340  -0.0004768161   0.0002514345
        0.0000831469  -0.0002573500   0.0000593556   0.0001441378   0.0001368793
       -0.0000789242   0.0000802381  -0.0002479735  -0.0003762424   0.0003067313
       -0.0001835439  -0.0000081573  -0.0000858550   0.0000601446  -0.0000779772
        0.0000236678   0.0000383388  -0.0010002447   0.0010627593   0.0004045272
        0.0002253365  -0.0008395531  -0.0002825469  -0.0000344069   0.0007262214
       -0.0000053439   0.0000629623  -0.0003393389   0.0000539998  -0.0001404544
        0.0000145456  -0.0000640786   0.0000542976  -0.0000204766   0.0000431622
       -0.0016095281  -0.0006955502  -0.0007200845   0.0074045099  -0.0137303662
       -0.0090452612  -0.1129546561  -0.0997090718   0.0953709842   0.0019303377
        0.0011526234   0.0006171308   0.0001435584   0.0000218809   0.0001708606
       -0.0000712698  -0.0000441120   0.0000358343  -0.0000576527   0.0000714653
        0.0001223126   0.0001468230  -0.0000040422   0.0003807111  -0.0000144944
        0.0000277931   0.0000393326  -0.0000421050  -0.0000139138  -0.0000272570
        0.0000201460   0.0000280833  -0.0000106099   0.0000496834  -0.0000433874
       -0.0000519747   0.0000435062  -0.0000125586  -0.0000059269  -0.0004871123
        0.0010376147  -0.0002531178  -0.0001314159  -0.0000660601   0.0000760239
       -0.0001002028   0.0000922801  -0.0000151024  -0.0000435694  -0.0000426073
       -0.0000014163  -0.0000400411  -0.0000100249   0.0000322861   0.0000112789
        0.0000120722   0.0000117501  -0.0000221157   0.0000226003  -0.0000061081
        0.0000129729  -0.0000581851   0.0000395376  -0.0000074921   0.0000014954
       -0.0000120679  -0.0000260656   0.0000018418   0.0000023526  -0.0012846028
       -0.0037125502   0.0040222218  -0.0001353026  -0.0003682193   0.0002103396
        0.2544497337   0.2735269157   0.0662478571   0.0006026626  -0.0002300977
        0.0003224244  -0.1381495403  -0.1483076455  -0.1672849588  -0.0001150418
        0.0000012098   0.0000464714   0.0002301567  -0.0002026961  -0.0000087335
       -0.0001207017   0.0001720753  -0.0000040640  -0.0000019918   0.0000023255
        0.0000144578   0.0000856847   0.0000390864  -0.0000859675  -0.0000939608
        0.0000141850   0.0000417276  -0.0000126441  -0.0000250796  -0.0000237228
       -0.0000058228   0.0000183475   0.0000139582   0.0000106133  -0.0000026553
       -0.0000139593  -0.0000638681   0.0000389455   0.0000117658   0.0000203670
       -0.0000137185  -0.0000071354  -0.0000089087  -0.0000048206   0.0000000777
       -0.0000054807  -0.0000030034   0.0000065804  -0.0000007485   0.0000046002
       -0.0000027367
        0.0109272480   0.0123499918  -0.0076661272  -0.0031288693   0.0021192495
       -0.0005907306   0.0006097224  -0.0003552240   0.0003586281  -0.0001236098
       -0.0001737245   0.0001752709  -0.0000644324   0.0000083380   0.0000307889
       -0.0003107882   0.0000676370   0.0002552927   0.0001734836  -0.0003551668
       -0.0003521650   0.0000836565   0.0000948634  -0.0000421335   0.0000968355
       -0.0000704980  -0.0000474249   0.0022505161  -0.0031134758  -0.0006847761
       -0.0004073495   0.0017919272   0.0000387386   0.0003907882  -0.0008898235
       -0.0000784966  -0.0001125088   0.0004337343  -0.0000802325   0.0002139644
       -0.0000304216   0.0000115803  -0.0000552734   0.0000122886  -0.0000572264
       -0.0011869820  -0.0008760104   0.0010240082   0.0051535136  -0.0109958033
       -0.0010692544   0.1024305150   0.0714635788  -0.1487334620   0.0011332408
        0.0011368288  -0.0006222492   0.0000907371   0.0001363223  -0.0000614252
        0.0001242109   0.0000750481   0.0000169889   0.0000507779  -0.0000494889
       -0.0000530054  -0.0000017784   0.0002048096   0.0001680120  -0.0000149659
       -0.0000063796  -0.0000149048   0.0000605384  -0.0000019797   0.0000311113
       -0.0000177991  -0.0000144663   0.0000096800  -0.0000912052   0.0000108915
        0.0000920283  -0.0000621517  -0.0000110113  -0.0000087890   0.0000700539
       -0.0006573578  -0.0001181155  -0.0000923108  -0.0000443077  -0.0000314027
       -0.0000355371   0.0000332239  -0.0000307033   0.0000820056   0.0001188390
        0.0000296404  -0.0000324864  -0.0000276696  -0.0000031688  -0.0000044951
       -0.0000089563   0.0000238368  -0.0000281811  -0.0000088638   0.0000141905
       -0.0000124794   0.0000503814  -0.0000365587   0.0000141824   0.0000162756
        0.0000287433   0.0000024046  -0.0000139045   0.0000081171  -0.0023596534
        0.0045909534  -0.0037500094  -0.0007056858   0.0001520713   0.0003759117
        0.0142921468   0.0662478571   0.3797092173   0.0007979160   0.0003484967
       -0.0002091372  -0.1303297380  -0.1437789605  -0.2180646990   0.0001589107
        0.0001175726  -0.0001205183  -0.0003571240   0.0000645641   0.0000418661
        0.0001805588  -0.0000765028  -0.0000098694   0.0000009102   0.0000084822
       -0.0000066087  -0.0001826548  -0.0003197200   0.0001201087   0.0001849290
        0.0001707255   0.0000044468   0.0000208046   0.0000016155   0.0000204235
       -0.0000085235  -0.0000186422   0.0000000669  -0.0000120911   0.0000115662
       -0.0000000895   0.0001621526   0.0000401775  -0.0000301023  -0.0000420178
        0.0000166106  -0.0000010912   0.0000237004   0.0000138623   0.0000041720
        0.0000098064  -0.0000001752  -0.0000187595  -0.0000095384  -0.0000102498
        0.0000003668
       -0.0005822596  -0.0004426876   0.0005488277   0.0008465682  -0.0002451764
       -0.0001222593  -0.0002479190   0.0005018045   0.0000142194  -0.0000883769
        0.0000301425  -0.0000691189  -0.0001091748   0.0000092093   0.0000292319
        0.0000920231   0.0000085549  -0.0000102319  -0.0001560915   0.0000405276
        0.0001265390   0.0000156856  -0.0000224901  -0.0000169848   0.0000111400
       -0.0000029546   0.0000304249   0.0003252291   0.0004096708  -0.0004734910
       -0.0000296404  -0.0000511757  -0.0000585259  -0.0000067653   0.0000376826
        0.0000191351   0.0000021220  -0.0000432430  -0.0000184423   0.0000190752
       -0.0000001620   0.0000090269  -0.0000005642   0.0000014610  -0.0000027908
       -0.0895037728   0.1106664753  -0.0393301713   0.0009609576   0.0000016998
        0.0009010850   0.0005868115   0.0000187511  -0.0009237937  -0.0193479976
        0.0395455417  -0.0128078985  -0.0000992669  -0.0004324786   0.0004459122
       -0.0001035013  -0.0000212236  -0.0000115051  -0.0000135989  -0.0000227866
       -0.0000389810  -0.0000256976  -0.0000544917  -0.0000715820   0.0000110877
       -0.0000168914  -0.0000158570  -0.0000268316   0.0000106476  -0.0000029794
       -0.0000091753  -0.0000164947   0.0000050116  -0.0000162368   0.0000000475
        0.0000240445  -0.0000060507  -0.0000039058   0.0000147601  -0.0001332342
        0.0001674999   0.0000031356  -0.0000701579  -0.0000659784   0.0000660373
       -0.0000090743   0.0000099833   0.0000357671  -0.0000005158  -0.0000369755
       -0.0000075515  -0.0000189824  -0.0000016007   0.0000160143  -0.0000008770
        0.0000023076  -0.0000084928  -0.0000133371   0.0000044905   0.0000013457
       -0.0000042405   0.0000092713  -0.0000101079   0.0000028457  -0.0000048493
       -0.0000005740  -0.0000058180  -0.0000024978   0.0000058602  -0.0006452415
       -0.0008461719  -0.0007829729  -0.0007188589   0.0000366985  -0.0000639915
       -0.0004192658   0.0006026626   0.0007979160   0.1093168899  -0.1498438032
        0.0516813908   0.0001996020   0.0000513403   0.0001293740   0.0000229676
        0.0000438015  -0.0000653286  -0.0000737023  -0.0000059287   0.0000313098
        0.0000379260  -0.0000065695  -0.0000275217  -0.0000161246   0.0000052515
       -0.0000235937   0.0000003574  -0.0000702488   0.0000871980   0.0000160982
        0.0000277592  -0.0000414236   0.0000061569   0.0000005988   0.0000067469
        0.0000007478  -0.0000030046  -0.0000024521  -0.0000018522   0.0000035068
       -0.0000009626   0.0000370842   0.0000096839  -0.0000294519  -0.0000115508
        0.0000050692   0.0000111172   0.0000038780   0.0000009016   0.0000023133
        0.0000028970   0.0000016454  -0.0000085884  -0.0000023964  -0.0000008977
        0.0000038812
       -0.0003678764  -0.0002514470   0.0002324137   0.0003361609  -0.0000509821
       -0.0001110352   0.0000462613   0.0003874854   0.0001109491   0.0000260193
       -0.0000601557  -0.0000744740   0.0000445201  -0.0000636243  -0.0000513721
        0.0000962045  -0.0000426046  -0.0000116814  -0.0001288733  -0.0000137640
        0.0000061724   0.0000009642  -0.0000217884  -0.0000175547  -0.0000012456
        0.0000087640   0.0000128484   0.0002888076   0.0001413637   0.0001795038
        0.0000098131  -0.0000888929  -0.0000518528   0.0001358671   0.0000103502
       -0.0000664027  -0.0000220491   0.0000485193   0.0000088002  -0.0000036618
        0.0000010818  -0.0000006451   0.0000096187  -0.0000065894   0.0000097870
        0.1476210124  -0.3794267479   0.1146428256  -0.0005194177  -0.0004678815
       -0.0002384993   0.0000320698   0.0002684155  -0.0005032856   0.0030112922
        0.0041348730  -0.0001957338  -0.0003704733  -0.0001941324   0.0004411338
       -0.0000563864   0.0000003551  -0.0000115190  -0.0000070069  -0.0000052692
       -0.0000204432  -0.0000041032  -0.0000271799  -0.0000528833   0.0000122688
       -0.0000131445  -0.0000145101  -0.0000049418   0.0000075984  -0.0000011007
       -0.0000059130  -0.0000076295   0.0000055343   0.0000002723  -0.0000000043
       -0.0000071811   0.0000013925   0.0000039012   0.0000092339  -0.0001486842
       -0.0000763570  -0.0001047407  -0.0000404952  -0.0000102522   0.0000645538
       -0.0001562001   0.0000754655  -0.0000101611   0.0000298106   0.0000568674
        0.0000116724  -0.0000116346  -0.0000321101   0.0000323186  -0.0000015102
       -0.0000109886  -0.0000014914  -0.0000269350   0.0000119227  -0.0000047306
       -0.0000035851  -0.0000116703   0.0000108496  -0.0000000453  -0.0000010308
       -0.0000037124  -0.0000049487  -0.0000052365   0.0000075647  -0.0003215773
        0.0003240707   0.0000325155   0.0000122280   0.0001077540   0.0000521468
        0.0003775687  -0.0002300977   0.0003484967  -0.1498438032   0.3754989593
       -0.1146782488  -0.0000373359   0.0000464984   0.0000216091  -0.0000013672
       -0.0000146627   0.0000050362   0.0000094064   0.0000279289  -0.0000039211
        0.0000006570  -0.0000245194   0.0000002638  -0.0000035662  -0.0000014805
       -0.0000098260   0.0000204322   0.0000408694   0.0000219135  -0.0000155267
       -0.0000271016  -0.0000210857  -0.0000028598   0.0000023119   0.0000001109
        0.0000005396   0.0000005657  -0.0000045461   0.0000009292  -0.0000016658
       -0.0000007727  -0.0000124322  -0.0000154792  -0.0000037417  -0.0000012185
        0.0000007292   0.0000064374  -0.0000012114  -0.0000019612   0.0000014355
        0.0000012686   0.0000008420  -0.0000001739   0.0000015001  -0.0000010416
        0.0000011994
       -0.0000268293  -0.0007259135   0.0005900576   0.0006629526  -0.0003045650
       -0.0003738003  -0.0001573247  -0.0004211852  -0.0000873663   0.0001823134
        0.0001101353   0.0000917549   0.0000837322   0.0000854464   0.0000533581
       -0.0000825445  -0.0000297473  -0.0000086876  -0.0000302858  -0.0000171532
       -0.0000546940  -0.0000352060   0.0000028390   0.0000398476  -0.0000427639
        0.0000433035   0.0000131621  -0.0004415060   0.0014577022  -0.0005130450
        0.0001064949  -0.0003889097  -0.0000921923  -0.0001789911   0.0005481023
        0.0000358150   0.0000280090  -0.0002812017   0.0000349275  -0.0001055538
        0.0000069039   0.0000022912   0.0000302351  -0.0000120354   0.0000383389
       -0.0490154821   0.1097199849  -0.0361795473   0.0002359901  -0.0002390749
       -0.0006924725  -0.0004169007  -0.0005523617  -0.0006124400  -0.0034290576
        0.0046175746  -0.0000367623   0.0009035452   0.0005054460  -0.0002849269
       -0.0001136429  -0.0000162759   0.0000048766  -0.0000545151   0.0000552138
        0.0000606574   0.0000057520   0.0000524901   0.0000539959  -0.0000168839
        0.0000136963   0.0000148880  -0.0000293304   0.0000026816  -0.0000104783
        0.0000153176   0.0000092256  -0.0000040327   0.0000527411  -0.0000016206
       -0.0000605095   0.0000356179   0.0000075943   0.0000041530  -0.0001033776
        0.0000512755   0.0001168260   0.0000426298  -0.0000203039  -0.0000348865
        0.0000184865  -0.0000107864   0.0000303149  -0.0000602535  -0.0000958685
        0.0000047459   0.0000267703   0.0000142069  -0.0000147783   0.0000009428
        0.0000023341  -0.0000224655   0.0000159749   0.0000029261   0.0000027826
        0.0000024663  -0.0000277470   0.0000149266  -0.0000079050  -0.0000128793
       -0.0000104403   0.0000026985   0.0000078517  -0.0000066342  -0.0006113452
        0.0000437596   0.0005840040   0.0003254013   0.0001914941  -0.0000320374
        0.0005959781   0.0003224244  -0.0002091372   0.0516813908  -0.1146782488
        0.0373382248   0.0000124112  -0.0000121394   0.0001935755  -0.0000948501
       -0.0000969546   0.0000942051   0.0002161827  -0.0000069549  -0.0000279949
       -0.0001105514   0.0000267013   0.0000113697   0.0000054968  -0.0000044509
        0.0000140663   0.0001066778   0.0002316617  -0.0001011990  -0.0001166854
       -0.0001251811   0.0000058851  -0.0000123040  -0.0000023660  -0.0000156637
        0.0000002133   0.0000075043   0.0000033768   0.0000028410  -0.0000082158
        0.0000045805  -0.0001054203  -0.0000363816   0.0000218758   0.0000230656
       -0.0000105415   0.0000006065  -0.0000178265  -0.0000079539  -0.0000033138
       -0.0000094599   0.0000002938   0.0000108387   0.0000044681   0.0000062446
       -0.0000008229
        0.0002210768   0.0007740941   0.0004290230  -0.0003621057  -0.0002193817
        0.0000229732  -0.0000590367  -0.0000267689  -0.0000329203   0.0000540799
       -0.0000437893  -0.0000500120  -0.0000132094   0.0000654773   0.0000782659
       -0.0001058082   0.0000943032   0.0000229041  -0.0000355535  -0.0000485358
       -0.0002523585   0.0000252980   0.0000141949   0.0000066517   0.0000183760
       -0.0000206165   0.0000069082   0.0001928911  -0.0007232980  -0.0000039979
       -0.0000337451   0.0003081050  -0.0000782196   0.0000898900  -0.0002300933
       -0.0000252052  -0.0000036446   0.0001105362  -0.0000103988   0.0000475018
       -0.0000030725   0.0000009823  -0.0000081673   0.0000028048  -0.0000067605
       -0.0002161840  -0.0000310358   0.0000732249  -0.0014108926   0.0018432715
        0.0008724515  -0.0168298210  -0.0182232315  -0.0163518428   0.0001832552
        0.0002055846   0.0000082789   0.0000587955   0.0000475624   0.0000597728
        0.0000207100   0.0000134495   0.0000209310   0.0000004636  -0.0000004404
        0.0000109226  -0.0000053955   0.0000468324   0.0002231203  -0.0000085525
        0.0000028777   0.0000086636   0.0000121258  -0.0000047790   0.0000001727
        0.0000021159   0.0000008133  -0.0000015055  -0.0000229506  -0.0000103630
        0.0000285191  -0.0000084828  -0.0000063086   0.0000008549  -0.0000852170
        0.0001457009   0.0000086113  -0.0000245942  -0.0000139681   0.0000060942
       -0.0000173285   0.0000285641   0.0000081827   0.0000186588   0.0000249375
       -0.0000004822  -0.0000196964  -0.0000082990   0.0000067384   0.0000012779
       -0.0000041614  -0.0000016580  -0.0000121362   0.0000042894   0.0000050003
       -0.0000012811   0.0000086771  -0.0000065116   0.0000025021   0.0000004902
        0.0000036449  -0.0000068484  -0.0000042909   0.0000049759   0.0027312207
       -0.0034966290  -0.0013347935   0.0000285169   0.0002042317   0.0001331350
       -0.1432124267  -0.1381495403  -0.1303297380   0.0001996020  -0.0000373359
        0.0000124112   0.1585514762   0.1573223782   0.1464501545   0.0000262023
        0.0000581061  -0.0000569014  -0.0000822056  -0.0000365843   0.0000239221
        0.0000409630   0.0000228383  -0.0000171985  -0.0000083366   0.0000069668
       -0.0000119920  -0.0000286666  -0.0001235120   0.0000557491   0.0000418191
        0.0000731307  -0.0000085025   0.0000054388  -0.0000072631   0.0000056566
       -0.0000019163  -0.0000024475   0.0000026181   0.0000016169   0.0000068590
       -0.0000043676   0.0000504560   0.0000285037  -0.0000168203  -0.0000150851
        0.0000050443   0.0000044118   0.0000096366   0.0000046300   0.0000021007
        0.0000056439   0.0000009433  -0.0000068720  -0.0000023222  -0.0000004527
        0.0000010311
        0.0009197189   0.0008821379   0.0001804474  -0.0007370174   0.0001522062
       -0.0000230259   0.0001885967  -0.0000720934   0.0001190376   0.0000240744
       -0.0000351134   0.0000158803   0.0000150693   0.0000033705   0.0000078670
       -0.0000264628   0.0000243522   0.0000521279   0.0001775093  -0.0001442816
       -0.0001185659   0.0000029116   0.0000270799  -0.0000013036   0.0000188137
       -0.0000095886  -0.0000176125  -0.0004115028  -0.0006370166   0.0001725920
        0.0000970982   0.0001570337  -0.0001422351   0.0000145865  -0.0002142872
        0.0000042113   0.0000040410   0.0000989980  -0.0000034686   0.0000281607
       -0.0000133233   0.0000045391  -0.0000106724   0.0000031551  -0.0000074621
        0.0001938269  -0.0000106123   0.0002170696   0.0015734471  -0.0010710336
        0.0002008582  -0.0153866723  -0.0135721400  -0.0122227152  -0.0003042934
        0.0000166433  -0.0002094513   0.0000148264   0.0000440213   0.0000006988
        0.0000278760   0.0000160699  -0.0000000904   0.0000294281  -0.0000220217
       -0.0000339619  -0.0000761352   0.0000645107   0.0000323601   0.0000037145
       -0.0000066946  -0.0000104001   0.0000233540   0.0000011372   0.0000099215
       -0.0000023947  -0.0000049079   0.0000029103  -0.0000167763   0.0000129293
        0.0000119785  -0.0000151507   0.0000055120  -0.0000007776   0.0000976516
       -0.0003806364   0.0000593703   0.0000752413   0.0000753418  -0.0000615617
        0.0000197821  -0.0000417950  -0.0000207282   0.0000150688   0.0000292707
        0.0000021824   0.0000096873   0.0000073141  -0.0000108246  -0.0000035197
       -0.0000034085   0.0000125481   0.0000084326  -0.0000119968  -0.0000016343
       -0.0000005073   0.0000096580  -0.0000053577   0.0000022499   0.0000047615
        0.0000049765   0.0000046550   0.0000015743  -0.0000009096  -0.0021322044
        0.0008886272  -0.0014078429  -0.0001985460  -0.0002377670  -0.0000623451
       -0.1416768382  -0.1483076455  -0.1437789605   0.0000513403   0.0000464984
       -0.0000121394   0.1573223782   0.1622269165   0.1570247489   0.0000364714
        0.0000038427  -0.0000090007  -0.0000753626   0.0000576324   0.0000026647
        0.0000402329  -0.0000508761   0.0000032474   0.0000056608   0.0000000996
        0.0000057355  -0.0000434277  -0.0000329916   0.0000053461   0.0000442569
        0.0000146557   0.0000025538   0.0000031229   0.0000058469   0.0000033026
        0.0000011823  -0.0000040153  -0.0000033788  -0.0000016816   0.0000019877
        0.0000029937   0.0000216607  -0.0000081857   0.0000005768  -0.0000050205
        0.0000055268   0.0000013223   0.0000039129   0.0000027103   0.0000010346
        0.0000029948   0.0000016419  -0.0000002163   0.0000011498  -0.0000006315
        0.0000008665
        0.0000320446  -0.0000484336  -0.0006886082   0.0004400349   0.0000327041
       -0.0000224115  -0.0000261842  -0.0000000544  -0.0000416637   0.0000254617
        0.0000052607   0.0000059416   0.0000110997  -0.0000095018  -0.0000144435
       -0.0000064286  -0.0000045276  -0.0000044104  -0.0000142216   0.0000432653
        0.0001265375  -0.0000195030  -0.0000070623   0.0000024729  -0.0000176310
        0.0000143140   0.0000099483   0.0001240266   0.0006302927  -0.0001093503
        0.0000266757  -0.0001610460   0.0001219347  -0.0000395700   0.0001889573
        0.0000171774  -0.0000065354  -0.0001021839  -0.0000050822  -0.0000332072
        0.0000075567   0.0000061503   0.0000082166  -0.0000052861   0.0000122441
        0.0001141448  -0.0000830400  -0.0002191736   0.0010900594  -0.0000106427
       -0.0002584015   0.0100310104   0.0103072112   0.0162693476  -0.0002861987
        0.0001113913   0.0001224664   0.0000112881   0.0000144341   0.0000089298
       -0.0000326274  -0.0000084993  -0.0000028666  -0.0000199478   0.0000127240
        0.0000153888   0.0000118709  -0.0000483103  -0.0000932530  -0.0000007418
        0.0000044951   0.0000099122  -0.0000116737  -0.0000002170  -0.0000070763
        0.0000053037   0.0000047384  -0.0000031919   0.0000248702  -0.0000019106
       -0.0000176673   0.0000190634   0.0000007176   0.0000025802  -0.0001162280
       -0.0000078407  -0.0000037028  -0.0000027940  -0.0000271120   0.0000182394
       -0.0000107997   0.0000017654   0.0000117846  -0.0000158382  -0.0000256776
       -0.0000039622   0.0000072360   0.0000016022   0.0000019133   0.0000008629
       -0.0000012832  -0.0000080515   0.0000021372   0.0000015245  -0.0000013734
        0.0000017456  -0.0000125394   0.0000085747  -0.0000039022  -0.0000045045
       -0.0000072435  -0.0000020489   0.0000021848  -0.0000014618  -0.0016862172
       -0.0003196870   0.0001015230  -0.0001169469  -0.0002611155  -0.0002019993
       -0.1560633297  -0.1672849588  -0.2180646990   0.0001293740   0.0000216091
        0.0001935755   0.1464501545   0.1570247489   0.2027171853  -0.0000371817
       -0.0000140016   0.0000217924   0.0000869251  -0.0000300310  -0.0000055898
       -0.0000477706   0.0000314746  -0.0000012606  -0.0000027149  -0.0000011751
       -0.0000058606   0.0000458810   0.0000520328  -0.0000147560  -0.0000448785
       -0.0000309823  -0.0000028952  -0.0000047099   0.0000005429  -0.0000023516
        0.0000024402   0.0000030024   0.0000000459   0.0000013636  -0.0000035271
        0.0000002617  -0.0000384066  -0.0000028445   0.0000053520   0.0000098894
       -0.0000037009   0.0000006428  -0.0000052161  -0.0000020374  -0.0000022742
       -0.0000018958   0.0000005573   0.0000040356   0.0000021689   0.0000046269
       -0.0000008761
       -0.0003462349  -0.0000294592   0.0001345994   0.0005383304   0.0001858569
        0.0001631143  -0.0004135588  -0.0001700381  -0.0002108663   0.0004632856
       -0.0007975414  -0.0005035951  -0.0011742860   0.0006137222   0.0011384245
       -0.0006569583  -0.0003135529   0.0015018663   0.0006893702  -0.0004260656
        0.0001798784   0.0066967612  -0.0002945404   0.0041962052  -0.0922058307
       -0.0026928811  -0.0823727230   0.0000724603  -0.0001111063  -0.0000597313
        0.0001446889   0.0002109143  -0.0000006804  -0.0000063495  -0.0002500528
       -0.0000002647   0.0000222852   0.0001208746  -0.0000481951   0.0000622752
       -0.0000287713   0.0000008523  -0.0000112195   0.0000031109  -0.0000203816
       -0.0000568310   0.0000308428   0.0002129056  -0.0000895184  -0.0000046409
        0.0000610907   0.0001803987   0.0001828542  -0.0001690016   0.0000561006
        0.0000041199  -0.0000838425  -0.0000330814   0.0000335904  -0.0000037921
       -0.0001110824  -0.0000180868  -0.0000233349  -0.0002003381   0.0001210198
        0.0000518853  -0.0000227277   0.0000146925  -0.0000259845  -0.0000807595
       -0.0006426184   0.0007779338  -0.0004480561  -0.0015924670   0.0014060659
       -0.0039437585  -0.0046816088  -0.0121351459  -0.1418646314  -0.1608118812
       -0.0826749073  -0.0004213652  -0.0000166662   0.0000665265  -0.0000704823
        0.0000113500  -0.0000063106  -0.0000271774  -0.0000818933  -0.0000051885
       -0.0000384880   0.0000378526   0.0000247095   0.0000093174   0.0000329201
        0.0000181475  -0.0000378226  -0.0000417947  -0.0000037308   0.0000187695
        0.0000037515   0.0000188082  -0.0000209954   0.0000089695   0.0000068965
       -0.0000063104   0.0000233806  -0.0000178966   0.0000030871   0.0000111193
        0.0000167529  -0.0000070324  -0.0000209660   0.0000018792   0.0000617052
       -0.0000087404  -0.0000706819   0.0000060923  -0.0000051604   0.0000094404
       -0.0001492080  -0.0001150418   0.0001589107   0.0000229676  -0.0000013672
       -0.0000948501   0.0000262023   0.0000364714  -0.0000371817   0.3188706944
        0.1927431139   0.2332803033  -0.0235230395   0.0056429230  -0.0260603399
       -0.0027686342   0.0025161324   0.0029771268  -0.0033284444   0.0174938874
       -0.0185751232  -0.0545702089  -0.0052762959  -0.0247435335  -0.0013022408
       -0.0446903058   0.0059540784   0.0013214468   0.0005301685  -0.0002909412
       -0.0003636219   0.0007820029  -0.0012554611  -0.0022425488   0.0005508732
       -0.0039894438   0.0002025654   0.0009408291  -0.0006463166   0.0008951986
        0.0002801394   0.0017657066   0.0003085683  -0.0000720542  -0.0001555281
       -0.0003421079   0.0000808067   0.0001890543   0.0002123793  -0.0000526918
       -0.0000281884
       -0.0009465664   0.0003273574   0.0001077494   0.0007182848  -0.0001021705
        0.0000322688  -0.0003182712   0.0001204325  -0.0002419121  -0.0000218520
       -0.0000831741  -0.0004052678   0.0018139111   0.0004398654   0.0000970940
       -0.0004031636  -0.0003871609   0.0005519808   0.0001133831   0.0000201105
        0.0003251967   0.0106510519  -0.0074055544   0.0275568792  -0.0032258962
       -0.0750191632   0.0163062504   0.0000770571  -0.0007464808   0.0000346683
       -0.0001347078   0.0006461906   0.0001178569   0.0000421166  -0.0005128895
        0.0000085605  -0.0001504658   0.0002901554  -0.0000182206   0.0000907331
        0.0000076166   0.0000480674  -0.0000848973   0.0000319990  -0.0000064521
       -0.0000796414   0.0001178808   0.0001646086  -0.0001458241   0.0000691471
        0.0000346593   0.0001845562   0.0000844838  -0.0001028149   0.0000602902
       -0.0000425346  -0.0000458154  -0.0000653495   0.0000040342   0.0001066450
        0.0000955578  -0.0000351562   0.0000396673   0.0000451600   0.0001362343
        0.0000617668  -0.0001082970  -0.0000618650  -0.0000673383   0.0005576455
        0.0013161389   0.0001309797  -0.0020606444  -0.0038325314   0.0041478273
       -0.0140120656   0.0032889722  -0.0204520805  -0.1636282476  -0.2347756732
       -0.0732285038   0.0035457126  -0.0047808367   0.0017427514  -0.0000089824
        0.0000343655  -0.0000579034   0.0000469125  -0.0000665536   0.0000181089
        0.0001027456   0.0000102469   0.0000130182   0.0000353355   0.0000174972
       -0.0000103803   0.0000597586  -0.0000153759  -0.0000090024  -0.0000366411
       -0.0000235047  -0.0000204064   0.0000698304  -0.0000136206  -0.0000141541
        0.0000109056   0.0000204034   0.0000004642  -0.0000017480  -0.0000123149
       -0.0000129838   0.0000501451   0.0000164507  -0.0000233139   0.0000993005
       -0.0000675649  -0.0000716200   0.0000295958  -0.0000206637   0.0000065964
       -0.0002258687   0.0000012098   0.0001175726   0.0000438015  -0.0000146627
       -0.0000969546   0.0000581061   0.0000038427  -0.0000140016   0.1927431139
        0.6783982180  -0.1068901991   0.0019453835  -0.0019524783   0.0104968162
        0.0028755492  -0.0001270480  -0.0022283297   0.0078458600  -0.0060616479
        0.0167784684  -0.0002982196  -0.2662380796   0.1152110553  -0.0389905253
       -0.0860156507   0.0102371171  -0.0004605649  -0.0004481788  -0.0008125998
       -0.0004701925  -0.0003877458   0.0009275405   0.0005032217   0.0002587011
        0.0010289118   0.0010612772   0.0032793858  -0.0005530389  -0.0001256179
        0.0004127410  -0.0009026030   0.0003692563   0.0000624013   0.0001468907
        0.0004078540  -0.0002322946  -0.0003517432  -0.0003491631   0.0000664932
        0.0000396014
        0.0007601412  -0.0000993801  -0.0001025512  -0.0006609560   0.0001472993
        0.0000259044   0.0000539350   0.0000849654   0.0002241092  -0.0001090574
        0.0002403434   0.0000797874  -0.0017442385   0.0004070615  -0.0002731366
       -0.0000703117   0.0001716091  -0.0002948124  -0.0001947284   0.0000100809
       -0.0003286898  -0.0072086921   0.0105737943  -0.0279224665  -0.0678307978
        0.0154386143  -0.1573984106  -0.0000691297   0.0003570177  -0.0000030176
        0.0000002444  -0.0004318932  -0.0000293953  -0.0000291221   0.0003304989
        0.0000027534   0.0000970550  -0.0001620693   0.0000294205  -0.0000919469
        0.0000025313  -0.0000676749   0.0000641668  -0.0000215991   0.0000161878
        0.0001251331  -0.0000794170  -0.0001758136   0.0001622120  -0.0000273406
       -0.0000269981  -0.0002171829  -0.0001287061   0.0001179316  -0.0000929614
        0.0000202720   0.0000574037   0.0000512784  -0.0000252046  -0.0000451462
       -0.0000386962   0.0000239926   0.0000933036   0.0000235535  -0.0002326761
       -0.0002229146   0.0001369224   0.0000196041   0.0000366255   0.0000359383
       -0.0014384172   0.0012631074   0.0019594832   0.0041601741  -0.0028236392
       -0.0156424416  -0.0036745370  -0.0254014084  -0.0856508671  -0.0736806524
       -0.0668193605  -0.0025209056   0.0011189955  -0.0013311866   0.0000417059
       -0.0000352849   0.0000297737  -0.0000425976   0.0000960259  -0.0000346851
       -0.0000183483  -0.0000279307  -0.0000289024  -0.0000260032  -0.0000104738
        0.0000080774  -0.0000374118   0.0000234098  -0.0000123698   0.0000292467
        0.0000203489   0.0000204729  -0.0000245833  -0.0000007731   0.0000125826
        0.0000087722  -0.0000411857   0.0000140298  -0.0000038297   0.0000133295
        0.0000122347  -0.0000356576  -0.0000060559  -0.0000037191  -0.0001010719
        0.0000402099   0.0000585431  -0.0000322808   0.0000150882  -0.0000166909
        0.0002279233   0.0000464714  -0.0001205183  -0.0000653286   0.0000050362
        0.0000942051  -0.0000569014  -0.0000090007   0.0000217924   0.2332803033
       -0.1068901991   0.4287639227  -0.0096575773   0.0058057440  -0.0055162912
       -0.0026844644   0.0018549941   0.0016841453  -0.0135636784   0.0281408558
       -0.0262590219  -0.0239048585   0.1209059017  -0.1303423220   0.0003487398
       -0.0043114897   0.0148327261  -0.0004687363   0.0012874503  -0.0005069955
        0.0002924720   0.0012017273   0.0006441519  -0.0042622873   0.0011424329
       -0.0047465853   0.0002239798  -0.0020093150   0.0021958780  -0.0007180792
       -0.0003915834   0.0003848785  -0.0000105673   0.0000642843  -0.0000458092
       -0.0002316112   0.0000319519   0.0002890142   0.0001947034  -0.0000669321
       -0.0001124298
        0.0014128627   0.0001476037  -0.0003455521  -0.0010508260   0.0001637548
        0.0001545290   0.0000757884   0.0000536615   0.0003266448   0.0002262416
        0.0003820979   0.0001091621  -0.0023230891  -0.0003244560   0.0009963373
       -0.0000176391  -0.0002362353  -0.0003071431   0.0000814286  -0.0001544287
       -0.0003823001  -0.0157658406  -0.0034540342   0.0084785149  -0.1146149849
        0.0091060870   0.0221638457  -0.0002272927   0.0004115523   0.0001113162
       -0.0000352498  -0.0005982588  -0.0001377010  -0.0001018962   0.0005265276
        0.0000344457   0.0000479579  -0.0002718876   0.0001156520  -0.0001715001
        0.0000320629  -0.0000382234   0.0000360793  -0.0000114969   0.0000443238
        0.0001793354  -0.0001043862  -0.0004742681   0.0002607838  -0.0000074505
       -0.0001365825  -0.0004315714  -0.0003902486   0.0003798165  -0.0001408754
        0.0000052143   0.0001756725   0.0000829668  -0.0000761229  -0.0000557471
       -0.0000623497   0.0000766151   0.0001536712  -0.0000824216  -0.0000250760
        0.0000806642   0.0002064981   0.0000451598   0.0001202704   0.0002229732
        0.0005264731  -0.0000521878   0.0005491064  -0.0002122741  -0.0000154251
       -0.0013947669   0.0038757469   0.0015095551  -0.0009748512  -0.0000940789
       -0.0006450541   0.0122470819   0.0060864386  -0.0060915708   0.0000849671
       -0.0000275666   0.0000717833   0.0000329893   0.0000653503  -0.0000277360
        0.0000132808  -0.0000224755  -0.0000500534  -0.0000547433  -0.0000523431
       -0.0000326607   0.0000228760   0.0000371787  -0.0000025102  -0.0000094566
       -0.0000000978  -0.0000048006   0.0000265547  -0.0000022013  -0.0000132699
        0.0000121142  -0.0000593714   0.0000459502  -0.0000183654  -0.0000115087
       -0.0000334485  -0.0000136798   0.0000250371  -0.0000101462  -0.0001611986
        0.0000312600   0.0001679080  -0.0000279510   0.0000223321  -0.0000128842
        0.0003954621   0.0002301567  -0.0003571240  -0.0000737023   0.0000094064
        0.0002161827  -0.0000822056  -0.0000753626   0.0000869251  -0.0235230395
        0.0019453835  -0.0096575773   0.4983200631  -0.1073273717  -0.0687354554
       -0.1608912221   0.2067467171  -0.0223071600   0.0006447950  -0.0009441556
        0.0000153305   0.0047615816   0.0131399291  -0.0024442316  -0.0097202601
       -0.0063314679  -0.0008118396   0.0001283948  -0.0000580347   0.0001668734
        0.0000204089   0.0001716916   0.0000141632   0.0002610963  -0.0001422384
        0.0001870567  -0.1533396263  -0.0997739422   0.0633918757  -0.0264178576
       -0.0218612781   0.0110272711  -0.0050435888  -0.0001225141   0.0021070947
       -0.0020392688  -0.0001044637  -0.0003620845  -0.0015423675  -0.0009866097
        0.0010919014
       -0.0000468913  -0.0005321422   0.0000988651   0.0000855677   0.0000442812
       -0.0001347834   0.0003953338  -0.0000186613  -0.0002747577  -0.0001184508
        0.0001656596   0.0002018089  -0.0021332111  -0.0037456322   0.0027002285
       -0.0001720363   0.0003046272   0.0002427256  -0.0001135394   0.0002984724
       -0.0002073213  -0.0152546746   0.0034604290   0.0059687333   0.0112644919
       -0.0584912500  -0.0080759834   0.0000442117   0.0005368706  -0.0000773062
        0.0000784938  -0.0002981162  -0.0000059313   0.0000029864   0.0002565702
       -0.0000179129   0.0000690748  -0.0001454850  -0.0000154931  -0.0000038787
       -0.0000001000  -0.0000048964   0.0000566139  -0.0000150786   0.0000024440
       -0.0000111733  -0.0000854172   0.0000518988   0.0000077769  -0.0000980323
        0.0000176080   0.0000561947   0.0001775550  -0.0001216295   0.0000051833
        0.0000504893  -0.0000314725   0.0000876565  -0.0000198058  -0.0000834076
       -0.0000292858  -0.0000848741  -0.0000109710  -0.0001252133  -0.0002367651
       -0.0001357170   0.0000336252   0.0000023953  -0.0000407140  -0.0031741412
       -0.0018536236  -0.0004210561  -0.0009066040   0.0004011068   0.0018396009
        0.0212206834  -0.0104962066  -0.0094770855  -0.0008647411   0.0004976982
       -0.0007990424  -0.0039440399  -0.0274912558   0.0050860408  -0.0000134601
       -0.0000287223   0.0000070057  -0.0000308919   0.0000217140   0.0000085994
       -0.0000653076  -0.0000005572   0.0000129280  -0.0000052900  -0.0000089053
        0.0000062531  -0.0000343735   0.0000092965   0.0000183994   0.0000223438
        0.0000105448   0.0000026334  -0.0000471784   0.0000126944   0.0000124202
       -0.0000004598   0.0000096019  -0.0000140427   0.0000144168   0.0000047097
        0.0000088794  -0.0000199189  -0.0000073240   0.0000265825  -0.0000361654
        0.0000945089  -0.0000027387  -0.0000211250   0.0000244346  -0.0000011215
        0.0000298761  -0.0002026961   0.0000645641  -0.0000059287   0.0000279289
       -0.0000069549  -0.0000365843   0.0000576324  -0.0000300310   0.0056429230
       -0.0019524783   0.0058057440  -0.1073273717   0.8961408277  -0.1520441235
        0.2072184126  -0.5700989096   0.0655045271  -0.0004711403  -0.0006720290
       -0.0011079397   0.0066038312   0.0072867155   0.0024007370  -0.0079852480
       -0.0019281179  -0.0022844922  -0.0001997820   0.0000493963   0.0000213504
       -0.0000944180   0.0000222264  -0.0003159564   0.0000475615  -0.0001583774
        0.0000823584  -0.1127349355  -0.2377476722   0.0913334736  -0.0098555731
        0.0056343031  -0.0007312056   0.0036239038  -0.0002799868   0.0001590686
        0.0050990994  -0.0006428470  -0.0038775067   0.0041727711   0.0017383795
       -0.0013338842
       -0.0002994666   0.0000556287   0.0000152045   0.0002358954   0.0000052818
        0.0000346059  -0.0001270741  -0.0000824499  -0.0000079893   0.0000740204
        0.0001708704   0.0000324930   0.0020624375   0.0023097300  -0.0013576871
        0.0002163956  -0.0000465740  -0.0001722468  -0.0000166396  -0.0000909154
        0.0002111818   0.0142155288  -0.0002123480  -0.0046497396   0.0208568951
       -0.0095195284  -0.0645095605   0.0000373798  -0.0001450063  -0.0000039211
       -0.0000249908   0.0001535317   0.0000266776   0.0000326938  -0.0001213790
       -0.0000126508  -0.0000325091   0.0000589896  -0.0000124315   0.0000409105
       -0.0000093369   0.0000200935  -0.0000191945   0.0000059356  -0.0000072576
       -0.0000594710   0.0000340759   0.0000559206  -0.0000775466   0.0000138289
        0.0000111612   0.0000785027   0.0000433993  -0.0000387192   0.0000403362
       -0.0000072832  -0.0000166501  -0.0000305829   0.0000287986   0.0000283683
        0.0000266590  -0.0000405584  -0.0000310562   0.0000044580   0.0000159091
       -0.0000375161  -0.0000334760  -0.0000318602  -0.0000220383   0.0001807784
       -0.0000628697   0.0007448957   0.0007387546   0.0002176646  -0.0011479557
        0.0137410295  -0.0061653287  -0.0029126822  -0.0025761658   0.0013629004
       -0.0001080781  -0.0032384811   0.0048553529  -0.0064190830  -0.0000095876
        0.0000108457  -0.0000095905  -0.0000043281  -0.0000122323   0.0000054858
        0.0000091880  -0.0000003002   0.0000071241   0.0000150256   0.0000051080
        0.0000030464   0.0000034340  -0.0000055493  -0.0000013168  -0.0000054642
       -0.0000037776  -0.0000052839   0.0000038734  -0.0000021960  -0.0000011886
       -0.0000042426   0.0000126397  -0.0000094654   0.0000032246  -0.0000031802
        0.0000016128   0.0000080194  -0.0000029354  -0.0000005934   0.0000439948
       -0.0000183770  -0.0000208781   0.0000189320  -0.0000078980   0.0000048584
       -0.0000927538  -0.0000087335   0.0000418661   0.0000313098  -0.0000039211
       -0.0000279949   0.0000239221   0.0000026647  -0.0000055898  -0.0260603399
        0.0104968162  -0.0055162912  -0.0687354554  -0.1520441235   0.2391071072
       -0.0226570634   0.0663721255  -0.0704161620   0.0006339596   0.0006371112
       -0.0011226443  -0.0072605882  -0.0069722005   0.0008040631   0.0053923986
        0.0026661023   0.0010851757   0.0002000323   0.0000300547   0.0000132752
       -0.0002042743  -0.0001275865  -0.0002470176  -0.0000913366   0.0000915091
       -0.0002603597   0.0639046186   0.0815815579  -0.0741954729   0.0097544699
        0.0046651097  -0.0085092374  -0.0039864493  -0.0009118406  -0.0000856880
        0.0033963758   0.0005392873  -0.0016270166  -0.0003779720   0.0002174602
        0.0012748373
       -0.0006124958  -0.0000706846   0.0001736512   0.0004450341  -0.0001028438
       -0.0001098639  -0.0000488110  -0.0000306308  -0.0000778369  -0.0001607491
       -0.0002132490   0.0000367545   0.0011399739   0.0003523374  -0.0004032471
        0.0000674624   0.0000894877   0.0001716116   0.0000277575   0.0000379722
        0.0001979251  -0.0005266185   0.0017439210  -0.0010162641  -0.0230937130
        0.0426971191   0.0039582607   0.0001141079  -0.0001724130  -0.0000614333
        0.0000487521   0.0002605228   0.0000481141   0.0000415066  -0.0002448980
       -0.0000139609   0.0000047184   0.0001291539  -0.0000628526   0.0000774482
       -0.0000127476   0.0000092221  -0.0000065432   0.0000043250  -0.0000235702
       -0.0000923303   0.0000378005   0.0002432117  -0.0001244128  -0.0000086084
        0.0000707597   0.0002144094   0.0001985752  -0.0001902110   0.0000750951
        0.0000034606  -0.0000923570  -0.0000414750   0.0000361386   0.0000101614
       -0.0000158555  -0.0000090470  -0.0001220856   0.0000387409   0.0000416751
       -0.0000412692  -0.0001000169  -0.0000042323  -0.0000559066  -0.0001238290
        0.0003166776   0.0000001916  -0.0002834226   0.0001633941   0.0000503501
       -0.0064892694   0.0027446235   0.0020909242  -0.0002204157   0.0003590749
        0.0003607257  -0.0002413359  -0.0027827034   0.0024055034  -0.0000500431
        0.0000137053  -0.0000284932  -0.0000186758  -0.0000319672   0.0000138741
       -0.0000210164   0.0000150527   0.0000262125   0.0000243860   0.0000257348
        0.0000143203  -0.0000235176  -0.0000210532   0.0000087045   0.0000106414
        0.0000026380   0.0000074442  -0.0000235078   0.0000041353   0.0000094574
       -0.0000081690   0.0000297894  -0.0000241346   0.0000103060   0.0000061671
        0.0000177067  -0.0000009376  -0.0000152659   0.0000117411   0.0000787588
       -0.0000104406  -0.0000847729   0.0000118889  -0.0000086265   0.0000068301
       -0.0001887524  -0.0001207017   0.0001805588   0.0000379260   0.0000006570
       -0.0001105514   0.0000409630   0.0000402329  -0.0000477706  -0.0027686342
        0.0028755492  -0.0026844644  -0.1608912221   0.2072184126  -0.0226570634
        0.1755529515  -0.2383236648   0.0145694088  -0.0001750945   0.0001319192
       -0.0006376160  -0.0015175391  -0.0040989789   0.0012224218   0.0018048814
        0.0018322224   0.0002874052   0.0000408121   0.0000386396  -0.0000073676
       -0.0000597721  -0.0000378509  -0.0000759807  -0.0000479563   0.0000389638
       -0.0000621766   0.0130979968  -0.0120558955   0.0043550507   0.0005339845
       -0.0021019505  -0.0003573401   0.0015233339  -0.0002126166  -0.0001145069
        0.0013317298  -0.0005753218  -0.0005941009   0.0015805647  -0.0002236866
       -0.0008013055
        0.0001240958   0.0003510947  -0.0000779139  -0.0001489982  -0.0000106916
        0.0001326035  -0.0002849620   0.0001770195   0.0001141769  -0.0000864624
        0.0000470961  -0.0001641047   0.0001195578   0.0006403837  -0.0002571465
       -0.0002123948  -0.0001067834  -0.0002218694   0.0000223872  -0.0001116986
       -0.0000552373  -0.0034368903  -0.0005436940   0.0010904938   0.0243458409
       -0.0255593038   0.0000911180  -0.0000469739  -0.0003600507   0.0000672243
       -0.0000735586   0.0001796900   0.0000083736  -0.0000111393  -0.0001321563
        0.0000172425  -0.0000576249   0.0000798016   0.0000248558  -0.0000127735
        0.0000062324   0.0000028752  -0.0000403665   0.0000107968   0.0000044852
        0.0000287149   0.0000586430  -0.0000825463   0.0000202615   0.0000735104
       -0.0000194658  -0.0000736106  -0.0001661837   0.0001134990  -0.0000200770
       -0.0000376854   0.0000383314  -0.0000693558   0.0000112355   0.0000518234
        0.0000163554  -0.0000158828   0.0001377767   0.0001081870   0.0001505953
        0.0001915346  -0.0000286721   0.0000072489   0.0000531786   0.0013127493
        0.0017389819   0.0004814902   0.0002649014  -0.0000847247  -0.0011353196
        0.0029597945  -0.0008204836  -0.0007017019   0.0009560752  -0.0008351071
       -0.0000295160  -0.0097165763  -0.0019608323   0.0042884147   0.0000212041
        0.0000203004  -0.0000073006   0.0000279554  -0.0000138366  -0.0000098345
        0.0000534337  -0.0000021039  -0.0000142168  -0.0000035407   0.0000023967
       -0.0000057412   0.0000346811   0.0000001453  -0.0000185117  -0.0000219447
       -0.0000100485  -0.0000052112   0.0000392408  -0.0000100730  -0.0000128077
        0.0000011896  -0.0000100586   0.0000152358  -0.0000145051  -0.0000024806
       -0.0000089429   0.0000171525   0.0000104137  -0.0000231459   0.0000103601
       -0.0000695273   0.0000144259   0.0000116917  -0.0000138143  -0.0000043471
        0.0000030558   0.0001720753  -0.0000765028  -0.0000065695  -0.0000245194
        0.0000267013   0.0000228383  -0.0000508761   0.0000314746   0.0025161324
       -0.0001270480   0.0018549941   0.2067467171  -0.5700989096   0.0663721255
       -0.2383236648   0.6917177657  -0.0959615028   0.0003039406   0.0004337027
        0.0011116583  -0.0018426330  -0.0021843680  -0.0015087673   0.0041671810
        0.0000249626   0.0007827667   0.0001143774  -0.0000445083  -0.0000372950
        0.0000932143   0.0000104502   0.0003021020  -0.0000695953   0.0001100475
       -0.0000581551   0.0112941678  -0.0913065639   0.0222515751   0.0009190086
       -0.0020920033   0.0004691219  -0.0003963957   0.0007688706  -0.0001622092
       -0.0005402182   0.0005026357   0.0004522344  -0.0011369597  -0.0005000782
        0.0000654000
        0.0001919763  -0.0000289556   0.0000119636  -0.0001178457   0.0000471994
        0.0000063282   0.0000061971  -0.0000057113   0.0000211706   0.0000988175
       -0.0000797890  -0.0000321150  -0.0006437218  -0.0004605072   0.0003190384
       -0.0000196581  -0.0001028252  -0.0000592354   0.0000944357   0.0000229800
       -0.0000659240   0.0010559625  -0.0005657611  -0.0000884231   0.0040581889
       -0.0010155887   0.0127919809  -0.0000271763   0.0001098427  -0.0000100508
        0.0000170972  -0.0001108965  -0.0000133303  -0.0000151482   0.0000907440
        0.0000036453   0.0000213415  -0.0000480099   0.0000092156  -0.0000222815
        0.0000001065  -0.0000137318   0.0000145780  -0.0000054070   0.0000057669
        0.0000506246  -0.0000228460  -0.0000172402   0.0000563916  -0.0000073676
        0.0000032586  -0.0000535038  -0.0000195046   0.0000078531  -0.0000363318
        0.0000049035   0.0000028477   0.0000339787  -0.0000064179  -0.0000135825
       -0.0000107302   0.0000746349   0.0000504266   0.0000219782   0.0000323141
        0.0000190655   0.0000505319   0.0000124593   0.0000111538   0.0000816946
       -0.0003269740  -0.0006938859  -0.0002513619   0.0000955393   0.0010083840
       -0.0004456895   0.0002090362  -0.0000817031   0.0006604370  -0.0003296872
       -0.0002114986   0.0042215330   0.0033029502   0.0049688060   0.0000063303
       -0.0000087299   0.0000062569  -0.0000062585   0.0000108799  -0.0000086052
       -0.0000072250  -0.0000022192  -0.0000061307  -0.0000081211  -0.0000014681
        0.0000019358  -0.0000056267   0.0000032055  -0.0000008884   0.0000067542
        0.0000053389   0.0000071620  -0.0000037407   0.0000014641   0.0000026644
        0.0000049700  -0.0000092120   0.0000066201  -0.0000001359   0.0000037774
        0.0000017390  -0.0000067868   0.0000009097   0.0000010788  -0.0000315268
        0.0000117638   0.0000050653  -0.0000157962   0.0000040815  -0.0000061826
        0.0000651126  -0.0000040640  -0.0000098694  -0.0000275217   0.0000002638
        0.0000113697  -0.0000171985   0.0000032474  -0.0000012606   0.0029771268
       -0.0022283297   0.0016841453  -0.0223071600   0.0655045271  -0.0704161620
        0.0145694088  -0.0959615028   0.0463778606  -0.0001115803  -0.0002115804
        0.0001592169   0.0016838489   0.0014380350  -0.0003270249  -0.0013081133
       -0.0005073624  -0.0001495222  -0.0000708242  -0.0000170116  -0.0000000024
        0.0000728235   0.0000178843   0.0000761891   0.0000469716  -0.0000117177
        0.0000662533  -0.0026504440   0.0304986430   0.0064436818  -0.0008475220
        0.0007644807  -0.0012700301  -0.0002412964   0.0003863106   0.0000651904
       -0.0003170878  -0.0004352194   0.0004185955  -0.0005416968  -0.0001228570
       -0.0010795306
        0.0001821971  -0.0000284800   0.0000087358  -0.0001231389   0.0000341496
        0.0000020476   0.0000096886  -0.0000122629   0.0000420833   0.0000149574
       -0.0000148082  -0.0000110622  -0.0003038792   0.0000757391   0.0000535791
        0.0000038895  -0.0000508463  -0.0000459880   0.0000109136  -0.0000399962
       -0.0000448240  -0.0003530745   0.0000994252  -0.0009486202   0.0040209138
       -0.0007039226  -0.0010217928  -0.0000303054   0.0001237550  -0.0000156493
        0.0000451000  -0.0001047470  -0.0000207233  -0.0000133864   0.0000576332
        0.0000020318   0.0000322682  -0.0000391319   0.0000015638  -0.0000177124
       -0.0000232948  -0.0000372268   0.0000157974  -0.0000108373   0.0000031799
        0.0000318511  -0.0000074636  -0.0000061903   0.0000342793   0.0000023356
        0.0000096096  -0.0000335981  -0.0000102591   0.0000023241  -0.0000209018
        0.0000011753  -0.0000033526   0.0000171313  -0.0000080551  -0.0000082640
        0.0000068749   0.0000157831   0.0000396788  -0.0000204662   0.0000178270
        0.0000071097   0.0000515275   0.0000234624   0.0000159876   0.0000143692
       -0.0000398346   0.0000207073   0.0001330269   0.0002015424  -0.0001470938
       -0.0002251736   0.0000986116  -0.0000594240  -0.0007768727  -0.0003682893
        0.0005901385   0.0005883028  -0.0004010359  -0.0000112559   0.0000018980
       -0.0000120509   0.0000098993  -0.0000250207   0.0000130478  -0.0000158749
       -0.0000137448   0.0000054073  -0.0000048544  -0.0000132343   0.0000082839
        0.0000169698  -0.0000255932  -0.0000081376  -0.0000186997   0.0000264449
        0.0000152671   0.0000214699  -0.0000106089   0.0000075653   0.0000100792
        0.0000062168  -0.0000116831   0.0000053339  -0.0000033537   0.0000174113
        0.0000152959  -0.0000198306  -0.0000125028  -0.0000078210  -0.0000145256
       -0.0000002369  -0.0000054074  -0.0000089316   0.0000013755  -0.0000033413
        0.0000344108  -0.0000019918   0.0000009102  -0.0000161246  -0.0000035662
        0.0000054968  -0.0000083366   0.0000056608  -0.0000027149  -0.0033284444
        0.0078458600  -0.0135636784   0.0006447950  -0.0004711403   0.0006339596
       -0.0001750945   0.0003039406  -0.0001115803   0.4759689743   0.0114127429
       -0.0249768412  -0.1084605905   0.0055056602  -0.0500012365  -0.0196508901
       -0.0172806273  -0.0323931777  -0.2508261897  -0.0399503572   0.0718097145
       -0.0524517358   0.0439788235   0.0453121164  -0.0449146543  -0.0103542481
        0.0049680404   0.0000048807   0.0000287414  -0.0000859242   0.0000495745
        0.0000724837  -0.0000431986  -0.0000250267  -0.0000130039   0.0000127601
       -0.0000000372  -0.0000245083  -0.0000006568  -0.0000398067   0.0000336081
       -0.0000043483
       -0.0001390420   0.0000331983   0.0000132723   0.0001028150  -0.0000441753
        0.0000017307  -0.0000097466   0.0000311766  -0.0000191640  -0.0000074358
       -0.0000350687  -0.0000366103   0.0002741160   0.0000238980  -0.0000984746
        0.0000512244   0.0000041593  -0.0000317081  -0.0000002256  -0.0000133121
        0.0000092911   0.0006187845  -0.0003269336   0.0013899824  -0.0009674310
       -0.0032311216   0.0020026552  -0.0000016133  -0.0000777202   0.0000110505
       -0.0000581329   0.0000577764   0.0000151163   0.0000195695  -0.0000115493
       -0.0000003043  -0.0000446844   0.0000047861   0.0000136433   0.0000044089
        0.0000078686   0.0000111137  -0.0000121859   0.0000047620   0.0000029293
       -0.0000055777   0.0000135255   0.0000069926  -0.0000133814   0.0000089810
        0.0000046048   0.0000154295   0.0000047596  -0.0000084844   0.0000019798
       -0.0000046866  -0.0000008026  -0.0000189229   0.0000095863   0.0000171797
       -0.0000004615  -0.0000138057   0.0000033913  -0.0000002422   0.0000578861
        0.0000211140  -0.0000129628   0.0000057600  -0.0000001519  -0.0000014353
        0.0001173929  -0.0000086703  -0.0002139053  -0.0003398421   0.0002984411
        0.0000165840  -0.0001530881   0.0000375968   0.0008080940   0.0006139915
        0.0002151282   0.0012960511  -0.0010857743   0.0003850656   0.0000100206
        0.0000165315  -0.0000122577   0.0000082355  -0.0000113543   0.0000293573
        0.0000195148  -0.0000028655  -0.0000031352   0.0000103476  -0.0000041885
       -0.0000095872   0.0000146427   0.0000169717   0.0000027215  -0.0000104597
        0.0000000160  -0.0000092624   0.0000121204  -0.0000062982  -0.0000038341
        0.0000058972  -0.0000012439  -0.0000018077   0.0000023628  -0.0000035788
       -0.0000019936   0.0000038733   0.0000087294  -0.0000055837   0.0000087727
       -0.0000089807  -0.0000061634   0.0000046073  -0.0000006055  -0.0000001623
       -0.0000195499   0.0000023255   0.0000084822   0.0000052515  -0.0000014805
       -0.0000044509   0.0000069668   0.0000000996  -0.0000011751   0.0174938874
       -0.0060616479   0.0281408558  -0.0009441556  -0.0006720290   0.0006371112
        0.0001319192   0.0004337027  -0.0002115804   0.0114127429   0.5359806277
       -0.0107685666   0.0111255059  -0.0653309086   0.0101915383  -0.0318056558
       -0.0044434066  -0.0252210235  -0.0389871556  -0.0494849346   0.0161519069
        0.0413057477  -0.1568693960  -0.1142338460  -0.0114012341  -0.2503416510
        0.0914531432  -0.0002053305   0.0009867243  -0.0002916818   0.0000794420
        0.0001216232  -0.0000698187   0.0000495384  -0.0000074077   0.0000058980
        0.0000331661  -0.0000219051  -0.0000310750  -0.0000726918   0.0000441002
        0.0000100628
        0.0002219229  -0.0000198592   0.0000131509  -0.0001461399   0.0000305056
       -0.0000062002   0.0000200356  -0.0000074559   0.0000852776   0.0000191697
        0.0000170972   0.0000102943  -0.0004184456   0.0000590740   0.0001215839
       -0.0000018174  -0.0000775165  -0.0000649696  -0.0000091124  -0.0000934512
       -0.0000617861  -0.0001697858   0.0001412092  -0.0006218665  -0.0019122851
        0.0033649620   0.0023717212  -0.0000332744   0.0001528109  -0.0000275562
       -0.0000044669  -0.0001298429   0.0000210890   0.0000021015   0.0001281788
       -0.0000085617  -0.0000164905  -0.0000673665   0.0000256870  -0.0000310435
       -0.0000195075  -0.0000400690   0.0000079810  -0.0000036270   0.0000080738
        0.0000458352  -0.0000024359  -0.0000237648   0.0000518167   0.0000076759
        0.0000142423  -0.0000690642  -0.0000427136   0.0000174574  -0.0000327752
       -0.0000019492   0.0000017785   0.0000208178   0.0000011814  -0.0000166037
        0.0000195675   0.0000419369   0.0000575555  -0.0000369133   0.0000052041
       -0.0000121811   0.0000911703   0.0000488269   0.0000189804   0.0000144291
       -0.0000629912  -0.0000238048   0.0001107703   0.0000939067  -0.0000966924
        0.0002085592  -0.0002991793   0.0006480093  -0.0000916006  -0.0014093590
       -0.0004698916   0.0016221708  -0.0009403775   0.0002252064   0.0000203973
       -0.0000089530   0.0000018965  -0.0000329212  -0.0000000870  -0.0000252946
       -0.0000068044  -0.0000076676  -0.0000151490  -0.0000037103   0.0000051151
        0.0000199524  -0.0000099400  -0.0000040761  -0.0000157241   0.0000176163
        0.0000104816   0.0000198535  -0.0000004369  -0.0000011097   0.0000079328
        0.0000095232  -0.0000180916   0.0000058508   0.0000008409   0.0000163057
        0.0000156565  -0.0000114308  -0.0000003412  -0.0000112731  -0.0000247322
       -0.0000022739  -0.0000012525  -0.0000141339   0.0000025820  -0.0000108909
        0.0000612787   0.0000144578  -0.0000066087  -0.0000235937  -0.0000098260
        0.0000140663  -0.0000119920   0.0000057355  -0.0000058606  -0.0185751232
        0.0167784684  -0.0262590219   0.0000153305  -0.0011079397  -0.0011226443
       -0.0006376160   0.0011116583   0.0001592169  -0.0249768412  -0.0107685666
        0.4681768815  -0.0523358675   0.0035094273  -0.1318990275  -0.0255987654
       -0.0083789823  -0.0083495367   0.0767264742   0.0166508498  -0.0636940058
        0.0409263683  -0.1124249744  -0.1544053690   0.0054850987   0.0925563531
       -0.0847790881  -0.0005751259   0.0010971192   0.0000386112   0.0003298505
        0.0000465465  -0.0001344356  -0.0000611739  -0.0000302600   0.0000114091
       -0.0001031469  -0.0000310555   0.0000993268  -0.0000725562   0.0000741670
       -0.0000016321
        0.0001811725  -0.0000116713  -0.0002267043  -0.0003165688   0.0000859908
        0.0001077390   0.0000380595   0.0001252058   0.0000651512   0.0000201415
        0.0002888266   0.0003051656   0.0002964407  -0.0005149338   0.0006288507
       -0.0001222589  -0.0000424903  -0.0001917825  -0.0002613962   0.0001708789
       -0.0001557393  -0.0011383668  -0.0003901509  -0.0017615085  -0.0060525878
        0.0150729196  -0.0071046985  -0.0000349780   0.0000473064   0.0000997769
       -0.0001973897  -0.0001965210  -0.0000609423   0.0000402845   0.0002779735
       -0.0000048876  -0.0000028846  -0.0001347686   0.0000301919  -0.0000471419
        0.0000698353   0.0000379093   0.0000254404  -0.0000003222   0.0000146581
        0.0000045633  -0.0000650272  -0.0002318445   0.0000572139  -0.0000324395
       -0.0000924582  -0.0001209089  -0.0001386845   0.0001617573  -0.0000242903
        0.0000144345   0.0000979956   0.0000223308  -0.0000298595  -0.0000181061
       -0.0000494809  -0.0000321103  -0.0000915405   0.0000824432  -0.0001606361
       -0.0000541498  -0.0000601457  -0.0000698519  -0.0000059657  -0.0000263601
       -0.0002836039   0.0001110285   0.0002491440   0.0004908404  -0.0005043003
        0.0010247017  -0.0000369008  -0.0022499935  -0.0049625227  -0.0153883830
        0.0096692242  -0.0083548976   0.0022147821  -0.0038673558   0.0000595520
        0.0000195118   0.0000179224   0.0000710972   0.0001069724   0.0000870277
        0.0000382278  -0.0000459404  -0.0000059193   0.0000018788  -0.0000581967
       -0.0000490040   0.0000488193   0.0000767257   0.0000501140  -0.0000485871
       -0.0000204045  -0.0000596168   0.0000126903  -0.0000097811  -0.0000093306
       -0.0000008663  -0.0000077304   0.0000080178   0.0000022966  -0.0000348853
       -0.0000369503   0.0000098612   0.0000326566   0.0000244655  -0.0000572095
        0.0000344238   0.0001005700   0.0000021449   0.0000107046   0.0000046678
        0.0001230080   0.0000856847  -0.0001826548   0.0000003574   0.0000204322
        0.0001066778  -0.0000286666  -0.0000434277   0.0000458810  -0.0545702089
       -0.0002982196  -0.0239048585   0.0047615816   0.0066038312  -0.0072605882
       -0.0015175391  -0.0018426330   0.0016838489  -0.1084605905   0.0111255059
       -0.0523358675   0.4621431862   0.2466786900   0.2023073813  -0.2637500509
       -0.2565032633  -0.1018513539  -0.0232240046  -0.0011571663  -0.0206165708
        0.0051160513  -0.0029708768   0.0040706864   0.0009097704   0.0019422085
       -0.0007391262  -0.0011529528  -0.0043727452   0.0032604949  -0.0008988231
       -0.0008190885   0.0004340255  -0.0000877955   0.0000958396  -0.0000423602
       -0.0002664967   0.0001598232   0.0002999727   0.0004935115  -0.0001392905
       -0.0001150237
        0.0018517619  -0.0006388046  -0.0003903659  -0.0015014420   0.0003924392
        0.0001176413   0.0005010359  -0.0002314538   0.0005144312   0.0001420302
        0.0004951260   0.0006771052  -0.0021402270   0.0005404960   0.0004440245
        0.0000671832   0.0003166715  -0.0005526380  -0.0001543393  -0.0001198844
       -0.0004215561  -0.0000082687   0.0006618010  -0.0042144319   0.0072609715
       -0.0034088611   0.0147979651  -0.0001438055   0.0014673306  -0.0000039908
        0.0002097019  -0.0013497160  -0.0002702562  -0.0000811510   0.0010673137
       -0.0000073235   0.0003674161  -0.0005860657   0.0000209666  -0.0002005208
        0.0000233046  -0.0000714490   0.0001946438  -0.0000596081   0.0000101092
        0.0001332558  -0.0002585706  -0.0004126172   0.0002772875  -0.0001570284
       -0.0001127443  -0.0003822146  -0.0002142695   0.0002757736  -0.0001161569
        0.0000895941   0.0001328952   0.0001872101  -0.0001025884  -0.0002413077
       -0.0002269837  -0.0000031031  -0.0001516727  -0.0000766554  -0.0005408919
       -0.0002816035   0.0002297610   0.0000145542   0.0000932406   0.0000946175
       -0.0011040108   0.0005236115   0.0001917475   0.0004475950  -0.0009255733
       -0.0015130388   0.0008560686  -0.0047034111  -0.0041179539  -0.0223823867
        0.0036502323  -0.0113730615   0.0099380439  -0.0045819411   0.0000362808
       -0.0000836499   0.0001360974  -0.0000246721   0.0002413630  -0.0000246060
       -0.0001982836  -0.0000412515  -0.0000169446  -0.0000841824  -0.0000625363
       -0.0000025618  -0.0001098797   0.0000346992   0.0000382572   0.0000636267
        0.0000378165   0.0000201509  -0.0001439668   0.0000283493   0.0000234216
       -0.0000292699  -0.0000386443   0.0000025959   0.0000008869   0.0000023238
        0.0000088485  -0.0000998750  -0.0000403059   0.0000691708  -0.0002066981
        0.0001476480   0.0001907896  -0.0000463068   0.0000464946  -0.0000104379
        0.0004612454   0.0000390864  -0.0003197200  -0.0000702488   0.0000408694
        0.0002316617  -0.0001235120  -0.0000329916   0.0000520328  -0.0052762959
       -0.2662380796   0.1209059017   0.0131399291   0.0072867155  -0.0069722005
       -0.0040989789  -0.0021843680   0.0014380350   0.0055056602  -0.0653309086
        0.0035094273   0.2466786900   0.7495611647  -0.0175748008  -0.2436880899
       -0.3937811005  -0.1137939988  -0.0049520749   0.0006070655  -0.0021357115
       -0.0115702284  -0.0008255762  -0.0182445741   0.0179875732  -0.0044858205
        0.0235814419  -0.0021873062  -0.0086938246   0.0038290686  -0.0000242443
       -0.0015771875   0.0008464033  -0.0008166619  -0.0000782820  -0.0002298130
       -0.0007151928   0.0004586363   0.0006444887   0.0009192713  -0.0001908004
       -0.0001175381
       -0.0009977479   0.0000358798   0.0000638401   0.0007883658  -0.0001052226
        0.0000102991  -0.0000212699  -0.0000804452  -0.0002773954   0.0000359410
       -0.0002171205   0.0000093432   0.0006776059  -0.0002349980  -0.0001696960
        0.0001076980   0.0000070277   0.0004538497  -0.0000873265   0.0002350477
        0.0002675745  -0.0025069009   0.0012647363  -0.0042412845  -0.0048517776
        0.0215590313  -0.0205712771   0.0001237701  -0.0004907840   0.0000484523
       -0.0000090204   0.0005283958  -0.0000414828   0.0000254294  -0.0004536531
        0.0000102651  -0.0000491158   0.0002472476  -0.0000725245   0.0001157898
        0.0000376612   0.0001213360  -0.0000661326   0.0000336458  -0.0000260942
       -0.0001792788   0.0000423055   0.0001937155  -0.0002191638  -0.0000074425
        0.0000078676   0.0002855220   0.0001943894  -0.0001444961   0.0001225495
       -0.0000033977  -0.0000541815  -0.0000762998   0.0000223320   0.0000376696
       -0.0001301274  -0.0000791748  -0.0002324748   0.0000383001   0.0000551588
        0.0000601663  -0.0002553303  -0.0001084602  -0.0001028404  -0.0002812746
       -0.0001041143  -0.0000221569   0.0004946589   0.0011325878  -0.0007579209
       -0.0003024384   0.0013038131  -0.0010119747   0.0047708137  -0.0103559079
        0.0034950779  -0.0024331979  -0.0010460968   0.0004425857  -0.0000674119
        0.0000388246  -0.0000283357   0.0000939993  -0.0000667752   0.0001376376
        0.0000268681   0.0000290386   0.0000523438   0.0000440317  -0.0000186475
       -0.0000473154   0.0000438899  -0.0000145861   0.0000821483  -0.0000661148
       -0.0000358894  -0.0000590672   0.0000267748  -0.0000012100  -0.0000260217
       -0.0000193190   0.0000611024  -0.0000243990   0.0000101836  -0.0000460011
       -0.0000384032   0.0000501685   0.0000146628   0.0000336631   0.0001150503
       -0.0000171779  -0.0000439015   0.0000485944  -0.0000082799   0.0000211139
       -0.0002703129  -0.0000859675   0.0001201087   0.0000871980   0.0000219135
       -0.0001011990   0.0000557491   0.0000053461  -0.0000147560  -0.0247435335
        0.1152110553  -0.1303423220  -0.0024442316   0.0024007370   0.0008040631
        0.0012224218  -0.0015087673  -0.0003270249  -0.0500012365   0.0101915383
       -0.1318990275   0.2023073813  -0.0175748008   0.4289474908  -0.1040305702
       -0.1209341541  -0.1205764776   0.0035342767  -0.0024568106   0.0075006755
       -0.0138522609  -0.0034443609  -0.0191059376  -0.0084102538   0.0048448846
       -0.0120759890   0.0008606497   0.0000710168  -0.0004298824  -0.0005018326
       -0.0000621326   0.0003156506   0.0002301536   0.0000560026  -0.0000097438
        0.0003969209   0.0000227177  -0.0003621459   0.0001327244  -0.0001057216
        0.0000008110
       -0.0004406481  -0.0000169736   0.0002302372   0.0004429029  -0.0000437247
       -0.0000816945  -0.0001201610  -0.0000322090  -0.0000946352   0.0000216112
       -0.0002396529  -0.0002614492   0.0001017874   0.0000732038  -0.0002726441
        0.0000677623  -0.0001771774   0.0001854636   0.0001513530  -0.0000328628
        0.0001647266   0.0004513283   0.0002113288   0.0013518828   0.0007511706
       -0.0001962953  -0.0006254239   0.0000720774  -0.0000985442  -0.0000871723
        0.0001068464   0.0002241114   0.0000626141   0.0000133535  -0.0002411503
       -0.0000159429   0.0000027388   0.0001227581  -0.0000548256   0.0000722201
       -0.0000520410  -0.0000078853  -0.0000179837   0.0000002862  -0.0000216038
       -0.0000482210   0.0000608345   0.0002503831  -0.0000983692   0.0000259667
        0.0000830315   0.0001599001   0.0001589621  -0.0001696091   0.0000531703
       -0.0000083464  -0.0000987094  -0.0000211249   0.0000510921   0.0000202129
        0.0000528817   0.0000789537   0.0000604465   0.0000171760   0.0002400730
        0.0000755351   0.0000039703   0.0000395350  -0.0000345038  -0.0000975785
        0.0004539018  -0.0002450431  -0.0000942971  -0.0001328168   0.0004402748
       -0.0007026398   0.0006042610   0.0014736731   0.0057254178  -0.0017714060
       -0.0005921786   0.0072773633  -0.0055204092   0.0031363555  -0.0000503148
       -0.0000062795  -0.0000293141  -0.0000597015  -0.0000524251  -0.0000260781
       -0.0000260574   0.0000191936   0.0000163473   0.0000155865   0.0000413441
        0.0000355351  -0.0000353370  -0.0000466295  -0.0000216068   0.0000272938
        0.0000122877   0.0000306501  -0.0000228533   0.0000047319   0.0000109389
       -0.0000085355   0.0000180992  -0.0000198123   0.0000033862   0.0000216766
        0.0000300842  -0.0000039023  -0.0000281489  -0.0000071125   0.0000755945
       -0.0000305985  -0.0001020676   0.0000046402  -0.0000148125   0.0000039604
       -0.0001605368  -0.0000939608   0.0001849290   0.0000160982  -0.0000155267
       -0.0001166854   0.0000418191   0.0000442569  -0.0000448785  -0.0013022408
       -0.0389905253   0.0003487398  -0.0097202601  -0.0079852480   0.0053923986
        0.0018048814   0.0041671810  -0.0013081133  -0.0196508901  -0.0318056558
       -0.0255987654  -0.2637500509  -0.2436880899  -0.1040305702   0.2869985565
        0.3126319130   0.1311316058  -0.0013175252  -0.0000784796  -0.0023336971
       -0.0044366037  -0.0007738723  -0.0040835867   0.0011239241  -0.0002695004
        0.0024550988  -0.0037764792   0.0107304646  -0.0056416985   0.0006071925
        0.0025432493  -0.0012182620   0.0003854814  -0.0001173374   0.0000692562
        0.0005682784  -0.0003051324  -0.0003238377  -0.0012554524   0.0002861659
        0.0003250259
       -0.0009386981   0.0004361887   0.0002325175   0.0007519664  -0.0001636880
       -0.0000260698  -0.0003779250   0.0001768655  -0.0002636964   0.0000097290
       -0.0003235850  -0.0004462953   0.0010927855  -0.0003464830  -0.0002764199
       -0.0001258553  -0.0003547634   0.0002511770   0.0001684206   0.0000004864
        0.0002123524  -0.0002062811   0.0001370589   0.0008284128   0.0009516716
       -0.0013004453  -0.0030905113   0.0000632257  -0.0008664204  -0.0000021716
       -0.0001045659   0.0007726886   0.0001662668   0.0000454687  -0.0006323656
        0.0000035272  -0.0002233244   0.0003454450   0.0000010654   0.0001016464
       -0.0000266229   0.0000224355  -0.0001246755   0.0000344010  -0.0000022715
       -0.0000450836   0.0001568798   0.0002197853  -0.0001284400   0.0001021302
        0.0000699421   0.0001806261   0.0000803260  -0.0001346734   0.0000493153
       -0.0000603185  -0.0000726280  -0.0001103263   0.0000670340   0.0001415804
        0.0001382217   0.0000336358   0.0001302404   0.0000819785   0.0004414197
        0.0002495744  -0.0000905561   0.0000238180  -0.0000275082  -0.0001115678
        0.0007095636  -0.0001160401   0.0000014898   0.0001549021   0.0003146881
       -0.0004115447  -0.0000325159   0.0012199749  -0.0000993714  -0.0066975345
        0.0073876433   0.0042122388  -0.0051505601   0.0019221764  -0.0000150445
        0.0000525837  -0.0000827261  -0.0000214670  -0.0001389621   0.0000013083
        0.0001162090   0.0000248905  -0.0000006033   0.0000500170   0.0000457739
        0.0000107573   0.0000578526  -0.0000230694  -0.0000340032  -0.0000323338
       -0.0000142251   0.0000012758   0.0000904636  -0.0000173515  -0.0000158120
        0.0000199623   0.0000175114   0.0000005844  -0.0000004655   0.0000090957
        0.0000035240   0.0000607601   0.0000277596  -0.0000533797   0.0001090885
       -0.0000945737  -0.0001099478   0.0000206232  -0.0000320983   0.0000019296
       -0.0002323340   0.0000141850   0.0001707255   0.0000277592  -0.0000271016
       -0.0001251811   0.0000731307   0.0000146557  -0.0000309823  -0.0446903058
       -0.0860156507  -0.0043114897  -0.0063314679  -0.0019281179   0.0026661023
        0.0018322224   0.0000249626  -0.0005073624  -0.0172806273  -0.0044434066
       -0.0083789823  -0.2565032633  -0.3937811005  -0.1209341541   0.3126319130
        0.4954327577   0.1249628501  -0.0003056597  -0.0000910744  -0.0018752465
       -0.0004288048   0.0007800854   0.0007506967   0.0004082578   0.0009523751
       -0.0003449731   0.0050357572   0.0017900368  -0.0005624217   0.0000102174
       -0.0001626687   0.0000871197   0.0003764048   0.0000640438   0.0001278632
        0.0002457496  -0.0001904015  -0.0002893446  -0.0000751836  -0.0000084554
       -0.0000432012
        0.0002605689   0.0001540074   0.0000426532  -0.0001608861  -0.0000055008
       -0.0000001389  -0.0001244296   0.0000390972   0.0000157001  -0.0001401689
       -0.0000085917  -0.0001519885  -0.0000573101  -0.0000847758  -0.0000073943
       -0.0001241507  -0.0001784995  -0.0000962947   0.0000838954  -0.0000491146
       -0.0000168952   0.0003042939   0.0002439860   0.0015171078   0.0025711009
        0.0001721286   0.0000672800  -0.0000391841  -0.0001283121  -0.0000179018
       -0.0000346785   0.0000216555   0.0000615174  -0.0000010762  -0.0000013538
        0.0000014483  -0.0000459887  -0.0000014384   0.0000392945  -0.0000257493
       -0.0000207994  -0.0000569919   0.0000025648  -0.0000071170   0.0000081219
        0.0000963289   0.0000340057  -0.0000152547   0.0000712878   0.0000365035
        0.0000234660  -0.0000732108  -0.0000572363   0.0000154466  -0.0000562272
       -0.0000184723   0.0000009893   0.0000005063   0.0000155866   0.0000469923
        0.0001210225   0.0000463374   0.0001936247  -0.0000035339   0.0001289790
        0.0000814263   0.0000889769   0.0000471734   0.0000280015   0.0001425264
        0.0004344828  -0.0002183886  -0.0000635283  -0.0002636925   0.0002642757
        0.0006061268  -0.0003348956   0.0015864433  -0.0017524285   0.0051600325
        0.0017950336   0.0019128230  -0.0005476399  -0.0024399557   0.0000193957
        0.0000079933  -0.0000082625  -0.0000528306  -0.0000229262  -0.0000648858
        0.0000302425  -0.0000034040  -0.0000265801  -0.0000079063   0.0000283956
        0.0000244090  -0.0000042861   0.0000063724  -0.0000589674   0.0000227877
        0.0000125440   0.0000289947   0.0000184836  -0.0000080545   0.0000100611
        0.0000206015  -0.0000293807   0.0000151531  -0.0000073805   0.0000260801
        0.0000191797  -0.0000092040   0.0000026815  -0.0000365782  -0.0000227813
       -0.0000233904  -0.0000155212  -0.0000177971  -0.0000025828  -0.0000122222
        0.0000569701   0.0000417276   0.0000044468  -0.0000414236  -0.0000210857
        0.0000058851  -0.0000085025   0.0000025538  -0.0000028952   0.0059540784
        0.0102371171   0.0148327261  -0.0008118396  -0.0022844922   0.0010851757
        0.0002874052   0.0007827667  -0.0001495222  -0.0323931777  -0.0252210235
       -0.0083495367  -0.1018513539  -0.1137939988  -0.1205764776   0.1311316058
        0.1249628501   0.1145956180  -0.0041822405  -0.0009701043  -0.0044174369
       -0.0020766416  -0.0001753960  -0.0021515490   0.0019561404  -0.0012074685
        0.0020999330  -0.0011716128   0.0021000516   0.0007833526   0.0000801343
        0.0007113879  -0.0006885422   0.0000367311   0.0000113341   0.0000362494
       -0.0000947909  -0.0000350281   0.0001516141  -0.0004202790   0.0000379444
        0.0000985609
       -0.0001040845  -0.0000765880   0.0000245942   0.0001465358  -0.0000006277
        0.0000030592   0.0000268433  -0.0000252531  -0.0000045177   0.0000101881
       -0.0000954041  -0.0000839452  -0.0001294672   0.0000796908  -0.0000616946
        0.0000762307  -0.0000207918   0.0000359227   0.0000994135  -0.0000323565
        0.0000330416  -0.0000273615  -0.0000060317  -0.0000431802   0.0002760280
       -0.0000562855  -0.0001605333  -0.0000151045   0.0001316398  -0.0000084340
        0.0000288116  -0.0000312894  -0.0000068581  -0.0000013247   0.0000683991
       -0.0000073268  -0.0000086685  -0.0000446058  -0.0000086345   0.0000113415
       -0.0000088149   0.0000127419  -0.0000034411  -0.0000065911  -0.0000063588
       -0.0000104838   0.0000077256   0.0000293713  -0.0000167774   0.0000040316
        0.0000092149   0.0000206298   0.0000163457  -0.0000190462   0.0000063948
       -0.0000004067  -0.0000123940  -0.0000142037   0.0000073008  -0.0000043381
       -0.0000157419   0.0000156024   0.0000153333  -0.0000153441   0.0000609173
        0.0000075211  -0.0000153027  -0.0000063116  -0.0000043515  -0.0000181560
        0.0000152641   0.0000143392   0.0000177521  -0.0000115179   0.0000445727
       -0.0000071661   0.0000220687   0.0000632610  -0.0005095667   0.0009174273
       -0.0001972305  -0.0000298285   0.0000173910   0.0000696857  -0.0000135169
       -0.0000051005  -0.0000052022   0.0000332410  -0.0000086935  -0.0000015699
       -0.0000231545   0.0000004010   0.0000070251  -0.0000057218  -0.0000022942
        0.0000101930   0.0000114669  -0.0000109308  -0.0000085396   0.0000030529
        0.0000071765  -0.0000008866  -0.0000144416   0.0000037955  -0.0000002145
       -0.0000069975   0.0000072284  -0.0000038260  -0.0000021900   0.0000012377
        0.0000039534   0.0000029124  -0.0000080877  -0.0000002415   0.0000114942
       -0.0000055175  -0.0000084161   0.0000028941   0.0000022284   0.0000022261
       -0.0000233725  -0.0000126441   0.0000208046   0.0000061569  -0.0000028598
       -0.0000123040   0.0000054388   0.0000031229  -0.0000047099   0.0013214468
       -0.0004605649  -0.0004687363   0.0001283948  -0.0001997820   0.0002000323
        0.0000408121   0.0001143774  -0.0000708242  -0.2508261897  -0.0389871556
        0.0767264742  -0.0232240046  -0.0049520749   0.0035342767  -0.0013175252
       -0.0003056597  -0.0041822405   0.2881316444   0.0468147193  -0.0845808125
       -0.0106790311  -0.0002370885   0.0066200363  -0.0034682961  -0.0026535619
        0.0026292131   0.0000757246  -0.0000587034  -0.0001205721  -0.0000101980
        0.0000229234   0.0000231289   0.0000135424  -0.0000092518  -0.0000115057
        0.0000363952  -0.0000060690  -0.0000232787   0.0000118758   0.0000079011
       -0.0000072986
        0.0000608107  -0.0000824555  -0.0000118572  -0.0001060518   0.0000644328
        0.0000034385   0.0000136854  -0.0000244273   0.0000104333  -0.0000137520
        0.0000006600   0.0000073328   0.0000658940   0.0000049128   0.0000058801
       -0.0000091861   0.0000891129   0.0000470886  -0.0000094407   0.0000568607
       -0.0000006353   0.0000064202   0.0000074027   0.0000396494   0.0000835459
       -0.0001079820   0.0000850311   0.0000083241   0.0001010697  -0.0000105519
        0.0000859865  -0.0000551627   0.0000012764  -0.0000198299  -0.0000128669
       -0.0000016956   0.0000629314   0.0000101455  -0.0000157322  -0.0000042106
       -0.0000167393  -0.0000193431   0.0000133312  -0.0000040525   0.0000003662
       -0.0000020097  -0.0000128207   0.0000143847  -0.0000043933  -0.0000152665
        0.0000018599   0.0000089988   0.0000269668  -0.0000083950   0.0000031623
        0.0000085961  -0.0000068939   0.0000011978  -0.0000122881  -0.0000266496
       -0.0000067857  -0.0000188690  -0.0000276670   0.0000518255  -0.0000948740
       -0.0000456278  -0.0000571744  -0.0000248611  -0.0000177628   0.0000185202
       -0.0000141092  -0.0000040646  -0.0000194214  -0.0000069366  -0.0000111028
       -0.0000593316  -0.0000087176  -0.0000658812   0.0005603147  -0.0003452704
        0.0004808530  -0.0000230706  -0.0000184243   0.0000262128  -0.0000167226
       -0.0000245829   0.0000107274  -0.0000190671   0.0000316513  -0.0000501491
       -0.0000287865   0.0000067465   0.0000065819  -0.0000160492   0.0000116117
        0.0000179643  -0.0000334148  -0.0000298800  -0.0000185210   0.0000304399
        0.0000038978   0.0000164514  -0.0000199121   0.0000121709   0.0000111905
       -0.0000054772   0.0000006515  -0.0000013010  -0.0000030811   0.0000087780
        0.0000115198  -0.0000129073  -0.0000225203   0.0000022509  -0.0000007787
        0.0000120787   0.0000014566   0.0000002557   0.0000042099   0.0000015549
        0.0000029103  -0.0000250796   0.0000016155   0.0000005988   0.0000023119
       -0.0000023660  -0.0000072631   0.0000058469   0.0000005429   0.0005301685
       -0.0004481788   0.0012874503  -0.0000580347   0.0000493963   0.0000300547
        0.0000386396  -0.0000445083  -0.0000170116  -0.0399503572  -0.0494849346
        0.0166508498  -0.0011571663   0.0006070655  -0.0024568106  -0.0000784796
       -0.0000910744  -0.0009701043   0.0468147193   0.0539712696  -0.0173786535
        0.0211818254   0.0034238712  -0.0090825126  -0.0279355288  -0.0074578524
        0.0114871061   0.0000289064  -0.0000189210  -0.0000046498  -0.0000011731
        0.0000070989   0.0000016306   0.0000009810  -0.0000022255   0.0000018964
        0.0000055652  -0.0000065648  -0.0000078880  -0.0000011018   0.0000036301
       -0.0000008232
       -0.0000618882  -0.0000768057   0.0000286542   0.0001402619  -0.0000256505
       -0.0000291608   0.0000181024  -0.0000612225  -0.0000302224  -0.0000455253
       -0.0000600097  -0.0000465602  -0.0001307658   0.0000148942  -0.0000082217
       -0.0000130735   0.0000708160   0.0000728528   0.0000793698   0.0000053145
        0.0000568315  -0.0000400125   0.0000361952  -0.0000770779   0.0002083670
       -0.0000766668  -0.0005005195   0.0000135285   0.0000970243  -0.0000206842
        0.0000797289   0.0000077874  -0.0000068141  -0.0000218565   0.0000049869
        0.0000058410  -0.0000029405  -0.0000160554  -0.0000033975   0.0000149621
       -0.0000021411   0.0000264120  -0.0000055948   0.0000022877  -0.0000066449
       -0.0000163132   0.0000051579   0.0000370256  -0.0000242064  -0.0000062352
        0.0000053364   0.0000372033   0.0000350189  -0.0000221305   0.0000144553
        0.0000010731  -0.0000141580  -0.0000015084  -0.0000027221  -0.0000018142
       -0.0000043174   0.0000034501   0.0000143604  -0.0000024228  -0.0000133337
        0.0000255454  -0.0000059344  -0.0000029357   0.0000198299   0.0000091575
       -0.0000258076   0.0000125025   0.0000270834   0.0000037800   0.0000007684
       -0.0000382965   0.0000224306   0.0000196928  -0.0002794967   0.0001094231
        0.0003687729  -0.0000939721   0.0000942628  -0.0000784968  -0.0000193901
       -0.0000075529   0.0000055140   0.0000031687  -0.0000554630  -0.0000295332
       -0.0000274326   0.0000185256   0.0000090111  -0.0000039661   0.0000014543
       -0.0000016374  -0.0000044479  -0.0000199031   0.0000053157  -0.0000013735
       -0.0000037447   0.0000016151  -0.0000059334   0.0000028703  -0.0000054356
       -0.0000050138   0.0000126865  -0.0000058475   0.0000019770  -0.0000043691
       -0.0000039678   0.0000027590  -0.0000013684   0.0000072985   0.0000118640
        0.0000036918  -0.0000059596   0.0000049852  -0.0000009868   0.0000014125
       -0.0000317095  -0.0000237228   0.0000204235   0.0000067469   0.0000001109
       -0.0000156637   0.0000056566   0.0000033026  -0.0000023516  -0.0002909412
       -0.0008125998  -0.0005069955   0.0001668734   0.0000213504   0.0000132752
       -0.0000073676  -0.0000372950  -0.0000000024   0.0718097145   0.0161519069
       -0.0636940058  -0.0206165708  -0.0021357115   0.0075006755  -0.0023336971
       -0.0018752465  -0.0044174369  -0.0845808125  -0.0173786535   0.0746420949
        0.0227687467   0.0021671083  -0.0086686916   0.0133054768   0.0039549298
       -0.0047022715   0.0000295255  -0.0001424931  -0.0000177104  -0.0000607357
        0.0000135342   0.0000245319   0.0000092701   0.0000040951   0.0000087703
       -0.0000043285   0.0000008464  -0.0000089275   0.0000128608  -0.0000016196
       -0.0000020236
        0.0000068535  -0.0000267945  -0.0000093658   0.0000046131   0.0000094159
       -0.0000040173   0.0000033661  -0.0000158515  -0.0000081833  -0.0000278123
        0.0000027325  -0.0000052369   0.0000124969  -0.0000098077   0.0000070977
       -0.0000216511   0.0000484424   0.0000151118   0.0000080661   0.0000247643
        0.0000061906   0.0000370627   0.0000071737   0.0000696450  -0.0004643023
        0.0001256607   0.0000796576   0.0000057847   0.0000308802  -0.0000036045
        0.0000209278  -0.0000112119   0.0000071879  -0.0000068511   0.0000108475
       -0.0000009488   0.0000130654  -0.0000029321   0.0000004094  -0.0000004980
        0.0000008950   0.0000024474   0.0000049872   0.0000029564   0.0000000641
       -0.0000031824  -0.0000031998   0.0000017717  -0.0000043941  -0.0000056773
       -0.0000073534   0.0000004392   0.0000047806   0.0000066218   0.0000028980
        0.0000025535  -0.0000002757  -0.0000023693  -0.0000046452  -0.0000066419
       -0.0000031230  -0.0000071766  -0.0000018460   0.0000219697  -0.0000356699
        0.0000039969  -0.0000185916  -0.0000047108   0.0000053409   0.0000164518
       -0.0000054737  -0.0000000668  -0.0000155745  -0.0000286701   0.0000187774
       -0.0000279333  -0.0000382750   0.0000304423   0.0004504694  -0.0002933152
        0.0002122070   0.0002125258  -0.0001745822  -0.0000408156  -0.0000045221
       -0.0000050603   0.0000039314   0.0000041480  -0.0000028699  -0.0000255490
       -0.0000076090   0.0000023965   0.0000016931  -0.0000072260   0.0000003055
        0.0000008071  -0.0000084188  -0.0000113654  -0.0000050132   0.0000078790
       -0.0000023449   0.0000034719  -0.0000038038   0.0000025598   0.0000021137
       -0.0000011670   0.0000007198   0.0000006560  -0.0000011203  -0.0000017747
       -0.0000004385  -0.0000039531  -0.0000060229   0.0000029696   0.0000007730
        0.0000051943   0.0000041362  -0.0000000315   0.0000004207   0.0000041393
        0.0000027025  -0.0000058228  -0.0000085235   0.0000007478   0.0000005396
        0.0000002133  -0.0000019163   0.0000011823   0.0000024402  -0.0003636219
       -0.0004701925   0.0002924720   0.0000204089  -0.0000944180  -0.0002042743
       -0.0000597721   0.0000932143   0.0000728235  -0.0524517358   0.0413057477
        0.0409263683   0.0051160513  -0.0115702284  -0.0138522609  -0.0044366037
       -0.0004288048  -0.0020766416  -0.0106790311   0.0211818254   0.0227687467
        0.0617977600  -0.0493985521  -0.0480241170   0.0009744666  -0.0003642106
       -0.0003923242  -0.0000679247   0.0001599629   0.0001354591  -0.0000067017
        0.0000025878  -0.0000518624   0.0000049030   0.0000091664   0.0000246207
       -0.0000399198  -0.0000200445   0.0000211236  -0.0000104557   0.0000127798
       -0.0000057946
        0.0000536684   0.0000591081  -0.0000217983  -0.0000448151   0.0000002073
        0.0000083067  -0.0000076856  -0.0000052114  -0.0000131319  -0.0000152247
        0.0000140257   0.0000059798   0.0000357885  -0.0000145330  -0.0000197586
       -0.0000208396   0.0000072047  -0.0000119630  -0.0000010408   0.0000026747
       -0.0000087382   0.0000023507  -0.0000320559   0.0000520596  -0.0000098289
        0.0000614972   0.0002178978  -0.0000020202  -0.0000773011   0.0000088676
       -0.0000316328   0.0000305722   0.0000025119  -0.0000045387  -0.0000319540
        0.0000075131  -0.0000150518   0.0000231912   0.0000076815  -0.0000068636
        0.0000100800  -0.0000040869  -0.0000062493   0.0000037276   0.0000025895
        0.0000113420   0.0000007714  -0.0000232514   0.0000098545   0.0000040313
       -0.0000054374  -0.0000215825  -0.0000262403   0.0000203899  -0.0000101551
       -0.0000038565   0.0000095714  -0.0000013932  -0.0000012105   0.0000099946
        0.0000036908  -0.0000110630  -0.0000032312   0.0000021988   0.0000086791
        0.0000235619   0.0000020221   0.0000004409   0.0000053856   0.0000026184
        0.0000287331   0.0000100962  -0.0000039464  -0.0000104390  -0.0000053714
        0.0000410203  -0.0000323651   0.0000858692   0.0001522909   0.0001604576
        0.0002921717   0.0000718943  -0.0001116507  -0.0000609784   0.0000057281
        0.0000049321   0.0000016377   0.0000166267  -0.0000121972  -0.0000017057
        0.0000160498   0.0000003833  -0.0000048675   0.0000034819  -0.0000001270
       -0.0000041984   0.0000115820   0.0000026091   0.0000056757  -0.0000106994
       -0.0000050218  -0.0000054539   0.0000121987  -0.0000035812  -0.0000045074
        0.0000045650  -0.0000043807   0.0000040851  -0.0000005362  -0.0000007112
       -0.0000026949   0.0000034983   0.0000094013  -0.0000041790  -0.0000048678
       -0.0000036558   0.0000050759   0.0000010186   0.0000028446  -0.0000025344
        0.0000153860   0.0000183475  -0.0000186422  -0.0000030046   0.0000005657
        0.0000075043  -0.0000024475  -0.0000040153   0.0000030024   0.0007820029
       -0.0003877458   0.0012017273   0.0001716916   0.0000222264  -0.0001275865
       -0.0000378509   0.0000104502   0.0000178843   0.0439788235  -0.1568693960
       -0.1124249744  -0.0029708768  -0.0008255762  -0.0034443609  -0.0007738723
        0.0007800854  -0.0001753960  -0.0002370885   0.0034238712   0.0021671083
       -0.0493985521   0.1788120990   0.1318360147   0.0083282119  -0.0250353573
       -0.0197283688  -0.0000687654   0.0000190196   0.0001406906  -0.0000005322
       -0.0000149317  -0.0000575400  -0.0000045551   0.0000008410   0.0000053608
       -0.0000272183  -0.0000009437   0.0000166602   0.0000041306   0.0000024433
        0.0000018813
        0.0000027277   0.0000452045   0.0000090886  -0.0000047408  -0.0000020909
        0.0000129544  -0.0000347047   0.0000261102   0.0000085327   0.0000134091
       -0.0000056090  -0.0000155965  -0.0000088421  -0.0000000148  -0.0000001905
       -0.0000026863  -0.0001000015  -0.0000630059   0.0000274722  -0.0000218266
        0.0000045940   0.0000802026  -0.0000732205   0.0001171298  -0.0005289735
        0.0002169209   0.0002798980  -0.0000113116  -0.0000436428   0.0000015588
       -0.0000270363   0.0000229312   0.0000073637   0.0000066553  -0.0000011326
       -0.0000010506  -0.0000220764  -0.0000028227   0.0000089932   0.0000020604
        0.0000002677   0.0000025598  -0.0000078200  -0.0000009045   0.0000038450
        0.0000072731   0.0000077991  -0.0000101890   0.0000064391   0.0000093442
        0.0000033934  -0.0000092803  -0.0000169179   0.0000022327  -0.0000058499
       -0.0000045279   0.0000032441  -0.0000078826   0.0000100882   0.0000162227
        0.0000095000   0.0000140113   0.0000324996   0.0000029824   0.0000766621
        0.0000165086   0.0000164700   0.0000069078   0.0000064098  -0.0000105864
        0.0000601301  -0.0000014037  -0.0000096557  -0.0000504523   0.0000775984
        0.0001084753  -0.0000130981   0.0001823222   0.0002555391   0.0005393165
       -0.0010829611   0.0003194563  -0.0002851407  -0.0000223333   0.0000061718
        0.0000075232  -0.0000030792  -0.0000004449  -0.0000050075   0.0000036828
        0.0000090668  -0.0000024349  -0.0000032883   0.0000012995   0.0000025058
        0.0000003318   0.0000126236   0.0000092017  -0.0000072386  -0.0000047927
       -0.0000011585  -0.0000048029   0.0000062995  -0.0000013184  -0.0000020605
        0.0000028860  -0.0000013643   0.0000026737  -0.0000020372   0.0000014796
       -0.0000006060   0.0000050927   0.0000044460  -0.0000074083  -0.0000013203
       -0.0000088080  -0.0000023065   0.0000006705   0.0000002144  -0.0000035347
        0.0000006426   0.0000139582   0.0000000669  -0.0000024521  -0.0000045461
        0.0000033768   0.0000026181  -0.0000033788   0.0000000459  -0.0012554611
        0.0009275405   0.0006441519   0.0000141632  -0.0003159564  -0.0002470176
       -0.0000759807   0.0003021020   0.0000761891   0.0453121164  -0.1142338460
       -0.1544053690   0.0040706864  -0.0182445741  -0.0191059376  -0.0040835867
        0.0007506967  -0.0021515490   0.0066200363  -0.0090825126  -0.0086686916
       -0.0480241170   0.1318360147   0.1757284905  -0.0026853338   0.0073468389
        0.0084118052  -0.0000781473   0.0002898481   0.0001988251   0.0000183979
       -0.0000044833  -0.0000873954   0.0000081539   0.0000033522   0.0000075976
       -0.0000298096  -0.0000244185   0.0000368007  -0.0000146580   0.0000237943
       -0.0000139714
        0.0000215197   0.0000334455  -0.0000023447   0.0000120765  -0.0000197775
       -0.0000092207  -0.0000022436  -0.0000029579  -0.0000035097   0.0000043891
       -0.0000004040  -0.0000070949  -0.0000876999  -0.0000076340   0.0000020700
       -0.0000137586  -0.0000058311  -0.0000100449   0.0000279722  -0.0000125923
        0.0000023524  -0.0001231200   0.0000913341  -0.0002916618   0.0000203606
        0.0008717358  -0.0006792138   0.0000033116  -0.0000348755  -0.0000012120
       -0.0000062860   0.0000231050  -0.0000045201  -0.0000069463  -0.0000129780
        0.0000069301  -0.0000172388   0.0000063759   0.0000042606   0.0000006832
        0.0000117986   0.0000142200  -0.0000094202   0.0000034924  -0.0000015682
        0.0000032588   0.0000002268  -0.0000097646   0.0000032996   0.0000032767
       -0.0000093661  -0.0000119320  -0.0000155673   0.0000130742  -0.0000027579
       -0.0000025589   0.0000042062   0.0000016797   0.0000005230   0.0000059934
       -0.0000024657   0.0000097895   0.0000148192  -0.0000245067   0.0000212212
        0.0000149885   0.0000233532   0.0000074521   0.0000095533  -0.0000109096
       -0.0000242271   0.0000160671   0.0000403363   0.0000514323  -0.0000443383
        0.0000370640   0.0000260691   0.0000918775  -0.0002020956  -0.0000487850
       -0.0001536187  -0.0000296229   0.0001412714  -0.0001030178   0.0000032701
        0.0000054424   0.0000001544   0.0000083977  -0.0000266437   0.0000027100
        0.0000071644   0.0000035649  -0.0000028497   0.0000068843  -0.0000044120
       -0.0000122593   0.0000120123   0.0000034482   0.0000177807  -0.0000185914
       -0.0000072002  -0.0000035475   0.0000092415  -0.0000053808  -0.0000098888
        0.0000007535   0.0000038728   0.0000013477   0.0000046635  -0.0000076723
       -0.0000117613   0.0000094074   0.0000154178   0.0000071294  -0.0000010167
       -0.0000007560   0.0000034371  -0.0000011594  -0.0000011536   0.0000041313
        0.0000073937   0.0000106133  -0.0000120911  -0.0000018522   0.0000009292
        0.0000028410   0.0000016169  -0.0000016816   0.0000013636  -0.0022425488
        0.0005032217  -0.0042622873   0.0002610963   0.0000475615  -0.0000913366
       -0.0000479563  -0.0000695953   0.0000469716  -0.0449146543  -0.0114012341
        0.0054850987   0.0009097704   0.0179875732  -0.0084102538   0.0011239241
        0.0004082578   0.0019561404  -0.0034682961  -0.0279355288   0.0133054768
        0.0009744666   0.0083282119  -0.0026853338   0.0477648487   0.0111235090
       -0.0042799630  -0.0000278511  -0.0000856492   0.0000675225  -0.0000113197
       -0.0000138078  -0.0000140179  -0.0000117436   0.0000003323  -0.0000038531
       -0.0000224957   0.0000179671   0.0000220817   0.0000162735  -0.0000135686
        0.0000053401
       -0.0000500492  -0.0000018303   0.0000185341   0.0000643650  -0.0000131640
        0.0000035791  -0.0000113102   0.0000013597  -0.0000110972  -0.0000110722
       -0.0000021876  -0.0000034716   0.0000141418   0.0000087130  -0.0000097059
        0.0000092772  -0.0000675926  -0.0000369677  -0.0000058146  -0.0000014702
        0.0000164394   0.0000421048  -0.0000238730   0.0000374238  -0.0001966203
        0.0000974918  -0.0002093136   0.0000030148  -0.0000101331  -0.0000017912
       -0.0000123206   0.0000184471  -0.0000024600   0.0000116297   0.0000115519
       -0.0000056894  -0.0000189544  -0.0000114729   0.0000025191   0.0000105930
       -0.0000007491   0.0000148296  -0.0000011851  -0.0000000654  -0.0000028863
       -0.0000071685   0.0000068666   0.0000161138  -0.0000162007   0.0000041036
        0.0000035377   0.0000159861   0.0000101279  -0.0000088250   0.0000067823
       -0.0000017748  -0.0000056645  -0.0000039412   0.0000082996   0.0000076941
        0.0000055015   0.0000080487   0.0000092275  -0.0000014380   0.0000547066
        0.0000110851   0.0000146819   0.0000034730   0.0000005750  -0.0000139167
        0.0000463837  -0.0000179171  -0.0000060582   0.0000008955   0.0000183040
        0.0000457231   0.0000017362   0.0000718543   0.0001053256   0.0003429115
       -0.0001196993   0.0001010582  -0.0000710259   0.0000817968  -0.0000002116
        0.0000086900  -0.0000051078  -0.0000111080  -0.0000112435   0.0000208041
        0.0000015491  -0.0000027456   0.0000014568   0.0000056040  -0.0000030542
       -0.0000023683   0.0000036595   0.0000121649   0.0000007994  -0.0000048873
        0.0000016845  -0.0000051750   0.0000007602  -0.0000048657  -0.0000002328
       -0.0000007187   0.0000030412  -0.0000028301  -0.0000004984  -0.0000033072
       -0.0000001106   0.0000064679   0.0000028124  -0.0000031279   0.0000105600
       -0.0000064196  -0.0000064385   0.0000017915  -0.0000017796   0.0000003113
       -0.0000165659  -0.0000026553   0.0000115662   0.0000035068  -0.0000016658
       -0.0000082158   0.0000068590   0.0000019877  -0.0000035271   0.0005508732
        0.0002587011   0.0011424329  -0.0001422384  -0.0001583774   0.0000915091
        0.0000389638   0.0001100475  -0.0000117177  -0.0103542481  -0.2503416510
        0.0925563531   0.0019422085  -0.0044858205   0.0048448846  -0.0002695004
        0.0009523751  -0.0012074685  -0.0026535619  -0.0074578524   0.0039549298
       -0.0003642106  -0.0250353573   0.0073468389   0.0111235090   0.2856506201
       -0.1085020311   0.0000190518   0.0000622791  -0.0001013662  -0.0000155263
        0.0000284201   0.0000267264   0.0000179269   0.0000080043   0.0000051603
        0.0000250555  -0.0000092433  -0.0000182173  -0.0000192063   0.0000054331
       -0.0000038630
        0.0000548313  -0.0000698004  -0.0000027034  -0.0000389980   0.0000291625
        0.0000036692   0.0000180522  -0.0000171153   0.0000210870  -0.0000109617
        0.0000206420   0.0000207810  -0.0000886679  -0.0000001483   0.0000474379
        0.0000000387   0.0000002436  -0.0000021379  -0.0000106384   0.0000125486
       -0.0000050719  -0.0000919723   0.0000668609  -0.0002607368  -0.0003699287
        0.0011522527  -0.0003300837  -0.0000048513   0.0001124413  -0.0000084264
        0.0000294397  -0.0000830232  -0.0000071153  -0.0000020666   0.0000683337
       -0.0000056105   0.0000380929  -0.0000424041  -0.0000079141  -0.0000032560
       -0.0000050822   0.0000014006   0.0000173847  -0.0000070762  -0.0000025539
        0.0000007087  -0.0000100088  -0.0000014190   0.0000000828  -0.0000099666
        0.0000037164  -0.0000015955   0.0000108180  -0.0000046620  -0.0000006228
        0.0000066688  -0.0000010524   0.0000088507  -0.0000027255  -0.0000124688
       -0.0000009756   0.0000098762   0.0000040431   0.0000025936  -0.0000341616
       -0.0000282263   0.0000003850  -0.0000068516  -0.0000043947   0.0000031277
       -0.0000574778   0.0000088404   0.0000340298   0.0000374169  -0.0000406950
        0.0000774827   0.0000335490   0.0001365449  -0.0002024861  -0.0002758712
       -0.0001981529  -0.0001428396   0.0001992501  -0.0000764272  -0.0000055132
       -0.0000116832   0.0000089627  -0.0000007584   0.0000317013  -0.0000180030
       -0.0000260658  -0.0000035044   0.0000048161  -0.0000129276   0.0000028560
        0.0000080231  -0.0000073045  -0.0000049464  -0.0000140065   0.0000161015
        0.0000032419   0.0000061228  -0.0000222060   0.0000071583   0.0000053459
       -0.0000105945   0.0000035812  -0.0000017725  -0.0000017530   0.0000030848
        0.0000057166  -0.0000061346  -0.0000170403   0.0000080053  -0.0000036871
        0.0000059609   0.0000022524   0.0000017045   0.0000048508  -0.0000028789
        0.0000067393  -0.0000139593  -0.0000000895  -0.0000009626  -0.0000007727
        0.0000045805  -0.0000043676   0.0000029937   0.0000002617  -0.0039894438
        0.0010289118  -0.0047465853   0.0001870567   0.0000823584  -0.0002603597
       -0.0000621766  -0.0000581551   0.0000662533   0.0049680404   0.0914531432
       -0.0847790881  -0.0007391262   0.0235814419  -0.0120759890   0.0024550988
       -0.0003449731   0.0020999330   0.0026292131   0.0114871061  -0.0047022715
       -0.0003923242  -0.0197283688   0.0084118052  -0.0042799630  -0.1085020311
        0.0966213994   0.0000024178  -0.0001254886   0.0000754818  -0.0000090892
       -0.0000198535   0.0000179006  -0.0000138294  -0.0000058639  -0.0000113916
       -0.0000173433   0.0000072010   0.0000223091   0.0000239586  -0.0000073024
       -0.0000044023
       -0.0006030931  -0.0000352155   0.0001676101   0.0004700056  -0.0001086342
       -0.0000681808  -0.0000043517   0.0000965361  -0.0002327239  -0.0003537426
       -0.0000849055  -0.0000734263   0.0001289215  -0.0014245640   0.0009128134
       -0.0002117658   0.0001289185   0.0000844182  -0.0000824977   0.0001749722
        0.0000732116  -0.0067016490   0.0012119336   0.0017728238  -0.0378526328
       -0.0204831854   0.0178317648   0.0001194638  -0.0002686180  -0.0000440562
        0.0000189301   0.0003294873   0.0000673836   0.0000498921  -0.0002874870
       -0.0000157531  -0.0000298772   0.0001485289  -0.0000547135   0.0000824744
       -0.0000205423   0.0000138409  -0.0000245779   0.0000081446  -0.0000249730
       -0.0000765342   0.0000679883   0.0002222496  -0.0001190209   0.0000231432
        0.0000615527   0.0001995524   0.0001485922  -0.0001574454   0.0000704585
       -0.0000130547  -0.0000818023  -0.0000483639   0.0000328242   0.0000348256
        0.0000172541  -0.0000767938   0.0000114900   0.0000566652   0.0000430672
        0.0000779790  -0.0000899424  -0.0000085874  -0.0000435094   0.0004244108
        0.0004148467  -0.0001318955   0.0000865456   0.0000988390  -0.0001844045
       -0.0010727910  -0.0013490620   0.0001416583  -0.0000350151   0.0003199266
        0.0001171832  -0.1201978034   0.1377917538  -0.0148884202  -0.0000455598
        0.0000186109  -0.0000376265  -0.0000153784  -0.0000437905   0.0000081841
       -0.0000034888   0.0000128905   0.0000236580   0.0000247898   0.0000304111
        0.0000177374  -0.0000101264  -0.0000220980  -0.0000069671   0.0000038350
       -0.0000009261   0.0000054720  -0.0000082007  -0.0000009025   0.0000056089
       -0.0000071313   0.0000264256  -0.0000205692   0.0000046091   0.0000071324
        0.0000157017   0.0000054908  -0.0000132186  -0.0000013469   0.0000884034
       -0.0000361333  -0.0000813437   0.0000174527  -0.0000176371   0.0000107805
       -0.0001916727  -0.0000638681   0.0001621526   0.0000370842  -0.0000124322
       -0.0001054203   0.0000504560   0.0000216607  -0.0000384066   0.0002025654
        0.0010612772   0.0002239798  -0.1533396263  -0.1127349355   0.0639046186
        0.0130979968   0.0112941678  -0.0026504440   0.0000048807  -0.0002053305
       -0.0005751259  -0.0011529528  -0.0021873062   0.0008606497  -0.0037764792
        0.0050357572  -0.0011716128   0.0000757246   0.0000289064   0.0000295255
       -0.0000679247  -0.0000687654  -0.0000781473  -0.0000278511   0.0000190518
        0.0000024178   0.5957851157  -0.0426696542  -0.1473412351  -0.2131919501
        0.0174484655   0.0547292917  -0.0349885045  -0.0039478093   0.0049346291
       -0.0164800167   0.0001049679   0.0173436397  -0.0203124563   0.0100362299
        0.0042406977
       -0.0002542024   0.0001463475   0.0000387270   0.0002346356  -0.0000555612
        0.0000244576  -0.0000871406   0.0000588814  -0.0000712275  -0.0001959680
       -0.0000965818  -0.0001213597   0.0003614283   0.0000512562   0.0000330105
       -0.0000322838  -0.0000139573  -0.0000609057  -0.0000405535   0.0000512273
        0.0000703556  -0.0002664504   0.0006883011  -0.0003887540  -0.0077909492
        0.0020281379   0.0020832283   0.0000388605  -0.0002917843   0.0000083680
       -0.0000418939   0.0002333151   0.0000391296   0.0000292488  -0.0001907457
       -0.0000037671  -0.0000488968   0.0000961347  -0.0000104029   0.0000355406
       -0.0000079401   0.0000119806  -0.0000294670   0.0000080163  -0.0000076259
       -0.0000190141   0.0000563594   0.0000634556  -0.0000455193   0.0000409716
        0.0000213155   0.0000561674   0.0000009077  -0.0000247550   0.0000217251
       -0.0000227987  -0.0000179504  -0.0000313672   0.0000165846   0.0000405538
        0.0000212654   0.0000158297   0.0000823683   0.0000568811   0.0000412412
        0.0000661508  -0.0000362839  -0.0000134598  -0.0000097466   0.0011364143
        0.0003386343   0.0000465124   0.0002969341  -0.0002183271  -0.0003562652
        0.0003770100   0.0005609570   0.0002377313  -0.0000329321  -0.0000765131
        0.0002312439   0.1357802044  -0.2806258599   0.0567667902  -0.0000058350
        0.0000159468  -0.0000208758   0.0000007462  -0.0000195478   0.0000018755
        0.0000308604   0.0000016006   0.0000027709   0.0000126348   0.0000118181
        0.0000013347   0.0000114893  -0.0000057033  -0.0000098814  -0.0000077136
       -0.0000023865   0.0000016219   0.0000217954  -0.0000059212  -0.0000033651
        0.0000021596   0.0000056787  -0.0000002113  -0.0000019170  -0.0000012375
       -0.0000003350   0.0000112790   0.0000008797  -0.0000099440   0.0000408180
       -0.0000430399  -0.0000292151   0.0000116160  -0.0000142921  -0.0000007511
       -0.0000829935   0.0000389455   0.0000401775   0.0000096839  -0.0000154792
       -0.0000363816   0.0000285037  -0.0000081857  -0.0000028445   0.0009408291
        0.0032793858  -0.0020093150  -0.0997739422  -0.2377476722   0.0815815579
       -0.0120558955  -0.0913065639   0.0304986430   0.0000287414   0.0009867243
        0.0010971192  -0.0043727452  -0.0086938246   0.0000710168   0.0107304646
        0.0017900368   0.0021000516  -0.0000587034  -0.0000189210  -0.0001424931
        0.0001599629   0.0000190196   0.0002898481  -0.0000856492   0.0000622791
       -0.0001254886  -0.0426696542   0.6906113329  -0.1799875111   0.0169906363
       -0.0808265567   0.0050659267  -0.0223223598   0.0032427822   0.0070936248
       -0.0095790583   0.0027411670   0.0045690105   0.0324908527  -0.0069178394
       -0.0088285852
        0.0002356305  -0.0000001730  -0.0000066628  -0.0001389942   0.0000634160
        0.0000317542  -0.0000387087  -0.0000071594   0.0001038524   0.0000583127
       -0.0001146057  -0.0001100363  -0.0001315749   0.0004442087  -0.0002234497
        0.0000653424  -0.0001083225  -0.0000133478   0.0001208325  -0.0000842099
       -0.0000224978   0.0024113638  -0.0002795357  -0.0002150530   0.0148595467
        0.0067432851  -0.0043709586  -0.0000481263   0.0001388942  -0.0000090967
        0.0000195273  -0.0001382157  -0.0000167532  -0.0000227319   0.0001145790
        0.0000055256   0.0000204468  -0.0000627720   0.0000144180  -0.0000325227
       -0.0000014264  -0.0000220669   0.0000157397  -0.0000075776   0.0000047065
        0.0000589053  -0.0000150969  -0.0000393291   0.0000626958  -0.0000018183
        0.0000002934  -0.0000723480  -0.0000425743   0.0000313781  -0.0000427819
        0.0000012560   0.0000103285   0.0000082318   0.0000028745  -0.0000081145
       -0.0000305636   0.0000791958   0.0000838788   0.0000027021   0.0000601820
        0.0000070023   0.0000542398   0.0000236679   0.0000266028  -0.0003025588
        0.0000432851   0.0000094236  -0.0001610778  -0.0002117508   0.0003994683
       -0.0009428036   0.0011265726   0.0004620644   0.0006316175  -0.0000816125
       -0.0001190934  -0.0124086502   0.0510673950  -0.0247573669   0.0000122913
       -0.0000092072   0.0000124696  -0.0000041701   0.0000086788  -0.0000217121
       -0.0000103461  -0.0000012848  -0.0000084597  -0.0000162014   0.0000020796
        0.0000059272  -0.0000049543   0.0000013423  -0.0000118793   0.0000103319
        0.0000050135   0.0000086118  -0.0000052961   0.0000014596   0.0000037374
        0.0000049651  -0.0000137169   0.0000077208  -0.0000048553   0.0000082927
        0.0000040492  -0.0000091825  -0.0000009899  -0.0000054418  -0.0000344453
        0.0000070196   0.0000119227  -0.0000140927   0.0000061289  -0.0000087897
        0.0000747218   0.0000117658  -0.0000301023  -0.0000294519  -0.0000037417
        0.0000218758  -0.0000168203   0.0000005768   0.0000053520  -0.0006463166
       -0.0005530389   0.0021958780   0.0633918757   0.0913334736  -0.0741954729
        0.0043550507   0.0222515751   0.0064436818  -0.0000859242  -0.0002916818
        0.0000386112   0.0032604949   0.0038290686  -0.0004298824  -0.0056416985
       -0.0005624217   0.0007833526  -0.0001205721  -0.0000046498  -0.0000177104
        0.0001354591   0.0001406906   0.0001988251   0.0000675225  -0.0001013662
        0.0000754818  -0.1473412351  -0.1799875111   0.1623566174   0.0513497152
        0.0039996819  -0.0676703870  -0.0044497136   0.0036036777   0.0080127038
        0.0346965266  -0.0014234966  -0.0112308681  -0.0031753706  -0.0010093793
        0.0021870175
        0.0001567626   0.0000069626  -0.0000453030  -0.0001079644   0.0000142272
        0.0000240769   0.0000339163  -0.0000094644   0.0000028174  -0.0000406367
        0.0000355739   0.0000120182  -0.0003266584  -0.0002464288   0.0002026700
       -0.0000230888  -0.0000079079  -0.0000117950  -0.0000514713   0.0000269882
       -0.0000472315  -0.0009391735   0.0001774410   0.0002899633   0.0010875664
       -0.0022127162   0.0033925850  -0.0000349308   0.0000376380   0.0000175389
       -0.0000148833  -0.0000575219  -0.0000145805  -0.0000162345   0.0000617034
        0.0000053246  -0.0000065828  -0.0000314155   0.0000175072  -0.0000159015
        0.0000044806   0.0000025100   0.0000004317  -0.0000008628   0.0000077203
        0.0000223556  -0.0000088027  -0.0000558825   0.0000283295   0.0000015720
       -0.0000200700  -0.0000506538  -0.0000391046   0.0000433762  -0.0000196589
        0.0000013409   0.0000206944  -0.0000007133  -0.0000101123  -0.0000031632
       -0.0000075607  -0.0000288677  -0.0000013922  -0.0000002183   0.0000014419
        0.0000330092   0.0000109916   0.0000019204   0.0000122379  -0.0000527971
        0.0001029840   0.0000764976  -0.0000669553   0.0000041056  -0.0001191946
       -0.0001811521   0.0000610950  -0.0000234821  -0.0001397642   0.0000083104
        0.0001025397  -0.0135172043   0.0025492420   0.0031460433   0.0000073688
        0.0000001191   0.0000079278   0.0000118589   0.0000012108  -0.0000016191
        0.0000067903  -0.0000000237  -0.0000068659  -0.0000065414  -0.0000060350
       -0.0000047115   0.0000098223   0.0000039951  -0.0000007134  -0.0000031151
       -0.0000006255  -0.0000025343   0.0000077142   0.0000015385  -0.0000025465
        0.0000041169  -0.0000045161   0.0000072685  -0.0000013442  -0.0000010125
       -0.0000050447   0.0000030979   0.0000050097  -0.0000021950  -0.0000212687
        0.0000061556   0.0000169247  -0.0000089222   0.0000024915   0.0000003810
        0.0000430880   0.0000203670  -0.0000420178  -0.0000115508  -0.0000012185
        0.0000230656  -0.0000150851  -0.0000050205   0.0000098894   0.0008951986
       -0.0001256179  -0.0007180792  -0.0264178576  -0.0098555731   0.0097544699
        0.0005339845   0.0009190086  -0.0008475220   0.0000495745   0.0000794420
        0.0003298505  -0.0008988231  -0.0000242443  -0.0005018326   0.0006071925
        0.0000102174   0.0000801343  -0.0000101980  -0.0000011731  -0.0000607357
       -0.0000067017  -0.0000005322   0.0000183979  -0.0000113197  -0.0000155263
       -0.0000090892  -0.2131919501   0.0169906363   0.0513497152   0.4582347040
        0.0104887590   0.0106275590  -0.1062113522  -0.0830449955  -0.0664845047
       -0.0385150977  -0.0026577104   0.0044854455  -0.0608095334   0.0667710520
       -0.0150880532
       -0.0001103486  -0.0000141054   0.0000200294   0.0000608813  -0.0000195837
       -0.0000149290   0.0000108584   0.0000306124  -0.0000308222  -0.0000536307
       -0.0000163817  -0.0000100471   0.0000119820  -0.0002736753   0.0001582403
       -0.0000308214   0.0000484950   0.0000423695  -0.0000260701   0.0000242815
       -0.0000044527  -0.0012180976   0.0004004607   0.0003248370  -0.0025225621
       -0.0021016237   0.0034279574   0.0000184524  -0.0000314219  -0.0000045935
       -0.0000039129   0.0000432804   0.0000129890   0.0000076413  -0.0000360204
       -0.0000011025  -0.0000045972   0.0000211161  -0.0000054832   0.0000107644
        0.0000014799   0.0000029601  -0.0000013550   0.0000019305  -0.0000011343
       -0.0000142206   0.0000045911   0.0000216965  -0.0000213532  -0.0000027857
        0.0000097699   0.0000253405   0.0000218333  -0.0000199432   0.0000093681
        0.0000002936  -0.0000077050  -0.0000093624   0.0000010918   0.0000027000
        0.0000076404  -0.0000182283   0.0000006871   0.0000073165  -0.0000134237
       -0.0000007676  -0.0000194794  -0.0000003715  -0.0000059462   0.0000771406
        0.0000834046  -0.0000413324   0.0000281030   0.0000608828  -0.0000854202
       -0.0001246893   0.0000824675   0.0001705552  -0.0000026126   0.0000545376
        0.0000355064   0.0195028025   0.0003502274  -0.0089807353  -0.0000014075
        0.0000016801  -0.0000072907  -0.0000035654  -0.0000055294   0.0000052175
        0.0000038270   0.0000008271   0.0000025010   0.0000052993   0.0000012904
       -0.0000001955  -0.0000002716  -0.0000006576   0.0000019276  -0.0000004347
       -0.0000011403  -0.0000014087   0.0000025190  -0.0000008248  -0.0000002999
        0.0000016548   0.0000038287  -0.0000028145   0.0000031253  -0.0000008470
        0.0000008792   0.0000036227   0.0000002054   0.0000010355   0.0000091311
       -0.0000010240  -0.0000083598   0.0000038327   0.0000020552  -0.0000045102
       -0.0000271319  -0.0000137185   0.0000166106   0.0000050692   0.0000007292
       -0.0000105415   0.0000050443   0.0000055268  -0.0000037009   0.0002801394
        0.0004127410  -0.0003915834  -0.0218612781   0.0056343031   0.0046651097
       -0.0021019505  -0.0020920033   0.0007644807   0.0000724837   0.0001216232
        0.0000465465  -0.0008190885  -0.0015771875  -0.0000621326   0.0025432493
       -0.0001626687   0.0007113879   0.0000229234   0.0000070989   0.0000135342
        0.0000025878  -0.0000149317  -0.0000044833  -0.0000138078   0.0000284201
       -0.0000198535   0.0174484655  -0.0808265567   0.0039996819   0.0104887590
        0.5306973777  -0.0134987099  -0.0819987862  -0.1431387568  -0.0782205224
       -0.0013654953  -0.0531497403   0.0436121899   0.0616763060  -0.2546354852
        0.0433794215
       -0.0000722499  -0.0000158677  -0.0000014661   0.0000333260  -0.0000214915
       -0.0000188496   0.0000113144   0.0000057178   0.0000011844   0.0000471648
        0.0000089346   0.0000267004   0.0000465868   0.0000256697  -0.0000712693
        0.0000171581   0.0000405546   0.0000476365  -0.0000024949  -0.0000060004
        0.0000043529   0.0001986411   0.0000606790   0.0000125151   0.0018711743
        0.0027015106   0.0052461990   0.0000089294   0.0000056345   0.0000014226
       -0.0000004087   0.0000097861   0.0000013775   0.0000055576  -0.0000008059
       -0.0000017613  -0.0000011007   0.0000007557  -0.0000030744   0.0000051124
        0.0000018114   0.0000065225  -0.0000014065   0.0000009237  -0.0000002829
       -0.0000120127  -0.0000037776  -0.0000003400  -0.0000202688  -0.0000055121
       -0.0000026316   0.0000132605   0.0000085562  -0.0000013095   0.0000063665
        0.0000006910   0.0000014200   0.0000034621  -0.0000043564  -0.0000033243
        0.0000038405  -0.0000052276  -0.0000285630  -0.0000090195  -0.0000320979
       -0.0000299180  -0.0000133875  -0.0000045900  -0.0000059099  -0.0000226203
       -0.0000960275  -0.0000195654   0.0000356702   0.0000228943  -0.0000348887
       -0.0001701759   0.0002582267   0.0000827092   0.0000699763  -0.0001051322
        0.0000823063  -0.0032445483  -0.0020847274  -0.0013720671   0.0000034368
       -0.0000012804  -0.0000016827   0.0000008926   0.0000024125   0.0000073150
        0.0000006689  -0.0000014602   0.0000032044   0.0000035640  -0.0000048523
       -0.0000032725   0.0000012119   0.0000013166   0.0000053407  -0.0000022898
       -0.0000022292  -0.0000042337  -0.0000009522   0.0000001049  -0.0000004986
       -0.0000025171   0.0000035317  -0.0000028623   0.0000019514  -0.0000039163
       -0.0000025552   0.0000019309   0.0000000357   0.0000035745   0.0000093379
        0.0000020227   0.0000039145   0.0000097463   0.0000023153   0.0000012088
       -0.0000110137  -0.0000071354  -0.0000010912   0.0000111172   0.0000064374
        0.0000006065   0.0000044118   0.0000013223   0.0000006428   0.0017657066
       -0.0009026030   0.0003848785   0.0110272711  -0.0007312056  -0.0085092374
       -0.0003573401   0.0004691219  -0.0012700301  -0.0000431986  -0.0000698187
       -0.0001344356   0.0004340255   0.0008464033   0.0003156506  -0.0012182620
        0.0000871197  -0.0006885422   0.0000231289   0.0000016306   0.0000245319
       -0.0000518624  -0.0000575400  -0.0000873954  -0.0000140179   0.0000267264
        0.0000179006   0.0547292917   0.0050659267  -0.0676703870   0.0106275590
       -0.0134987099   0.4939120245  -0.0673416511  -0.0780597923  -0.1055737443
        0.0050523987   0.0442769937  -0.2615971731  -0.0134723940   0.0417803900
       -0.0530527771
       -0.0001183990   0.0000028015   0.0000281986   0.0000866197  -0.0000187836
       -0.0000117109  -0.0000034497   0.0000167874  -0.0000286228  -0.0000369194
       -0.0000330157  -0.0000268850   0.0001071694  -0.0001044889   0.0000420097
       -0.0000104525   0.0000252637   0.0000342605  -0.0000074405   0.0000113359
        0.0000157269  -0.0004401733   0.0001579549   0.0000758932  -0.0004152282
       -0.0004678583   0.0018874268   0.0000212643  -0.0000474463  -0.0000092239
        0.0000024861   0.0000589794   0.0000141764   0.0000088271  -0.0000543683
       -0.0000022997  -0.0000039486   0.0000291023  -0.0000095625   0.0000127714
       -0.0000028114   0.0000004826  -0.0000043043   0.0000025409  -0.0000043524
       -0.0000111311   0.0000111678   0.0000368973  -0.0000172615   0.0000037591
        0.0000093488   0.0000300069   0.0000211539  -0.0000231684   0.0000124424
       -0.0000029627  -0.0000131740  -0.0000122357   0.0000052743   0.0000052918
        0.0000018924  -0.0000066696  -0.0000012371   0.0000065610   0.0000060395
        0.0000019264  -0.0000151709   0.0000009709  -0.0000059888   0.0000482778
        0.0000560834  -0.0000176421   0.0000192876   0.0000217772  -0.0000405390
       -0.0001156797  -0.0000080570  -0.0000435843   0.0000784005   0.0000116489
        0.0000082214  -0.0002384081  -0.0010881375  -0.0006140305  -0.0000058128
        0.0000022454  -0.0000070099  -0.0000056502  -0.0000072380   0.0000015687
        0.0000008415   0.0000017793   0.0000034911   0.0000036619   0.0000050350
        0.0000028897  -0.0000042411  -0.0000041954  -0.0000005002   0.0000002593
       -0.0000001892   0.0000015339  -0.0000009775  -0.0000007504   0.0000012303
       -0.0000007667   0.0000033085  -0.0000029163   0.0000001149   0.0000010245
        0.0000025768  -0.0000004004  -0.0000018287  -0.0000003419   0.0000135205
       -0.0000054102  -0.0000124653   0.0000021419  -0.0000038724   0.0000018177
       -0.0000299068  -0.0000089087   0.0000237004   0.0000038780  -0.0000012114
       -0.0000178265   0.0000096366   0.0000039129  -0.0000052161   0.0003085683
        0.0003692563  -0.0000105673  -0.0050435888   0.0036239038  -0.0039864493
        0.0015233339  -0.0003963957  -0.0002412964  -0.0000250267   0.0000495384
       -0.0000611739  -0.0000877955  -0.0008166619   0.0002301536   0.0003854814
        0.0003764048   0.0000367311   0.0000135424   0.0000009810   0.0000092701
        0.0000049030  -0.0000045551   0.0000081539  -0.0000117436   0.0000179269
       -0.0000138294  -0.0349885045  -0.0223223598  -0.0044497136  -0.1062113522
       -0.0819987862  -0.0673416511   0.1392887135   0.1003755457   0.0743786399
        0.0008008218  -0.0016837609  -0.0035861799   0.0050705438   0.0038172199
        0.0037275410
       -0.0000330328  -0.0000051545   0.0000141128   0.0000344049  -0.0000009159
        0.0000001260  -0.0000062549   0.0000026296  -0.0000069443  -0.0000200985
       -0.0000140635  -0.0000150121   0.0000495397  -0.0000001721   0.0000077650
        0.0000011085  -0.0000096635  -0.0000029106  -0.0000022659   0.0000027988
        0.0000086353  -0.0000172322   0.0000208379  -0.0000302979   0.0000374217
       -0.0000137214  -0.0002559073   0.0000061329  -0.0000057759  -0.0000054500
        0.0000036889   0.0000116881   0.0000035191   0.0000038411  -0.0000068662
       -0.0000019511  -0.0000021678   0.0000018606  -0.0000035252   0.0000035978
       -0.0000027179   0.0000004343  -0.0000006117  -0.0000005791  -0.0000020051
       -0.0000017612   0.0000049566   0.0000179222  -0.0000064447   0.0000001865
        0.0000109252   0.0000122207   0.0000102162  -0.0000119016   0.0000041031
       -0.0000005781  -0.0000066912  -0.0000036774   0.0000050288   0.0000027307
        0.0000008679   0.0000085489   0.0000065306   0.0000043915   0.0000089062
        0.0000033975  -0.0000011095   0.0000009895  -0.0000018163   0.0000237396
        0.0000217645  -0.0000069515  -0.0000075696  -0.0000092716   0.0000191020
       -0.0000393924   0.0000243467   0.0000135795   0.0000606089   0.0000051167
       -0.0000127983   0.0005130639   0.0001514745   0.0003645325  -0.0000031665
        0.0000011173  -0.0000019194  -0.0000031201  -0.0000019052  -0.0000001076
       -0.0000035805   0.0000001105   0.0000018860   0.0000012537   0.0000033205
        0.0000026519  -0.0000013785  -0.0000001341  -0.0000014310   0.0000003993
        0.0000002781   0.0000009327  -0.0000033374  -0.0000005480   0.0000014891
       -0.0000024988   0.0000015659  -0.0000023643  -0.0000000529   0.0000016393
        0.0000022923  -0.0000005061  -0.0000007380  -0.0000001232   0.0000059296
       -0.0000044901  -0.0000070091   0.0000020018   0.0000000936  -0.0000036017
       -0.0000112186  -0.0000048206   0.0000138623   0.0000009016  -0.0000019612
       -0.0000079539   0.0000046300   0.0000027103  -0.0000020374  -0.0000720542
        0.0000624013   0.0000642843  -0.0001225141  -0.0002799868  -0.0009118406
       -0.0002126166   0.0007688706   0.0003863106  -0.0000130039  -0.0000074077
       -0.0000302600   0.0000958396  -0.0000782820   0.0000560026  -0.0001173374
        0.0000640438   0.0000113341  -0.0000092518  -0.0000022255   0.0000040951
        0.0000091664   0.0000008410   0.0000033522   0.0000003323   0.0000080043
       -0.0000058639  -0.0039478093   0.0032427822   0.0036036777  -0.0830449955
       -0.1431387568  -0.0780597923   0.1003755457   0.1598727225   0.0896987749
        0.0022412347   0.0030435831   0.0017517072  -0.0157859053  -0.0237646991
       -0.0166774986
       -0.0000310712   0.0000040092   0.0000091785   0.0000251661  -0.0000072355
       -0.0000043135  -0.0000092517   0.0000053492  -0.0000024137   0.0000108869
       -0.0000095112  -0.0000106285   0.0000350217   0.0000171212  -0.0000182886
        0.0000028065  -0.0000003390   0.0000017115   0.0000095059  -0.0000045539
        0.0000048112   0.0001090720  -0.0000036890  -0.0000480816   0.0002356700
        0.0002436845  -0.0005411692   0.0000020453  -0.0000107842  -0.0000024506
        0.0000005086   0.0000130808   0.0000023774   0.0000028885  -0.0000063705
       -0.0000013559  -0.0000042625   0.0000022171  -0.0000014522   0.0000033296
       -0.0000025693   0.0000011183  -0.0000027999   0.0000001156  -0.0000011842
        0.0000039298   0.0000029612   0.0000075978  -0.0000087103   0.0000022257
        0.0000025922   0.0000035083   0.0000025931  -0.0000019018  -0.0000049439
       -0.0000030036  -0.0000027677  -0.0000023373   0.0000037857   0.0000039257
        0.0000033139   0.0000064164   0.0000080074  -0.0000005390   0.0000013066
       -0.0000036107  -0.0000050429  -0.0000000448  -0.0000023538   0.0000041996
       -0.0000019148  -0.0000097512   0.0000049695   0.0000015015   0.0000204871
       -0.0000412297   0.0000172400   0.0000439436   0.0000253153   0.0000119771
       -0.0000260110  -0.0000294774   0.0000629298   0.0002977598  -0.0000005501
        0.0000014614  -0.0000015180  -0.0000016959  -0.0000015246   0.0000001167
       -0.0000006006   0.0000004610   0.0000008306   0.0000008980   0.0000013544
        0.0000021405  -0.0000005743  -0.0000007041  -0.0000005538  -0.0000002381
        0.0000003418   0.0000001576  -0.0000011257   0.0000002118   0.0000008115
       -0.0000009928   0.0000013267  -0.0000012132  -0.0000002041   0.0000010373
        0.0000017619  -0.0000002969  -0.0000003762  -0.0000003153   0.0000060480
       -0.0000046726  -0.0000023294   0.0000036974   0.0000001189  -0.0000002900
       -0.0000034587   0.0000000777   0.0000041720   0.0000023133   0.0000014355
       -0.0000033138   0.0000021007   0.0000010346  -0.0000022742  -0.0001555281
        0.0001468907  -0.0000458092   0.0021070947   0.0001590686  -0.0000856880
       -0.0001145069  -0.0001622092   0.0000651904   0.0000127601   0.0000058980
        0.0000114091  -0.0000423602  -0.0002298130  -0.0000097438   0.0000692562
        0.0001278632   0.0000362494  -0.0000115057   0.0000018964   0.0000087703
        0.0000246207   0.0000053608   0.0000075976  -0.0000038531   0.0000051603
       -0.0000113916   0.0049346291   0.0070936248   0.0080127038  -0.0664845047
       -0.0782205224  -0.1055737443   0.0743786399   0.0896987749   0.1176358551
       -0.0174127415  -0.0219303315  -0.0228305401   0.0023502077   0.0029482562
        0.0030551816
       -0.0000659337  -0.0000030653   0.0000133818   0.0000479223  -0.0000132253
       -0.0000088538  -0.0000032417   0.0000082805  -0.0000160806  -0.0000150080
       -0.0000138219  -0.0000062159   0.0000769636  -0.0000368246   0.0000179407
       -0.0000015647   0.0000177703   0.0000104414  -0.0000070025   0.0000073892
        0.0000087964  -0.0002313316   0.0000147603  -0.0000188321  -0.0011030894
       -0.0009203547  -0.0008883314   0.0000108159  -0.0000168921  -0.0000041096
        0.0000009683   0.0000278160   0.0000055960   0.0000051561  -0.0000220869
       -0.0000011021  -0.0000029863   0.0000112143  -0.0000050814   0.0000063917
       -0.0000010631   0.0000007385  -0.0000021275   0.0000011627  -0.0000023773
       -0.0000069980   0.0000039296   0.0000188582  -0.0000111145   0.0000010498
        0.0000041061   0.0000149636   0.0000101548  -0.0000100204   0.0000065144
       -0.0000015077  -0.0000062776  -0.0000042010   0.0000003482   0.0000005758
        0.0000021428  -0.0000088511  -0.0000107319   0.0000019446   0.0000030733
        0.0000047360  -0.0000082177   0.0000003379  -0.0000016328   0.0000326943
        0.0000322572  -0.0000032347   0.0000135204   0.0000294411  -0.0000453559
        0.0001149714  -0.0001619802  -0.0001171439  -0.0000470761   0.0000248656
        0.0000088908   0.0003684859  -0.0004216816   0.0009453687  -0.0000010799
        0.0000004054  -0.0000038090  -0.0000028286  -0.0000042108   0.0000035142
        0.0000012890   0.0000004161   0.0000019823   0.0000023346   0.0000006333
        0.0000003364  -0.0000015977  -0.0000019504   0.0000016030  -0.0000001061
       -0.0000002026   0.0000008164   0.0000001999  -0.0000004177   0.0000002611
       -0.0000000977   0.0000016489  -0.0000010047   0.0000005441  -0.0000005044
        0.0000000715  -0.0000000345  -0.0000006295   0.0000009480   0.0000079923
       -0.0000021205  -0.0000056337   0.0000024543  -0.0000009794   0.0000010570
       -0.0000155304  -0.0000054807   0.0000098064   0.0000028970   0.0000012686
       -0.0000094599   0.0000056439   0.0000029948  -0.0000018958  -0.0003421079
        0.0004078540  -0.0002316112  -0.0020392688   0.0050990994   0.0033963758
        0.0013317298  -0.0005402182  -0.0003170878  -0.0000000372   0.0000331661
       -0.0001031469  -0.0002664967  -0.0007151928   0.0003969209   0.0005682784
        0.0002457496  -0.0000947909   0.0000363952   0.0000055652  -0.0000043285
       -0.0000399198  -0.0000272183  -0.0000298096  -0.0000224957   0.0000250555
       -0.0000173433  -0.0164800167  -0.0095790583   0.0346965266  -0.0385150977
       -0.0013654953   0.0050523987   0.0008008218   0.0022412347  -0.0174127415
        0.0546614905   0.0040278347  -0.0165893073   0.0011110818   0.0015782562
       -0.0086346973
        0.0000079455   0.0000006139  -0.0000017096  -0.0000107941  -0.0000002330
       -0.0000018257   0.0000017778  -0.0000045116  -0.0000034059  -0.0000002279
        0.0000087137   0.0000073399   0.0000006390   0.0000008575  -0.0000065633
       -0.0000082248   0.0000087059   0.0000057946  -0.0000034309   0.0000034359
        0.0000034028   0.0000033137   0.0000066317   0.0000168971   0.0000617146
        0.0000732356   0.0002083839   0.0000044118  -0.0000117551   0.0000005065
        0.0000024517   0.0000029258  -0.0000013315  -0.0000006248  -0.0000074460
        0.0000006195   0.0000045227   0.0000054356  -0.0000012453  -0.0000003732
        0.0000016874   0.0000003374   0.0000015922   0.0000002250  -0.0000001252
       -0.0000022714  -0.0000021871  -0.0000003441  -0.0000059838  -0.0000045621
        0.0000041562   0.0000033681   0.0000039477  -0.0000014932   0.0000024963
        0.0000016390   0.0000003951   0.0000007586   0.0000004550   0.0000001209
        0.0000002971  -0.0000040577  -0.0000054785  -0.0000006412  -0.0000051962
       -0.0000025561  -0.0000016519  -0.0000014166  -0.0000019493  -0.0000017420
       -0.0000082403   0.0000112905   0.0000082323  -0.0000007159  -0.0000246099
        0.0000154806  -0.0000078018  -0.0000216128  -0.0000300152  -0.0000077411
        0.0000267074   0.0001875902   0.0001030854  -0.0006711947  -0.0000023628
        0.0000002781   0.0000007158  -0.0000001086   0.0000014718   0.0000001033
       -0.0000015574  -0.0000000829   0.0000009691   0.0000006554   0.0000009878
        0.0000000050  -0.0000004415   0.0000006589   0.0000002768   0.0000000965
       -0.0000004263  -0.0000007273  -0.0000017764  -0.0000006432   0.0000006355
       -0.0000014670   0.0000006483  -0.0000010842   0.0000001483  -0.0000002208
        0.0000010680   0.0000008971  -0.0000002012   0.0000002661   0.0000021243
       -0.0000005879  -0.0000001983   0.0000033167   0.0000030926  -0.0000044352
       -0.0000025384  -0.0000030034  -0.0000001752   0.0000016454   0.0000008420
        0.0000002938   0.0000009433   0.0000016419   0.0000005573   0.0000808067
       -0.0002322946   0.0000319519  -0.0001044637  -0.0006428470   0.0005392873
       -0.0005753218   0.0005026357  -0.0004352194  -0.0000245083  -0.0000219051
       -0.0000310555   0.0001598232   0.0004586363   0.0000227177  -0.0003051324
       -0.0001904015  -0.0000350281  -0.0000060690  -0.0000065648   0.0000008464
       -0.0000200445  -0.0000009437  -0.0000244185   0.0000179671  -0.0000092433
        0.0000072010   0.0001049679   0.0027411670  -0.0014234966  -0.0026577104
       -0.0531497403   0.0442769937  -0.0016837609   0.0030435831  -0.0219303315
        0.0040278347   0.0551622114  -0.0511023336   0.0007454254  -0.0078144795
        0.0305641079
        0.0000609180  -0.0000062589  -0.0000112016  -0.0000504889   0.0000185164
        0.0000099143   0.0000197005   0.0000013334   0.0000308408   0.0000190073
       -0.0000203025  -0.0000230342  -0.0001242125   0.0000384853   0.0000106760
        0.0000368848  -0.0000146425  -0.0000036481   0.0000118827  -0.0000218337
       -0.0000280379   0.0000712693  -0.0000732506   0.0000485279   0.0002617450
        0.0001960448   0.0002263162  -0.0000197809   0.0000587190   0.0000003007
       -0.0000007151  -0.0000508475  -0.0000047117  -0.0000092054   0.0000464139
        0.0000029205   0.0000034045  -0.0000254491   0.0000075082  -0.0000125995
        0.0000021455  -0.0000041726   0.0000040051  -0.0000022939   0.0000032433
        0.0000193810  -0.0000064235  -0.0000233443   0.0000168718  -0.0000004009
       -0.0000028727  -0.0000303377  -0.0000214971   0.0000181605  -0.0000186472
       -0.0000001575   0.0000073981   0.0000009404  -0.0000041135  -0.0000061288
       -0.0000076679   0.0000125023   0.0000147318  -0.0000042121   0.0000059574
        0.0000045179   0.0000140268   0.0000069905   0.0000106895  -0.0000244772
       -0.0000033049   0.0000052542  -0.0000307104  -0.0000335642   0.0000562821
       -0.0000550230   0.0001095012   0.0000369601   0.0000568266  -0.0000335654
       -0.0000065871  -0.0001332182   0.0005345275   0.0001053810   0.0000094550
       -0.0000059438   0.0000035359   0.0000025055   0.0000038300  -0.0000040982
        0.0000004936  -0.0000015926  -0.0000042570  -0.0000056048  -0.0000030775
       -0.0000013385   0.0000024938   0.0000020627  -0.0000019422   0.0000012147
        0.0000014617   0.0000015529   0.0000011763   0.0000003957  -0.0000013500
        0.0000024617  -0.0000051842   0.0000047749  -0.0000014781   0.0000004960
       -0.0000016442  -0.0000014685   0.0000012076  -0.0000009926  -0.0000118447
        0.0000021292   0.0000072853  -0.0000023540   0.0000045705  -0.0000049712
        0.0000269923   0.0000065804  -0.0000187595  -0.0000085884  -0.0000001739
        0.0000108387  -0.0000068720  -0.0000002163   0.0000040356   0.0001890543
       -0.0003517432   0.0002890142  -0.0003620845  -0.0038775067  -0.0016270166
       -0.0005941009   0.0004522344   0.0004185955  -0.0000006568  -0.0000310750
        0.0000993268   0.0002999727   0.0006444887  -0.0003621459  -0.0003238377
       -0.0002893446   0.0001516141  -0.0000232787  -0.0000078880  -0.0000089275
        0.0000211236   0.0000166602   0.0000368007   0.0000220817  -0.0000182173
        0.0000223091   0.0173436397   0.0045690105  -0.0112308681   0.0044854455
        0.0436121899  -0.2615971731  -0.0035861799   0.0017517072  -0.0228305401
       -0.0165893073  -0.0511023336   0.3050932983  -0.0009660218   0.0039120404
       -0.0089328413
        0.0000309422  -0.0000084871  -0.0000088179  -0.0000124302   0.0000041063
       -0.0000011497   0.0000116085  -0.0000155475   0.0000065642   0.0000328790
       -0.0000056287   0.0000064588  -0.0000139429   0.0000494914  -0.0000334963
        0.0000306236  -0.0000010708   0.0000056476   0.0000032187  -0.0000064010
       -0.0000017839   0.0001831249  -0.0001173018  -0.0000130695   0.0009562256
       -0.0000329490  -0.0003115748  -0.0000038235   0.0000296529  -0.0000001553
        0.0000026051  -0.0000249891  -0.0000049224  -0.0000018165   0.0000213649
       -0.0000002936   0.0000036568  -0.0000123302   0.0000019537  -0.0000048247
        0.0000005167  -0.0000015615   0.0000022929  -0.0000001143   0.0000010170
        0.0000017239  -0.0000058428  -0.0000098926   0.0000055263  -0.0000041484
       -0.0000031858  -0.0000106963  -0.0000056653   0.0000084544  -0.0000007226
        0.0000021377   0.0000037492   0.0000064284  -0.0000038120  -0.0000058599
       -0.0000065376   0.0000035555  -0.0000104780  -0.0000116493  -0.0000031150
       -0.0000067274   0.0000084160   0.0000013256   0.0000019189  -0.0000827985
       -0.0000485728   0.0000013545  -0.0000180184   0.0000005049   0.0000345629
        0.0001564404  -0.0000992681  -0.0001353781  -0.0000242345  -0.0000124782
        0.0000199051  -0.0045984803  -0.0008529144   0.0027246758   0.0000017898
       -0.0000021770   0.0000024685  -0.0000009770   0.0000029339   0.0000005403
       -0.0000017474  -0.0000005811  -0.0000008523  -0.0000017379  -0.0000024937
       -0.0000014866  -0.0000022376   0.0000007339   0.0000020705   0.0000012320
        0.0000008375   0.0000008734  -0.0000008535   0.0000004626   0.0000004466
        0.0000004142  -0.0000017667   0.0000009563  -0.0000001171  -0.0000010676
       -0.0000012607  -0.0000025075   0.0000000535   0.0000017803  -0.0000045604
        0.0000036780   0.0000041232  -0.0000010403   0.0000014764  -0.0000007869
        0.0000113160  -0.0000007485  -0.0000095384  -0.0000023964   0.0000015001
        0.0000044681  -0.0000023222   0.0000011498   0.0000021689   0.0002123793
       -0.0003491631   0.0001947034  -0.0015423675   0.0041727711  -0.0003779720
        0.0015805647  -0.0011369597  -0.0005416968  -0.0000398067  -0.0000726918
       -0.0000725562   0.0004935115   0.0009192713   0.0001327244  -0.0012554524
       -0.0000751836  -0.0004202790   0.0000118758  -0.0000011018   0.0000128608
       -0.0000104557   0.0000041306  -0.0000146580   0.0000162735  -0.0000192063
        0.0000239586  -0.0203124563   0.0324908527  -0.0031753706  -0.0608095334
        0.0616763060  -0.0134723940   0.0050705438  -0.0157859053   0.0023502077
        0.0011110818   0.0007454254  -0.0009660218   0.0788338497  -0.0814245558
        0.0140526067
        0.0000345473   0.0000072766  -0.0000118704  -0.0000254429   0.0000054676
        0.0000067612   0.0000064674  -0.0000039205   0.0000005288  -0.0000123601
        0.0000177853   0.0000106351  -0.0000516602  -0.0000064112   0.0000192179
       -0.0000045247  -0.0000080062  -0.0000119816  -0.0000147938   0.0000025991
       -0.0000072294  -0.0000834862  -0.0000318793   0.0000659215   0.0003133002
       -0.0004100959   0.0000665675  -0.0000072459   0.0000032047   0.0000047134
       -0.0000059263  -0.0000077345  -0.0000025537  -0.0000029971   0.0000096985
        0.0000014634  -0.0000048903  -0.0000058729   0.0000050152  -0.0000048895
        0.0000008285   0.0000003138  -0.0000021353   0.0000007888   0.0000019779
        0.0000010872  -0.0000004576  -0.0000146694   0.0000028684  -0.0000007380
        0.0000013632  -0.0000093225  -0.0000104376   0.0000083526  -0.0000018952
        0.0000002595   0.0000056878   0.0000011170  -0.0000027762  -0.0000009596
        0.0000044903  -0.0000088820  -0.0000031997   0.0000016312   0.0000045869
        0.0000058442   0.0000061607   0.0000009987   0.0000038236  -0.0000202432
        0.0000356130   0.0000046040   0.0000049290   0.0000178830  -0.0000321880
       -0.0000070608  -0.0000053944   0.0000258145   0.0000071924   0.0000085286
       -0.0000138709   0.0001545765   0.0008011837  -0.0003202271   0.0000042307
       -0.0000006456   0.0000014906   0.0000034545  -0.0000010046  -0.0000005950
        0.0000030756  -0.0000004879  -0.0000018927  -0.0000017670  -0.0000013538
       -0.0000005848   0.0000039529   0.0000000180  -0.0000017630  -0.0000019928
       -0.0000005172  -0.0000003063   0.0000037116  -0.0000007166  -0.0000022053
        0.0000003687  -0.0000017121   0.0000020642  -0.0000017196  -0.0000004411
       -0.0000013019   0.0000009874   0.0000007275  -0.0000020597  -0.0000029722
       -0.0000012652   0.0000033751   0.0000018163   0.0000033781  -0.0000056940
        0.0000059011   0.0000046002  -0.0000102498  -0.0000008977  -0.0000010416
        0.0000062446  -0.0000004527  -0.0000006315   0.0000046269  -0.0000526918
        0.0000664932  -0.0000669321  -0.0009866097   0.0017383795   0.0002174602
       -0.0002236866  -0.0005000782  -0.0001228570   0.0000336081   0.0000441002
        0.0000741670  -0.0001392905  -0.0001908004  -0.0001057216   0.0002861659
       -0.0000084554   0.0000379444   0.0000079011   0.0000036301  -0.0000016196
        0.0000127798   0.0000024433   0.0000237943  -0.0000135686   0.0000054331
       -0.0000073024   0.0100362299  -0.0069178394  -0.0010093793   0.0667710520
       -0.2546354852   0.0417803900   0.0038172199  -0.0237646991   0.0029482562
        0.0015782562  -0.0078144795   0.0039120404  -0.0814245558   0.2915583553
       -0.0474912450
       -0.0000347241  -0.0000130014   0.0000026730   0.0000265869  -0.0000098777
       -0.0000053563   0.0000028370   0.0000046226  -0.0000041314   0.0000005527
        0.0000034168  -0.0000014102   0.0000189568  -0.0000174664  -0.0000079592
       -0.0000035657   0.0000177595   0.0000133554  -0.0000057193   0.0000003429
        0.0000002220  -0.0000329900   0.0000618755   0.0000075660  -0.0003667556
        0.0001314094   0.0001568128  -0.0000000756   0.0000122965  -0.0000012663
       -0.0000008711   0.0000006575   0.0000018300   0.0000025485   0.0000098518
       -0.0000017570  -0.0000041058  -0.0000065919   0.0000002058   0.0000036080
       -0.0000015232   0.0000031576  -0.0000003508  -0.0000007090   0.0000000756
       -0.0000001840   0.0000016181   0.0000017862  -0.0000091493   0.0000000947
       -0.0000018823   0.0000047323   0.0000035190  -0.0000007306  -0.0000028921
       -0.0000017327  -0.0000008233  -0.0000028315   0.0000003865   0.0000014455
        0.0000011681  -0.0000065926  -0.0000009146  -0.0000022312  -0.0000075227
       -0.0000037620  -0.0000081726  -0.0000013500  -0.0000021637   0.0000196292
       -0.0000084521   0.0000105712   0.0000246769  -0.0000015353  -0.0000369418
       -0.0000322510   0.0000020513   0.0000218195  -0.0000429731   0.0000088709
        0.0000130057   0.0016755472   0.0002545737  -0.0000730940   0.0000010770
        0.0000001071  -0.0000011560   0.0000007541  -0.0000012452   0.0000014675
       -0.0000008634  -0.0000005189   0.0000008814   0.0000003737  -0.0000008427
        0.0000008506   0.0000017080   0.0000004268  -0.0000005586  -0.0000000834
       -0.0000002913  -0.0000015060  -0.0000011099   0.0000005134   0.0000003889
       -0.0000002658   0.0000018115  -0.0000011747   0.0000006202   0.0000000593
        0.0000002367   0.0000012444   0.0000001251   0.0000001192   0.0000041756
       -0.0000004137   0.0000005377   0.0000032265   0.0000001112   0.0000010254
       -0.0000051732  -0.0000027367   0.0000003668   0.0000038812   0.0000011994
       -0.0000008229   0.0000010311   0.0000008665  -0.0000008761  -0.0000281884
        0.0000396014  -0.0001124298   0.0010919014  -0.0013338842   0.0012748373
       -0.0008013055   0.0000654000  -0.0010795306  -0.0000043483   0.0000100628
       -0.0000016321  -0.0001150237  -0.0001175381   0.0000008110   0.0003250259
       -0.0000432012   0.0000985609  -0.0000072986  -0.0000008232  -0.0000020236
       -0.0000057946   0.0000018813  -0.0000139714   0.0000053401  -0.0000038630
       -0.0000044023   0.0042406977  -0.0088285852   0.0021870175  -0.0150880532
        0.0433794215  -0.0530527771   0.0037275410  -0.0166774986   0.0030551816
       -0.0086346973   0.0305641079  -0.0089328413   0.0140526067  -0.0474912450
        0.0564910863
