$hessian                                                                        
        0.4134873483  -0.1822164328   0.0419910366  -0.2263641838   0.0238922225
       -0.0047101195  -0.0523288839   0.0003311441  -0.0158198268   0.0027845640
        0.0011598080  -0.0057134212  -0.0029664675   0.0011934565  -0.0009979791
        0.0059696610   0.0014848902   0.0002102240  -0.0288473161   0.0283439179
        0.0126654032   0.0000672427  -0.0009871805   0.0004945597  -0.0010455728
        0.0000481987   0.0002148500  -0.1054458806   0.1136320843  -0.0233967118
        0.0153127104  -0.0027194857   0.0025382592  -0.0006118583  -0.0074870067
        0.0022573151   0.0002091600  -0.0006307270  -0.0003229865  -0.0001243313
       -0.0000903377   0.0001846175  -0.0000609239  -0.0000303031   0.0000471445
        0.0010364982   0.0004994463  -0.0000436390   0.0012948320   0.0008870581
       -0.0020956812  -0.0005023366   0.0035185546   0.0027653787  -0.0009210816
       -0.0006649840   0.0002387138   0.0018236844   0.0005941706   0.0015327772
       -0.0009320188   0.0000307978   0.0000332258  -0.0001332121  -0.0003616932
        0.0002930713   0.0004339719  -0.0024603127   0.0004669912   0.0000458386
       -0.0000331749  -0.0000630894  -0.0001332908   0.0000033153   0.0000874742
        0.0000727173   0.0002182370   0.0000380211   0.0001837937   0.0001685497
       -0.0003996202   0.0000268475   0.0001120492  -0.0000327790  -0.0134687255
        0.0346067777  -0.0072573253   0.0012265179   0.0009428723  -0.0008429552
       -0.0002092346  -0.0003977301  -0.0000469840  -0.0001871973  -0.0003389139
        0.0001225973   0.0003011711   0.0001149100   0.0000203141  -0.0000627450
       -0.0000515454  -0.0000910487  -0.0000064771  -0.0000596906   0.0000450205
       -0.0000060302   0.0000012548   0.0000196560  -0.0000258129   0.0000306659
        0.0000056488   0.0001005464   0.0000099074  -0.0000015217  -0.0009961627
       -0.0007397931   0.0037421957  -0.0003243894  -0.0001343570   0.0002539268
       -0.0090569438  -0.0122501615  -0.0082376007  -0.0002939026  -0.0001495863
        0.0000391540   0.0009132064   0.0004070953  -0.0002770703  -0.0000374357
       -0.0009757689   0.0004650308   0.0013553671   0.0001611317  -0.0002505778
       -0.0005970822   0.0000424605   0.0001853758   0.0002761258  -0.0000471105
        0.0001816750  -0.0005405204   0.0017633925  -0.0006149027  -0.0000665590
       -0.0008925722   0.0000448536  -0.0000289138   0.0000105292  -0.0000078600
        0.0000112141  -0.0000720547   0.0000386514  -0.0001019327   0.0000577667
       -0.0001138046  -0.0005121197  -0.0004214600   0.0001996751   0.0001486752
       -0.0000191108  -0.0000816298  -0.0001003008  -0.0000477382  -0.0000361151
       -0.0000595798  -0.0000343722   0.0000584390   0.0000177294   0.0000469388
       -0.0000260274
       -0.1822164328   0.6799279881  -0.0829060702   0.0503624939  -0.0716407023
       -0.0002770077  -0.0003105127   0.0086798082  -0.0006130289  -0.0001184931
        0.0043693331  -0.0045598363   0.0007923991   0.0008810066   0.0010618661
       -0.0011596004   0.0020936370  -0.0069918303   0.0309427367  -0.0162061318
       -0.0051324540  -0.0000758826  -0.0011181678   0.0008238375  -0.0003175498
       -0.0001487920   0.0001466667   0.1103586820  -0.5027237441   0.0794300477
       -0.0065426871  -0.0859393805   0.0215338765  -0.0100257221   0.0135415163
       -0.0015115305   0.0000336931  -0.0051978247   0.0018191458  -0.0008695671
        0.0001742668  -0.0016282810   0.0001525377  -0.0000326792   0.0005849226
        0.0010958319   0.0016226409  -0.0000021398   0.0007740681   0.0014662139
       -0.0026979821   0.0070157131   0.0043471373   0.0033010471  -0.0009209851
       -0.0012847257   0.0006273765  -0.0019420244  -0.0019220212   0.0014367792
       -0.0001869600  -0.0003160446   0.0004169134   0.0012111279   0.0000228584
       -0.0005578114  -0.0005577084  -0.0006310215   0.0027565380  -0.0000340532
       -0.0000320610  -0.0000319741   0.0002140299   0.0000547818   0.0000657154
        0.0000449340   0.0000361077   0.0000443571  -0.0000504537  -0.0001682149
       -0.0000099848   0.0001536047  -0.0000567279  -0.0000048873   0.0161042817
       -0.0166693412  -0.0007098999   0.0024572138   0.0017932893  -0.0003002207
       -0.0001653838   0.0006061622   0.0003766815  -0.0007081156  -0.0004822193
       -0.0001168231   0.0003901291   0.0000949432  -0.0001341430   0.0000242368
        0.0000585423   0.0000049947   0.0000308987  -0.0000370894   0.0000168159
       -0.0001142485  -0.0002413575   0.0002596157  -0.0000115165   0.0000363643
       -0.0000700149   0.0000469636   0.0000277723  -0.0001006999  -0.0005478850
       -0.0009583204   0.0042837126  -0.0000545662  -0.0001653566   0.0004906446
       -0.0151895056  -0.0134745547  -0.0102615189  -0.0004531591  -0.0005304031
       -0.0003042655   0.0007151186   0.0000204170  -0.0003350802  -0.0002697543
        0.0008228892  -0.0001468080   0.0003109556  -0.0006407677  -0.0000327052
       -0.0002463664   0.0004355676   0.0000309263  -0.0002066118   0.0001377873
        0.0000315351   0.0004755110  -0.0016664420  -0.0001935021  -0.0003404158
        0.0008910494   0.0004430705  -0.0000874921   0.0000860669   0.0000981446
        0.0000926649   0.0000788895  -0.0001948349  -0.0000110401  -0.0002383158
       -0.0002581937  -0.0000827544   0.0002151520  -0.0000075009   0.0000175771
        0.0000018068   0.0000036543   0.0000120138  -0.0000099030   0.0000051793
        0.0000067443  -0.0000108479  -0.0000032939  -0.0000187131   0.0000191625
        0.0000002585
        0.0419910366  -0.0829060702   0.1076026287  -0.0150917627  -0.0021823821
       -0.0595935239  -0.0239443991   0.0077039658   0.0006361695  -0.0032947028
       -0.0041335836  -0.0004236058   0.0011861046   0.0005562874   0.0003088770
       -0.0014908394  -0.0057188993  -0.0019434285   0.0235801965  -0.0120940466
       -0.0015510643  -0.0001079433   0.0005065472  -0.0002308351  -0.0000559439
        0.0001644837  -0.0000946574  -0.0189537884   0.0803868536  -0.0516602926
        0.0013330226   0.0187989746   0.0202019819   0.0013028243  -0.0004945877
        0.0033963575  -0.0002998127  -0.0004797280  -0.0043750465   0.0007404994
        0.0007551354   0.0001163423  -0.0000843199   0.0000735745  -0.0004214558
        0.0005793849   0.0002019369  -0.0007727982  -0.0000702061  -0.0000132126
       -0.0008628762   0.0030007931   0.0030191755  -0.0042868876  -0.0002836525
       -0.0000957279   0.0003496548  -0.0000829149   0.0017220482   0.0007116500
       -0.0012558262  -0.0001215914   0.0001469539   0.0011156321  -0.0001318575
       -0.0001063282   0.0007179769   0.0017725054   0.0003977304  -0.0000983707
        0.0000562786   0.0000641188  -0.0000294410  -0.0000325434  -0.0000242690
        0.0000392580   0.0000969861  -0.0000187371   0.0000037791   0.0000580964
       -0.0000627262  -0.0000513400   0.0000464118  -0.0000395429  -0.0029334848
        0.0003966826  -0.0082843721  -0.0008147025  -0.0006633693  -0.0013487931
        0.0002654066   0.0001797508   0.0010644387  -0.0003124277  -0.0005488990
        0.0002362469  -0.0001043068  -0.0000352783   0.0000481983  -0.0000065513
        0.0000409828   0.0000849141   0.0000273007  -0.0000130432   0.0000105564
        0.0000892408   0.0001166407  -0.0000624685   0.0000001434   0.0000117115
        0.0000126505  -0.0000091264  -0.0000083839   0.0000128858   0.0001501904
        0.0002510099   0.0010774670   0.0000587364  -0.0000608960   0.0001312503
       -0.0063260908  -0.0068319166   0.0000039065  -0.0000941531  -0.0000942019
        0.0001381424  -0.0003758635  -0.0000403358  -0.0008227978   0.0000712896
       -0.0004460189   0.0001592267   0.0002196052   0.0002033251  -0.0000847406
       -0.0000673032  -0.0000908488   0.0000756847   0.0002206643  -0.0000383381
        0.0001420384  -0.0003555902   0.0006485254  -0.0003519727   0.0001397692
       -0.0002646528   0.0001113532  -0.0000132621  -0.0000331570   0.0000132106
       -0.0000134926  -0.0000154545   0.0000513485  -0.0001262393  -0.0000256994
        0.0000285847  -0.0000764162  -0.0001347962   0.0001009396   0.0000156411
       -0.0000126998  -0.0000312967  -0.0000210452   0.0000000067   0.0000008323
       -0.0000112857  -0.0000095261   0.0000238128   0.0000081089   0.0000038493
       -0.0000056365
       -0.2263641838   0.0503624939  -0.0150917627   0.5848339427  -0.0966586247
        0.0736770592  -0.1520160706  -0.0522324860  -0.1235748094  -0.0527407806
        0.0014410969  -0.0137240230   0.0046684733  -0.0081651758  -0.0085493386
       -0.0189615861   0.0221369221   0.0237947789  -0.1010557484   0.0564533293
        0.0682872708  -0.0008718925   0.0003770799  -0.0002710470   0.0005896712
        0.0001955354  -0.0002004880  -0.0322182808   0.0396090770   0.0009530032
       -0.0012061010  -0.0111353240   0.0003377595  -0.0015413242   0.0033264648
       -0.0008665189   0.0001769622  -0.0006528464   0.0006433867  -0.0001978417
       -0.0000721140  -0.0003173968   0.0000944460   0.0000170262   0.0001015934
       -0.0010718497   0.0001646945   0.0010390987  -0.0006798520  -0.0000801328
        0.0011614648  -0.0039997307  -0.0031680432  -0.0022623984   0.0005751673
       -0.0001101095  -0.0006164354   0.0041874529   0.0008205809   0.0076483936
       -0.0050227468   0.0021094074  -0.0001652299  -0.0054043099   0.0028161719
       -0.0004076583   0.0059165115  -0.0104647060  -0.0138947701   0.0002131831
       -0.0000758907  -0.0000595273   0.0003198417  -0.0000384505   0.0001435412
       -0.0000621577   0.0000020446  -0.0000543368  -0.0003490462  -0.0000980615
        0.0003638651  -0.0000441249  -0.0000938860   0.0000164215  -0.0002367604
        0.0024868905   0.0013720880   0.0006397476  -0.0013944119   0.0005376095
        0.0000381380   0.0001183287   0.0003373519  -0.0000524520  -0.0000119855
       -0.0000992518  -0.0001473692  -0.0000689498  -0.0000664809   0.0000905414
        0.0000931887   0.0000695325   0.0000356399   0.0000498758  -0.0000497036
       -0.0000239852  -0.0000524218   0.0000805173   0.0000313269  -0.0000264035
       -0.0000398454  -0.0001018539   0.0000091628  -0.0000185167   0.0004187321
       -0.0001223461  -0.0021066425   0.0002629386   0.0001945601   0.0000737891
        0.0011533468   0.0020899248   0.0023312443   0.0001516464   0.0000965978
       -0.0004102664  -0.0006748686  -0.0004956449  -0.0001443882   0.0002594452
        0.0009673279  -0.0004826446  -0.0009502906  -0.0001001934   0.0001791869
        0.0004518252  -0.0000560587  -0.0001121471  -0.0002351449   0.0000638737
       -0.0001317878   0.0002961719  -0.0017564791   0.0005370607   0.0001270154
        0.0008694857  -0.0000138689   0.0000174753   0.0000051812   0.0000320596
        0.0000592900   0.0001069634  -0.0000733621   0.0002228718  -0.0002188672
        0.0001710911   0.0003794013   0.0003213745  -0.0001155179  -0.0000866093
        0.0000185918   0.0000370426   0.0000680654   0.0000375988   0.0000298531
        0.0000394359   0.0000229812  -0.0000503927  -0.0000017451  -0.0000342194
        0.0000144940
        0.0238922225  -0.0716407023  -0.0021823821  -0.0966586247   0.3597280659
        0.2212724175  -0.0166920520  -0.0864533030  -0.0648587240  -0.0322895099
        0.0200073793   0.0203279946  -0.0082523783  -0.0241908662  -0.0278984485
        0.0545771592  -0.0091437250   0.0072928649   0.0263556794  -0.1557158418
       -0.1264063441  -0.0001057706   0.0000502065  -0.0002041666  -0.0006288198
        0.0003057680  -0.0000131210   0.0454394106  -0.0277256886   0.0015611063
        0.0030852563   0.0019672507  -0.0016404904   0.0009980410  -0.0016027043
        0.0002009652  -0.0000518045   0.0006346720  -0.0001448485   0.0001223632
        0.0000064532   0.0001700357  -0.0000428810   0.0000006535  -0.0000666464
        0.0002872705  -0.0003214064  -0.0005349127   0.0001012771  -0.0001018426
       -0.0002583998   0.0017785393   0.0043039127   0.0018049927  -0.0000906695
        0.0001845173   0.0002026957  -0.0093971727  -0.0071450842  -0.0144591698
        0.0028125730   0.0051657657  -0.0027816249   0.0017676377   0.0059337049
       -0.0036796898   0.0028021183  -0.0062503801  -0.0112805757  -0.0000543579
        0.0001242337   0.0000582238  -0.0001933234  -0.0000418727   0.0001182268
       -0.0000035878   0.0001557237   0.0000582656  -0.0000131169  -0.0001738903
       -0.0000104269  -0.0000527103   0.0000628485  -0.0000209082   0.0017532822
       -0.0037996429   0.0031650274   0.0004868896  -0.0018203154   0.0011758903
       -0.0001138067  -0.0001219873  -0.0002680804   0.0000692527   0.0001284984
        0.0000237126  -0.0000422293  -0.0000043854   0.0000309312  -0.0000356975
       -0.0000338802   0.0000055781  -0.0000241717   0.0000020090   0.0000062891
        0.0000200512   0.0000472049  -0.0000555575  -0.0000073380   0.0000225912
        0.0000225402   0.0000239850  -0.0000098780   0.0000170540  -0.0001375708
        0.0001113811   0.0004848410  -0.0000677054  -0.0000335751  -0.0000331316
       -0.0018657854  -0.0027869090  -0.0014944929   0.0000158037  -0.0000352101
        0.0002655308   0.0002224965   0.0001817092  -0.0001490410   0.0003298533
       -0.0002844607   0.0001936515   0.0003078504   0.0001350121   0.0000038426
       -0.0001332048  -0.0000673743   0.0000631514   0.0001460663  -0.0000768388
        0.0000159200  -0.0003013654   0.0008874083  -0.0000943267   0.0001169857
       -0.0004090799  -0.0001140911   0.0000302754  -0.0000083030  -0.0000360027
       -0.0000304295  -0.0000711416   0.0000641344  -0.0000777665   0.0001580209
        0.0000385678  -0.0001576845  -0.0001969829   0.0000845040   0.0000242757
       -0.0000213675  -0.0000388874  -0.0000323491  -0.0000118380  -0.0000136442
       -0.0000209723  -0.0000110529   0.0000244358   0.0000082403   0.0000065402
       -0.0000152561
       -0.0047101195  -0.0002770077  -0.0595935239   0.0736770592   0.2212724175
        0.4591675076  -0.0702440163  -0.0760461220  -0.1893445134  -0.0589220775
        0.0281595633   0.0200623003  -0.0080057377  -0.0273202916  -0.0454779615
        0.0699101299  -0.0045208643   0.0147668855   0.0144753113  -0.1127243438
       -0.1803168516  -0.0003135036  -0.0000955571  -0.0000634777  -0.0004432171
        0.0001887071   0.0000061121  -0.0066041904   0.0009277139   0.0002937549
       -0.0006597305  -0.0011017520  -0.0084299816  -0.0000470855  -0.0000029322
        0.0000702325   0.0000910404   0.0002275873   0.0012131014  -0.0001740740
       -0.0002006964   0.0000140571   0.0000276768  -0.0000195914   0.0001015824
       -0.0002233124   0.0001548704   0.0005451498  -0.0000090939   0.0002214888
        0.0002479894  -0.0008244633  -0.0005199853   0.0004253156  -0.0000180935
       -0.0002731263  -0.0003428469  -0.0130724333  -0.0119129258  -0.0169161161
       -0.0000746865  -0.0039092704   0.0039741892  -0.0002433665  -0.0023434738
        0.0031488126   0.0051042129  -0.0133829050  -0.0171360940  -0.0000384936
        0.0001308445   0.0001179692  -0.0000623812   0.0000082063   0.0002448543
        0.0000212841   0.0001732216   0.0000044576  -0.0000443793  -0.0003016743
        0.0002524642   0.0000281479  -0.0000123884  -0.0000097529   0.0006539954
        0.0029927538   0.0135739430   0.0001458415   0.0000102876   0.0004845981
       -0.0001398671  -0.0000656402  -0.0005695054   0.0000466324   0.0001442270
       -0.0000698017   0.0000232945  -0.0000136812  -0.0000085700   0.0000153797
       -0.0000089574  -0.0000468868  -0.0000074837   0.0000116099  -0.0000082933
       -0.0000237477  -0.0000325205   0.0000316271  -0.0000007140  -0.0000091199
       -0.0000078467  -0.0000017505   0.0000047920  -0.0000054781   0.0000301750
       -0.0002314237  -0.0003714559   0.0000278299   0.0000351652   0.0000555260
        0.0002568014   0.0004774761  -0.0000698036   0.0001155109  -0.0000304055
       -0.0001724128  -0.0000859524  -0.0001561210   0.0001128290   0.0002956746
        0.0004969772  -0.0001131939  -0.0000523174  -0.0002104825   0.0000756212
       -0.0000433842   0.0001623262   0.0000034446  -0.0001216727   0.0000089258
       -0.0000494102   0.0002288766  -0.0004720549   0.0002374193  -0.0000652402
        0.0002431899  -0.0000059659  -0.0000064370   0.0000068589   0.0000170838
       -0.0000118069   0.0000210017  -0.0000239055   0.0000886697   0.0000365190
       -0.0000788039   0.0000251733   0.0000812438  -0.0000014691  -0.0000020858
       -0.0000007782  -0.0000100722   0.0000105262   0.0000049562   0.0000025159
        0.0000040656  -0.0000000962  -0.0000051875  -0.0000063940  -0.0000067420
       -0.0000021615
       -0.0523288839  -0.0003105127  -0.0239443991  -0.1520160706  -0.0166920520
       -0.0702440163   0.6501743007  -0.0954895046   0.0400475996  -0.3317358477
        0.0367904896  -0.0220498934  -0.0177580043   0.0555969675   0.0724156921
       -0.0542130769  -0.0068181664  -0.0219928283   0.0500532004  -0.0298723410
       -0.0328204387   0.0017746527   0.0024369838   0.0003277560   0.0006472539
       -0.0007639656   0.0000965398   0.0011933681  -0.0084041075  -0.0013737942
        0.0006747712   0.0019547694  -0.0019593489   0.0001831437  -0.0010423236
        0.0001986653   0.0000388288   0.0001606577   0.0000077198   0.0000158184
       -0.0000246204   0.0001009231  -0.0000029931  -0.0000025658  -0.0000176646
        0.0000839530  -0.0001114042  -0.0000017940   0.0002528453  -0.0000340264
       -0.0001141562   0.0005867719   0.0016071899   0.0007935495  -0.0001509267
        0.0000569777  -0.0000229323  -0.0732670196   0.0555194717   0.0615479507
       -0.0224620050   0.0047744790  -0.0027174596  -0.0004981482  -0.0014165395
        0.0002953504  -0.0001586045   0.0018379002   0.0013602522  -0.0004539720
       -0.0002319579   0.0001342049  -0.0001013918  -0.0001784484  -0.0003470476
       -0.0001970252  -0.0002695458  -0.0001080282   0.0000739059   0.0002876501
       -0.0002207266   0.0000168481  -0.0000243809   0.0000148223   0.0003039937
        0.0006150485   0.0016521834   0.0000845118   0.0012651876  -0.0005078814
        0.0000001708   0.0000070744   0.0000773145   0.0000128182   0.0000338011
        0.0000033391   0.0000119873  -0.0000081672  -0.0000229778   0.0000026531
        0.0000024541  -0.0000022156   0.0000048462   0.0000045415  -0.0000060093
        0.0000010599   0.0000115407   0.0000020118   0.0000013919  -0.0000031754
       -0.0000002430   0.0000038438   0.0000020316   0.0000011931  -0.0001914542
        0.0000333276   0.0002761328  -0.0000774027  -0.0000205690  -0.0000445106
       -0.0004519452  -0.0010224737  -0.0006006671   0.0000677527  -0.0000917383
        0.0000829602   0.0002251417   0.0001034661  -0.0000800775  -0.0004037195
       -0.0003998770   0.0000066633  -0.0002606621   0.0003877023  -0.0000735646
        0.0001872360  -0.0003158340  -0.0000671557  -0.0000012908  -0.0000197768
       -0.0000094867  -0.0000907358   0.0003379235   0.0002895052  -0.0000050666
       -0.0002644531  -0.0002889440  -0.0000002419   0.0000123016  -0.0000278119
       -0.0000007906  -0.0000113812   0.0000001867   0.0000005356   0.0000217029
        0.0000135904   0.0001060538  -0.0000247669  -0.0000934131   0.0000199408
        0.0000117526   0.0000151407   0.0000127957  -0.0000044479  -0.0000105109
        0.0000023678   0.0000081548   0.0000093422   0.0000085161  -0.0000084246
       -0.0000005922
        0.0003311441   0.0086798082   0.0077039658  -0.0522324860  -0.0864533030
       -0.0760461220  -0.0954895046   0.2974564352   0.2426956987   0.0858751710
       -0.0751431009  -0.0219113184   0.0197574774  -0.0050567544  -0.0034323906
       -0.0051983285  -0.0019093465   0.0012330581  -0.0025530376  -0.0152657150
       -0.0253163932   0.0008248590   0.0026338916  -0.0047966635   0.0009879097
       -0.0000110965  -0.0001485917   0.0017427717  -0.0038119467  -0.0001435344
        0.0010784124  -0.0006158408   0.0009168381   0.0003356917   0.0003372838
       -0.0000522585   0.0000506364  -0.0000983979   0.0003353903  -0.0001578269
       -0.0000405556  -0.0001508959   0.0000343390  -0.0000029824   0.0000770591
       -0.0001176750   0.0003047074   0.0003519317  -0.0000364295   0.0001564161
        0.0000352289  -0.0006619565  -0.0006985403  -0.0001624377   0.0000256482
       -0.0002309977  -0.0001027061   0.0533511083  -0.1235597253  -0.1148034642
       -0.0108007052   0.0021502163   0.0000215345  -0.0002711283   0.0001099017
        0.0005425235   0.0021579090   0.0018336485  -0.0059860054   0.0004937323
        0.0000643940  -0.0001248284  -0.0006237024  -0.0001301345  -0.0001713874
        0.0001241571   0.0000132266  -0.0000853264   0.0000602392  -0.0000885450
       -0.0000067459   0.0000736913  -0.0000101533  -0.0000158690   0.0000162454
       -0.0002473325  -0.0007719454   0.0004712798  -0.0008277080   0.0006588479
        0.0000862641  -0.0002379217  -0.0003010805  -0.0000458734  -0.0000765067
       -0.0000256725  -0.0000199675   0.0000103456   0.0000112581   0.0000193873
        0.0000129901  -0.0000233462   0.0000106646   0.0000061207  -0.0000105661
       -0.0000213685  -0.0000508347   0.0000431164   0.0000017893  -0.0000213665
       -0.0000153448  -0.0000124836   0.0000057527  -0.0000122508   0.0000511846
       -0.0001093085  -0.0001074394   0.0000448990   0.0000311692   0.0000518903
        0.0003713839   0.0005487587   0.0001943752  -0.0000170595  -0.0000032599
       -0.0001973865  -0.0000105345  -0.0000480815   0.0001066137  -0.0002249812
        0.0001624130   0.0000493997   0.0000212774   0.0000264072  -0.0000526019
       -0.0001126377   0.0001526196   0.0000200442  -0.0000763524   0.0000277334
       -0.0000114630   0.0003349672  -0.0004074492  -0.0001253043  -0.0001428428
        0.0002593472   0.0001629946  -0.0000239143   0.0000050800   0.0000308512
        0.0000090855   0.0000270952  -0.0000298833  -0.0000048026  -0.0000408719
       -0.0001060932   0.0001093450   0.0001522128  -0.0000168835  -0.0000112752
        0.0000229607   0.0000130034   0.0000184978   0.0000064571   0.0000053284
        0.0000138423  -0.0000010398  -0.0000055772  -0.0000181376   0.0000014241
        0.0000088252
       -0.0158198268  -0.0006130289   0.0006361695  -0.1235748094  -0.0648587240
       -0.1893445134   0.0400475996   0.2426956987   0.4811190126   0.0370833095
       -0.0317778938  -0.0748837422   0.0249339180   0.0051763420   0.0112907682
       -0.0206349155   0.0016143591  -0.0079827042   0.0095332921  -0.0307636555
       -0.0403652399   0.0019852035  -0.0054418646  -0.0013193631  -0.0008437346
       -0.0002584486   0.0002317978   0.0030892496  -0.0008697784   0.0001371188
       -0.0001843555   0.0005961217  -0.0004567427  -0.0000718906  -0.0004840150
        0.0000967960   0.0000612374   0.0001499234  -0.0001838886   0.0000352142
        0.0000545552   0.0000527610  -0.0000115120   0.0000128473  -0.0000560787
        0.0002288459  -0.0001134041   0.0001949032   0.0002112291   0.0000445510
       -0.0001433672   0.0003180768   0.0007746286   0.0003680980  -0.0002191838
       -0.0000255394  -0.0000726220   0.0634231646  -0.1134706018  -0.1789391251
       -0.0206203016   0.0031638203  -0.0000319835  -0.0003248201   0.0001090762
        0.0006317206   0.0005511459  -0.0060776439   0.0000271632   0.0012968944
       -0.0001961221  -0.0003086917   0.0001341625  -0.0000178720  -0.0000737281
        0.0000193082   0.0000991723  -0.0000997950   0.0001342736   0.0000823318
       -0.0001462805   0.0000046900   0.0000722919  -0.0000066688   0.0003276355
       -0.0005564073  -0.0004055387  -0.0006158977   0.0017145980  -0.0003409517
        0.0000335197   0.0001135703   0.0002373986   0.0000389323  -0.0000465251
       -0.0000042110  -0.0000607921  -0.0000003685   0.0000624961  -0.0000092241
       -0.0000017450  -0.0000320085   0.0000189560  -0.0000010956  -0.0000173114
        0.0000067058   0.0000151213  -0.0000252696   0.0000044459  -0.0000277888
       -0.0000032505   0.0000015211   0.0000075558   0.0000106709  -0.0001169229
       -0.0000038502   0.0002700379  -0.0000338775   0.0000001751   0.0000108027
       -0.0002096352  -0.0006003847  -0.0003180198  -0.0000120649   0.0000006469
        0.0000325107   0.0001392633   0.0001290107   0.0000047088  -0.0002070789
       -0.0004928101   0.0002027069   0.0003932448  -0.0001198552  -0.0001008654
       -0.0001317657   0.0000333689   0.0000415171   0.0000700453  -0.0000489492
        0.0000908403  -0.0000248018   0.0008204541  -0.0000559935  -0.0000519475
       -0.0004029938  -0.0001213535  -0.0000133158  -0.0000142222   0.0000001595
       -0.0000119151  -0.0000234686   0.0000362682  -0.0000757861   0.0000293340
       -0.0000660415  -0.0002221337  -0.0001372115   0.0000908742   0.0000159177
       -0.0000397510   0.0000011594  -0.0000291294  -0.0000165717  -0.0000069805
       -0.0000155259  -0.0000151019   0.0000352033   0.0000061619   0.0000081380
       -0.0000013335
        0.0027845640  -0.0001184931  -0.0032947028  -0.0527407806  -0.0322895099
       -0.0589220775  -0.3317358477   0.0858751710   0.0370833095   0.6661285180
       -0.0591392208   0.0469261359  -0.1163231270   0.0220437237   0.0269877797
        0.0516616719  -0.0023094925   0.0099494304  -0.0352937135   0.0211934743
        0.0227676205  -0.0190994811   0.0165153554   0.0232987365  -0.0012361489
        0.0022518725   0.0007165701  -0.0019709767   0.0008953807   0.0003194414
       -0.0000846131  -0.0009471222   0.0001491679   0.0001555884   0.0004019158
       -0.0001002745  -0.0000104865  -0.0000508554   0.0002057571  -0.0000418636
       -0.0000428727  -0.0000351332   0.0000122122  -0.0000032845   0.0000229356
       -0.0000144352   0.0001407482   0.0000119751  -0.0001433892   0.0000330908
        0.0000763919  -0.0004418364  -0.0005355841  -0.0004695934   0.0000896020
       -0.0000235160   0.0000693795  -0.0125637623   0.0031011846   0.0032297446
       -0.1429724283  -0.0592900668  -0.1091583183  -0.0017513969  -0.0009314827
       -0.0037866820   0.0003656182   0.0013505401   0.0000098886  -0.0059502806
        0.0005453162   0.0017620311   0.0006832274   0.0005603221   0.0013823424
       -0.0002684170   0.0000437557   0.0003073214  -0.0001539230  -0.0002463977
        0.0001727497  -0.0000438775   0.0000623977   0.0000648389   0.0001021882
        0.0002923313   0.0006547769   0.0000418939   0.0004412642  -0.0004119694
        0.0001182141  -0.0002139352  -0.0002063155   0.0000097079   0.0000068051
       -0.0000167917   0.0000479868   0.0000252258  -0.0000000166  -0.0000019298
       -0.0000029061  -0.0000123252   0.0000172577  -0.0000103439   0.0000001396
       -0.0000094813  -0.0000311890   0.0000058477   0.0000052902  -0.0000171739
       -0.0000083111  -0.0000011336   0.0000006374  -0.0000040428   0.0001320551
        0.0000677351  -0.0001813598   0.0000718288  -0.0000307088   0.0000128063
        0.0002837874   0.0003166338   0.0003583099  -0.0000942585   0.0000647740
       -0.0000625110  -0.0001654875   0.0000420627   0.0001288035   0.0006755299
        0.0002511367  -0.0002394670   0.0004162697  -0.0000406538   0.0000844029
       -0.0002921904  -0.0000597687   0.0000686436   0.0000190345   0.0000049710
        0.0000333075   0.0001422780   0.0000782575   0.0000404234  -0.0001166494
        0.0000715382  -0.0000418318  -0.0000368362  -0.0000020858   0.0000214642
        0.0000036117   0.0000082491  -0.0000135251  -0.0000500766  -0.0000376268
       -0.0000680519  -0.0003325775  -0.0002029171   0.0000583920  -0.0000143512
       -0.0000918154   0.0000201521  -0.0000349097  -0.0000224616   0.0000081480
       -0.0000101401  -0.0000122483   0.0000201763   0.0000328707   0.0000178624
        0.0000039590
        0.0011598080   0.0043693331  -0.0041335836   0.0014410969   0.0200073793
        0.0281595633   0.0367904896  -0.0751431009  -0.0317778938  -0.0591392208
        0.2853622587   0.2415614650   0.0676628450  -0.1263057643  -0.1065401338
       -0.0348945972  -0.0169486664  -0.0343424077   0.0240172319  -0.0153999927
       -0.0115976433   0.0066018511  -0.0026015795  -0.0042976537  -0.0011304357
       -0.0011525497   0.0004930383  -0.0013134406  -0.0002343183  -0.0005718301
       -0.0001972952   0.0000590113  -0.0004590349   0.0000606124  -0.0001213888
        0.0000041165  -0.0000377436  -0.0000192791   0.0000304690  -0.0000066263
        0.0000076689   0.0000150171  -0.0000079193   0.0000008091   0.0000065884
        0.0000697793  -0.0000033087   0.0000893671   0.0000767527   0.0000078444
        0.0000426813  -0.0001815292  -0.0002252249  -0.0000372802  -0.0000408066
       -0.0000201975  -0.0000530108   0.0180806459  -0.0048090870  -0.0023353112
       -0.0573605900  -0.0703465570  -0.0698620856  -0.0010800619   0.0033671613
       -0.0047961832   0.0002299116  -0.0005428897   0.0004532803   0.0010069907
        0.0003472825  -0.0008704652  -0.0010503337   0.0002936722  -0.0001740334
       -0.0001924325  -0.0000216936   0.0004821012   0.0000110295  -0.0001362013
       -0.0003650907   0.0000485510   0.0000050757   0.0000482629  -0.0000272572
        0.0003086530   0.0005147415   0.0001480290  -0.0001228674   0.0001288777
       -0.0000072288   0.0000103775   0.0000563973   0.0000033436  -0.0000085895
       -0.0000044727   0.0000176092   0.0000239682   0.0000015643  -0.0000116127
       -0.0000083855  -0.0000140768   0.0000006824  -0.0000064234   0.0000076257
        0.0000003788   0.0000072352   0.0000018504  -0.0000007246   0.0000007065
       -0.0000018709   0.0000082592   0.0000098900   0.0000027053  -0.0000440700
       -0.0000336959  -0.0000114212  -0.0000240891   0.0000084016  -0.0000135257
        0.0001327872   0.0001494648   0.0000314836   0.0000124406  -0.0000207837
       -0.0000094841   0.0000280405  -0.0000331144  -0.0000209040  -0.0008033363
       -0.0003901607   0.0003434128   0.0004214740   0.0001791956   0.0002609022
       -0.0002696218   0.0000336986  -0.0000408984   0.0000086226  -0.0000360486
        0.0000190337   0.0000137549   0.0006531574  -0.0001409444  -0.0000671549
       -0.0003267861  -0.0001232461  -0.0000004301  -0.0000128393  -0.0000077184
        0.0000034500  -0.0000166034   0.0000221684  -0.0000348839   0.0000097659
       -0.0000635807  -0.0001105987  -0.0001652087  -0.0000933401   0.0000339504
        0.0000028858  -0.0000040791  -0.0000352267  -0.0000222368  -0.0000108458
       -0.0000194157   0.0000019097  -0.0000062654  -0.0000017347   0.0000087364
        0.0000036018
       -0.0057134212  -0.0045598363  -0.0004236058  -0.0137240230   0.0203279946
        0.0200623003  -0.0220498934  -0.0219113184  -0.0748837422   0.0469261359
        0.2415614650   0.4913427678   0.0860687645  -0.1159610011  -0.2108013867
       -0.0336507382  -0.0251559473  -0.0427941604   0.0243097910  -0.0090460348
       -0.0128925005   0.0091588118  -0.0030967669  -0.0051395793   0.0003145888
       -0.0013026287   0.0003269156   0.0009616408  -0.0001756521  -0.0002130130
        0.0001000497  -0.0000450508  -0.0006966654   0.0000497413   0.0001380728
       -0.0001230706  -0.0000375042  -0.0001159706   0.0001436913  -0.0000423553
       -0.0000052571  -0.0000090917   0.0000034875  -0.0000045701   0.0000302495
        0.0000291890  -0.0000216389   0.0001186404   0.0000783254  -0.0000256333
        0.0000898894  -0.0000893994   0.0001687902   0.0000617724  -0.0000163708
        0.0000099409  -0.0000586680   0.0213790614  -0.0062344455  -0.0023882817
       -0.1099475214  -0.0680862435  -0.1628059971  -0.0031760119  -0.0055501623
        0.0003908124   0.0003919469  -0.0000576766   0.0004465468   0.0004904144
       -0.0004058735   0.0003385611  -0.0010759265   0.0001481754   0.0003110770
       -0.0001092813  -0.0005224517   0.0003517061   0.0001907720   0.0001623475
       -0.0005855542   0.0000409865  -0.0000522854   0.0001133419   0.0001044875
       -0.0000499694   0.0002014176  -0.0002192946   0.0003510756   0.0000244543
       -0.0000559509   0.0000000092   0.0000250817  -0.0000084705  -0.0000216412
       -0.0000152222   0.0000047184   0.0000156493   0.0000152722  -0.0000099103
       -0.0000065669  -0.0000121182  -0.0000112264  -0.0000056213   0.0000009178
       -0.0000058330   0.0000006625  -0.0000008330  -0.0000007322  -0.0000016133
       -0.0000022480  -0.0000001192   0.0000101557   0.0000057652  -0.0000540205
       -0.0000022370  -0.0000441829  -0.0000285205   0.0000091627  -0.0000354001
        0.0000153922  -0.0001233319  -0.0000297587   0.0000197053  -0.0000112269
       -0.0000177146   0.0000088471  -0.0000088255  -0.0000250168  -0.0005467371
       -0.0005682684  -0.0000170089  -0.0000219969   0.0001562028   0.0001416090
        0.0000829271  -0.0001208276  -0.0000838128  -0.0000549395  -0.0000355413
       -0.0000045312   0.0001903485   0.0007708762   0.0001717898  -0.0001565351
       -0.0004116581  -0.0003689553  -0.0000024520  -0.0000185343  -0.0000197045
       -0.0000100861  -0.0000178938   0.0000184570  -0.0000466536   0.0000261443
       -0.0000824277  -0.0000252741  -0.0001300157  -0.0001715683  -0.0000044261
        0.0000133326   0.0000466081  -0.0000202228  -0.0000195597  -0.0000115886
       -0.0000058391   0.0000103492  -0.0000277056   0.0000015540   0.0000093709
        0.0000054693
       -0.0029664675   0.0007923991   0.0011861046   0.0046684733  -0.0082523783
       -0.0080057377  -0.0177580043   0.0197574774   0.0249339180  -0.1163231270
        0.0676628450   0.0860687645   0.6243032991   0.0018014168   0.0102259583
       -0.1828894618  -0.0779276741  -0.1266609808  -0.0517400995  -0.0012508301
       -0.0130253669  -0.2065296801   0.0130584722   0.0225800070  -0.0198843398
       -0.0161035669   0.0106418067   0.0008675941  -0.0009132912  -0.0003338695
        0.0000193883  -0.0000422324   0.0000071477   0.0002044047   0.0002023404
       -0.0000693548   0.0000130808  -0.0001277596   0.0001715114  -0.0000724917
       -0.0000091353  -0.0001054347   0.0000356913  -0.0000048213   0.0000596117
       -0.0000388515  -0.0000941391   0.0002522658   0.0000415800  -0.0000236769
        0.0001600085  -0.0003050169  -0.0001965601  -0.0001643155  -0.0000286632
       -0.0000081830  -0.0000675064  -0.0052316238   0.0024750858  -0.0001083133
        0.0053678823  -0.0098329486  -0.0148040740   0.0053764817   0.0045709997
        0.0050719894  -0.0050116423   0.0021634492  -0.0002908380  -0.0102778195
        0.0025578634   0.0049955851  -0.0210544862  -0.0008101699  -0.0016082110
        0.0004866813   0.0005016285  -0.0004951166   0.0012867100   0.0006242458
        0.0001563610   0.0000829036  -0.0002626600   0.0000322572   0.0001690890
       -0.0001690216  -0.0000667402  -0.0000387577   0.0003055735  -0.0000474286
        0.0000145214  -0.0000779930  -0.0000424944  -0.0000296918  -0.0000415249
       -0.0000209660   0.0000008730   0.0000287453  -0.0000360933   0.0000176921
        0.0000150804   0.0000076448  -0.0000147125  -0.0000060049   0.0000051088
       -0.0000113375  -0.0000310724   0.0000306305  -0.0000045148   0.0000059302
       -0.0000015328  -0.0000188609  -0.0000030551  -0.0000139734  -0.0000072002
        0.0000400452  -0.0001295222  -0.0000319217   0.0000043077  -0.0000281033
        0.0002885400   0.0001243166   0.0001766597   0.0000539953  -0.0000070024
       -0.0000655417  -0.0000823288   0.0000041280  -0.0000054396  -0.0022617685
        0.0018484303  -0.0011598321  -0.0021755777  -0.0023419826   0.0015718282
        0.0010433990   0.0003308139  -0.0005171184  -0.0005597288   0.0002178119
       -0.0003099623   0.0012512777  -0.0024828404  -0.0000863443  -0.0002578120
        0.0012568308   0.0004170773   0.0000300345   0.0000539628  -0.0000126599
       -0.0000826464   0.0000202932  -0.0000963038  -0.0000491760   0.0001523668
       -0.0001751206   0.0002727872   0.0004143563  -0.0001734864  -0.0003445295
       -0.0000395003   0.0000512568   0.0001126869   0.0000656980   0.0000423802
        0.0000848574   0.0000550884  -0.0001309318  -0.0000115841  -0.0000519784
        0.0000128312
        0.0011934565   0.0008810066   0.0005562874  -0.0081651758  -0.0241908662
       -0.0273202916   0.0555969675  -0.0050567544   0.0051763420   0.0220437237
       -0.1263057643  -0.1159610011   0.0018014168   0.3076097926   0.2317072009
       -0.0347550506  -0.1018765120  -0.0770524236  -0.0349758710   0.0175897499
        0.0176340155   0.0068421234  -0.0577498364  -0.0058796618  -0.0263609109
       -0.0020516238   0.0059376068  -0.0003917663  -0.0001330378  -0.0000332822
        0.0000703954  -0.0002498114  -0.0001393290   0.0000103552   0.0001599756
       -0.0000210435   0.0000428345  -0.0000155584   0.0001474442  -0.0000408746
       -0.0000363284  -0.0000351363   0.0000122437  -0.0000021004   0.0000253863
       -0.0001162911   0.0001205650   0.0000105925  -0.0001235011   0.0000130325
        0.0000513219  -0.0002443165  -0.0002987173  -0.0001823153   0.0001138124
       -0.0000512107   0.0000204620   0.0018880446   0.0054192185  -0.0027985513
        0.0020364818  -0.0077016947  -0.0097857659  -0.0097426046  -0.0071717612
       -0.0151603934   0.0024616742   0.0056587701  -0.0036981555   0.0198777224
       -0.0012028008  -0.0051256778   0.0039920916   0.0008291291  -0.0011936888
       -0.0009485615   0.0003019478  -0.0000868512  -0.0002857546  -0.0001674022
        0.0003088480  -0.0001455570   0.0001326807   0.0000318728  -0.0000537313
        0.0000416639   0.0001638187   0.0001958087  -0.0000539852   0.0000086420
       -0.0000056362  -0.0000489127  -0.0001222012  -0.0000152869   0.0000156542
       -0.0000060897   0.0000022876  -0.0000151359  -0.0000060349   0.0000104048
        0.0000081688   0.0000078809   0.0000014221   0.0000084983  -0.0000069482
       -0.0000096371  -0.0000162326   0.0000185925  -0.0000004224  -0.0000002508
       -0.0000038207  -0.0000078339  -0.0000053712  -0.0000030775   0.0000800239
        0.0000162896  -0.0001294605   0.0000504745   0.0000020494   0.0000195812
        0.0001924804   0.0002174378   0.0002078696  -0.0000033330   0.0000025720
       -0.0000455953  -0.0000487169  -0.0000124419   0.0000006192  -0.0000696206
        0.0004532499   0.0009321419  -0.0001386394  -0.0049837252   0.0017758715
        0.0004107054   0.0008040164  -0.0003956626  -0.0000249494   0.0001028331
       -0.0000236296  -0.0006280591  -0.0003098146   0.0001895708   0.0001735691
        0.0000862002  -0.0001730834  -0.0000153942   0.0000063591   0.0000029432
       -0.0000199035   0.0000238035  -0.0000392745   0.0000323039   0.0000014079
       -0.0000016889  -0.0014880217  -0.0003773911   0.0004584469  -0.0002611369
       -0.0003841508   0.0000120645  -0.0000784208  -0.0000196646   0.0000235380
       -0.0000293454  -0.0000080958   0.0000197243   0.0000615003  -0.0000091197
       -0.0000185499
       -0.0009979791   0.0010618661   0.0003088770  -0.0085493386  -0.0278984485
       -0.0454779615   0.0724156921  -0.0034323906   0.0112907682   0.0269877797
       -0.1065401338  -0.2108013867   0.0102259583   0.2317072009   0.4932024677
       -0.0634388387  -0.0863990620  -0.1712273560  -0.0611432835   0.0256758615
        0.0247160734   0.0206825352  -0.0074544509  -0.0667361201   0.0124696235
        0.0042056478  -0.0024693647  -0.0002193363  -0.0006697856   0.0001276080
        0.0000727685   0.0002000829   0.0000578645   0.0001748359   0.0000206518
        0.0000276264  -0.0000340280   0.0000226264   0.0000377988  -0.0000029110
       -0.0000078663   0.0000140317  -0.0000080473  -0.0000024307   0.0000027051
        0.0001180544   0.0000334411  -0.0001057451  -0.0000883567   0.0000367883
       -0.0000319422  -0.0000112148  -0.0001785859  -0.0001424665   0.0000259431
       -0.0000548544   0.0000980855  -0.0008300817  -0.0036195446   0.0038341538
        0.0042514292  -0.0154627976  -0.0167698416  -0.0120146585  -0.0099532397
       -0.0187849377   0.0005982891  -0.0025081558   0.0031564504   0.0203463496
       -0.0025680692  -0.0056042930  -0.0241544886   0.0002000966   0.0035367054
       -0.0007302147  -0.0005841027   0.0002046016   0.0007376362   0.0005908578
       -0.0013346918   0.0000555591  -0.0000075652  -0.0000415815  -0.0000062505
        0.0001222410   0.0001645517   0.0002768567  -0.0001111173   0.0000682752
        0.0000059002  -0.0001016867  -0.0001663248   0.0000047376   0.0000213166
        0.0000087593   0.0000325356   0.0000055446   0.0000119538  -0.0000113315
       -0.0000041868  -0.0000038391   0.0000015058  -0.0000044458   0.0000041573
       -0.0000009685   0.0000039918   0.0000029582  -0.0000003074   0.0000066397
        0.0000021707   0.0000125443   0.0000065253   0.0000009647   0.0000889640
        0.0000156588   0.0000125053   0.0000374356  -0.0000171990   0.0000415784
        0.0000713118   0.0001632184   0.0000600654  -0.0000268727  -0.0000142230
        0.0000327795  -0.0000600862  -0.0000041918  -0.0000015249   0.0014231208
        0.0009910858  -0.0007616369   0.0004866446   0.0021162386  -0.0003964976
       -0.0002477959  -0.0002282248   0.0001791347   0.0001122751  -0.0001246868
        0.0001033521   0.0003853326   0.0008740105  -0.0001659537  -0.0001431117
       -0.0004288515  -0.0001174714   0.0000138805  -0.0000206831  -0.0000164557
        0.0000023640  -0.0000373726   0.0000460676  -0.0000913014   0.0000106499
       -0.0000091580   0.0005724964   0.0001849560  -0.0001208163   0.0001273200
        0.0001501350  -0.0000600893   0.0000105152   0.0000105009  -0.0000129293
        0.0000096212  -0.0000048136   0.0000147698  -0.0000270127   0.0000053322
       -0.0000094758
        0.0059696610  -0.0011596004  -0.0014908394  -0.0189615861   0.0545771592
        0.0699101299  -0.0542130769  -0.0051983285  -0.0206349155   0.0516616719
       -0.0348945972  -0.0336507382  -0.1828894618  -0.0347550506  -0.0634388387
        0.6552175132  -0.0559919074   0.0298650272  -0.3286422799   0.0341375113
       -0.0226288841  -0.0278900684  -0.0100483222  -0.0190959791  -0.0001084727
        0.0007987076  -0.0004598234  -0.0015911382   0.0028847501   0.0004466149
       -0.0003275610  -0.0008183726   0.0000210373  -0.0003595526   0.0002681569
       -0.0000676229   0.0000455647  -0.0000295113  -0.0000667780  -0.0000028195
        0.0000192293   0.0000067795   0.0000079844   0.0000086176  -0.0000160563
        0.0001257138  -0.0001550431   0.0001926888   0.0000974314  -0.0000129402
        0.0000681847  -0.0001470008   0.0000648346   0.0000353644  -0.0001638967
       -0.0000634592  -0.0001126025  -0.0001858268   0.0004345534  -0.0010247457
        0.0000954022   0.0025067366   0.0012235951  -0.0714047814   0.0487525888
        0.0619828852  -0.0214550572   0.0014953534   0.0000113785   0.0010013613
       -0.0010783362  -0.0014467837  -0.0048057904  -0.0004462080  -0.0000057151
       -0.0000612090  -0.0002594778  -0.0000113363   0.0000143698   0.0000974064
        0.0002330605  -0.0000061268   0.0000422136   0.0000014248   0.0000124922
        0.0000508055  -0.0000707415  -0.0002719614   0.0000710015   0.0000367100
        0.0000338871   0.0001397749   0.0002294121   0.0000072651  -0.0000210110
       -0.0000107442  -0.0000332715  -0.0000020402  -0.0000025349   0.0000087713
        0.0000168517  -0.0000037897   0.0000184731   0.0000085440  -0.0000114080
        0.0000018809   0.0000044195   0.0000074727   0.0000070724  -0.0000097360
       -0.0000058856  -0.0000008378   0.0000062642   0.0000006120  -0.0000507772
        0.0000169226  -0.0000867530  -0.0000027751   0.0000219303   0.0000363760
        0.0001638197  -0.0000698834   0.0000438611   0.0001014826  -0.0000901430
        0.0000319659   0.0000160254  -0.0000012786  -0.0001026677  -0.0010462407
       -0.0008297309  -0.0000441583   0.0000959100  -0.0001753611   0.0000194695
        0.0001561070  -0.0001715883  -0.0000269901  -0.0000329014  -0.0000110312
       -0.0000001353  -0.0000385301   0.0000186995   0.0002495335   0.0000521784
       -0.0000731935  -0.0001468507  -0.0000216937   0.0000019524   0.0000161443
       -0.0000186984   0.0000093767   0.0000015835  -0.0000016867   0.0000705571
       -0.0000710336  -0.0002006718  -0.0000632120   0.0000550584   0.0000163752
       -0.0000638019  -0.0000077957  -0.0000125832  -0.0000153415  -0.0000035524
       -0.0000049821  -0.0000112065   0.0000331251   0.0000249030  -0.0000052049
       -0.0000127952
        0.0014848902   0.0020936370  -0.0057188993   0.0221369221  -0.0091437250
       -0.0045208643  -0.0068181664  -0.0019093465   0.0016143591  -0.0023094925
       -0.0169486664  -0.0251559473  -0.0779276741  -0.1018765120  -0.0863990620
       -0.0559919074   0.3161336351   0.2570707858   0.0758095175  -0.0694157465
       -0.0190629002  -0.0005938406   0.0018714660   0.0002149930   0.0008394175
       -0.0001966748   0.0008378252  -0.0000222477  -0.0000221775  -0.0000651134
       -0.0000991006   0.0001312362  -0.0005304514  -0.0000491229  -0.0000633511
        0.0000333988   0.0000196557   0.0000691139   0.0000191944   0.0000088466
       -0.0000096939   0.0000263787  -0.0000036309  -0.0000011903  -0.0000061669
        0.0000769800   0.0000378766  -0.0003016595  -0.0001100540   0.0000372638
       -0.0001442082   0.0001791408  -0.0001077959  -0.0000503647   0.0000141664
       -0.0000417515   0.0001770935  -0.0001647634   0.0002652829   0.0005120473
        0.0018222351   0.0033042074  -0.0060415600   0.0500634333  -0.1271204492
       -0.1142277247  -0.0099220331   0.0023671285   0.0000030224   0.0010258434
        0.0002886657   0.0006144409   0.0016777972   0.0001270035   0.0001972912
       -0.0000719876  -0.0001575497  -0.0002081497   0.0001071695   0.0008261417
        0.0001225149   0.0000179809  -0.0000157453   0.0000315691  -0.0000183763
        0.0002169073   0.0008891593   0.0000741443  -0.0001591649   0.0000018281
       -0.0000053251   0.0000265294  -0.0000241860   0.0000060339   0.0000245115
       -0.0000003844   0.0000019738  -0.0000178799   0.0000023858  -0.0000022638
       -0.0000098468  -0.0000004753   0.0000011851   0.0000018703  -0.0000039985
       -0.0000001668   0.0000020907  -0.0000104972   0.0000016315  -0.0000057954
       -0.0000009311   0.0000030798  -0.0000050781   0.0000048120   0.0001135556
       -0.0000085352   0.0000554771   0.0000144448  -0.0000065979   0.0000877527
       -0.0000732360   0.0000860502  -0.0000387967  -0.0000463575   0.0000424501
        0.0000408765  -0.0000635932   0.0000211304   0.0000850072  -0.0009288776
       -0.0009847903   0.0001463461  -0.0001766357   0.0002578091   0.0000792349
        0.0000611595  -0.0001082285  -0.0000993265  -0.0000271661   0.0000218931
       -0.0000340994  -0.0001861104   0.0003554801   0.0000750888  -0.0000612328
       -0.0003632278  -0.0002636736   0.0000314253   0.0000508904  -0.0000661971
        0.0000156238  -0.0000463561  -0.0000146687  -0.0000319092   0.0000184918
        0.0001001350   0.0000760271   0.0000483589  -0.0000769527  -0.0000093144
        0.0000122521   0.0000225512   0.0000121568  -0.0000024281  -0.0000018346
        0.0000129154   0.0000120506  -0.0000090127   0.0000052331  -0.0000031197
        0.0000125373
        0.0002102240  -0.0069918303  -0.0019434285   0.0237947789   0.0072928649
        0.0147668855  -0.0219928283   0.0012330581  -0.0079827042   0.0099494304
       -0.0343424077  -0.0427941604  -0.1266609808  -0.0770524236  -0.1712273560
        0.0298650272   0.2570707858   0.4627406336   0.0406323576  -0.0313999088
       -0.0792403620  -0.0030262170  -0.0000899994   0.0018459340   0.0012071575
        0.0013567046  -0.0014412975   0.0015853685  -0.0005754907   0.0002975354
        0.0001549313   0.0002307901   0.0002666995  -0.0001959391  -0.0001990853
        0.0000956021   0.0000678466   0.0000881872  -0.0001867145   0.0000573714
        0.0000080889   0.0000301471   0.0000032371   0.0000040680  -0.0000272393
       -0.0000827029  -0.0000513964  -0.0002217253  -0.0002116072  -0.0000233060
       -0.0001358841   0.0005003047   0.0002321504  -0.0000077209   0.0001147114
       -0.0000073604   0.0001381211  -0.0002587322   0.0007134708   0.0002068427
        0.0012117613  -0.0056229762  -0.0014256975   0.0602963006  -0.1158856140
       -0.1746909898  -0.0201700657   0.0033528440   0.0001423416   0.0017399105
        0.0005636487   0.0005188235   0.0003588142   0.0001184882  -0.0000156970
       -0.0000048892  -0.0004064533  -0.0001275889  -0.0004801471   0.0000634122
        0.0001968125  -0.0000568109  -0.0000306244   0.0000183746   0.0001158673
       -0.0003546880   0.0001913860  -0.0000343054  -0.0000726559  -0.0000664777
       -0.0000102544   0.0000934940   0.0001098528   0.0000028413   0.0000221613
        0.0000097842  -0.0000316730  -0.0000367166  -0.0000134125   0.0000101795
        0.0000004398   0.0000197033  -0.0000037834   0.0000106721  -0.0000108400
        0.0000050832   0.0000048068  -0.0000142791   0.0000039065  -0.0000007628
        0.0000023083  -0.0000122635  -0.0000136508   0.0000032877   0.0001452862
        0.0000340471   0.0000218588   0.0000536365   0.0000304284   0.0000978414
       -0.0003777508  -0.0003062142  -0.0000845632  -0.0000291130   0.0000869976
        0.0000269540  -0.0000842307   0.0000525716   0.0000324998   0.0016017892
        0.0011740653  -0.0001489100  -0.0004565255   0.0001866325  -0.0001654365
        0.0002352626  -0.0001722428  -0.0001199609  -0.0000346489  -0.0000025825
       -0.0000812805   0.0000427272  -0.0007708075   0.0003382043   0.0000517908
        0.0002866992  -0.0000170731   0.0000171269   0.0000350100  -0.0000616475
        0.0000043953  -0.0000271306  -0.0000213903  -0.0000104609  -0.0000006752
        0.0001265499   0.0001353870   0.0000607891  -0.0000445447  -0.0000127570
        0.0000142809   0.0000641789   0.0000445668   0.0000112662   0.0000017499
        0.0000133577   0.0000136280  -0.0000066742   0.0000059498  -0.0000095483
        0.0000141437
       -0.0288473161   0.0309427367   0.0235801965  -0.1010557484   0.0263556794
        0.0144753113   0.0500532004  -0.0025530376   0.0095332921  -0.0352937135
        0.0240172319   0.0243097910  -0.0517400995  -0.0349758710  -0.0611432835
       -0.3286422799   0.0758095175   0.0406323576   0.6638946886  -0.0632578830
        0.0666114816  -0.0008883377  -0.0006217451  -0.0025996112  -0.0014519807
       -0.0000009463   0.0000789601  -0.0035045845  -0.0034172540   0.0018948970
        0.0004685314   0.0015064166   0.0013790290   0.0003681006  -0.0009339015
        0.0002085650   0.0000286972   0.0002364327  -0.0003212210   0.0001107249
        0.0000484859   0.0001278370  -0.0000214260  -0.0000001860  -0.0000734608
        0.0000736622  -0.0003239107  -0.0000775099   0.0006562553  -0.0002155492
       -0.0000781239  -0.0003858627   0.0005605284   0.0001182505  -0.0004462441
        0.0003405372  -0.0001204475  -0.0015940759  -0.0009320173  -0.0037189438
        0.0000384273  -0.0004595104   0.0012682787  -0.0127791527   0.0056824740
        0.0019235287  -0.1483066359  -0.0585341703  -0.1162869407   0.0002234277
        0.0000581250  -0.0000122248  -0.0010920278  -0.0002508720   0.0002614834
        0.0000199972   0.0002693528   0.0000540820  -0.0005669313  -0.0003273520
        0.0005102382  -0.0000665702   0.0000520547  -0.0000337586  -0.0006537440
        0.0007166156  -0.0029739788   0.0004725254   0.0001134990  -0.0000580287
        0.0000934106  -0.0001640920  -0.0000296772   0.0000367406   0.0000250174
        0.0000264951   0.0000433316   0.0000071340   0.0000067445  -0.0000016624
       -0.0000145648  -0.0000167184  -0.0000005016  -0.0000115219   0.0000022209
        0.0000145959   0.0000202595  -0.0000367273  -0.0000031645  -0.0000108710
        0.0000050256   0.0000079078  -0.0000113025   0.0000061341  -0.0004362003
        0.0001339522   0.0005081017  -0.0002456055  -0.0000632877  -0.0001839515
        0.0001928125  -0.0001505063  -0.0001427370   0.0000562891  -0.0000171654
        0.0001754364   0.0002538266   0.0001680481   0.0000292990   0.0009003705
        0.0003392969  -0.0002167388   0.0001532590  -0.0000430590  -0.0000053590
       -0.0001025555  -0.0000043508   0.0000892974   0.0000566081   0.0000193448
       -0.0000031098  -0.0001971848  -0.0001478602  -0.0001183388   0.0000829494
        0.0001137692   0.0001526869   0.0000059009  -0.0000047210   0.0000270567
        0.0000081649   0.0000058314   0.0000039907   0.0001365885   0.0000079101
        0.0000972296  -0.0000849532  -0.0000593743   0.0001341343  -0.0000338000
       -0.0000391089  -0.0000093579  -0.0000126416   0.0000047633   0.0000113193
       -0.0000042844  -0.0000131271   0.0000189582   0.0000082905   0.0000041047
       -0.0000014613
        0.0283439179  -0.0162061318  -0.0120940466   0.0564533293  -0.1557158418
       -0.1127243438  -0.0298723410  -0.0152657150  -0.0307636555   0.0211934743
       -0.0153999927  -0.0090460348  -0.0012508301   0.0175897499   0.0256758615
        0.0341375113  -0.0694157465  -0.0313999088  -0.0632578830   0.3198605815
        0.2535893339  -0.0023679643   0.0035962499  -0.0046954164   0.0018856546
        0.0001784383  -0.0001147492  -0.0002731775   0.0063026340  -0.0001138132
       -0.0007137277  -0.0010768884   0.0000346297  -0.0004049878   0.0004736346
       -0.0001581430  -0.0000334714   0.0000368506  -0.0001432366   0.0000713683
        0.0000617337   0.0000482213  -0.0000115269   0.0000054540  -0.0000377767
        0.0002127993  -0.0006457306   0.0001649956   0.0007769873  -0.0000239290
        0.0001306619   0.0001527308  -0.0003863368   0.0002095765  -0.0005260692
        0.0003358348  -0.0003275839  -0.0002797991   0.0040720601  -0.0045825423
        0.0003156177   0.0002223080  -0.0000444790   0.0179631433  -0.0047614050
       -0.0027212408  -0.0601803864  -0.0731961890  -0.0712770568  -0.0000377950
       -0.0000437274  -0.0000456501  -0.0012845976   0.0000039028  -0.0000501013
        0.0000046185  -0.0000340633  -0.0000314442   0.0002452842   0.0000790883
       -0.0000877350   0.0000248369  -0.0000345613   0.0000131331   0.0000382242
       -0.0001444790   0.0006995616  -0.0002756514  -0.0005162708  -0.0001438026
       -0.0000163757   0.0001429316   0.0002564863   0.0000339882   0.0000168190
       -0.0000025066  -0.0000151816  -0.0000011093   0.0000037297   0.0000014880
       -0.0000075462  -0.0000075014  -0.0000068048  -0.0000014273   0.0000055575
        0.0000107052   0.0000280722  -0.0000245945  -0.0000029787  -0.0000056712
        0.0000031492   0.0000004485  -0.0000007755   0.0000096199  -0.0004446165
       -0.0002270151   0.0002843760  -0.0002516710  -0.0000623681  -0.0001418117
       -0.0002967616   0.0002856044  -0.0004158484   0.0001535293  -0.0001583568
        0.0001683236   0.0000838485  -0.0001581655  -0.0000383305  -0.0005491806
       -0.0002144149   0.0000937988  -0.0002104361   0.0003606813  -0.0000597889
        0.0000856807  -0.0001197936   0.0000086717  -0.0000890357  -0.0000209777
       -0.0001147738   0.0001719343   0.0000184301   0.0002009317  -0.0000228423
       -0.0000800160  -0.0001296729   0.0000470161   0.0000103349  -0.0000417491
       -0.0000126475  -0.0000267525   0.0000153237   0.0000681346   0.0001253936
        0.0000630621   0.0001801513   0.0000803115  -0.0000832695   0.0000200890
        0.0000516510   0.0000038632   0.0000121869   0.0000068529  -0.0000040434
        0.0000068430   0.0000089934  -0.0000175811  -0.0000068012  -0.0000031984
        0.0000013639
        0.0126654032  -0.0051324540  -0.0015510643   0.0682872708  -0.1264063441
       -0.1803168516  -0.0328204387  -0.0253163932  -0.0403652399   0.0227676205
       -0.0115976433  -0.0128925005  -0.0130253669   0.0176340155   0.0247160734
       -0.0226288841  -0.0190629002  -0.0792403620   0.0666114816   0.2535893339
        0.4549341972  -0.0020535536  -0.0044617522   0.0001624594  -0.0007803082
       -0.0001884451  -0.0000460473  -0.0018446863   0.0027339708  -0.0000556158
       -0.0002144884  -0.0002769586   0.0001463939  -0.0002734651   0.0000731319
       -0.0000399584  -0.0000131196  -0.0000481116  -0.0000348520   0.0000253802
        0.0000003082   0.0000089092  -0.0000012047  -0.0000024860  -0.0000028294
       -0.0003519958  -0.0001431427  -0.0003267234   0.0003471201  -0.0004945671
        0.0003104974  -0.0001450753   0.0006781493   0.0006005312   0.0001142616
        0.0004380530  -0.0000755975  -0.0034184364  -0.0042919217  -0.0009572924
        0.0005468221   0.0005552426  -0.0000596980   0.0220319743  -0.0060575589
       -0.0028672518  -0.1152821262  -0.0716143089  -0.1612693746   0.0001963064
       -0.0001347557  -0.0002241055   0.0000544810   0.0000802657   0.0000541469
       -0.0000417827  -0.0000249963  -0.0000180786  -0.0000445350  -0.0001168071
        0.0001170382  -0.0000564959  -0.0000227409   0.0000065920  -0.0003179479
        0.0001902380  -0.0000448560  -0.0004008583  -0.0004756788  -0.0000104294
       -0.0000971777   0.0001412545   0.0000370464  -0.0000118128   0.0000092602
        0.0000021200  -0.0000309667  -0.0000288471  -0.0000120641   0.0000104454
       -0.0000002510   0.0000238982  -0.0000240524   0.0000068161   0.0000033345
        0.0000067179   0.0000148015  -0.0000192244  -0.0000037821   0.0000109804
        0.0000057677  -0.0000104606  -0.0000105428   0.0000039614  -0.0004226986
        0.0001833582  -0.0001856782  -0.0001866279   0.0000835560  -0.0002611774
        0.0002395407  -0.0003847773  -0.0002234919   0.0001641793  -0.0000157240
        0.0001257353   0.0003167569  -0.0000508062  -0.0001486576   0.0000254896
        0.0003326590  -0.0002325151  -0.0002526670  -0.0002605858   0.0001176740
        0.0001975899  -0.0000125849  -0.0000507780  -0.0000528656   0.0000142123
       -0.0000764920  -0.0000735420  -0.0004135533   0.0001443762   0.0001118262
        0.0001898588  -0.0000077755   0.0000249031  -0.0000201371  -0.0000072406
       -0.0000074759   0.0000036524   0.0000047417   0.0001224201   0.0000407349
        0.0001114358   0.0000429819   0.0000547580  -0.0000008952  -0.0000384727
       -0.0000042720   0.0000052268   0.0000103561   0.0000125526   0.0000064051
        0.0000041837   0.0000077803  -0.0000220317   0.0000018584  -0.0000068963
       -0.0000018116
        0.0000672427  -0.0000758826  -0.0001079433  -0.0008718925  -0.0001057706
       -0.0003135036   0.0017746527   0.0008248590   0.0019852035  -0.0190994811
        0.0066018511   0.0091588118  -0.2065296801   0.0068421234   0.0206825352
       -0.0278900684  -0.0005938406  -0.0030262170  -0.0008883377  -0.0023679643
       -0.0020535536   0.4843831865  -0.0432218428   0.0280785506  -0.0636280353
       -0.0228005914   0.0082916243  -0.0000579458   0.0000838447   0.0000668175
       -0.0000000312   0.0000527432   0.0000417715   0.0000772508  -0.0000311990
       -0.0000209012  -0.0000811111  -0.0000323709  -0.0000520338   0.0000227995
        0.0000076647   0.0000275041  -0.0000281468   0.0000029112  -0.0000095555
        0.0000355910   0.0000423449  -0.0000665086  -0.0000785513   0.0000048030
       -0.0000248535   0.0000973793   0.0000057153  -0.0000273934   0.0000512421
       -0.0000316907   0.0000546095  -0.0004904129   0.0001551528  -0.0000894624
        0.0007163492  -0.0008920616  -0.0008638910   0.0011652363   0.0008598286
        0.0012130692  -0.0009019024   0.0003112316   0.0000473245  -0.0550535909
        0.0402148851   0.0344854394  -0.0996503482   0.0223326717  -0.0997351173
        0.0011130438   0.0024520826  -0.0007901680   0.0004089146  -0.0001245474
        0.0000893935  -0.0006638120   0.0003932544   0.0001886307   0.0000062794
        0.0000704816  -0.0000087504  -0.0000617236  -0.0000154133   0.0000221539
       -0.0000210871   0.0000049834   0.0000128940   0.0000054927   0.0000037561
        0.0000115024   0.0000150170   0.0000129017   0.0000060090  -0.0000085270
       -0.0000050152  -0.0000032571  -0.0000043963  -0.0000031083   0.0000085846
        0.0000073028   0.0000178328  -0.0000139653  -0.0000028359   0.0000138598
        0.0000073713   0.0000110606  -0.0000021633   0.0000033431   0.0000493397
       -0.0000094094   0.0000191086   0.0000274565   0.0000059368   0.0000263889
       -0.0000794151   0.0000020865  -0.0000326607  -0.0000161197   0.0000085559
        0.0000181505  -0.0000195584  -0.0000121695  -0.0000003073   0.0038538800
        0.0157844455  -0.0062267675  -0.0095214813  -0.0205543883   0.0090765984
        0.0005023192  -0.0027425410   0.0001128825  -0.0005939361   0.0005410846
        0.0001010593  -0.0011086705   0.0003108916  -0.0028964876   0.0005592434
       -0.0002107595   0.0001407164   0.0000513425  -0.0000367982   0.0000796172
       -0.0001482338   0.0000210140  -0.0000658165  -0.0000476406   0.0000268565
       -0.0000673096  -0.0064489193  -0.0024742932   0.0022848459  -0.0005519900
       -0.0014136512   0.0000229326  -0.0004105997  -0.0001467688   0.0000880271
       -0.0002573344  -0.0000901171   0.0001014054   0.0002141941  -0.0000182959
       -0.0000584525
       -0.0009871805  -0.0011181678   0.0005065472   0.0003770799   0.0000502065
       -0.0000955571   0.0024369838   0.0026338916  -0.0054418646   0.0165153554
       -0.0026015795  -0.0030967669   0.0130584722  -0.0577498364  -0.0074544509
       -0.0100483222   0.0018714660  -0.0000899994  -0.0006217451   0.0035962499
       -0.0044617522  -0.0432218428   0.4578225573   0.0455526277  -0.0304262648
       -0.1565929161   0.0287405385   0.0003124626  -0.0002326042   0.0001210969
        0.0000237575   0.0002519125   0.0001048680  -0.0000040777  -0.0001537417
        0.0000448212  -0.0000233983   0.0000555933  -0.0000980052   0.0000324245
        0.0000141729   0.0000459610  -0.0000177247   0.0000069947  -0.0000266958
        0.0000689364   0.0000196434  -0.0001418142  -0.0000516205   0.0000095502
       -0.0000918339   0.0001995139   0.0001693269   0.0000437420   0.0000179789
       -0.0000081706   0.0000785826   0.0007478804  -0.0003065141  -0.0001498191
        0.0001739056  -0.0013942501   0.0016044602  -0.0013041621  -0.0011491173
        0.0014818321  -0.0006640406   0.0002154908  -0.0001058510   0.0400362348
       -0.1581016331  -0.1107731843   0.0222221644  -0.0471990969   0.0316384647
       -0.0056381588  -0.0239035768   0.0062996616  -0.0006793954   0.0010083197
       -0.0012995836   0.0001583454   0.0001445277   0.0000300219   0.0000045588
       -0.0000414790  -0.0001315925  -0.0000049361  -0.0000045818  -0.0000022522
        0.0000103073   0.0000139349   0.0000290271   0.0000173766   0.0000067129
        0.0000078951  -0.0000051939  -0.0000026720   0.0000144636  -0.0000149736
       -0.0000108083  -0.0000042143   0.0000098033  -0.0000061485   0.0000015738
        0.0000082831   0.0000119683  -0.0000139231   0.0000047208  -0.0000036500
        0.0000019086   0.0000076536   0.0000062983   0.0000054168   0.0000394964
        0.0000081682   0.0000672288   0.0000150873  -0.0000016898   0.0000335560
       -0.0001535381  -0.0001320167  -0.0000748407  -0.0000322455   0.0000131799
        0.0000403951   0.0000058067   0.0000245100   0.0000069889   0.0035355605
       -0.0138371486   0.0121665568  -0.0068033114  -0.0035202871   0.0027345040
        0.0017985487  -0.0006915348  -0.0005373674   0.0004301657  -0.0003669274
        0.0000740404  -0.0009427437   0.0011221440   0.0020759597   0.0001218974
       -0.0002438970  -0.0000789966  -0.0000043605  -0.0000147538  -0.0000982302
        0.0001195572  -0.0000167780   0.0000766511  -0.0000153746  -0.0000413677
        0.0000697469  -0.0007738439   0.0003737229   0.0004133975  -0.0000270637
        0.0000386162   0.0001421552   0.0000529319   0.0000169853   0.0000278028
       -0.0000460251   0.0000068564  -0.0000528120  -0.0000517074  -0.0000660554
        0.0000389137
        0.0004945597   0.0008238375  -0.0002308351  -0.0002710470  -0.0002041666
       -0.0000634777   0.0003277560  -0.0047966635  -0.0013193631   0.0232987365
       -0.0042976537  -0.0051395793   0.0225800070  -0.0058796618  -0.0667361201
       -0.0190959791   0.0002149930   0.0018459340  -0.0025996112  -0.0046954164
        0.0001624594   0.0280785506   0.0455526277   0.5240907197   0.0141016800
        0.0266557239  -0.0718249524  -0.0002035300   0.0001303232  -0.0000905034
       -0.0000201491  -0.0000988147  -0.0000049428   0.0000092866   0.0000731399
       -0.0000203597   0.0000288317  -0.0000204714   0.0000556212  -0.0000084477
       -0.0000203008  -0.0000274002   0.0000132230  -0.0000013172   0.0000247364
       -0.0001261136  -0.0000384301   0.0000346545  -0.0000642656  -0.0000269787
        0.0000104363  -0.0000637342  -0.0000936272  -0.0000712253   0.0000428606
        0.0000187308  -0.0000045037   0.0011674451  -0.0006276371   0.0000372517
        0.0012129452   0.0013326552  -0.0000263700  -0.0012318526   0.0015576937
       -0.0002141107  -0.0008492309   0.0002542981  -0.0001137437   0.0358197399
       -0.1109942717  -0.1498884685  -0.1020520292   0.0303609129  -0.2129075203
       -0.0045684996  -0.0154213617   0.0055425603   0.0009439802   0.0013079103
        0.0010704742  -0.0001101687   0.0002076998  -0.0001119776  -0.0000165920
        0.0000355046   0.0000722584   0.0000105606   0.0000114871  -0.0000605616
       -0.0000048047  -0.0000089794  -0.0000199087  -0.0000101520   0.0000113788
        0.0000004637  -0.0000097467  -0.0000036030  -0.0000354074   0.0000245464
        0.0000072861   0.0000148793  -0.0000155096   0.0000073192   0.0000001715
       -0.0000012391  -0.0000122942   0.0000051411  -0.0000034186   0.0000121338
        0.0000053179  -0.0000166029  -0.0000158000  -0.0000116315   0.0000320331
        0.0000107698  -0.0000404878   0.0000122332   0.0000088903   0.0000100460
        0.0000557353   0.0000484593   0.0000707232   0.0000239248   0.0000195867
       -0.0000213916  -0.0000229911   0.0000092886   0.0000128058  -0.0029454949
        0.0304731884  -0.0179978668   0.0053334220   0.0085321503  -0.0025456902
       -0.0009860052   0.0005361717  -0.0000834557  -0.0013593557   0.0008995618
       -0.0000775608  -0.0001871147  -0.0035348999  -0.0049663532   0.0012554354
        0.0006794950   0.0019070855   0.0000835319   0.0000462890   0.0001153685
       -0.0002396624   0.0000260005  -0.0001800572  -0.0000212254   0.0000984045
       -0.0001032580   0.0019138417   0.0003224598  -0.0002685611   0.0001994595
        0.0004493166   0.0001082270   0.0001030463   0.0000136036  -0.0000511324
       -0.0000132021   0.0000097128   0.0000297041  -0.0000495972   0.0000333448
        0.0000317380
       -0.0010455728  -0.0003175498  -0.0000559439   0.0005896712  -0.0006288198
       -0.0004432171   0.0006472539   0.0009879097  -0.0008437346  -0.0012361489
       -0.0011304357   0.0003145888  -0.0198843398  -0.0263609109   0.0124696235
       -0.0001084727   0.0008394175   0.0012071575  -0.0014519807   0.0018856546
       -0.0007803082  -0.0636280353  -0.0304262648   0.0141016800   0.4190631601
       -0.0014648346  -0.0024331516   0.0001637849  -0.0002393180   0.0001019527
       -0.0001099049   0.0002926386   0.0000417112   0.0000932862  -0.0001470662
        0.0000370162  -0.0000658965   0.0000359668  -0.0001098363   0.0000446717
        0.0000179037   0.0000502419  -0.0000159503   0.0000008380  -0.0000194775
        0.0001429809  -0.0000030197  -0.0000931575   0.0000048082   0.0000245910
       -0.0001017913   0.0001915413   0.0001598382   0.0000805485  -0.0000317301
       -0.0000231186   0.0000692070   0.0000012832  -0.0000121768  -0.0000067776
       -0.0000673420  -0.0005866119   0.0002279361  -0.0000294948  -0.0006016282
        0.0001504111  -0.0001479633   0.0000471774  -0.0000711783   0.0021320061
        0.0034648266  -0.0023198649   0.0034959074   0.0109983002  -0.0054771681
       -0.0435881912   0.0232322661   0.0238444523  -0.0088504564   0.0011534657
       -0.0069025972   0.0001677141   0.0008302460  -0.0004380561   0.0000148922
        0.0000192565  -0.0000563957  -0.0000466776   0.0000588306   0.0000682104
        0.0000170411  -0.0000196871   0.0000399620   0.0000166892   0.0000022213
        0.0000199733   0.0000341207   0.0000306929   0.0000100920  -0.0000010308
        0.0000044627  -0.0000226646  -0.0000026843  -0.0000067947   0.0000087813
        0.0000062132   0.0000082682  -0.0000088198  -0.0000122552   0.0000033655
        0.0000074619   0.0000126570  -0.0000083501  -0.0000068906   0.0000104958
       -0.0000040603   0.0001024636  -0.0000075001  -0.0000141475   0.0000254174
       -0.0001433780  -0.0001042794  -0.0001262657   0.0000001569  -0.0000122921
        0.0000490371   0.0000210149   0.0000187218   0.0000090764  -0.0945546049
        0.0122900448  -0.0695412909  -0.1185099621  -0.0065170243   0.0247615472
       -0.0364248344   0.0188756503   0.0103791174   0.0037922900   0.0025447080
       -0.0022982906  -0.0135460088   0.0106228115  -0.0092578087   0.0002004943
       -0.0004065393   0.0017700666  -0.0003608879  -0.0000237017  -0.0004212631
       -0.0004246815  -0.0000001135  -0.0008886423   0.0003525313   0.0000665803
        0.0003047056  -0.0285580115  -0.0181790346   0.0112108904   0.0020304214
       -0.0016337345   0.0011548433  -0.0002020639  -0.0000892187   0.0001218211
       -0.0009297059  -0.0002235341   0.0002496793   0.0007386799   0.0006676126
       -0.0002650809
        0.0000481987  -0.0001487920   0.0001644837   0.0001955354   0.0003057680
        0.0001887071  -0.0007639656  -0.0000110965  -0.0002584486   0.0022518725
       -0.0011525497  -0.0013026287  -0.0161035669  -0.0020516238   0.0042056478
        0.0007987076  -0.0001966748   0.0013567046  -0.0000009463   0.0001784383
       -0.0001884451  -0.0228005914  -0.1565929161   0.0266557239  -0.0014648346
        0.5145263372   0.0324251432   0.0000413411   0.0002994458  -0.0000991003
        0.0000528762  -0.0002312299   0.0000068657   0.0000166372   0.0001726814
       -0.0000668615   0.0000115052  -0.0000975638   0.0000605143  -0.0000228820
        0.0000026898  -0.0000109324   0.0000166001  -0.0000126783   0.0000067025
       -0.0000653382  -0.0000119890   0.0000468038   0.0000095028  -0.0000316407
        0.0000550000  -0.0000838390  -0.0000415922  -0.0000312714   0.0000135586
        0.0000217314  -0.0000367345   0.0000779505  -0.0000638064  -0.0000471182
        0.0001247978   0.0000879593  -0.0002386520  -0.0000630163  -0.0000551333
       -0.0000117356   0.0000632714   0.0000153407  -0.0000023073  -0.0059174779
       -0.0276527544   0.0054976678  -0.0003930880  -0.0079086363   0.0048192075
        0.0263044993  -0.1494174192  -0.1062674732  -0.0108897604   0.0060508435
       -0.0143705363  -0.0018080692  -0.0004249324   0.0006134735   0.0000034428
       -0.0000326976   0.0000046165   0.0000342258   0.0000194170   0.0000029697
       -0.0000452074   0.0000081582  -0.0000075733  -0.0000124472  -0.0000176604
       -0.0000111453  -0.0000034376  -0.0000124596   0.0000278450  -0.0000155752
       -0.0000070222  -0.0000040324  -0.0000154892   0.0000035166  -0.0000136454
       -0.0000075055   0.0000051355  -0.0000099760   0.0000077292  -0.0000104559
       -0.0000045389  -0.0000049865   0.0000148132   0.0000218900  -0.0000200752
        0.0000063332  -0.0000415932  -0.0000074400   0.0000124023  -0.0000207125
        0.0000625707   0.0000196110   0.0000489782  -0.0000045167   0.0000129916
       -0.0000223175  -0.0000095638  -0.0000097939  -0.0000126664   0.0168732371
       -0.0825065753   0.0176346359  -0.0100717270  -0.0559155889  -0.0025261873
        0.0377875803  -0.0090108684  -0.0062981649   0.0018199149  -0.0038031463
        0.0004836559   0.0164635977  -0.0080414236   0.0227637865   0.0003207269
       -0.0012750432   0.0011028620  -0.0000849100   0.0000138999  -0.0000341873
        0.0010319772   0.0000448920   0.0010217277   0.0001851070  -0.0001859664
        0.0001969806  -0.0307134755  -0.0099690906   0.0105060595  -0.0017322967
       -0.0041774841   0.0014782253  -0.0008166957  -0.0002219463   0.0003824190
       -0.0009974029  -0.0002478792   0.0002244006   0.0003231638  -0.0002742755
       -0.0000647123
        0.0002148500   0.0001466667  -0.0000946574  -0.0002004880  -0.0000131210
        0.0000061121   0.0000965398  -0.0001485917   0.0002317978   0.0007165701
        0.0004930383   0.0003269156   0.0106418067   0.0059376068  -0.0024693647
       -0.0004598234   0.0008378252  -0.0014412975   0.0000789601  -0.0001147492
       -0.0000460473   0.0082916243   0.0287405385  -0.0718249524  -0.0024331516
        0.0324251432   0.4445689082  -0.0000898490  -0.0001719596   0.0000813256
        0.0000167722   0.0000701736  -0.0001059046  -0.0000712833  -0.0001003312
        0.0000348228   0.0000451822   0.0000696938  -0.0000292813  -0.0000075744
        0.0000231086   0.0000135239  -0.0000121330   0.0000097976  -0.0000165184
        0.0003435061   0.0000758951  -0.0000933981   0.0001369196   0.0000925820
       -0.0000498429  -0.0000307382  -0.0000617933   0.0000365919  -0.0001139108
       -0.0000716335   0.0000368434   0.0000029923  -0.0000204063  -0.0000105118
        0.0002656183   0.0000846263  -0.0003749631  -0.0000121843  -0.0001533048
       -0.0000051181  -0.0000533020  -0.0000906953   0.0000357570  -0.0054939833
       -0.0169388341   0.0063315142   0.0045506798   0.0236747906  -0.0119417316
        0.0297949562  -0.1075568234  -0.1420240139  -0.0083429665   0.0017038348
       -0.0148169064   0.0007836171  -0.0008040599   0.0000468058   0.0000028696
        0.0000054698   0.0000150493   0.0000389299   0.0000156074   0.0000685815
        0.0000281011   0.0000055509   0.0000168597  -0.0000014181  -0.0000334012
       -0.0000242167  -0.0000045242   0.0000016683   0.0000461237  -0.0000300633
       -0.0000177040  -0.0000197554   0.0000394053   0.0000054200   0.0000063923
       -0.0000074028   0.0000169234   0.0000096060   0.0000034443  -0.0000384018
       -0.0000265098   0.0000101648   0.0000249088   0.0000221454  -0.0000375428
       -0.0000360037   0.0000747801  -0.0000408518  -0.0000239824   0.0000178726
        0.0000315472   0.0000825037  -0.0000850451  -0.0000541686  -0.0000357091
        0.0000455016   0.0000030547  -0.0000196585   0.0000092177  -0.0846258672
        0.0166710513  -0.1470615252   0.0254634423  -0.0013794935  -0.0682385718
        0.0135946244  -0.0041032611   0.0115004493  -0.0008185069  -0.0003761147
        0.0031357108  -0.0069304232   0.0161256256  -0.0085170463   0.0002569127
       -0.0037229477  -0.0010219513   0.0000027717   0.0001803058   0.0003889089
       -0.0003955434  -0.0003263767   0.0000506380  -0.0004485326   0.0001406577
       -0.0005190127   0.0125115234   0.0063788214  -0.0022609707   0.0023381811
        0.0022656740   0.0060139662   0.0017168243   0.0002853766  -0.0004937339
       -0.0010121159  -0.0000908695   0.0002739909  -0.0002940431  -0.0001406587
        0.0001661361
       -0.1054458806   0.1103586820  -0.0189537884  -0.0322182808   0.0454394106
       -0.0066041904   0.0011933681   0.0017427717   0.0030892496  -0.0019709767
       -0.0013134406   0.0009616408   0.0008675941  -0.0003917663  -0.0002193363
       -0.0015911382  -0.0000222477   0.0015853685  -0.0035045845  -0.0002731775
       -0.0018446863  -0.0000579458   0.0003124626  -0.0002035300   0.0001637849
        0.0000413411  -0.0000898490   0.5892327613  -0.0890810700  -0.0105371319
       -0.1627149015  -0.0818117257   0.0253175569   0.0074363138  -0.0089107338
        0.0011264512   0.0004314306   0.0040870162  -0.0013136912   0.0008070863
       -0.0001185316   0.0009981208  -0.0001130866   0.0000322848  -0.0003829168
       -0.0007332081  -0.0005540093  -0.0007723827  -0.0008404746   0.0000098301
        0.0002732593   0.0045189533   0.0022871403   0.0020315983   0.0008480374
        0.0003929598   0.0001592704   0.0003851223   0.0001801558  -0.0006712554
       -0.0001523958  -0.0000097766   0.0000374751  -0.0003411485  -0.0000082928
        0.0000875037   0.0003165099   0.0003495556  -0.0005447623   0.0000246530
       -0.0000048622  -0.0000185973   0.0000223228  -0.0000212211   0.0000031383
       -0.0000076874  -0.0000129151  -0.0000009906  -0.0000435799   0.0000551724
        0.0000387296  -0.0000812769   0.0000158751  -0.0000028369  -0.2707694574
        0.0366187653   0.0024743703  -0.0246047830  -0.0198272908   0.0063587845
        0.0010570147   0.0024975518  -0.0010501289   0.0007006560   0.0004266482
        0.0001718635  -0.0001083588  -0.0000285416   0.0001315109  -0.0000469993
       -0.0001011681  -0.0000348795  -0.0000941032   0.0000656868   0.0000007743
        0.0000856216   0.0001497430  -0.0001690441  -0.0000010333   0.0000102027
        0.0000693782  -0.0000236524  -0.0000314719   0.0000490976   0.0003619194
       -0.0004336811  -0.0003107127   0.0001309705   0.0001441171   0.0000690057
       -0.0033337767  -0.0018624881  -0.0015913330   0.0003900361   0.0003063943
        0.0001749958  -0.0003692654  -0.0006682174   0.0000436692   0.0001739175
       -0.0002264405   0.0000167539  -0.0002876939   0.0001586853   0.0000568631
        0.0001814540  -0.0001486768  -0.0000335455   0.0000973035  -0.0000437725
       -0.0000103725  -0.0001968265   0.0004340744  -0.0000156401   0.0002136774
       -0.0002147879  -0.0000963623   0.0000354696  -0.0000239690  -0.0000254750
       -0.0000259728   0.0000004531   0.0000562879  -0.0000900112   0.0000297735
        0.0001259310   0.0001107185  -0.0000087217  -0.0000150785  -0.0000484636
       -0.0000042763   0.0000077633   0.0000155024   0.0000148373   0.0000060253
        0.0000088259   0.0000106530  -0.0000087796   0.0000059385  -0.0000149701
       -0.0000011400
        0.1136320843  -0.5027237441   0.0803868536   0.0396090770  -0.0277256886
        0.0009277139  -0.0084041075  -0.0038119467  -0.0008697784   0.0008953807
       -0.0002343183  -0.0001756521  -0.0009132912  -0.0001330378  -0.0006697856
        0.0028847501  -0.0000221775  -0.0005754907  -0.0034172540   0.0063026340
        0.0027339708   0.0000838447  -0.0002326042   0.0001303232  -0.0002393180
        0.0002994458  -0.0001719596  -0.0890810700   0.7551165189  -0.1173806432
       -0.0855639545  -0.1155725854   0.0202625463  -0.0076842780  -0.0652938701
        0.0150584135   0.0027184868   0.0038403477  -0.0004826612   0.0005590243
       -0.0014449468   0.0028311313  -0.0002184118  -0.0000184582  -0.0004069820
       -0.0010198391  -0.0021114795   0.0006436875   0.0002522564  -0.0007407331
        0.0019787119  -0.0037634500  -0.0060146691  -0.0004899270   0.0003648659
        0.0012060397  -0.0012422968   0.0004120357   0.0003978196  -0.0001217488
       -0.0004280620   0.0001377636  -0.0005732749  -0.0000558077   0.0000318434
        0.0004095444   0.0002084915  -0.0006428525  -0.0004275829   0.0000249098
        0.0000945991   0.0001112675  -0.0000749357  -0.0000009049  -0.0001026507
       -0.0000463521  -0.0000041782  -0.0000926843   0.0001079049   0.0002214519
       -0.0000284623  -0.0001721022   0.0001180716  -0.0000155906   0.0377045773
       -0.0481206564   0.0008297692   0.0006386407   0.0046210210  -0.0018327368
       -0.0013000154   0.0006305882  -0.0012450623   0.0005286526  -0.0001465157
        0.0005715672  -0.0001092341  -0.0000692329   0.0001677576  -0.0000552794
       -0.0001396050  -0.0001395221  -0.0000981894   0.0001115163  -0.0001479132
        0.0000893285   0.0002519977  -0.0002257347   0.0000513675   0.0000361059
        0.0000691109  -0.0000129017  -0.0000256826   0.0001111833  -0.0005087576
       -0.0001692176  -0.0023681492  -0.0001422664   0.0000932595  -0.0003968363
        0.0021112665   0.0023658488   0.0021961424   0.0006070639   0.0004806698
        0.0005508922  -0.0006062076  -0.0004987226  -0.0002038339   0.0003256413
       -0.0012963726   0.0002263501   0.0000552391   0.0007558295  -0.0000723541
        0.0001087209  -0.0005236912   0.0000287340   0.0004180859  -0.0002603817
        0.0000184311  -0.0007303966   0.0025605744   0.0000826300   0.0003891943
       -0.0013069049  -0.0005299375   0.0001257808  -0.0000980939  -0.0001053300
       -0.0000924362  -0.0001238115   0.0002450293  -0.0000533238   0.0003200702
        0.0003834905  -0.0001088079  -0.0004088769   0.0001131732   0.0000219449
       -0.0000452383  -0.0000189663  -0.0000438635  -0.0000105716  -0.0000062201
       -0.0000187815  -0.0000084550   0.0000498237   0.0000340788  -0.0000137910
        0.0000015189
       -0.0233967118   0.0794300477  -0.0516602926   0.0009530032   0.0015611063
        0.0002937549  -0.0013737942  -0.0001435344   0.0001371188   0.0003194414
       -0.0005718301  -0.0002130130  -0.0003338695  -0.0000332822   0.0001276080
        0.0004466149  -0.0000651134   0.0002975354   0.0018948970  -0.0001138132
       -0.0000556158   0.0000668175   0.0001210969  -0.0000905034   0.0001019527
       -0.0000991003   0.0000813256  -0.0105371319  -0.1173806432   0.1493626961
        0.0256708979   0.0191005690  -0.0634097772   0.0020637435   0.0141450293
       -0.0068577285   0.0003953042   0.0035613429   0.0132013445  -0.0018319204
       -0.0020495779   0.0000670091   0.0001872885  -0.0001935705   0.0009393622
       -0.0000555056   0.0005520079   0.0001643993   0.0003652114   0.0003917689
       -0.0004022998   0.0010250506   0.0013823006   0.0007671872  -0.0002834942
       -0.0006990474  -0.0002034730  -0.0000445611  -0.0000229680  -0.0003177135
        0.0000511529   0.0000506207   0.0000198530   0.0000571474  -0.0000924954
       -0.0001295628  -0.0000454831  -0.0000867708  -0.0000488040   0.0000007596
       -0.0000273114  -0.0000259006  -0.0000084912  -0.0000006584   0.0000075358
       -0.0000009843  -0.0000212503   0.0000128666  -0.0000109757  -0.0000852870
        0.0000312764   0.0000587347  -0.0000346283   0.0000212540   0.0026039702
        0.0007184297  -0.0373429215   0.0018116613   0.0012306931   0.0014713711
       -0.0003047373  -0.0015407396  -0.0046898760   0.0012459069   0.0022520278
       -0.0007766760   0.0001716280   0.0000832816  -0.0000636594  -0.0000486793
       -0.0000964708  -0.0001350036   0.0000246299  -0.0000491538   0.0000231847
       -0.0002046245  -0.0002693298   0.0001355764  -0.0000000068  -0.0000345536
       -0.0000087866   0.0000308258   0.0000282433  -0.0000172376  -0.0001751904
       -0.0001656925   0.0006878620  -0.0000560642  -0.0000162069   0.0000640598
       -0.0008953652  -0.0009910928  -0.0010062398  -0.0000558500  -0.0000047324
       -0.0003369920   0.0001764320   0.0001007995   0.0000517957  -0.0001261083
        0.0003887755  -0.0001004248  -0.0000320613  -0.0002008143   0.0000219521
       -0.0000261060   0.0001401085  -0.0000209988  -0.0001890544   0.0000591324
       -0.0000812572   0.0003276045  -0.0006661187   0.0002075647  -0.0001579393
        0.0002945954  -0.0000024694  -0.0000214837   0.0000249808   0.0000085860
        0.0000093061   0.0000252279  -0.0000602986   0.0001154901  -0.0000259739
       -0.0000938525   0.0000344192   0.0001183808  -0.0000547963  -0.0000043506
        0.0000130380   0.0000164441   0.0000126553   0.0000007078   0.0000000555
        0.0000071855   0.0000043531  -0.0000163424  -0.0000091876   0.0000030959
        0.0000019378
        0.0153127104  -0.0065426871   0.0013330226  -0.0012061010   0.0030852563
       -0.0006597305   0.0006747712   0.0010784124  -0.0001843555  -0.0000846131
       -0.0001972952   0.0001000497   0.0000193883   0.0000703954   0.0000727685
       -0.0003275610  -0.0000991006   0.0001549313   0.0004685314  -0.0007137277
       -0.0002144884  -0.0000000312   0.0000237575  -0.0000201491  -0.0001099049
        0.0000528762   0.0000167722  -0.1627149015  -0.0855639545   0.0256708979
        0.5971928708  -0.0917695991  -0.0155268190  -0.1250459123   0.1412895706
       -0.0277568026   0.0045647532  -0.0175653300   0.0044434946  -0.0013643413
       -0.0019782900   0.0000710592   0.0001467789  -0.0002092032   0.0009277932
       -0.0002901967   0.0001763886  -0.0002488401   0.0000466270   0.0001135074
       -0.0000930871  -0.0003744802  -0.0001767055  -0.0001693034  -0.0000626607
       -0.0002792629  -0.0000588503   0.0001139189  -0.0001080665  -0.0000418614
        0.0000100886   0.0000217288  -0.0000001770  -0.0000026042  -0.0000094379
       -0.0000584717   0.0000257306   0.0000632733  -0.0000791429   0.0000015349
       -0.0000134757  -0.0000259983   0.0000049902  -0.0000004112   0.0000183961
       -0.0000577746  -0.0000267856  -0.0000166590  -0.0000942341   0.0000527041
        0.0000897987  -0.0000696502  -0.0000309337   0.0000107158  -0.0259555363
       -0.0186086910   0.0051293720  -0.2860840958   0.0535402000   0.0117127664
       -0.0150059299   0.0295314527  -0.0058253479  -0.0016500734  -0.0032130565
        0.0005361460   0.0012611804  -0.0022916183   0.0004863499   0.0001026635
        0.0000388385  -0.0000993728  -0.0000430426  -0.0000402764   0.0001811106
       -0.0001667245  -0.0002251881   0.0002142397  -0.0000130559   0.0000915395
       -0.0000144526   0.0000923144   0.0000073543  -0.0000692789  -0.0000461217
       -0.0000430835   0.0001953656   0.0000025936   0.0000023378   0.0000193100
        0.0003010111   0.0002358827   0.0000586971  -0.0000038404  -0.0000523377
       -0.0002570516   0.0001096032   0.0001264218   0.0000050918   0.0002661868
        0.0001630470  -0.0001873221  -0.0001368913  -0.0000359267   0.0000133443
        0.0000974411  -0.0000005180  -0.0000164500   0.0000753865  -0.0000376301
       -0.0002459913  -0.0003954818  -0.0002494682   0.0002939529   0.0001651374
        0.0001887090  -0.0001703735   0.0000636401  -0.0000099601  -0.0000683714
        0.0000601979  -0.0000147666  -0.0000241183   0.0000419478   0.0001062302
        0.0004023806   0.0000822056   0.0000350719  -0.0000146796  -0.0000228945
       -0.0000040146   0.0000027626   0.0000157352   0.0000097995   0.0000030531
        0.0000089518   0.0000056543  -0.0000142390  -0.0000002355   0.0000003921
       -0.0000018571
       -0.0027194857  -0.0859393805   0.0187989746  -0.0111353240   0.0019672507
       -0.0011017520   0.0019547694  -0.0006158408   0.0005961217  -0.0009471222
        0.0000590113  -0.0000450508  -0.0000422324  -0.0002498114   0.0002000829
       -0.0008183726   0.0001312362   0.0002307901   0.0015064166  -0.0010768884
       -0.0002769586   0.0000527432   0.0002519125  -0.0000988147   0.0002926386
       -0.0002312299   0.0000701736  -0.0818117257  -0.1155725854   0.0191005690
       -0.0917695991   0.7294920898  -0.1402408617   0.1246704676  -0.4289005414
        0.0900125217  -0.0009539242  -0.0375802441   0.0134177169  -0.0021223726
       -0.0001852663  -0.0047630215   0.0003746769  -0.0000144546   0.0016202830
        0.0004038078   0.0006492578  -0.0008307772  -0.0001079158   0.0004078865
       -0.0007585483   0.0032663404   0.0027243156   0.0014781256  -0.0000904808
       -0.0005660213   0.0003574952   0.0000946430  -0.0001556549   0.0003896026
        0.0002023958   0.0000114001   0.0002274304   0.0001514549  -0.0000796312
       -0.0001878849   0.0000027559   0.0001481356   0.0002536130  -0.0000074907
       -0.0000267480  -0.0000328112   0.0000886324   0.0000025236   0.0000358587
        0.0000102648  -0.0000655309   0.0000424313  -0.0001460066  -0.0001468564
        0.0001669119   0.0001084308  -0.0001256337   0.0000207583   0.0007843061
        0.0029276290   0.0011819455   0.0543360680  -0.0548151717  -0.0011957590
        0.0073231542  -0.0099693649   0.0018593181  -0.0026232838  -0.0020599225
        0.0002683740   0.0019706317   0.0010076546  -0.0007318315  -0.0000684369
        0.0001975134   0.0003170917   0.0000073372  -0.0001474968   0.0001149526
       -0.0003382579  -0.0004600156   0.0002870297   0.0000293127   0.0001954500
       -0.0000521323   0.0001262903   0.0000369762  -0.0001304017   0.0001739570
       -0.0001570680   0.0009165643   0.0000783440  -0.0000097353   0.0002267067
       -0.0019371548  -0.0013934163  -0.0015823358  -0.0002636947  -0.0001245332
       -0.0000243530   0.0000970725   0.0000699054   0.0001188790  -0.0001611323
        0.0011281488  -0.0003055529  -0.0003543332  -0.0005702044   0.0001041136
        0.0000627287   0.0003539141  -0.0000613937  -0.0002713913   0.0001165162
       -0.0000528715   0.0004509912  -0.0023060462   0.0000102518  -0.0001904548
        0.0012360240   0.0003894737  -0.0000506710   0.0000610014   0.0000728703
        0.0000709158   0.0000889287  -0.0001970744   0.0000120245  -0.0001618219
       -0.0000882345   0.0002091218   0.0003810441  -0.0001275009  -0.0000375440
        0.0000377047   0.0000300102   0.0000546512   0.0000136674   0.0000130318
        0.0000294711   0.0000086344  -0.0000505843  -0.0000284091   0.0000013838
        0.0000064330
        0.0025382592   0.0215338765   0.0202019819   0.0003377595  -0.0016404904
       -0.0084299816  -0.0019593489   0.0009168381  -0.0004567427   0.0001491679
       -0.0004590349  -0.0006966654   0.0000071477  -0.0001393290   0.0000578645
        0.0000210373  -0.0005304514   0.0002666995   0.0013790290   0.0000346297
        0.0001463939   0.0000417715   0.0001048680  -0.0000049428   0.0000417112
        0.0000068657  -0.0001059046   0.0253175569   0.0202625463  -0.0634097772
       -0.0155268190  -0.1402408617   0.1372828883  -0.0233195466   0.0867771341
       -0.0549329598  -0.0001695225   0.0130513922   0.0016464257   0.0007526473
        0.0000635171   0.0001711622   0.0000123597   0.0001118623  -0.0001551619
       -0.0003849299  -0.0007576007  -0.0009450879  -0.0001546624  -0.0002547565
        0.0005361999  -0.0018961892  -0.0020300195   0.0000413071   0.0002905100
        0.0003773469  -0.0000576582  -0.0002897549   0.0006082706  -0.0000169619
       -0.0002265298   0.0000395885  -0.0000203986   0.0000080486   0.0000664228
        0.0000524052   0.0001360232  -0.0000665425  -0.0000846256  -0.0000150527
        0.0000319564   0.0000394564   0.0000062799  -0.0000258205  -0.0000063769
        0.0000266168   0.0000076943  -0.0000111872  -0.0000074810   0.0000753724
        0.0000208508  -0.0000474213   0.0000172295  -0.0000254295   0.0012529088
        0.0012973066   0.0044016909   0.0102646460  -0.0011731667  -0.0363059594
       -0.0004460765   0.0002710454   0.0012012424   0.0009431172   0.0003966143
       -0.0003383040  -0.0005015064  -0.0001281940  -0.0003782896  -0.0000025939
       -0.0000598470   0.0001767264   0.0000004120   0.0000558013  -0.0000076319
        0.0000089591   0.0000554067  -0.0000591582   0.0000216152  -0.0000230825
       -0.0000217114  -0.0000830329  -0.0000307418   0.0000315764  -0.0000085327
        0.0000321926  -0.0007727416   0.0000013556   0.0000100476  -0.0001013360
        0.0013559073   0.0013260403   0.0007830848   0.0001435382   0.0001337686
        0.0000024014  -0.0000509877  -0.0000540297   0.0001073258   0.0000997333
       -0.0001908495   0.0000552137  -0.0000825083   0.0001346195   0.0000105922
        0.0000628388  -0.0000996503   0.0000012363   0.0000714757  -0.0001083932
        0.0000352738  -0.0003989668   0.0003159531  -0.0003152202   0.0001387796
       -0.0001253544   0.0001156781   0.0000986020  -0.0000076431  -0.0000360057
       -0.0000137313  -0.0000622412   0.0000755638   0.0000365974   0.0001410417
        0.0002117082   0.0000299536  -0.0000429243   0.0000268580  -0.0000146316
       -0.0000055404  -0.0000082366   0.0000016706   0.0000056373   0.0000014208
       -0.0000021709   0.0000003889   0.0000033541   0.0000039612  -0.0000067102
       -0.0000001262
       -0.0006118583  -0.0100257221   0.0013028243  -0.0015413242   0.0009980410
       -0.0000470855   0.0001831437   0.0003356917  -0.0000718906   0.0001555884
        0.0000606124   0.0000497413   0.0002044047   0.0000103552   0.0001748359
       -0.0003595526  -0.0000491229  -0.0001959391   0.0003681006  -0.0004049878
       -0.0002734651   0.0000772508  -0.0000040777   0.0000092866   0.0000932862
        0.0000166372  -0.0000712833   0.0074363138  -0.0076842780   0.0020637435
       -0.1250459123   0.1246704676  -0.0233195466   0.5676909943  -0.0968863400
       -0.0151121950  -0.1372332878  -0.0719277049   0.0226874860   0.0019217019
       -0.0025911397   0.0067800775   0.0002383266   0.0003062601  -0.0009898213
       -0.0003093978  -0.0001323851   0.0002273770  -0.0001295902   0.0000636049
       -0.0000228101   0.0004079067   0.0003086161   0.0001759340   0.0000587790
       -0.0000433081  -0.0000236015  -0.0000895361   0.0001396652   0.0001140595
        0.0000358802   0.0000235727  -0.0000149726   0.0000305292   0.0000333511
        0.0000045792  -0.0000103012   0.0000218713   0.0000211463  -0.0000042813
        0.0000084860   0.0000158905  -0.0000013601  -0.0000042545  -0.0000019550
        0.0000191868   0.0000195905   0.0000074692   0.0000377971   0.0000035513
       -0.0000384315  -0.0000325929   0.0000233334  -0.0000068062   0.0006914258
       -0.0020815364   0.0004828816  -0.0143561473   0.0286871902  -0.0061046341
       -0.2775801904   0.0552442974   0.0054358200   0.0031742459   0.0002413845
       -0.0001555563  -0.0266967733  -0.0206638274   0.0081658871   0.0000828806
        0.0001394225   0.0000132543   0.0005214454   0.0010016564  -0.0012215148
        0.0003364382   0.0002617203  -0.0001910123  -0.0000091184   0.0000292282
        0.0000805535  -0.0000371845  -0.0000610657   0.0000759935   0.0000639256
       -0.0000126505   0.0000531602   0.0000554534  -0.0000176613   0.0000075852
       -0.0002709013  -0.0001197870  -0.0001766153   0.0003792725   0.0001304290
       -0.0000632883   0.0000024624   0.0000072097   0.0000695076  -0.0000006189
       -0.0003184554   0.0001266522  -0.0000435873   0.0001451706   0.0000178986
        0.0000518064  -0.0001022669  -0.0000014336   0.0001193272  -0.0000608249
        0.0000925568  -0.0000032667   0.0006152618  -0.0001868996   0.0000767233
       -0.0003246352  -0.0000197807   0.0000435871  -0.0000382798  -0.0000113846
       -0.0001301882  -0.0000778299   0.0001028506  -0.0000561977   0.0001379454
       -0.0000532313   0.0000076643  -0.0000569476   0.0000136603  -0.0000105451
       -0.0000007083  -0.0000010772  -0.0000055850   0.0000067487   0.0000046243
       -0.0000047296   0.0000040963  -0.0000018496   0.0000081806  -0.0000056716
        0.0000007447
       -0.0074870067   0.0135415163  -0.0004945877   0.0033264648  -0.0016027043
       -0.0000029322  -0.0010423236   0.0003372838  -0.0004840150   0.0004019158
       -0.0001213888   0.0001380728   0.0002023404   0.0001599756   0.0000206518
        0.0002681569  -0.0000633511  -0.0001990853  -0.0009339015   0.0004736346
        0.0000731319  -0.0000311990  -0.0001537417   0.0000731399  -0.0001470662
        0.0001726814  -0.0001003312  -0.0089107338  -0.0652938701   0.0141450293
        0.1412895706  -0.4289005414   0.0867771341  -0.0968863400   0.7249972891
       -0.1471257935  -0.0758176595  -0.1426473331   0.0219770998  -0.0042034625
       -0.0126337805   0.0164468945  -0.0002950936  -0.0002743873   0.0006529131
       -0.0005279943  -0.0003521885   0.0013951726   0.0003694961  -0.0000033756
        0.0007243399  -0.0015801821  -0.0018057988  -0.0004122171  -0.0001241071
        0.0000371146  -0.0006889637   0.0000557694  -0.0000357953   0.0001791663
       -0.0001655383  -0.0000735044  -0.0001627147  -0.0001112262   0.0001173399
        0.0001861327   0.0000687924  -0.0000526383  -0.0000647096   0.0000176875
        0.0000511524   0.0000634669  -0.0000562388   0.0000069758  -0.0000634219
        0.0000253650   0.0000574741  -0.0000401077   0.0001846776   0.0000996787
       -0.0001582837  -0.0000361856   0.0001006615  -0.0000232031   0.0013386479
        0.0009760676  -0.0008107372   0.0077225217  -0.0103075454   0.0019766891
        0.0566112244  -0.0561584216   0.0015442734  -0.0160371957  -0.0276202588
        0.0065369174   0.0014528887   0.0051618455  -0.0003319752   0.0000776600
        0.0007418895  -0.0016765617   0.0001726332   0.0000083194  -0.0001484411
       -0.0000976318   0.0001867238   0.0000841430   0.0000434586   0.0000122896
        0.0001423914   0.0000218860  -0.0000170408   0.0001507976  -0.0002124254
       -0.0000246066  -0.0006205271  -0.0000560498  -0.0000088391  -0.0001843489
        0.0009034011   0.0010612757   0.0006531937   0.0002433153   0.0003158770
       -0.0005468500  -0.0002066330  -0.0000619426   0.0000471658  -0.0000599309
       -0.0010117430   0.0003421917   0.0004078897   0.0005282156  -0.0001111606
       -0.0001043858  -0.0002700483   0.0000689355   0.0001583176  -0.0001147804
        0.0001657958  -0.0000248404   0.0019904308  -0.0001246587   0.0000519440
       -0.0011103994  -0.0002219813   0.0000339070  -0.0000326859  -0.0000282290
       -0.0001165404  -0.0000280025   0.0001960037   0.0000291397  -0.0000029056
       -0.0000483743  -0.0002079073  -0.0003406850   0.0001193520   0.0000626997
       -0.0000110778  -0.0000314959  -0.0000572236  -0.0000068456  -0.0000147608
       -0.0000306760  -0.0000043958   0.0000418157   0.0000259276   0.0000109113
       -0.0000015427
        0.0022573151  -0.0015115305   0.0033963575  -0.0008665189   0.0002009652
        0.0000702325   0.0001986653  -0.0000522585   0.0000967960  -0.0001002745
        0.0000041165  -0.0001230706  -0.0000693548  -0.0000210435   0.0000276264
       -0.0000676229   0.0000333988   0.0000956021   0.0002085650  -0.0001581430
       -0.0000399584  -0.0000209012   0.0000448212  -0.0000203597   0.0000370162
       -0.0000668615   0.0000348228   0.0011264512   0.0150584135  -0.0068577285
       -0.0277568026   0.0900125217  -0.0549329598  -0.0151121950  -0.1471257935
        0.1727711985   0.0280018578   0.0289686827  -0.0635445542   0.0158056543
        0.0220588527  -0.0139993200   0.0001131161   0.0018740740  -0.0053466625
        0.0002373945  -0.0001545475  -0.0005438677  -0.0000871295  -0.0000082856
       -0.0001629877   0.0002095877   0.0002723474   0.0000239165   0.0000688250
        0.0000371148   0.0001324551   0.0000088434   0.0000130964  -0.0001097390
        0.0000399801   0.0000304171   0.0000478793   0.0000141821  -0.0000324769
       -0.0000596972  -0.0000220861   0.0000079946   0.0000258903  -0.0000021745
       -0.0000184609  -0.0000246245   0.0000201798  -0.0000015267   0.0000211670
       -0.0000078484  -0.0000157576   0.0000142490  -0.0000518544  -0.0000329240
        0.0000428041   0.0000161193  -0.0000282735  -0.0000002340  -0.0004130626
       -0.0002361733  -0.0006896962  -0.0006939656   0.0003199030   0.0008997842
        0.0051711370   0.0008485117  -0.0363482861  -0.0093928881  -0.0096971756
        0.0039534103  -0.0004265751  -0.0021377936   0.0011634712   0.0006884701
        0.0006878060   0.0000364207   0.0004581084   0.0000228052   0.0006769488
        0.0008892744   0.0010403551  -0.0005711159  -0.0001150421  -0.0000680725
       -0.0000357394  -0.0000956272  -0.0000349678  -0.0001124712   0.0000602143
        0.0000227124   0.0001238446   0.0000087876   0.0000103163   0.0000432838
       -0.0000887008  -0.0001548957  -0.0000499248  -0.0002090127  -0.0001657277
        0.0000028721   0.0000636727   0.0000094784  -0.0000364409   0.0000121516
        0.0003302893  -0.0000938735  -0.0001206134  -0.0001677715   0.0000249770
        0.0000264569   0.0000877298  -0.0000173483  -0.0000823223   0.0000743017
       -0.0000245654   0.0000119417  -0.0006539402   0.0000243048  -0.0000425146
        0.0003538419   0.0001139383  -0.0000382276   0.0000252166   0.0000145139
        0.0000524555   0.0000567482  -0.0000949678   0.0000190661  -0.0000708977
       -0.0000060223   0.0000599809   0.0001049610  -0.0000303015  -0.0000204510
        0.0000029240   0.0000058209   0.0000185167   0.0000024524   0.0000039683
        0.0000093712   0.0000011454  -0.0000110395  -0.0000095924  -0.0000030164
       -0.0000009992
        0.0002091600   0.0000336931  -0.0002998127   0.0001769622  -0.0000518045
        0.0000910404   0.0000388288   0.0000506364   0.0000612374  -0.0000104865
       -0.0000377436  -0.0000375042   0.0000130808   0.0000428345  -0.0000340280
        0.0000455647   0.0000196557   0.0000678466   0.0000286972  -0.0000334714
       -0.0000131196  -0.0000811111  -0.0000233983   0.0000288317  -0.0000658965
        0.0000115052   0.0000451822   0.0004314306   0.0027184868   0.0003953042
        0.0045647532  -0.0009539242  -0.0001695225  -0.1372332878  -0.0758176595
        0.0280018578   0.5297551896  -0.0204128416  -0.0004444517  -0.0663997085
        0.0101167970  -0.0224940200   0.0003261118  -0.0062223827   0.0176474445
       -0.0000252001   0.0000909064  -0.0000349360  -0.0000274311   0.0000150653
       -0.0000611024   0.0000858143   0.0000617235  -0.0000128374   0.0000063735
       -0.0000761936   0.0000319030   0.0000247399  -0.0000301731  -0.0000620271
       -0.0000264694   0.0000025934   0.0000111512  -0.0000147073  -0.0000191342
       -0.0000233978  -0.0000145861   0.0000262068   0.0000245684  -0.0000047413
       -0.0000212519  -0.0000258245   0.0000051058  -0.0000059095   0.0000200321
       -0.0000196039   0.0000131443  -0.0000192929  -0.0000199589  -0.0000096259
        0.0000148598  -0.0000836088   0.0000202637   0.0000120868   0.0002680238
        0.0002609934  -0.0000621572   0.0012956922   0.0019476289  -0.0007712652
       -0.0215269432  -0.0191560633   0.0072316837  -0.0548231206   0.0382485379
        0.0223121404  -0.2510227085   0.0664218584  -0.0320001705   0.0013054956
       -0.0007960578   0.0053875642  -0.0065329992   0.0069289638  -0.0280254723
       -0.0020706379  -0.0032331753   0.0020876187   0.0003117344   0.0005669797
        0.0001493892   0.0007678776  -0.0004934428   0.0011729379   0.0000153238
       -0.0000247451   0.0000612606  -0.0000133261   0.0000234932   0.0000201030
       -0.0000403377  -0.0000416802  -0.0000244677  -0.0000477860  -0.0000731195
       -0.0000263248   0.0000374359  -0.0000278649  -0.0000425894   0.0001447090
       -0.0001862691  -0.0000041254  -0.0001027015   0.0000332560   0.0000149629
        0.0000781528  -0.0000533825  -0.0000155844  -0.0000158346  -0.0001110970
       -0.0002999707  -0.0001213782   0.0007224168   0.0004022342   0.0002298954
       -0.0004719816  -0.0004351483   0.0000584795  -0.0000468106  -0.0000766266
       -0.0000400459  -0.0000615861   0.0002020108   0.0001345332   0.0001436728
        0.0000245546   0.0000403634  -0.0000079544  -0.0000059982  -0.0000310619
       -0.0000199227   0.0000078644   0.0000096013   0.0000036382   0.0000001376
        0.0000048549   0.0000039187  -0.0000029615   0.0000016938  -0.0000082033
       -0.0000030692
       -0.0006307270  -0.0051978247  -0.0004797280  -0.0006528464   0.0006346720
        0.0002275873   0.0001606577  -0.0000983979   0.0001499234  -0.0000508554
       -0.0000192791  -0.0001159706  -0.0001277596  -0.0000155584   0.0000226264
       -0.0000295113   0.0000691139   0.0000881872   0.0002364327   0.0000368506
       -0.0000481116  -0.0000323709   0.0000555933  -0.0000204714   0.0000359668
       -0.0000975638   0.0000696938   0.0040870162   0.0038403477   0.0035613429
       -0.0175653300  -0.0375802441   0.0130513922  -0.0719277049  -0.1426473331
        0.0289686827  -0.0204128416   0.5055849156   0.0231750167   0.0067222185
       -0.0614637914   0.0158581518  -0.0010816433  -0.0077071381   0.0220112495
        0.0001331214   0.0001123337  -0.0003656072  -0.0001131334   0.0000531140
       -0.0003041232   0.0006939194   0.0007055171   0.0001765930   0.0000978037
       -0.0000776267   0.0002290900  -0.0000135653  -0.0000690302  -0.0001203861
        0.0000795605   0.0000198917   0.0000762814   0.0000376321  -0.0000745116
       -0.0000629166  -0.0000266573   0.0000336291   0.0000885051  -0.0000028226
       -0.0000242887  -0.0000317158   0.0000289034  -0.0000025679   0.0000236364
        0.0000025531  -0.0000288044   0.0000206496  -0.0000701946  -0.0000464013
        0.0000526475   0.0000470997  -0.0000485004   0.0000088407   0.0001069074
       -0.0001807178  -0.0001017661  -0.0017596911   0.0006819973  -0.0011136861
        0.0020166602   0.0036523402  -0.0014427168   0.0355737070  -0.1925139960
       -0.1026153632   0.0663328672  -0.0668608672   0.0067694528  -0.0026513482
        0.0039240456  -0.0218760798   0.0030958697  -0.0025973631   0.0113805346
       -0.0028080055  -0.0030689348   0.0022403675   0.0002133057   0.0007361158
        0.0008639964   0.0008160481   0.0005399983  -0.0002951941   0.0000769881
       -0.0000093083   0.0003029856   0.0000060643   0.0000132344   0.0000800643
       -0.0004138322  -0.0004542580  -0.0003169571  -0.0001002856  -0.0000274766
        0.0000183343   0.0000993229   0.0000099169  -0.0000395989  -0.0000121034
        0.0005603168  -0.0001131827  -0.0001121679  -0.0002851505   0.0000404573
       -0.0000039088   0.0001651728  -0.0000247701  -0.0000630255   0.0000923690
        0.0000359827  -0.0000177062  -0.0011521184  -0.0000687773  -0.0000737355
        0.0006554952   0.0002080876  -0.0000385398   0.0000163643   0.0000184142
       -0.0000356887  -0.0000075220  -0.0001389029   0.0000565326  -0.0000069558
       -0.0000727164   0.0000678066   0.0001617825  -0.0000516689  -0.0000201286
        0.0000082120   0.0000143787   0.0000251831  -0.0000009864   0.0000029311
        0.0000136017   0.0000002145  -0.0000162334  -0.0000156191   0.0000009625
        0.0000005594
       -0.0003229865   0.0018191458  -0.0043750465   0.0006433867  -0.0001448485
        0.0012131014   0.0000077198   0.0003353903  -0.0001838886   0.0002057571
        0.0000304690   0.0001436913   0.0001715114   0.0001474442   0.0000377988
       -0.0000667780   0.0000191944  -0.0001867145  -0.0003212210  -0.0001432366
       -0.0000348520  -0.0000520338  -0.0000980052   0.0000556212  -0.0001098363
        0.0000605143  -0.0000292813  -0.0013136912  -0.0004826612   0.0132013445
        0.0044434946   0.0134177169   0.0016464257   0.0226874860   0.0219770998
       -0.0635445542  -0.0004444517   0.0231750167   0.4250076390  -0.0139105804
        0.0240766274  -0.1712869991   0.0021544500   0.0081306399  -0.0161481930
       -0.0001760817  -0.0000779039   0.0004656626   0.0001388570   0.0000308970
        0.0001578537  -0.0002478557  -0.0002549043  -0.0001796167  -0.0000634672
       -0.0000460083  -0.0002055944  -0.0000209502  -0.0000507079   0.0000969678
       -0.0000197008  -0.0000298014  -0.0000385651  -0.0000408386   0.0000527143
        0.0000502634  -0.0000044878   0.0000210992  -0.0000243646   0.0000011433
        0.0000148940   0.0000155296  -0.0000264070  -0.0000003414  -0.0000143796
        0.0000131238   0.0000284560  -0.0000091339   0.0000717147   0.0000436866
       -0.0000760642  -0.0000216434   0.0000486852  -0.0000155561   0.0000962862
       -0.0000890098  -0.0006229823   0.0002224650  -0.0013876903  -0.0039253340
        0.0009389222   0.0008480541   0.0014346020   0.0224776274  -0.1043310634
       -0.1027042602  -0.0312733266   0.0076781750  -0.0473088641  -0.0017674204
        0.0011205640  -0.0239377226  -0.0045947323   0.0034724096  -0.0101204027
        0.0017017436   0.0020846991  -0.0002187436  -0.0005648258  -0.0008320952
        0.0010324480  -0.0007284076  -0.0007477102   0.0007483904  -0.0000805231
       -0.0000364949  -0.0000877870  -0.0000316699   0.0000058932  -0.0000510353
        0.0001201338   0.0001455724   0.0001123214   0.0001113925   0.0001124604
       -0.0001958318  -0.0000565420  -0.0000361656  -0.0000131983   0.0000219062
       -0.0004269730   0.0001521953   0.0002060296   0.0002078532  -0.0000494196
       -0.0000616062  -0.0001060387   0.0000335672   0.0000101525   0.0000484816
        0.0000378660  -0.0001557686   0.0009004549  -0.0001105675   0.0000469897
       -0.0005049793  -0.0000715886   0.0000292049  -0.0000291975  -0.0000141532
        0.0000147213  -0.0000639278   0.0000791599   0.0000421132   0.0000312884
        0.0000094453  -0.0000996922  -0.0001514367   0.0000572477   0.0000254628
       -0.0000077919  -0.0000178933  -0.0000227964  -0.0000074483  -0.0000070716
       -0.0000147549  -0.0000037220   0.0000218469   0.0000112820   0.0000045664
       -0.0000013293
       -0.0001243313  -0.0008695671   0.0007404994  -0.0001978417   0.0001223632
       -0.0001740740   0.0000158184  -0.0001578269   0.0000352142  -0.0000418636
       -0.0000066263  -0.0000423553  -0.0000724917  -0.0000408746  -0.0000029110
       -0.0000028195   0.0000088466   0.0000573714   0.0001107249   0.0000713683
        0.0000253802   0.0000227995   0.0000324245  -0.0000084477   0.0000446717
       -0.0000228820  -0.0000075744   0.0008070863   0.0005590243  -0.0018319204
       -0.0013643413  -0.0021223726   0.0007526473   0.0019217019  -0.0042034625
        0.0158056543  -0.0663997085   0.0067222185  -0.0139105804   0.5122957853
       -0.0265263510   0.0019649928  -0.1247945062  -0.0628150889   0.0244779251
       -0.0000696827  -0.0001735707  -0.0002391694  -0.0001659007  -0.0000253301
       -0.0001210515   0.0002512094   0.0002494020   0.0000937994   0.0001442810
        0.0000674586   0.0001220301  -0.0000062206   0.0000199887  -0.0000162446
        0.0000323859   0.0000166682   0.0000153761   0.0000253622  -0.0000202001
       -0.0000239578  -0.0000044009  -0.0000009373   0.0000079892  -0.0000029493
       -0.0000042786  -0.0000092055   0.0000137055  -0.0000026986   0.0000130602
       -0.0000022194  -0.0000119907  -0.0000013799  -0.0000311718  -0.0000073714
        0.0000328181  -0.0000248115  -0.0000074270  -0.0000050852  -0.0000351313
        0.0000178897   0.0000450309  -0.0001180817   0.0000959990   0.0003234563
       -0.0000316455  -0.0006404439  -0.0001572020   0.0018552563  -0.0007657755
        0.0050998059  -0.0069333071   0.0071967118  -0.0275287304  -0.0527080926
        0.0337670777   0.0196462205  -0.2421495931   0.0703180493  -0.0322077213
        0.0008315185   0.0001382128   0.0008632985   0.0022654864  -0.0000917844
       -0.0017152212  -0.0252526880  -0.0210695207   0.0076947313   0.0000691126
        0.0000098993   0.0000798123   0.0000363302   0.0000011819   0.0000372024
       -0.0001669419  -0.0001414423  -0.0001046569   0.0000860447   0.0001310800
        0.0000761187   0.0000389582   0.0000163593   0.0000143801   0.0000318331
        0.0000699837  -0.0000501522  -0.0001334818  -0.0000156635   0.0000255872
        0.0000701295  -0.0000105438  -0.0000167328  -0.0000650720  -0.0000977418
       -0.0000243165  -0.0000427116  -0.0000641494   0.0000085256   0.0000412804
        0.0000322532   0.0000213985  -0.0000159607   0.0000090805  -0.0000037522
       -0.0000755478   0.0002630698   0.0000982657  -0.0000309592  -0.0000565937
        0.0000309191   0.0000590647   0.0000349322  -0.0000075722  -0.0000188680
       -0.0000016160   0.0000037160   0.0000104634   0.0000058639   0.0000049118
        0.0000044970   0.0000021456  -0.0000075494  -0.0000021640  -0.0000054214
       -0.0000005745
       -0.0000903377   0.0001742668   0.0007551354  -0.0000721140   0.0000064532
       -0.0002006964  -0.0000246204  -0.0000405556   0.0000545552  -0.0000428727
        0.0000076689  -0.0000052571  -0.0000091353  -0.0000363284  -0.0000078663
        0.0000192293  -0.0000096939   0.0000080889   0.0000484859   0.0000617337
        0.0000003082   0.0000076647   0.0000141729  -0.0000203008   0.0000179037
        0.0000026898   0.0000231086  -0.0001185316  -0.0014449468  -0.0020495779
       -0.0019782900  -0.0001852663   0.0000635171  -0.0025911397  -0.0126337805
        0.0220588527   0.0101167970  -0.0614637914   0.0240766274  -0.0265263510
        0.5043198997   0.0303327878  -0.0622178030  -0.1363616390   0.0246750729
        0.0001468865   0.0005069116  -0.0002031777   0.0001527444   0.0001347385
       -0.0000514661  -0.0000071684  -0.0000126741   0.0000573413   0.0000157218
       -0.0000860778   0.0000888758   0.0000012319   0.0000022709  -0.0000368700
       -0.0000118300  -0.0000037863  -0.0000047940   0.0000079484  -0.0000167760
       -0.0000051853  -0.0000064297  -0.0000263605   0.0000015080   0.0000023027
       -0.0000062337   0.0000002461  -0.0000040618   0.0000069297  -0.0000126091
       -0.0000013169  -0.0000057067  -0.0000065793   0.0000246168  -0.0000527607
        0.0000127740   0.0000451086   0.0000124276   0.0000165108   0.0000208734
        0.0000301365   0.0001043459  -0.0000096712   0.0000888821   0.0006751670
        0.0003408230   0.0001754246  -0.0001499631  -0.0020261497   0.0035861595
       -0.0234354911   0.0031079217  -0.0020656648   0.0107952831   0.0340995531
       -0.1996688288  -0.1037567594   0.0696428848  -0.0685722902   0.0081438965
       -0.0057026564  -0.0066822454   0.0046804474  -0.0182566426  -0.0249195853
        0.0052401647   0.0023168634   0.0055932832  -0.0018584660  -0.0000311122
       -0.0000301324   0.0000626973  -0.0000289495  -0.0000087909   0.0000168377
        0.0000238384   0.0000517665  -0.0000724342  -0.0004982112  -0.0004287256
       -0.0000300445   0.0000115981  -0.0000141218   0.0000026040  -0.0001142681
        0.0000635432  -0.0000748276   0.0000654615  -0.0000032656  -0.0000065840
       -0.0000435434   0.0000195096  -0.0000036546  -0.0005459992   0.0001882161
       -0.0001590759   0.0003671539   0.0000255006   0.0003552379  -0.0001979026
       -0.0001403561  -0.0001719063   0.0000154137   0.0000382084   0.0000290926
        0.0004992925   0.0000625795  -0.0000508500   0.0000743185  -0.0002491642
        0.0000561312  -0.0000410922  -0.0000063641  -0.0000207890   0.0000143798
        0.0000031522   0.0000088556  -0.0000065761  -0.0000055735  -0.0000072501
       -0.0000022489   0.0000025902   0.0000059630   0.0000000075   0.0000023709
        0.0000004415
        0.0001846175  -0.0016282810   0.0001163423  -0.0003173968   0.0001700357
        0.0000140571   0.0001009231  -0.0001508959   0.0000527610  -0.0000351332
        0.0000150171  -0.0000090917  -0.0001054347  -0.0000351363   0.0000140317
        0.0000067795   0.0000263787   0.0000301471   0.0001278370   0.0000482213
        0.0000089092   0.0000275041   0.0000459610  -0.0000274002   0.0000502419
       -0.0000109324   0.0000135239   0.0009981208   0.0028311313   0.0000670091
        0.0000710592  -0.0047630215   0.0001711622   0.0067800775   0.0164468945
       -0.0139993200  -0.0224940200   0.0158581518  -0.1712869991   0.0019649928
        0.0303327878   0.4559216450   0.0237721190   0.0239531120  -0.0723037957
        0.0001648346   0.0004719913  -0.0003775736   0.0000603547   0.0001291357
       -0.0001851244   0.0002656360   0.0003206623   0.0001331137   0.0000120631
       -0.0000682737   0.0001719649   0.0000049686   0.0000040326  -0.0000066948
        0.0000388969   0.0000214150   0.0000030382   0.0000390617  -0.0000262099
       -0.0000336154  -0.0000197567  -0.0000266316  -0.0000067231   0.0000041505
       -0.0000104182  -0.0000080858   0.0000083880   0.0000058659   0.0000025283
       -0.0000149440  -0.0000188159  -0.0000080341  -0.0000344437  -0.0000500590
        0.0000678197   0.0000107393  -0.0000206800   0.0000377727  -0.0000741337
        0.0000158526   0.0000225350   0.0000479414   0.0000141298  -0.0002189717
       -0.0003708334  -0.0003323624   0.0009164713  -0.0024444151   0.0001219453
       -0.0256269674  -0.0050183037   0.0033989571  -0.0096786986   0.0204593694
       -0.1040652346  -0.1090548896  -0.0318219348   0.0087002047  -0.0482125040
        0.0191586358   0.0222014981  -0.0115571884  -0.0095793252  -0.0110411860
        0.0038252311  -0.0016241202  -0.0024128074   0.0011069882   0.0000135541
        0.0000023848   0.0001783964   0.0000159618  -0.0000301002   0.0000473744
       -0.0001787827  -0.0001747999  -0.0002094366  -0.0004420031  -0.0003752641
       -0.0000390609   0.0000311757   0.0000497288   0.0000339805  -0.0000458930
        0.0001623655  -0.0001601366  -0.0001156628  -0.0000702107   0.0000460109
        0.0000374832   0.0000356781  -0.0000287868  -0.0003879624   0.0001416089
       -0.0002383293   0.0002146925  -0.0001685779   0.0004563328  -0.0000260986
        0.0000471636  -0.0002933469   0.0000090670   0.0000067357   0.0000128528
        0.0003566875   0.0000250984   0.0000005187   0.0000565191  -0.0002006144
        0.0001510887   0.0000455199   0.0000619653  -0.0000639060   0.0000011657
        0.0000107029   0.0000191217   0.0000072936   0.0000002642   0.0000017432
        0.0000046785   0.0000064069  -0.0000149438  -0.0000025128  -0.0000029713
        0.0000051530
       -0.0000609239   0.0001525377  -0.0000843199   0.0000944460  -0.0000428810
        0.0000276768  -0.0000029931   0.0000343390  -0.0000115120   0.0000122122
       -0.0000079193   0.0000034875   0.0000356913   0.0000122437  -0.0000080473
        0.0000079844  -0.0000036309   0.0000032371  -0.0000214260  -0.0000115269
       -0.0000012047  -0.0000281468  -0.0000177247   0.0000132230  -0.0000159503
        0.0000166001  -0.0000121330  -0.0001130866  -0.0002184118   0.0001872885
        0.0001467789   0.0003746769   0.0000123597   0.0002383266  -0.0002950936
        0.0001131161   0.0003261118  -0.0010816433   0.0021544500  -0.1247945062
       -0.0622178030   0.0237721190   0.4981935920  -0.0291088387   0.0126387599
       -0.0000277181   0.0000460130   0.0000263165   0.0000068156   0.0000100269
        0.0000104696  -0.0000253010  -0.0000393092  -0.0000106082   0.0000014718
       -0.0000195773  -0.0000007731  -0.0000014692  -0.0000032222  -0.0000007035
       -0.0000087336  -0.0000041242  -0.0000043449  -0.0000058968   0.0000047272
        0.0000057488  -0.0000010873   0.0000050327   0.0000007190   0.0000008590
       -0.0000005615  -0.0000010651   0.0000004573  -0.0000014546   0.0000020846
        0.0000017089   0.0000114580  -0.0000073623   0.0000159708  -0.0000022607
       -0.0000131597  -0.0000365289   0.0000321494  -0.0000198627   0.0000311054
        0.0000144998  -0.0000180296   0.0000107390  -0.0000547558  -0.0000331726
        0.0001834189   0.0000905373  -0.0000129921   0.0000976812   0.0000893948
       -0.0002977120   0.0009987520   0.0006907484  -0.0008847807   0.0019250320
       -0.0001714634  -0.0006283279  -0.0247224900  -0.0215446440   0.0081965977
       -0.0469930843   0.0072201311  -0.0285128357  -0.0513284961   0.0347109932
        0.0205919388  -0.2541948852   0.0713225616  -0.0373983817  -0.0000016420
       -0.0000074486  -0.0000099846  -0.0000026071  -0.0000008570  -0.0000017475
        0.0000121585   0.0000258766   0.0000138097  -0.0000312330  -0.0000213717
       -0.0000196577   0.0000025487  -0.0000096554  -0.0000067496   0.0000439917
       -0.0002181360   0.0000457589  -0.0000067989   0.0001173292  -0.0000129145
        0.0000367016  -0.0000759813   0.0000007918  -0.0001250000  -0.0001534294
       -0.0000832788   0.0000704972   0.0006146210   0.0001156338  -0.0000005266
       -0.0004920358  -0.0000402126   0.0000349744  -0.0000056360  -0.0000253807
        0.0000248001   0.0003296024   0.0001883024   0.0000121214  -0.0000262327
        0.0000077177  -0.0000038164  -0.0000575332   0.0000326905  -0.0000103022
       -0.0000117375  -0.0000058208  -0.0000037432   0.0000034992  -0.0000019899
       -0.0000035501   0.0000027310   0.0000072560   0.0000049941  -0.0000054297
       -0.0000024877
       -0.0000303031  -0.0000326792   0.0000735745   0.0000170262   0.0000006535
       -0.0000195914  -0.0000025658  -0.0000029824   0.0000128473  -0.0000032845
        0.0000008091  -0.0000045701  -0.0000048213  -0.0000021004  -0.0000024307
        0.0000086176  -0.0000011903   0.0000040680  -0.0000001860   0.0000054540
       -0.0000024860   0.0000029112   0.0000069947  -0.0000013172   0.0000008380
       -0.0000126783   0.0000097976   0.0000322848  -0.0000184582  -0.0001935705
       -0.0002092032  -0.0000144546   0.0001118623   0.0003062601  -0.0002743873
        0.0018740740  -0.0062223827  -0.0077071381   0.0081306399  -0.0628150889
       -0.1363616390   0.0239531120  -0.0291088387   0.4925141308   0.0124057566
        0.0000157358   0.0001137005  -0.0000472324   0.0000061353   0.0000174760
       -0.0000098543  -0.0000016170  -0.0000029696   0.0000009452  -0.0000453210
       -0.0001008895   0.0000320350   0.0000007776  -0.0000072799  -0.0000117265
       -0.0000005185  -0.0000045926   0.0000032143  -0.0000001698  -0.0000037081
        0.0000031237   0.0000033075   0.0000033692   0.0000085824   0.0000015022
       -0.0000009238   0.0000013705   0.0000008570  -0.0000018623  -0.0000013620
        0.0000021300  -0.0000070815   0.0000051179  -0.0000044006  -0.0000001522
        0.0000009857   0.0000131385  -0.0000152639   0.0000099188   0.0000449848
       -0.0000011278   0.0000167701  -0.0000621294   0.0000072569   0.0000895021
        0.0000299887  -0.0001322024   0.0000379807   0.0003692607   0.0009311015
       -0.0009386738  -0.0003328827   0.0001309847  -0.0004283634  -0.0182228575
       -0.0242460972   0.0054663818   0.0028649211   0.0049489276  -0.0013073844
        0.0071597443  -0.0524107646   0.0446131317   0.0348634869  -0.2097066905
       -0.1051902435   0.0712924516  -0.0676630263   0.0113515400  -0.0000005122
       -0.0000058806   0.0000147317   0.0000003356  -0.0000051849   0.0000009515
        0.0000024903   0.0000032067  -0.0000075226   0.0000460809   0.0000057015
        0.0000177092   0.0000045944  -0.0000024842  -0.0000035100  -0.0000005142
        0.0000863675   0.0000057828   0.0000111422  -0.0000650864   0.0000108679
       -0.0000197908   0.0000409478  -0.0000015246  -0.0000810079   0.0001574462
        0.0000106635  -0.0000560796  -0.0002204287  -0.0001158298   0.0000067555
        0.0001747109   0.0000424586   0.0000176978  -0.0000394484   0.0000141350
        0.0001092306  -0.0000894508  -0.0000277587  -0.0000225764  -0.0000175489
       -0.0000032579   0.0000025704   0.0000261644  -0.0000158379   0.0000007411
        0.0000034703   0.0000047893   0.0000056755  -0.0000038155  -0.0000003474
        0.0000041199  -0.0000024684  -0.0000044649  -0.0000007423   0.0000052629
        0.0000004385
        0.0000471445   0.0005849226  -0.0004214558   0.0001015934  -0.0000666464
        0.0001015824  -0.0000176646   0.0000770591  -0.0000560787   0.0000229356
        0.0000065884   0.0000302495   0.0000596117   0.0000253863   0.0000027051
       -0.0000160563  -0.0000061669  -0.0000272393  -0.0000734608  -0.0000377767
       -0.0000028294  -0.0000095555  -0.0000266958   0.0000247364  -0.0000194775
        0.0000067025  -0.0000165184  -0.0003829168  -0.0004069820   0.0009393622
        0.0009277932   0.0016202830  -0.0001551619  -0.0009898213   0.0006529131
       -0.0053466625   0.0176474445   0.0220112495  -0.0161481930   0.0244779251
        0.0246750729  -0.0723037957   0.0126387599   0.0124057566   0.5209543638
       -0.0000831800  -0.0000809873   0.0001209945   0.0000058250  -0.0000222755
        0.0000642846  -0.0001135687  -0.0001302359  -0.0000537759  -0.0000275030
       -0.0000211823  -0.0000630995   0.0000019364  -0.0000090685   0.0000312958
       -0.0000108051  -0.0000092088  -0.0000077251  -0.0000160927   0.0000191914
        0.0000176355   0.0000056961   0.0000115497  -0.0000038869  -0.0000026625
        0.0000071860   0.0000048261  -0.0000063214  -0.0000024235  -0.0000006699
        0.0000089531   0.0000093068  -0.0000030233   0.0000196058   0.0000302175
       -0.0000282392  -0.0000150864   0.0000204061  -0.0000164265  -0.0000109982
       -0.0000144993  -0.0000420332   0.0000784384  -0.0001016936  -0.0002157342
        0.0001243633   0.0001692353   0.0001020706   0.0003124028   0.0007952332
        0.0010060649   0.0008817778   0.0000397593   0.0006442736  -0.0092549193
       -0.0109676217   0.0039898356  -0.0013437039  -0.0019861842   0.0014851124
       -0.0285268766   0.0448582345  -0.2720887420   0.0205686458  -0.1054687502
       -0.1111605507  -0.0371939490   0.0111799609  -0.0514478666  -0.0000152852
       -0.0000074710  -0.0000532070  -0.0000047601   0.0000047750  -0.0000175856
        0.0000757520   0.0000827590   0.0000671879   0.0001207297   0.0001102164
        0.0000207471  -0.0000218020  -0.0000159280  -0.0000059531   0.0000507074
       -0.0001681392   0.0001023239   0.0000396988   0.0000977934  -0.0000139364
        0.0000002777  -0.0000570799   0.0000090831   0.0000816022   0.0000100739
        0.0000052827  -0.0001188998   0.0002959611  -0.0001978860   0.0000078838
       -0.0001740286   0.0000751350   0.0000240979  -0.0000257032   0.0000114211
       -0.0000228622   0.0000211521   0.0000814254   0.0000009884   0.0000440630
       -0.0000197708  -0.0000260741  -0.0000584555   0.0000268061   0.0000029211
       -0.0000036792  -0.0000079603  -0.0000073371  -0.0000018936  -0.0000021743
       -0.0000075905   0.0000005393   0.0000086581   0.0000037194  -0.0000027710
        0.0000007181
        0.0010364982   0.0010958319   0.0005793849  -0.0010718497   0.0002872705
       -0.0002233124   0.0000839530  -0.0001176750   0.0002288459  -0.0000144352
        0.0000697793   0.0000291890  -0.0000388515  -0.0001162911   0.0001180544
        0.0001257138   0.0000769800  -0.0000827029   0.0000736622   0.0002127993
       -0.0003519958   0.0000355910   0.0000689364  -0.0001261136   0.0001429809
       -0.0000653382   0.0003435061  -0.0007332081  -0.0010198391  -0.0000555056
       -0.0002901967   0.0004038078  -0.0003849299  -0.0003093978  -0.0005279943
        0.0002373945  -0.0000252001   0.0001331214  -0.0001760817  -0.0000696827
        0.0001468865   0.0001648346  -0.0000277181   0.0000157358  -0.0000831800
        0.3602137968   0.0179325237   0.1154232183  -0.0060921331  -0.0115847981
        0.0001074298  -0.0007020056  -0.0001837734  -0.0007731943  -0.1906768741
       -0.1560229810  -0.0216116074   0.0000341064  -0.0000588645  -0.0000364711
        0.0000310059  -0.0000177531  -0.0000123721   0.0001134843  -0.0001488786
       -0.0000197823  -0.0001963060   0.0000221668   0.0001427380   0.0000289054
       -0.0000354815   0.0000234346  -0.0000075670   0.0000316399  -0.0000747221
       -0.0000154561  -0.0000643000  -0.0000487904   0.0002471388  -0.0003505838
        0.0001076961   0.0002836329  -0.0000324241   0.0000880187   0.0004403924
       -0.0000490839   0.0000073250   0.0001566062   0.0000008680   0.0000022433
        0.0002999375  -0.0001182754  -0.0000004023   0.0000605490  -0.0000342609
       -0.0000610301   0.0001331577   0.0000728747   0.0001201018  -0.0001867848
        0.0001774351  -0.0000216194   0.0001916663  -0.0001600642   0.0000101904
        0.0000024542   0.0000581440  -0.0000163188   0.0000136098  -0.0000872588
       -0.0000481888   0.0001130151   0.0000647829   0.0000429777  -0.0005416702
        0.0006859120  -0.0024824854  -0.0018171691  -0.0009176552   0.0000582388
        0.0002768486  -0.0007599649   0.0019274553  -0.1578275554   0.1515859409
       -0.0928838918   0.0000184861   0.0002109897  -0.0002584795  -0.0006894288
        0.0007371754  -0.0004298433   0.0005034542  -0.0002662467  -0.0000901924
       -0.0003470769   0.0003092180   0.0000103933  -0.0025694396  -0.0005576061
       -0.0014632317   0.0021853797  -0.0000882856   0.0024403016  -0.0008275605
       -0.0006511353  -0.0011457393   0.0002115625   0.0001165048  -0.0001376987
       -0.0000525780  -0.0000209883   0.0000650383  -0.0018149518  -0.0005535307
        0.0008841495  -0.0002022337   0.0000813193  -0.0000908229   0.0001132799
        0.0000291115   0.0000272410  -0.0000192002  -0.0000312965  -0.0000207976
       -0.0000042903  -0.0000044453   0.0000132485  -0.0000000475   0.0000193183
        0.0000088544
        0.0004994463   0.0016226409   0.0002019369   0.0001646945  -0.0003214064
        0.0001548704  -0.0001114042   0.0003047074  -0.0001134041   0.0001407482
       -0.0000033087  -0.0000216389  -0.0000941391   0.0001205650   0.0000334411
       -0.0001550431   0.0000378766  -0.0000513964  -0.0003239107  -0.0006457306
       -0.0001431427   0.0000423449   0.0000196434  -0.0000384301  -0.0000030197
       -0.0000119890   0.0000758951  -0.0005540093  -0.0021114795   0.0005520079
        0.0001763886   0.0006492578  -0.0007576007  -0.0001323851  -0.0003521885
       -0.0001545475   0.0000909064   0.0001123337  -0.0000779039  -0.0001735707
        0.0005069116   0.0004719913   0.0000460130   0.0001137005  -0.0000809873
        0.0179325237   0.5313641283  -0.1289081474  -0.0105452412  -0.0092171328
        0.0003840267  -0.0005511590  -0.0007336040  -0.0006916126  -0.1909949951
       -0.2388250180  -0.0069106029  -0.0000245620   0.0000107637   0.0001148327
       -0.0000129161  -0.0000084738   0.0000603218  -0.0000987742   0.0000757819
        0.0000320583   0.0001672143   0.0001342801   0.0001034771  -0.0000199127
        0.0000163988   0.0000142255   0.0000109601   0.0000142180  -0.0000024697
        0.0000196549  -0.0000106025   0.0000209585  -0.0001388523  -0.0001126580
       -0.0000262319   0.0001424524  -0.0000501576   0.0000172793  -0.0000098916
        0.0000311265  -0.0000174014   0.0002274528  -0.0000834454   0.0001041318
        0.0000209548   0.0000527165   0.0002156820   0.0000828164  -0.0001465734
       -0.0001269635   0.0000301109   0.0000934840   0.0000745182   0.0001645115
       -0.0004971458  -0.0005564213   0.0000068479   0.0000572254  -0.0000199967
        0.0000015585   0.0000119764   0.0000359482  -0.0000115666  -0.0001399057
       -0.0000571143  -0.0000361199   0.0000033209   0.0000158253  -0.0000906003
       -0.0004069940  -0.0028271787  -0.0012821002  -0.0003194178   0.0005669729
        0.0000138389  -0.0001079263   0.0019879318   0.1860563434  -0.2805467823
        0.1364747861  -0.0000577977  -0.0000303093  -0.0000930524  -0.0003432186
        0.0007108175  -0.0002710376   0.0001771384  -0.0002915408  -0.0000525824
       -0.0001480656   0.0002396845   0.0000358391  -0.0015324212   0.0000882477
       -0.0004157519   0.0011730869  -0.0010930154   0.0009028993  -0.0003796395
        0.0003027035  -0.0002023658  -0.0000665890   0.0000975604   0.0001464091
        0.0000352887   0.0000640426  -0.0000073050   0.0004822321  -0.0009224433
       -0.0001443634  -0.0000434418   0.0001276919  -0.0000268489   0.0000332302
        0.0000120273   0.0000020044   0.0000030759  -0.0000080704  -0.0000010631
        0.0000016850  -0.0000065064  -0.0000023772  -0.0000081729   0.0000079928
       -0.0000003310
       -0.0000436390  -0.0000021398  -0.0007727982   0.0010390987  -0.0005349127
        0.0005451498  -0.0000017940   0.0003519317   0.0001949032   0.0000119751
        0.0000893671   0.0001186404   0.0002522658   0.0000105925  -0.0001057451
        0.0001926888  -0.0003016595  -0.0002217253  -0.0000775099   0.0001649956
       -0.0003267234  -0.0000665086  -0.0001418142   0.0000346545  -0.0000931575
        0.0000468038  -0.0000933981  -0.0007723827   0.0006436875   0.0001643993
       -0.0002488401  -0.0008307772  -0.0009450879   0.0002273770   0.0013951726
       -0.0005438677  -0.0000349360  -0.0003656072   0.0004656626  -0.0002391694
       -0.0002031777  -0.0003775736   0.0000263165  -0.0000472324   0.0001209945
        0.1154232183  -0.1289081474   0.0853354538  -0.0010847901  -0.0008540063
        0.0044365178  -0.0007119667  -0.0009364865   0.0002057166  -0.0124397084
        0.0053946585  -0.0165562791  -0.0000264876  -0.0000515358   0.0000373568
       -0.0001340263  -0.0000382363  -0.0000210994  -0.0002458459   0.0001673670
        0.0001375151   0.0000574571  -0.0001864964  -0.0003859201  -0.0000440065
        0.0000537433   0.0000214634  -0.0000413532  -0.0000060801   0.0000020401
        0.0000584446   0.0000729694   0.0000439259   0.0000647082   0.0001207590
       -0.0003949004   0.0000165406   0.0000204241  -0.0000771004  -0.0000857268
        0.0000764482   0.0001050490   0.0006138214  -0.0000106937   0.0000381822
       -0.0000392873  -0.0000407097   0.0001670695  -0.0000849719  -0.0001983988
       -0.0000068068   0.0001250723   0.0000584843   0.0000477409   0.0001247299
        0.0002406033  -0.0003983485   0.0000082033   0.0000189317  -0.0000295820
       -0.0000478907  -0.0001806487   0.0001636938  -0.0000306800   0.0000325077
        0.0000257190  -0.0000079885  -0.0000188763  -0.0000564291  -0.0003434869
       -0.0007629758  -0.0010607267   0.0002644520   0.0011461074  -0.0003961306
        0.0004736280   0.0007462876   0.0006576529  -0.1017737514   0.1242927919
       -0.0699894670  -0.0001120713  -0.0002628564  -0.0000140184  -0.0001563085
       -0.0003209231   0.0004579416   0.0003719950   0.0000423482  -0.0001223983
       -0.0001755964   0.0000182329   0.0001200752   0.0004946853   0.0001616759
        0.0012355146  -0.0001924335   0.0000703839  -0.0010964974   0.0000866955
        0.0002513763   0.0006651097  -0.0005658701   0.0001196678   0.0003179484
        0.0000326847  -0.0000622192  -0.0001736174   0.0001106707  -0.0004027440
       -0.0018113188  -0.0001305628  -0.0001055284   0.0001422079   0.0000151864
       -0.0000173386  -0.0000549422  -0.0000178335  -0.0000001077   0.0000095782
       -0.0000187385  -0.0000235038   0.0000270767  -0.0000025951   0.0000075145
       -0.0000124517
        0.0012948320   0.0007740681  -0.0000702061  -0.0006798520   0.0001012771
       -0.0000090939   0.0002528453  -0.0000364295   0.0002112291  -0.0001433892
        0.0000767527   0.0000783254   0.0000415800  -0.0001235011  -0.0000883567
        0.0000974314  -0.0001100540  -0.0002116072   0.0006562553   0.0007769873
        0.0003471201  -0.0000785513  -0.0000516205  -0.0000642656   0.0000048082
        0.0000095028   0.0001369196  -0.0008404746   0.0002522564   0.0003652114
        0.0000466270  -0.0001079158  -0.0001546624  -0.0001295902   0.0003694961
       -0.0000871295  -0.0000274311  -0.0001131334   0.0001388570  -0.0001659007
        0.0001527444   0.0000603547   0.0000068156   0.0000061353   0.0000058250
       -0.0060921331  -0.0105452412  -0.0010847901   0.0577215119  -0.0222725958
       -0.1238286375  -0.0024089979  -0.0008737087   0.0004038745  -0.0057510805
        0.0027413490  -0.0002091688  -0.0000269597  -0.0001046215  -0.0001366467
       -0.0000609815  -0.0000363794  -0.0000716568   0.0000624010  -0.0000740585
       -0.0000144249   0.0000108895  -0.0007643272   0.0001344373   0.0000266909
       -0.0000130794   0.0000218963  -0.0000591813   0.0000084936  -0.0000579756
        0.0000002652  -0.0000045426  -0.0000274514   0.0002119234  -0.0000589746
       -0.0000157662   0.0001360188   0.0000135720   0.0000294385   0.0001871979
       -0.0001930825  -0.0000432092   0.0002497747   0.0000603901   0.0000829379
        0.0000867686  -0.0000932276   0.0000193423  -0.0000069319  -0.0001074546
       -0.0000667263   0.0000858121   0.0000368117   0.0000433422   0.0000274632
       -0.0000034083  -0.0001317879   0.0000625607  -0.0000454328  -0.0000030508
       -0.0000175633  -0.0000018741   0.0000300428  -0.0000042419  -0.0000736686
       -0.0000385747   0.0000404820   0.0000256911   0.0000103493  -0.0306117308
       -0.0311267540   0.0703389166  -0.0184659764   0.0629070093   0.0478804674
        0.0039057903  -0.0014857399   0.0067586396  -0.0002389779   0.0001963129
        0.0001776554   0.0004983057  -0.0002946517  -0.0008147913  -0.0003029864
        0.0000335357  -0.0000271501   0.0004539807  -0.0000329031  -0.0000758031
       -0.0002763589   0.0001041201   0.0000183345  -0.0004550854  -0.0000627598
       -0.0002976586   0.0006555110   0.0003265815   0.0006046035  -0.0003938492
       -0.0003702328  -0.0003618350   0.0000856667   0.0000561669  -0.0000492157
        0.0000022085  -0.0000250400   0.0000054543   0.0004711017   0.0002452691
        0.0001496133  -0.0001931268  -0.0000556209  -0.0000093932   0.0000811530
        0.0000065587   0.0000001873  -0.0000262364  -0.0000273943  -0.0000201107
       -0.0000113659  -0.0000091134   0.0000182657   0.0000042819   0.0000174598
       -0.0000004947
        0.0008870581   0.0014662139  -0.0000132126  -0.0000801328  -0.0001018426
        0.0002214888  -0.0000340264   0.0001564161   0.0000445510   0.0000330908
        0.0000078444  -0.0000256333  -0.0000236769   0.0000130325   0.0000367883
       -0.0000129402   0.0000372638  -0.0000233060  -0.0002155492  -0.0000239290
       -0.0004945671   0.0000048030   0.0000095502  -0.0000269787   0.0000245910
       -0.0000316407   0.0000925820   0.0000098301  -0.0007407331   0.0003917689
        0.0001135074   0.0004078865  -0.0002547565   0.0000636049  -0.0000033756
       -0.0000082856   0.0000150653   0.0000531140   0.0000308970  -0.0000253301
        0.0001347385   0.0001291357   0.0000100269   0.0000174760  -0.0000222755
       -0.0115847981  -0.0092171328  -0.0008540063  -0.0222725958   0.4279642135
        0.0770067705  -0.0015368800  -0.0022571588  -0.0004886231   0.0029358930
       -0.0012994768   0.0000678845  -0.0000051274  -0.0000280425   0.0000448299
       -0.0000226830  -0.0000082113   0.0000197052  -0.0000597376  -0.0000033269
        0.0000428975  -0.0000819418  -0.0001437220   0.0001359441  -0.0000116744
       -0.0000031441   0.0000135457  -0.0000077642   0.0000096798  -0.0000198688
        0.0000000663  -0.0000057716  -0.0000076391   0.0000466216  -0.0001115441
        0.0000164728   0.0000898372  -0.0000235025   0.0000235215  -0.0001132850
        0.0000507437   0.0000982311   0.0000397541   0.0000023466   0.0001243949
       -0.0000319140   0.0000442864   0.0000781836   0.0000271278  -0.0000645818
       -0.0000569999  -0.0000111483   0.0000232674   0.0000193645   0.0000872110
       -0.0000400174  -0.0001255822  -0.0000233503   0.0000355399  -0.0000133431
        0.0000036135   0.0000190826  -0.0000057743  -0.0000032422  -0.0000651160
       -0.0000266938  -0.0000144940   0.0000054121   0.0000091317  -0.0215032962
       -0.0911103314   0.0893355470   0.0543813901  -0.3274704961  -0.1752420763
       -0.0013907891   0.0022424050   0.0090731446  -0.0000019190   0.0007700474
       -0.0002426123   0.0001068894  -0.0008732531   0.0009233048  -0.0002470207
        0.0003069805  -0.0001346100   0.0001593623  -0.0002039703  -0.0000192120
       -0.0001346049   0.0001703403   0.0000083136  -0.0004687520  -0.0000260378
       -0.0002752329   0.0005802117  -0.0003202970   0.0005146107  -0.0002529957
        0.0000269121  -0.0002071583   0.0000480762   0.0000270819   0.0000027774
        0.0000377589   0.0000414199  -0.0000056710   0.0004894563   0.0000624330
        0.0001218766  -0.0000455916   0.0000770114  -0.0000372659   0.0000318767
        0.0000069637   0.0000081797  -0.0000028165  -0.0000113588  -0.0000032618
       -0.0000003318  -0.0000044462  -0.0000031802  -0.0000063142   0.0000027574
        0.0000019831
       -0.0020956812  -0.0026979821  -0.0008628762   0.0011614648  -0.0002583998
        0.0002479894  -0.0001141562   0.0000352289  -0.0001433672   0.0000763919
        0.0000426813   0.0000898894   0.0001600085   0.0000513219  -0.0000319422
        0.0000681847  -0.0001442082  -0.0001358841  -0.0000781239   0.0001306619
        0.0003104974  -0.0000248535  -0.0000918339   0.0000104363  -0.0001017913
        0.0000550000  -0.0000498429   0.0002732593   0.0019787119  -0.0004022998
       -0.0000930871  -0.0007585483   0.0005361999  -0.0000228101   0.0007243399
       -0.0001629877  -0.0000611024  -0.0003041232   0.0001578537  -0.0001210515
       -0.0000514661  -0.0001851244   0.0000104696  -0.0000098543   0.0000642846
        0.0001074298   0.0003840267   0.0044365178  -0.1238286375   0.0770067705
        0.4934028360   0.0031472949   0.0028037955   0.0012066511  -0.0012148009
       -0.0010928019  -0.0065786279  -0.0000030212  -0.0000004067  -0.0000334428
       -0.0000485538  -0.0000301711  -0.0000342174  -0.0000765609   0.0000725527
        0.0000544387   0.0000085348  -0.0001656831  -0.0003377450  -0.0000107690
        0.0000243492   0.0000120602  -0.0000254109  -0.0000052274  -0.0000071998
        0.0000095898   0.0000327550   0.0000079963   0.0000605922   0.0000537082
       -0.0001264740   0.0000024600   0.0000192862  -0.0000300984  -0.0000740278
        0.0000837877  -0.0001146760  -0.0000346628  -0.0000218932  -0.0000063701
       -0.0000052448  -0.0000157152  -0.0000105581  -0.0000597817  -0.0000424615
       -0.0000083217   0.0000238976  -0.0000014924  -0.0000065003  -0.0000215112
        0.0000464867   0.0000120528   0.0000309592  -0.0000233652  -0.0000013803
       -0.0000204956  -0.0000505998   0.0000599320  -0.0000031374   0.0000237693
        0.0000010843   0.0000143509   0.0000025824  -0.0000153760   0.0701562835
        0.1256567077  -0.3016465756   0.0489541336  -0.2096414315  -0.1650205503
        0.0051727234   0.0061520430  -0.0212980723  -0.0000350833  -0.0006036136
       -0.0006505606  -0.0011462414   0.0007567585  -0.0027912906  -0.0000331218
       -0.0002222894   0.0001729554   0.0002541926   0.0000558282  -0.0000812695
       -0.0001127588  -0.0000067788   0.0000710063   0.0001456179   0.0000004910
        0.0001647626  -0.0001634004   0.0002361804  -0.0003474861   0.0000002428
       -0.0000569133   0.0001625969  -0.0000592060   0.0000128453   0.0000328360
       -0.0000041774  -0.0000191050  -0.0000207419  -0.0000434164  -0.0000279636
       -0.0001437838  -0.0000925842  -0.0000825312   0.0000758281   0.0000163149
       -0.0000110769  -0.0000257098  -0.0000171541  -0.0000023487   0.0000038492
       -0.0000093093  -0.0000109457   0.0000223539   0.0000013285   0.0000085615
       -0.0000055555
       -0.0005023366   0.0070157131   0.0030007931  -0.0039997307   0.0017785393
       -0.0008244633   0.0005867719  -0.0006619565   0.0003180768  -0.0004418364
       -0.0001815292  -0.0000893994  -0.0003050169  -0.0002443165  -0.0000112148
       -0.0001470008   0.0001791408   0.0005003047  -0.0003858627   0.0001527308
       -0.0001450753   0.0000973793   0.0001995139  -0.0000637342   0.0001915413
       -0.0000838390  -0.0000307382   0.0045189533  -0.0037634500   0.0010250506
       -0.0003744802   0.0032663404  -0.0018961892   0.0004079067  -0.0015801821
        0.0002095877   0.0000858143   0.0006939194  -0.0002478557   0.0002512094
       -0.0000071684   0.0002656360  -0.0000253010  -0.0000016170  -0.0001135687
       -0.0007020056  -0.0005511590  -0.0007119667  -0.0024089979  -0.0015368800
        0.0031472949   0.1931926412   0.1253097910   0.0826885699   0.0011994321
        0.0008457363   0.0002714479  -0.0000236392   0.0000869817   0.0000233788
        0.0001229242   0.0001281878   0.0000473178   0.0000811156  -0.0000752440
       -0.0001436018  -0.0000726181   0.0003811084   0.0003974341  -0.0000017458
       -0.0000301339  -0.0000425410   0.0000478207  -0.0000043873   0.0000425883
       -0.0000320978  -0.0000492829   0.0000015227  -0.0001311797  -0.0000465888
        0.0001622340  -0.0000730959  -0.0000360902   0.0000149542  -0.0006219865
        0.0006203375   0.0005204753  -0.0002963199  -0.0001961133   0.0001244605
       -0.0000934894   0.0000887062  -0.0000580756   0.0001345546   0.0001555195
        0.0000518701  -0.0000808221  -0.0000242833   0.0000235674   0.0000012640
       -0.0000266486  -0.0000019916  -0.0000700825   0.0000246600  -0.0000099221
        0.0000296797   0.0000586766  -0.0000880964  -0.0000030344   0.0000115745
        0.0000328249  -0.0000187648  -0.0000189654   0.0000218215   0.0027996628
        0.0013173334  -0.0072565059   0.0003603182   0.0002173229  -0.0001876548
       -0.1643503505  -0.1118629697  -0.0677904542   0.0001394673   0.0002787891
        0.0001467149  -0.0293255655  -0.0219825044  -0.0132625212   0.0001876067
        0.0002432197  -0.0001770229  -0.0005626963  -0.0000076145   0.0001146161
        0.0002936463  -0.0000674547  -0.0000774434  -0.0000296191   0.0000220601
       -0.0001062012  -0.0000706152  -0.0003579484   0.0002405414   0.0001692019
        0.0001612680  -0.0000925796   0.0000281361  -0.0000324989  -0.0000367277
       -0.0000248882   0.0000178903   0.0000227096   0.0000570098   0.0000324009
        0.0001094570   0.0002211834   0.0001171485  -0.0000738949  -0.0000692100
        0.0000097727   0.0000260385   0.0000308584   0.0000203170   0.0000113196
        0.0000161159   0.0000167213  -0.0000292877  -0.0000078252  -0.0000205950
        0.0000061189
        0.0035185546   0.0043471373   0.0030191755  -0.0031680432   0.0043039127
       -0.0005199853   0.0016071899  -0.0006985403   0.0007746286  -0.0005355841
       -0.0002252249   0.0001687902  -0.0001965601  -0.0002987173  -0.0001785859
        0.0000648346  -0.0001077959   0.0002321504   0.0005605284  -0.0003863368
        0.0006781493   0.0000057153   0.0001693269  -0.0000936272   0.0001598382
       -0.0000415922  -0.0000617933   0.0022871403  -0.0060146691   0.0013823006
       -0.0001767055   0.0027243156  -0.0020300195   0.0003086161  -0.0018057988
        0.0002723474   0.0000617235   0.0007055171  -0.0002549043   0.0002494020
       -0.0000126741   0.0003206623  -0.0000393092  -0.0000029696  -0.0001302359
       -0.0001837734  -0.0007336040  -0.0009364865  -0.0008737087  -0.0022571588
        0.0028037955   0.1253097910   0.1326919366   0.0903619817   0.0006742098
        0.0011515377   0.0003925398  -0.0000768013   0.0000581298  -0.0002114112
        0.0001104568   0.0001060706  -0.0000178756   0.0000594716  -0.0000671778
       -0.0001575475   0.0003530008   0.0000873775  -0.0009994757   0.0000067901
       -0.0000336702  -0.0000521104   0.0000210186  -0.0000090102   0.0000441565
       -0.0000330572  -0.0000416052   0.0000016820  -0.0000843059   0.0000105649
        0.0001066396  -0.0000831302  -0.0000116312   0.0000103296   0.0000933620
       -0.0008447175   0.0005452786  -0.0000053509  -0.0000114053   0.0000684307
       -0.0000241775  -0.0000112386  -0.0000750656   0.0001506951   0.0001761081
        0.0000630908  -0.0000144132  -0.0000049945   0.0000277169  -0.0000224505
       -0.0000276492  -0.0000062938  -0.0000468889  -0.0000003219   0.0000019054
        0.0000351565   0.0000718949  -0.0001002858  -0.0000001447   0.0000170895
        0.0000357297   0.0000070610  -0.0000123810   0.0000251236   0.0009128989
        0.0034208937  -0.0053022706   0.0000074193   0.0000426289  -0.0004456886
       -0.1335445510  -0.1427456793  -0.0945417731   0.0000394976   0.0001370888
        0.0003558076   0.0023402014   0.0061250641   0.0044414567   0.0002075739
        0.0000291575  -0.0000721262  -0.0004787448   0.0001324234   0.0000956500
        0.0002628112  -0.0001587080  -0.0000632530   0.0000393656   0.0000048488
       -0.0000650479  -0.0001757416   0.0000236166   0.0001493659   0.0001944265
       -0.0000350439  -0.0001145041   0.0000317745  -0.0000375736  -0.0000507422
       -0.0000399205  -0.0000109672   0.0000448908  -0.0000035397   0.0000753869
        0.0000997091   0.0001582067   0.0000261059  -0.0000464282  -0.0000571008
        0.0000036102   0.0000162757   0.0000192011   0.0000139529   0.0000057283
        0.0000086151   0.0000116385  -0.0000196904  -0.0000025453  -0.0000184793
        0.0000017387
        0.0027653787   0.0033010471  -0.0042868876  -0.0022623984   0.0018049927
        0.0004253156   0.0007935495  -0.0001624377   0.0003680980  -0.0004695934
       -0.0000372802   0.0000617724  -0.0001643155  -0.0001823153  -0.0001424665
        0.0000353644  -0.0000503647  -0.0000077209   0.0001182505   0.0002095765
        0.0006005312  -0.0000273934   0.0000437420  -0.0000712253   0.0000805485
       -0.0000312714   0.0000365919   0.0020315983  -0.0004899270   0.0007671872
       -0.0001693034   0.0014781256   0.0000413071   0.0001759340  -0.0004122171
        0.0000239165  -0.0000128374   0.0001765930  -0.0001796167   0.0000937994
        0.0000573413   0.0001331137  -0.0000106082   0.0000009452  -0.0000537759
       -0.0007731943  -0.0006916126   0.0002057166   0.0004038745  -0.0004886231
        0.0012066511   0.0826885699   0.0903619817   0.0900416787   0.0006816868
        0.0008399741  -0.0006427919  -0.0000702243  -0.0001169661  -0.0001662097
        0.0000167950   0.0000280006  -0.0000199124   0.0000008125  -0.0000454709
       -0.0000704265   0.0006772123  -0.0005090608  -0.0008275058   0.0000120800
       -0.0000193728  -0.0000166620  -0.0000200363  -0.0000006597  -0.0000036356
       -0.0000127870  -0.0000265709  -0.0000117770   0.0000043094  -0.0000204908
        0.0000550681   0.0000066161  -0.0000155473   0.0000183640  -0.0002290787
       -0.0002423696  -0.0000401611  -0.0000549888  -0.0000835452   0.0000885483
       -0.0000270670   0.0000206935   0.0000496582   0.0000369285   0.0000035785
        0.0000108379  -0.0000181188  -0.0000001326   0.0000179155   0.0000182712
       -0.0000194277  -0.0000411549  -0.0000269860   0.0000144441  -0.0000081266
        0.0000144027   0.0000296251  -0.0000405206  -0.0000019090  -0.0000180344
        0.0000038918  -0.0000050599  -0.0000022438   0.0000107764  -0.0024701291
       -0.0018299696  -0.0044321543  -0.0000783652   0.0002934771  -0.0004716783
       -0.0948261186  -0.1037148859  -0.0918211729   0.0002380859   0.0001646136
        0.0000143038   0.0107571803   0.0102812942   0.0092510160   0.0000025344
        0.0000872912  -0.0000776063  -0.0001218848  -0.0000100683   0.0000371795
        0.0000454798  -0.0000004857  -0.0000364070  -0.0000929332   0.0000008365
       -0.0001062510   0.0001233888  -0.0000183582   0.0002493321  -0.0000332031
       -0.0000537055  -0.0001527477   0.0000237214  -0.0000015100  -0.0000222497
       -0.0000132705  -0.0000086498   0.0000134946   0.0001123591   0.0000746650
        0.0000456980   0.0000399051   0.0000313524  -0.0000401564  -0.0000104089
        0.0000021131   0.0000165514   0.0000043284  -0.0000021468  -0.0000011116
        0.0000034776   0.0000034276  -0.0000071178  -0.0000042297  -0.0000040100
        0.0000047146
       -0.0009210816  -0.0009209851  -0.0002836525   0.0005751673  -0.0000906695
       -0.0000180935  -0.0001509267   0.0000256482  -0.0002191838   0.0000896020
       -0.0000408066  -0.0000163708  -0.0000286632   0.0001138124   0.0000259431
       -0.0001638967   0.0000141664   0.0001147114  -0.0004462441  -0.0005260692
        0.0001142616   0.0000512421   0.0000179789   0.0000428606  -0.0000317301
        0.0000135586  -0.0001139108   0.0008480374   0.0003648659  -0.0002834942
       -0.0000626607  -0.0000904808   0.0002905100   0.0000587790  -0.0001241071
        0.0000688250   0.0000063735   0.0000978037  -0.0000634672   0.0001442810
        0.0000157218   0.0000120631   0.0000014718  -0.0000453210  -0.0000275030
       -0.1906768741  -0.1909949951  -0.0124397084  -0.0057510805   0.0029358930
       -0.0012148009   0.0011994321   0.0006742098   0.0006816868   0.1770968584
        0.1717439839   0.0111951786   0.0000092541   0.0000805066   0.0000774454
        0.0000370953   0.0000258862   0.0000453482  -0.0000564194   0.0000789412
        0.0000073771   0.0003538576   0.0006008293  -0.0001706980  -0.0000184238
        0.0000141785  -0.0000189508   0.0000362142  -0.0000015060   0.0000424468
        0.0000064646   0.0000123716   0.0000296960  -0.0002104224   0.0000557267
       -0.0000139156  -0.0000899168  -0.0000026203  -0.0000247280  -0.0002361090
        0.0001146786  -0.0000466854  -0.0001278417  -0.0001155076  -0.0000126645
       -0.0001086348   0.0000590086  -0.0000470771  -0.0000069034   0.0000598710
        0.0000445816  -0.0000011810  -0.0000244240  -0.0000068051  -0.0000461312
        0.0000366668  -0.0000103162  -0.0000681512  -0.0000108135  -0.0000330607
        0.0000058792  -0.0000096708  -0.0000247156  -0.0000209947   0.0000232243
        0.0000342943  -0.0000036171  -0.0000117737  -0.0000112667   0.0008173630
       -0.0007726380   0.0050420457   0.0035294096   0.0013370552  -0.0007634442
       -0.0005343282   0.0006695683  -0.0028813393   0.0150190727   0.0150769091
        0.0005401488   0.0000149777  -0.0001047185   0.0002891603   0.0002589549
       -0.0000570024   0.0000221548  -0.0002707492   0.0000539900   0.0000316983
        0.0001673428  -0.0000839091  -0.0000050856   0.0001222738   0.0001955921
        0.0002315518  -0.0006448643  -0.0003872622  -0.0003164035   0.0002614061
        0.0002891897   0.0002267327  -0.0001849148  -0.0001291301   0.0000159311
       -0.0000481698   0.0001546332  -0.0000399788   0.0001170711  -0.0004355258
       -0.0001268817   0.0001173350   0.0000140426   0.0000159588  -0.0000504057
       -0.0000025417  -0.0000056671   0.0000131240   0.0000163247   0.0000092923
        0.0000074726   0.0000038518  -0.0000098119  -0.0000044766  -0.0000082108
       -0.0000022234
       -0.0006649840  -0.0012847257  -0.0000957279  -0.0001101095   0.0001845173
       -0.0002731263   0.0000569777  -0.0002309977  -0.0000255394  -0.0000235160
       -0.0000201975   0.0000099409  -0.0000081830  -0.0000512107  -0.0000548544
       -0.0000634592  -0.0000417515  -0.0000073604   0.0003405372   0.0003358348
        0.0004380530  -0.0000316907  -0.0000081706   0.0000187308  -0.0000231186
        0.0000217314  -0.0000716335   0.0003929598   0.0012060397  -0.0006990474
       -0.0002792629  -0.0005660213   0.0003773469  -0.0000433081   0.0000371146
        0.0000371148  -0.0000761936  -0.0000776267  -0.0000460083   0.0000674586
       -0.0000860778  -0.0000682737  -0.0000195773  -0.0001008895  -0.0000211823
       -0.1560229810  -0.2388250180   0.0053946585   0.0027413490  -0.0012994768
       -0.0010928019   0.0008457363   0.0011515377   0.0008399741   0.1717439839
        0.2720183485  -0.0074026078   0.0000064687   0.0000183370  -0.0000755158
        0.0000256033   0.0000140092  -0.0000280650   0.0000840908  -0.0000204321
       -0.0000477662   0.0002184469  -0.0003083088   0.0002259029   0.0000153200
       -0.0000039555  -0.0000162126   0.0000030309  -0.0000071943   0.0000161714
       -0.0000075960   0.0000049408   0.0000038338  -0.0000318978   0.0001001365
        0.0000027506  -0.0000842309   0.0000236356  -0.0000148589   0.0001391655
       -0.0000074455  -0.0000786255  -0.0000791651  -0.0000472040  -0.0001019141
        0.0000305589  -0.0000609957  -0.0001168201  -0.0000300525   0.0001015489
        0.0000577678   0.0000731961  -0.0000280464  -0.0000001460  -0.0001099990
        0.0001551518   0.0001493801  -0.0000046082  -0.0000829061  -0.0000162936
        0.0000038890   0.0000033053  -0.0000322602  -0.0000118191   0.0000534594
        0.0000379002   0.0000599623   0.0000051462  -0.0000056863  -0.0007844018
        0.0003725337   0.0056253478   0.0013988385  -0.0004653224  -0.0020202132
       -0.0000861152   0.0000906652  -0.0030578195  -0.0190196825  -0.0320115683
        0.0022126978   0.0001674131   0.0000700288   0.0000633994   0.0002465820
       -0.0003180988   0.0001107881  -0.0001463986   0.0001756246   0.0000220720
        0.0001088736  -0.0001498308  -0.0000160210   0.0007204308   0.0002754713
        0.0001762915  -0.0006900999   0.0002815137  -0.0003934024   0.0002359316
       -0.0000471219   0.0001371142  -0.0000785045  -0.0000938495  -0.0000696631
       -0.0000156969   0.0000803636  -0.0000199352  -0.0012027492  -0.0004644264
       -0.0000076417   0.0000427284  -0.0000697430   0.0000236844  -0.0000238853
       -0.0000052440  -0.0000068312   0.0000002198   0.0000058296   0.0000020288
        0.0000004564   0.0000022145   0.0000019817   0.0000030773  -0.0000051821
       -0.0000010766
        0.0002387138   0.0006273765   0.0003496548  -0.0006164354   0.0002026957
       -0.0003428469  -0.0000229323  -0.0001027061  -0.0000726220   0.0000693795
       -0.0000530108  -0.0000586680  -0.0000675064   0.0000204620   0.0000980855
       -0.0001126025   0.0001770935   0.0001381211  -0.0001204475  -0.0003275839
       -0.0000755975   0.0000546095   0.0000785826  -0.0000045037   0.0000692070
       -0.0000367345   0.0000368434   0.0001592704  -0.0012422968  -0.0002034730
       -0.0000588503   0.0003574952  -0.0000576582  -0.0000236015  -0.0006889637
        0.0001324551   0.0000319030   0.0002290900  -0.0002055944   0.0001220301
        0.0000888758   0.0001719649  -0.0000007731   0.0000320350  -0.0000630995
       -0.0216116074  -0.0069106029  -0.0165562791  -0.0002091688   0.0000678845
       -0.0065786279   0.0002714479   0.0003925398  -0.0006427919   0.0111951786
       -0.0074026078   0.0208349469   0.0000205719   0.0000360376   0.0000274905
        0.0000712416   0.0000177854   0.0000268277   0.0001207568  -0.0000805550
       -0.0000507605  -0.0001623906   0.0006081873   0.0001519691   0.0000135901
       -0.0000221662  -0.0000111090   0.0000286854   0.0000049402   0.0000018459
       -0.0000201701  -0.0000324248  -0.0000134325  -0.0000484481  -0.0000622607
        0.0001539343  -0.0000049726  -0.0000144969   0.0000312163   0.0001250058
       -0.0000112844   0.0000043317  -0.0001127925  -0.0000201222  -0.0000390296
        0.0000300716   0.0000099491  -0.0000097592   0.0000495185   0.0000583948
       -0.0000021629  -0.0000261664   0.0000013059  -0.0000000498  -0.0000490274
       -0.0000599015   0.0000673587  -0.0000069916  -0.0000156679   0.0000034624
        0.0000194926   0.0000611738  -0.0000582365   0.0000056517  -0.0000227706
       -0.0000067688  -0.0000030186   0.0000043676   0.0000193912   0.0017234553
        0.0017700739   0.0009423341  -0.0005152106  -0.0016049371   0.0003712446
       -0.0002651263  -0.0005484624  -0.0002431991   0.0093862702   0.0140647730
        0.0017574460   0.0000477922   0.0002406330  -0.0000195856   0.0000609613
        0.0001786760  -0.0001856449  -0.0001976658  -0.0000305033   0.0000596844
        0.0000924330  -0.0000013816  -0.0000567628  -0.0001751061  -0.0000115669
       -0.0002654196   0.0001011275  -0.0001633938   0.0004102874  -0.0000256715
       -0.0000136550  -0.0002268580   0.0001548889  -0.0000340168  -0.0000968554
       -0.0000237218   0.0000353948   0.0000327512   0.0001375400   0.0000699341
        0.0003802599   0.0000739199   0.0000605736  -0.0000671517  -0.0000137631
        0.0000086928   0.0000248132   0.0000111324   0.0000027752  -0.0000031823
        0.0000090792   0.0000112565  -0.0000160590  -0.0000007574  -0.0000049815
        0.0000050689
        0.0018236844  -0.0019420244  -0.0000829149   0.0041874529  -0.0093971727
       -0.0130724333  -0.0732670196   0.0533511083   0.0634231646  -0.0125637623
        0.0180806459   0.0213790614  -0.0052316238   0.0018880446  -0.0008300817
       -0.0001858268  -0.0001647634  -0.0002587322  -0.0015940759  -0.0002797991
       -0.0034184364  -0.0004904129   0.0007478804   0.0011674451   0.0000012832
        0.0000779505   0.0000029923   0.0003851223   0.0004120357  -0.0000445611
        0.0001139189   0.0000946430  -0.0002897549  -0.0000895361   0.0000557694
        0.0000088434   0.0000247399  -0.0000135653  -0.0000209502  -0.0000062206
        0.0000012319   0.0000049686  -0.0000014692   0.0000007776   0.0000019364
        0.0000341064  -0.0000245620  -0.0000264876  -0.0000269597  -0.0000051274
       -0.0000030212  -0.0000236392  -0.0000768013  -0.0000702243   0.0000092541
        0.0000064687   0.0000205719   0.0863051126  -0.0618498116  -0.0688652694
        0.0006950468   0.0000077724   0.0009683874  -0.0000643083  -0.0002981987
        0.0002236561   0.0002299854  -0.0006269267  -0.0006338222  -0.0003610658
       -0.0000158714   0.0001290388   0.0001532041  -0.0000293339   0.0000414044
        0.0000052180   0.0000906490   0.0000382647  -0.0000049098   0.0000225129
       -0.0000830363  -0.0000098207   0.0000260604   0.0000146309  -0.0000216631
       -0.0000763857   0.0001033406   0.0000463708  -0.0000705089   0.0001170036
       -0.0000423342   0.0000401506   0.0000351710  -0.0000010896  -0.0000072877
        0.0000008771  -0.0000225774  -0.0000164560   0.0000371219  -0.0000046465
       -0.0000051567  -0.0000027641  -0.0000061786   0.0000051826  -0.0000094146
       -0.0000033290   0.0000028571  -0.0000049350   0.0000015854  -0.0000041299
       -0.0000006929  -0.0000043570   0.0000002696   0.0000078327   0.0000230742
        0.0000057588  -0.0000107915   0.0000056338   0.0000032324   0.0000102473
        0.0000331966   0.0000269608   0.0000331376  -0.0000206612   0.0000244664
       -0.0000019878  -0.0000363623  -0.0000017750   0.0000070594   0.0000039070
       -0.0001818039   0.0000344753   0.0001340146   0.0001537477  -0.0000322359
       -0.0000416175  -0.0000980889   0.0000228195   0.0000385572  -0.0000254716
        0.0000172709  -0.0000678247   0.0003956946   0.0000168847   0.0000173154
       -0.0002005201  -0.0001155092  -0.0000019767  -0.0000040614  -0.0000181327
        0.0000039996  -0.0000127463   0.0000120063  -0.0000115751   0.0000021003
        0.0000077606  -0.0000626188  -0.0000804243   0.0000087928   0.0000067962
       -0.0000089416   0.0000027457  -0.0000158100  -0.0000083593  -0.0000052950
       -0.0000061463  -0.0000037646   0.0000058210   0.0000088389   0.0000058683
       -0.0000032496
        0.0005941706  -0.0019220212   0.0017220482   0.0008205809  -0.0071450842
       -0.0119129258   0.0555194717  -0.1235597253  -0.1134706018   0.0031011846
       -0.0048090870  -0.0062344455   0.0024750858   0.0054192185  -0.0036195446
        0.0004345534   0.0002652829   0.0007134708  -0.0009320173   0.0040720601
       -0.0042919217   0.0001551528  -0.0003065141  -0.0006276371  -0.0000121768
       -0.0000638064  -0.0000204063   0.0001801558   0.0003978196  -0.0000229680
       -0.0001080665  -0.0001556549   0.0006082706   0.0001396652  -0.0000357953
        0.0000130964  -0.0000301731  -0.0000690302  -0.0000507079   0.0000199887
        0.0000022709   0.0000040326  -0.0000032222  -0.0000072799  -0.0000090685
       -0.0000588645   0.0000107637  -0.0000515358  -0.0001046215  -0.0000280425
       -0.0000004067   0.0000869817   0.0000581298  -0.0001169661   0.0000805066
        0.0000183370   0.0000360376  -0.0618498116   0.1310872464   0.1347874669
       -0.0009179543  -0.0016070854   0.0016655693  -0.0001345026  -0.0010022048
        0.0008524528   0.0002080847  -0.0004689539  -0.0002045204   0.0001221002
       -0.0000413511   0.0000154532  -0.0000613952   0.0000062439   0.0000203055
        0.0000103838   0.0000030138  -0.0000098932  -0.0000134385   0.0000204171
        0.0000613181  -0.0000159233  -0.0000071044  -0.0000103454   0.0000479596
       -0.0001528144  -0.0002068074   0.0001690886   0.0000264764   0.0002619790
        0.0000179264  -0.0000371210  -0.0000085027  -0.0000014087  -0.0000171632
        0.0000173168  -0.0000008195   0.0000153725   0.0000012231   0.0000012191
        0.0000047717  -0.0000053960  -0.0000077819  -0.0000010858  -0.0000029199
        0.0000030081   0.0000022106  -0.0000082151  -0.0000014324   0.0000053487
        0.0000073580  -0.0000000343  -0.0000017007  -0.0000007363   0.0000683747
        0.0000251792  -0.0000615223   0.0000312745   0.0000116603   0.0000218569
       -0.0000467296  -0.0000479146   0.0001333535  -0.0000035295   0.0000116596
       -0.0000027608  -0.0000224200   0.0000177055  -0.0000303538   0.0000315212
        0.0000904949  -0.0000438089  -0.0001434361  -0.0000770655   0.0000496982
        0.0000626083   0.0000321617  -0.0000112854  -0.0000141077   0.0000176235
        0.0000049050   0.0000142648  -0.0002555413  -0.0000376429   0.0000523105
        0.0001540173   0.0000749004  -0.0000054702  -0.0000098283   0.0000117059
       -0.0000032073   0.0000154449  -0.0000024575   0.0000030716  -0.0000262376
       -0.0000029525   0.0000518071   0.0000538663  -0.0000013563  -0.0000196275
        0.0000032121  -0.0000019330   0.0000097069   0.0000103348   0.0000062437
        0.0000038930   0.0000037550  -0.0000077495  -0.0000039290  -0.0000068858
        0.0000002325
        0.0015327772   0.0014367792   0.0007116500   0.0076483936  -0.0144591698
       -0.0169161161   0.0615479507  -0.1148034642  -0.1789391251   0.0032297446
       -0.0023353112  -0.0023882817  -0.0001083133  -0.0027985513   0.0038341538
       -0.0010247457   0.0005120473   0.0002068427  -0.0037189438  -0.0045825423
       -0.0009572924  -0.0000894624  -0.0001498191   0.0000372517  -0.0000067776
       -0.0000471182  -0.0000105118  -0.0006712554  -0.0001217488  -0.0003177135
       -0.0000418614   0.0003896026  -0.0000169619   0.0001140595   0.0001791663
       -0.0001097390  -0.0000620271  -0.0001203861   0.0000969678  -0.0000162446
       -0.0000368700  -0.0000066948  -0.0000007035  -0.0000117265   0.0000312958
       -0.0000364711   0.0001148327   0.0000373568  -0.0001366467   0.0000448299
       -0.0000334428   0.0000233788  -0.0002114112  -0.0001662097   0.0000774454
       -0.0000755158   0.0000274905  -0.0688652694   0.1347874669   0.1969150554
       -0.0002134371   0.0019012342  -0.0000516888   0.0000570014   0.0008037028
       -0.0004601493   0.0004552574  -0.0007846984  -0.0009245768  -0.0000086913
        0.0000601245  -0.0000292393   0.0000053773   0.0000092964   0.0000035759
        0.0000337750   0.0000060875  -0.0000054637  -0.0000479783  -0.0000391231
        0.0000488831   0.0000072691  -0.0000208044  -0.0000151155   0.0000443255
        0.0000667112   0.0000493266   0.0001621893   0.0002136263  -0.0007731606
        0.0000260620  -0.0000914931  -0.0000263923  -0.0000147788   0.0000129840
        0.0000149055   0.0000656540   0.0000196356  -0.0000462251   0.0000023514
       -0.0000051810   0.0000010009  -0.0000046658  -0.0000070777   0.0000157873
       -0.0000052635  -0.0000151817   0.0000125260  -0.0000047703   0.0000125329
        0.0000068072   0.0000091898  -0.0000024762  -0.0000085464   0.0001049345
       -0.0000244964  -0.0000330961   0.0000503561   0.0000168050   0.0000528255
       -0.0000092988   0.0001479516   0.0001280498  -0.0000277957   0.0000066079
       -0.0000545648  -0.0000312957  -0.0000068699   0.0000048962  -0.0000359169
        0.0001781198  -0.0000209504  -0.0000963181  -0.0001105357   0.0000227332
        0.0000221301   0.0000543193  -0.0000005541  -0.0000124892   0.0000359200
       -0.0000033482   0.0000322842  -0.0004092039  -0.0001214813  -0.0000011616
        0.0002135869   0.0001761239  -0.0000165676  -0.0000031999   0.0000298219
        0.0000046473   0.0000201702  -0.0000120849   0.0000146912  -0.0000503897
       -0.0000123217   0.0000455618   0.0000650990   0.0000017412  -0.0000108320
        0.0000084224  -0.0000043639   0.0000080303   0.0000089819   0.0000072353
        0.0000020478   0.0000027801  -0.0000095505  -0.0000069024  -0.0000050587
        0.0000006584
       -0.0009320188  -0.0001869600  -0.0012558262  -0.0050227468   0.0028125730
       -0.0000746865  -0.0224620050  -0.0108007052  -0.0206203016  -0.1429724283
       -0.0573605900  -0.1099475214   0.0053678823   0.0020364818   0.0042514292
        0.0000954022   0.0018222351   0.0012117613   0.0000384273   0.0003156177
        0.0005468221   0.0007163492   0.0001739056   0.0012129452  -0.0000673420
        0.0001247978   0.0002656183  -0.0001523958  -0.0004280620   0.0000511529
        0.0000100886   0.0002023958  -0.0002265298   0.0000358802  -0.0001655383
        0.0000399801  -0.0000264694   0.0000795605  -0.0000197008   0.0000323859
       -0.0000118300   0.0000388969  -0.0000087336  -0.0000005185  -0.0000108051
        0.0000310059  -0.0000129161  -0.0001340263  -0.0000609815  -0.0000226830
       -0.0000485538   0.0001229242   0.0001104568   0.0000167950   0.0000370953
        0.0000256033   0.0000712416   0.0006950468  -0.0009179543  -0.0002134371
        0.1646122855   0.0618673163   0.1237203329   0.0002406856   0.0002433665
        0.0004050474  -0.0000059553  -0.0000766417   0.0001671798  -0.0001091607
       -0.0000046375  -0.0000536793   0.0000396853   0.0002880920   0.0000972341
        0.0000397253  -0.0001388518   0.0003527128  -0.0000262216  -0.0000062603
       -0.0000230324   0.0000211851  -0.0000114808  -0.0000091559   0.0000057429
        0.0001327209   0.0002155138  -0.0001133951  -0.0000768042  -0.0000421088
        0.0000114099  -0.0000245651  -0.0000260379   0.0000194113   0.0000373671
        0.0000101872   0.0000165969   0.0000123134  -0.0000238544  -0.0000106748
       -0.0000041959   0.0000088029   0.0000005945  -0.0000100094   0.0000139610
        0.0000056557   0.0000085078  -0.0000086491  -0.0000023447   0.0000127202
        0.0000084923   0.0000124789  -0.0000004954  -0.0000027957   0.0000359971
        0.0000287473   0.0000371298   0.0000141011  -0.0000060957   0.0000132787
       -0.0000728653  -0.0000913628  -0.0000403865  -0.0000139430   0.0000015766
        0.0000444659   0.0000122228   0.0000316739   0.0000014400  -0.0001250649
        0.0000685876  -0.0000047157  -0.0000525089  -0.0000424224   0.0000502656
       -0.0000183500   0.0000175024  -0.0000200013   0.0000315944   0.0000003952
        0.0000212949  -0.0000559603  -0.0001740475  -0.0002622761   0.0000462402
        0.0001037215   0.0001982175   0.0000023470  -0.0000078237   0.0000042981
       -0.0000080673   0.0000006103   0.0000078533  -0.0000289150  -0.0000064219
        0.0000113591   0.0000117148   0.0000170313  -0.0000312998  -0.0000091354
        0.0000101346   0.0000057036   0.0000018082   0.0000011544   0.0000032229
        0.0000012868   0.0000036658  -0.0000078902  -0.0000075742  -0.0000009588
        0.0000026357
        0.0000307978  -0.0003160446  -0.0001215914   0.0021094074   0.0051657657
       -0.0039092704   0.0047744790   0.0021502163   0.0031638203  -0.0592900668
       -0.0703465570  -0.0680862435  -0.0098329486  -0.0077016947  -0.0154627976
        0.0025067366   0.0033042074  -0.0056229762  -0.0004595104   0.0002223080
        0.0005552426  -0.0008920616  -0.0013942501   0.0013326552  -0.0005866119
        0.0000879593   0.0000846263  -0.0000097766   0.0001377636   0.0000506207
        0.0000217288   0.0000114001   0.0000395885   0.0000235727  -0.0000735044
        0.0000304171   0.0000025934   0.0000198917  -0.0000298014   0.0000166682
       -0.0000037863   0.0000214150  -0.0000041242  -0.0000045926  -0.0000092088
       -0.0000177531  -0.0000084738  -0.0000382363  -0.0000363794  -0.0000082113
       -0.0000301711   0.0001281878   0.0001060706   0.0000280006   0.0000258862
        0.0000140092   0.0000177854   0.0000077724  -0.0016070854   0.0019012342
        0.0618673163   0.0717751349   0.0848790485  -0.0005435997  -0.0004629967
       -0.0004833007  -0.0002381754  -0.0010324883   0.0008991849  -0.0000528476
        0.0000270629   0.0002249137   0.0007411894  -0.0001924505   0.0001436507
       -0.0001496984   0.0002816620   0.0002992771  -0.0000188480  -0.0000134357
        0.0000805318  -0.0000296408   0.0000278457  -0.0000021634  -0.0000260909
        0.0000075946   0.0000274802  -0.0000563858   0.0000666562  -0.0000499424
       -0.0000116046  -0.0000062496  -0.0000278028   0.0000099846   0.0000109364
        0.0000097605   0.0000035773   0.0000086312   0.0000066798  -0.0000022171
        0.0000010133  -0.0000028402  -0.0000048807  -0.0000000808  -0.0000030758
        0.0000015803   0.0000043842  -0.0000103066   0.0000001442   0.0000034754
        0.0000053238   0.0000025442  -0.0000007488   0.0000029201   0.0000182330
        0.0000029299   0.0000190224   0.0000136348   0.0000044124   0.0000133775
       -0.0000787098  -0.0000776026  -0.0000196214  -0.0000030583   0.0000063012
        0.0000129308   0.0000064027   0.0000161447  -0.0000053263   0.0000167535
       -0.0000807865  -0.0000141848   0.0000242855  -0.0000153191  -0.0000497684
        0.0000454620  -0.0000852468   0.0000468172   0.0000179555  -0.0000193429
        0.0000200820  -0.0000270746   0.0000762139  -0.0000262881   0.0000628443
        0.0000125076   0.0000064560  -0.0000060778  -0.0000127001   0.0000052291
        0.0000057824   0.0000054905   0.0000134069   0.0000015885  -0.0000189848
        0.0000028685  -0.0000770029  -0.0000438905   0.0000537427  -0.0000238392
       -0.0000232609   0.0000004429  -0.0000090246   0.0000039398   0.0000050335
       -0.0000058830  -0.0000063171   0.0000086766   0.0000067828  -0.0000058268
       -0.0000073455
        0.0000332258   0.0004169134   0.0001469539  -0.0001652299  -0.0027816249
        0.0039741892  -0.0027174596   0.0000215345  -0.0000319835  -0.1091583183
       -0.0698620856  -0.1628059971  -0.0148040740  -0.0097857659  -0.0167698416
        0.0012235951  -0.0060415600  -0.0014256975   0.0012682787  -0.0000444790
       -0.0000596980  -0.0008638910   0.0016044602  -0.0000263700   0.0002279361
       -0.0002386520  -0.0003749631   0.0000374751  -0.0005732749   0.0000198530
       -0.0000001770   0.0002274304  -0.0000203986  -0.0000149726  -0.0001627147
        0.0000478793   0.0000111512   0.0000762814  -0.0000385651   0.0000153761
       -0.0000047940   0.0000030382  -0.0000043449   0.0000032143  -0.0000077251
       -0.0000123721   0.0000603218  -0.0000210994  -0.0000716568   0.0000197052
       -0.0000342174   0.0000473178  -0.0000178756  -0.0000199124   0.0000453482
       -0.0000280650   0.0000268277   0.0009683874   0.0016655693  -0.0000516888
        0.1237203329   0.0848790485   0.1786080117  -0.0008118705  -0.0006774114
       -0.0009617678   0.0002406955   0.0007534310  -0.0004654366  -0.0003075651
        0.0001264565   0.0003474741   0.0004485383  -0.0004278008   0.0000753665
        0.0005982447   0.0007148985  -0.0004990007  -0.0000206868  -0.0000531181
        0.0001422200   0.0000096993   0.0000477642  -0.0000860708  -0.0000022777
        0.0000166210  -0.0000483792  -0.0000188592  -0.0000492396  -0.0000493446
        0.0000314284  -0.0000019434   0.0000144061   0.0000144091   0.0000127120
        0.0000071977  -0.0000003602   0.0000059173  -0.0000132699  -0.0000039381
       -0.0000004236   0.0000037532   0.0000073913  -0.0000055265   0.0000069030
        0.0000033547  -0.0000027814  -0.0000000059  -0.0000007764   0.0000042692
        0.0000050420   0.0000062309  -0.0000009906  -0.0000054453   0.0000461179
       -0.0000085785   0.0000022900   0.0000333807   0.0000047046   0.0000262932
       -0.0000375861   0.0000144933   0.0000141601  -0.0000226863   0.0000090736
       -0.0000112895  -0.0000018312   0.0000106614   0.0000131195  -0.0000028567
       -0.0000043450   0.0000739137   0.0001370483   0.0000571764  -0.0000412273
       -0.0001356664   0.0000634891   0.0000932473   0.0000748850   0.0000003300
        0.0000622098  -0.0001113989  -0.0001604092  -0.0003337484   0.0000614145
        0.0001035251   0.0003094221  -0.0000069920  -0.0000122869   0.0000370499
        0.0000144681   0.0000144256   0.0000151336   0.0000096737  -0.0000444301
        0.0000165389  -0.0000066531   0.0000684242   0.0001228764  -0.0000093465
       -0.0000020674  -0.0000351860  -0.0000037049   0.0000079086   0.0000110106
       -0.0000082663  -0.0000119094   0.0000151667  -0.0000095861  -0.0000066075
       -0.0000032178
       -0.0001332121   0.0012111279   0.0011156321  -0.0054043099   0.0017676377
       -0.0002433665  -0.0004981482  -0.0002711283  -0.0003248201  -0.0017513969
       -0.0010800619  -0.0031760119   0.0053764817  -0.0097426046  -0.0120146585
       -0.0714047814   0.0500634333   0.0602963006  -0.0127791527   0.0179631433
        0.0220319743   0.0011652363  -0.0013041621  -0.0012318526  -0.0000294948
       -0.0000630163  -0.0000121843  -0.0003411485  -0.0000558077   0.0000571474
       -0.0000026042   0.0001514549   0.0000080486   0.0000305292  -0.0001112262
        0.0000141821  -0.0000147073   0.0000376321  -0.0000408386   0.0000253622
        0.0000079484   0.0000390617  -0.0000058968  -0.0000001698  -0.0000160927
        0.0001134843  -0.0000987742  -0.0002458459   0.0000624010  -0.0000597376
       -0.0000765609   0.0000811156   0.0000594716   0.0000008125  -0.0000564194
        0.0000840908   0.0001207568  -0.0000643083  -0.0001345026   0.0000570014
        0.0002406856  -0.0005435997  -0.0008118705   0.0855313346  -0.0579611392
       -0.0666338067   0.0006968674   0.0000986068   0.0009885166  -0.0006565333
        0.0000409667  -0.0001407890   0.0000228022   0.0000769663   0.0001213487
       -0.0000050284   0.0000944790  -0.0000240975   0.0001864823  -0.0003907467
        0.0001290894   0.0000038104   0.0000092255  -0.0000041889  -0.0000635960
        0.0000841920  -0.0002105163  -0.0000568773  -0.0000497295   0.0000102863
       -0.0000006047  -0.0000089876  -0.0000018494   0.0000106127   0.0000093400
        0.0000053117   0.0000027560   0.0000026720   0.0000042993  -0.0000081038
       -0.0000039686   0.0000007067  -0.0000033166  -0.0000060592   0.0000026950
        0.0000049732   0.0000123582  -0.0000164497  -0.0000019661   0.0000003649
        0.0000043556   0.0000060309  -0.0000004137   0.0000044388  -0.0000174754
        0.0000582460   0.0001159932  -0.0000734240  -0.0000226926  -0.0000250942
       -0.0000232148  -0.0000758977  -0.0000818214   0.0000004651  -0.0000079220
        0.0000976995   0.0000141759   0.0000381498   0.0000186793  -0.0001758461
       -0.0000043124   0.0000934432  -0.0000633104  -0.0001139722  -0.0000018405
        0.0000156863   0.0000738918   0.0000298811  -0.0000192778  -0.0000073085
       -0.0000333071   0.0000722265   0.0000528745   0.0000035913   0.0000039333
       -0.0000034801  -0.0000221868   0.0000367480   0.0000007825  -0.0000262338
       -0.0000310295  -0.0000266929   0.0000104681  -0.0000421153   0.0000746284
        0.0000337946   0.0000327762   0.0000540654   0.0000042893  -0.0000053220
        0.0000149083   0.0000003030   0.0000037132   0.0000070009   0.0000008757
        0.0000015791   0.0000013565  -0.0000046265  -0.0000096473  -0.0000029017
       -0.0000000730
       -0.0003616932   0.0000228584  -0.0001318575   0.0028161719   0.0059337049
       -0.0023434738  -0.0014165395   0.0001099017   0.0001090762  -0.0009314827
        0.0033671613  -0.0055501623   0.0045709997  -0.0071717612  -0.0099532397
        0.0487525888  -0.1271204492  -0.1158856140   0.0056824740  -0.0047614050
       -0.0060575589   0.0008598286  -0.0011491173   0.0015576937  -0.0006016282
       -0.0000551333  -0.0001533048  -0.0000082928   0.0000318434  -0.0000924954
       -0.0000094379  -0.0000796312   0.0000664228   0.0000333511   0.0001173399
       -0.0000324769  -0.0000191342  -0.0000745116   0.0000527143  -0.0000202001
       -0.0000167760  -0.0000262099   0.0000047272  -0.0000037081   0.0000191914
       -0.0001488786   0.0000757819   0.0001673670  -0.0000740585  -0.0000033269
        0.0000725527  -0.0000752440  -0.0000671778  -0.0000454709   0.0000789412
       -0.0000204321  -0.0000805550  -0.0002981987  -0.0010022048   0.0008037028
        0.0002433665  -0.0004629967  -0.0006774114  -0.0579611392   0.1342037791
        0.1358264640  -0.0008408233  -0.0013325428   0.0017268017  -0.0005383920
        0.0001980280   0.0000673960   0.0004083149   0.0000785271   0.0001483016
        0.0000771274   0.0001388667   0.0000653293  -0.0005645313  -0.0010747724
        0.0004137524  -0.0000272406   0.0000065168  -0.0000349647   0.0000177046
       -0.0000189852   0.0000418203   0.0000017925   0.0000279097  -0.0000209988
       -0.0000114317  -0.0000054418  -0.0000261820  -0.0000161717  -0.0000040571
       -0.0000011304   0.0000062009   0.0000025903  -0.0000150780   0.0000091434
        0.0000042538   0.0000039689  -0.0000033360   0.0000051357   0.0000005688
       -0.0000025095  -0.0000091309   0.0000131509  -0.0000012922   0.0000075884
       -0.0000021652  -0.0000051546  -0.0000019895  -0.0000074071   0.0000183996
       -0.0000096801  -0.0000882694   0.0000425778   0.0000218851  -0.0000033583
        0.0000393922   0.0000476034   0.0000866448   0.0000056320   0.0000048145
       -0.0000708857  -0.0000223053  -0.0000185067  -0.0000104254   0.0000757191
        0.0002171783  -0.0001314035   0.0000329999  -0.0002407769  -0.0000399492
        0.0000153181   0.0001388832   0.0000605572  -0.0000015707   0.0000602108
        0.0000174477  -0.0000015837  -0.0005055711  -0.0001177162   0.0001059287
        0.0003879574   0.0002404732  -0.0000347239  -0.0000249984   0.0000701543
        0.0000049221   0.0000641978  -0.0000169871   0.0000757979  -0.0000645653
       -0.0000508636   0.0000167381   0.0000243161   0.0000617980  -0.0000003245
       -0.0000027049  -0.0000263892   0.0000031530   0.0000062546   0.0000026157
        0.0000022758  -0.0000066914   0.0000043447  -0.0000042687   0.0000039574
       -0.0000063062
        0.0002930713  -0.0005578114  -0.0001063282  -0.0004076583  -0.0036796898
        0.0031488126   0.0002953504   0.0005425235   0.0006317206  -0.0037866820
       -0.0047961832   0.0003908124   0.0050719894  -0.0151603934  -0.0187849377
        0.0619828852  -0.1142277247  -0.1746909898   0.0019235287  -0.0027212408
       -0.0028672518   0.0012130692   0.0014818321  -0.0002141107   0.0001504111
       -0.0000117356  -0.0000051181   0.0000875037   0.0004095444  -0.0001295628
       -0.0000584717  -0.0001878849   0.0000524052   0.0000045792   0.0001861327
       -0.0000596972  -0.0000233978  -0.0000629166   0.0000502634  -0.0000239578
       -0.0000051853  -0.0000336154   0.0000057488   0.0000031237   0.0000176355
       -0.0000197823   0.0000320583   0.0001375151  -0.0000144249   0.0000428975
        0.0000544387  -0.0001436018  -0.0001575475  -0.0000704265   0.0000073771
       -0.0000477662  -0.0000507605   0.0002236561   0.0008524528  -0.0004601493
        0.0004050474  -0.0004833007  -0.0009617678  -0.0666338067   0.1358264640
        0.1935970705  -0.0003010220   0.0019469184  -0.0003381592  -0.0008978387
        0.0002648878   0.0003593752   0.0001128155   0.0000313467   0.0001508165
        0.0000851953   0.0002295717   0.0000069808   0.0000881149  -0.0000554024
        0.0004289027   0.0000105095  -0.0000037108  -0.0000325004   0.0000505761
       -0.0000385284   0.0000360612   0.0000172596   0.0000361298  -0.0000564014
        0.0000057779  -0.0000076234   0.0000134303  -0.0000120559  -0.0000058417
       -0.0000079471   0.0000093413   0.0000036313  -0.0000135633   0.0000049834
        0.0000000031   0.0000052005   0.0000041723   0.0000013830   0.0000031009
       -0.0000035248  -0.0000095017   0.0000169047  -0.0000008264   0.0000020340
       -0.0000061938  -0.0000035720   0.0000004108  -0.0000063899   0.0000129604
       -0.0000269639  -0.0000749146   0.0000191212  -0.0000031898   0.0000133654
        0.0000718122   0.0001305056   0.0000810876  -0.0000220486   0.0000189480
       -0.0000610049  -0.0000280167  -0.0000353594  -0.0000067401   0.0000170620
        0.0001434534  -0.0002707964   0.0000926468  -0.0001171592  -0.0000609139
       -0.0000699469   0.0001830756   0.0000559190  -0.0000096254   0.0000376859
       -0.0000076530   0.0000317954  -0.0003845222  -0.0000576754   0.0000055884
        0.0002855044   0.0001908892  -0.0000099406   0.0000182223   0.0000413625
        0.0000162698   0.0000337873  -0.0000314190   0.0000507271  -0.0000569322
       -0.0000087908   0.0000706340   0.0000765658   0.0000228680   0.0000294814
        0.0000190550  -0.0000294518   0.0000027885   0.0000027162  -0.0000033887
        0.0000055868  -0.0000041320   0.0000037391  -0.0000092362   0.0000053822
       -0.0000020583
        0.0004339719  -0.0005577084   0.0007179769   0.0059165115   0.0028021183
        0.0051042129  -0.0001586045   0.0021579090   0.0005511459   0.0003656182
        0.0002299116   0.0003919469  -0.0050116423   0.0024616742   0.0005982891
       -0.0214550572  -0.0099220331  -0.0201700657  -0.1483066359  -0.0601803864
       -0.1152821262  -0.0009019024  -0.0006640406  -0.0008492309  -0.0001479633
        0.0000632714  -0.0000533020   0.0003165099   0.0002084915  -0.0000454831
        0.0000257306   0.0000027559   0.0001360232  -0.0000103012   0.0000687924
       -0.0000220861  -0.0000145861  -0.0000266573  -0.0000044878  -0.0000044009
       -0.0000064297  -0.0000197567  -0.0000010873   0.0000033075   0.0000056961
       -0.0001963060   0.0001672143   0.0000574571   0.0000108895  -0.0000819418
        0.0000085348  -0.0000726181   0.0003530008   0.0006772123   0.0003538576
        0.0002184469  -0.0001623906   0.0002299854   0.0002080847   0.0004552574
       -0.0000059553  -0.0002381754   0.0002406955   0.0006968674  -0.0008408233
       -0.0003010220   0.1692210520   0.0639119325   0.1287461240   0.0001562827
       -0.0000627091  -0.0000854353  -0.0002584290  -0.0000445507   0.0000636604
        0.0000250352   0.0000609010   0.0000375006  -0.0001053467  -0.0000091166
       -0.0001390406  -0.0000085362   0.0000203852  -0.0000120082  -0.0000167745
       -0.0000271768  -0.0001383283  -0.0000774781  -0.0000508698  -0.0000088912
       -0.0000120037   0.0000170508   0.0000016837  -0.0000092734  -0.0000028158
        0.0000025543  -0.0000071750  -0.0000030881  -0.0000025347   0.0000018308
       -0.0000019880   0.0000092480   0.0000005888   0.0000057657   0.0000039100
        0.0000000028  -0.0000015892   0.0000072846  -0.0000006859   0.0000056339
       -0.0000003091  -0.0000030204   0.0000000535  -0.0000026733  -0.0005926956
       -0.0000382222   0.0000716133   0.0000155098  -0.0000218267  -0.0002947490
       -0.0003875416   0.0000165066  -0.0002094524  -0.0000719465   0.0000813340
       -0.0001057496   0.0000422470  -0.0001732310  -0.0000563659   0.0000312763
       -0.0000698918   0.0000663823   0.0001211459   0.0000612460  -0.0000125571
       -0.0000407982  -0.0000537066   0.0000291498   0.0000666723   0.0000058077
        0.0000637628  -0.0001513208   0.0001420470  -0.0001763893   0.0000598106
       -0.0000378507   0.0000693778  -0.0000259418  -0.0000146798   0.0000213073
        0.0000255815   0.0000296631   0.0000035877  -0.0000059759  -0.0001057144
       -0.0000104466  -0.0000510373  -0.0000542797   0.0000371449   0.0000070455
       -0.0000065207  -0.0000125823  -0.0000102799  -0.0000042749  -0.0000043362
       -0.0000059914  -0.0000057800   0.0000092019   0.0000052891   0.0000047732
       -0.0000061413
       -0.0024603127  -0.0006310215   0.0017725054  -0.0104647060  -0.0062503801
       -0.0133829050   0.0018379002   0.0018336485  -0.0060776439   0.0013505401
       -0.0005428897  -0.0000576766   0.0021634492   0.0056587701  -0.0025081558
        0.0014953534   0.0023671285   0.0033528440  -0.0585341703  -0.0731961890
       -0.0716143089   0.0003112316   0.0002154908   0.0002542981   0.0000471774
        0.0000153407  -0.0000906953   0.0003495556  -0.0006428525  -0.0000867708
        0.0000632733   0.0001481356  -0.0000665425   0.0000218713  -0.0000526383
        0.0000079946   0.0000262068   0.0000336291   0.0000210992  -0.0000009373
       -0.0000263605  -0.0000266316   0.0000050327   0.0000033692   0.0000115497
        0.0000221668   0.0001342801  -0.0001864964  -0.0007643272  -0.0001437220
       -0.0001656831   0.0003811084   0.0000873775  -0.0005090608   0.0006008293
       -0.0003083088   0.0006081873  -0.0006269267  -0.0004689539  -0.0007846984
       -0.0000766417  -0.0010324883   0.0007534310   0.0000986068  -0.0013325428
        0.0019469184   0.0639119325   0.0736617904   0.0868704644  -0.0000470689
        0.0000120038   0.0000373627   0.0000579594   0.0000014548   0.0000114892
        0.0000277382   0.0000033543  -0.0000042478  -0.0000179313   0.0000550591
        0.0000244740  -0.0000136394   0.0000055625  -0.0000108699   0.0000020060
       -0.0000119314  -0.0001010997  -0.0000241743   0.0001111837  -0.0000738114
        0.0000067757  -0.0000029604  -0.0000175436   0.0000042254   0.0000232215
        0.0000006224  -0.0000021364   0.0000051114  -0.0000153928  -0.0000099501
        0.0000013507   0.0000203971   0.0000051112  -0.0000013034   0.0000017768
       -0.0000013558  -0.0000072448   0.0000097994   0.0000033247   0.0000114105
       -0.0000005357  -0.0000021377  -0.0000000778  -0.0000055477   0.0004544245
        0.0004148097  -0.0001276752   0.0001738917   0.0000599585  -0.0000236077
       -0.0000839569  -0.0003570920   0.0003426570  -0.0001839958   0.0001396108
       -0.0000698894  -0.0001283770   0.0000569645  -0.0000378668   0.0000491291
       -0.0000144618  -0.0000068332  -0.0000150824   0.0000131309  -0.0000211547
        0.0000203959  -0.0000086559   0.0000034595   0.0000608442   0.0000207598
        0.0000623851  -0.0000763947  -0.0000727880  -0.0001282890   0.0000512797
        0.0000748985   0.0000979490  -0.0000126182  -0.0000003098   0.0000090606
        0.0000089300   0.0000163278  -0.0000111854  -0.0000830496  -0.0000827787
       -0.0000213334   0.0000157999   0.0000030255   0.0000124700  -0.0000052695
       -0.0000011364  -0.0000024796   0.0000046071   0.0000016258   0.0000008572
        0.0000025042  -0.0000011425   0.0000028824  -0.0000000227   0.0000004457
       -0.0000003024
        0.0004669912   0.0027565380   0.0003977304  -0.0138947701  -0.0112805757
       -0.0171360940   0.0013602522  -0.0059860054   0.0000271632   0.0000098886
        0.0004532803   0.0004465468  -0.0002908380  -0.0036981555   0.0031564504
        0.0000113785   0.0000030224   0.0001423416  -0.1162869407  -0.0712770568
       -0.1612693746   0.0000473245  -0.0001058510  -0.0001137437  -0.0000711783
       -0.0000023073   0.0000357570  -0.0005447623  -0.0004275829  -0.0000488040
       -0.0000791429   0.0002536130  -0.0000846256   0.0000211463  -0.0000647096
        0.0000258903   0.0000245684   0.0000885051  -0.0000243646   0.0000079892
        0.0000015080  -0.0000067231   0.0000007190   0.0000085824  -0.0000038869
        0.0001427380   0.0001034771  -0.0003859201   0.0001344373   0.0001359441
       -0.0003377450   0.0003974341  -0.0009994757  -0.0008275058  -0.0001706980
        0.0002259029   0.0001519691  -0.0006338222  -0.0002045204  -0.0009245768
        0.0001671798   0.0008991849  -0.0004654366   0.0009885166   0.0017268017
       -0.0003381592   0.1287461240   0.0868704644   0.1768547595   0.0000076004
        0.0000212093   0.0000146317   0.0000488752  -0.0000213215   0.0000048344
        0.0000156092   0.0000290195   0.0000084903  -0.0000291794  -0.0000239581
       -0.0000070404   0.0000132136   0.0000098880  -0.0000098020  -0.0000272673
        0.0001812207   0.0000747380   0.0000318906   0.0000483049  -0.0000839217
        0.0000417152  -0.0000187080  -0.0000028872   0.0000125274   0.0000164464
       -0.0000055716   0.0000040572   0.0000069010  -0.0000095761  -0.0000060118
       -0.0000030858   0.0000131710   0.0000120532  -0.0000035044   0.0000069134
        0.0000000571  -0.0000009084   0.0000087791   0.0000011064  -0.0000000945
       -0.0000043499   0.0000018649   0.0000021854  -0.0000022614  -0.0000112069
       -0.0000645759   0.0006289348  -0.0001601183  -0.0002130782  -0.0001428311
       -0.0001607220   0.0005430584   0.0000648600  -0.0000969425   0.0000497123
        0.0000381056  -0.0002382153   0.0000046311   0.0001237645   0.0000180456
       -0.0000947753   0.0000027489   0.0001216571   0.0000114400  -0.0000271045
       -0.0000614745   0.0000229821   0.0000181747   0.0000300345  -0.0000009637
        0.0000184588  -0.0000677841   0.0001367781  -0.0000924246  -0.0000240459
       -0.0000565295   0.0000273246   0.0000093784   0.0000120316   0.0000099817
        0.0000191029   0.0000104601  -0.0000053359  -0.0000294788  -0.0000491943
        0.0000344974  -0.0000382840  -0.0000271063   0.0000271502   0.0000142546
       -0.0000044963  -0.0000081357  -0.0000060758  -0.0000051156  -0.0000041560
       -0.0000019704  -0.0000049588   0.0000095810   0.0000011983   0.0000055219
       -0.0000013901
        0.0000458386  -0.0000340532  -0.0000983707   0.0002131831  -0.0000543579
       -0.0000384936  -0.0004539720   0.0004937323   0.0012968944  -0.0059502806
        0.0010069907   0.0004904144  -0.0102778195   0.0198777224   0.0203463496
        0.0010013613   0.0010258434   0.0017399105   0.0002234277  -0.0000377950
        0.0001963064  -0.0550535909   0.0400362348   0.0358197399   0.0021320061
       -0.0059174779  -0.0054939833   0.0000246530   0.0000249098   0.0000007596
        0.0000015349  -0.0000074907  -0.0000150527  -0.0000042813   0.0000176875
       -0.0000021745  -0.0000047413  -0.0000028226   0.0000011433  -0.0000029493
        0.0000023027   0.0000041505   0.0000008590   0.0000015022  -0.0000026625
        0.0000289054  -0.0000199127  -0.0000440065   0.0000266909  -0.0000116744
       -0.0000107690  -0.0000017458   0.0000067901   0.0000120800  -0.0000184238
        0.0000153200   0.0000135901  -0.0003610658   0.0001221002  -0.0000086913
       -0.0001091607  -0.0000528476  -0.0003075651  -0.0006565333  -0.0005383920
       -0.0008978387   0.0001562827  -0.0000470689   0.0000076004   0.0650544401
       -0.0444925603  -0.0421153806   0.0037107007  -0.0100646809  -0.0113876219
       -0.0003132899  -0.0018422825   0.0008896081  -0.0000386257   0.0005294291
       -0.0004229259   0.0001489634   0.0001000310  -0.0000677072   0.0000045268
       -0.0000100628   0.0000124073  -0.0000053153  -0.0000310716   0.0000273428
        0.0000020555   0.0000014603   0.0000002878   0.0000002609  -0.0000046245
       -0.0000010265  -0.0000061934  -0.0000035481   0.0000055771  -0.0000022230
        0.0000001918  -0.0000004269   0.0000029277  -0.0000012111  -0.0000008701
        0.0000000519   0.0000005116  -0.0000007539   0.0000007038  -0.0000042163
       -0.0000004866   0.0000007901   0.0000025452   0.0000005729  -0.0000153065
        0.0000083257   0.0000197216  -0.0000168401  -0.0000006892  -0.0000038286
        0.0000106532  -0.0000129761  -0.0000212031   0.0000013916  -0.0000052354
        0.0000197773   0.0000082845   0.0000069732   0.0000017083  -0.0000172716
        0.0002649345   0.0003662548   0.0007955238  -0.0022901219  -0.0003716582
       -0.0001283954   0.0009345191   0.0002208758   0.0000266743  -0.0000197333
        0.0000177414  -0.0000795956   0.0003202288  -0.0001440932  -0.0000653448
       -0.0002790559  -0.0000096187   0.0000156953   0.0000081645  -0.0000195406
       -0.0000012072  -0.0000272615   0.0000089500  -0.0000302746   0.0000121940
        0.0000220761   0.0000519250   0.0009614782  -0.0000669971  -0.0000693634
        0.0000367489   0.0000110478   0.0000286295   0.0000250092   0.0000069431
        0.0000196095   0.0000115060  -0.0000177834  -0.0000547394  -0.0000421627
        0.0000116989
       -0.0000331749  -0.0000320610   0.0000562786  -0.0000758907   0.0001242337
        0.0001308445  -0.0002319579   0.0000643940  -0.0001961221   0.0005453162
        0.0003472825  -0.0004058735   0.0025578634  -0.0012028008  -0.0025680692
       -0.0010783362   0.0002886657   0.0005636487   0.0000581250  -0.0000437274
       -0.0001347557   0.0402148851  -0.1581016331  -0.1109942717   0.0034648266
       -0.0276527544  -0.0169388341  -0.0000048622   0.0000945991  -0.0000273114
       -0.0000134757  -0.0000267480   0.0000319564   0.0000084860   0.0000511524
       -0.0000184609  -0.0000212519  -0.0000242887   0.0000148940  -0.0000042786
       -0.0000062337  -0.0000104182  -0.0000005615  -0.0000009238   0.0000071860
       -0.0000354815   0.0000163988   0.0000537433  -0.0000130794  -0.0000031441
        0.0000243492  -0.0000301339  -0.0000336702  -0.0000193728   0.0000141785
       -0.0000039555  -0.0000221662  -0.0000158714  -0.0000413511   0.0000601245
       -0.0000046375   0.0000270629   0.0001264565   0.0000409667   0.0001980280
        0.0002648878  -0.0000627091   0.0000120038   0.0000212093  -0.0444925603
        0.1863368675   0.1283429184  -0.0008779017   0.0029286796   0.0005886427
       -0.0012711859  -0.0051820396   0.0019683443   0.0008083960  -0.0000956953
        0.0006546257   0.0000588873   0.0001774962  -0.0001567690   0.0000139080
       -0.0000044043  -0.0000057889  -0.0000080646  -0.0000160772  -0.0000172763
        0.0000010953  -0.0000018495  -0.0000016781  -0.0000052991   0.0000035955
        0.0000006712   0.0000046961   0.0000016969  -0.0000098107   0.0000027234
       -0.0000008823   0.0000011327   0.0000018791   0.0000003384   0.0000030799
        0.0000013674  -0.0000040037   0.0000070204  -0.0000022031   0.0000064261
       -0.0000013423   0.0000005965  -0.0000011274  -0.0000082703   0.0000041605
       -0.0000008785  -0.0000250207   0.0000095784   0.0000061053  -0.0000043490
        0.0000154407   0.0000182018   0.0000276550  -0.0000001074  -0.0000002426
       -0.0000228668  -0.0000082260  -0.0000066498  -0.0000016546  -0.0010582429
        0.0014765623  -0.0012757945   0.0010187731  -0.0018058671  -0.0005798546
       -0.0001417647   0.0017324373   0.0002230743  -0.0000734662   0.0001009762
       -0.0000171306  -0.0000193088  -0.0011373664  -0.0004511755   0.0003494132
        0.0005696540   0.0007321521  -0.0000055855   0.0000073507   0.0000588194
       -0.0000347544   0.0000498829  -0.0000412321   0.0000209921   0.0000053493
       -0.0000323983   0.0003427036   0.0005952921   0.0000869155   0.0000374142
        0.0001408057  -0.0000592514   0.0000557277   0.0000417413   0.0000068568
        0.0000355883  -0.0000017323  -0.0000086342  -0.0000636157   0.0000088276
       -0.0000015335
       -0.0000630894  -0.0000319741   0.0000641188  -0.0000595273   0.0000582238
        0.0001179692   0.0001342049  -0.0001248284  -0.0003086917   0.0017620311
       -0.0008704652   0.0003385611   0.0049955851  -0.0051256778  -0.0056042930
       -0.0014467837   0.0006144409   0.0005188235  -0.0000122248  -0.0000456501
       -0.0002241055   0.0344854394  -0.1107731843  -0.1498884685  -0.0023198649
        0.0054976678   0.0063315142  -0.0000185973   0.0001112675  -0.0000259006
       -0.0000259983  -0.0000328112   0.0000394564   0.0000158905   0.0000634669
       -0.0000246245  -0.0000258245  -0.0000317158   0.0000155296  -0.0000092055
        0.0000002461  -0.0000080858  -0.0000010651   0.0000013705   0.0000048261
        0.0000234346   0.0000142255   0.0000214634   0.0000218963   0.0000135457
        0.0000120602  -0.0000425410  -0.0000521104  -0.0000166620  -0.0000189508
       -0.0000162126  -0.0000111090   0.0001290388   0.0000154532  -0.0000292393
       -0.0000536793   0.0002249137   0.0003474741  -0.0001407890   0.0000673960
        0.0003593752  -0.0000854353   0.0000373627   0.0000146317  -0.0421153806
        0.1283429184   0.1705458599   0.0039891181  -0.0202811315  -0.0234983956
        0.0005244873   0.0017383004   0.0000864256  -0.0001265583  -0.0001100402
        0.0000300893  -0.0000024875   0.0000138269  -0.0000342257   0.0000238852
       -0.0000077647  -0.0000063393   0.0000078872   0.0000038992  -0.0000165534
        0.0000044547  -0.0000070565   0.0000009623  -0.0000047037  -0.0000050235
       -0.0000046084   0.0000114643   0.0000013116  -0.0000031477  -0.0000000849
       -0.0000004110   0.0000012490   0.0000055898  -0.0000015334   0.0000033559
       -0.0000007622  -0.0000027805   0.0000072912  -0.0000003843  -0.0000022673
       -0.0000044718   0.0000009921   0.0000005544  -0.0000009689  -0.0000058837
       -0.0000119501  -0.0000116255  -0.0000045887  -0.0000003770   0.0000034260
        0.0000185013   0.0000455061   0.0000135980  -0.0000062899  -0.0000022946
       -0.0000069722  -0.0000031086  -0.0000152675  -0.0000013999   0.0006016197
        0.0002710331   0.0009353315   0.0001870672  -0.0009128931   0.0004901749
       -0.0001971776   0.0008635123  -0.0004452466   0.0000059439   0.0000393459
       -0.0000250250  -0.0000536006   0.0002105698  -0.0000091588  -0.0001505950
        0.0000586854  -0.0000920842  -0.0000048458   0.0000097957   0.0000195312
        0.0000092137  -0.0000052674  -0.0000053895   0.0000128386  -0.0000057716
       -0.0000000424  -0.0000490422   0.0001295175   0.0000219255   0.0000927704
        0.0000173145  -0.0000446131  -0.0000046376   0.0000000991  -0.0000094931
        0.0000032696   0.0000056567   0.0000056679  -0.0000129163   0.0000050327
        0.0000102496
       -0.0001332908   0.0002140299  -0.0000294410   0.0003198417  -0.0001933234
       -0.0000623812  -0.0001013918  -0.0006237024   0.0001341625   0.0006832274
       -0.0010503337  -0.0010759265  -0.0210544862   0.0039920916  -0.0241544886
       -0.0048057904   0.0016777972   0.0003588142  -0.0010920278  -0.0012845976
        0.0000544810  -0.0996503482   0.0222221644  -0.1020520292   0.0034959074
       -0.0003930880   0.0045506798   0.0000223228  -0.0000749357  -0.0000084912
        0.0000049902   0.0000886324   0.0000062799  -0.0000013601  -0.0000562388
        0.0000201798   0.0000051058   0.0000289034  -0.0000264070   0.0000137055
       -0.0000040618   0.0000083880   0.0000004573   0.0000008570  -0.0000063214
       -0.0000075670   0.0000109601  -0.0000413532  -0.0000591813  -0.0000077642
       -0.0000254109   0.0000478207   0.0000210186  -0.0000200363   0.0000362142
        0.0000030309   0.0000286854   0.0001532041  -0.0000613952   0.0000053773
        0.0000396853   0.0007411894   0.0004485383   0.0000228022   0.0004083149
        0.0001128155  -0.0002584290   0.0000579594   0.0000488752   0.0037107007
       -0.0008779017   0.0039891181   0.1175516834  -0.0232724171   0.1164024822
        0.0003160863   0.0002457976  -0.0000028655  -0.0000703119   0.0000147677
        0.0000608908   0.0000648016   0.0000381741  -0.0000334725  -0.0000068636
        0.0000078283   0.0000063970  -0.0000165333  -0.0000334820  -0.0000118052
        0.0000056357  -0.0000006944  -0.0000001725   0.0000040666   0.0000091550
        0.0000049140  -0.0000068578  -0.0000038815  -0.0000030461  -0.0000034096
       -0.0000010679   0.0000058632  -0.0000002362  -0.0000018280   0.0000025772
        0.0000014317   0.0000001886  -0.0000038846  -0.0000000144   0.0000033027
        0.0000037381   0.0000009475  -0.0000008412  -0.0000003629   0.0000357700
        0.0000109776   0.0000012082   0.0000220852   0.0000061939   0.0000164268
       -0.0000244123  -0.0000322467   0.0000131855  -0.0000193836   0.0000155961
        0.0000016368  -0.0000066613   0.0000225896   0.0000100571   0.0001739356
       -0.0014941062   0.0007626020   0.0007488860  -0.0007973711   0.0003361479
       -0.0003016472   0.0002410275  -0.0002005696   0.0001531000  -0.0001098175
        0.0000309341   0.0000805060   0.0000458247   0.0003038873  -0.0000494676
       -0.0000404001  -0.0000174550  -0.0000135148  -0.0000045593   0.0000043128
        0.0000274416  -0.0000019173   0.0000224752   0.0000217768  -0.0000302833
        0.0000292545  -0.0000168638   0.0003297418  -0.0000466213  -0.0000674941
       -0.0000109498   0.0000284598   0.0000140687   0.0000005104   0.0000049513
        0.0000043425   0.0000129643  -0.0000179624  -0.0000150062  -0.0000083834
        0.0000217074
        0.0000033153   0.0000547818  -0.0000325434  -0.0000384505  -0.0000418727
        0.0000082063  -0.0001784484  -0.0001301345  -0.0000178720   0.0005603221
        0.0002936722   0.0001481754  -0.0008101699   0.0008291291   0.0002000966
       -0.0004462080   0.0001270035   0.0001184882  -0.0002508720   0.0000039028
        0.0000802657   0.0223326717  -0.0471990969   0.0303609129   0.0109983002
       -0.0079086363   0.0236747906  -0.0000212211  -0.0000009049  -0.0000006584
       -0.0000004112   0.0000025236  -0.0000258205  -0.0000042545   0.0000069758
       -0.0000015267  -0.0000059095  -0.0000025679  -0.0000003414  -0.0000026986
        0.0000069297   0.0000058659  -0.0000014546  -0.0000018623  -0.0000024235
        0.0000316399   0.0000142180  -0.0000060801   0.0000084936   0.0000096798
       -0.0000052274  -0.0000043873  -0.0000090102  -0.0000006597  -0.0000015060
       -0.0000071943   0.0000049402  -0.0000293339   0.0000062439   0.0000092964
        0.0002880920  -0.0001924505  -0.0004278008   0.0000769663   0.0000785271
        0.0000313467  -0.0000445507   0.0000014548  -0.0000213215  -0.0100646809
        0.0029286796  -0.0202811315  -0.0232724171   0.0569934614  -0.0391629626
        0.0007416994   0.0004532718   0.0005985480  -0.0000724163  -0.0003448876
       -0.0001010775   0.0001659395  -0.0000277497   0.0000677465  -0.0000002567
        0.0000050802   0.0000068388  -0.0000008344  -0.0000075402   0.0000202416
        0.0000008089   0.0000008786   0.0000008073   0.0000028848  -0.0000049911
       -0.0000010529   0.0000048871   0.0000057584   0.0000158152  -0.0000105968
       -0.0000055282  -0.0000094020   0.0000040106  -0.0000025022  -0.0000027247
       -0.0000013232   0.0000035009  -0.0000017673   0.0000022005  -0.0000042553
       -0.0000031015   0.0000059120   0.0000094380   0.0000039004  -0.0000005431
       -0.0000031927   0.0000022999  -0.0000002318   0.0000010976   0.0000036037
        0.0000045003   0.0000046164  -0.0000015551  -0.0000144530   0.0000004038
       -0.0000006365  -0.0000036721   0.0000003254   0.0000017021  -0.0005679785
       -0.0062685954   0.0035946379  -0.0000202113  -0.0003934417   0.0005069161
        0.0000195702   0.0002877128  -0.0001475150   0.0003836799  -0.0003053609
       -0.0000266972   0.0003437893   0.0005428373   0.0014683200  -0.0003044688
        0.0000605924  -0.0003220967  -0.0000392833  -0.0000036612  -0.0000686931
        0.0000569685   0.0000007083   0.0000318684  -0.0000132849  -0.0000245160
        0.0000201135   0.0001427238   0.0000479364  -0.0003281507  -0.0000063980
        0.0000726576   0.0000505342   0.0000329672  -0.0000056584  -0.0000049273
        0.0000354402   0.0000263828  -0.0000472750  -0.0000148571   0.0000152291
        0.0000167639
        0.0000874742   0.0000657154  -0.0000242690   0.0001435412   0.0001182268
        0.0002448543  -0.0003470476  -0.0001713874  -0.0000737281   0.0013823424
       -0.0001740334   0.0003110770  -0.0016082110  -0.0011936888   0.0035367054
       -0.0000057151   0.0001972912  -0.0000156970   0.0002614834  -0.0000501013
        0.0000541469  -0.0997351173   0.0316384647  -0.2129075203  -0.0054771681
        0.0048192075  -0.0119417316   0.0000031383  -0.0001026507   0.0000075358
        0.0000183961   0.0000358587  -0.0000063769  -0.0000019550  -0.0000634219
        0.0000211670   0.0000200321   0.0000236364  -0.0000143796   0.0000130602
       -0.0000126091   0.0000025283   0.0000020846  -0.0000013620  -0.0000006699
       -0.0000747221  -0.0000024697   0.0000020401  -0.0000579756  -0.0000198688
       -0.0000071998   0.0000425883   0.0000441565  -0.0000036356   0.0000424468
        0.0000161714   0.0000018459   0.0000414044   0.0000203055   0.0000035759
        0.0000972341   0.0001436507   0.0000753665   0.0001213487   0.0001483016
        0.0001508165   0.0000636604   0.0000114892   0.0000048344  -0.0113876219
        0.0005886427  -0.0234983956   0.1164024822  -0.0391629626   0.2441500965
       -0.0001162021  -0.0004684932   0.0006073286   0.0002812172   0.0000675447
        0.0003784044  -0.0001860877  -0.0000227982  -0.0000624345  -0.0000222103
        0.0000091930   0.0000009257  -0.0000107772   0.0000094694  -0.0000227398
       -0.0000054286   0.0000037174  -0.0000022100   0.0000021524   0.0000147305
        0.0000085767  -0.0000073451  -0.0000050045  -0.0000132722   0.0000094937
        0.0000056866   0.0000084532  -0.0000096670   0.0000032864   0.0000001374
        0.0000027813  -0.0000026946  -0.0000063035  -0.0000022524   0.0000106003
        0.0000084984  -0.0000042517  -0.0000100438  -0.0000033948   0.0000230939
        0.0000087677  -0.0000114927   0.0000196977   0.0000073263   0.0000050216
       -0.0000286606  -0.0000404597   0.0000188287   0.0000110065   0.0000099728
       -0.0000040904   0.0000006795   0.0000167113   0.0000023041   0.0002384049
        0.0036005778  -0.0009617977  -0.0004878688   0.0019322171  -0.0006123808
        0.0003373418  -0.0012520904   0.0006962260  -0.0001716338   0.0001589745
        0.0000122517  -0.0000734684  -0.0007321503  -0.0007409405   0.0002932239
        0.0003569462   0.0003255647   0.0000188248  -0.0000165305   0.0000628799
       -0.0000321863   0.0000207167  -0.0000171424   0.0000462976  -0.0000003780
       -0.0000070215  -0.0000506993  -0.0004729816   0.0002758083  -0.0000946283
       -0.0000886274  -0.0000425501  -0.0000351308   0.0000049325   0.0000217136
       -0.0000273715  -0.0000398855   0.0000398021   0.0000344709  -0.0000057962
       -0.0000379411
        0.0000727173   0.0000449340   0.0000392580  -0.0000621577  -0.0000035878
        0.0000212841  -0.0001970252   0.0001241571   0.0000193082  -0.0002684170
       -0.0001924325  -0.0001092813   0.0004866813  -0.0009485615  -0.0007302147
       -0.0000612090  -0.0000719876  -0.0000048892   0.0000199972   0.0000046185
       -0.0000417827   0.0011130438  -0.0056381588  -0.0045684996  -0.0435881912
        0.0263044993   0.0297949562  -0.0000076874  -0.0000463521  -0.0000009843
       -0.0000577746   0.0000102648   0.0000266168   0.0000191868   0.0000253650
       -0.0000078484  -0.0000196039   0.0000025531   0.0000131238  -0.0000022194
       -0.0000013169  -0.0000149440   0.0000017089   0.0000021300   0.0000089531
       -0.0000154561   0.0000196549   0.0000584446   0.0000002652   0.0000000663
        0.0000095898  -0.0000320978  -0.0000330572  -0.0000127870   0.0000064646
       -0.0000075960  -0.0000201701   0.0000052180   0.0000103838   0.0000337750
        0.0000397253  -0.0001496984   0.0005982447  -0.0000050284   0.0000771274
        0.0000851953   0.0000250352   0.0000277382   0.0000156092  -0.0003132899
       -0.0012711859   0.0005244873   0.0003160863   0.0007416994  -0.0001162021
        0.0584389081  -0.0245812660  -0.0227316901  -0.0006655443   0.0008713130
       -0.0037513148  -0.0000769130  -0.0005988353   0.0011280449   0.0000241954
        0.0000044655  -0.0000037128  -0.0000474161   0.0000045753  -0.0000411917
        0.0000242916  -0.0000200753   0.0000003157   0.0000102935  -0.0000057796
        0.0000010003   0.0000065216   0.0000302972  -0.0000154662  -0.0000005607
       -0.0000043703  -0.0000068539   0.0000044370  -0.0000056220   0.0000093264
       -0.0000005190  -0.0000070480   0.0000067297   0.0000010833  -0.0000002832
       -0.0000004852   0.0000069016   0.0000058713  -0.0000063857  -0.0000023617
       -0.0000058523  -0.0000118976   0.0000010266   0.0000076991  -0.0000001256
        0.0000219513   0.0000227369   0.0000181345  -0.0000019080  -0.0000014458
       -0.0000234808  -0.0000028160  -0.0000048727  -0.0000008915  -0.0009137692
       -0.0115404781  -0.0185760211  -0.0066941368   0.0176851735   0.0198799356
       -0.0070419930   0.0011916272  -0.0000366594  -0.0001392993  -0.0001587820
        0.0002666098   0.0012339425  -0.0016415146  -0.0014184318  -0.0006882150
       -0.0006064933   0.0008802593  -0.0000354992   0.0000269936   0.0001197348
        0.0000469460   0.0000228617   0.0001039172  -0.0000120474  -0.0000521788
       -0.0000496885  -0.0009780852   0.0004147313  -0.0009575392  -0.0001773384
       -0.0001260000  -0.0002472556  -0.0001063915  -0.0000632919  -0.0000493442
        0.0001313719   0.0000658518  -0.0000785834   0.0001569712   0.0000387347
       -0.0000282319
        0.0002182370   0.0000361077   0.0000969861   0.0000020446   0.0001557237
        0.0001732216  -0.0002695458   0.0000132266   0.0000991723   0.0000437557
       -0.0000216936  -0.0005224517   0.0005016285   0.0003019478  -0.0005841027
       -0.0002594778  -0.0001575497  -0.0004064533   0.0002693528  -0.0000340633
       -0.0000249963   0.0024520826  -0.0239035768  -0.0154213617   0.0232322661
       -0.1494174192  -0.1075568234  -0.0000129151  -0.0000041782  -0.0000212503
       -0.0000267856  -0.0000655309   0.0000076943   0.0000195905   0.0000574741
       -0.0000157576   0.0000131443  -0.0000288044   0.0000284560  -0.0000119907
       -0.0000057067  -0.0000188159   0.0000114580  -0.0000070815   0.0000093068
       -0.0000643000  -0.0000106025   0.0000729694  -0.0000045426  -0.0000057716
        0.0000327550  -0.0000492829  -0.0000416052  -0.0000265709   0.0000123716
        0.0000049408  -0.0000324248   0.0000906490   0.0000030138   0.0000060875
       -0.0001388518   0.0002816620   0.0007148985   0.0000944790   0.0001388667
        0.0002295717   0.0000609010   0.0000033543   0.0000290195  -0.0018422825
       -0.0051820396   0.0017383004   0.0002457976   0.0004532718  -0.0004684932
       -0.0245812660   0.1743721822   0.1222593569   0.0009881151  -0.0001758718
        0.0000036583  -0.0011266572   0.0001048080   0.0004745721   0.0000080492
       -0.0000099937  -0.0000017251  -0.0000106258   0.0000580096  -0.0000247713
        0.0000010522  -0.0000165782  -0.0000041592  -0.0000051831  -0.0000024990
       -0.0000017987   0.0000144769   0.0000082946  -0.0000057829   0.0000075202
        0.0000105649   0.0000051268  -0.0000093509  -0.0000005015  -0.0000041661
       -0.0000069062  -0.0000079891   0.0000013636  -0.0000016899   0.0000026121
        0.0000035699  -0.0000056236  -0.0000061246   0.0000033833  -0.0000019999
       -0.0000042934  -0.0000355075   0.0000044188   0.0000049433  -0.0000064554
        0.0000365202   0.0000316702   0.0000412907   0.0000200736  -0.0000002913
       -0.0000213657  -0.0000061524  -0.0000035453   0.0000000505  -0.0034115831
        0.0041179742   0.0000776995   0.0039405927  -0.0018914711  -0.0032470776
        0.0007445236   0.0001234798   0.0001424639  -0.0000426440  -0.0000547987
       -0.0004802898   0.0005421194   0.0014378662   0.0019862031   0.0001821819
       -0.0003983884  -0.0005285912  -0.0000424730  -0.0000337756  -0.0000647574
        0.0000152596  -0.0000010942   0.0000181563   0.0000472643   0.0000104317
       -0.0000046355  -0.0017665469  -0.0001618963   0.0009833487   0.0000405238
       -0.0000175498   0.0002210330  -0.0000271357   0.0000009426  -0.0000076920
       -0.0001093082  -0.0000468379   0.0000912778  -0.0000253293  -0.0000142457
       -0.0000127162
        0.0000380211   0.0000443571  -0.0000187371  -0.0000543368   0.0000582656
        0.0000044576  -0.0001080282  -0.0000853264  -0.0000997950   0.0003073214
        0.0004821012   0.0003517061  -0.0004951166  -0.0000868512   0.0002046016
       -0.0000113363  -0.0002081497  -0.0001275889   0.0000540820  -0.0000314442
       -0.0000180786  -0.0007901680   0.0062996616   0.0055425603   0.0238444523
       -0.1062674732  -0.1420240139  -0.0000009906  -0.0000926843   0.0000128666
       -0.0000166590   0.0000424313  -0.0000111872   0.0000074692  -0.0000401077
        0.0000142490  -0.0000192929   0.0000206496  -0.0000091339  -0.0000013799
       -0.0000065793  -0.0000080341  -0.0000073623   0.0000051179  -0.0000030233
       -0.0000487904   0.0000209585   0.0000439259  -0.0000274514  -0.0000076391
        0.0000079963   0.0000015227   0.0000016820  -0.0000117770   0.0000296960
        0.0000038338  -0.0000134325   0.0000382647  -0.0000098932  -0.0000054637
        0.0003527128   0.0002992771  -0.0004990007  -0.0000240975   0.0000653293
        0.0000069808   0.0000375006  -0.0000042478   0.0000084903   0.0008896081
        0.0019683443   0.0000864256  -0.0000028655   0.0005985480   0.0006073286
       -0.0227316901   0.1222593569   0.1764970920  -0.0000439725   0.0019346333
       -0.0047549214   0.0010735104   0.0011346971  -0.0008204328   0.0000072911
        0.0000107079  -0.0000023411  -0.0000508893  -0.0000072157  -0.0000017917
        0.0000199737  -0.0000037710  -0.0000049031   0.0000170101  -0.0000030705
        0.0000050648  -0.0000172146   0.0000163404   0.0000030268  -0.0000023250
        0.0000000652  -0.0000021361   0.0000096089  -0.0000060381   0.0000037574
        0.0000074808  -0.0000071721   0.0000037962   0.0000044092   0.0000024067
        0.0000039861  -0.0000023646   0.0000063857  -0.0000112354   0.0000105680
        0.0000009733  -0.0000141690   0.0000129156   0.0000067759   0.0000000906
       -0.0000012049  -0.0000040773   0.0000185416   0.0000012638  -0.0000010139
       -0.0000182009  -0.0000018969   0.0000040270   0.0000022219  -0.0096298672
       -0.0155226831  -0.0296981510   0.0046834678  -0.0096124470  -0.0068382270
        0.0026418778  -0.0000785873  -0.0001628510   0.0001433240  -0.0002177829
        0.0004683118  -0.0011444611  -0.0042806689  -0.0018482857   0.0013168307
        0.0010403230   0.0017012188  -0.0000144348   0.0000443376   0.0001765896
        0.0001040718   0.0000470438   0.0001737830   0.0000981611  -0.0000618204
        0.0000305029  -0.0001139885   0.0001627075   0.0007591207  -0.0000467532
        0.0001556969   0.0001560241  -0.0000464476  -0.0000075152   0.0000488533
       -0.0001336721  -0.0000722436   0.0000529022  -0.0001633582  -0.0000105324
        0.0000304398
        0.0001837937  -0.0000504537   0.0000037791  -0.0003490462  -0.0000131169
       -0.0000443793   0.0000739059   0.0000602392   0.0001342736  -0.0001539230
        0.0000110295   0.0001907720   0.0012867100  -0.0002857546   0.0007376362
        0.0000143698   0.0001071695  -0.0004801471  -0.0005669313   0.0002452842
       -0.0000445350   0.0004089146  -0.0006793954   0.0009439802  -0.0088504564
       -0.0108897604  -0.0083429665  -0.0000435799   0.0001079049  -0.0000109757
       -0.0000942341  -0.0001460066  -0.0000074810   0.0000377971   0.0001846776
       -0.0000518544  -0.0000199589  -0.0000701946   0.0000717147  -0.0000311718
        0.0000246168  -0.0000344437   0.0000159708  -0.0000044006   0.0000196058
        0.0002471388  -0.0001388523   0.0000647082   0.0002119234   0.0000466216
        0.0000605922  -0.0001311797  -0.0000843059   0.0000043094  -0.0002104224
       -0.0000318978  -0.0000484481  -0.0000049098  -0.0000134385  -0.0000479783
       -0.0000262216  -0.0000188480  -0.0000206868   0.0001864823  -0.0005645313
        0.0000881149  -0.0001053467  -0.0000179313  -0.0000291794  -0.0000386257
        0.0008083960  -0.0001265583  -0.0000703119  -0.0000724163   0.0002812172
       -0.0006655443   0.0009881151  -0.0000439725   0.0848294361   0.1094503771
        0.1011381839  -0.0000544773  -0.0000876684  -0.0003120931   0.0000485029
       -0.0000142379   0.0000093946   0.0000335268   0.0000766908   0.0000282989
        0.0000178685  -0.0000329016   0.0000000194  -0.0000078258  -0.0000269390
       -0.0000140164   0.0000268389   0.0000212560  -0.0000080133   0.0000074893
        0.0000045917  -0.0000163015  -0.0000048919  -0.0000074981   0.0000016753
       -0.0000042407  -0.0000143010   0.0000156109  -0.0000043160  -0.0000084637
       -0.0000031178  -0.0000004106   0.0000007118  -0.0000056245  -0.0000850712
       -0.0000238819  -0.0000016141  -0.0000699580  -0.0000165975  -0.0000364350
        0.0001089325   0.0000858646  -0.0000066500   0.0000447709  -0.0000384918
        0.0000225023  -0.0000077753  -0.0000276503  -0.0000066833  -0.0786930790
       -0.1055184088  -0.0992952226  -0.0007341535  -0.0003883408  -0.0028621915
       -0.0004631765   0.0007601952   0.0008979559  -0.0010012087   0.0001690349
        0.0005190850   0.0004621853   0.0006927720   0.0079842286   0.0047311651
        0.0048173766  -0.0018779222   0.0005574584   0.0002784112   0.0000060421
       -0.0001432138  -0.0000175255  -0.0001144542  -0.0006515229   0.0005999316
       -0.0000948285  -0.0001086674  -0.0001936313   0.0006687064  -0.0001394135
       -0.0000720036   0.0000492547   0.0000556244   0.0000723093   0.0000401153
       -0.0000331401  -0.0000522453   0.0000501112  -0.0000223998   0.0000085132
       -0.0000431139
        0.0001685497  -0.0001682149   0.0000580964  -0.0000980615  -0.0001738903
       -0.0003016743   0.0002876501  -0.0000885450   0.0000823318  -0.0002463977
       -0.0001362013   0.0001623475   0.0006242458  -0.0001674022   0.0005908578
        0.0000974064   0.0008261417   0.0000634122  -0.0003273520   0.0000790883
       -0.0001168071  -0.0001245474   0.0010083197   0.0013079103   0.0011534657
        0.0060508435   0.0017038348   0.0000551724   0.0002214519  -0.0000852870
        0.0000527041  -0.0001468564   0.0000753724   0.0000035513   0.0000996787
       -0.0000329240  -0.0000096259  -0.0000464013   0.0000436866  -0.0000073714
       -0.0000527607  -0.0000500590  -0.0000022607  -0.0000001522   0.0000302175
       -0.0003505838  -0.0001126580   0.0001207590  -0.0000589746  -0.0001115441
        0.0000537082  -0.0000465888   0.0000105649  -0.0000204908   0.0000557267
        0.0001001365  -0.0000622607   0.0000225129   0.0000204171  -0.0000391231
       -0.0000062603  -0.0000134357  -0.0000531181  -0.0003907467  -0.0010747724
       -0.0000554024  -0.0000091166   0.0000550591  -0.0000239581   0.0005294291
       -0.0000956953  -0.0001100402   0.0000147677  -0.0003448876   0.0000675447
        0.0008713130  -0.0001758718   0.0019346333   0.1094503771   0.2656738688
        0.1493484986   0.0000854379  -0.0000187267  -0.0001160890  -0.0000025007
       -0.0000339237   0.0000176906   0.0000005257  -0.0000412333  -0.0000946816
       -0.0000228390   0.0000123547  -0.0000193771  -0.0000195561   0.0000253763
        0.0000171777  -0.0000367475  -0.0000249810  -0.0000294273   0.0000451708
       -0.0000000450   0.0000279972  -0.0000185003   0.0000213170   0.0000079643
        0.0000072644  -0.0000174656   0.0000129565  -0.0000043869   0.0000364355
        0.0000115519  -0.0000258620  -0.0000166360  -0.0000320087  -0.0000090958
        0.0000337127  -0.0000492464  -0.0000084014   0.0000186982  -0.0000298488
        0.0000388090  -0.0000382713   0.0000574860   0.0000792853   0.0000146513
       -0.0000467039  -0.0000062242   0.0000049148  -0.0000139096  -0.1016161183
       -0.2402160151  -0.1395496140  -0.0002861445   0.0002997896   0.0006765782
        0.0003005859  -0.0004496311  -0.0002154488  -0.0008844352   0.0008246818
       -0.0009862956  -0.0127120317  -0.0228537886  -0.0157461182   0.0026363662
       -0.0089420783   0.0006771201  -0.0001554478  -0.0001664511   0.0009973742
       -0.0001221578   0.0004384423  -0.0001478493   0.0008302339  -0.0001057475
       -0.0001676892   0.0002624289  -0.0000953917   0.0001175031  -0.0000733387
        0.0000389381  -0.0000835201   0.0000268096   0.0000173847   0.0000270092
        0.0000058050  -0.0000178328  -0.0000142693  -0.0000239191   0.0000152407
        0.0000016217
       -0.0003996202  -0.0000099848  -0.0000627262   0.0003638651  -0.0000104269
        0.0002524642  -0.0002207266  -0.0000067459  -0.0001462805   0.0001727497
       -0.0003650907  -0.0005855542   0.0001563610   0.0003088480  -0.0013346918
        0.0002330605   0.0001225149   0.0001968125   0.0005102382  -0.0000877350
        0.0001170382   0.0000893935  -0.0012995836   0.0010704742  -0.0069025972
       -0.0143705363  -0.0148169064   0.0000387296  -0.0000284623   0.0000312764
        0.0000897987   0.0001669119   0.0000208508  -0.0000384315  -0.0001582837
        0.0000428041   0.0000148598   0.0000526475  -0.0000760642   0.0000328181
        0.0000127740   0.0000678197  -0.0000131597   0.0000009857  -0.0000282392
        0.0001076961  -0.0000262319  -0.0003949004  -0.0000157662   0.0000164728
       -0.0001264740   0.0001622340   0.0001066396   0.0000550681  -0.0000139156
        0.0000027506   0.0001539343  -0.0000830363   0.0000613181   0.0000488831
       -0.0000230324   0.0000805318   0.0001422200   0.0001290894   0.0004137524
        0.0004289027  -0.0001390406   0.0000244740  -0.0000070404  -0.0004229259
        0.0006546257   0.0000300893   0.0000608908  -0.0001010775   0.0003784044
       -0.0037513148   0.0000036583  -0.0047549214   0.1011381839   0.1493484986
        0.1429345226  -0.0001707052   0.0002735653   0.0000583562  -0.0000537276
        0.0000201361  -0.0000167653   0.0000140905  -0.0000994351  -0.0000146230
       -0.0000313828   0.0000379167   0.0000064399   0.0000050566   0.0000237644
        0.0000035309  -0.0000066439  -0.0000273729   0.0000040853  -0.0000090994
       -0.0000100639   0.0000107240  -0.0000034315   0.0000041839  -0.0000098573
        0.0000033599   0.0000270015  -0.0000280661   0.0000032808  -0.0000046048
       -0.0000029262   0.0000062457  -0.0000044539   0.0000194642   0.0000284105
        0.0000080333   0.0001008142  -0.0000034615  -0.0000269854   0.0000456873
       -0.0001196727  -0.0000716331  -0.0001092727  -0.0000588074   0.0000422640
        0.0001068050   0.0000146273   0.0000198963   0.0000199473  -0.0943453647
       -0.1365742327  -0.1261965099  -0.0005485536  -0.0008231955   0.0002087935
        0.0004772825  -0.0000378439  -0.0003193197   0.0002258655   0.0007753967
       -0.0006036104   0.0052272329  -0.0029210669  -0.0006677255  -0.0020222486
        0.0032139007   0.0045446558  -0.0000036788   0.0006464144  -0.0008407375
       -0.0001919945   0.0000193273  -0.0003284881  -0.0000387462   0.0002017030
        0.0004644367   0.0002003281   0.0002825333  -0.0001138660   0.0000791058
        0.0000724803   0.0000473151   0.0000133487   0.0000005518  -0.0000246932
        0.0000172270   0.0000314971  -0.0000142998   0.0000156553  -0.0000129236
        0.0000119394
        0.0000268475   0.0001536047  -0.0000513400  -0.0000441249  -0.0000527103
        0.0000281479   0.0000168481   0.0000736913   0.0000046900  -0.0000438775
        0.0000485510   0.0000409865   0.0000829036  -0.0001455570   0.0000555591
       -0.0000061268   0.0000179809  -0.0000568109  -0.0000665702   0.0000248369
       -0.0000564959  -0.0006638120   0.0001583454  -0.0001101687   0.0001677141
       -0.0018080692   0.0007836171  -0.0000812769  -0.0001721022   0.0000587347
       -0.0000696502   0.0001084308  -0.0000474213  -0.0000325929  -0.0000361856
        0.0000161193  -0.0000836088   0.0000470997  -0.0000216434  -0.0000248115
        0.0000451086   0.0000107393  -0.0000365289   0.0000131385  -0.0000150864
        0.0002836329   0.0001424524   0.0000165406   0.0001360188   0.0000898372
        0.0000024600  -0.0000730959  -0.0000831302   0.0000066161  -0.0000899168
       -0.0000842309  -0.0000049726  -0.0000098207  -0.0000159233   0.0000072691
        0.0000211851  -0.0000296408   0.0000096993   0.0000038104  -0.0000272406
        0.0000105095  -0.0000085362  -0.0000136394   0.0000132136   0.0001489634
        0.0000588873  -0.0000024875   0.0000648016   0.0001659395  -0.0001860877
       -0.0000769130  -0.0011266572   0.0010735104  -0.0000544773   0.0000854379
       -0.0001707052   0.2020621762  -0.1689201161  -0.0261741767   0.0000497388
        0.0000127212  -0.0000023692  -0.0000053401  -0.0000472175   0.0000541917
        0.0000720851  -0.0000139943   0.0000084124   0.0000348195  -0.0000414321
       -0.0000182193   0.0000055894   0.0000463564   0.0000698408  -0.0000556916
       -0.0000343422  -0.0000533463   0.0000618670  -0.0000275097   0.0000147993
        0.0000094016   0.0000020075   0.0000243826   0.0000169977  -0.0000388238
       -0.0000259859   0.0000492544   0.0000702293  -0.0000116579  -0.0000401601
       -0.0000350982   0.0000218665  -0.0000320745  -0.0000094307   0.0000000061
        0.0000520852   0.0000874729  -0.0000239086  -0.0000785903  -0.0000371515
       -0.0000101452  -0.0000030222  -0.0000279312   0.0000009312  -0.0017288501
        0.0038440421  -0.0011269144   0.0081396961   0.0054127083  -0.0041613967
        0.0027617267  -0.0082153360   0.0018771123   0.0002921601   0.0008605536
        0.0018309064  -0.0052393473  -0.0118843224  -0.0058274626   0.0073460187
        0.0050878831   0.0026200285   0.0001489174   0.0000058964   0.0003628924
       -0.0000853601   0.0001083105  -0.0000886886  -0.0002632173  -0.0000826231
       -0.0001316135  -0.1913843347   0.1610647610   0.0261751024  -0.0178784211
        0.0157934065   0.0017032248  -0.0000150476   0.0004892605   0.0000728967
        0.0005081281   0.0002935504  -0.0002353144  -0.0042881900  -0.0014020865
        0.0016394124
        0.0001120492  -0.0000567279   0.0000464118  -0.0000938860   0.0000628485
       -0.0000123884  -0.0000243809  -0.0000101533   0.0000722919   0.0000623977
        0.0000050757  -0.0000522854  -0.0002626600   0.0001326807  -0.0000075652
        0.0000422136  -0.0000157453  -0.0000306244   0.0000520547  -0.0000345613
       -0.0000227409   0.0003932544   0.0001445277   0.0002076998   0.0008302460
       -0.0004249324  -0.0008040599   0.0000158751   0.0001180716  -0.0000346283
       -0.0000309337  -0.0001256337   0.0000172295   0.0000233334   0.0001006615
       -0.0000282735   0.0000202637  -0.0000485004   0.0000486852  -0.0000074270
        0.0000124276  -0.0000206800   0.0000321494  -0.0000152639   0.0000204061
       -0.0000324241  -0.0000501576   0.0000204241   0.0000135720  -0.0000235025
        0.0000192862  -0.0000360902  -0.0000116312  -0.0000155473  -0.0000026203
        0.0000236356  -0.0000144969   0.0000260604  -0.0000071044  -0.0000208044
       -0.0000114808   0.0000278457   0.0000477642   0.0000092255   0.0000065168
       -0.0000037108   0.0000203852   0.0000055625   0.0000098880   0.0001000310
        0.0001774962   0.0000138269   0.0000381741  -0.0000277497  -0.0000227982
       -0.0005988353   0.0001048080   0.0011346971  -0.0000876684  -0.0000187267
        0.0002735653  -0.1689201161   0.2514240343   0.0117989768   0.0000081923
       -0.0000109754   0.0000047554  -0.0000151918   0.0000401935  -0.0000109029
       -0.0000117318  -0.0000139046  -0.0000032976  -0.0000008327  -0.0000099391
       -0.0000103667   0.0000021002   0.0000306095  -0.0000228894   0.0000060264
        0.0000039791   0.0000024785  -0.0000294962  -0.0000022627  -0.0000016285
       -0.0000095757  -0.0000055350  -0.0000039992   0.0000003511  -0.0000053602
        0.0000027034  -0.0000076299   0.0000051620   0.0000115426  -0.0000127447
        0.0000072122  -0.0000159353  -0.0000097141   0.0000055026  -0.0000085836
        0.0000338121   0.0000025900   0.0000190499   0.0000234758   0.0000112614
        0.0000007138  -0.0000041230   0.0000024058  -0.0000025676   0.0010828332
       -0.0037908985  -0.0006207752   0.0167532346  -0.0247875923  -0.0019674682
       -0.0018114537  -0.0065900673   0.0020502343   0.0000235327  -0.0005270787
       -0.0006904980  -0.0007704254   0.0073576315   0.0009642734  -0.0034269086
       -0.0042489332  -0.0005211494  -0.0000693047  -0.0000373457  -0.0002033550
        0.0001558074  -0.0000659841   0.0001321057   0.0000823831  -0.0000223851
        0.0000978659   0.1634790164  -0.2255093921  -0.0125418213  -0.0031101311
        0.0065300528  -0.0006208262  -0.0009718029  -0.0000003941   0.0000444496
       -0.0005694039   0.0000240450   0.0004780164  -0.0025030575   0.0001316003
        0.0007973257
       -0.0000327790  -0.0000048873  -0.0000395429   0.0000164215  -0.0000209082
       -0.0000097529   0.0000148223  -0.0000158690  -0.0000066688   0.0000648389
        0.0000482629   0.0001133419   0.0000322572   0.0000318728  -0.0000415815
        0.0000014248   0.0000315691   0.0000183746  -0.0000337586   0.0000131331
        0.0000065920   0.0001886307   0.0000300219  -0.0001119776  -0.0004380561
        0.0006134735   0.0000468058  -0.0000028369  -0.0000155906   0.0000212540
        0.0000107158   0.0000207583  -0.0000254295  -0.0000068062  -0.0000232031
       -0.0000002340   0.0000120868   0.0000088407  -0.0000155561  -0.0000050852
        0.0000165108   0.0000377727  -0.0000198627   0.0000099188  -0.0000164265
        0.0000880187   0.0000172793  -0.0000771004   0.0000294385   0.0000235215
       -0.0000300984   0.0000149542   0.0000103296   0.0000183640  -0.0000247280
       -0.0000148589   0.0000312163   0.0000146309  -0.0000103454  -0.0000151155
       -0.0000091559  -0.0000021634  -0.0000860708  -0.0000041889  -0.0000349647
       -0.0000325004  -0.0000120082  -0.0000108699  -0.0000098020  -0.0000677072
       -0.0001567690  -0.0000342257  -0.0000334725   0.0000677465  -0.0000624345
        0.0011280449   0.0004745721  -0.0008204328  -0.0003120931  -0.0001160890
        0.0000583562  -0.0261741767   0.0117989768   0.0211770762  -0.0000024604
        0.0000030621   0.0000016742   0.0000061408   0.0000038234   0.0000308026
       -0.0000021983   0.0000037540   0.0000060596   0.0000119933  -0.0000181678
       -0.0000071518   0.0000000156   0.0000048707   0.0000407398  -0.0000193266
       -0.0000165491  -0.0000159051   0.0000127291  -0.0000003837  -0.0000123093
       -0.0000055272   0.0000158757  -0.0000208809   0.0000159806  -0.0000249494
       -0.0000061307   0.0000016950   0.0000163653   0.0000364829  -0.0000072529
       -0.0000046377   0.0000360280  -0.0000088107  -0.0000091922   0.0000091603
       -0.0000046280   0.0000014197  -0.0000420100  -0.0000309185   0.0000019892
        0.0000290598  -0.0000000666   0.0000009005   0.0000086631   0.0000019049
        0.0000573600  -0.0007327265  -0.0050276421  -0.0001686147  -0.0052471194
        0.0011161725   0.0034521320   0.0061907759  -0.0000572936   0.0000215611
       -0.0002689408  -0.0020534783  -0.0011639346   0.0002167816   0.0003322359
        0.0009518786  -0.0021454432  -0.0001047693  -0.0000927138  -0.0001627102
       -0.0000885557   0.0000497077  -0.0000076511   0.0000270761   0.0000226162
       -0.0000048896   0.0242784765  -0.0096017675  -0.0145233364   0.0049654014
       -0.0065407268  -0.0039980159  -0.0008985332   0.0001642666   0.0004200679
        0.0009989342  -0.0004059876   0.0000165695   0.0021031357   0.0004857728
        0.0000581522
       -0.0134687255   0.0161042817  -0.0029334848  -0.0002367604   0.0017532822
        0.0006539954   0.0003039937   0.0000162454   0.0003276355   0.0001021882
       -0.0000272572   0.0001044875   0.0001690890  -0.0000537313  -0.0000062505
        0.0000124922  -0.0000183763   0.0001158673  -0.0006537440   0.0000382242
       -0.0003179479   0.0000062794   0.0000045588  -0.0000165920   0.0000148922
        0.0000034428   0.0000028696  -0.2707694574   0.0377045773   0.0026039702
       -0.0259555363   0.0007843061   0.0012529088   0.0006914258   0.0013386479
       -0.0004130626   0.0002680238   0.0001069074   0.0000962862  -0.0000351313
        0.0000208734  -0.0000741337   0.0000311054   0.0000449848  -0.0000109982
        0.0004403924  -0.0000098916  -0.0000857268   0.0001871979  -0.0001132850
       -0.0000740278  -0.0006219865   0.0000933620  -0.0002290787  -0.0002361090
        0.0001391655   0.0001250058  -0.0000216631   0.0000479596   0.0000443255
        0.0000057429  -0.0000260909  -0.0000022777  -0.0000635960   0.0000177046
        0.0000505761  -0.0000167745   0.0000020060  -0.0000272673   0.0000045268
        0.0000139080   0.0000238852  -0.0000068636  -0.0000002567  -0.0000222103
        0.0000241954   0.0000080492   0.0000072911   0.0000485029  -0.0000025007
       -0.0000537276   0.0000497388   0.0000081923  -0.0000024604   0.3107472348
       -0.0539274499  -0.0024120895  -0.0019492684  -0.0031686159   0.0010068943
        0.0005922681  -0.0008635823   0.0001169960   0.0000923226   0.0000021993
       -0.0000403872   0.0002294537   0.0001867024  -0.0000497446  -0.0000531261
        0.0000240993  -0.0000148414   0.0000966200  -0.0000669574   0.0000325695
        0.0000055084  -0.0000094048   0.0000402359   0.0000117463  -0.0000178008
       -0.0000259559   0.0000190473   0.0000301657  -0.0000185059  -0.0000975738
        0.0002427358   0.0000615642  -0.0000220469  -0.0000943246  -0.0000644930
        0.0003036231  -0.0003936285   0.0000919720  -0.0001732025  -0.0001040072
        0.0001643069   0.0000928667   0.0001997650  -0.0000398990  -0.0001214187
       -0.0000326511   0.0000633099   0.0001625768  -0.0000070960  -0.0000324033
       -0.0000994316   0.0000333873   0.0000208672  -0.0000058859   0.0000130133
        0.0000828444   0.0001559163  -0.0000113023  -0.0001181472  -0.0001027223
        0.0000119211   0.0000891456  -0.0000210204   0.0000194342   0.0000212413
        0.0000070955   0.0000212174  -0.0000335105  -0.0000849074  -0.0000630436
       -0.0001012723  -0.0000674191  -0.0000158984   0.0000148113   0.0000215198
        0.0000000663  -0.0000023370  -0.0000092534  -0.0000103733  -0.0000047850
       -0.0000032825  -0.0000076515   0.0000107323  -0.0000006795   0.0000097910
        0.0000010229
        0.0346067777  -0.0166693412   0.0003966826   0.0024868905  -0.0037996429
        0.0029927538   0.0006150485  -0.0002473325  -0.0005564073   0.0002923313
        0.0003086530  -0.0000499694  -0.0001690216   0.0000416639   0.0001222410
        0.0000508055   0.0002169073  -0.0003546880   0.0007166156  -0.0001444790
        0.0001902380   0.0000704816  -0.0000414790   0.0000355046   0.0000192565
       -0.0000326976   0.0000054698   0.0366187653  -0.0481206564   0.0007184297
       -0.0186086910   0.0029276290   0.0012973066  -0.0020815364   0.0009760676
       -0.0002361733   0.0002609934  -0.0001807178  -0.0000890098   0.0000178897
        0.0000301365   0.0000158526   0.0000144998  -0.0000011278  -0.0000144993
       -0.0000490839   0.0000311265   0.0000764482  -0.0001930825   0.0000507437
        0.0000837877   0.0006203375  -0.0008447175  -0.0002423696   0.0001146786
       -0.0000074455  -0.0000112844  -0.0000763857  -0.0001528144   0.0000667112
        0.0001327209   0.0000075946   0.0000166210   0.0000841920  -0.0000189852
       -0.0000385284  -0.0000271768  -0.0000119314   0.0001812207  -0.0000100628
       -0.0000044043  -0.0000077647   0.0000078283   0.0000050802   0.0000091930
        0.0000044655  -0.0000099937   0.0000107079  -0.0000142379  -0.0000339237
        0.0000201361   0.0000127212  -0.0000109754   0.0000030621  -0.0539274499
        0.0686283748  -0.0064388042  -0.0023204251  -0.0028625647   0.0014876848
        0.0004121953  -0.0004939151   0.0002007080   0.0000405011  -0.0000453322
        0.0000022822   0.0002435578   0.0000346114  -0.0000243897  -0.0000094063
        0.0000086544  -0.0000482883   0.0000125409  -0.0000438006   0.0000339660
        0.0000096368   0.0000052003   0.0000038792  -0.0000049048  -0.0000039012
       -0.0000000722   0.0000246545   0.0000129842  -0.0000105132   0.0001905565
       -0.0001356239  -0.0001753384   0.0000359873   0.0000487310   0.0000581489
        0.0000775960   0.0008624051   0.0002572660  -0.0000389926   0.0000463584
       -0.0000458280  -0.0002542522  -0.0003574879   0.0000958264  -0.0000196447
        0.0000801880  -0.0000303250  -0.0000289592  -0.0000534990   0.0000131844
        0.0000083491   0.0000364373  -0.0000072910  -0.0000517170   0.0000352328
        0.0000177604   0.0001093942  -0.0001687584   0.0000186447  -0.0000388217
        0.0000872668   0.0000312296  -0.0000170944   0.0000011274   0.0000139095
        0.0000019422   0.0000309930  -0.0000253201   0.0000094935  -0.0000585838
       -0.0000522646   0.0000196246   0.0000305609  -0.0000147262  -0.0000040604
        0.0000066961   0.0000025874   0.0000039319   0.0000029660   0.0000022345
        0.0000009289   0.0000022091  -0.0000083473  -0.0000031830  -0.0000004673
        0.0000005236
       -0.0072573253  -0.0007098999  -0.0082843721   0.0013720880   0.0031650274
        0.0135739430   0.0016521834  -0.0007719454  -0.0004055387   0.0006547769
        0.0005147415   0.0002014176  -0.0000667402   0.0001638187   0.0001645517
       -0.0000707415   0.0008891593   0.0001913860  -0.0029739788   0.0006995616
       -0.0000448560  -0.0000087504  -0.0001315925   0.0000722584  -0.0000563957
        0.0000046165   0.0000150493   0.0024743703   0.0008297692  -0.0373429215
        0.0051293720   0.0011819455   0.0044016909   0.0004828816  -0.0008107372
       -0.0006896962  -0.0000621572  -0.0001017661  -0.0006229823   0.0000450309
        0.0001043459   0.0000225350  -0.0000180296   0.0000167701  -0.0000420332
        0.0000073250  -0.0000174014   0.0001050490  -0.0000432092   0.0000982311
       -0.0001146760   0.0005204753   0.0005452786  -0.0000401611  -0.0000466854
       -0.0000786255   0.0000043317   0.0001033406  -0.0002068074   0.0000493266
        0.0002155138   0.0000274802  -0.0000483792  -0.0002105163   0.0000418203
        0.0000360612  -0.0001383283  -0.0001010997   0.0000747380   0.0000124073
       -0.0000057889  -0.0000063393   0.0000063970   0.0000068388   0.0000009257
       -0.0000037128  -0.0000017251  -0.0000023411   0.0000093946   0.0000176906
       -0.0000167653  -0.0000023692   0.0000047554   0.0000016742  -0.0024120895
       -0.0064388042   0.0252128519   0.0010960455   0.0012200487   0.0029697268
       -0.0000438274   0.0002852433   0.0005288480  -0.0000096574  -0.0001009011
        0.0000335609  -0.0000703464   0.0000142819   0.0000063690   0.0000054390
       -0.0000111136   0.0000140003  -0.0000082874   0.0000252429  -0.0000200938
        0.0000092056   0.0000145048  -0.0000101856  -0.0000001184  -0.0000021746
        0.0000017811  -0.0000112759  -0.0000069205   0.0000064798   0.0000439567
       -0.0000525572   0.0002132994   0.0000186488   0.0000206026   0.0000358827
       -0.0003811346  -0.0003339078  -0.0002675045   0.0000262111   0.0000172727
       -0.0000169090   0.0000046959  -0.0000001202   0.0000343812   0.0000053439
       -0.0000495295   0.0000071532   0.0000329058   0.0000254416  -0.0000043329
       -0.0000095426  -0.0000166611   0.0000008475   0.0000169489  -0.0000075403
       -0.0000163207  -0.0000156316   0.0001340149   0.0000293097  -0.0000001545
       -0.0000848214  -0.0000470244   0.0000049407   0.0000020837  -0.0000013285
        0.0000004453  -0.0000116714   0.0000124115  -0.0000083176   0.0000142029
        0.0000145921  -0.0000202570  -0.0000253644   0.0000077411   0.0000049358
       -0.0000035984  -0.0000013124  -0.0000045020  -0.0000020946  -0.0000012418
       -0.0000026480  -0.0000006719   0.0000036031   0.0000014509   0.0000010508
       -0.0000004621
        0.0012265179   0.0024572138  -0.0008147025   0.0006397476   0.0004868896
        0.0001458415   0.0000845118   0.0004712798  -0.0006158977   0.0000418939
        0.0001480290  -0.0002192946  -0.0000387577   0.0001958087   0.0002768567
       -0.0002719614   0.0000741443  -0.0000343054   0.0004725254  -0.0002756514
       -0.0004008583  -0.0000617236  -0.0000049361   0.0000105606  -0.0000466776
        0.0000342258   0.0000389299  -0.0246047830   0.0006386407   0.0018116613
       -0.2860840958   0.0543360680   0.0102646460  -0.0143561473   0.0077225217
       -0.0006939656   0.0012956922  -0.0017596911   0.0002224650  -0.0001180817
       -0.0000096712   0.0000479414   0.0000107390  -0.0000621294   0.0000784384
        0.0001566062   0.0002274528   0.0006138214   0.0002497747   0.0000397541
       -0.0000346628  -0.0002963199  -0.0000053509  -0.0000549888  -0.0001278417
       -0.0000791651  -0.0001127925   0.0000463708   0.0001690886   0.0001621893
       -0.0001133951  -0.0000563858  -0.0000188592  -0.0000568773   0.0000017925
        0.0000172596  -0.0000774781  -0.0000241743   0.0000318906  -0.0000053153
       -0.0000080646   0.0000078872  -0.0000165333  -0.0000008344  -0.0000107772
       -0.0000474161  -0.0000106258  -0.0000508893   0.0000335268   0.0000005257
        0.0000140905  -0.0000053401  -0.0000151918   0.0000061408  -0.0019492684
       -0.0023204251   0.0010960455   0.3232484577  -0.0633479426  -0.0119776243
        0.0000417940   0.0014859441   0.0003777036  -0.0000858648  -0.0004656324
       -0.0000039492   0.0006900008   0.0001245895  -0.0000865592  -0.0000059558
        0.0000258644  -0.0001793993   0.0000336916  -0.0001359195   0.0001302358
       -0.0000312421  -0.0000331433   0.0000237694  -0.0000236403  -0.0000258551
       -0.0000029338   0.0000642839   0.0000025392  -0.0000019222  -0.0000986584
        0.0000483578   0.0000898378  -0.0000505199  -0.0000143862  -0.0000140544
        0.0001873428  -0.0000378620   0.0000207982  -0.0001183412  -0.0000608587
       -0.0001516804   0.0000822907   0.0000922781  -0.0000267449  -0.0000296484
        0.0001023908  -0.0000731705   0.0000584202  -0.0000139312  -0.0000230646
       -0.0000161203   0.0000158937   0.0000027969  -0.0001381783   0.0000349173
        0.0000960155   0.0000520695  -0.0000191299   0.0003043143  -0.0000464403
       -0.0000818417  -0.0001994758  -0.0000616600   0.0000390988   0.0000154260
        0.0000415251  -0.0000237285  -0.0000304965   0.0002426611  -0.0000561646
       -0.0000800952  -0.0000212745  -0.0000172407   0.0000052949   0.0000144304
       -0.0000059789  -0.0000018107  -0.0000065431  -0.0000046221  -0.0000036443
       -0.0000031143  -0.0000023941   0.0000059833   0.0000003410   0.0000036196
       -0.0000002219
        0.0009428723   0.0017932893  -0.0006633693  -0.0013944119  -0.0018203154
        0.0000102876   0.0012651876  -0.0008277080   0.0017145980   0.0004412642
       -0.0001228674   0.0003510756   0.0003055735  -0.0000539852  -0.0001111173
        0.0000710015  -0.0001591649  -0.0000726559   0.0001134990  -0.0005162708
       -0.0004756788  -0.0000154133  -0.0000045818   0.0000114871   0.0000588306
        0.0000194170   0.0000156074  -0.0198272908   0.0046210210   0.0012306931
        0.0535402000  -0.0548151717  -0.0011731667   0.0286871902  -0.0103075454
        0.0003199030   0.0019476289   0.0006819973  -0.0013876903   0.0000959990
        0.0000888821   0.0000141298  -0.0000547558   0.0000072569  -0.0001016936
        0.0000008680  -0.0000834454  -0.0000106937   0.0000603901   0.0000023466
       -0.0000218932  -0.0001961133  -0.0000114053  -0.0000835452  -0.0001155076
       -0.0000472040  -0.0000201222  -0.0000705089   0.0000264764   0.0002136263
       -0.0000768042   0.0000666562  -0.0000492396  -0.0000497295   0.0000279097
        0.0000361298  -0.0000508698   0.0001111837   0.0000483049  -0.0000310716
       -0.0000160772   0.0000038992  -0.0000334820  -0.0000075402   0.0000094694
        0.0000045753   0.0000580096  -0.0000072157   0.0000766908  -0.0000412333
       -0.0000994351  -0.0000472175   0.0000401935   0.0000038234  -0.0031686159
       -0.0028625647   0.0012200487  -0.0633479426   0.0682121561  -0.0047840686
        0.0017898450  -0.0035653683   0.0037050074  -0.0001373195   0.0001592982
        0.0000699324  -0.0008894660  -0.0009256357   0.0001308804   0.0000449893
        0.0000372522   0.0001118623  -0.0001807917   0.0001648354  -0.0001815683
        0.0000123452   0.0000635580  -0.0000568626   0.0000083032   0.0000219462
       -0.0000022782  -0.0000996587  -0.0000433257   0.0000384264  -0.0000326175
        0.0000365504   0.0000488770  -0.0000200313  -0.0000206608  -0.0000191785
        0.0001152372  -0.0000567260   0.0000410723   0.0001452546  -0.0000695280
        0.0000722131   0.0000684165   0.0000500023  -0.0000234415  -0.0000455957
       -0.0003160844   0.0001377102   0.0000453239   0.0000940180  -0.0000035676
       -0.0000081193  -0.0000716218   0.0000073467   0.0000634664  -0.0000690912
       -0.0000519707  -0.0000572070   0.0008788311   0.0000638093   0.0001070501
       -0.0004135172  -0.0002409161   0.0000380541  -0.0000547153  -0.0000484948
       -0.0000699738  -0.0001471100   0.0001522588   0.0000199577   0.0002641411
       -0.0001146803  -0.0000378064  -0.0000561414   0.0000165524  -0.0000062229
       -0.0000163208   0.0000024139  -0.0000081926  -0.0000019804  -0.0000020870
       -0.0000054317   0.0000000376   0.0000072929   0.0000081548  -0.0000023580
       -0.0000021080
       -0.0008429552  -0.0003002207  -0.0013487931   0.0005376095   0.0011758903
        0.0004845981  -0.0005078814   0.0006588479  -0.0003409517  -0.0004119694
        0.0001288777   0.0000244543  -0.0000474286   0.0000086420   0.0000682752
        0.0000367100   0.0000018281  -0.0000664777  -0.0000580287  -0.0001438026
       -0.0000104294   0.0000221539  -0.0000022522  -0.0000605616   0.0000682104
        0.0000029697   0.0000685815   0.0063587845  -0.0018327368   0.0014713711
        0.0117127664  -0.0011957590  -0.0363059594  -0.0061046341   0.0019766891
        0.0008997842  -0.0007712652  -0.0011136861  -0.0039253340   0.0003234563
        0.0006751670  -0.0002189717  -0.0000331726   0.0000895021  -0.0002157342
        0.0000022433   0.0001041318   0.0000381822   0.0000829379   0.0001243949
       -0.0000063701   0.0001244605   0.0000684307   0.0000885483  -0.0000126645
       -0.0001019141  -0.0000390296   0.0001170036   0.0002619790  -0.0007731606
       -0.0000421088  -0.0000499424  -0.0000493446   0.0000102863  -0.0000209988
       -0.0000564014  -0.0000088912  -0.0000738114  -0.0000839217   0.0000273428
       -0.0000172763  -0.0000165534  -0.0000118052   0.0000202416  -0.0000227398
       -0.0000411917  -0.0000247713  -0.0000017917   0.0000282989  -0.0000946816
       -0.0000146230   0.0000541917  -0.0000109029   0.0000308026   0.0010068943
        0.0014876848   0.0029697268  -0.0119776243  -0.0047840686   0.0275250853
        0.0004755697   0.0036608474   0.0103689730  -0.0000557900  -0.0006468062
        0.0000735974  -0.0000031665   0.0001549990   0.0000690003  -0.0000590185
        0.0000033040  -0.0000764248   0.0000385113  -0.0000476437  -0.0000125252
        0.0000394341   0.0000496704  -0.0000221751   0.0000004912  -0.0000414881
       -0.0000099997   0.0000146852   0.0000157037   0.0000069875  -0.0000154699
       -0.0000568654   0.0000557255  -0.0000047833  -0.0000069698   0.0000061202
       -0.0000797979   0.0000061277  -0.0001161676   0.0000021564  -0.0000468978
       -0.0000776438  -0.0000133582  -0.0000257158   0.0000132792  -0.0001449485
        0.0000710440  -0.0000099490   0.0000217520  -0.0000514750  -0.0000108457
       -0.0000281048   0.0000459458  -0.0000082449  -0.0000873659   0.0000954881
       -0.0000059660   0.0005819697  -0.0001738640   0.0003193258  -0.0001730620
        0.0000684429  -0.0001320310  -0.0001037074   0.0000005590   0.0000440778
       -0.0000246603   0.0001043832  -0.0000720359  -0.0000163002  -0.0002327598
       -0.0004820384  -0.0000174207   0.0000258750  -0.0000436262   0.0000124253
        0.0000097109   0.0000138808  -0.0000019329  -0.0000042110  -0.0000021928
        0.0000024697   0.0000019771  -0.0000035902  -0.0000023073   0.0000021662
        0.0000022278
       -0.0002092346  -0.0001653838   0.0002654066   0.0000381380  -0.0001138067
       -0.0001398671   0.0000001708   0.0000862641   0.0000335197   0.0001182141
       -0.0000072288  -0.0000559509   0.0000145214  -0.0000056362   0.0000059002
        0.0000338871  -0.0000053251  -0.0000102544   0.0000934106  -0.0000163757
       -0.0000971777  -0.0000210871   0.0000103073  -0.0000048047   0.0000170411
       -0.0000452074   0.0000281011   0.0010570147  -0.0013000154  -0.0003047373
       -0.0150059299   0.0073231542  -0.0004460765  -0.2775801904   0.0566112244
        0.0051711370  -0.0215269432   0.0020166602   0.0009389222  -0.0000316455
        0.0003408230  -0.0003708334   0.0001834189   0.0000299887   0.0001243633
        0.0002999375   0.0000209548  -0.0000392873   0.0000867686  -0.0000319140
       -0.0000052448  -0.0000934894  -0.0000241775  -0.0000270670  -0.0001086348
        0.0000305589   0.0000300716  -0.0000423342   0.0000179264   0.0000260620
        0.0000114099  -0.0000116046   0.0000314284  -0.0000006047  -0.0000114317
        0.0000057779  -0.0000120037   0.0000067757   0.0000417152   0.0000020555
        0.0000010953   0.0000044547   0.0000056357   0.0000008089  -0.0000054286
        0.0000242916   0.0000010522   0.0000199737   0.0000178685  -0.0000228390
       -0.0000313828   0.0000720851  -0.0000117318  -0.0000021983   0.0005922681
        0.0004121953  -0.0000438274   0.0000417940   0.0017898450   0.0004755697
        0.3134647302  -0.0643130959  -0.0070207070   0.0006086009   0.0005089233
       -0.0002020677  -0.0023450594  -0.0028961065   0.0012389069  -0.0001469441
        0.0000246363  -0.0000720019   0.0003912904  -0.0004028742   0.0003981943
        0.0000760317  -0.0000106712   0.0000696794   0.0000009652   0.0000316324
       -0.0000475242   0.0002073020   0.0000805107  -0.0001006241  -0.0000356987
        0.0000353100   0.0000101175  -0.0000257492  -0.0000122957  -0.0000152398
        0.0000660259  -0.0000390330   0.0000268597  -0.0001179406   0.0000086793
        0.0001578027   0.0000083645   0.0000258272  -0.0000188023  -0.0001215176
        0.0001995548   0.0000183752   0.0001153592  -0.0001020679  -0.0000186124
       -0.0000949536   0.0000892293   0.0000131741  -0.0000272429   0.0000496649
        0.0000844153   0.0001796500  -0.0005024856  -0.0001521526  -0.0001509560
        0.0002592728   0.0001988107  -0.0000297122   0.0000307586   0.0000246114
        0.0000011617   0.0000293877  -0.0000988518  -0.0000728721  -0.0000676891
       -0.0001086928  -0.0000429057   0.0000413977  -0.0000024013   0.0000207295
        0.0000079549  -0.0000024632  -0.0000012694  -0.0000087357  -0.0000035566
        0.0000005741  -0.0000062634   0.0000041998  -0.0000057976   0.0000116216
        0.0000002856
       -0.0003977301   0.0006061622   0.0001797508   0.0001183287  -0.0001219873
       -0.0000656402   0.0000070744  -0.0002379217   0.0001135703  -0.0002139352
        0.0000103775   0.0000000092  -0.0000779930  -0.0000489127  -0.0001016867
        0.0001397749   0.0000265294   0.0000934940  -0.0001640920   0.0001429316
        0.0001412545   0.0000049834   0.0000139349  -0.0000089794  -0.0000196871
        0.0000081582   0.0000055509   0.0024975518   0.0006305882  -0.0015407396
        0.0295314527  -0.0099693649   0.0002710454   0.0552442974  -0.0561584216
        0.0008485117  -0.0191560633   0.0036523402   0.0008480541  -0.0006404439
        0.0001754246  -0.0003323624   0.0000905373  -0.0001322024   0.0001692353
       -0.0001182754   0.0000527165  -0.0000407097  -0.0000932276   0.0000442864
       -0.0000157152   0.0000887062  -0.0000112386   0.0000206935   0.0000590086
       -0.0000609957   0.0000099491   0.0000401506  -0.0000371210  -0.0000914931
       -0.0000245651  -0.0000062496  -0.0000019434  -0.0000089876  -0.0000054418
       -0.0000076234   0.0000170508  -0.0000029604  -0.0000187080   0.0000014603
       -0.0000018495  -0.0000070565  -0.0000006944   0.0000008786   0.0000037174
       -0.0000200753  -0.0000165782  -0.0000037710  -0.0000329016   0.0000123547
        0.0000379167  -0.0000139943  -0.0000139046   0.0000037540  -0.0008635823
       -0.0004939151   0.0002852433   0.0014859441  -0.0035653683   0.0036608474
       -0.0643130959   0.0673523597  -0.0061621532  -0.0003880600   0.0007824675
        0.0000117918  -0.0032013664  -0.0024961663   0.0016730663   0.0001132540
       -0.0000862754  -0.0000711213   0.0000698276  -0.0000667280   0.0001584556
        0.0000367768  -0.0000250437   0.0000399958  -0.0000393138   0.0000377189
       -0.0000066338   0.0001294657  -0.0000057404  -0.0000257699   0.0000473887
       -0.0000522347   0.0000009494   0.0000210961   0.0000211659   0.0000227220
       -0.0000633320   0.0000552159  -0.0000238037   0.0000516676   0.0000101632
       -0.0000768944  -0.0000107130  -0.0000540926   0.0000187977   0.0000696215
        0.0000736739  -0.0000669514  -0.0000617986  -0.0000138486   0.0000078498
        0.0000355069   0.0000006589  -0.0000090102   0.0000112168   0.0000114472
       -0.0000361777  -0.0000812606  -0.0001318439   0.0000888730   0.0000169863
        0.0000662270  -0.0000399265   0.0000055681   0.0000049624  -0.0000067081
        0.0000179608  -0.0000058641  -0.0000312558   0.0000199603   0.0000138832
        0.0000882360   0.0000309195   0.0000136867  -0.0000095820  -0.0000060122
        0.0000009567   0.0000018792   0.0000055894   0.0000018910   0.0000026154
        0.0000029378   0.0000008673  -0.0000054020  -0.0000008643  -0.0000017575
       -0.0000000112
       -0.0000469840   0.0003766815   0.0010644387   0.0003373519  -0.0002680804
       -0.0005695054   0.0000773145  -0.0003010805   0.0002373986  -0.0002063155
        0.0000563973   0.0000250817  -0.0000424944  -0.0001222012  -0.0001663248
        0.0002294121  -0.0000241860   0.0001098528  -0.0000296772   0.0002564863
        0.0000370464   0.0000128940   0.0000290271  -0.0000199087   0.0000399620
       -0.0000075733   0.0000168597  -0.0010501289  -0.0012450623  -0.0046898760
       -0.0058253479   0.0018593181   0.0012012424   0.0054358200   0.0015442734
       -0.0363482861   0.0072316837  -0.0014427168   0.0014346020  -0.0001572020
       -0.0001499631   0.0009164713  -0.0000129921   0.0000379807   0.0001020706
       -0.0000004023   0.0002156820   0.0001670695   0.0000193423   0.0000781836
       -0.0000105581  -0.0000580756  -0.0000750656   0.0000496582  -0.0000470771
       -0.0001168201  -0.0000097592   0.0000351710  -0.0000085027  -0.0000263923
       -0.0000260379  -0.0000278028   0.0000144061  -0.0000018494  -0.0000261820
        0.0000134303   0.0000016837  -0.0000175436  -0.0000028872   0.0000002878
       -0.0000016781   0.0000009623  -0.0000001725   0.0000008073  -0.0000022100
        0.0000003157  -0.0000041592  -0.0000049031   0.0000000194  -0.0000193771
        0.0000064399   0.0000084124  -0.0000032976   0.0000060596   0.0001169960
        0.0002007080   0.0005288480   0.0003777036   0.0037050074   0.0103689730
       -0.0070207070  -0.0061621532   0.0245302289  -0.0000640616   0.0000699711
        0.0002553385   0.0007124299   0.0014375917   0.0011399442  -0.0000331460
       -0.0000090995   0.0000192439  -0.0000252319   0.0002301494  -0.0003055460
       -0.0000113281  -0.0000379982  -0.0000010722   0.0000002638  -0.0000262568
        0.0000067824  -0.0000754837   0.0000079203  -0.0000134859  -0.0000021504
       -0.0000292364   0.0000232256   0.0000081084  -0.0000027671   0.0000056154
        0.0000348653   0.0000720358  -0.0000336011   0.0000303963  -0.0000603601
       -0.0000599713   0.0000088598  -0.0000001509   0.0000219699  -0.0000342970
        0.0000402204  -0.0000195522  -0.0000202635  -0.0000132173   0.0000030176
        0.0000043106   0.0000094779  -0.0000053976  -0.0000303954  -0.0000016466
       -0.0000333852   0.0001293210  -0.0000222842   0.0001104457  -0.0000331872
       -0.0000164008  -0.0000579133  -0.0000073775   0.0000007836   0.0000064092
       -0.0000131424   0.0000046023   0.0000051339   0.0000142764  -0.0000090172
       -0.0000414108   0.0000084784   0.0000159121  -0.0000093344  -0.0000017425
        0.0000010791   0.0000050744   0.0000012599   0.0000005818   0.0000002609
        0.0000009838   0.0000020338  -0.0000030016  -0.0000006525  -0.0000010313
        0.0000006810
       -0.0001871973  -0.0007081156  -0.0003124277  -0.0000524520   0.0000692527
        0.0000466324   0.0000128182  -0.0000458734   0.0000389323   0.0000097079
        0.0000033436  -0.0000084705  -0.0000296918  -0.0000152869   0.0000047376
        0.0000072651   0.0000060339   0.0000028413   0.0000367406   0.0000339882
       -0.0000118128   0.0000054927   0.0000173766  -0.0000101520   0.0000166892
       -0.0000124472  -0.0000014181   0.0007006560   0.0005286526   0.0012459069
       -0.0016500734  -0.0026232838   0.0009431172   0.0031742459  -0.0160371957
       -0.0093928881  -0.0548231206   0.0355737070   0.0224776274   0.0018552563
       -0.0020261497  -0.0024444151   0.0000976812   0.0003692607   0.0003124028
        0.0000605490   0.0000828164  -0.0000849719  -0.0000069319   0.0000271278
       -0.0000597817   0.0001345546   0.0001506951   0.0000369285  -0.0000069034
       -0.0000300525   0.0000495185  -0.0000010896  -0.0000014087  -0.0000147788
        0.0000194113   0.0000099846   0.0000144091   0.0000106127  -0.0000161717
       -0.0000120559  -0.0000092734   0.0000042254   0.0000125274   0.0000002609
       -0.0000052991  -0.0000047037   0.0000040666   0.0000028848   0.0000021524
        0.0000102935  -0.0000051831   0.0000170101  -0.0000078258  -0.0000195561
        0.0000050566   0.0000348195  -0.0000008327   0.0000119933   0.0000923226
        0.0000405011  -0.0000096574  -0.0000858648  -0.0001373195  -0.0000557900
        0.0006086009  -0.0003880600  -0.0000640616   0.0580960660  -0.0396563351
       -0.0270099583  -0.0089382666   0.0260319315   0.0155317264   0.0007685856
       -0.0002511091  -0.0007386224   0.0003105157  -0.0006431640  -0.0005462550
       -0.0000688872  -0.0000476367  -0.0001269583   0.0001480755  -0.0003291197
        0.0001566133  -0.0001851288   0.0001906189   0.0000267421   0.0000135471
        0.0000021279   0.0000630371   0.0000048501  -0.0000079821   0.0000123222
       -0.0000905140  -0.0000972779  -0.0000632043  -0.0000392017  -0.0000431781
        0.0000148373   0.0000241389   0.0000095319  -0.0000051514  -0.0000411103
        0.0000892562  -0.0000293400  -0.0000082403  -0.0000442355   0.0000125924
       -0.0000104256   0.0000248251  -0.0000057730  -0.0000501310   0.0000274682
        0.0000485472   0.0001653836  -0.0002795031   0.0000381742  -0.0000725693
        0.0001300188   0.0000441952  -0.0000309657   0.0000295404   0.0000131104
        0.0000360311   0.0000734375  -0.0001221243  -0.0000613031  -0.0000902899
       -0.0000283096  -0.0000009465   0.0000283239  -0.0000248292  -0.0000020819
        0.0000053920   0.0000076378   0.0000012691  -0.0000007978   0.0000000499
        0.0000023262   0.0000007108  -0.0000037609  -0.0000026374  -0.0000001690
        0.0000002925
       -0.0003389139  -0.0004822193  -0.0005488990  -0.0000119855   0.0001284984
        0.0001442270   0.0000338011  -0.0000765067  -0.0000465251   0.0000068051
       -0.0000085895  -0.0000216412  -0.0000415249   0.0000156542   0.0000213166
       -0.0000210110   0.0000245115   0.0000221613   0.0000250174   0.0000168190
        0.0000092602   0.0000037561   0.0000067129   0.0000113788   0.0000022213
       -0.0000176604  -0.0000334012   0.0004266482  -0.0001465157   0.0022520278
       -0.0032130565  -0.0020599225   0.0003966143   0.0002413845  -0.0276202588
       -0.0096971756   0.0382485379  -0.1925139960  -0.1043310634  -0.0007657755
        0.0035861595   0.0001219453   0.0000893948   0.0009311015   0.0007952332
       -0.0000342609  -0.0001465734  -0.0001983988  -0.0001074546  -0.0000645818
       -0.0000424615   0.0001555195   0.0001761081   0.0000035785   0.0000598710
        0.0001015489   0.0000583948  -0.0000072877  -0.0000171632   0.0000129840
        0.0000373671   0.0000109364   0.0000127120   0.0000093400  -0.0000040571
       -0.0000058417  -0.0000028158   0.0000232215   0.0000164464  -0.0000046245
        0.0000035955  -0.0000050235   0.0000091550  -0.0000049911   0.0000147305
       -0.0000057796  -0.0000024990  -0.0000030705  -0.0000269390   0.0000253763
        0.0000237644  -0.0000414321  -0.0000099391  -0.0000181678   0.0000021993
       -0.0000453322  -0.0001009011  -0.0004656324   0.0001592982  -0.0006468062
        0.0005089233   0.0007824675   0.0000699711  -0.0396563351   0.2265296070
        0.1167218845   0.0053193117  -0.0103316802  -0.0064932897  -0.0003318932
        0.0006162337   0.0010487188  -0.0002721141   0.0004834657   0.0001506962
        0.0000053488  -0.0000320103   0.0001438733   0.0000409284   0.0001799492
        0.0000385426   0.0000445123  -0.0001916983  -0.0000982436   0.0000397481
        0.0000313500   0.0000188936   0.0000235071  -0.0000042895   0.0000076545
       -0.0001132013  -0.0001401570  -0.0000122066   0.0000686801   0.0000179735
        0.0001214030   0.0000190113   0.0000220320  -0.0000127931   0.0000822318
       -0.0000043195   0.0000061786  -0.0001036052  -0.0000166183   0.0000167254
        0.0000546924  -0.0000085529  -0.0000046414   0.0000803728  -0.0000041374
        0.0000034025  -0.0002159305   0.0000016293  -0.0001496166   0.0001040176
        0.0000568826   0.0000852551   0.0000120848  -0.0000086783   0.0000099452
       -0.0000178390  -0.0000743840   0.0000600778  -0.0000007085   0.0000845742
        0.0000467260   0.0000543820   0.0000218939   0.0000100314  -0.0000168910
       -0.0000027869  -0.0000066754   0.0000087570   0.0000078049   0.0000062012
        0.0000018387   0.0000009316  -0.0000056496  -0.0000023549  -0.0000062187
       -0.0000004638
        0.0001225973  -0.0001168231   0.0002362469  -0.0000992518   0.0000237126
       -0.0000698017   0.0000033391  -0.0000256725  -0.0000042110  -0.0000167917
       -0.0000044727  -0.0000152222  -0.0000209660  -0.0000060897   0.0000087593
       -0.0000107442  -0.0000003844   0.0000097842   0.0000264951  -0.0000025066
        0.0000021200   0.0000115024   0.0000078951   0.0000004637   0.0000199733
       -0.0000111453  -0.0000242167   0.0001718635   0.0005715672  -0.0007766760
        0.0005361460   0.0002683740  -0.0003383040  -0.0001555563   0.0065369174
        0.0039534103   0.0223121404  -0.1026153632  -0.1027042602   0.0050998059
       -0.0234354911  -0.0256269674  -0.0002977120  -0.0009386738   0.0010060649
       -0.0000610301  -0.0001269635  -0.0000068068  -0.0000667263  -0.0000569999
       -0.0000083217   0.0000518701   0.0000630908   0.0000108379   0.0000445816
        0.0000577678  -0.0000021629   0.0000008771   0.0000173168   0.0000149055
        0.0000101872   0.0000097605   0.0000071977   0.0000053117  -0.0000011304
       -0.0000079471   0.0000025543   0.0000006224  -0.0000055716  -0.0000010265
        0.0000006712  -0.0000046084   0.0000049140  -0.0000010529   0.0000085767
        0.0000010003  -0.0000017987   0.0000050648  -0.0000140164   0.0000171777
        0.0000035309  -0.0000182193  -0.0000103667  -0.0000071518  -0.0000403872
        0.0000022822   0.0000335609  -0.0000039492   0.0000699324   0.0000735974
       -0.0002020677   0.0000117918   0.0002553385  -0.0270099583   0.1167218845
        0.1272268558   0.0000574377   0.0015063946   0.0023315460  -0.0008971352
        0.0011520298  -0.0069583738   0.0002870817  -0.0005571173   0.0009831864
       -0.0001458968  -0.0001188857   0.0004720486   0.0001622702   0.0008985671
       -0.0000501618   0.0000345433   0.0000014226  -0.0000929150   0.0000184838
        0.0000135172  -0.0000023839   0.0000137515   0.0000082185  -0.0000000638
       -0.0000372238  -0.0000469253   0.0000058191   0.0001065239   0.0000769394
        0.0000290277   0.0000054876   0.0000119128   0.0000011766   0.0000351445
        0.0000043476   0.0000219017  -0.0000758982  -0.0000215189   0.0000165162
        0.0000339407   0.0000000027  -0.0000053498   0.0001166523  -0.0000270706
        0.0000749344  -0.0000841790  -0.0000730664  -0.0001157999   0.0000600256
        0.0000917898   0.0000735858  -0.0000244808   0.0000119165   0.0000199684
       -0.0000894527  -0.0000426345  -0.0000257653  -0.0000134293   0.0000577088
       -0.0000290153   0.0000365900   0.0000226404  -0.0000002629  -0.0000133705
        0.0000005924  -0.0000015592   0.0000066052   0.0000053721   0.0000060502
        0.0000022582   0.0000011568  -0.0000074987  -0.0000024859  -0.0000031401
       -0.0000006976
        0.0003011711   0.0003901291  -0.0001043068  -0.0001473692  -0.0000422293
        0.0000232945   0.0000119873  -0.0000199675  -0.0000607921   0.0000479868
        0.0000176092   0.0000047184   0.0000008730   0.0000022876   0.0000325356
       -0.0000332715   0.0000019738  -0.0000316730   0.0000433316  -0.0000151816
       -0.0000309667   0.0000150170  -0.0000051939  -0.0000097467   0.0000341207
       -0.0000034376  -0.0000045242  -0.0001083588  -0.0001092341   0.0001716280
        0.0012611804   0.0019706317  -0.0005015064  -0.0266967733   0.0014528887
       -0.0004265751  -0.2510227085   0.0663328672  -0.0312733266  -0.0069333071
        0.0031079217  -0.0050183037   0.0009987520  -0.0003328827   0.0008817778
        0.0001331577   0.0000301109   0.0001250723   0.0000858121  -0.0000111483
        0.0000238976  -0.0000808221  -0.0000144132  -0.0000181188  -0.0000011810
        0.0000731961  -0.0000261664  -0.0000225774  -0.0000008195   0.0000656540
        0.0000165969   0.0000035773  -0.0000003602   0.0000027560   0.0000062009
        0.0000093413  -0.0000071750  -0.0000021364   0.0000040572  -0.0000061934
        0.0000046961   0.0000114643  -0.0000068578   0.0000048871  -0.0000073451
        0.0000065216   0.0000144769  -0.0000172146   0.0000268389  -0.0000367475
       -0.0000066439   0.0000055894   0.0000021002   0.0000000156   0.0002294537
        0.0002435578  -0.0000703464   0.0006900008  -0.0008894660  -0.0000031665
       -0.0023450594  -0.0032013664   0.0007124299  -0.0089382666   0.0053193117
        0.0000574377   0.2918129355  -0.0738440889   0.0364835237   0.0002547177
       -0.0002202620   0.0002462619   0.0003191839  -0.0001462577  -0.0014828904
       -0.0000165631  -0.0001685384   0.0002834558  -0.0001778306   0.0000751099
       -0.0000391493   0.0004142526   0.0000322113   0.0000100540  -0.0000346780
        0.0000213676  -0.0000143693  -0.0000159601  -0.0000083756  -0.0000145257
        0.0000537937   0.0000002961   0.0000294308  -0.0001409171   0.0000075583
       -0.0000436858  -0.0000041417   0.0000249698  -0.0000046340  -0.0001109178
       -0.0000393697  -0.0000413945   0.0000601166  -0.0000053358  -0.0000154153
       -0.0000406433   0.0000225962   0.0000091558  -0.0001449308   0.0000646840
        0.0000838444   0.0001893600   0.0000245925   0.0000688479  -0.0000128102
        0.0000034447   0.0000053316  -0.0000832579   0.0000296891   0.0000502661
        0.0001490381   0.0000282002  -0.0000315913  -0.0000125487  -0.0001860454
       -0.0000999649  -0.0000214483  -0.0000053480   0.0000034315   0.0000157257
       -0.0000033404  -0.0000018496  -0.0000084425  -0.0000032017  -0.0000034617
       -0.0000043303  -0.0000022053   0.0000065414  -0.0000009290   0.0000034491
        0.0000005459
        0.0001149100   0.0000949432  -0.0000352783  -0.0000689498  -0.0000043854
       -0.0000136812  -0.0000081672   0.0000103456  -0.0000003685   0.0000252258
        0.0000239682   0.0000156493   0.0000287453  -0.0000151359   0.0000055446
       -0.0000020402  -0.0000178799  -0.0000367166   0.0000071340  -0.0000011093
       -0.0000288471   0.0000129017  -0.0000026720  -0.0000036030   0.0000306929
       -0.0000124596   0.0000016683  -0.0000285416  -0.0000692329   0.0000832816
       -0.0022916183   0.0010076546  -0.0001281940  -0.0206638274   0.0051618455
       -0.0021377936   0.0664218584  -0.0668608672   0.0076781750   0.0071967118
       -0.0020656648   0.0033989571   0.0006907484   0.0001309847   0.0000397593
        0.0000728747   0.0000934840   0.0000584843   0.0000368117   0.0000232674
       -0.0000014924  -0.0000242833  -0.0000049945  -0.0000001326  -0.0000244240
       -0.0000280464   0.0000013059  -0.0000164560   0.0000153725   0.0000196356
        0.0000123134   0.0000086312   0.0000059173   0.0000026720   0.0000025903
        0.0000036313  -0.0000030881   0.0000051114   0.0000069010  -0.0000035481
        0.0000016969   0.0000013116  -0.0000038815   0.0000057584  -0.0000050045
        0.0000302972   0.0000082946   0.0000163404   0.0000212560  -0.0000249810
       -0.0000273729   0.0000463564   0.0000306095   0.0000048707   0.0001867024
        0.0000346114   0.0000142819   0.0001245895  -0.0009256357   0.0001549990
       -0.0028961065  -0.0024961663   0.0014375917   0.0260319315  -0.0103316802
        0.0015063946  -0.0738440889   0.0758875993  -0.0134942499  -0.0005546669
        0.0003246448  -0.0005497547   0.0000314330   0.0003927451   0.0018538576
       -0.0001323397   0.0000514936  -0.0002469684   0.0001639187  -0.0001977498
       -0.0000608325  -0.0005391928  -0.0000343983   0.0004965301  -0.0000110942
       -0.0000000589   0.0000093189  -0.0000064948  -0.0000071905  -0.0000042946
        0.0000148638   0.0000060634   0.0000027744  -0.0000256276  -0.0000289347
       -0.0000124401   0.0000098303   0.0000012380  -0.0000045429  -0.0000877750
       -0.0000724208   0.0000432629   0.0000775263   0.0000389976  -0.0000136304
       -0.0000430726  -0.0000088526   0.0000067008  -0.0000804699   0.0000206624
       -0.0000131378   0.0003172010  -0.0000284295  -0.0000429818  -0.0001784432
       -0.0001219649   0.0000950166  -0.0000371904  -0.0000026291   0.0000439797
        0.0000105338   0.0001568668  -0.0000402025  -0.0000877946  -0.0001513753
       -0.0001080322  -0.0000481734  -0.0000226086  -0.0000036066   0.0000068290
        0.0000028915   0.0000040906  -0.0000109452  -0.0000027261  -0.0000039625
       -0.0000057744   0.0000010534   0.0000064142   0.0000012067  -0.0000031753
        0.0000004749
        0.0000203141  -0.0001341430   0.0000481983  -0.0000664809   0.0000309312
       -0.0000085700  -0.0000229778   0.0000112581   0.0000624961  -0.0000000166
        0.0000015643   0.0000152722  -0.0000360933  -0.0000060349   0.0000119538
       -0.0000025349   0.0000023858  -0.0000134125   0.0000067445   0.0000037297
       -0.0000120641   0.0000060090   0.0000144636  -0.0000354074   0.0000100920
        0.0000278450   0.0000461237   0.0001315109   0.0001677576  -0.0000636594
        0.0004863499  -0.0007318315  -0.0003782896   0.0081658871  -0.0003319752
        0.0011634712  -0.0320001705   0.0067694528  -0.0473088641  -0.0275287304
        0.0107952831  -0.0096786986  -0.0008847807  -0.0004283634   0.0006442736
        0.0001201018   0.0000745182   0.0000477409   0.0000433422   0.0000193645
       -0.0000065003   0.0000235674   0.0000277169   0.0000179155  -0.0000068051
       -0.0000001460  -0.0000000498   0.0000371219   0.0000012231  -0.0000462251
       -0.0000238544   0.0000066798  -0.0000132699   0.0000042993  -0.0000150780
       -0.0000135633  -0.0000025347  -0.0000153928  -0.0000095761   0.0000055771
       -0.0000098107  -0.0000031477  -0.0000030461   0.0000158152  -0.0000132722
       -0.0000154662  -0.0000057829   0.0000030268  -0.0000080133  -0.0000294273
        0.0000040853   0.0000698408  -0.0000228894   0.0000407398  -0.0000497446
       -0.0000243897   0.0000063690  -0.0000865592   0.0001308804   0.0000690003
        0.0012389069   0.0016730663   0.0011399442   0.0155317264  -0.0064932897
        0.0023315460   0.0364835237  -0.0134942499   0.0576962280  -0.0005588271
        0.0001417673   0.0008272507  -0.0016036911   0.0018062555  -0.0061502036
        0.0000318840  -0.0002128361   0.0002909582   0.0001025420  -0.0000487126
       -0.0000744418   0.0006674973   0.0002871354  -0.0002643537  -0.0000097514
       -0.0000039939   0.0000200748  -0.0000081469   0.0000019166  -0.0000001731
       -0.0000074988  -0.0000099128  -0.0000236986  -0.0000773954   0.0000141441
       -0.0000426839  -0.0000001826   0.0000001113   0.0000013423  -0.0001324729
        0.0002507743  -0.0001098009   0.0000506261  -0.0000702467  -0.0000045097
       -0.0000466697   0.0000620707  -0.0000037131  -0.0001282271  -0.0000366824
        0.0001294125   0.0003753935  -0.0007002341   0.0002442239  -0.0002024580
        0.0004007427  -0.0001065896  -0.0000915082   0.0001489317   0.0000234473
        0.0001287268   0.0000782161  -0.0004130162  -0.0001182574  -0.0001794651
       -0.0000500687  -0.0000321928   0.0000294482  -0.0000461847   0.0000160225
        0.0000100869   0.0000139853  -0.0000029481  -0.0000048692  -0.0000014815
        0.0000042438  -0.0000005851  -0.0000039432  -0.0000038149   0.0000048056
        0.0000003526
       -0.0000627450   0.0000242368  -0.0000065513   0.0000905414  -0.0000356975
        0.0000153797   0.0000026531   0.0000193873  -0.0000092241  -0.0000019298
       -0.0000116127  -0.0000099103   0.0000176921   0.0000104048  -0.0000113315
        0.0000087713  -0.0000022638   0.0000101795  -0.0000016624   0.0000014880
        0.0000104454  -0.0000085270  -0.0000149736   0.0000245464  -0.0000010308
       -0.0000155752  -0.0000300633  -0.0000469993  -0.0000552794  -0.0000486793
        0.0001026635  -0.0000684369  -0.0000025939   0.0000828806   0.0000776600
        0.0006884701   0.0013054956  -0.0026513482  -0.0017674204  -0.0527080926
        0.0340995531   0.0204593694   0.0019250320  -0.0182228575  -0.0092549193
       -0.0001867848   0.0001645115   0.0001247299   0.0000274632   0.0000872110
       -0.0000215112   0.0000012640  -0.0000224505   0.0000182712  -0.0000461312
       -0.0001099990  -0.0000490274  -0.0000046465   0.0000012191   0.0000023514
       -0.0000106748  -0.0000022171  -0.0000039381  -0.0000081038   0.0000091434
        0.0000049834   0.0000018308  -0.0000099501  -0.0000060118  -0.0000022230
        0.0000027234  -0.0000000849  -0.0000034096  -0.0000105968   0.0000094937
       -0.0000005607   0.0000075202  -0.0000023250   0.0000074893   0.0000451708
       -0.0000090994  -0.0000556916   0.0000060264  -0.0000193266  -0.0000531261
       -0.0000094063   0.0000054390  -0.0000059558   0.0000449893  -0.0000590185
       -0.0001469441   0.0001132540  -0.0000331460   0.0007685856  -0.0003318932
       -0.0008971352   0.0002547177  -0.0005546669  -0.0005588271   0.0590535796
       -0.0352947120  -0.0245188543  -0.0088196396   0.0270952415   0.0160243337
        0.0003967467   0.0003383622  -0.0003656802  -0.0020832830  -0.0040104060
        0.0007747046   0.0006111735  -0.0004631008  -0.0004838443  -0.0000018206
       -0.0000313139   0.0000301522   0.0000067017   0.0000027558   0.0000088813
       -0.0000042087   0.0000362491  -0.0000386683  -0.0000425901  -0.0004930590
       -0.0001661167  -0.0000019541  -0.0000124203   0.0000114815   0.0001491283
       -0.0001554478   0.0001483259  -0.0000647534   0.0000516733   0.0000110792
        0.0000530593  -0.0000540459  -0.0000024467   0.0001746403   0.0002576688
        0.0000181841  -0.0003306440   0.0001650067  -0.0003552598   0.0001463017
       -0.0000973301   0.0001167692   0.0000459871  -0.0001186861   0.0000645661
       -0.0007435194  -0.0001395502   0.0001890266   0.0001974754   0.0003620079
       -0.0000617645   0.0000283207  -0.0000178665   0.0000254733  -0.0000158738
       -0.0000071727  -0.0000068419   0.0000024990   0.0000032843   0.0000036244
       -0.0000023334   0.0000002224  -0.0000001157   0.0000031656  -0.0000026354
       -0.0000005239
       -0.0000515454   0.0000585423   0.0000409828   0.0000931887  -0.0000338802
       -0.0000089574   0.0000024541   0.0000129901  -0.0000017450  -0.0000029061
       -0.0000083855  -0.0000065669   0.0000150804   0.0000081688  -0.0000041868
        0.0000168517  -0.0000098468   0.0000004398  -0.0000145648  -0.0000075462
       -0.0000002510  -0.0000050152  -0.0000108083   0.0000072861   0.0000044627
       -0.0000070222  -0.0000177040  -0.0001011681  -0.0001396050  -0.0000964708
        0.0000388385   0.0001975134  -0.0000598470   0.0001394225   0.0007418895
        0.0006878060  -0.0007960578   0.0039240456   0.0011205640   0.0337670777
       -0.1996688288  -0.1040652346  -0.0001714634  -0.0242460972  -0.0109676217
        0.0001774351  -0.0004971458   0.0002406033  -0.0000034083  -0.0000400174
        0.0000464867  -0.0000266486  -0.0000276492  -0.0000194277   0.0000366668
        0.0001551518  -0.0000599015  -0.0000051567   0.0000047717  -0.0000051810
       -0.0000041959   0.0000010133  -0.0000004236  -0.0000039686   0.0000042538
        0.0000000031  -0.0000019880   0.0000013507  -0.0000030858   0.0000001918
       -0.0000008823  -0.0000004110  -0.0000010679  -0.0000055282   0.0000056866
       -0.0000043703   0.0000105649   0.0000000652   0.0000045917  -0.0000000450
       -0.0000100639  -0.0000343422   0.0000039791  -0.0000165491   0.0000240993
        0.0000086544  -0.0000111136   0.0000258644   0.0000372522   0.0000033040
        0.0000246363  -0.0000862754  -0.0000090995  -0.0002511091   0.0006162337
        0.0011520298  -0.0002202620   0.0003246448   0.0001417673  -0.0352947120
        0.2330010559   0.1182574548   0.0057284765  -0.0117820289  -0.0072695863
        0.0004571021   0.0002515457  -0.0001286756  -0.0039894127  -0.0036556075
        0.0015031376   0.0005362861   0.0008135598  -0.0002262682   0.0000008788
        0.0000175710  -0.0000406984  -0.0000019506   0.0000078346  -0.0000207928
        0.0000034374  -0.0000046800   0.0000487022  -0.0003676439   0.0001803175
       -0.0002467160   0.0000038249  -0.0000049408  -0.0000102099   0.0000607522
       -0.0000925673   0.0000691304  -0.0000329511   0.0000091353  -0.0000019278
        0.0000254283  -0.0000212095   0.0000042036   0.0003175868  -0.0000286400
        0.0000326109  -0.0002398097   0.0000913714  -0.0001610541   0.0001107363
        0.0000047053   0.0000952529  -0.0000134887  -0.0000997175  -0.0000583281
       -0.0001038055   0.0002438202  -0.0000082950   0.0001152504  -0.0002478347
        0.0000667525   0.0000202703   0.0000016356   0.0000178341  -0.0000119009
       -0.0000047747  -0.0000089198   0.0000033113   0.0000015292   0.0000034359
       -0.0000003562  -0.0000021510   0.0000003759   0.0000010666  -0.0000013861
       -0.0000006019
       -0.0000910487   0.0000049947   0.0000849141   0.0000695325   0.0000055781
       -0.0000468868  -0.0000022156  -0.0000233462  -0.0000320085  -0.0000123252
       -0.0000140768  -0.0000121182   0.0000076448   0.0000078809  -0.0000038391
       -0.0000037897  -0.0000004753   0.0000197033  -0.0000167184  -0.0000075014
        0.0000238982  -0.0000032571  -0.0000042143   0.0000148793  -0.0000226646
       -0.0000040324  -0.0000197554  -0.0000348795  -0.0001395221  -0.0001350036
       -0.0000993728   0.0003170917   0.0001767264   0.0000132543  -0.0016765617
        0.0000364207   0.0053875642  -0.0218760798  -0.0239377226   0.0196462205
       -0.1037567594  -0.1090548896  -0.0006283279   0.0054663818   0.0039898356
       -0.0000216194  -0.0005564213  -0.0003983485  -0.0001317879  -0.0001255822
        0.0000120528  -0.0000019916  -0.0000062938  -0.0000411549  -0.0000103162
        0.0001493801   0.0000673587  -0.0000027641  -0.0000053960   0.0000010009
        0.0000088029  -0.0000028402   0.0000037532   0.0000007067   0.0000039689
        0.0000052005   0.0000092480   0.0000203971   0.0000131710  -0.0000004269
        0.0000011327   0.0000012490   0.0000058632  -0.0000094020   0.0000084532
       -0.0000068539   0.0000051268  -0.0000021361  -0.0000163015   0.0000279972
        0.0000107240  -0.0000533463   0.0000024785  -0.0000159051  -0.0000148414
       -0.0000482883   0.0000140003  -0.0001793993   0.0001118623  -0.0000764248
       -0.0000720019  -0.0000711213   0.0000192439  -0.0007386224   0.0010487188
       -0.0069583738   0.0002462619  -0.0005497547   0.0008272507  -0.0245188543
        0.1182574548   0.1311884128   0.0001900873   0.0014680147   0.0025043656
       -0.0000096901   0.0004829688   0.0005740155   0.0009871629   0.0013876264
        0.0004813459  -0.0002625505  -0.0000791024   0.0000149144   0.0000298461
        0.0000414611  -0.0000484225   0.0000140769  -0.0000094471  -0.0000075411
       -0.0000078895  -0.0000347644   0.0000629777   0.0002113292   0.0001864855
        0.0004913176   0.0000013221   0.0000080121  -0.0000118503   0.0001161146
       -0.0000805023   0.0000274622  -0.0000690447   0.0000146442   0.0000107513
        0.0000527240  -0.0000312824  -0.0000036931   0.0002872861  -0.0001654580
       -0.0000627833  -0.0003941589   0.0002004557  -0.0003048605   0.0001623464
       -0.0000151544   0.0001230565   0.0001309243  -0.0001152805  -0.0000936994
       -0.0001092219  -0.0000870731   0.0003224773  -0.0000746649   0.0002801935
        0.0001269266   0.0000370593  -0.0000004486   0.0000167069  -0.0000156340
       -0.0000064555  -0.0000066998   0.0000059704   0.0000042232   0.0000020341
        0.0000030322   0.0000001919  -0.0000006615   0.0000022003  -0.0000020837
       -0.0000018213
       -0.0000064771   0.0000308987   0.0000273007   0.0000356399  -0.0000241717
       -0.0000074837   0.0000048462   0.0000106646   0.0000189560   0.0000172577
        0.0000006824  -0.0000112264  -0.0000147125   0.0000014221   0.0000015058
        0.0000184731   0.0000011851  -0.0000037834  -0.0000005016  -0.0000068048
       -0.0000240524  -0.0000043963   0.0000098033  -0.0000155096  -0.0000026843
       -0.0000154892   0.0000394053  -0.0000941032  -0.0000981894   0.0000246299
       -0.0000430426   0.0000073372   0.0000004120   0.0005214454   0.0001726332
        0.0004581084  -0.0065329992   0.0030958697  -0.0045947323  -0.2421495931
        0.0696428848  -0.0318219348  -0.0247224900   0.0028649211  -0.0013437039
        0.0001916663   0.0000068479   0.0000082033   0.0000625607  -0.0000233503
        0.0000309592  -0.0000700825  -0.0000468889  -0.0000269860  -0.0000681512
       -0.0000046082  -0.0000069916  -0.0000061786  -0.0000077819  -0.0000046658
        0.0000005945  -0.0000048807   0.0000073913  -0.0000033166  -0.0000033360
        0.0000041723   0.0000005888   0.0000051112   0.0000120532   0.0000029277
        0.0000018791   0.0000055898  -0.0000002362   0.0000040106  -0.0000096670
        0.0000044370  -0.0000093509   0.0000096089  -0.0000048919  -0.0000185003
       -0.0000034315   0.0000618670  -0.0000294962   0.0000127291   0.0000966200
        0.0000125409  -0.0000082874   0.0000336916  -0.0001807917   0.0000385113
        0.0003912904   0.0000698276  -0.0000252319   0.0003105157  -0.0002721141
        0.0002870817   0.0003191839   0.0000314330  -0.0016036911  -0.0088196396
        0.0057284765   0.0001900873   0.2826406172  -0.0780753122   0.0372760042
        0.0003813070   0.0003997623   0.0000732621   0.0007207256   0.0005564230
       -0.0003642748  -0.0030114847  -0.0040404409   0.0014487456  -0.0000245889
        0.0000147475  -0.0000197046  -0.0000203048  -0.0000014683  -0.0000159882
        0.0000466599   0.0000056845   0.0000415329  -0.0000906878   0.0001290277
        0.0000274158  -0.0000036783   0.0000020485  -0.0000144387  -0.0000864017
        0.0002314555  -0.0000454052   0.0000880817  -0.0001050181  -0.0000123033
       -0.0000769825   0.0000896144   0.0000084749  -0.0000309988   0.0000240616
        0.0000354095   0.0001112293  -0.0005430793  -0.0000037708  -0.0000949184
        0.0003281663   0.0000682511  -0.0000127694   0.0000097826  -0.0000089434
        0.0000126582   0.0000387066  -0.0001227115  -0.0000689491  -0.0000677278
       -0.0000193900  -0.0000282754   0.0000444068  -0.0000167218   0.0000194384
        0.0000102795   0.0000014595   0.0000009323  -0.0000090657  -0.0000025403
        0.0000035271  -0.0000065516  -0.0000004844  -0.0000052466   0.0000118223
        0.0000007946
       -0.0000596906  -0.0000370894  -0.0000130432   0.0000498758   0.0000020090
        0.0000116099   0.0000045415   0.0000061207  -0.0000010956  -0.0000103439
       -0.0000064234  -0.0000056213  -0.0000060049   0.0000084983  -0.0000044458
        0.0000085440   0.0000018703   0.0000106721  -0.0000115219  -0.0000014273
        0.0000068161  -0.0000031083  -0.0000061485   0.0000073192  -0.0000067947
        0.0000035166   0.0000054200   0.0000656868   0.0001115163  -0.0000491538
       -0.0000402764  -0.0001474968   0.0000558013   0.0010016564   0.0000083194
        0.0000228052   0.0069289638  -0.0025973631   0.0034724096   0.0703180493
       -0.0685722902   0.0087002047  -0.0215446440   0.0049489276  -0.0019861842
       -0.0001600642   0.0000572254   0.0000189317  -0.0000454328   0.0000355399
       -0.0000233652   0.0000246600  -0.0000003219   0.0000144441  -0.0000108135
       -0.0000829061  -0.0000156679   0.0000051826  -0.0000010858  -0.0000070777
       -0.0000100094  -0.0000000808  -0.0000055265  -0.0000060592   0.0000051357
        0.0000013830   0.0000057657  -0.0000013034  -0.0000035044  -0.0000012111
        0.0000003384  -0.0000015334  -0.0000018280  -0.0000025022   0.0000032864
       -0.0000056220  -0.0000005015  -0.0000060381  -0.0000074981   0.0000213170
        0.0000041839  -0.0000275097  -0.0000022627  -0.0000003837  -0.0000669574
       -0.0000438006   0.0000252429  -0.0001359195   0.0001648354  -0.0000476437
       -0.0004028742  -0.0000667280   0.0002301494  -0.0006431640   0.0004834657
       -0.0005571173  -0.0001462577   0.0003927451   0.0018062555   0.0270952415
       -0.0117820289   0.0014680147  -0.0780753122   0.0783900480  -0.0138617201
        0.0000792865   0.0004859410  -0.0004078609  -0.0004680981   0.0008805557
       -0.0000790011  -0.0040068674  -0.0024868200   0.0012213094   0.0000159647
       -0.0000233997   0.0000206618   0.0000161318   0.0000047848   0.0000084185
       -0.0000261288   0.0000184713  -0.0000251666   0.0002192680  -0.0001119154
       -0.0000244720   0.0000038517  -0.0000123587   0.0000105950   0.0000581864
       -0.0000466197   0.0000212727  -0.0000286081   0.0000223414   0.0000019685
        0.0000263621  -0.0000203743  -0.0000030162   0.0001766543  -0.0000267435
       -0.0000412774  -0.0000827363   0.0001130223  -0.0000103127   0.0000570049
       -0.0000860219  -0.0000476127   0.0000187394  -0.0000399343   0.0000154396
       -0.0002153205  -0.0001281341   0.0000767200   0.0000636655   0.0001806716
       -0.0000189568   0.0000146552  -0.0000093199   0.0000059859  -0.0000044042
       -0.0000028111  -0.0000009584   0.0000013455   0.0000011415   0.0000027006
       -0.0000003324  -0.0000004089  -0.0000015991   0.0000021304  -0.0000017365
       -0.0000006658
        0.0000450205   0.0000168159   0.0000105564  -0.0000497036   0.0000062891
       -0.0000082933  -0.0000060093  -0.0000105661  -0.0000173114   0.0000001396
        0.0000076257   0.0000009178   0.0000051088  -0.0000069482   0.0000041573
       -0.0000114080  -0.0000039985  -0.0000108400   0.0000022209   0.0000055575
        0.0000033345   0.0000085846   0.0000015738   0.0000001715   0.0000087813
       -0.0000136454   0.0000063923   0.0000007743  -0.0001479132   0.0000231847
        0.0001811106   0.0001149526  -0.0000076319  -0.0012215148  -0.0001484411
        0.0006769488  -0.0280254723   0.0113805346  -0.0101204027  -0.0322077213
        0.0081438965  -0.0482125040   0.0081965977  -0.0013073844   0.0014851124
        0.0000101904  -0.0000199967  -0.0000295820  -0.0000030508  -0.0000133431
       -0.0000013803  -0.0000099221   0.0000019054  -0.0000081266  -0.0000330607
       -0.0000162936   0.0000034624  -0.0000094146  -0.0000029199   0.0000157873
        0.0000139610  -0.0000030758   0.0000069030   0.0000026950   0.0000005688
        0.0000031009   0.0000039100   0.0000017768   0.0000069134  -0.0000008701
        0.0000030799   0.0000033559   0.0000025772  -0.0000027247   0.0000001374
        0.0000093264  -0.0000041661   0.0000037574   0.0000016753   0.0000079643
       -0.0000098573   0.0000147993  -0.0000016285  -0.0000123093   0.0000325695
        0.0000339660  -0.0000200938   0.0001302358  -0.0001815683  -0.0000125252
        0.0003981943   0.0001584556  -0.0003055460  -0.0005462550   0.0001506962
        0.0009831864  -0.0014828904   0.0018538576  -0.0061502036   0.0160243337
       -0.0072695863   0.0025043656   0.0372760042  -0.0138617201   0.0586170599
        0.0004793139  -0.0001733579   0.0002174255  -0.0005234018  -0.0001728482
        0.0000483484   0.0012654169   0.0014595373   0.0001941118  -0.0000038427
        0.0000074710   0.0000025007  -0.0000005929  -0.0000024219  -0.0000041168
        0.0000117089  -0.0000072681   0.0000091201   0.0000845224   0.0000150907
        0.0000784332  -0.0000004583   0.0000046928  -0.0000050721  -0.0000086115
        0.0000536072   0.0000268518   0.0000288972  -0.0000194169  -0.0000111417
       -0.0000194936   0.0000168152   0.0000061103   0.0000866539  -0.0000111522
        0.0000306412   0.0000225677  -0.0001519879  -0.0001142773  -0.0000494484
        0.0000495731   0.0001069124   0.0000063055  -0.0000175437   0.0000222894
       -0.0001314678  -0.0000022397  -0.0000071816  -0.0000029356   0.0000687138
       -0.0000451169  -0.0000069736   0.0000073816   0.0000159504   0.0000024087
        0.0000015626  -0.0000056566  -0.0000001071  -0.0000007910  -0.0000002435
       -0.0000013299  -0.0000006315   0.0000023954  -0.0000006490   0.0000016175
       -0.0000004821
       -0.0000060302  -0.0001142485   0.0000892408  -0.0000239852   0.0000200512
       -0.0000237477   0.0000010599  -0.0000213685   0.0000067058  -0.0000094813
        0.0000003788  -0.0000058330  -0.0000113375  -0.0000096371  -0.0000009685
        0.0000018809  -0.0000001668   0.0000050832   0.0000145959   0.0000107052
        0.0000067179   0.0000073028   0.0000082831  -0.0000012391   0.0000062132
       -0.0000075055  -0.0000074028   0.0000856216   0.0000893285  -0.0002046245
       -0.0001667245  -0.0003382579   0.0000089591   0.0003364382  -0.0000976318
        0.0008892744  -0.0020706379  -0.0028080055   0.0017017436   0.0008315185
       -0.0057026564   0.0191586358  -0.0469930843   0.0071597443  -0.0285268766
        0.0000024542   0.0000015585  -0.0000478907  -0.0000175633   0.0000036135
       -0.0000204956   0.0000296797   0.0000351565   0.0000144027   0.0000058792
        0.0000038890   0.0000194926  -0.0000033290   0.0000030081  -0.0000052635
        0.0000056557   0.0000015803   0.0000033547   0.0000049732  -0.0000025095
       -0.0000035248   0.0000000028  -0.0000013558   0.0000000571   0.0000000519
        0.0000013674  -0.0000007622   0.0000014317  -0.0000013232   0.0000027813
       -0.0000005190  -0.0000069062   0.0000074808  -0.0000042407   0.0000072644
        0.0000033599   0.0000094016  -0.0000095757  -0.0000055272   0.0000055084
        0.0000096368   0.0000092056  -0.0000312421   0.0000123452   0.0000394341
        0.0000760317   0.0000367768  -0.0000113281  -0.0000688872   0.0000053488
       -0.0001458968  -0.0000165631  -0.0001323397   0.0000318840   0.0003967467
        0.0004571021  -0.0000096901   0.0003813070   0.0000792865   0.0004793139
        0.0526457180  -0.0052397318   0.0319738604   0.0013230797  -0.0003235231
        0.0059863756  -0.0067122910   0.0068582354  -0.0313967399   0.0000088013
        0.0000036651   0.0000148061   0.0000067047  -0.0000057678   0.0000034664
       -0.0000226254  -0.0000217236  -0.0000177044   0.0000032146  -0.0000140787
        0.0000305860   0.0000061703   0.0000046596   0.0000021310   0.0000039693
        0.0000611261   0.0000103078  -0.0000160204  -0.0000085119  -0.0000000991
        0.0000045182   0.0000033613   0.0000013827   0.0000110420   0.0000224855
        0.0000673919   0.0000008131  -0.0001698024  -0.0000338130  -0.0000205681
        0.0000851269   0.0000242244  -0.0000070168   0.0000293273   0.0000110019
       -0.0000143402   0.0000312691  -0.0001513073  -0.0000093012  -0.0000232051
        0.0000152821   0.0000077268   0.0000093961   0.0000044755  -0.0000019700
        0.0000045147  -0.0000042600   0.0000035085  -0.0000004035   0.0000030181
       -0.0000001025  -0.0000002261  -0.0000021389  -0.0000011605   0.0000008699
        0.0000016967
        0.0000012548  -0.0002413575   0.0001166407  -0.0000524218   0.0000472049
       -0.0000325205   0.0000115407  -0.0000508347   0.0000151213  -0.0000311890
        0.0000072352   0.0000006625  -0.0000310724  -0.0000162326   0.0000039918
        0.0000044195   0.0000020907   0.0000048068   0.0000202595   0.0000280722
        0.0000148015   0.0000178328   0.0000119683  -0.0000122942   0.0000082682
        0.0000051355   0.0000169234   0.0001497430   0.0002519977  -0.0002693298
       -0.0002251881  -0.0004600156   0.0000554067   0.0002617203   0.0001867238
        0.0010403551  -0.0032331753  -0.0030689348   0.0020846991   0.0001382128
       -0.0066822454   0.0222014981   0.0072201311  -0.0524107646   0.0448582345
        0.0000581440   0.0000119764  -0.0001806487  -0.0000018741   0.0000190826
       -0.0000505998   0.0000586766   0.0000718949   0.0000296251  -0.0000096708
        0.0000033053   0.0000611738   0.0000028571   0.0000022106  -0.0000151817
        0.0000085078   0.0000043842  -0.0000027814   0.0000123582  -0.0000091309
       -0.0000095017  -0.0000015892  -0.0000072448  -0.0000009084   0.0000005116
       -0.0000040037  -0.0000027805   0.0000001886   0.0000035009  -0.0000026946
       -0.0000070480  -0.0000079891  -0.0000071721  -0.0000143010  -0.0000174656
        0.0000270015   0.0000020075  -0.0000055350   0.0000158757  -0.0000094048
        0.0000052003   0.0000145048  -0.0000331433   0.0000635580   0.0000496704
       -0.0000106712  -0.0000250437  -0.0000379982  -0.0000476367  -0.0000320103
       -0.0001188857  -0.0001685384   0.0000514936  -0.0002128361   0.0003383622
        0.0002515457   0.0004829688   0.0003997623   0.0004859410  -0.0001733579
       -0.0052397318   0.0600004565  -0.0539012022  -0.0030117254   0.0035053749
       -0.0278703433   0.0034155199  -0.0018911815   0.0117007033   0.0000060173
        0.0000073341   0.0000434443   0.0000048334  -0.0000154759   0.0000098797
       -0.0000380799  -0.0000426135  -0.0000479978  -0.0000509099  -0.0000348021
        0.0000996600   0.0000098149   0.0000116526   0.0000060432  -0.0000237735
        0.0000504280  -0.0000865207  -0.0000256713  -0.0000218911   0.0000115120
        0.0000075081   0.0000152195  -0.0000111763  -0.0000534889  -0.0000555689
       -0.0001239324   0.0000667437   0.0000241050   0.0001807460  -0.0000147393
       -0.0000150858  -0.0001179019   0.0000197609  -0.0000101488  -0.0000168932
        0.0000849582  -0.0000471806   0.0001344486  -0.0000098281   0.0000239493
        0.0000434997   0.0000108418   0.0000157222  -0.0000239676   0.0000018979
        0.0000024184   0.0000093855   0.0000006098  -0.0000006985  -0.0000016059
        0.0000028843   0.0000031298  -0.0000033672  -0.0000012766  -0.0000008574
        0.0000011158
        0.0000196560   0.0002596157  -0.0000624685   0.0000805173  -0.0000555575
        0.0000316271   0.0000020118   0.0000431164  -0.0000252696   0.0000058477
        0.0000018504  -0.0000008330   0.0000306305   0.0000185925   0.0000029582
        0.0000074727  -0.0000104972  -0.0000142791  -0.0000367273  -0.0000245945
       -0.0000192244  -0.0000139653  -0.0000139231   0.0000051411  -0.0000088198
       -0.0000099760   0.0000096060  -0.0001690441  -0.0002257347   0.0001355764
        0.0002142397   0.0002870297  -0.0000591582  -0.0001910123   0.0000841430
       -0.0005711159   0.0020876187   0.0022403675  -0.0002187436   0.0008632985
        0.0046804474  -0.0115571884  -0.0285128357   0.0446131317  -0.2720887420
       -0.0000163188   0.0000359482   0.0001636938   0.0000300428  -0.0000057743
        0.0000599320  -0.0000880964  -0.0001002858  -0.0000405206  -0.0000247156
       -0.0000322602  -0.0000582365  -0.0000049350  -0.0000082151   0.0000125260
       -0.0000086491  -0.0000103066  -0.0000000059  -0.0000164497   0.0000131509
        0.0000169047   0.0000072846   0.0000097994   0.0000087791  -0.0000007539
        0.0000070204   0.0000072912  -0.0000038846  -0.0000017673  -0.0000063035
        0.0000067297   0.0000013636   0.0000037962   0.0000156109   0.0000129565
       -0.0000280661   0.0000243826  -0.0000039992  -0.0000208809   0.0000402359
        0.0000038792  -0.0000101856   0.0000237694  -0.0000568626  -0.0000221751
        0.0000696794   0.0000399958  -0.0000010722  -0.0001269583   0.0001438733
        0.0004720486   0.0002834558  -0.0002469684   0.0002909582  -0.0003656802
       -0.0001286756   0.0005740155   0.0000732621  -0.0004078609   0.0002174255
        0.0319738604  -0.0539012022   0.3140773863  -0.0025599834   0.0005149790
       -0.0224667568  -0.0036305297   0.0020764425  -0.0087181711  -0.0000141447
       -0.0000061989  -0.0000445077  -0.0000116121   0.0000132897  -0.0000174955
        0.0000563252   0.0000621677   0.0000572881   0.0000385986   0.0000194824
       -0.0000814368  -0.0000095569  -0.0000194161  -0.0000113181  -0.0000163837
        0.0000303081   0.0000617938   0.0000814895   0.0000083133  -0.0000311398
       -0.0000423581   0.0000096263   0.0000188515   0.0000467543   0.0000232711
        0.0000739814  -0.0000103085  -0.0001430785  -0.0001728734  -0.0000623835
        0.0000876217   0.0001441085  -0.0000047328  -0.0000134387   0.0000265716
       -0.0001045621   0.0001240485  -0.0001063855   0.0000020181  -0.0000213106
       -0.0000427691  -0.0000324498  -0.0000156837   0.0000337411   0.0000099238
        0.0000023855  -0.0000161230  -0.0000028267  -0.0000047123  -0.0000016486
       -0.0000038653  -0.0000047755   0.0000100654  -0.0000001727   0.0000048581
       -0.0000009725
       -0.0000258129  -0.0000115165   0.0000001434   0.0000313269  -0.0000073380
       -0.0000007140   0.0000013919   0.0000017893   0.0000044459   0.0000052902
       -0.0000007246  -0.0000007322  -0.0000045148  -0.0000004224  -0.0000003074
        0.0000070724   0.0000016315   0.0000039065  -0.0000031645  -0.0000029787
       -0.0000037821  -0.0000028359   0.0000047208  -0.0000034186  -0.0000122552
        0.0000077292   0.0000034443  -0.0000010333   0.0000513675  -0.0000000068
       -0.0000130559   0.0000293127   0.0000216152  -0.0000091184   0.0000434586
       -0.0001150421   0.0003117344   0.0002133057  -0.0005648258   0.0022654864
       -0.0182566426  -0.0095793252  -0.0513284961   0.0348634869   0.0205686458
        0.0000136098  -0.0000115666  -0.0000306800  -0.0000042419  -0.0000032422
       -0.0000031374  -0.0000030344  -0.0000001447  -0.0000019090  -0.0000209947
       -0.0000118191   0.0000056517   0.0000015854  -0.0000014324  -0.0000047703
       -0.0000023447   0.0000001442  -0.0000007764  -0.0000019661  -0.0000012922
       -0.0000008264  -0.0000006859   0.0000033247   0.0000011064   0.0000007038
       -0.0000022031  -0.0000003843  -0.0000000144   0.0000022005  -0.0000022524
        0.0000010833  -0.0000016899   0.0000044092  -0.0000043160  -0.0000043869
        0.0000032808   0.0000169977   0.0000003511   0.0000159806   0.0000117463
       -0.0000049048  -0.0000001184  -0.0000236403   0.0000083032   0.0000004912
        0.0000009652  -0.0000393138   0.0000002638   0.0001480755   0.0000409284
        0.0001622702  -0.0001778306   0.0001639187   0.0001025420  -0.0020832830
       -0.0039894127   0.0009871629   0.0007207256  -0.0004680981  -0.0005234018
        0.0013230797  -0.0030117254  -0.0025599834   0.0573227956  -0.0369913182
       -0.0250799101  -0.0085097418   0.0274567838   0.0166229793   0.0000014030
        0.0000013137   0.0000018592   0.0000009500  -0.0000026915  -0.0000013093
       -0.0000051068  -0.0000035908   0.0000064161   0.0000357251   0.0000262461
        0.0000374343   0.0000048345   0.0000001957  -0.0000030889  -0.0000204260
        0.0000288400  -0.0000365539   0.0000097189  -0.0000004774   0.0000050267
       -0.0000069682   0.0000012602  -0.0000026441   0.0000511294   0.0000004252
        0.0000293784   0.0000546358  -0.0000754374   0.0000728236  -0.0000177898
        0.0000475123  -0.0000348102  -0.0000080351   0.0000366984  -0.0000249303
       -0.0000037524  -0.0001854772  -0.0000543598  -0.0000421175   0.0000537646
       -0.0000103682  -0.0000100775  -0.0000016198  -0.0000197622   0.0000028220
        0.0000031356   0.0000063230  -0.0000011914  -0.0000014303  -0.0000020461
        0.0000031130  -0.0000004147  -0.0000006183  -0.0000001565   0.0000011631
       -0.0000008051
        0.0000306659   0.0000363643   0.0000117115  -0.0000264035   0.0000225912
       -0.0000091199  -0.0000031754  -0.0000213665  -0.0000277888  -0.0000171739
        0.0000007065  -0.0000016133   0.0000059302  -0.0000002508   0.0000066397
       -0.0000097360  -0.0000057954  -0.0000007628  -0.0000108710  -0.0000056712
        0.0000109804   0.0000138598  -0.0000036500   0.0000121338   0.0000033655
       -0.0000104559  -0.0000384018   0.0000102027   0.0000361059  -0.0000345536
        0.0000915395   0.0001954500  -0.0000230825   0.0000292282   0.0000122896
       -0.0000680725   0.0005669797   0.0007361158  -0.0008320952  -0.0000917844
       -0.0249195853  -0.0110411860   0.0347109932  -0.2097066905  -0.1054687502
       -0.0000872588  -0.0001399057   0.0000325077  -0.0000736686  -0.0000651160
        0.0000237693   0.0000115745   0.0000170895  -0.0000180344   0.0000232243
        0.0000534594  -0.0000227706  -0.0000041299   0.0000053487   0.0000125329
        0.0000127202   0.0000034754   0.0000042692   0.0000003649   0.0000075884
        0.0000020340   0.0000056339   0.0000114105  -0.0000000945  -0.0000042163
        0.0000064261  -0.0000022673   0.0000033027  -0.0000042553   0.0000106003
       -0.0000002832   0.0000026121   0.0000024067  -0.0000084637   0.0000364355
       -0.0000046048  -0.0000388238  -0.0000053602  -0.0000249494  -0.0000178008
       -0.0000039012  -0.0000021746  -0.0000258551   0.0000219462  -0.0000414881
        0.0000316324   0.0000377189  -0.0000262568  -0.0003291197   0.0001799492
        0.0008985671   0.0000751099  -0.0001977498  -0.0000487126  -0.0040104060
       -0.0036556075   0.0013876264   0.0005564230   0.0008805557  -0.0001728482
       -0.0003235231   0.0035053749   0.0005149790  -0.0369913182   0.2445712689
        0.1223347596   0.0057078790  -0.0117801580  -0.0074728890   0.0000177174
        0.0000167663  -0.0000307888   0.0000148349   0.0000052042  -0.0000101277
       -0.0000119019  -0.0000273866   0.0000412765   0.0001490788   0.0000826361
        0.0000314615  -0.0000004331   0.0000094174  -0.0000053749   0.0000768334
       -0.0000617778   0.0000653748  -0.0000646724   0.0000034560   0.0000046754
        0.0000368541  -0.0000143644   0.0000025265   0.0001483859  -0.0000131601
        0.0000745596  -0.0002164893   0.0000636935  -0.0002488374   0.0001016060
        0.0000304743   0.0001396864  -0.0000098663   0.0000043048   0.0000252056
       -0.0000867991  -0.0000426937   0.0000363844   0.0000022009   0.0000830628
       -0.0000240842   0.0000372455   0.0000059617   0.0000235088  -0.0000131752
       -0.0000031385  -0.0000108777   0.0000053663   0.0000069641   0.0000065599
       -0.0000010710  -0.0000004089  -0.0000030052  -0.0000023334  -0.0000037747
       -0.0000011241
        0.0000056488  -0.0000700149   0.0000126505  -0.0000398454   0.0000225402
       -0.0000078467  -0.0000002430  -0.0000153448  -0.0000032505  -0.0000083111
       -0.0000018709  -0.0000022480  -0.0000015328  -0.0000038207   0.0000021707
       -0.0000058856  -0.0000009311   0.0000023083   0.0000050256   0.0000031492
        0.0000057677   0.0000073713   0.0000019086   0.0000053179   0.0000074619
       -0.0000045389  -0.0000265098   0.0000693782   0.0000691109  -0.0000087866
       -0.0000144526  -0.0000521323  -0.0000217114   0.0000805535   0.0001423914
       -0.0000357394   0.0001493892   0.0008639964   0.0010324480  -0.0017152212
        0.0052401647   0.0038252311   0.0205919388  -0.1051902435  -0.1111605507
       -0.0000481888  -0.0000571143   0.0000257190  -0.0000385747  -0.0000266938
        0.0000010843   0.0000328249   0.0000357297   0.0000038918   0.0000342943
        0.0000379002  -0.0000067688  -0.0000006929   0.0000073580   0.0000068072
        0.0000084923   0.0000053238   0.0000050420   0.0000043556  -0.0000021652
       -0.0000061938  -0.0000003091  -0.0000005357  -0.0000043499  -0.0000004866
       -0.0000013423  -0.0000044718   0.0000037381  -0.0000031015   0.0000084984
       -0.0000004852   0.0000035699   0.0000039861  -0.0000031178   0.0000115519
       -0.0000029262  -0.0000259859   0.0000027034  -0.0000061307  -0.0000259559
       -0.0000000722   0.0000017811  -0.0000029338  -0.0000022782  -0.0000099997
       -0.0000475242  -0.0000066338   0.0000067824   0.0001566133   0.0000385426
       -0.0000501618  -0.0000391493  -0.0000608325  -0.0000744418   0.0007747046
        0.0015031376   0.0004813459  -0.0003642748  -0.0000790011   0.0000483484
        0.0059863756  -0.0278703433  -0.0224667568  -0.0250799101   0.1223347596
        0.1258323161  -0.0005047188   0.0030864714   0.0025922162   0.0000100858
        0.0000079240   0.0000010410   0.0000089913   0.0000026482  -0.0000049653
       -0.0000184778  -0.0000278590  -0.0000023351   0.0000392660   0.0000272019
       -0.0000173353  -0.0000018365   0.0000074486   0.0000025323   0.0000488492
       -0.0000610512   0.0000377406  -0.0000575282   0.0000104242   0.0000120229
        0.0000350326  -0.0000203606  -0.0000038733   0.0000349784   0.0000389898
        0.0000674969  -0.0000978814   0.0000652830  -0.0000974466   0.0000649485
       -0.0000116799   0.0000468138  -0.0000109002   0.0000115176   0.0000056847
       -0.0000349120  -0.0000256085  -0.0000451032   0.0000120266   0.0000099314
       -0.0000074424   0.0000252136   0.0000020691   0.0000031571  -0.0000128728
       -0.0000010750  -0.0000022615   0.0000042578   0.0000048728   0.0000053777
        0.0000001154   0.0000013801  -0.0000046526   0.0000002773  -0.0000033551
       -0.0000013203
        0.0001005464   0.0000469636  -0.0000091264  -0.0001018539   0.0000239850
       -0.0000017505   0.0000038438  -0.0000124836   0.0000015211  -0.0000011336
        0.0000082592  -0.0000001192  -0.0000188609  -0.0000078339   0.0000125443
       -0.0000008378   0.0000030798  -0.0000122635   0.0000079078   0.0000004485
       -0.0000104606   0.0000110606   0.0000076536  -0.0000166029   0.0000126570
       -0.0000049865   0.0000101648  -0.0000236524  -0.0000129017   0.0000308258
        0.0000923144   0.0001262903  -0.0000830329  -0.0000371845   0.0000218860
       -0.0000956272   0.0007678776   0.0008160481  -0.0007284076  -0.0252526880
        0.0023168634  -0.0016241202  -0.2541948852   0.0712924516  -0.0371939490
        0.0001130151  -0.0000361199  -0.0000079885   0.0000404820  -0.0000144940
        0.0000143509  -0.0000187648   0.0000070610  -0.0000050599  -0.0000036171
        0.0000599623  -0.0000030186  -0.0000043570  -0.0000000343   0.0000091898
        0.0000124789   0.0000025442   0.0000062309   0.0000060309  -0.0000051546
       -0.0000035720  -0.0000030204  -0.0000021377   0.0000018649   0.0000007901
        0.0000005965   0.0000009921   0.0000009475   0.0000059120  -0.0000042517
        0.0000069016  -0.0000056236  -0.0000023646  -0.0000004106  -0.0000258620
        0.0000062457   0.0000492544  -0.0000076299   0.0000016950   0.0000190473
        0.0000246545  -0.0000112759   0.0000642839  -0.0000996587   0.0000146852
        0.0002073020   0.0001294657  -0.0000754837  -0.0001851288   0.0000445123
        0.0000345433   0.0004142526  -0.0005391928   0.0006674973   0.0006111735
        0.0005362861  -0.0002625505  -0.0030114847  -0.0040068674   0.0012654169
       -0.0067122910   0.0034155199  -0.0036305297  -0.0085097418   0.0057078790
       -0.0005047188   0.2956845219  -0.0798008863   0.0422631409  -0.0000159345
        0.0000101625  -0.0000073421  -0.0000124987  -0.0000040493  -0.0000091716
        0.0000186141  -0.0000106639   0.0000135238  -0.0000718354   0.0000322125
        0.0000169037  -0.0000034610   0.0000087370  -0.0000052830  -0.0001228099
        0.0001509560  -0.0000859495   0.0000470284  -0.0000543941  -0.0000087713
       -0.0000484562   0.0000510527   0.0000045503  -0.0001419837   0.0000224661
        0.0000442681   0.0001618047  -0.0003398053   0.0000390515  -0.0001248719
        0.0002555474   0.0000621587  -0.0000499461   0.0000736432   0.0000317194
        0.0003197557  -0.0001420849  -0.0001350448  -0.0000808329  -0.0001055539
       -0.0000072974  -0.0000219770   0.0000283990  -0.0000113034   0.0000145563
        0.0000057074   0.0000012188  -0.0000049917  -0.0000031888  -0.0000046318
       -0.0000030852   0.0000015173   0.0000037938  -0.0000058518   0.0000028834
        0.0000029720
        0.0000099074   0.0000277723  -0.0000083839   0.0000091628  -0.0000098780
        0.0000047920   0.0000020316   0.0000057527   0.0000075558   0.0000006374
        0.0000098900   0.0000101557  -0.0000030551  -0.0000053712   0.0000065253
        0.0000062642  -0.0000050781  -0.0000136508  -0.0000113025  -0.0000007755
       -0.0000105428  -0.0000021633   0.0000062983  -0.0000158000  -0.0000083501
        0.0000148132   0.0000249088  -0.0000314719  -0.0000256826   0.0000282433
        0.0000073543   0.0000369762  -0.0000307418  -0.0000610657  -0.0000170408
       -0.0000349678  -0.0004934428   0.0005399983  -0.0007477102  -0.0210695207
        0.0055932832  -0.0024128074   0.0713225616  -0.0676630263   0.0111799609
        0.0000647829   0.0000033209  -0.0000188763   0.0000256911   0.0000054121
        0.0000025824  -0.0000189654  -0.0000123810  -0.0000022438  -0.0000117737
        0.0000051462   0.0000043676   0.0000002696  -0.0000017007  -0.0000024762
       -0.0000004954  -0.0000007488  -0.0000009906  -0.0000004137  -0.0000019895
        0.0000004108   0.0000000535  -0.0000000778   0.0000021854   0.0000025452
       -0.0000011274   0.0000005544  -0.0000008412   0.0000094380  -0.0000100438
        0.0000058713  -0.0000061246   0.0000063857   0.0000007118  -0.0000166360
       -0.0000044539   0.0000702293   0.0000051620   0.0000163653   0.0000301657
        0.0000129842  -0.0000069205   0.0000025392  -0.0000433257   0.0000157037
        0.0000805107  -0.0000057404   0.0000079203   0.0001906189  -0.0001916983
        0.0000014226   0.0000322113  -0.0000343983   0.0002871354  -0.0004631008
        0.0008135598  -0.0000791024  -0.0040404409  -0.0024868200   0.0014595373
        0.0068582354  -0.0018911815   0.0020764425   0.0274567838  -0.0117801580
        0.0030864714  -0.0798008863   0.0773349417  -0.0146063651  -0.0000088926
        0.0000010717   0.0000013070  -0.0000069562  -0.0000029251  -0.0000036556
        0.0000085051   0.0000074354   0.0000046597  -0.0000154673   0.0000146525
        0.0000240072   0.0000035140  -0.0000022426  -0.0000037053  -0.0001069199
        0.0001406365  -0.0000719393   0.0000833729   0.0000056357  -0.0000186883
       -0.0000491582   0.0000171792   0.0000057457  -0.0000091815  -0.0001901690
        0.0001094893   0.0002515788  -0.0003432231   0.0001827186  -0.0001889418
        0.0001876862  -0.0000654784  -0.0000405632   0.0001465951  -0.0000271561
        0.0000627842  -0.0002127352  -0.0003363657  -0.0001021818   0.0000104047
       -0.0000141121  -0.0000481917  -0.0000118425  -0.0000152687   0.0000163388
        0.0000100124   0.0000040051  -0.0000090437  -0.0000029213  -0.0000054235
       -0.0000012341   0.0000021603   0.0000053464  -0.0000012113  -0.0000011995
        0.0000009645
       -0.0000015217  -0.0001006999   0.0000128858  -0.0000185167   0.0000170540
       -0.0000054781   0.0000011931  -0.0000122508   0.0000106709  -0.0000040428
        0.0000027053   0.0000057652  -0.0000139734  -0.0000030775   0.0000009647
        0.0000006120   0.0000048120   0.0000032877   0.0000061341   0.0000096199
        0.0000039614   0.0000033431   0.0000054168  -0.0000116315  -0.0000068906
        0.0000218900   0.0000221454   0.0000490976   0.0001111833  -0.0000172376
       -0.0000692789  -0.0001304017   0.0000315764   0.0000759935   0.0001507976
       -0.0001124712   0.0011729379  -0.0002951941   0.0007483904   0.0076947313
       -0.0018584660   0.0011069882  -0.0373983817   0.0113515400  -0.0514478666
        0.0000429777   0.0000158253  -0.0000564291   0.0000103493   0.0000091317
       -0.0000153760   0.0000218215   0.0000251236   0.0000107764  -0.0000112667
       -0.0000056863   0.0000193912   0.0000078327  -0.0000007363  -0.0000085464
       -0.0000027957   0.0000029201  -0.0000054453   0.0000044388  -0.0000074071
       -0.0000063899  -0.0000026733  -0.0000055477  -0.0000022614   0.0000005729
       -0.0000082703  -0.0000009689  -0.0000003629   0.0000039004  -0.0000033948
       -0.0000063857   0.0000033833  -0.0000112354  -0.0000056245  -0.0000320087
        0.0000194642  -0.0000116579   0.0000115426   0.0000364829  -0.0000185059
       -0.0000105132   0.0000064798  -0.0000019222   0.0000384264   0.0000069875
       -0.0001006241  -0.0000257699  -0.0000134859   0.0000267421  -0.0000982436
       -0.0000929150   0.0000100540   0.0004965301  -0.0002643537  -0.0004838443
       -0.0002262682   0.0000149144   0.0014487456   0.0012213094   0.0001941118
       -0.0313967399   0.0117007033  -0.0087181711   0.0166229793  -0.0074728890
        0.0025922162   0.0422631409  -0.0146063651   0.0559880075  -0.0000013774
        0.0000013370   0.0000206444  -0.0000010963  -0.0000040415   0.0000016697
       -0.0000096912  -0.0000146502  -0.0000224015  -0.0000323010  -0.0000058673
        0.0000157330  -0.0000004556   0.0000042208   0.0000039644  -0.0000318686
       -0.0000590444  -0.0001086668  -0.0000145867  -0.0000146790   0.0000173344
        0.0000063859   0.0000061589  -0.0000124588  -0.0000287948  -0.0001060401
       -0.0001217856   0.0001305997   0.0002593646   0.0003305871   0.0000532111
       -0.0002054282  -0.0002417752  -0.0000001245  -0.0000027744  -0.0000540104
        0.0000244312  -0.0002376800   0.0001621128  -0.0000123331   0.0000713483
       -0.0000031776   0.0000008695   0.0000044175  -0.0000378283   0.0000025907
       -0.0000013306   0.0000179969  -0.0000022099  -0.0000013765  -0.0000042690
        0.0000063736   0.0000013865  -0.0000032795   0.0000016891   0.0000006591
       -0.0000021997
       -0.0009961627  -0.0005478850   0.0001501904   0.0004187321  -0.0001375708
        0.0000301750  -0.0001914542   0.0000511846  -0.0001169229   0.0001320551
       -0.0000440700  -0.0000540205  -0.0000072002   0.0000800239   0.0000889640
       -0.0000507772   0.0001135556   0.0001452862  -0.0004362003  -0.0004446165
       -0.0004226986   0.0000493397   0.0000394964   0.0000320331   0.0000104958
       -0.0000200752  -0.0000375428   0.0003619194  -0.0005087576  -0.0001751904
       -0.0000461217   0.0001739570  -0.0000085327   0.0000639256  -0.0002124254
        0.0000602143   0.0000153238   0.0000769881  -0.0000805231   0.0000691126
       -0.0000311122   0.0000135541  -0.0000016420  -0.0000005122  -0.0000152852
       -0.0005416702  -0.0000906003  -0.0003434869  -0.0306117308  -0.0215032962
        0.0701562835   0.0027996628   0.0009128989  -0.0024701291   0.0008173630
       -0.0007844018   0.0017234553   0.0000230742   0.0000683747   0.0001049345
        0.0000359971   0.0000182330   0.0000461179  -0.0000174754   0.0000183996
        0.0000129604  -0.0005926956   0.0004544245  -0.0000112069  -0.0000153065
        0.0000041605  -0.0000058837   0.0000357700  -0.0000005431   0.0000230939
       -0.0000023617  -0.0000019999   0.0000105680  -0.0000850712  -0.0000090958
        0.0000284105  -0.0000401601  -0.0000127447  -0.0000072529  -0.0000975738
        0.0001905565   0.0000439567  -0.0000986584  -0.0000326175  -0.0000154699
       -0.0000356987   0.0000473887  -0.0000021504   0.0000135471   0.0000397481
        0.0000184838  -0.0000346780  -0.0000110942  -0.0000097514  -0.0000018206
        0.0000008788   0.0000298461  -0.0000245889   0.0000159647  -0.0000038427
        0.0000088013   0.0000060173  -0.0000141447   0.0000014030   0.0000177174
        0.0000100858  -0.0000159345  -0.0000088926  -0.0000013774   0.0376148392
        0.0229897633  -0.0764901241  -0.0003635187  -0.0011467046   0.0082837200
       -0.0069538161   0.0003693102  -0.0027254236  -0.0001584131  -0.0000247577
       -0.0000781631  -0.0010953203  -0.0000717748   0.0020483963   0.0000823046
        0.0000769939  -0.0000363789  -0.0001873262  -0.0000346930   0.0000300764
        0.0001055134  -0.0000087257  -0.0000073091   0.0000636243   0.0000226540
        0.0000438886  -0.0001313376  -0.0002440584  -0.0001010608   0.0001129559
        0.0001698863   0.0000956472  -0.0000165293  -0.0000183787   0.0000134403
        0.0000069962   0.0000257953  -0.0000044342  -0.0000617782  -0.0000856107
       -0.0000050620   0.0000857055   0.0000483432  -0.0000053510  -0.0000312123
       -0.0000006095   0.0000032503   0.0000123846   0.0000096733   0.0000080556
        0.0000067914   0.0000028965  -0.0000079700  -0.0000034031  -0.0000076602
        0.0000016010
       -0.0007397931  -0.0009583204   0.0002510099  -0.0001223461   0.0001113811
       -0.0002314237   0.0000333276  -0.0001093085  -0.0000038502   0.0000677351
       -0.0000336959  -0.0000022370   0.0000400452   0.0000162896   0.0000156588
        0.0000169226  -0.0000085352   0.0000340471   0.0001339522  -0.0002270151
        0.0001833582  -0.0000094094   0.0000081682   0.0000107698  -0.0000040603
        0.0000063332  -0.0000360037  -0.0004336811  -0.0001692176  -0.0001656925
       -0.0000430835  -0.0001570680   0.0000321926  -0.0000126505  -0.0000246066
        0.0000227124  -0.0000247451  -0.0000093083  -0.0000364949   0.0000098993
       -0.0000301324   0.0000023848  -0.0000074486  -0.0000058806  -0.0000074710
        0.0006859120  -0.0004069940  -0.0007629758  -0.0311267540  -0.0911103314
        0.1256567077   0.0013173334   0.0034208937  -0.0018299696  -0.0007726380
        0.0003725337   0.0017700739   0.0000057588   0.0000251792  -0.0000244964
        0.0000287473   0.0000029299  -0.0000085785   0.0000582460  -0.0000096801
       -0.0000269639  -0.0000382222   0.0004148097  -0.0000645759   0.0000083257
       -0.0000008785  -0.0000119501   0.0000109776  -0.0000031927   0.0000087677
       -0.0000058523  -0.0000042934   0.0000009733  -0.0000238819   0.0000337127
        0.0000080333  -0.0000350982   0.0000072122  -0.0000046377   0.0002427358
       -0.0001356239  -0.0000525572   0.0000483578   0.0000365504  -0.0000568654
        0.0000353100  -0.0000522347  -0.0000292364   0.0000021279   0.0000313500
        0.0000135172   0.0000213676  -0.0000000589  -0.0000039939  -0.0000313139
        0.0000175710   0.0000414611   0.0000147475  -0.0000233997   0.0000074710
        0.0000036651   0.0000073341  -0.0000061989   0.0000013137   0.0000167663
        0.0000079240   0.0000101625   0.0000010717   0.0000013370   0.0229897633
        0.0844998847  -0.0925958315   0.0076360464   0.0117461818  -0.0306316935
        0.0008420187  -0.0086215267   0.0003981224  -0.0003168948  -0.0002160727
        0.0002574559  -0.0004992840   0.0015929677  -0.0021607843   0.0000881873
       -0.0000855350   0.0000286446  -0.0000892590   0.0000845953   0.0000101214
        0.0000659006  -0.0000730571  -0.0000063130   0.0000975165   0.0000069933
        0.0000572097  -0.0001733728   0.0000952820  -0.0001148351   0.0000862261
       -0.0000235532   0.0000380312   0.0000020471  -0.0000091173  -0.0000098599
       -0.0000102347  -0.0000091601   0.0000071774  -0.0000996600  -0.0000163330
        0.0000082134   0.0000261996  -0.0000268821   0.0000088976  -0.0000159098
       -0.0000013347  -0.0000008611   0.0000014080   0.0000044938   0.0000027527
        0.0000011890   0.0000030936   0.0000016661   0.0000021199  -0.0000012311
       -0.0000003410
        0.0037421957   0.0042837126   0.0010774670  -0.0021066425   0.0004848410
       -0.0003714559   0.0002761328  -0.0001074394   0.0002700379  -0.0001813598
       -0.0000114212  -0.0000441829  -0.0001295222  -0.0001294605   0.0000125053
       -0.0000867530   0.0000554771   0.0000218588   0.0005081017   0.0002843760
       -0.0001856782   0.0000191086   0.0000672288  -0.0000404878   0.0001024636
       -0.0000415932   0.0000747801  -0.0003107127  -0.0023681492   0.0006878620
        0.0001953656   0.0009165643  -0.0007727416   0.0000531602  -0.0006205271
        0.0001238446   0.0000612606   0.0003029856  -0.0000877870   0.0000798123
        0.0000626973   0.0001783964  -0.0000099846   0.0000147317  -0.0000532070
       -0.0024824854  -0.0028271787  -0.0010607267   0.0703389166   0.0893355470
       -0.3016465756  -0.0072565059  -0.0053022706  -0.0044321543   0.0050420457
        0.0056253478   0.0009423341  -0.0000107915  -0.0000615223  -0.0000330961
        0.0000371298   0.0000190224   0.0000022900   0.0001159932  -0.0000882694
       -0.0000749146   0.0000716133  -0.0001276752   0.0006289348   0.0000197216
       -0.0000250207  -0.0000116255   0.0000012082   0.0000022999  -0.0000114927
       -0.0000118976  -0.0000355075  -0.0000141690  -0.0000016141  -0.0000492464
        0.0001008142   0.0000218665  -0.0000159353   0.0000360280   0.0000615642
       -0.0001753384   0.0002132994   0.0000898378   0.0000488770   0.0000557255
        0.0000101175   0.0000009494   0.0000232256   0.0000630371   0.0000188936
       -0.0000023839  -0.0000143693   0.0000093189   0.0000200748   0.0000301522
       -0.0000406984  -0.0000484225  -0.0000197046   0.0000206618   0.0000025007
        0.0000148061   0.0000434443  -0.0000445077   0.0000018592  -0.0000307888
        0.0000010410  -0.0000073421   0.0000013070   0.0000206444  -0.0764901241
       -0.0925958315   0.3253977188   0.0064838096   0.0027356261  -0.0255277380
       -0.0019836987   0.0004776447   0.0008915641   0.0002639472   0.0004125159
        0.0002384613   0.0032491011  -0.0007605849   0.0035423780  -0.0000239421
        0.0001824611  -0.0001491026  -0.0001277958  -0.0000423306   0.0000566315
        0.0000494597   0.0000206686  -0.0000636364  -0.0002177312  -0.0000196036
       -0.0001885499   0.0002630177  -0.0000821252   0.0004241758  -0.0000787705
       -0.0000495319  -0.0002287540   0.0000535623   0.0000085508  -0.0000324408
        0.0000017344  -0.0000005074   0.0000217212   0.0001711904   0.0001002623
        0.0001147211   0.0000462773   0.0000570537  -0.0000696985  -0.0000016817
        0.0000096532   0.0000269149   0.0000091523  -0.0000013297  -0.0000031579
        0.0000046660   0.0000108122  -0.0000157348   0.0000000416  -0.0000036449
        0.0000064703
       -0.0003243894  -0.0000545662   0.0000587364   0.0002629386  -0.0000677054
        0.0000278299  -0.0000774027   0.0000448990  -0.0000338775   0.0000718288
       -0.0000240891  -0.0000285205  -0.0000319217   0.0000504745   0.0000374356
       -0.0000027751   0.0000144448   0.0000536365  -0.0002456055  -0.0002516710
       -0.0001866279   0.0000274565   0.0000150873   0.0000122332  -0.0000075001
       -0.0000074400  -0.0000408518   0.0001309705  -0.0001422664  -0.0000560642
        0.0000025936   0.0000783440   0.0000013556   0.0000554534  -0.0000560498
        0.0000087876  -0.0000133261   0.0000060643  -0.0000316699   0.0000363302
       -0.0000289495   0.0000159618  -0.0000026071   0.0000003356  -0.0000047601
       -0.0018171691  -0.0012821002   0.0002644520  -0.0184659764   0.0543813901
        0.0489541336   0.0003603182   0.0000074193  -0.0000783652   0.0035294096
        0.0013988385  -0.0005152106   0.0000056338   0.0000312745   0.0000503561
        0.0000141011   0.0000136348   0.0000333807  -0.0000734240   0.0000425778
        0.0000191212   0.0000155098   0.0001738917  -0.0001601183  -0.0000168401
        0.0000095784  -0.0000045887   0.0000220852  -0.0000002318   0.0000196977
        0.0000010266   0.0000044188   0.0000129156  -0.0000699580  -0.0000084014
       -0.0000034615  -0.0000320745  -0.0000097141  -0.0000088107  -0.0000220469
        0.0000359873   0.0000186488  -0.0000505199  -0.0000200313  -0.0000047833
       -0.0000257492   0.0000210961   0.0000081084   0.0000048501   0.0000235071
        0.0000137515  -0.0000159601  -0.0000064948  -0.0000081469   0.0000067017
       -0.0000019506   0.0000140769  -0.0000203048   0.0000161318  -0.0000005929
        0.0000067047   0.0000048334  -0.0000116121   0.0000009500   0.0000148349
        0.0000089913  -0.0000124987  -0.0000069562  -0.0000010963  -0.0003635187
        0.0076360464   0.0064838096   0.0178976850  -0.0619404301  -0.0550340443
       -0.0006918623  -0.0001739223  -0.0001986124  -0.0000892721  -0.0000292054
       -0.0000954076  -0.0000288463   0.0001252649   0.0003598339   0.0000470629
        0.0000720547  -0.0000177033  -0.0001314325  -0.0000450309   0.0000185376
        0.0000744887   0.0000068208   0.0000017878   0.0000401101   0.0000182407
        0.0000428310  -0.0000992064  -0.0002369757  -0.0001074368   0.0000968758
        0.0001654349   0.0001010302  -0.0000313035  -0.0000172396   0.0000247697
        0.0000099057   0.0000271151  -0.0000022808  -0.0000068606  -0.0000753699
       -0.0000306313   0.0000641895   0.0000414024  -0.0000003153  -0.0000238752
        0.0000000170  -0.0000007503   0.0000088980   0.0000085429   0.0000065874
        0.0000039752   0.0000019021  -0.0000062258  -0.0000038261  -0.0000051144
       -0.0000002313
       -0.0001343570  -0.0001653566  -0.0000608960   0.0001945601  -0.0000335751
        0.0000351652  -0.0000205690   0.0000311692   0.0000001751  -0.0000307088
        0.0000084016   0.0000091627   0.0000043077   0.0000020494  -0.0000171990
        0.0000219303  -0.0000065979   0.0000304284  -0.0000632877  -0.0000623681
        0.0000835560   0.0000059368  -0.0000016898   0.0000088903  -0.0000141475
        0.0000124023  -0.0000239824   0.0001441171   0.0000932595  -0.0000162069
        0.0000023378  -0.0000097353   0.0000100476  -0.0000176613  -0.0000088391
        0.0000103163   0.0000234932   0.0000132344   0.0000058932   0.0000011819
       -0.0000087909  -0.0000301002  -0.0000008570  -0.0000051849   0.0000047750
       -0.0009176552  -0.0003194178   0.0011461074   0.0629070093  -0.3274704961
       -0.2096414315   0.0002173229   0.0000426289   0.0002934771   0.0013370552
       -0.0004653224  -0.0016049371   0.0000032324   0.0000116603   0.0000168050
       -0.0000060957   0.0000044124   0.0000047046  -0.0000226926   0.0000218851
       -0.0000031898  -0.0000218267   0.0000599585  -0.0002130782  -0.0000006892
        0.0000061053  -0.0000003770   0.0000061939   0.0000010976   0.0000073263
        0.0000076991   0.0000049433   0.0000067759  -0.0000165975   0.0000186982
       -0.0000269854  -0.0000094307   0.0000055026  -0.0000091922  -0.0000943246
        0.0000487310   0.0000206026  -0.0000143862  -0.0000206608  -0.0000069698
       -0.0000122957   0.0000211659  -0.0000027671  -0.0000079821  -0.0000042895
        0.0000082185  -0.0000083756  -0.0000071905   0.0000019166   0.0000027558
        0.0000078346  -0.0000094471  -0.0000014683   0.0000047848  -0.0000024219
       -0.0000057678  -0.0000154759   0.0000132897  -0.0000026915   0.0000052042
        0.0000026482  -0.0000040493  -0.0000029251  -0.0000040415  -0.0011467046
        0.0117461818   0.0027356261  -0.0619404301   0.3167747595   0.2067868063
       -0.0003129007  -0.0001628680   0.0006143474   0.0000186986  -0.0000440998
       -0.0004071445  -0.0000789566  -0.0000855850   0.0002048789   0.0000254457
       -0.0000486371   0.0000320591  -0.0000054933   0.0000286886  -0.0000061880
        0.0000108934  -0.0000227712   0.0000086392   0.0000478633   0.0000062613
        0.0000580950  -0.0000727075   0.0000196590  -0.0000978313   0.0000394113
        0.0000198299   0.0000636526  -0.0000410235  -0.0000048560   0.0000165435
        0.0000046948   0.0000077935  -0.0000054460  -0.0000000542  -0.0000411194
       -0.0000577129   0.0000002736  -0.0000134061   0.0000155683  -0.0000012342
       -0.0000004101  -0.0000079515   0.0000013258   0.0000020756  -0.0000008486
       -0.0000007235  -0.0000013664   0.0000022941   0.0000004048   0.0000026565
       -0.0000024466
        0.0002539268   0.0004906446   0.0001312503   0.0000737891  -0.0000331316
        0.0000555260  -0.0000445106   0.0000518903   0.0000108027   0.0000128063
       -0.0000135257  -0.0000354001  -0.0000281033   0.0000195812   0.0000415784
        0.0000363760   0.0000877527   0.0000978414  -0.0001839515  -0.0001418117
       -0.0002611774   0.0000263889   0.0000335560   0.0000100460   0.0000254174
       -0.0000207125   0.0000178726   0.0000690057  -0.0003968363   0.0000640598
        0.0000193100   0.0002267067  -0.0001013360   0.0000075852  -0.0001843489
        0.0000432838   0.0000201030   0.0000800643  -0.0000510353   0.0000372024
        0.0000168377   0.0000473744  -0.0000017475   0.0000009515  -0.0000175856
        0.0000582388   0.0005669729  -0.0003961306   0.0478804674  -0.1752420763
       -0.1650205503  -0.0001876548  -0.0004456886  -0.0004716783  -0.0007634442
       -0.0020202132   0.0003712446   0.0000102473   0.0000218569   0.0000528255
        0.0000132787   0.0000133775   0.0000262932  -0.0000250942  -0.0000033583
        0.0000133654  -0.0002947490  -0.0000236077  -0.0001428311  -0.0000038286
       -0.0000043490   0.0000034260   0.0000164268   0.0000036037   0.0000050216
       -0.0000001256  -0.0000064554   0.0000000906  -0.0000364350  -0.0000298488
        0.0000456873   0.0000000061  -0.0000085836   0.0000091603  -0.0000644930
        0.0000581489   0.0000358827  -0.0000140544  -0.0000191785   0.0000061202
       -0.0000152398   0.0000227220   0.0000056154   0.0000123222   0.0000076545
       -0.0000000638  -0.0000145257  -0.0000042946  -0.0000001731   0.0000088813
       -0.0000207928  -0.0000075411  -0.0000159882   0.0000084185  -0.0000041168
        0.0000034664   0.0000098797  -0.0000174955  -0.0000013093  -0.0000101277
       -0.0000049653  -0.0000091716  -0.0000036556   0.0000016697   0.0082837200
       -0.0306316935  -0.0255277380  -0.0550340443   0.2067868063   0.1905010180
        0.0000143410   0.0004773876   0.0005094161  -0.0000005016   0.0002476083
        0.0000381749  -0.0001934613   0.0000016549  -0.0000552233   0.0000135691
        0.0000921333  -0.0000696974  -0.0000847347  -0.0000384968   0.0000279296
        0.0000383806   0.0000176399  -0.0000202787  -0.0000441735   0.0000075397
       -0.0000493461   0.0000544693  -0.0001383941   0.0001100237   0.0000009676
        0.0000565148  -0.0000394840   0.0000166315  -0.0000065758  -0.0000033484
        0.0000061313   0.0000156786   0.0000005594   0.0000081352  -0.0000234553
        0.0000348114   0.0000376667   0.0000391047  -0.0000251700  -0.0000086825
        0.0000022993   0.0000104500   0.0000074924   0.0000033862  -0.0000009257
        0.0000044299   0.0000042335  -0.0000083650  -0.0000011560  -0.0000013948
        0.0000032357
       -0.0090569438  -0.0151895056  -0.0063260908   0.0011533468  -0.0018657854
        0.0002568014  -0.0004519452   0.0003713839  -0.0002096352   0.0002837874
        0.0001327872   0.0000153922   0.0002885400   0.0001924804   0.0000713118
        0.0001638197  -0.0000732360  -0.0003777508   0.0001928125  -0.0002967616
        0.0002395407  -0.0000794151  -0.0001535381   0.0000557353  -0.0001433780
        0.0000625707   0.0000315472  -0.0033337767   0.0021112665  -0.0008953652
        0.0003010111  -0.0019371548   0.0013559073  -0.0002709013   0.0009034011
       -0.0000887008  -0.0000403377  -0.0004138322   0.0001201338  -0.0001669419
        0.0000238384  -0.0001787827   0.0000121585   0.0000024903   0.0000757520
        0.0002768486   0.0000138389   0.0004736280   0.0039057903  -0.0013907891
        0.0051727234  -0.1643503505  -0.1335445510  -0.0948261186  -0.0005343282
       -0.0000861152  -0.0002651263   0.0000331966  -0.0000467296  -0.0000092988
       -0.0000728653  -0.0000787098  -0.0000375861  -0.0000232148   0.0000393922
        0.0000718122  -0.0003875416  -0.0000839569  -0.0001607220   0.0000106532
        0.0000154407   0.0000185013  -0.0000244123   0.0000045003  -0.0000286606
        0.0000219513   0.0000365202  -0.0000012049   0.0001089325   0.0000388090
       -0.0001196727   0.0000520852   0.0000338121  -0.0000046280   0.0003036231
        0.0000775960  -0.0003811346   0.0001873428   0.0001152372  -0.0000797979
        0.0000660259  -0.0000633320   0.0000348653  -0.0000905140  -0.0001132013
       -0.0000372238   0.0000537937   0.0000148638  -0.0000074988  -0.0000042087
        0.0000034374  -0.0000078895   0.0000466599  -0.0000261288   0.0000117089
       -0.0000226254  -0.0000380799   0.0000563252  -0.0000051068  -0.0000119019
       -0.0000184778   0.0000186141   0.0000085051  -0.0000096912  -0.0069538161
        0.0008420187  -0.0019836987  -0.0006918623  -0.0003129007   0.0000143410
        0.5432111145   0.0657723254  -0.0840095562  -0.0000793315  -0.0000906043
       -0.0000955768  -0.3637852606   0.0850666699   0.1820278946  -0.0001287463
       -0.0001996386   0.0001330612   0.0004436353   0.0000294540  -0.0000872791
       -0.0002207383   0.0000397618   0.0000575910  -0.0000004399  -0.0000222788
        0.0000544343   0.0000734738   0.0003454729  -0.0001273864  -0.0001414783
       -0.0001779454   0.0000302776  -0.0000086974   0.0000262248   0.0000164928
        0.0000195980  -0.0000151377  -0.0000108510  -0.0000192036  -0.0000015414
       -0.0000701256  -0.0001695468  -0.0000944114   0.0000564023   0.0000571410
       -0.0000014557  -0.0000151494  -0.0000247282  -0.0000093677  -0.0000043084
       -0.0000123686  -0.0000055778   0.0000239927   0.0000090693   0.0000200700
       -0.0000011848
       -0.0122501615  -0.0134745547  -0.0068319166   0.0020899248  -0.0027869090
        0.0004774761  -0.0010224737   0.0005487587  -0.0006003847   0.0003166338
        0.0001494648  -0.0001233319   0.0001243166   0.0002174378   0.0001632184
       -0.0000698834   0.0000860502  -0.0003062142  -0.0001505063   0.0002856044
       -0.0003847773   0.0000020865  -0.0001320167   0.0000484593  -0.0001042794
        0.0000196110   0.0000825037  -0.0018624881   0.0023658488  -0.0009910928
        0.0002358827  -0.0013934163   0.0013260403  -0.0001197870   0.0010612757
       -0.0001548957  -0.0000416802  -0.0004542580   0.0001455724  -0.0001414423
        0.0000517665  -0.0001747999   0.0000258766   0.0000032067   0.0000827590
       -0.0007599649  -0.0001079263   0.0007462876  -0.0014857399   0.0022424050
        0.0061520430  -0.1118629697  -0.1427456793  -0.1037148859   0.0006695683
        0.0000906652  -0.0005484624   0.0000269608  -0.0000479146   0.0001479516
       -0.0000913628  -0.0000776026   0.0000144933  -0.0000758977   0.0000476034
        0.0001305056   0.0000165066  -0.0003570920   0.0005430584  -0.0000129761
        0.0000182018   0.0000455061  -0.0000322467   0.0000046164  -0.0000404597
        0.0000227369   0.0000316702  -0.0000040773   0.0000858646  -0.0000382713
       -0.0000716331   0.0000874729   0.0000025900   0.0000014197  -0.0003936285
        0.0008624051  -0.0003339078  -0.0000378620  -0.0000567260   0.0000061277
       -0.0000390330   0.0000552159   0.0000720358  -0.0000972779  -0.0001401570
       -0.0000469253   0.0000002961   0.0000060634  -0.0000099128   0.0000362491
       -0.0000046800  -0.0000347644   0.0000056845   0.0000184713  -0.0000072681
       -0.0000217236  -0.0000426135   0.0000621677  -0.0000035908  -0.0000273866
       -0.0000278590  -0.0000106639   0.0000074354  -0.0000146502   0.0003693102
       -0.0086215267   0.0004776447  -0.0001739223  -0.0001628680   0.0004773876
        0.0657723254   0.2014061533   0.1554804327   0.0001862288   0.0001403200
       -0.0003254139   0.0608786753  -0.0390812741  -0.0519129233  -0.0002108500
        0.0000345298   0.0000181855   0.0004141061  -0.0001476729  -0.0000740866
       -0.0002385922   0.0001674155   0.0000439322  -0.0001246279  -0.0000028120
       -0.0000294228   0.0002721729  -0.0000197581   0.0000535722  -0.0002217878
       -0.0000123835  -0.0000031234  -0.0000074490   0.0000326253   0.0000292633
        0.0000303802   0.0000119596  -0.0000316378   0.0001029296  -0.0000184269
       -0.0000492745  -0.0001332887  -0.0000034848   0.0000209089   0.0000481929
       -0.0000025770  -0.0000069856  -0.0000149048  -0.0000144464  -0.0000059519
       -0.0000068937  -0.0000092033   0.0000123637  -0.0000004263   0.0000142665
       -0.0000002772
       -0.0082376007  -0.0102615189   0.0000039065   0.0023312443  -0.0014944929
       -0.0000698036  -0.0006006671   0.0001943752  -0.0003180198   0.0003583099
        0.0000314836  -0.0000297587   0.0001766597   0.0002078696   0.0000600654
        0.0000438611  -0.0000387967  -0.0000845632  -0.0001427370  -0.0004158484
       -0.0002234919  -0.0000326607  -0.0000748407   0.0000707232  -0.0001262657
        0.0000489782  -0.0000850451  -0.0015913330   0.0021961424  -0.0010062398
        0.0000586971  -0.0015823358   0.0007830848  -0.0001766153   0.0006531937
       -0.0000499248  -0.0000244677  -0.0003169571   0.0001123214  -0.0001046569
       -0.0000724342  -0.0002094366   0.0000138097  -0.0000075226   0.0000671879
        0.0019274553   0.0019879318   0.0006576529   0.0067586396   0.0090731446
       -0.0212980723  -0.0677904542  -0.0945417731  -0.0918211729  -0.0028813393
       -0.0030578195  -0.0002431991   0.0000331376   0.0001333535   0.0001280498
       -0.0000403865  -0.0000196214   0.0000141601  -0.0000818214   0.0000866448
        0.0000810876  -0.0002094524   0.0003426570   0.0000648600  -0.0000212031
        0.0000276550   0.0000135980   0.0000131855  -0.0000015551   0.0000188287
        0.0000181345   0.0000412907   0.0000185416  -0.0000066500   0.0000574860
       -0.0001092727  -0.0000239086   0.0000190499  -0.0000420100   0.0000919720
        0.0002572660  -0.0002675045   0.0000207982   0.0000410723  -0.0001161676
        0.0000268597  -0.0000238037  -0.0000336011  -0.0000632043  -0.0000122066
        0.0000058191   0.0000294308   0.0000027744  -0.0000236986  -0.0000386683
        0.0000487022   0.0000629777   0.0000415329  -0.0000251666   0.0000091201
       -0.0000177044  -0.0000479978   0.0000572881   0.0000064161   0.0000412765
       -0.0000023351   0.0000135238   0.0000046597  -0.0000224015  -0.0027254236
        0.0003981224   0.0008915641  -0.0001986124   0.0006143474   0.0005094161
       -0.0840095562   0.1554804327   0.2204250264  -0.0003529960  -0.0005505545
       -0.0001702076   0.1577208594  -0.0592090288  -0.1079459104   0.0000275449
       -0.0002070696   0.0001713899   0.0001409878   0.0000570283  -0.0000616419
       -0.0000524673  -0.0000371154   0.0000689551   0.0002227125   0.0000076405
        0.0002133971  -0.0002887531   0.0001110952  -0.0004750702   0.0000970450
        0.0000514672   0.0002596364  -0.0000677139  -0.0000066529   0.0000429452
        0.0000026001  -0.0000043135  -0.0000171725  -0.0002000122  -0.0001054260
       -0.0001249028  -0.0000542349  -0.0000692009   0.0000751995   0.0000023508
       -0.0000168443  -0.0000328762  -0.0000088135  -0.0000010725  -0.0000023952
       -0.0000077829  -0.0000157926   0.0000112976   0.0000003942   0.0000006211
       -0.0000122046
       -0.0002939026  -0.0004531591  -0.0000941531   0.0001516464   0.0000158037
        0.0001155109   0.0000677527  -0.0000170595  -0.0000120649  -0.0000942585
        0.0000124406   0.0000197053   0.0000539953  -0.0000033330  -0.0000268727
        0.0001014826  -0.0000463575  -0.0000291130   0.0000562891   0.0001535293
        0.0001641793  -0.0000161197  -0.0000322455   0.0000239248   0.0000001569
       -0.0000045167  -0.0000541686   0.0003900361   0.0006070639  -0.0000558500
       -0.0000038404  -0.0002636947   0.0001435382   0.0003792725   0.0002433153
       -0.0002090127  -0.0000477860  -0.0001002856   0.0001113925   0.0000860447
       -0.0004982112  -0.0004420031  -0.0000312330   0.0000460809   0.0001207297
       -0.1578275554   0.1860563434  -0.1017737514  -0.0002389779  -0.0000019190
       -0.0000350833   0.0001394673   0.0000394976   0.0002380859   0.0150190727
       -0.0190196825   0.0093862702  -0.0000206612  -0.0000035295  -0.0000277957
       -0.0000139430  -0.0000030583  -0.0000226863   0.0000004651   0.0000056320
       -0.0000220486  -0.0000719465  -0.0001839958  -0.0000969425   0.0000013916
       -0.0000001074  -0.0000062899  -0.0000193836  -0.0000144530   0.0000110065
       -0.0000019080   0.0000200736   0.0000012638   0.0000447709   0.0000792853
       -0.0000588074  -0.0000785903   0.0000234758  -0.0000309185  -0.0001732025
       -0.0000389926   0.0000262111  -0.0001183412   0.0001452546   0.0000021564
       -0.0001179406   0.0000516676   0.0000303963  -0.0000392017   0.0000686801
        0.0001065239  -0.0001409171  -0.0000256276  -0.0000773954  -0.0000425901
       -0.0003676439   0.0002113292  -0.0000906878   0.0002192680   0.0000845224
        0.0000032146  -0.0000509099   0.0000385986   0.0000357251   0.0001490788
        0.0000392660  -0.0000718354  -0.0000154673  -0.0000323010  -0.0001584131
       -0.0003168948   0.0002639472  -0.0000892721   0.0000186986  -0.0000005016
       -0.0000793315   0.0001862288  -0.0003529960   0.1435112428  -0.1670863166
        0.0924396340   0.0000041572  -0.0000779044   0.0000785663   0.0002068005
       -0.0003504917   0.0002415595  -0.0000792101   0.0001344700   0.0000009478
        0.0000772160  -0.0001162448   0.0000051685   0.0004959436  -0.0002536325
        0.0005125946  -0.0005326026   0.0004776739  -0.0005988953   0.0002421163
       -0.0001007105   0.0002433831  -0.0000818788   0.0000108293   0.0000082327
       -0.0002457726  -0.0002915642   0.0000176910  -0.0002433143   0.0010467573
       -0.0006585723   0.0000233063  -0.0000606858   0.0000441098  -0.0000239255
       -0.0000113195  -0.0000144371  -0.0000018369   0.0000040632   0.0000021972
       -0.0000053613  -0.0000010719   0.0000040938   0.0000041755  -0.0000041252
       -0.0000040762
       -0.0001495863  -0.0005304031  -0.0000942019   0.0000965978  -0.0000352101
       -0.0000304055  -0.0000917383  -0.0000032599   0.0000006469   0.0000647740
       -0.0000207837  -0.0000112269  -0.0000070024   0.0000025720  -0.0000142230
       -0.0000901430   0.0000424501   0.0000869976  -0.0000171654  -0.0001583568
       -0.0000157240   0.0000085559   0.0000131799   0.0000195867  -0.0000122921
        0.0000129916  -0.0000357091   0.0003063943   0.0004806698  -0.0000047324
       -0.0000523377  -0.0001245332   0.0001337686   0.0001304290   0.0003158770
       -0.0001657277  -0.0000731195  -0.0000274766   0.0001124604   0.0001310800
       -0.0004287256  -0.0003752641  -0.0000213717   0.0000057015   0.0001102164
        0.1515859409  -0.2805467823   0.1242927919   0.0001963129   0.0007700474
       -0.0006036136   0.0002787891   0.0001370888   0.0001646136   0.0150769091
       -0.0320115683   0.0140647730   0.0000244664   0.0000116596   0.0000066079
        0.0000015766   0.0000063012   0.0000090736  -0.0000079220   0.0000048145
        0.0000189480   0.0000813340   0.0001396108   0.0000497123  -0.0000052354
       -0.0000002426  -0.0000022946   0.0000155961   0.0000004038   0.0000099728
       -0.0000014458  -0.0000002913  -0.0000010139  -0.0000384918   0.0000146513
        0.0000422640  -0.0000371515   0.0000112614   0.0000019892  -0.0001040072
        0.0000463584   0.0000172727  -0.0000608587  -0.0000695280  -0.0000468978
        0.0000086793   0.0000101632  -0.0000603601  -0.0000431781   0.0000179735
        0.0000769394   0.0000075583  -0.0000289347   0.0000141441  -0.0004930590
        0.0001803175   0.0001864855   0.0001290277  -0.0001119154   0.0000150907
       -0.0000140787  -0.0000348021   0.0000194824   0.0000262461   0.0000826361
        0.0000272019   0.0000322125   0.0000146525  -0.0000058673  -0.0000247577
       -0.0002160727   0.0004125159  -0.0000292054  -0.0000440998   0.0002476083
       -0.0000906043   0.0001403200  -0.0005505545  -0.1670863166   0.3119441840
       -0.1383468639  -0.0000172845  -0.0000249169   0.0000770966   0.0000686236
       -0.0000492702  -0.0000178534  -0.0000862438   0.0000300501   0.0000314005
        0.0000550378  -0.0000416658  -0.0000172118  -0.0001561762  -0.0000402352
       -0.0000422616  -0.0001804042   0.0000521187  -0.0000247159   0.0000870411
       -0.0000452996  -0.0000142317   0.0000483977  -0.0000398564  -0.0000189146
       -0.0000475803   0.0000280696   0.0000083868   0.0005474243   0.0001129652
        0.0002453212   0.0000327645  -0.0000034979  -0.0000082509  -0.0000099673
        0.0000012678   0.0000029996   0.0000030735   0.0000055917   0.0000019273
        0.0000024592   0.0000055421  -0.0000022506   0.0000014232  -0.0000037628
        0.0000020753
        0.0000391540  -0.0003042655   0.0001381424  -0.0004102664   0.0002655308
       -0.0001724128   0.0000829602  -0.0001973865   0.0000325107  -0.0000625110
       -0.0000094841  -0.0000177146  -0.0000655417  -0.0000455953   0.0000327795
        0.0000319659   0.0000408765   0.0000269540   0.0001754364   0.0001683236
        0.0001257353   0.0000181505   0.0000403951  -0.0000213916   0.0000490371
       -0.0000223175   0.0000455016   0.0001749958   0.0005508922  -0.0003369920
       -0.0002570516  -0.0000243530   0.0000024014  -0.0000632883  -0.0005468500
        0.0000028721  -0.0000263248   0.0000183343  -0.0001958318   0.0000761187
       -0.0000300445  -0.0000390609  -0.0000196577   0.0000177092   0.0000207471
       -0.0928838918   0.1364747861  -0.0699894670   0.0001776554  -0.0002426123
       -0.0006505606   0.0001467149   0.0003558076   0.0000143038   0.0005401488
        0.0022126978   0.0017574460  -0.0000019878  -0.0000027608  -0.0000545648
        0.0000444659   0.0000129308  -0.0000112895   0.0000976995  -0.0000708857
       -0.0000610049  -0.0001057496  -0.0000698894   0.0000381056   0.0000197773
       -0.0000228668  -0.0000069722   0.0000016368  -0.0000006365  -0.0000040904
       -0.0000234808  -0.0000213657  -0.0000182009   0.0000225023  -0.0000467039
        0.0001068050  -0.0000101452   0.0000007138   0.0000290598   0.0001643069
       -0.0000458280  -0.0000169090  -0.0001516804   0.0000722131  -0.0000776438
        0.0001578027  -0.0000768944  -0.0000599713   0.0000148373   0.0001214030
        0.0000290277  -0.0000436858  -0.0000124401  -0.0000426839  -0.0001661167
       -0.0002467160   0.0004913176   0.0000274158  -0.0000244720   0.0000784332
        0.0000305860   0.0000996600  -0.0000814368   0.0000374343   0.0000314615
       -0.0000173353   0.0000169037   0.0000240072   0.0000157330  -0.0000781631
        0.0002574559   0.0002384613  -0.0000954076  -0.0004071445   0.0000381749
       -0.0000955768  -0.0003254139  -0.0001702076   0.0924396340  -0.1383468639
        0.0687737635   0.0000592985   0.0001166064  -0.0000188221   0.0000635820
        0.0000223060  -0.0000996251  -0.0001083917   0.0000057554   0.0000398375
        0.0000537127  -0.0000180581  -0.0000404501  -0.0000144617  -0.0001111686
       -0.0003045712   0.0000494066   0.0001894673   0.0003313425  -0.0000082701
       -0.0001828959  -0.0002459711   0.0002123581  -0.0000517857  -0.0001242165
       -0.0000641694  -0.0000410760   0.0001056405  -0.0003108220   0.0004202231
        0.0003966020   0.0000335806   0.0000220051  -0.0000471049  -0.0000036658
        0.0000030473   0.0000209869   0.0000036377  -0.0000015702  -0.0000037205
        0.0000047629   0.0000083344  -0.0000075025   0.0000026284  -0.0000025985
        0.0000050408
        0.0009132064   0.0007151186  -0.0003758635  -0.0006748686   0.0002224965
       -0.0000859524   0.0002251417  -0.0000105345   0.0001392633  -0.0001654875
        0.0000280405   0.0000088471  -0.0000823288  -0.0000487169  -0.0000600862
        0.0000160254  -0.0000635932  -0.0000842307   0.0002538266   0.0000838485
        0.0003167569  -0.0000195584   0.0000058067  -0.0000229911   0.0000210149
       -0.0000095638   0.0000030547  -0.0003692654  -0.0006062076   0.0001764320
        0.0001096032   0.0000970725  -0.0000509877   0.0000024624  -0.0002066330
        0.0000636727   0.0000374359   0.0000993229  -0.0000565420   0.0000389582
        0.0000115981   0.0000311757   0.0000025487   0.0000045944  -0.0000218020
        0.0000184861  -0.0000577977  -0.0001120713   0.0004983057   0.0001068894
       -0.0011462414  -0.0293255655   0.0023402014   0.0107571803   0.0000149777
        0.0001674131   0.0000477922  -0.0000363623  -0.0000224200  -0.0000312957
        0.0000122228   0.0000064027  -0.0000018312   0.0000141759  -0.0000223053
       -0.0000280167   0.0000422470  -0.0001283770  -0.0002382153   0.0000082845
       -0.0000082260  -0.0000031086  -0.0000066613  -0.0000036721   0.0000006795
       -0.0000028160  -0.0000061524  -0.0000018969  -0.0000077753  -0.0000062242
        0.0000146273  -0.0000030222  -0.0000041230  -0.0000000666   0.0000928667
       -0.0002542522   0.0000046959   0.0000822907   0.0000684165  -0.0000133582
        0.0000083645  -0.0000107130   0.0000088598   0.0000241389   0.0000190113
        0.0000054876  -0.0000041417   0.0000098303  -0.0000001826  -0.0000019541
        0.0000038249   0.0000013221  -0.0000036783   0.0000038517  -0.0000004583
        0.0000061703   0.0000098149  -0.0000095569   0.0000048345  -0.0000004331
       -0.0000018365  -0.0000034610   0.0000035140  -0.0000004556  -0.0010953203
       -0.0004992840   0.0032491011  -0.0000288463  -0.0000789566  -0.0001934613
       -0.3637852606   0.0608786753   0.1577208594   0.0000041572  -0.0000172845
        0.0000592985   0.3931756903  -0.0628121482  -0.1700303902   0.0000079476
        0.0000162767  -0.0000167357  -0.0000617155  -0.0000015494   0.0000131372
        0.0000293930  -0.0000123723  -0.0000137979  -0.0000052656  -0.0000002523
       -0.0000109079   0.0000085540  -0.0000046778   0.0000426706   0.0000068910
       -0.0000036758  -0.0000298583   0.0000036614  -0.0000043062  -0.0000084540
       -0.0000087666  -0.0000021695   0.0000021938  -0.0000023171   0.0000141131
        0.0000135849   0.0000191621   0.0000091874  -0.0000145896  -0.0000108135
       -0.0000053495   0.0000017291   0.0000030638  -0.0000041267  -0.0000064569
        0.0000009172  -0.0000030911  -0.0000072320  -0.0000017747  -0.0000061325
       -0.0000034901
        0.0004070953   0.0000204170  -0.0000403358  -0.0004956449   0.0001817092
       -0.0001561210   0.0001034661  -0.0000480815   0.0001290107   0.0000420627
       -0.0000331144  -0.0000088255   0.0000041280  -0.0000124419  -0.0000041918
       -0.0000012786   0.0000211304   0.0000525716   0.0001680481  -0.0001581655
       -0.0000508062  -0.0000121695   0.0000245100   0.0000092886   0.0000187218
       -0.0000097939  -0.0000196585  -0.0006682174  -0.0004987226   0.0001007995
        0.0001264218   0.0000699054  -0.0000540297   0.0000072097  -0.0000619426
        0.0000094784  -0.0000278649   0.0000099169  -0.0000361656   0.0000163593
       -0.0000141218   0.0000497288  -0.0000096554  -0.0000024842  -0.0000159280
        0.0002109897  -0.0000303093  -0.0002628564  -0.0002946517  -0.0008732531
        0.0007567585  -0.0219825044   0.0061250641   0.0102812942  -0.0001047185
        0.0000700288   0.0002406330  -0.0000017750   0.0000177055  -0.0000068699
        0.0000316739   0.0000161447   0.0000106614   0.0000381498  -0.0000185067
       -0.0000353594  -0.0001732310   0.0000569645   0.0000046311   0.0000069732
       -0.0000066498  -0.0000152675   0.0000225896   0.0000003254   0.0000167113
       -0.0000048727  -0.0000035453   0.0000040270  -0.0000276503   0.0000049148
        0.0000198963  -0.0000279312   0.0000024058   0.0000009005   0.0001997650
       -0.0003574879  -0.0000001202   0.0000922781   0.0000500023  -0.0000257158
        0.0000258272  -0.0000540926  -0.0000001509   0.0000095319   0.0000220320
        0.0000119128   0.0000249698   0.0000012380   0.0000001113  -0.0000124203
       -0.0000049408   0.0000080121   0.0000020485  -0.0000123587   0.0000046928
        0.0000046596   0.0000116526  -0.0000194161   0.0000001957   0.0000094174
        0.0000074486   0.0000087370  -0.0000022426   0.0000042208  -0.0000717748
        0.0015929677  -0.0007605849   0.0001252649  -0.0000855850   0.0000016549
        0.0850666699  -0.0390812741  -0.0592090288  -0.0000779044  -0.0000249169
        0.0001166064  -0.0628121482   0.0330829043   0.0488694375   0.0000579016
        0.0000010298  -0.0000051219  -0.0001219470   0.0000371746   0.0000235174
        0.0000753448  -0.0000484025  -0.0000129622   0.0000312116   0.0000015935
        0.0000091477  -0.0000733403  -0.0000191395  -0.0000192158   0.0000717114
        0.0000211390   0.0000103280   0.0000052319  -0.0000093833  -0.0000104123
       -0.0000069698  -0.0000006051   0.0000084274  -0.0000361936  -0.0000006589
        0.0000138629   0.0000424971   0.0000076308  -0.0000065707  -0.0000125838
        0.0000029745   0.0000017292   0.0000057772   0.0000073204   0.0000032031
        0.0000022561   0.0000049268  -0.0000052329   0.0000016795  -0.0000029256
        0.0000002443
       -0.0002770703  -0.0003350802  -0.0008227978  -0.0001443882  -0.0001490410
        0.0001128290  -0.0000800775   0.0001066137   0.0000047088   0.0001288035
       -0.0000209040  -0.0000250168  -0.0000054396   0.0000006192  -0.0000015249
       -0.0001026677   0.0000850072   0.0000324998   0.0000292990  -0.0000383305
       -0.0001486576  -0.0000003073   0.0000069889   0.0000128058   0.0000090764
       -0.0000126664   0.0000092177   0.0000436692  -0.0002038339   0.0000517957
        0.0000050918   0.0001188790   0.0001073258   0.0000695076   0.0000471658
       -0.0000364409  -0.0000425894  -0.0000395989  -0.0000131983   0.0000143801
        0.0000026040   0.0000339805  -0.0000067496  -0.0000035100  -0.0000059531
       -0.0002584795  -0.0000930524  -0.0000140184  -0.0008147913   0.0009233048
       -0.0027912906  -0.0132625212   0.0044414567   0.0092510160   0.0002891603
        0.0000633994  -0.0000195856   0.0000070594  -0.0000303538   0.0000048962
        0.0000014400  -0.0000053263   0.0000131195   0.0000186793  -0.0000104254
       -0.0000067401  -0.0000563659  -0.0000378668   0.0001237645   0.0000017083
       -0.0000016546  -0.0000013999   0.0000100571   0.0000017021   0.0000023041
       -0.0000008915   0.0000000505   0.0000022219  -0.0000066833  -0.0000139096
        0.0000199473   0.0000009312  -0.0000025676   0.0000086631  -0.0000398990
        0.0000958264   0.0000343812  -0.0000267449  -0.0000234415   0.0000132792
       -0.0000188023   0.0000187977   0.0000219699  -0.0000051514  -0.0000127931
        0.0000011766  -0.0000046340  -0.0000045429   0.0000013423   0.0000114815
       -0.0000102099  -0.0000118503  -0.0000144387   0.0000105950  -0.0000050721
        0.0000021310   0.0000060432  -0.0000113181  -0.0000030889  -0.0000053749
        0.0000025323  -0.0000052830  -0.0000037053   0.0000039644   0.0020483963
       -0.0021607843   0.0035423780   0.0003598339   0.0002048789  -0.0000552233
        0.1820278946  -0.0519129233  -0.1079459104   0.0000785663   0.0000770966
       -0.0000188221  -0.1700303902   0.0488694375   0.0985392067  -0.0000100019
        0.0000745120  -0.0000340113  -0.0000231196  -0.0000483484   0.0000150717
        0.0000077143   0.0000274376  -0.0000123388  -0.0000301851   0.0000027382
       -0.0000242918   0.0000337156  -0.0001277591   0.0000439033   0.0000055119
        0.0000608665  -0.0000079949   0.0000079489   0.0000006122  -0.0000032817
        0.0000032993   0.0000092614  -0.0000009735   0.0000283541  -0.0000002908
        0.0000109927   0.0000211177   0.0000342844  -0.0000156053  -0.0000013025
        0.0000042796   0.0000072803   0.0000040267   0.0000059527   0.0000048642
        0.0000029323   0.0000063750  -0.0000040169   0.0000002763   0.0000015085
        0.0000038959
       -0.0000374357  -0.0002697543   0.0000712896   0.0002594452   0.0003298533
        0.0002956746  -0.0004037195  -0.0002249812  -0.0002070789   0.0006755299
       -0.0008033363  -0.0005467371  -0.0022617685  -0.0000696206   0.0014231208
       -0.0010462407  -0.0009288776   0.0016017892   0.0009003705  -0.0005491806
        0.0000254896   0.0038538800   0.0035355605  -0.0029454949  -0.0945546049
        0.0168732371  -0.0846258672   0.0001739175   0.0003256413  -0.0001261083
        0.0002661868  -0.0001611323   0.0000997333  -0.0000006189  -0.0000599309
        0.0000121516   0.0001447090  -0.0000121034   0.0000219062   0.0000318331
       -0.0001142681  -0.0000458930   0.0000439917  -0.0000005142   0.0000507074
       -0.0006894288  -0.0003432186  -0.0001563085  -0.0003029864  -0.0002470207
       -0.0000331218   0.0001876067   0.0002075739   0.0000025344   0.0002589549
        0.0002465820   0.0000609613   0.0000039070   0.0000315212  -0.0000359169
       -0.0001250649   0.0000167535  -0.0000028567  -0.0001758461   0.0000757191
        0.0000170620   0.0000312763   0.0000491291   0.0000180456  -0.0000172716
       -0.0010582429   0.0006016197   0.0001739356  -0.0005679785   0.0002384049
       -0.0009137692  -0.0034115831  -0.0096298672  -0.0786930790  -0.1016161183
       -0.0943453647  -0.0017288501   0.0010828332   0.0000019049  -0.0001214187
       -0.0000196447   0.0000053439  -0.0000296484  -0.0000455957  -0.0001449485
       -0.0001215176   0.0000696215  -0.0000342970  -0.0000411103   0.0000822318
        0.0000351445  -0.0001109178  -0.0000877750  -0.0001324729   0.0001491283
        0.0000607522   0.0001161146  -0.0000864017   0.0000581864  -0.0000086115
        0.0000039693  -0.0000237735  -0.0000163837  -0.0000204260   0.0000768334
        0.0000488492  -0.0001228099  -0.0001069199  -0.0000318686   0.0000823046
        0.0000881873  -0.0000239421   0.0000470629   0.0000254457   0.0000135691
       -0.0001287463  -0.0002108500   0.0000275449   0.0002068005   0.0000686236
        0.0000635820   0.0000079476   0.0000579016  -0.0000100019   0.2786412114
       -0.0024052917   0.2705612606  -0.0256491376   0.0074937078  -0.0257060214
       -0.0043297896   0.0010783760   0.0039217768  -0.0127384310   0.0233535920
       -0.0166697818  -0.0761114703   0.0689290784  -0.0385858170   0.0155090217
       -0.0146564475  -0.0012561474  -0.0004490408   0.0013509387  -0.0010942712
       -0.0026402045   0.0010423522  -0.0040908981   0.0012593590   0.0010206752
        0.0000172955  -0.0004079168   0.0003526373  -0.0006380178   0.0010810057
        0.0000312303   0.0017531983   0.0001697422  -0.0000067224  -0.0002070639
       -0.0004072215  -0.0000289895   0.0002990897   0.0003037955   0.0000150958
       -0.0000540041
       -0.0009757689   0.0008228892  -0.0004460189   0.0009673279  -0.0002844607
        0.0004969772  -0.0003998770   0.0001624130  -0.0004928101   0.0002511367
       -0.0003901607  -0.0005682684   0.0018484303   0.0004532499   0.0009910858
       -0.0008297309  -0.0009847903   0.0011740653   0.0003392969  -0.0002144149
        0.0003326590   0.0157844455  -0.0138371486   0.0304731884   0.0122900448
       -0.0825065753   0.0166710513  -0.0002264405  -0.0012963726   0.0003887755
        0.0001630470   0.0011281488  -0.0001908495  -0.0003184554  -0.0010117430
        0.0003302893  -0.0001862691   0.0005603168  -0.0004269730   0.0000699837
        0.0000635432   0.0001623655  -0.0002181360   0.0000863675  -0.0001681392
        0.0007371754   0.0007108175  -0.0003209231   0.0000335357   0.0003069805
       -0.0002222894   0.0002432197   0.0000291575   0.0000872912  -0.0000570024
       -0.0003180988   0.0001786760  -0.0001818039   0.0000904949   0.0001781198
        0.0000685876  -0.0000807865  -0.0000043450  -0.0000043124   0.0002171783
        0.0001434534  -0.0000698918  -0.0000144618  -0.0000947753   0.0002649345
        0.0014765623   0.0002710331  -0.0014941062  -0.0062685954   0.0036005778
       -0.0115404781   0.0041179742  -0.0155226831  -0.1055184088  -0.2402160151
       -0.1365742327   0.0038440421  -0.0037908985   0.0000573600  -0.0000326511
        0.0000801880  -0.0000495295   0.0001023908  -0.0003160844   0.0000710440
        0.0001995548   0.0000736739   0.0000402204   0.0000892562  -0.0000043195
        0.0000043476  -0.0000393697  -0.0000724208   0.0002507743  -0.0001554478
       -0.0000925673  -0.0000805023   0.0002314555  -0.0000466197   0.0000536072
        0.0000611261   0.0000504280   0.0000303081   0.0000288400  -0.0000617778
       -0.0000610512   0.0001509560   0.0001406365  -0.0000590444   0.0000769939
       -0.0000855350   0.0001824611   0.0000720547  -0.0000486371   0.0000921333
       -0.0001996386   0.0000345298  -0.0002070696  -0.0003504917  -0.0000492702
        0.0000223060   0.0000162767   0.0000010298   0.0000745120  -0.0024052917
        0.7397282288   0.0619423457   0.0012009821  -0.0029487931   0.0057306114
        0.0028006290   0.0005589311  -0.0020180181   0.0147434527  -0.0106949209
        0.0143920189   0.0779586557  -0.2926494964   0.0416829883  -0.0094038162
       -0.0947479089  -0.0229229573  -0.0008701055  -0.0007247871   0.0002541363
        0.0010589662   0.0000039373   0.0014131033  -0.0008290510  -0.0011465519
       -0.0005653823   0.0000957347   0.0033746341  -0.0000261084   0.0000809972
        0.0005615510  -0.0005856224   0.0003569781   0.0000728424   0.0001235323
        0.0003759503  -0.0000035979  -0.0003698720  -0.0002999136   0.0000011060
        0.0000800461
        0.0004650308  -0.0001468080   0.0001592267  -0.0004826446   0.0001936515
       -0.0001131939   0.0000066633   0.0000493997   0.0002027069  -0.0002394670
        0.0003434128  -0.0000170089  -0.0011598321   0.0009321419  -0.0007616369
       -0.0000441583   0.0001463461  -0.0001489100  -0.0002167388   0.0000937988
       -0.0002325151  -0.0062267675   0.0121665568  -0.0179978668  -0.0695412909
        0.0176346359  -0.1470615252   0.0000167539   0.0002263501  -0.0001004248
       -0.0001873221  -0.0003055529   0.0000552137   0.0001266522   0.0003421917
       -0.0000938735  -0.0000041254  -0.0001131827   0.0001521953  -0.0000501522
       -0.0000748276  -0.0001601366   0.0000457589   0.0000057828   0.0001023239
       -0.0004298433  -0.0002710376   0.0004579416  -0.0000271501  -0.0001346100
        0.0001729554  -0.0001770229  -0.0000721262  -0.0000776063   0.0000221548
        0.0001107881  -0.0001856449   0.0000344753  -0.0000438089  -0.0000209504
       -0.0000047157  -0.0000141848   0.0000739137   0.0000934432  -0.0001314035
       -0.0002707964   0.0000663823  -0.0000068332   0.0000027489   0.0003662548
       -0.0012757945   0.0009353315   0.0007626020   0.0035946379  -0.0009617977
       -0.0185760211   0.0000776995  -0.0296981510  -0.0992952226  -0.1395496140
       -0.1261965099  -0.0011269144  -0.0006207752  -0.0007327265   0.0000633099
       -0.0000303250   0.0000071532  -0.0000731705   0.0001377102  -0.0000099490
        0.0000183752  -0.0000669514  -0.0000195522  -0.0000293400   0.0000061786
        0.0000219017  -0.0000413945   0.0000432629  -0.0001098009   0.0001483259
        0.0000691304   0.0000274622  -0.0000454052   0.0000212727   0.0000268518
        0.0000103078  -0.0000865207   0.0000617938  -0.0000365539   0.0000653748
        0.0000377406  -0.0000859495  -0.0000719393  -0.0001086668  -0.0000363789
        0.0000286446  -0.0001491026  -0.0000177033   0.0000320591  -0.0000696974
        0.0001330612   0.0000181855   0.0001713899   0.0002415595  -0.0000178534
       -0.0000996251  -0.0000167357  -0.0000051219  -0.0000340113   0.2705612606
        0.0619423457   0.4050897639  -0.0104475545   0.0035987948  -0.0014360091
       -0.0021349414   0.0009569617   0.0012242380  -0.0181198119   0.0260219119
       -0.0115362929  -0.0384677337   0.0491063869  -0.0755649066  -0.0012594424
       -0.0371589829   0.0062536612  -0.0000515281   0.0009280405   0.0012083246
       -0.0042975572   0.0014473812  -0.0038149770  -0.0005090647   0.0012580309
       -0.0005679085   0.0007319859  -0.0009326294   0.0017656789  -0.0005740990
       -0.0004824111   0.0000665335   0.0000935557   0.0000993593   0.0000138376
       -0.0000883793  -0.0001036290   0.0001689050   0.0001142196   0.0000184979
       -0.0001080193
        0.0013553671   0.0003109556   0.0002196052  -0.0009502906   0.0003078504
       -0.0000523174  -0.0002606621   0.0000212774   0.0003932448   0.0004162697
        0.0004214740  -0.0000219969  -0.0021755777  -0.0001386394   0.0004866446
        0.0000959100  -0.0001766357  -0.0004565255   0.0001532590  -0.0002104361
       -0.0002526670  -0.0095214813  -0.0068033114   0.0053334220  -0.1185099621
       -0.0100717270   0.0254634423  -0.0002876939   0.0000552391  -0.0000320613
       -0.0001368913  -0.0003543332  -0.0000825083  -0.0000435873   0.0004078897
       -0.0001206134  -0.0001027015  -0.0001121679   0.0002060296  -0.0001334818
        0.0000654615  -0.0001156628  -0.0000067989   0.0000111422   0.0000396988
        0.0005034542   0.0001771384   0.0003719950   0.0004539807   0.0001593623
        0.0002541926  -0.0005626963  -0.0004787448  -0.0001218848  -0.0002707492
       -0.0001463986  -0.0001976658   0.0001340146  -0.0001434361  -0.0000963181
       -0.0000525089   0.0000242855   0.0001370483  -0.0000633104   0.0000329999
        0.0000926468   0.0001211459  -0.0000150824   0.0001216571   0.0007955238
        0.0010187731   0.0001870672   0.0007488860  -0.0000202113  -0.0004878688
       -0.0066941368   0.0039405927   0.0046834678  -0.0007341535  -0.0002861445
       -0.0005485536   0.0081396961   0.0167532346  -0.0050276421   0.0001625768
       -0.0000289592   0.0000329058   0.0000584202   0.0000453239   0.0000217520
        0.0001153592  -0.0000617986  -0.0000202635  -0.0000082403  -0.0001036052
       -0.0000758982   0.0000601166   0.0000775263   0.0000506261  -0.0000647534
       -0.0000329511  -0.0000690447   0.0000880817  -0.0000286081   0.0000288972
       -0.0000160204  -0.0000256713   0.0000814895   0.0000097189  -0.0000646724
       -0.0000575282   0.0000470284   0.0000833729  -0.0000145867  -0.0001873262
       -0.0000892590  -0.0001277958  -0.0001314325  -0.0000054933  -0.0000847347
        0.0004436353   0.0004141061   0.0001409878  -0.0000792101  -0.0000862438
       -0.0001083917  -0.0000617155  -0.0001219470  -0.0000231196  -0.0256491376
        0.0012009821  -0.0104475545   0.5705829636  -0.1863739459  -0.0866451928
       -0.2810400596   0.2814206530   0.0298178348   0.0010399341  -0.0003663340
        0.0000744498  -0.0009396590   0.0103967749   0.0001701258  -0.0046699846
       -0.0066519570  -0.0014350612  -0.0000350506   0.0000326440   0.0001622706
        0.0002069928  -0.0001192482   0.0001545482  -0.0001007181  -0.0001395737
        0.0000873703  -0.1054660786  -0.0708360305   0.0287975107  -0.0162869899
       -0.0285261146   0.0057173313  -0.0055050637  -0.0018419400   0.0018544570
       -0.0030214701  -0.0007295895   0.0004307390  -0.0019627408  -0.0021878486
        0.0011099989
        0.0001611317  -0.0006407677   0.0002033251  -0.0001001934   0.0001350121
       -0.0002104825   0.0003877023   0.0000264072  -0.0001198552  -0.0000406538
        0.0001791956   0.0001562028  -0.0023419826  -0.0049837252   0.0021162386
       -0.0001753611   0.0002578091   0.0001866325  -0.0000430590   0.0003606813
       -0.0002605858  -0.0205543883  -0.0035202871   0.0085321503  -0.0065170243
       -0.0559155889  -0.0013794935   0.0001586853   0.0007558295  -0.0002008143
       -0.0000359267  -0.0005702044   0.0001346195   0.0001451706   0.0005282156
       -0.0001677715   0.0000332560  -0.0002851505   0.0002078532  -0.0000156635
       -0.0000032656  -0.0000702107   0.0001173292  -0.0000650864   0.0000977934
       -0.0002662467  -0.0002915408   0.0000423482  -0.0000329031  -0.0002039703
        0.0000558282  -0.0000076145   0.0001324234  -0.0000100683   0.0000539900
        0.0001756246  -0.0000305033   0.0001537477  -0.0000770655  -0.0001105357
       -0.0000424224  -0.0000153191   0.0000571764  -0.0001139722  -0.0002407769
       -0.0001171592   0.0000612460   0.0000131309   0.0000114400  -0.0022901219
       -0.0018058671  -0.0009128931  -0.0007973711  -0.0003934417   0.0019322171
        0.0176851735  -0.0018914711  -0.0096124470  -0.0003883408   0.0002997896
       -0.0008231955   0.0054127083  -0.0247875923  -0.0001686147  -0.0000070960
       -0.0000534990   0.0000254416  -0.0000139312   0.0000940180  -0.0000514750
       -0.0001020679  -0.0000138486  -0.0000132173  -0.0000442355  -0.0000166183
       -0.0000215189  -0.0000053358   0.0000389976  -0.0000702467   0.0000516733
        0.0000091353   0.0000146442  -0.0001050181   0.0000223414  -0.0000194169
       -0.0000085119  -0.0000218911   0.0000083133  -0.0000004774   0.0000034560
        0.0000104242  -0.0000543941   0.0000056357  -0.0000146790  -0.0000346930
        0.0000845953  -0.0000423306  -0.0000450309   0.0000286886  -0.0000384968
        0.0000294540  -0.0001476729   0.0000570283   0.0001344700   0.0000300501
        0.0000057554  -0.0000015494   0.0000371746  -0.0000483484   0.0074937078
       -0.0029487931   0.0035987948  -0.1863739459   0.8596630713  -0.0264341398
        0.2807967891  -0.4587896638  -0.0341622654  -0.0004274802  -0.0008171250
       -0.0007884377   0.0055762163   0.0106596209   0.0046817325  -0.0086122067
       -0.0051010607  -0.0030993252  -0.0000043294   0.0002393596  -0.0002125043
        0.0002161690  -0.0002436212   0.0000691001   0.0000491471   0.0000636928
        0.0000303500  -0.0825819119  -0.3085172673   0.0567344399  -0.0164500911
       -0.0053901582   0.0040086777   0.0032614288   0.0006593624   0.0006808347
        0.0034979324   0.0008429047  -0.0034411462   0.0031584233   0.0024061166
       -0.0010071835
       -0.0002505778  -0.0000327052  -0.0000847406   0.0001791869   0.0000038426
        0.0000756212  -0.0000735646  -0.0000526019  -0.0001008654   0.0000844029
        0.0002609022   0.0001416090   0.0015718282   0.0017758715  -0.0003964976
        0.0000194695   0.0000792349  -0.0001654365  -0.0000053590  -0.0000597889
        0.0001176740   0.0090765984   0.0027345040  -0.0025456902   0.0247615472
       -0.0025261873  -0.0682385718   0.0000568631  -0.0000723541   0.0000219521
        0.0000133443   0.0001041136   0.0000105922   0.0000178986  -0.0001111606
        0.0000249770   0.0000149629   0.0000404573  -0.0000494196   0.0000255872
       -0.0000065840   0.0000460109  -0.0000129145   0.0000108679  -0.0000139364
       -0.0000901924  -0.0000525824  -0.0001223983  -0.0000758031  -0.0000192120
       -0.0000812695   0.0001146161   0.0000956500   0.0000371795   0.0000316983
        0.0000220720   0.0000596844  -0.0000322359   0.0000496982   0.0000227332
        0.0000502656  -0.0000497684  -0.0000412273  -0.0000018405  -0.0000399492
       -0.0000609139  -0.0000125571  -0.0000211547  -0.0000271045  -0.0003716582
       -0.0005798546   0.0004901749   0.0003361479   0.0005069161  -0.0006123808
        0.0198799356  -0.0032470776  -0.0068382270  -0.0028621915   0.0006765782
        0.0002087935  -0.0041613967  -0.0019674682  -0.0052471194  -0.0000324033
        0.0000131844  -0.0000043329  -0.0000230646  -0.0000035676  -0.0000108457
       -0.0000186124   0.0000078498   0.0000030176   0.0000125924   0.0000167254
        0.0000165162  -0.0000154153  -0.0000136304  -0.0000045097   0.0000110792
       -0.0000019278   0.0000107513  -0.0000123033   0.0000019685  -0.0000111417
       -0.0000000991   0.0000115120  -0.0000311398   0.0000050267   0.0000046754
        0.0000120229  -0.0000087713  -0.0000186883   0.0000173344   0.0000300764
        0.0000101214   0.0000566315   0.0000185376  -0.0000061880   0.0000279296
       -0.0000872791  -0.0000740866  -0.0000616419   0.0000009478   0.0000314005
        0.0000398375   0.0000131372   0.0000235174   0.0000150717  -0.0257060214
        0.0057306114  -0.0014360091  -0.0866451928  -0.0264341398   0.2058301619
        0.0294546865  -0.0337163535  -0.0648999894   0.0002331048   0.0011560035
       -0.0011636599  -0.0041070109  -0.0060889412  -0.0006994032   0.0025183121
        0.0025279300   0.0011105935  -0.0001571596  -0.0000825376  -0.0003084312
       -0.0001388736   0.0001465486  -0.0002907088   0.0002455703   0.0000738785
        0.0000675599   0.0292576201   0.0499088891  -0.0462054134   0.0053128602
        0.0085102113  -0.0072310935  -0.0029884007  -0.0017047397  -0.0002922417
        0.0040953138   0.0019509002  -0.0022375029   0.0004476811   0.0004966137
        0.0010494337
       -0.0005970822  -0.0002463664  -0.0000673032   0.0004518252  -0.0001332048
       -0.0000433842   0.0001872360  -0.0001126377  -0.0001317657  -0.0002921904
       -0.0002696218   0.0000829271   0.0010433990   0.0004107054  -0.0002477959
        0.0001561070   0.0000611595   0.0002352626  -0.0001025555   0.0000856807
        0.0001975899   0.0005023192   0.0017985487  -0.0009860052  -0.0364248344
        0.0377875803   0.0135946244   0.0001814540   0.0001087209  -0.0000261060
        0.0000974411   0.0000627287   0.0000628388   0.0000518064  -0.0001043858
        0.0000264569   0.0000781528  -0.0000039088  -0.0000616062   0.0000701295
       -0.0000435434   0.0000374832   0.0000367016  -0.0000197908   0.0000002777
       -0.0003470769  -0.0001480656  -0.0001755964  -0.0002763589  -0.0001346049
       -0.0001127588   0.0002936463   0.0002628112   0.0000454798   0.0001673428
        0.0001088736   0.0000924330  -0.0000416175   0.0000626083   0.0000221301
       -0.0000183500   0.0000454620  -0.0001356664   0.0000156863   0.0000153181
       -0.0000699469  -0.0000407982   0.0000203959  -0.0000614745  -0.0001283954
       -0.0001417647  -0.0001971776  -0.0003016472   0.0000195702   0.0003373418
       -0.0070419930   0.0007445236   0.0026418778  -0.0004631765   0.0003005859
        0.0004772825   0.0027617267  -0.0018114537   0.0011161725  -0.0000994316
        0.0000083491  -0.0000095426  -0.0000161203  -0.0000081193  -0.0000281048
       -0.0000949536   0.0000355069   0.0000043106  -0.0000104256   0.0000546924
        0.0000339407  -0.0000406433  -0.0000430726  -0.0000466697   0.0000530593
        0.0000254283   0.0000527240  -0.0000769825   0.0000263621  -0.0000194936
        0.0000045182   0.0000075081  -0.0000423581  -0.0000069682   0.0000368541
        0.0000350326  -0.0000484562  -0.0000491582   0.0000063859   0.0001055134
        0.0000659006   0.0000494597   0.0000744887   0.0000108934   0.0000383806
       -0.0002207383  -0.0002385922  -0.0000524673   0.0000772160   0.0000550378
        0.0000537127   0.0000293930   0.0000753448   0.0000077143  -0.0043297896
        0.0028006290  -0.0021349414  -0.2810400596   0.2807967891   0.0294546865
        0.3127683025  -0.3332571878  -0.0425081110  -0.0004305917   0.0002437543
       -0.0008130977   0.0000769891  -0.0035645900   0.0003749749   0.0000551594
        0.0016155633   0.0005507904  -0.0000271308   0.0000452089  -0.0001458215
       -0.0000177831   0.0000375168  -0.0001051843   0.0002107176   0.0000934663
        0.0000379390   0.0075282952   0.0129870967   0.0009594569   0.0006254493
       -0.0010663926  -0.0006093891   0.0016507855   0.0001085842  -0.0001260961
        0.0014921844  -0.0001875953  -0.0007846093   0.0016891053   0.0005582970
       -0.0008872135
        0.0000424605   0.0004355676  -0.0000908488  -0.0000560587  -0.0000673743
        0.0001623262  -0.0003158340   0.0001526196   0.0000333689  -0.0000597687
        0.0000336986  -0.0001208276   0.0003308139   0.0008040164  -0.0002282248
       -0.0001715883  -0.0001082285  -0.0001722428  -0.0000043508  -0.0001197936
       -0.0000125849  -0.0027425410  -0.0006915348   0.0005361717   0.0188756503
       -0.0090108684  -0.0041032611  -0.0001486768  -0.0005236912   0.0001401085
       -0.0000005180   0.0003539141  -0.0000996503  -0.0001022669  -0.0002700483
        0.0000877298  -0.0000533825   0.0001651728  -0.0001060387  -0.0000105438
        0.0000195096   0.0000356781  -0.0000759813   0.0000409478  -0.0000570799
        0.0003092180   0.0002396845   0.0000182329   0.0001041201   0.0001703403
       -0.0000067788  -0.0000674547  -0.0001587080  -0.0000004857  -0.0000839091
       -0.0001498308  -0.0000013816  -0.0000980889   0.0000321617   0.0000543193
        0.0000175024  -0.0000852468   0.0000634891   0.0000738918   0.0001388832
        0.0001830756  -0.0000537066  -0.0000086559   0.0000229821   0.0009345191
        0.0017324373   0.0008635123   0.0002410275   0.0002877128  -0.0012520904
        0.0011916272   0.0001234798  -0.0000785873   0.0007601952  -0.0004496311
       -0.0000378439  -0.0082153360  -0.0065900673   0.0034521320   0.0000333873
        0.0000364373  -0.0000166611   0.0000158937  -0.0000716218   0.0000459458
        0.0000892293   0.0000006589   0.0000094779   0.0000248251  -0.0000085529
        0.0000000027   0.0000225962  -0.0000088526   0.0000620707  -0.0000540459
       -0.0000212095  -0.0000312824   0.0000896144  -0.0000203743   0.0000168152
        0.0000033613   0.0000152195   0.0000096263   0.0000012602  -0.0000143644
       -0.0000203606   0.0000510527   0.0000171792   0.0000061589  -0.0000087257
       -0.0000730571   0.0000206686   0.0000068208  -0.0000227712   0.0000176399
        0.0000397618   0.0001674155  -0.0000371154  -0.0001162448  -0.0000416658
       -0.0000180581  -0.0000123723  -0.0000484025   0.0000274376   0.0010783760
        0.0005589311   0.0009569617   0.2814206530  -0.4587896638  -0.0337163535
       -0.3332571878   0.5665437760   0.0325041510   0.0003648767   0.0002200371
        0.0008344506  -0.0015266353  -0.0027809678  -0.0018566845   0.0038891381
        0.0013165280   0.0007441411   0.0000106792  -0.0001263794   0.0002375684
       -0.0001295144   0.0001034188   0.0000197805  -0.0001247229  -0.0000701845
       -0.0000407824   0.0364664387  -0.0913605307   0.0009465580   0.0018006793
       -0.0024117278  -0.0001787588  -0.0001978524   0.0005631568  -0.0000746372
       -0.0002217966   0.0003708997   0.0002709266  -0.0003805657  -0.0005397986
       -0.0000248871
        0.0001853758   0.0000309263   0.0000756847  -0.0001121471   0.0000631514
        0.0000034446  -0.0000671557   0.0000200442   0.0000415171   0.0000686436
       -0.0000408984  -0.0000838128  -0.0005171184  -0.0003956626   0.0001791347
       -0.0000269901  -0.0000993265  -0.0001199609   0.0000892974   0.0000086717
       -0.0000507780   0.0001128825  -0.0005373674  -0.0000834557   0.0103791174
       -0.0062981649   0.0115004493  -0.0000335455   0.0000287340  -0.0000209988
       -0.0000164500  -0.0000613937   0.0000012363  -0.0000014336   0.0000689355
       -0.0000173483  -0.0000155844  -0.0000247701   0.0000335672  -0.0000167328
       -0.0000036546  -0.0000287868   0.0000007918  -0.0000015246   0.0000090831
        0.0000103933   0.0000358391   0.0001200752   0.0000183345   0.0000083136
        0.0000710063  -0.0000774434  -0.0000632530  -0.0000364070  -0.0000050856
       -0.0000160210  -0.0000567628   0.0000228195  -0.0000112854  -0.0000005541
       -0.0000200013   0.0000468172   0.0000932473   0.0000298811   0.0000605572
        0.0000559190   0.0000291498   0.0000034595   0.0000181747   0.0002208758
        0.0002230743  -0.0004452466  -0.0002005696  -0.0001475150   0.0006962260
       -0.0000366594   0.0001424639  -0.0001628510   0.0008979559  -0.0002154488
       -0.0003193197   0.0018771123   0.0020502343   0.0061907759   0.0000208672
       -0.0000072910   0.0000008475   0.0000027969   0.0000073467  -0.0000082449
        0.0000131741  -0.0000090102  -0.0000053976  -0.0000057730  -0.0000046414
       -0.0000053498   0.0000091558   0.0000067008  -0.0000037131  -0.0000024467
        0.0000042036  -0.0000036931   0.0000084749  -0.0000030162   0.0000061103
        0.0000013827  -0.0000111763   0.0000188515  -0.0000026441   0.0000025265
       -0.0000038733   0.0000045503   0.0000057457  -0.0000124588  -0.0000073091
       -0.0000063130  -0.0000636364   0.0000017878   0.0000086392  -0.0000202787
        0.0000575910   0.0000439322   0.0000689551   0.0000051685  -0.0000172118
       -0.0000404501  -0.0000137979  -0.0000129622  -0.0000123388   0.0039217768
       -0.0020180181   0.0012242380   0.0298178348  -0.0341622654  -0.0648999894
       -0.0425081110   0.0325041510   0.0345813777   0.0000149160  -0.0002926236
        0.0003309155   0.0009476322   0.0012943855  -0.0001661397  -0.0003275762
       -0.0003967378  -0.0001590489   0.0000671694  -0.0000016433   0.0001263933
        0.0000397883  -0.0000088224   0.0000797337  -0.0000711830  -0.0000351159
       -0.0000323159  -0.0024857160   0.0081545190   0.0128741430  -0.0007803674
        0.0004008505  -0.0010599613  -0.0004219437   0.0004216354   0.0001480489
       -0.0003262138  -0.0004907943   0.0004162896  -0.0007766985  -0.0002519296
       -0.0010422730
        0.0002761258  -0.0002066118   0.0002206643  -0.0002351449   0.0001460663
       -0.0001216727  -0.0000012908  -0.0000763524   0.0000700453   0.0000190345
        0.0000086226  -0.0000549395  -0.0005597288  -0.0000249494   0.0001122751
       -0.0000329014  -0.0000271661  -0.0000346489   0.0000566081  -0.0000890357
       -0.0000528656  -0.0005939361   0.0004301657  -0.0013593557   0.0037922900
        0.0018199149  -0.0008185069   0.0000973035   0.0004180859  -0.0001890544
        0.0000753865  -0.0002713913   0.0000714757   0.0001193272   0.0001583176
       -0.0000823223  -0.0000158346  -0.0000630255   0.0000101525  -0.0000650720
       -0.0005459992  -0.0003879624  -0.0001250000  -0.0000810079   0.0000816022
       -0.0025694396  -0.0015324212   0.0004946853  -0.0004550854  -0.0004687520
        0.0001456179  -0.0000296191   0.0000393656  -0.0000929332   0.0001222738
        0.0007204308  -0.0001751061   0.0000385572  -0.0000141077  -0.0000124892
        0.0000315944   0.0000179555   0.0000748850  -0.0000192778  -0.0000015707
       -0.0000096254   0.0000666723   0.0000608442   0.0000300345   0.0000266743
       -0.0000734662   0.0000059439   0.0001531000   0.0003836799  -0.0001716338
       -0.0001392993  -0.0000426440   0.0001433240  -0.0010012087  -0.0008844352
        0.0002258655   0.0002921601   0.0000235327  -0.0000572936  -0.0000058859
       -0.0000517170   0.0000169489  -0.0001381783   0.0000634664  -0.0000873659
       -0.0000272429   0.0000112168  -0.0000303954  -0.0000501310   0.0000803728
        0.0001166523  -0.0001449308  -0.0000804699  -0.0001282271   0.0001746403
        0.0003175868   0.0002872861  -0.0000309988   0.0001766543   0.0000866539
        0.0000110420  -0.0000534889   0.0000467543   0.0000511294   0.0001483859
        0.0000349784  -0.0001419837  -0.0000091815  -0.0000287948   0.0000636243
        0.0000975165  -0.0002177312   0.0000401101   0.0000478633  -0.0000441735
       -0.0000004399  -0.0001246279   0.0002227125   0.0004959436  -0.0001561762
       -0.0000144617  -0.0000052656   0.0000312116  -0.0000301851  -0.0127384310
        0.0147434527  -0.0181198119   0.0010399341  -0.0004274802   0.0002331048
       -0.0004305917   0.0003648767   0.0000149160   0.4727648394  -0.0000597798
       -0.0162144381  -0.1163880205   0.0068549423  -0.0523137961  -0.0072454730
       -0.0098448425  -0.0291283522  -0.0668235981   0.0402367611   0.0734158188
       -0.0485978970   0.0372638502  -0.0065109083  -0.2212253756  -0.0894498151
        0.0504379813   0.0000013355  -0.0000353929  -0.0001023024   0.0001084319
        0.0000672114  -0.0000218935  -0.0000426958  -0.0000360368  -0.0000024557
       -0.0000106709  -0.0000311627   0.0000145681  -0.0000274895   0.0000307572
        0.0000007556
       -0.0000471105   0.0001377873  -0.0000383381   0.0000638737  -0.0000768388
        0.0000089258  -0.0000197768   0.0000277334  -0.0000489492   0.0000049710
       -0.0000360486  -0.0000355413   0.0002178119   0.0001028331  -0.0001246868
       -0.0000110312   0.0000218931  -0.0000025825   0.0000193448  -0.0000209777
        0.0000142123   0.0005410846  -0.0003669274   0.0008995618   0.0025447080
       -0.0038031463  -0.0003761147  -0.0000437725  -0.0002603817   0.0000591324
       -0.0000376301   0.0001165162  -0.0001083932  -0.0000608249  -0.0001147804
        0.0000743017  -0.0001110970   0.0000923690   0.0000484816  -0.0000977418
        0.0001882161   0.0001416089  -0.0001534294   0.0001574462   0.0000100739
       -0.0005576061   0.0000882477   0.0001616759  -0.0000627598  -0.0000260378
        0.0000004910   0.0000220601   0.0000048488   0.0000008365   0.0001955921
        0.0002754713  -0.0000115669  -0.0000254716   0.0000176235   0.0000359200
        0.0000003952  -0.0000193429   0.0000003300  -0.0000073085   0.0000602108
        0.0000376859   0.0000058077   0.0000207598  -0.0000009637  -0.0000197333
        0.0001009762   0.0000393459  -0.0001098175  -0.0003053609   0.0001589745
       -0.0001587820  -0.0000547987  -0.0002177829   0.0001690349   0.0008246818
        0.0007753967   0.0008605536  -0.0005270787   0.0000215611   0.0000130133
        0.0000352328  -0.0000075403   0.0000349173  -0.0000690912   0.0000954881
        0.0000496649   0.0000114472  -0.0000016466   0.0000274682  -0.0000041374
       -0.0000270706   0.0000646840   0.0000206624  -0.0000366824   0.0002576688
       -0.0000286400  -0.0001654580   0.0000240616  -0.0000267435  -0.0000111522
        0.0000224855  -0.0000555689   0.0000232711   0.0000004252  -0.0000131601
        0.0000389898   0.0000224661  -0.0001901690  -0.0001060401   0.0000226540
        0.0000069933  -0.0000196036   0.0000182407   0.0000062613   0.0000075397
       -0.0000222788  -0.0000028120   0.0000076405  -0.0002536325  -0.0000402352
       -0.0001111686  -0.0000002523   0.0000015935   0.0000027382   0.0233535920
       -0.0106949209   0.0260219119  -0.0003663340  -0.0008171250   0.0011560035
        0.0002437543   0.0002200371  -0.0002926236  -0.0000597798   0.5405883659
        0.0060563876   0.0159826779  -0.0661792362   0.0169269987  -0.0257875703
       -0.0044539750  -0.0308089226   0.0393002884  -0.0892028501  -0.0878182276
        0.0348966569  -0.2780979040   0.0408639390  -0.0909064366  -0.0883021385
        0.0269064210  -0.0000880007   0.0005317626  -0.0001639513  -0.0000225280
        0.0001033009  -0.0000196953   0.0000504148   0.0000012123  -0.0000000102
        0.0000566810   0.0000123058  -0.0000559523  -0.0000563467   0.0000136378
        0.0000148193
        0.0001816750   0.0000315351   0.0001420384  -0.0001317878   0.0000159200
       -0.0000494102  -0.0000094867  -0.0000114630   0.0000908403   0.0000333075
        0.0000190337  -0.0000045312  -0.0003099623  -0.0000236296   0.0001033521
       -0.0000001353  -0.0000340994  -0.0000812805  -0.0000031098  -0.0001147738
       -0.0000764920   0.0001010593   0.0000740404  -0.0000775608  -0.0022982906
        0.0004836559   0.0031357108  -0.0000103725   0.0000184311  -0.0000812572
       -0.0002459913  -0.0000528715   0.0000352738   0.0000925568   0.0001657958
       -0.0000245654  -0.0002999707   0.0000359827   0.0000378660  -0.0000243165
       -0.0001590759  -0.0002383293  -0.0000832788   0.0000106635   0.0000052827
       -0.0014632317  -0.0004157519   0.0012355146  -0.0002976586  -0.0002752329
        0.0001647626  -0.0001062012  -0.0000650479  -0.0001062510   0.0002315518
        0.0001762915  -0.0002654196   0.0000172709   0.0000049050  -0.0000033482
        0.0000212949   0.0000200820   0.0000622098  -0.0000333071   0.0000174477
       -0.0000076530   0.0000637628   0.0000623851   0.0000184588   0.0000177414
       -0.0000171306  -0.0000250250   0.0000309341  -0.0000266972   0.0000122517
        0.0002666098  -0.0004802898   0.0004683118   0.0005190850  -0.0009862956
       -0.0006036104   0.0018309064  -0.0006904980  -0.0002689408   0.0000828444
        0.0000177604  -0.0000163207   0.0000960155  -0.0000519707  -0.0000059660
        0.0000844153  -0.0000361777  -0.0000333852   0.0000485472   0.0000034025
        0.0000749344   0.0000838444  -0.0000131378   0.0001294125   0.0000181841
        0.0000326109  -0.0000627833   0.0000354095  -0.0000412774   0.0000306412
        0.0000673919  -0.0001239324   0.0000739814   0.0000293784   0.0000745596
        0.0000674969   0.0000442681   0.0001094893  -0.0001217856   0.0000438886
        0.0000572097  -0.0001885499   0.0000428310   0.0000580950  -0.0000493461
        0.0000544343  -0.0000294228   0.0002133971   0.0005125946  -0.0000422616
       -0.0003045712  -0.0000109079   0.0000091477  -0.0000242918  -0.0166697818
        0.0143920189  -0.0115362929   0.0000744498  -0.0007884377  -0.0011636599
       -0.0008130977   0.0008344506   0.0003309155  -0.0162144381   0.0060563876
        0.4713496512  -0.0553114486   0.0083645550  -0.1298391276  -0.0313895984
       -0.0124237399  -0.0198111908   0.0704234484  -0.0864907934  -0.2076139539
       -0.0061075194   0.0419364098  -0.0520566238   0.0572711880   0.0293482141
       -0.0533927171  -0.0006678970   0.0008708934   0.0003807697   0.0002892010
        0.0001551977  -0.0001254103  -0.0000366326  -0.0000391392   0.0000019560
       -0.0000859992  -0.0000697406   0.0000799872  -0.0000856684   0.0000463163
        0.0000146345
       -0.0005405204   0.0004755110  -0.0003555902   0.0002961719  -0.0003013654
        0.0002288766  -0.0000907358   0.0003349672  -0.0000248018   0.0001422780
        0.0000137549   0.0001903485   0.0012512777  -0.0006280591   0.0003853326
       -0.0000385301  -0.0001861104   0.0000427272  -0.0001971848   0.0001719343
       -0.0000735420  -0.0011086705  -0.0009427437  -0.0001871147  -0.0135460088
        0.0164635977  -0.0069304232  -0.0001968265  -0.0007303966   0.0003276045
       -0.0003954818   0.0004509912  -0.0003989668  -0.0000032667  -0.0000248404
        0.0000119417  -0.0001213782  -0.0000177062  -0.0001557686  -0.0000427116
        0.0003671539   0.0002146925   0.0000704972  -0.0000560796  -0.0001188998
        0.0021853797   0.0011730869  -0.0001924335   0.0006555110   0.0005802117
       -0.0001634004  -0.0000706152  -0.0001757416   0.0001233888  -0.0006448643
       -0.0006900999   0.0001011275  -0.0000678247   0.0000142648   0.0000322842
       -0.0000559603  -0.0000270746  -0.0001113989   0.0000722265  -0.0000015837
        0.0000317954  -0.0001513208  -0.0000763947  -0.0000677841  -0.0000795956
       -0.0000193088  -0.0000536006   0.0000805060   0.0003437893  -0.0000734684
        0.0012339425   0.0005421194  -0.0011444611   0.0004621853  -0.0127120317
        0.0052272329  -0.0052393473  -0.0007704254  -0.0020534783   0.0001559163
        0.0001093942  -0.0000156316   0.0000520695  -0.0000572070   0.0005819697
        0.0001796500  -0.0000812606   0.0001293210   0.0001653836  -0.0002159305
       -0.0000841790   0.0001893600   0.0003172010   0.0003753935  -0.0003306440
       -0.0002398097  -0.0003941589   0.0001112293  -0.0000827363   0.0000225677
        0.0000008131   0.0000667437  -0.0000103085   0.0000546358  -0.0002164893
       -0.0000978814   0.0001618047   0.0002515788   0.0001305997  -0.0001313376
       -0.0001733728   0.0002630177  -0.0000992064  -0.0000727075   0.0000544693
        0.0000734738   0.0002721729  -0.0002887531  -0.0005326026  -0.0001804042
        0.0000494066   0.0000085540  -0.0000733403   0.0000337156  -0.0761114703
        0.0779586557  -0.0384677337  -0.0009396590   0.0055762163  -0.0041070109
        0.0000769891  -0.0015266353   0.0009476322  -0.1163880205   0.0159826779
       -0.0553114486   0.3809668647   0.0663345800   0.2384882741  -0.1503897346
       -0.1631681539  -0.1220331304   0.0065845817  -0.0037316103   0.0069576036
       -0.0045711755   0.0036320393  -0.0046913529  -0.0228112436  -0.0013801169
       -0.0190804987   0.0000707129  -0.0023819335   0.0015346877  -0.0007727845
       -0.0006341495   0.0001753812   0.0001208669   0.0001510217   0.0000397029
       -0.0000247702   0.0000243600   0.0000813213   0.0002706110  -0.0000322042
       -0.0000951965
        0.0017633925  -0.0016664420   0.0006485254  -0.0017564791   0.0008874083
       -0.0004720549   0.0003379235  -0.0004074492   0.0008204541   0.0000782575
        0.0006531574   0.0007708762  -0.0024828404  -0.0003098146   0.0008740105
        0.0000186995   0.0003554801  -0.0007708075  -0.0001478602   0.0000184301
       -0.0004135533   0.0003108916   0.0011221440  -0.0035348999   0.0106228115
       -0.0080414236   0.0161256256   0.0004340744   0.0025605744  -0.0006661187
       -0.0002494682  -0.0023060462   0.0003159531   0.0006152618   0.0019904308
       -0.0006539402   0.0007224168  -0.0011521184   0.0009004549  -0.0000641494
        0.0000255006  -0.0001685779   0.0006146210  -0.0002204287   0.0002959611
       -0.0000882856  -0.0010930154   0.0000703839   0.0003265815  -0.0003202970
        0.0002361804  -0.0003579484   0.0000236166  -0.0000183582  -0.0003872622
        0.0002815137  -0.0001633938   0.0003956946  -0.0002555413  -0.0004092039
       -0.0001740475   0.0000762139  -0.0001604092   0.0000528745  -0.0005055711
       -0.0003845222   0.0001420470  -0.0000727880   0.0001367781   0.0003202288
       -0.0011373664   0.0002105698   0.0000458247   0.0005428373  -0.0007321503
       -0.0016415146   0.0014378662  -0.0042806689   0.0006927720  -0.0228537886
       -0.0029210669  -0.0118843224   0.0073576315  -0.0011639346  -0.0000113023
       -0.0001687584   0.0001340149  -0.0000191299   0.0008788311  -0.0001738640
       -0.0005024856  -0.0001318439  -0.0000222842  -0.0002795031   0.0000016293
       -0.0000730664   0.0000245925  -0.0000284295  -0.0007002341   0.0001650067
        0.0000913714   0.0002004557  -0.0005430793   0.0001130223  -0.0001519879
       -0.0001698024   0.0000241050  -0.0001430785  -0.0000754374   0.0000636935
        0.0000652830  -0.0003398053  -0.0003432231   0.0002593646  -0.0002440584
        0.0000952820  -0.0000821252  -0.0002369757   0.0000196590  -0.0001383941
        0.0003454729  -0.0000197581   0.0001110952   0.0004776739   0.0000521187
        0.0001894673  -0.0000046778  -0.0000191395  -0.0001277591   0.0689290784
       -0.2926494964   0.0491063869   0.0103967749   0.0106596209  -0.0060889412
       -0.0035645900  -0.0027809678   0.0012943855   0.0068549423  -0.0661792362
        0.0083645550   0.0663345800   0.7831280602   0.1555267723  -0.1499552656
       -0.3947659401  -0.2182311792  -0.0064955646   0.0006579104  -0.0119981131
        0.0210143359  -0.0073283292   0.0235341545  -0.0090041086   0.0017754223
       -0.0076919191  -0.0010762287  -0.0085724473   0.0015322827   0.0004226630
       -0.0013939021   0.0004827635  -0.0007985475  -0.0001783585  -0.0002572300
       -0.0007846375   0.0000613487   0.0007636730   0.0008798839  -0.0000529590
       -0.0001765907
       -0.0006149027  -0.0001935021  -0.0003519727   0.0005370607  -0.0000943267
        0.0002374193   0.0002895052  -0.0001253043  -0.0000559935   0.0000404234
       -0.0001409444   0.0001717898  -0.0000863443   0.0001895708  -0.0001659537
        0.0002495335   0.0000750888   0.0003382043  -0.0001183388   0.0002009317
        0.0001443762  -0.0028964876   0.0020759597  -0.0049663532  -0.0092578087
        0.0227637865  -0.0085170463  -0.0000156401   0.0000826300   0.0002075647
        0.0002939529   0.0000102518  -0.0003152202  -0.0001868996  -0.0001246587
        0.0000243048   0.0004022342  -0.0000687773  -0.0001105675   0.0000085256
        0.0003552379   0.0004563328   0.0001156338  -0.0001158298  -0.0001978860
        0.0024403016   0.0009028993  -0.0010964974   0.0006046035   0.0005146107
       -0.0003474861   0.0002405414   0.0001493659   0.0002493321  -0.0003164035
       -0.0003934024   0.0004102874   0.0000168847  -0.0000376429  -0.0001214813
       -0.0002622761  -0.0000262881  -0.0003337484   0.0000035913  -0.0001177162
       -0.0000576754  -0.0001763893  -0.0001282890  -0.0000924246  -0.0001440932
       -0.0004511755  -0.0000091588   0.0003038873   0.0014683200  -0.0007409405
       -0.0014184318   0.0019862031  -0.0018482857   0.0079842286  -0.0157461182
       -0.0006677255  -0.0058274626   0.0009642734   0.0002167816  -0.0001181472
        0.0000186447   0.0000293097   0.0003043143   0.0000638093   0.0003193258
       -0.0001521526   0.0000888730   0.0001104457   0.0000381742  -0.0001496166
       -0.0001157999   0.0000688479  -0.0000429818   0.0002442239  -0.0003552598
       -0.0001610541  -0.0003048605  -0.0000037708  -0.0000103127  -0.0001142773
       -0.0000338130   0.0001807460  -0.0001728734   0.0000728236  -0.0002488374
       -0.0000974466   0.0000390515   0.0001827186   0.0003305871  -0.0001010608
       -0.0001148351   0.0004241758  -0.0001074368  -0.0000978313   0.0001100237
       -0.0001273864   0.0000535722  -0.0004750702  -0.0005988953  -0.0000247159
        0.0003313425   0.0000426706  -0.0000192158   0.0000439033  -0.0385858170
        0.0416829883  -0.0755649066   0.0001701258   0.0046817325  -0.0006994032
        0.0003749749  -0.0018566845  -0.0001661397  -0.0523137961   0.0169269987
       -0.1298391276   0.2384882741   0.1555267723   0.4729540418  -0.1178775876
       -0.2253967629  -0.2280602424  -0.0166168493  -0.0018106884  -0.0230627294
       -0.0053714567   0.0038100090  -0.0047551086  -0.0003552693  -0.0044056382
        0.0060411191   0.0007156542  -0.0024031464  -0.0001722480  -0.0003088075
       -0.0006501366   0.0004760850  -0.0000278077   0.0000578864  -0.0000723228
        0.0001263041   0.0002208869  -0.0001280946   0.0004046692  -0.0000783343
       -0.0000739084
       -0.0000665590  -0.0003404158   0.0001397692   0.0001270154   0.0001169857
       -0.0000652402  -0.0000050666  -0.0001428428  -0.0000519475  -0.0001166494
       -0.0000671549  -0.0001565351  -0.0002578120   0.0001735691  -0.0001431117
        0.0000521784  -0.0000612328   0.0000517908   0.0000829494  -0.0000228423
        0.0001118262   0.0005592434   0.0001218974   0.0012554354   0.0002004943
        0.0003207269   0.0002569127   0.0002136774   0.0003891943  -0.0001579393
        0.0001651374  -0.0001904548   0.0001387796   0.0000767233   0.0000519440
       -0.0000425146   0.0002298954  -0.0000737355   0.0000469897   0.0000412804
       -0.0001979026  -0.0000260986  -0.0000005266   0.0000067555   0.0000078838
       -0.0008275605  -0.0003796395   0.0000866955  -0.0003938492  -0.0002529957
        0.0000002428   0.0001692019   0.0001944265  -0.0000332031   0.0002614061
        0.0002359316  -0.0000256715   0.0000173154   0.0000523105  -0.0000011616
        0.0000462402   0.0000628443   0.0000614145   0.0000039333   0.0001059287
        0.0000055884   0.0000598106   0.0000512797  -0.0000240459  -0.0000653448
        0.0003494132  -0.0001505950  -0.0000494676  -0.0003044688   0.0002932239
       -0.0006882150   0.0001821819   0.0013168307   0.0047311651   0.0026363662
       -0.0020222486   0.0073460187  -0.0034269086   0.0003322359  -0.0001027223
       -0.0000388217  -0.0000001545  -0.0000464403   0.0001070501  -0.0001730620
       -0.0001509560   0.0000169863  -0.0000331872  -0.0000725693   0.0001040176
        0.0000600256  -0.0000128102  -0.0001784432  -0.0002024580   0.0001463017
        0.0001107363   0.0001623464  -0.0000949184   0.0000570049  -0.0000494484
       -0.0000205681  -0.0000147393  -0.0000623835  -0.0000177898   0.0001016060
        0.0000649485  -0.0001248719  -0.0001889418   0.0000532111   0.0001129559
        0.0000862261  -0.0000787705   0.0000968758   0.0000394113   0.0000009676
       -0.0001414783  -0.0002217878   0.0000970450   0.0002421163   0.0000870411
       -0.0000082701   0.0000068910   0.0000717114   0.0000055119   0.0155090217
       -0.0094038162  -0.0012594424  -0.0046699846  -0.0086122067   0.0025183121
        0.0000551594   0.0038891381  -0.0003275762  -0.0072454730  -0.0257875703
       -0.0313895984  -0.1503897346  -0.1499552656  -0.1178775876   0.1433856801
        0.1813731776   0.1533194499  -0.0042002808  -0.0004851697  -0.0049496650
        0.0011802797  -0.0008963868   0.0021594624  -0.0003948658   0.0004101865
       -0.0013323909  -0.0046479677   0.0076133781  -0.0014900864   0.0000772759
        0.0023296783  -0.0005258958   0.0002890728  -0.0000743412   0.0000168795
        0.0003784116  -0.0001023791  -0.0002080798  -0.0010592459  -0.0000286414
        0.0003045905
       -0.0008925722   0.0008910494  -0.0002646528   0.0008694857  -0.0004090799
        0.0002431899  -0.0002644531   0.0002593472  -0.0004029938   0.0000715382
       -0.0003267861  -0.0004116581   0.0012568308   0.0000862002  -0.0004288515
       -0.0000731935  -0.0003632278   0.0002866992   0.0001137692  -0.0000800160
        0.0001898588  -0.0002107595  -0.0002438970   0.0006794950  -0.0004065393
       -0.0012750432  -0.0037229477  -0.0002147879  -0.0013069049   0.0002945954
        0.0001887090   0.0012360240  -0.0001253544  -0.0003246352  -0.0011103994
        0.0003538419  -0.0004719816   0.0006554952  -0.0005049793   0.0000322532
       -0.0001403561   0.0000471636  -0.0004920358   0.0001747109  -0.0001740286
       -0.0006511353   0.0003027035   0.0002513763  -0.0003702328   0.0000269121
       -0.0000569133   0.0001612680  -0.0000350439  -0.0000537055   0.0002891897
       -0.0000471219  -0.0000136550  -0.0002005201   0.0001540173   0.0002135869
        0.0001037215   0.0000125076   0.0001035251  -0.0000034801   0.0003879574
        0.0002855044  -0.0000378507   0.0000748985  -0.0000565295  -0.0002790559
        0.0005696540   0.0000586854  -0.0000404001   0.0000605924   0.0003569462
       -0.0006064933  -0.0003983884   0.0010403230   0.0048173766  -0.0089420783
        0.0032139007   0.0050878831  -0.0042489332   0.0009518786   0.0000119211
        0.0000872668  -0.0000848214  -0.0000818417  -0.0004135172   0.0000684429
        0.0002592728   0.0000662270  -0.0000164008   0.0001300188   0.0000568826
        0.0000917898   0.0000034447  -0.0001219649   0.0004007427  -0.0000973301
        0.0000047053  -0.0000151544   0.0003281663  -0.0000860219   0.0000495731
        0.0000851269  -0.0000150858   0.0000876217   0.0000475123   0.0000304743
       -0.0000116799   0.0002555474   0.0001876862  -0.0002054282   0.0001698863
       -0.0000235532  -0.0000495319   0.0001654349   0.0000198299   0.0000565148
       -0.0001779454  -0.0000123835   0.0000514672  -0.0001007105  -0.0000452996
       -0.0001828959  -0.0000036758   0.0000211390   0.0000608665  -0.0146564475
       -0.0947479089  -0.0371589829  -0.0066519570  -0.0051010607   0.0025279300
        0.0016155633   0.0013165280  -0.0003967378  -0.0098448425  -0.0044539750
       -0.0124237399  -0.1631681539  -0.3947659401  -0.2253967629   0.1813731776
        0.5050451601   0.2724229985  -0.0010059698   0.0006316521   0.0002186349
        0.0001048229   0.0013286442  -0.0000441857   0.0008935687   0.0004589111
       -0.0009384640   0.0024586753   0.0042153389  -0.0011961299  -0.0000545311
        0.0002558634  -0.0000672114   0.0003987535   0.0000885206   0.0001508924
        0.0003882747  -0.0000421901  -0.0003961688  -0.0002976606   0.0000492780
        0.0000425204
        0.0000448536   0.0004430705   0.0001113532  -0.0000138689  -0.0001140911
       -0.0000059659  -0.0002889440   0.0001629946  -0.0001213535  -0.0000418318
       -0.0001232461  -0.0003689553   0.0004170773  -0.0001730834  -0.0001174714
       -0.0001468507  -0.0002636736  -0.0000170731   0.0001526869  -0.0001296729
       -0.0000077755   0.0001407164  -0.0000789966   0.0019070855   0.0017700666
        0.0011028620  -0.0010219513  -0.0000963623  -0.0005299375  -0.0000024694
       -0.0001703735   0.0003894737   0.0001156781  -0.0000197807  -0.0002219813
        0.0001139383  -0.0004351483   0.0002080876  -0.0000715886   0.0000213985
       -0.0001719063  -0.0002933469  -0.0000402126   0.0000424586   0.0000751350
       -0.0011457393  -0.0002023658   0.0006651097  -0.0003618350  -0.0002071583
        0.0001625969  -0.0000925796  -0.0001145041  -0.0001527477   0.0002267327
        0.0001371142  -0.0002268580  -0.0001155092   0.0000749004   0.0001761239
        0.0001982175   0.0000064560   0.0003094221  -0.0000221868   0.0002404732
        0.0001908892   0.0000693778   0.0000979490   0.0000273246  -0.0000096187
        0.0007321521  -0.0000920842  -0.0000174550  -0.0003220967   0.0003255647
        0.0008802593  -0.0005285912   0.0017012188  -0.0018779222   0.0006771201
        0.0045446558   0.0026200285  -0.0005211494  -0.0021454432   0.0000891456
        0.0000312296  -0.0000470244  -0.0001994758  -0.0002409161  -0.0001320310
        0.0001988107  -0.0000399265  -0.0000579133   0.0000441952   0.0000852551
        0.0000735858   0.0000053316   0.0000950166  -0.0001065896   0.0001167692
        0.0000952529   0.0001230565   0.0000682511  -0.0000476127   0.0001069124
        0.0000242244  -0.0001179019   0.0001441085  -0.0000348102   0.0001396864
        0.0000468138   0.0000621587  -0.0000654784  -0.0002417752   0.0000956472
        0.0000380312  -0.0002287540   0.0001010302   0.0000636526  -0.0000394840
        0.0000302776  -0.0000031234   0.0002596364   0.0002433831  -0.0000142317
       -0.0002459711  -0.0000298583   0.0000103280  -0.0000079949  -0.0012561474
       -0.0229229573   0.0062536612  -0.0014350612  -0.0030993252   0.0011105935
        0.0005507904   0.0007441411  -0.0001590489  -0.0291283522  -0.0308089226
       -0.0198111908  -0.1220331304  -0.2182311792  -0.2280602424   0.1533194499
        0.2724229985   0.2399414955  -0.0026790019   0.0001187993  -0.0025195059
        0.0025340902  -0.0008714401   0.0018484494  -0.0024057989  -0.0001841938
       -0.0048127896   0.0003182202   0.0017960164   0.0010514920  -0.0000517136
        0.0004821450  -0.0004614999   0.0001137563   0.0000384581   0.0000825260
        0.0000067199  -0.0000950958   0.0000478000  -0.0003140978  -0.0000313638
        0.0000606716
       -0.0000289138  -0.0000874921  -0.0000132621   0.0000174753   0.0000302754
       -0.0000064370  -0.0000002419  -0.0000239143  -0.0000133158  -0.0000368362
       -0.0000004301  -0.0000024520   0.0000300345  -0.0000153942   0.0000138805
       -0.0000216937   0.0000314253   0.0000171269   0.0000059009   0.0000470161
        0.0000249031   0.0000513425  -0.0000043605   0.0000835319  -0.0003608879
       -0.0000849100   0.0000027717   0.0000354696   0.0001257808  -0.0000214837
        0.0000636401  -0.0000506710   0.0000986020   0.0000435871   0.0000339070
       -0.0000382276   0.0000584795  -0.0000385398   0.0000292049  -0.0000159607
        0.0000154137   0.0000090670   0.0000349744   0.0000176978   0.0000240979
        0.0002115625  -0.0000665890  -0.0005658701   0.0000856667   0.0000480762
       -0.0000592060   0.0000281361   0.0000317745   0.0000237214  -0.0001849148
       -0.0000785045   0.0001548889  -0.0000019767  -0.0000054702  -0.0000165676
        0.0000023470  -0.0000060778  -0.0000069920   0.0000367480  -0.0000347239
       -0.0000099406  -0.0000259418  -0.0000126182   0.0000093784   0.0000156953
       -0.0000055855  -0.0000048458  -0.0000135148  -0.0000392833   0.0000188248
       -0.0000354992  -0.0000424730  -0.0000144348   0.0005574584  -0.0001554478
       -0.0000036788   0.0001489174  -0.0000693047  -0.0001047693  -0.0000210204
       -0.0000170944   0.0000049407  -0.0000616600   0.0000380541  -0.0001037074
       -0.0000297122   0.0000055681  -0.0000073775  -0.0000309657   0.0000120848
       -0.0000244808  -0.0000832579  -0.0000371904  -0.0000915082   0.0000459871
       -0.0000134887   0.0001309243  -0.0000127694   0.0000187394   0.0000063055
       -0.0000070168   0.0000197609  -0.0000047328  -0.0000080351  -0.0000098663
       -0.0000109002  -0.0000499461  -0.0000405632  -0.0000001245  -0.0000165293
        0.0000020471   0.0000535623  -0.0000313035  -0.0000410235   0.0000166315
       -0.0000086974  -0.0000074490  -0.0000677139  -0.0000818788   0.0000483977
        0.0002123581   0.0000036614   0.0000052319   0.0000079489  -0.0004490408
       -0.0008701055  -0.0000515281  -0.0000350506  -0.0000043294  -0.0001571596
       -0.0000271308   0.0000106792   0.0000671694  -0.0668235981   0.0393002884
        0.0704234484   0.0065845817  -0.0064955646  -0.0166168493  -0.0042002808
       -0.0010059698  -0.0026790019   0.0787571455  -0.0452749862  -0.0810165739
       -0.0016835787   0.0034719741   0.0049219283  -0.0123473321   0.0112668079
        0.0252055518  -0.0000281275   0.0000671129   0.0001590096  -0.0000247382
        0.0000033131  -0.0000366100   0.0000061903   0.0000079047   0.0000234380
       -0.0000276905  -0.0000243607   0.0000099967  -0.0000092591   0.0000044506
       -0.0000034613
        0.0000105292   0.0000860669  -0.0000331570   0.0000051812  -0.0000083030
        0.0000068589   0.0000123016   0.0000050800  -0.0000142222  -0.0000020858
       -0.0000128393  -0.0000185343   0.0000539628   0.0000063591  -0.0000206831
        0.0000019524   0.0000508904   0.0000350100  -0.0000047210   0.0000103349
       -0.0000201371  -0.0000367982  -0.0000147538   0.0000462890  -0.0000237017
        0.0000138999   0.0001803058  -0.0000239690  -0.0000980939   0.0000249808
       -0.0000099601   0.0000610014  -0.0000076431  -0.0000382798  -0.0000326859
        0.0000252166  -0.0000468106   0.0000163643  -0.0000291975   0.0000090805
        0.0000382084   0.0000067357  -0.0000056360  -0.0000394484  -0.0000257032
        0.0001165048   0.0000975604   0.0001196678   0.0000561669   0.0000270819
        0.0000128453  -0.0000324989  -0.0000375736  -0.0000015100  -0.0001291301
       -0.0000938495  -0.0000340168  -0.0000040614  -0.0000098283  -0.0000031999
       -0.0000078237  -0.0000127001  -0.0000122869   0.0000007825  -0.0000249984
        0.0000182223  -0.0000146798  -0.0000003098   0.0000120316   0.0000081645
        0.0000073507   0.0000097957  -0.0000045593  -0.0000036612  -0.0000165305
        0.0000269936  -0.0000337756   0.0000443376   0.0002784112  -0.0001664511
        0.0006464144   0.0000058964  -0.0000373457  -0.0000927138   0.0000194342
        0.0000011274   0.0000020837   0.0000390988  -0.0000547153   0.0000005590
        0.0000307586   0.0000049624   0.0000007836   0.0000295404  -0.0000086783
        0.0000119165   0.0000296891  -0.0000026291   0.0001489317  -0.0001186861
       -0.0000997175  -0.0001152805   0.0000097826  -0.0000399343  -0.0000175437
        0.0000293273  -0.0000101488  -0.0000134387   0.0000366984   0.0000043048
        0.0000115176   0.0000736432   0.0001465951  -0.0000027744  -0.0000183787
       -0.0000091173   0.0000085508  -0.0000172396  -0.0000048560  -0.0000065758
        0.0000262248   0.0000326253  -0.0000066529   0.0000108293  -0.0000398564
       -0.0000517857  -0.0000043062  -0.0000093833   0.0000006122   0.0013509387
       -0.0007247871   0.0009280405   0.0000326440   0.0002393596  -0.0000825376
        0.0000452089  -0.0001263794  -0.0000016433   0.0402367611  -0.0892028501
       -0.0864907934  -0.0037316103   0.0006579104  -0.0018106884  -0.0004851697
        0.0006316521   0.0001187993  -0.0452749862   0.1002766453   0.1026135085
        0.0126674321  -0.0175931511  -0.0264333476  -0.0051556070   0.0062599263
        0.0102206984  -0.0000269242  -0.0001060615   0.0001290198  -0.0000158336
       -0.0000044687  -0.0000475388  -0.0000037339  -0.0000033799   0.0000064669
       -0.0000235536  -0.0000085611   0.0000154914   0.0000068056  -0.0000000139
        0.0000044448
       -0.0000078600   0.0000981446   0.0000132106   0.0000320596  -0.0000360027
        0.0000170838  -0.0000278119   0.0000308512   0.0000001595   0.0000214642
       -0.0000077184  -0.0000197045  -0.0000126599   0.0000029432  -0.0000164557
        0.0000161443  -0.0000661971  -0.0000616475   0.0000270567  -0.0000417491
       -0.0000072406   0.0000796172  -0.0000982302   0.0001153685  -0.0004212631
       -0.0000341873   0.0003889089  -0.0000254750  -0.0001053300   0.0000085860
       -0.0000683714   0.0000728703  -0.0000360057  -0.0000113846  -0.0000282290
        0.0000145139  -0.0000766266   0.0000184142  -0.0000141532  -0.0000037522
        0.0000290926   0.0000128528  -0.0000253807   0.0000141350   0.0000114211
       -0.0001376987   0.0001464091   0.0003179484  -0.0000492157   0.0000027774
        0.0000328360  -0.0000367277  -0.0000507422  -0.0000222497   0.0000159311
       -0.0000696631  -0.0000968554  -0.0000181327   0.0000117059   0.0000298219
        0.0000042981   0.0000052291   0.0000370499  -0.0000262338   0.0000701543
        0.0000413625   0.0000213073   0.0000090606   0.0000099817  -0.0000195406
        0.0000588194   0.0000195312   0.0000043128  -0.0000686931   0.0000628799
        0.0001197348  -0.0000647574   0.0001765896   0.0000060421   0.0009973742
       -0.0008407375   0.0003628924  -0.0002033550  -0.0001627102   0.0000212413
        0.0000139095  -0.0000013285   0.0000154260  -0.0000484948   0.0000440778
        0.0000246114  -0.0000067081   0.0000064092   0.0000131104   0.0000099452
        0.0000199684   0.0000502661   0.0000439797   0.0000234473   0.0000645661
       -0.0000583281  -0.0000936994  -0.0000089434   0.0000154396   0.0000222894
        0.0000110019  -0.0000168932   0.0000265716  -0.0000249303   0.0000252056
        0.0000056847   0.0000317194  -0.0000271561  -0.0000540104   0.0000134403
       -0.0000098599  -0.0000324408   0.0000247697   0.0000165435  -0.0000033484
        0.0000164928   0.0000292633   0.0000429452   0.0000082327  -0.0000189146
       -0.0001242165  -0.0000084540  -0.0000104123  -0.0000032817  -0.0010942712
        0.0002541363   0.0012083246   0.0001622706  -0.0002125043  -0.0003084312
       -0.0001458215   0.0002375684   0.0001263933   0.0734158188  -0.0878182276
       -0.2076139539   0.0069576036  -0.0119981131  -0.0230627294  -0.0049496650
        0.0002186349  -0.0025195059  -0.0810165739   0.1026135085   0.2376896557
       -0.0006466751   0.0001674958   0.0034507577   0.0074502700  -0.0042726932
       -0.0091456988  -0.0001061493   0.0001661065   0.0003242180   0.0000116290
        0.0000087270  -0.0000952135   0.0000082204  -0.0000000836   0.0000091896
       -0.0000261576  -0.0000364979   0.0000306846  -0.0000157749   0.0000212968
       -0.0000051052
        0.0000112141   0.0000926649  -0.0000134926   0.0000592900  -0.0000304295
       -0.0000118069  -0.0000007906   0.0000090855  -0.0000119151   0.0000036117
        0.0000034500  -0.0000100861  -0.0000826464  -0.0000199035   0.0000023640
       -0.0000186984   0.0000156238   0.0000043953   0.0000081649  -0.0000126475
       -0.0000074759  -0.0001482338   0.0001195572  -0.0002396624  -0.0004246815
        0.0010319772  -0.0003955434  -0.0000259728  -0.0000924362   0.0000093061
        0.0000601979   0.0000709158  -0.0000137313  -0.0001301882  -0.0001165404
        0.0000524555  -0.0000400459  -0.0000356887   0.0000147213  -0.0000755478
        0.0004992925   0.0003566875   0.0000248001   0.0001092306  -0.0000228622
       -0.0000525780   0.0000352887   0.0000326847   0.0000022085   0.0000377589
       -0.0000041774  -0.0000248882  -0.0000399205  -0.0000132705  -0.0000481698
       -0.0000156969  -0.0000237218   0.0000039996  -0.0000032073   0.0000046473
       -0.0000080673   0.0000057824   0.0000144681  -0.0000310295   0.0000049221
        0.0000162698   0.0000255815   0.0000089300   0.0000191029  -0.0000012072
       -0.0000347544   0.0000092137   0.0000274416   0.0000569685  -0.0000321863
        0.0000469460   0.0000152596   0.0001040718  -0.0001432138  -0.0001221578
       -0.0001919945  -0.0000853601   0.0001558074  -0.0000885557   0.0000070955
        0.0000019422   0.0000004453   0.0000415251  -0.0000699738  -0.0000246603
        0.0000011617   0.0000179608  -0.0000131424   0.0000360311  -0.0000178390
       -0.0000894527   0.0001490381   0.0000105338   0.0001287268  -0.0007435194
       -0.0001038055  -0.0001092219   0.0000126582  -0.0002153205  -0.0001314678
       -0.0000143402   0.0000849582  -0.0001045621  -0.0000037524  -0.0000867991
       -0.0000349120   0.0003197557   0.0000627842   0.0000244312   0.0000069962
       -0.0000102347   0.0000017344   0.0000099057   0.0000046948   0.0000061313
        0.0000195980   0.0000303802   0.0000026001  -0.0002457726  -0.0000475803
       -0.0000641694  -0.0000087666  -0.0000069698   0.0000032993  -0.0026402045
        0.0010589662  -0.0042975572   0.0002069928   0.0002161690  -0.0001388736
       -0.0000177831  -0.0001295144   0.0000397883  -0.0485978970   0.0348966569
       -0.0061075194  -0.0045711755   0.0210143359  -0.0053714567   0.0011802797
        0.0001048229   0.0025340902  -0.0016835787   0.0126674321  -0.0006466751
        0.0542001764  -0.0444465298   0.0093849923   0.0034466678  -0.0266337048
        0.0053620300  -0.0000085586  -0.0001261348   0.0000802676  -0.0000121627
       -0.0000181795  -0.0000222155  -0.0000155203  -0.0000029727  -0.0000055734
       -0.0000298367   0.0000050407   0.0000315687   0.0000228498  -0.0000102515
        0.0000014481
       -0.0000720547   0.0000788895  -0.0000154545   0.0001069634  -0.0000711416
        0.0000210017  -0.0000113812   0.0000270952  -0.0000234686   0.0000082491
       -0.0000166034  -0.0000178938   0.0000202932   0.0000238035  -0.0000373726
        0.0000093767  -0.0000463561  -0.0000271306   0.0000058314  -0.0000267525
        0.0000036524   0.0000210140  -0.0000167780   0.0000260005  -0.0000001135
        0.0000448920  -0.0003263767   0.0000004531  -0.0001238115   0.0000252279
       -0.0000147666   0.0000889287  -0.0000622412  -0.0000778299  -0.0000280025
        0.0000567482  -0.0000615861  -0.0000075220  -0.0000639278   0.0002630698
        0.0000625795   0.0000250984   0.0003296024  -0.0000894508   0.0000211521
       -0.0000209883   0.0000640426  -0.0000622192  -0.0000250400   0.0000414199
       -0.0000191050   0.0000178903  -0.0000109672  -0.0000086498   0.0001546332
        0.0000803636   0.0000353948  -0.0000127463   0.0000154449   0.0000201702
        0.0000006103   0.0000054905   0.0000144256  -0.0000266929   0.0000641978
        0.0000337873   0.0000296631   0.0000163278   0.0000104601  -0.0000272615
        0.0000498829  -0.0000052674  -0.0000019173   0.0000007083   0.0000207167
        0.0000228617  -0.0000010942   0.0000470438  -0.0000175255   0.0004384423
        0.0000193273   0.0001083105  -0.0000659841   0.0000497077   0.0000212174
        0.0000309930  -0.0000116714  -0.0000237285  -0.0001471100   0.0001043832
        0.0000293877  -0.0000058641   0.0000046023   0.0000734375  -0.0000743840
       -0.0000426345   0.0000282002   0.0001568668   0.0000782161  -0.0001395502
        0.0002438202  -0.0000870731   0.0000387066  -0.0001281341  -0.0000022397
        0.0000312691  -0.0000471806   0.0001240485  -0.0001854772  -0.0000426937
       -0.0000256085  -0.0001420849  -0.0002127352  -0.0002376800   0.0000257953
       -0.0000091601  -0.0000005074   0.0000271151   0.0000077935   0.0000156786
       -0.0000151377   0.0000119596  -0.0000043135  -0.0002915642   0.0000280696
       -0.0000410760  -0.0000021695  -0.0000006051   0.0000092614   0.0010423522
        0.0000039373   0.0014473812  -0.0001192482  -0.0002436212   0.0001465486
        0.0000375168   0.0001034188  -0.0000088224   0.0372638502  -0.2780979040
        0.0419364098   0.0036320393  -0.0073283292   0.0038100090  -0.0008963868
        0.0013286442  -0.0008714401   0.0034719741  -0.0175931511   0.0001674958
       -0.0444465298   0.3184488893  -0.0497368199  -0.0002113047  -0.0171744422
        0.0035482557   0.0000263240   0.0001057891  -0.0000929509  -0.0000263584
        0.0000189967   0.0000241093   0.0000184490   0.0000167467   0.0000115839
        0.0000249590   0.0000046866  -0.0000250871  -0.0000219723  -0.0000033420
       -0.0000008662
        0.0000386514  -0.0001948349   0.0000513485  -0.0000733621   0.0000641344
       -0.0000239055   0.0000001867  -0.0000298833   0.0000362682  -0.0000135251
        0.0000221684   0.0000184570  -0.0000963038  -0.0000392745   0.0000460676
        0.0000015835  -0.0000146687  -0.0000213903   0.0000039907   0.0000153237
        0.0000047417  -0.0000658165   0.0000766511  -0.0001800572  -0.0008886423
        0.0010217277   0.0000506380   0.0000562879   0.0002450293  -0.0000602986
       -0.0000241183  -0.0001970744   0.0000755638   0.0001028506   0.0001960037
       -0.0000949678   0.0002020108  -0.0001389029   0.0000791599   0.0000982657
       -0.0000508500   0.0000005187   0.0001883024  -0.0000277587   0.0000814254
        0.0000650383  -0.0000073050  -0.0001736174   0.0000054543  -0.0000056710
       -0.0000207419   0.0000227096   0.0000448908   0.0000134946  -0.0000399788
       -0.0000199352   0.0000327512   0.0000120063  -0.0000024575  -0.0000120849
        0.0000078533   0.0000134069   0.0000151336   0.0000104681  -0.0000169871
       -0.0000314190   0.0000035877  -0.0000111854  -0.0000053359   0.0000089500
       -0.0000412321  -0.0000053895   0.0000224752   0.0000318684  -0.0000171424
        0.0001039172   0.0000181563   0.0001737830  -0.0001144542  -0.0001478493
       -0.0003284881  -0.0000886886   0.0001321057  -0.0000076511  -0.0000335105
       -0.0000253201   0.0000124115  -0.0000304965   0.0001522588  -0.0000720359
       -0.0000988518  -0.0000312558   0.0000051339  -0.0001221243   0.0000600778
       -0.0000257653  -0.0000315913  -0.0000402025  -0.0004130162   0.0001890266
       -0.0000082950   0.0003224773  -0.0001227115   0.0000767200  -0.0000071816
       -0.0001513073   0.0001344486  -0.0001063855  -0.0000543598   0.0000363844
       -0.0000451032  -0.0001350448  -0.0003363657   0.0001621128  -0.0000044342
        0.0000071774   0.0000217212  -0.0000022808  -0.0000054460   0.0000005594
       -0.0000108510  -0.0000316378  -0.0000171725   0.0000176910   0.0000083868
        0.0001056405   0.0000021938   0.0000084274  -0.0000009735  -0.0040908981
        0.0014131033  -0.0038149770   0.0001545482   0.0000691001  -0.0002907088
       -0.0001051843   0.0000197805   0.0000797337  -0.0065109083   0.0408639390
       -0.0520566238  -0.0046913529   0.0235341545  -0.0047551086   0.0021594624
       -0.0000441857   0.0018484494   0.0049219283  -0.0264333476   0.0034507577
        0.0093849923  -0.0497368199   0.0567170482  -0.0001869175   0.0094678967
       -0.0008703720   0.0000011293  -0.0000726374   0.0000330190   0.0000073048
       -0.0000138823   0.0000169450  -0.0000100128  -0.0000054154  -0.0000111119
       -0.0000118929  -0.0000048191   0.0000204354   0.0000167538   0.0000021789
       -0.0000067708
       -0.0001019327  -0.0000110401  -0.0001262393   0.0002228718  -0.0000777665
        0.0000886697   0.0000005356  -0.0000048026  -0.0000757861  -0.0000500766
       -0.0000348839  -0.0000466536  -0.0000491760   0.0000323039  -0.0000913014
       -0.0000016867  -0.0000319092  -0.0000104609   0.0001365885   0.0000681346
        0.0001224201  -0.0000476406  -0.0000153746  -0.0000212254   0.0003525313
        0.0001851070  -0.0004485326  -0.0000900112  -0.0000533238   0.0001154901
        0.0000419478   0.0000120245   0.0000365974  -0.0000561977   0.0000291397
        0.0000190661   0.0001345332   0.0000565326   0.0000421132  -0.0000309592
        0.0000743185   0.0000565191   0.0000121214  -0.0000225764   0.0000009884
       -0.0018149518   0.0004822321   0.0001106707   0.0004711017   0.0004894563
       -0.0000434164   0.0000570098  -0.0000035397   0.0001123591   0.0001170711
       -0.0012027492   0.0001375400  -0.0000115751   0.0000030716   0.0000146912
       -0.0000289150   0.0000015885   0.0000096737  -0.0000421153   0.0000757979
        0.0000507271  -0.0000059759  -0.0000830496  -0.0000294788  -0.0000302746
        0.0000209921   0.0000128386   0.0000217768  -0.0000132849   0.0000462976
       -0.0000120474   0.0000472643   0.0000981611  -0.0006515229   0.0008302339
       -0.0000387462  -0.0002632173   0.0000823831   0.0000270761  -0.0000849074
        0.0000094935  -0.0000083176   0.0002426611   0.0000199577  -0.0000163002
       -0.0000728721   0.0000199603   0.0000142764  -0.0000613031  -0.0000007085
       -0.0000134293  -0.0000125487  -0.0000877946  -0.0001182574   0.0001974754
        0.0001152504  -0.0000746649  -0.0000689491   0.0000636655  -0.0000029356
       -0.0000093012  -0.0000098281   0.0000020181  -0.0000421175   0.0000022009
        0.0000120266  -0.0000808329  -0.0001021818  -0.0000123331  -0.0000617782
       -0.0000996600   0.0001711904  -0.0000068606  -0.0000000542   0.0000081352
       -0.0000192036   0.0001029296  -0.0002000122  -0.0002433143   0.0005474243
       -0.0003108220  -0.0000023171  -0.0000361936   0.0000283541   0.0012593590
       -0.0008290510  -0.0005090647  -0.0001007181   0.0000491471   0.0002455703
        0.0002107176  -0.0001247229  -0.0000711830  -0.2212253756  -0.0909064366
        0.0572711880  -0.0228112436  -0.0090041086  -0.0003552693  -0.0003948658
        0.0008935687  -0.0024057989  -0.0123473321  -0.0051556070   0.0074502700
        0.0034466678  -0.0002113047  -0.0001869175   0.2538489056   0.1039107403
       -0.0609863525   0.0001780898  -0.0001161000  -0.0000871943  -0.0000838655
       -0.0000102301   0.0000180099   0.0000215473   0.0000132354   0.0000041384
        0.0000333149   0.0000124623  -0.0000297164   0.0000111548  -0.0000023344
       -0.0000066671
        0.0000577667  -0.0002383158  -0.0000256994  -0.0002188672   0.0001580209
        0.0000365190   0.0000217029  -0.0000408719   0.0000293340  -0.0000376268
        0.0000097659   0.0000261443   0.0001523668   0.0000014079   0.0000106499
        0.0000705571   0.0000184918  -0.0000006752   0.0000079101   0.0001253936
        0.0000407349   0.0000268565  -0.0000413677   0.0000984045   0.0000665803
       -0.0001859664   0.0001406577   0.0000297735   0.0003200702  -0.0000259739
        0.0001062302  -0.0001618219   0.0001410417   0.0001379454  -0.0000029056
       -0.0000708977   0.0001436728  -0.0000069558   0.0000312884  -0.0000565937
       -0.0002491642  -0.0002006144  -0.0000262327  -0.0000175489   0.0000440630
       -0.0005535307  -0.0009224433  -0.0004027440   0.0002452691   0.0000624330
       -0.0000279636   0.0000324009   0.0000753869   0.0000746650  -0.0004355258
       -0.0004644264   0.0000699341   0.0000021003  -0.0000262376  -0.0000503897
       -0.0000064219  -0.0000189848  -0.0000444301   0.0000746284  -0.0000645653
       -0.0000569322  -0.0001057144  -0.0000827787  -0.0000491943   0.0000121940
        0.0000053493  -0.0000057716  -0.0000302833  -0.0000245160  -0.0000003780
       -0.0000521788   0.0000104317  -0.0000618204   0.0005999316  -0.0001057475
        0.0002017030  -0.0000826231  -0.0000223851   0.0000226162  -0.0000630436
       -0.0000585838   0.0000142029  -0.0000561646   0.0002641411  -0.0002327598
       -0.0000676891   0.0000138832  -0.0000090172  -0.0000902899   0.0000845742
        0.0000577088  -0.0001860454  -0.0001513753  -0.0001794651   0.0003620079
       -0.0002478347   0.0002801935  -0.0000677278   0.0001806716   0.0000687138
       -0.0000232051   0.0000239493  -0.0000213106   0.0000537646   0.0000830628
        0.0000099314  -0.0001055539   0.0000104047   0.0000713483  -0.0000856107
       -0.0000163330   0.0001002623  -0.0000753699  -0.0000411194  -0.0000234553
       -0.0000015414  -0.0000184269  -0.0001054260   0.0010467573   0.0001129652
        0.0004202231   0.0000141131  -0.0000006589  -0.0000002908   0.0010206752
       -0.0011465519   0.0012580309  -0.0001395737   0.0000636928   0.0000738785
        0.0000934663  -0.0000701845  -0.0000351159  -0.0894498151  -0.0883021385
        0.0293482141  -0.0013801169   0.0017754223  -0.0044056382   0.0004101865
        0.0004589111  -0.0001841938   0.0112668079   0.0062599263  -0.0042726932
       -0.0266337048  -0.0171744422   0.0094678967   0.1039107403   0.0998117692
       -0.0316347959   0.0000628811  -0.0000307299   0.0000007237  -0.0000128112
        0.0000011396  -0.0000001561   0.0000042657   0.0000012691   0.0000014224
        0.0000121928   0.0000007148  -0.0000122159  -0.0000018842   0.0000021337
       -0.0000004877
       -0.0001138046  -0.0002581937   0.0000285847   0.0001710911   0.0000385678
       -0.0000788039   0.0000135904  -0.0001060932  -0.0000660415  -0.0000680519
       -0.0000635807  -0.0000824277  -0.0001751206  -0.0000016889  -0.0000091580
       -0.0000710336   0.0001001350   0.0001265499   0.0000972296   0.0000630621
        0.0001114358  -0.0000673096   0.0000697469  -0.0001032580   0.0003047056
        0.0001969806  -0.0005190127   0.0001259310   0.0003834905  -0.0000938525
        0.0004023806  -0.0000882345   0.0002117082  -0.0000532313  -0.0000483743
       -0.0000060223   0.0000245546  -0.0000727164   0.0000094453   0.0000309191
        0.0000561312   0.0001510887   0.0000077177  -0.0000032579  -0.0000197708
        0.0008841495  -0.0001443634  -0.0018113188   0.0001496133   0.0001218766
       -0.0001437838   0.0001094570   0.0000997091   0.0000456980  -0.0001268817
       -0.0000076417   0.0003802599   0.0000077606  -0.0000029525  -0.0000123217
        0.0000113591   0.0000028685   0.0000165389   0.0000337946  -0.0000508636
       -0.0000087908  -0.0000104466  -0.0000213334   0.0000344974   0.0000220761
       -0.0000323983  -0.0000000424   0.0000292545   0.0000201135  -0.0000070215
       -0.0000496885  -0.0000046355   0.0000305029  -0.0000948285  -0.0001676892
        0.0004644367  -0.0001316135   0.0000978659  -0.0000048896  -0.0001012723
       -0.0000522646   0.0000145921  -0.0000800952  -0.0001146803  -0.0004820384
       -0.0001086928   0.0000882360  -0.0000414108  -0.0000283096   0.0000467260
       -0.0000290153  -0.0000999649  -0.0001080322  -0.0000500687  -0.0000617645
        0.0000667525   0.0001269266  -0.0000193900  -0.0000189568  -0.0000451169
        0.0000152821   0.0000434997  -0.0000427691  -0.0000103682  -0.0000240842
       -0.0000074424  -0.0000072974  -0.0000141121  -0.0000031776  -0.0000050620
        0.0000082134   0.0001147211  -0.0000306313  -0.0000577129   0.0000348114
       -0.0000701256  -0.0000492745  -0.0001249028  -0.0006585723   0.0002453212
        0.0003966020   0.0000135849   0.0000138629   0.0000109927   0.0000172955
       -0.0005653823  -0.0005679085   0.0000873703   0.0000303500   0.0000675599
        0.0000379390  -0.0000407824  -0.0000323159   0.0504379813   0.0269064210
       -0.0533927171  -0.0190804987  -0.0076919191   0.0060411191  -0.0013323909
       -0.0009384640  -0.0048127896   0.0252055518   0.0102206984  -0.0091456988
        0.0053620300   0.0035482557  -0.0008703720  -0.0609863525  -0.0316347959
        0.0642475681   0.0000758125  -0.0000931300  -0.0000758601  -0.0000566952
       -0.0000001519   0.0000289645   0.0000092298   0.0000037446   0.0000087905
        0.0000005859   0.0000042444  -0.0000131515   0.0000112464   0.0000008863
       -0.0000001232
       -0.0005121197  -0.0000827544  -0.0000764162   0.0003794013  -0.0001576845
        0.0000251733   0.0001060538   0.0001093450  -0.0002221337  -0.0003325775
       -0.0001105987  -0.0000252741   0.0002727872  -0.0014880217   0.0005724964
       -0.0002006718   0.0000760271   0.0001353870  -0.0000849532   0.0001801513
        0.0000429819  -0.0064489193  -0.0007738439   0.0019138417  -0.0285580115
       -0.0307134755   0.0125115234   0.0001107185  -0.0001088079   0.0000344192
        0.0000822056   0.0002091218   0.0000299536   0.0000076643  -0.0002079073
        0.0000599809   0.0000403634   0.0000678066  -0.0000996922   0.0000590647
       -0.0000410922   0.0000455199  -0.0000038164   0.0000025704  -0.0000260741
       -0.0002022337  -0.0000434418  -0.0001305628  -0.0001931268  -0.0000455916
       -0.0000925842   0.0002211834   0.0001582067   0.0000399051   0.0001173350
        0.0000427284   0.0000739199  -0.0000626188   0.0000518071   0.0000455618
        0.0000117148  -0.0000770029  -0.0000066531   0.0000327762   0.0000167381
        0.0000706340  -0.0000510373   0.0000157999  -0.0000382840   0.0000519250
        0.0003427036  -0.0000490422  -0.0000168638   0.0001427238  -0.0000506993
       -0.0009780852  -0.0017665469  -0.0001139885  -0.0001086674   0.0002624289
        0.0002003281  -0.1913843347   0.1634790164   0.0242784765  -0.0000674191
        0.0000196246  -0.0000202570  -0.0000212745  -0.0000378064  -0.0000174207
       -0.0000429057   0.0000309195   0.0000084784  -0.0000009465   0.0000543820
        0.0000365900  -0.0000214483  -0.0000481734  -0.0000321928   0.0000283207
        0.0000202703   0.0000370593  -0.0000282754   0.0000146552  -0.0000069736
        0.0000077268   0.0000108418  -0.0000324498  -0.0000100775   0.0000372455
        0.0000252136  -0.0000219770  -0.0000481917   0.0000008695   0.0000857055
        0.0000261996   0.0000462773   0.0000641895   0.0000002736   0.0000376667
       -0.0001695468  -0.0001332887  -0.0000542349   0.0000233063   0.0000327645
        0.0000335806   0.0000191621   0.0000424971   0.0000211177  -0.0004079168
        0.0000957347   0.0007319859  -0.1054660786  -0.0825819119   0.0292576201
        0.0075282952   0.0364664387  -0.0024857160   0.0000013355  -0.0000880007
       -0.0006678970   0.0000707129  -0.0010762287   0.0007156542  -0.0046479677
        0.0024586753   0.0003182202  -0.0000281275  -0.0000269242  -0.0001061493
       -0.0000085586   0.0000263240   0.0000011293   0.0001780898   0.0000628811
        0.0000758125   0.6080533471  -0.0422231806  -0.1452262531  -0.2101748687
       -0.0267892733   0.0530384541  -0.0275076984  -0.0119170379   0.0020991427
       -0.0110476940  -0.0068823217   0.0147306275  -0.0287425664   0.0029122060
        0.0082853464
       -0.0004214600   0.0002151520  -0.0001347962   0.0003213745  -0.0001969829
        0.0000812438  -0.0000247669   0.0001522128  -0.0001372115  -0.0002029171
       -0.0001652087  -0.0001300157   0.0004143563  -0.0003773911   0.0001849560
       -0.0000632120   0.0000483589   0.0000607891  -0.0000593743   0.0000803115
        0.0000547580  -0.0024742932   0.0003737229   0.0003224598  -0.0181790346
       -0.0099690906   0.0063788214  -0.0000087217  -0.0004088769   0.0001183808
        0.0000350719   0.0003810441  -0.0000429243  -0.0000569476  -0.0003406850
        0.0001049610  -0.0000079544   0.0001617825  -0.0001514367   0.0000349322
       -0.0000063641   0.0000619653  -0.0000575332   0.0000261644  -0.0000584555
        0.0000813193   0.0001276919  -0.0001055284  -0.0000556209   0.0000770114
       -0.0000825312   0.0001171485   0.0000261059   0.0000313524   0.0000140426
       -0.0000697430   0.0000605736  -0.0000804243   0.0000538663   0.0000650990
        0.0000170313  -0.0000438905   0.0000684242   0.0000540654   0.0000243161
        0.0000765658  -0.0000542797   0.0000030255  -0.0000271063   0.0009614782
        0.0005952921   0.0001295175   0.0003297418   0.0000479364  -0.0004729816
        0.0004147313  -0.0001618963   0.0001627075  -0.0001936313  -0.0000953917
        0.0002825333   0.1610647610  -0.2255093921  -0.0096017675  -0.0000158984
        0.0000305609  -0.0000253644  -0.0000172407  -0.0000561414   0.0000258750
        0.0000413977   0.0000136867   0.0000159121   0.0000283239   0.0000218939
        0.0000226404  -0.0000053480  -0.0000226086   0.0000294482  -0.0000178665
        0.0000016356  -0.0000004486   0.0000444068  -0.0000093199   0.0000073816
        0.0000093961   0.0000157222  -0.0000156837  -0.0000016198   0.0000059617
        0.0000020691   0.0000283990  -0.0000118425   0.0000044175   0.0000483432
       -0.0000268821   0.0000570537   0.0000414024  -0.0000134061   0.0000391047
       -0.0000944114  -0.0000034848  -0.0000692009  -0.0000606858  -0.0000034979
        0.0000220051   0.0000091874   0.0000076308   0.0000342844   0.0003526373
        0.0033746341  -0.0009326294  -0.0708360305  -0.3085172673   0.0499088891
        0.0129870967  -0.0913605307   0.0081545190  -0.0000353929   0.0005317626
        0.0008708934  -0.0023819335  -0.0085724473  -0.0024031464   0.0076133781
        0.0042153389   0.0017960164   0.0000671129  -0.0001060615   0.0001661065
       -0.0001261348   0.0001057891  -0.0000726374  -0.0001161000  -0.0000307299
       -0.0000931300  -0.0422231806   0.7298111612  -0.0776411033  -0.0259081861
       -0.0874664862   0.0140968371  -0.0278319392  -0.0067842910   0.0059502718
       -0.0201389736  -0.0044100386   0.0110558836   0.0266199769   0.0042101765
       -0.0083066182
        0.0001996751  -0.0000075009   0.0001009396  -0.0001155179   0.0000845040
       -0.0000014691  -0.0000934131  -0.0000168835   0.0000908742   0.0000583920
       -0.0000933401  -0.0001715683  -0.0001734864   0.0004584469  -0.0001208163
        0.0000550584  -0.0000769527  -0.0000445447   0.0001341343  -0.0000832695
       -0.0000008952   0.0022848459   0.0004133975  -0.0002685611   0.0112108904
        0.0105060595  -0.0022609707  -0.0000150785   0.0001131732  -0.0000547963
       -0.0000146796  -0.0001275009   0.0000268580   0.0000136603   0.0001193520
       -0.0000303015  -0.0000059982  -0.0000516689   0.0000572477  -0.0000075722
       -0.0000207890  -0.0000639060   0.0000326905  -0.0000158379   0.0000268061
       -0.0000908229  -0.0000268489   0.0001422079  -0.0000093932  -0.0000372659
        0.0000758281  -0.0000738949  -0.0000464282  -0.0000401564   0.0000159588
        0.0000236844  -0.0000671517   0.0000087928  -0.0000013563   0.0000017412
       -0.0000312998   0.0000537427   0.0001228764   0.0000042893   0.0000617980
        0.0000228680   0.0000371449   0.0000124700   0.0000271502  -0.0000669971
        0.0000869155   0.0000219255  -0.0000466213  -0.0003281507   0.0002758083
       -0.0009575392   0.0009833487   0.0007591207   0.0006687064   0.0001175031
       -0.0001138660   0.0261751024  -0.0125418213  -0.0145233364   0.0000148113
       -0.0000147262   0.0000077411   0.0000052949   0.0000165524  -0.0000436262
       -0.0000024013  -0.0000095820  -0.0000093344  -0.0000248292   0.0000100314
       -0.0000002629   0.0000034315  -0.0000036066  -0.0000461847   0.0000254733
        0.0000178341   0.0000167069  -0.0000167218   0.0000059859   0.0000159504
        0.0000044755  -0.0000239676   0.0000337411  -0.0000197622   0.0000235088
        0.0000031571  -0.0000113034  -0.0000152687  -0.0000378283  -0.0000053510
        0.0000088976  -0.0000696985  -0.0000003153   0.0000155683  -0.0000251700
        0.0000564023   0.0000209089   0.0000751995   0.0000441098  -0.0000082509
       -0.0000471049  -0.0000145896  -0.0000065707  -0.0000156053  -0.0006380178
       -0.0000261084   0.0017656789   0.0287975107   0.0567344399  -0.0462054134
        0.0009594569   0.0009465580   0.0128741430  -0.0001023024  -0.0001639513
        0.0003807697   0.0015346877   0.0015322827  -0.0001722480  -0.0014900864
       -0.0011961299   0.0010514920   0.0001590096   0.0001290198   0.0003242180
        0.0000802676  -0.0000929509   0.0000330190  -0.0000871943   0.0000007237
       -0.0000758601  -0.1452262531  -0.0776411033   0.1101337344   0.0515341866
        0.0132312880  -0.0644297363  -0.0097454220  -0.0003609854   0.0101196517
        0.0302860352   0.0087262248  -0.0092594715   0.0046823694  -0.0014154027
       -0.0003875705
        0.0001486752   0.0000175771   0.0000156411  -0.0000866093   0.0000242757
       -0.0000020858   0.0000199408  -0.0000112752   0.0000159177  -0.0000143512
        0.0000339504  -0.0000044261  -0.0003445295  -0.0002611369   0.0001273200
        0.0000163752  -0.0000093144  -0.0000127570  -0.0000338000   0.0000200890
       -0.0000384727  -0.0005519900  -0.0000270637   0.0001994595   0.0020304214
       -0.0017322967   0.0023381811  -0.0000484636   0.0000219449  -0.0000043506
       -0.0000228945  -0.0000375440  -0.0000146316  -0.0000105451   0.0000626997
       -0.0000204510  -0.0000310619  -0.0000201286   0.0000254628  -0.0000188680
        0.0000143798   0.0000011657  -0.0000103022   0.0000007411   0.0000029211
        0.0001132799   0.0000332302   0.0000151864   0.0000811530   0.0000318767
        0.0000163149  -0.0000692100  -0.0000571008  -0.0000104089  -0.0000504057
       -0.0000238853  -0.0000137631   0.0000067962  -0.0000196275  -0.0000108320
       -0.0000091354  -0.0000238392  -0.0000093465  -0.0000053220  -0.0000003245
        0.0000294814   0.0000070455  -0.0000052695   0.0000142546  -0.0000693634
        0.0000374142   0.0000927704  -0.0000674941  -0.0000063980  -0.0000946283
       -0.0001773384   0.0000405238  -0.0000467532  -0.0001394135  -0.0000733387
        0.0000791058  -0.0178784211  -0.0031101311   0.0049654014   0.0000215198
       -0.0000040604   0.0000049358   0.0000144304  -0.0000062229   0.0000124253
        0.0000207295  -0.0000060122  -0.0000017425  -0.0000020819  -0.0000168910
       -0.0000133705   0.0000157257   0.0000068290   0.0000160225  -0.0000158738
       -0.0000119009  -0.0000156340   0.0000194384  -0.0000044042   0.0000024087
       -0.0000019700   0.0000018979   0.0000099238   0.0000028220  -0.0000131752
       -0.0000128728   0.0000145563   0.0000163388   0.0000025907  -0.0000312123
       -0.0000159098  -0.0000016817  -0.0000238752  -0.0000012342  -0.0000086825
        0.0000571410   0.0000481929   0.0000023508  -0.0000239255  -0.0000099673
       -0.0000036658  -0.0000108135  -0.0000125838  -0.0000013025   0.0010810057
        0.0000809972  -0.0005740990  -0.0162869899  -0.0164500911   0.0053128602
        0.0006254493   0.0018006793  -0.0007803674   0.0001084319  -0.0000225280
        0.0002892010  -0.0007727845   0.0004226630  -0.0003088075   0.0000772759
       -0.0000545311  -0.0000517136  -0.0000247382  -0.0000158336   0.0000116290
       -0.0000121627  -0.0000263584   0.0000073048  -0.0000838655  -0.0000128112
       -0.0000566952  -0.2101748687  -0.0259081861   0.0515341866   0.4589290884
       -0.0106928709   0.0121784414  -0.0752190672  -0.0574894258  -0.0620428039
       -0.0392481090   0.0060790152  -0.0143053069  -0.1018394449   0.1073983561
        0.0011387880
       -0.0000191108   0.0000018068  -0.0000126998   0.0000185918  -0.0000213675
       -0.0000007782   0.0000117526   0.0000229607  -0.0000397510  -0.0000918154
        0.0000028858   0.0000133326  -0.0000395003  -0.0003841508   0.0001501350
       -0.0000638019   0.0000122521   0.0000142809  -0.0000391089   0.0000516510
       -0.0000042720  -0.0014136512   0.0000386162   0.0004493166  -0.0016337345
       -0.0041774841   0.0022656740  -0.0000042763  -0.0000452383   0.0000130380
       -0.0000040146   0.0000377047  -0.0000055404  -0.0000007083  -0.0000110778
        0.0000029240  -0.0000199227   0.0000082120  -0.0000077919  -0.0000016160
        0.0000031522   0.0000107029  -0.0000117375   0.0000034703  -0.0000036792
        0.0000291115   0.0000120273  -0.0000173386   0.0000065587   0.0000069637
       -0.0000110769   0.0000097727   0.0000036102   0.0000021131  -0.0000025417
       -0.0000052440   0.0000086928  -0.0000089416   0.0000032121   0.0000084224
        0.0000101346  -0.0000232609  -0.0000020674   0.0000149083  -0.0000027049
        0.0000190550  -0.0000065207  -0.0000011364  -0.0000044963   0.0000367489
        0.0001408057   0.0000173145  -0.0000109498   0.0000726576  -0.0000886274
       -0.0001260000  -0.0000175498   0.0001556969  -0.0000720036   0.0000389381
        0.0000724803   0.0157934065   0.0065300528  -0.0065407268   0.0000000663
        0.0000066961  -0.0000035984  -0.0000059789  -0.0000163208   0.0000097109
        0.0000079549   0.0000009567   0.0000010791   0.0000053920  -0.0000027869
        0.0000005924  -0.0000033404   0.0000028915   0.0000100869  -0.0000071727
       -0.0000047747  -0.0000064555   0.0000102795  -0.0000028111   0.0000015626
        0.0000045147   0.0000024184   0.0000023855   0.0000031356  -0.0000031385
       -0.0000010750   0.0000057074   0.0000100124  -0.0000013306  -0.0000006095
       -0.0000013347   0.0000096532   0.0000000170  -0.0000004101   0.0000022993
       -0.0000014557  -0.0000025770  -0.0000168443  -0.0000113195   0.0000012678
        0.0000030473  -0.0000053495   0.0000029745   0.0000042796   0.0000312303
        0.0005615510  -0.0004824111  -0.0285261146  -0.0053901582   0.0085102113
       -0.0010663926  -0.0024117278   0.0004008505   0.0000672114   0.0001033009
        0.0001551977  -0.0006341495  -0.0013939021  -0.0006501366   0.0023296783
        0.0002558634   0.0004821450   0.0000033131  -0.0000044687   0.0000087270
       -0.0000181795   0.0000189967  -0.0000138823  -0.0000102301   0.0000011396
       -0.0000001519  -0.0267892733  -0.0874664862   0.0132312880  -0.0106928709
        0.5339289838  -0.0014097858  -0.0562356583  -0.1360816059  -0.0961274697
        0.0071587768  -0.0820956204   0.0835983337   0.1020197876  -0.2223206947
       -0.0041826421
       -0.0000816298   0.0000036543  -0.0000312967   0.0000370426  -0.0000388874
       -0.0000100722   0.0000151407   0.0000130034   0.0000011594   0.0000201521
       -0.0000040791   0.0000466081   0.0000512568   0.0000120645  -0.0000600893
       -0.0000077957   0.0000225512   0.0000641789  -0.0000093579   0.0000038632
        0.0000052268   0.0000229326   0.0001421552   0.0001082270   0.0011548433
        0.0014782253   0.0060139662   0.0000077633  -0.0000189663   0.0000164441
        0.0000027626   0.0000300102  -0.0000082366  -0.0000010772  -0.0000314959
        0.0000058209   0.0000078644   0.0000143787  -0.0000178933   0.0000037160
        0.0000088556   0.0000191217  -0.0000058208   0.0000047893  -0.0000079603
        0.0000272410   0.0000020044  -0.0000549422   0.0000001873   0.0000081797
       -0.0000257098   0.0000260385   0.0000162757   0.0000165514  -0.0000056671
       -0.0000068312   0.0000248132   0.0000027457  -0.0000019330  -0.0000043639
        0.0000057036   0.0000004429  -0.0000351860   0.0000003030  -0.0000263892
       -0.0000294518  -0.0000125823  -0.0000024796  -0.0000081357   0.0000110478
       -0.0000592514  -0.0000446131   0.0000284598   0.0000505342  -0.0000425501
       -0.0002472556   0.0002210330   0.0001560241   0.0000492547  -0.0000835201
        0.0000473151   0.0017032248  -0.0006208262  -0.0039980159  -0.0000023370
        0.0000025874  -0.0000013124  -0.0000018107   0.0000024139   0.0000138808
       -0.0000024632   0.0000018792   0.0000050744   0.0000076378  -0.0000066754
       -0.0000015592  -0.0000018496   0.0000040906   0.0000139853  -0.0000068419
       -0.0000089198  -0.0000066998   0.0000014595  -0.0000009584  -0.0000056566
       -0.0000042600   0.0000093855  -0.0000161230   0.0000063230  -0.0000108777
       -0.0000022615   0.0000012188   0.0000040051   0.0000179969   0.0000032503
       -0.0000008611   0.0000269149  -0.0000007503  -0.0000079515   0.0000104500
       -0.0000151494  -0.0000069856  -0.0000328762  -0.0000144371   0.0000029996
        0.0000209869   0.0000017291   0.0000017292   0.0000072803   0.0017531983
       -0.0005856224   0.0000665335   0.0057173313   0.0040086777  -0.0072310935
       -0.0006093891  -0.0001787588  -0.0010599613  -0.0000218935  -0.0000196953
       -0.0001254103   0.0001753812   0.0004827635   0.0004760850  -0.0005258958
       -0.0000672114  -0.0004614999  -0.0000366100  -0.0000475388  -0.0000952135
       -0.0000222155   0.0000241093   0.0000169450   0.0000180099  -0.0000001561
        0.0000289645   0.0530384541   0.0140968371  -0.0644297363   0.0121784414
       -0.0014097858   0.4900565515  -0.0627912185  -0.0961664581  -0.1431620830
       -0.0135511956   0.0844232022  -0.2317339735   0.0018993879  -0.0056835853
       -0.0445431289
       -0.0001003008   0.0000120138  -0.0000210452   0.0000680654  -0.0000323491
        0.0000105262   0.0000127957   0.0000184978  -0.0000291294  -0.0000349097
       -0.0000352267  -0.0000202228   0.0001126869  -0.0000784208   0.0000105152
       -0.0000125832   0.0000121568   0.0000445668  -0.0000126416   0.0000121869
        0.0000103561  -0.0004105997   0.0000529319   0.0001030463  -0.0002020639
       -0.0008166957   0.0017168243   0.0000155024  -0.0000438635   0.0000126553
        0.0000157352   0.0000546512   0.0000016706  -0.0000055850  -0.0000572236
        0.0000185167   0.0000096013   0.0000251831  -0.0000227964   0.0000104634
       -0.0000065761   0.0000072936  -0.0000037432   0.0000056755  -0.0000073371
       -0.0000192002   0.0000030759  -0.0000178335  -0.0000262364  -0.0000028165
       -0.0000171541   0.0000308584   0.0000192011   0.0000043284   0.0000131240
        0.0000002198   0.0000111324  -0.0000158100   0.0000097069   0.0000080303
        0.0000018082  -0.0000090246  -0.0000037049   0.0000037132   0.0000031530
        0.0000027885  -0.0000102799   0.0000046071  -0.0000060758   0.0000286295
        0.0000557277  -0.0000046376   0.0000140687   0.0000329672  -0.0000351308
       -0.0001063915  -0.0000271357  -0.0000464476   0.0000556244   0.0000268096
        0.0000133487  -0.0000150476  -0.0009718029  -0.0008985332  -0.0000092534
        0.0000039319  -0.0000045020  -0.0000065431  -0.0000081926  -0.0000019329
       -0.0000012694   0.0000055894   0.0000012599   0.0000012691   0.0000087570
        0.0000066052  -0.0000084425  -0.0000109452  -0.0000029481   0.0000024990
        0.0000033113   0.0000059704   0.0000009323   0.0000013455  -0.0000001071
        0.0000035085   0.0000006098  -0.0000028267  -0.0000011914   0.0000053663
        0.0000042578  -0.0000049917  -0.0000090437  -0.0000022099   0.0000123846
        0.0000014080   0.0000091523   0.0000088980   0.0000013258   0.0000074924
       -0.0000247282  -0.0000149048  -0.0000088135  -0.0000018369   0.0000030735
        0.0000036377   0.0000030638   0.0000057772   0.0000040267   0.0001697422
        0.0003569781   0.0000935557  -0.0055050637   0.0032614288  -0.0029884007
        0.0016507855  -0.0001978524  -0.0004219437  -0.0000426958   0.0000504148
       -0.0000366326   0.0001208669  -0.0007985475  -0.0000278077   0.0002890728
        0.0003987535   0.0001137563   0.0000061903  -0.0000037339   0.0000082204
       -0.0000155203   0.0000184490  -0.0000100128   0.0000215473   0.0000042657
        0.0000092298  -0.0275076984  -0.0278319392  -0.0097454220  -0.0752190672
       -0.0562356583  -0.0627912185   0.0999578466   0.0756935344   0.0708688727
        0.0000753393  -0.0021417719  -0.0055174987   0.0066070721   0.0091606393
        0.0095806885
       -0.0000477382  -0.0000099030   0.0000000067   0.0000375988  -0.0000118380
        0.0000049562  -0.0000044479   0.0000064571  -0.0000165717  -0.0000224616
       -0.0000222368  -0.0000195597   0.0000656980  -0.0000196646   0.0000105009
       -0.0000153415  -0.0000024281   0.0000112662   0.0000047633   0.0000068529
        0.0000125526  -0.0001467688   0.0000169853   0.0000136036  -0.0000892187
       -0.0002219463   0.0002853766   0.0000148373  -0.0000105716   0.0000007078
        0.0000097995   0.0000136674   0.0000056373   0.0000067487  -0.0000068456
        0.0000024524   0.0000036382  -0.0000009864  -0.0000074483   0.0000058639
       -0.0000055735   0.0000002642   0.0000034992  -0.0000038155  -0.0000018936
       -0.0000312965  -0.0000080704  -0.0000001077  -0.0000273943  -0.0000113588
       -0.0000023487   0.0000203170   0.0000139529  -0.0000021468   0.0000163247
        0.0000058296   0.0000027752  -0.0000083593   0.0000103348   0.0000089819
        0.0000011544   0.0000039398   0.0000079086   0.0000070009   0.0000062546
        0.0000027162  -0.0000042749   0.0000016258  -0.0000051156   0.0000250092
        0.0000417413   0.0000000991   0.0000005104  -0.0000056584   0.0000049325
       -0.0000632919   0.0000009426  -0.0000075152   0.0000723093   0.0000173847
        0.0000005518   0.0004892605  -0.0000003941   0.0001642666  -0.0000103733
        0.0000029660  -0.0000020946  -0.0000046221  -0.0000019804  -0.0000042110
       -0.0000087357   0.0000018910   0.0000005818  -0.0000007978   0.0000078049
        0.0000053721  -0.0000032017  -0.0000027261  -0.0000048692   0.0000032843
        0.0000015292   0.0000042232  -0.0000090657   0.0000011415  -0.0000007910
       -0.0000004035  -0.0000006985  -0.0000047123  -0.0000014303   0.0000069641
        0.0000048728  -0.0000031888  -0.0000029213  -0.0000013765   0.0000096733
        0.0000044938  -0.0000013297   0.0000085429   0.0000020756   0.0000033862
       -0.0000093677  -0.0000144464  -0.0000010725   0.0000040632   0.0000055917
       -0.0000015702  -0.0000041267   0.0000073204   0.0000059527  -0.0000067224
        0.0000728424   0.0000993593  -0.0018419400   0.0006593624  -0.0017047397
        0.0001085842   0.0005631568   0.0004216354  -0.0000360368   0.0000012123
       -0.0000391392   0.0001510217  -0.0001783585   0.0000578864  -0.0000743412
        0.0000885206   0.0000384581   0.0000079047  -0.0000033799  -0.0000000836
       -0.0000029727   0.0000167467  -0.0000054154   0.0000132354   0.0000012691
        0.0000037446  -0.0119170379  -0.0067842910  -0.0003609854  -0.0574894258
       -0.1360816059  -0.0961664581   0.0756935344   0.1557898625   0.1101155693
        0.0045367822   0.0070614650   0.0074067223  -0.0094365755  -0.0210304857
       -0.0203457647
       -0.0000361151   0.0000051793   0.0000008323   0.0000298531  -0.0000136442
        0.0000025159  -0.0000105109   0.0000053284  -0.0000069805   0.0000081480
       -0.0000108458  -0.0000115886   0.0000423802   0.0000235380  -0.0000129293
       -0.0000035524  -0.0000018346   0.0000017499   0.0000113193  -0.0000040434
        0.0000064051   0.0000880271   0.0000278028  -0.0000511324   0.0001218211
        0.0003824190  -0.0004937339   0.0000060253  -0.0000062201   0.0000000555
        0.0000030531   0.0000130318   0.0000014208   0.0000046243  -0.0000147608
        0.0000039683   0.0000001376   0.0000029311  -0.0000070716   0.0000049118
       -0.0000072501   0.0000017432  -0.0000019899  -0.0000003474  -0.0000021743
       -0.0000207976  -0.0000010631   0.0000095782  -0.0000201107  -0.0000032618
        0.0000038492   0.0000113196   0.0000057283  -0.0000011116   0.0000092923
        0.0000020288  -0.0000031823  -0.0000052950   0.0000062437   0.0000072353
        0.0000032229   0.0000050335   0.0000110106   0.0000008757   0.0000026157
       -0.0000033887  -0.0000043362   0.0000008572  -0.0000041560   0.0000069431
        0.0000068568  -0.0000094931   0.0000049513  -0.0000049273   0.0000217136
       -0.0000493442  -0.0000076920   0.0000488533   0.0000401153   0.0000270092
       -0.0000246932   0.0000728967   0.0000444496   0.0004200679  -0.0000047850
        0.0000022345  -0.0000012418  -0.0000036443  -0.0000020870  -0.0000021928
       -0.0000035566   0.0000026154   0.0000002609   0.0000000499   0.0000062012
        0.0000060502  -0.0000034617  -0.0000039625  -0.0000014815   0.0000036244
        0.0000034359   0.0000020341  -0.0000025403   0.0000027006  -0.0000002435
        0.0000030181  -0.0000016059  -0.0000016486  -0.0000020461   0.0000065599
        0.0000053777  -0.0000046318  -0.0000054235  -0.0000042690   0.0000080556
        0.0000027527  -0.0000031579   0.0000065874  -0.0000008486  -0.0000009257
       -0.0000043084  -0.0000059519  -0.0000023952   0.0000021972   0.0000019273
       -0.0000037205  -0.0000064569   0.0000032031   0.0000048642  -0.0002070639
        0.0001235323   0.0000138376   0.0018544570   0.0006808347  -0.0002922417
       -0.0001260961  -0.0000746372   0.0001480489  -0.0000024557  -0.0000000102
        0.0000019560   0.0000397029  -0.0002572300  -0.0000723228   0.0000168795
        0.0001508924   0.0000825260   0.0000234380   0.0000064669   0.0000091896
       -0.0000055734   0.0000115839  -0.0000111119   0.0000041384   0.0000014224
        0.0000087905   0.0020991427   0.0059502718   0.0101196517  -0.0620428039
       -0.0961274697  -0.1431620830   0.0708688727   0.1101155693   0.1607223160
       -0.0121870145  -0.0186404020  -0.0262069577  -0.0006415915  -0.0024377385
       -0.0012682731
       -0.0000595798   0.0000067443  -0.0000112857   0.0000394359  -0.0000209723
        0.0000040656   0.0000023678   0.0000138423  -0.0000155259  -0.0000101401
       -0.0000194157  -0.0000058391   0.0000848574  -0.0000293454   0.0000096212
       -0.0000049821   0.0000129154   0.0000133577  -0.0000042844   0.0000068430
        0.0000041837  -0.0002573344  -0.0000460251  -0.0000132021  -0.0009297059
       -0.0009974029  -0.0010121159   0.0000088259  -0.0000187815   0.0000071855
        0.0000089518   0.0000294711  -0.0000021709  -0.0000047296  -0.0000306760
        0.0000093712   0.0000048549   0.0000136017  -0.0000147549   0.0000044970
       -0.0000022489   0.0000046785  -0.0000035501   0.0000041199  -0.0000075905
       -0.0000042903   0.0000016850  -0.0000187385  -0.0000113659  -0.0000003318
       -0.0000093093   0.0000161159   0.0000086151   0.0000034776   0.0000074726
        0.0000004564   0.0000090792  -0.0000061463   0.0000038930   0.0000020478
        0.0000012868  -0.0000058830  -0.0000082663   0.0000015791   0.0000022758
        0.0000055868  -0.0000059914   0.0000025042  -0.0000019704   0.0000196095
        0.0000355883   0.0000032696   0.0000043425   0.0000354402  -0.0000273715
        0.0001313719  -0.0001093082  -0.0001336721  -0.0000331401   0.0000058050
        0.0000172270   0.0005081281  -0.0005694039   0.0009989342  -0.0000032825
        0.0000009289  -0.0000026480  -0.0000031143  -0.0000054317   0.0000024697
        0.0000005741   0.0000029378   0.0000009838   0.0000023262   0.0000018387
        0.0000022582  -0.0000043303  -0.0000057744   0.0000042438  -0.0000023334
       -0.0000003562   0.0000030322   0.0000035271  -0.0000003324  -0.0000013299
       -0.0000001025   0.0000028843  -0.0000038653   0.0000031130  -0.0000010710
        0.0000001154  -0.0000030852  -0.0000012341   0.0000063736   0.0000067914
        0.0000011890   0.0000046660   0.0000039752  -0.0000007235   0.0000044299
       -0.0000123686  -0.0000068937  -0.0000077829  -0.0000053613   0.0000024592
        0.0000047629   0.0000009172   0.0000022561   0.0000029323  -0.0004072215
        0.0003759503  -0.0000883793  -0.0030214701   0.0034979324   0.0040953138
        0.0014921844  -0.0002217966  -0.0003262138  -0.0000106709   0.0000566810
       -0.0000859992  -0.0000247702  -0.0007846375   0.0001263041   0.0003784116
        0.0003882747   0.0000067199  -0.0000276905  -0.0000235536  -0.0000261576
       -0.0000298367   0.0000249590  -0.0000118929   0.0000333149   0.0000121928
        0.0000005859  -0.0110476940  -0.0201389736   0.0302860352  -0.0392481090
        0.0071587768  -0.0135511956   0.0000753393   0.0045367822  -0.0121870145
        0.0529902899  -0.0002283509   0.0065461421  -0.0006477799   0.0070190799
       -0.0146151625
       -0.0000343722  -0.0000108479  -0.0000095261   0.0000229812  -0.0000110529
       -0.0000000962   0.0000081548  -0.0000010398  -0.0000151019  -0.0000122483
        0.0000019097   0.0000103492   0.0000550884  -0.0000080958  -0.0000048136
       -0.0000112065   0.0000120506   0.0000136280  -0.0000131271   0.0000089934
        0.0000077803  -0.0000901171   0.0000068564   0.0000097128  -0.0002235341
       -0.0002478792  -0.0000908695   0.0000106530  -0.0000084550   0.0000043531
        0.0000056543   0.0000086344   0.0000003889   0.0000040963  -0.0000043958
        0.0000011454   0.0000039187   0.0000002145  -0.0000037220   0.0000021456
        0.0000025902   0.0000064069   0.0000027310  -0.0000024684   0.0000005393
       -0.0000044453  -0.0000065064  -0.0000235038  -0.0000091134  -0.0000044462
       -0.0000109457   0.0000167213   0.0000116385   0.0000034276   0.0000038518
        0.0000022145   0.0000112565  -0.0000037646   0.0000037550   0.0000027801
        0.0000036658  -0.0000063171  -0.0000119094   0.0000013565  -0.0000066914
       -0.0000041320  -0.0000057800  -0.0000011425  -0.0000049588   0.0000115060
       -0.0000017323   0.0000056567   0.0000129643   0.0000263828  -0.0000398855
        0.0000658518  -0.0000468379  -0.0000722436  -0.0000522453  -0.0000178328
        0.0000314971   0.0002935504   0.0000240450  -0.0004059876  -0.0000076515
        0.0000022091  -0.0000006719  -0.0000023941   0.0000000376   0.0000019771
       -0.0000062634   0.0000008673   0.0000020338   0.0000007108   0.0000009316
        0.0000011568  -0.0000022053   0.0000010534  -0.0000005851   0.0000002224
       -0.0000021510   0.0000001919  -0.0000065516  -0.0000004089  -0.0000006315
       -0.0000002261   0.0000031298  -0.0000047755  -0.0000004147  -0.0000004089
        0.0000013801   0.0000015173   0.0000021603   0.0000013865   0.0000028965
        0.0000030936   0.0000108122   0.0000019021  -0.0000013664   0.0000042335
       -0.0000055778  -0.0000092033  -0.0000157926  -0.0000010719   0.0000055421
        0.0000083344  -0.0000030911   0.0000049268   0.0000063750  -0.0000289895
       -0.0000035979  -0.0001036290  -0.0007295895   0.0008429047   0.0019509002
       -0.0001875953   0.0003708997  -0.0004907943  -0.0000311627   0.0000123058
       -0.0000697406   0.0000243600   0.0000613487   0.0002208869  -0.0001023791
       -0.0000421901  -0.0000950958  -0.0000243607  -0.0000085611  -0.0000364979
        0.0000050407   0.0000046866  -0.0000048191   0.0000124623   0.0000007148
        0.0000042444  -0.0068823217  -0.0044100386   0.0087262248   0.0060790152
       -0.0820956204   0.0844232022  -0.0021417719   0.0070614650  -0.0186404020
       -0.0002283509   0.0920755674  -0.1017264093   0.0041989044  -0.0136038412
        0.0264152786
        0.0000584390  -0.0000032939   0.0000238128  -0.0000503927   0.0000244358
       -0.0000051875   0.0000093422  -0.0000055772   0.0000352033   0.0000201763
       -0.0000062654  -0.0000277056  -0.0001309318   0.0000197243   0.0000147698
        0.0000331251  -0.0000090127  -0.0000066742   0.0000189582  -0.0000175811
       -0.0000220317   0.0001014054  -0.0000528120   0.0000297041   0.0002496793
        0.0002244006   0.0002739909  -0.0000087796   0.0000498237  -0.0000163424
       -0.0000142390  -0.0000505843   0.0000033541  -0.0000018496   0.0000418157
       -0.0000110395  -0.0000029615  -0.0000162334   0.0000218469  -0.0000075494
        0.0000059630  -0.0000149438   0.0000072560  -0.0000044649   0.0000086581
        0.0000132485  -0.0000023772   0.0000270767   0.0000182657  -0.0000031802
        0.0000223539  -0.0000292877  -0.0000196904  -0.0000071178  -0.0000098119
        0.0000019817  -0.0000160590   0.0000058210  -0.0000077495  -0.0000095505
       -0.0000078902   0.0000086766   0.0000151667  -0.0000046265   0.0000043447
        0.0000037391   0.0000092019   0.0000028824   0.0000095810  -0.0000177834
       -0.0000086342   0.0000056679  -0.0000179624  -0.0000472750   0.0000398021
       -0.0000785834   0.0000912778   0.0000529022   0.0000501112  -0.0000142693
       -0.0000142998  -0.0002353144   0.0004780164   0.0000165695   0.0000107323
       -0.0000083473   0.0000036031   0.0000059833   0.0000072929  -0.0000035902
        0.0000041998  -0.0000054020  -0.0000030016  -0.0000037609  -0.0000056496
       -0.0000074987   0.0000065414   0.0000064142  -0.0000039432  -0.0000001157
        0.0000003759  -0.0000006615  -0.0000004844  -0.0000015991   0.0000023954
       -0.0000021389  -0.0000033672   0.0000100654  -0.0000006183  -0.0000030052
       -0.0000046526   0.0000037938   0.0000053464  -0.0000032795  -0.0000079700
        0.0000016661  -0.0000157348  -0.0000062258   0.0000022941  -0.0000083650
        0.0000239927   0.0000123637   0.0000112976   0.0000040938  -0.0000022506
       -0.0000075025  -0.0000072320  -0.0000052329  -0.0000040169   0.0002990897
       -0.0003698720   0.0001689050   0.0004307390  -0.0034411462  -0.0022375029
       -0.0007846093   0.0002709266   0.0004162896   0.0000145681  -0.0000559523
        0.0000799872   0.0000813213   0.0007636730  -0.0001280946  -0.0002080798
       -0.0003961688   0.0000478000   0.0000099967   0.0000154914   0.0000306846
        0.0000315687  -0.0000250871   0.0000204354  -0.0000297164  -0.0000122159
       -0.0000131515   0.0147306275   0.0110558836  -0.0092594715  -0.0143053069
        0.0835983337  -0.2317339735  -0.0055174987   0.0074067223  -0.0262069577
        0.0065461421  -0.1017264093   0.2698356459  -0.0013066994   0.0022305792
       -0.0014389586
        0.0000177294  -0.0000187131   0.0000081089  -0.0000017451   0.0000082403
       -0.0000063940   0.0000085161  -0.0000181376   0.0000061619   0.0000328707
       -0.0000017347   0.0000015540  -0.0000115841   0.0000615003  -0.0000270127
        0.0000249030   0.0000052331   0.0000059498   0.0000082905  -0.0000068012
        0.0000018584   0.0002141941  -0.0000517074  -0.0000495972   0.0007386799
        0.0003231638  -0.0002940431   0.0000059385   0.0000340788  -0.0000091876
       -0.0000002355  -0.0000284091   0.0000039612   0.0000081806   0.0000259276
       -0.0000095924   0.0000016938  -0.0000156191   0.0000112820  -0.0000021640
        0.0000000075  -0.0000025128   0.0000049941  -0.0000007423   0.0000037194
       -0.0000000475  -0.0000081729  -0.0000025951   0.0000042819  -0.0000063142
        0.0000013285  -0.0000078252  -0.0000025453  -0.0000042297  -0.0000044766
        0.0000030773  -0.0000007574   0.0000088389  -0.0000039290  -0.0000069024
       -0.0000075742   0.0000067828  -0.0000095861  -0.0000096473  -0.0000042687
       -0.0000092362   0.0000052891  -0.0000000227   0.0000011983  -0.0000547394
       -0.0000636157  -0.0000129163  -0.0000150062  -0.0000148571   0.0000344709
        0.0001569712  -0.0000253293  -0.0001633582  -0.0000223998  -0.0000239191
        0.0000156553  -0.0042881900  -0.0025030575   0.0021031357  -0.0000006795
       -0.0000031830   0.0000014509   0.0000003410   0.0000081548  -0.0000023073
       -0.0000057976  -0.0000008643  -0.0000006525  -0.0000026374  -0.0000023549
       -0.0000024859  -0.0000009290   0.0000012067  -0.0000038149   0.0000031656
        0.0000010666   0.0000022003  -0.0000052466   0.0000021304  -0.0000006490
       -0.0000011605  -0.0000012766  -0.0000001727  -0.0000001565  -0.0000023334
        0.0000002773  -0.0000058518  -0.0000012113   0.0000016891  -0.0000034031
        0.0000021199   0.0000000416  -0.0000038261   0.0000004048  -0.0000011560
        0.0000090693  -0.0000004263   0.0000003942   0.0000041755   0.0000014232
        0.0000026284  -0.0000017747   0.0000016795   0.0000002763   0.0003037955
       -0.0002999136   0.0001142196  -0.0019627408   0.0031584233   0.0004476811
        0.0016891053  -0.0003805657  -0.0007766985  -0.0000274895  -0.0000563467
       -0.0000856684   0.0002706110   0.0008798839   0.0004046692  -0.0010592459
       -0.0002976606  -0.0003140978  -0.0000092591   0.0000068056  -0.0000157749
        0.0000228498  -0.0000219723   0.0000167538   0.0000111548  -0.0000018842
        0.0000112464  -0.0287425664   0.0266199769   0.0046823694  -0.1018394449
        0.1020197876   0.0018993879   0.0066070721  -0.0094365755  -0.0006415915
       -0.0006477799   0.0041989044  -0.0013066994   0.1285829125  -0.1240655145
       -0.0060239797
        0.0000469388   0.0000191625   0.0000038493  -0.0000342194   0.0000065402
       -0.0000067420  -0.0000084246   0.0000014241   0.0000081380   0.0000178624
        0.0000087364   0.0000093709  -0.0000519784  -0.0000091197   0.0000053322
       -0.0000052049  -0.0000031197  -0.0000095483   0.0000041047  -0.0000031984
       -0.0000068963  -0.0000182959  -0.0000660554   0.0000333448   0.0006676126
       -0.0002742755  -0.0001406587  -0.0000149701  -0.0000137910   0.0000030959
        0.0000003921   0.0000013838  -0.0000067102  -0.0000056716   0.0000109113
       -0.0000030164  -0.0000082033   0.0000009625   0.0000045664  -0.0000054214
        0.0000023709  -0.0000029713  -0.0000054297   0.0000052629  -0.0000027710
        0.0000193183   0.0000079928   0.0000075145   0.0000174598   0.0000027574
        0.0000085615  -0.0000205950  -0.0000184793  -0.0000040100  -0.0000082108
       -0.0000051821  -0.0000049815   0.0000058683  -0.0000068858  -0.0000050587
       -0.0000009588  -0.0000058268  -0.0000066075  -0.0000029017   0.0000039574
        0.0000053822   0.0000047732   0.0000004457   0.0000055219  -0.0000421627
        0.0000088276   0.0000050327  -0.0000083834   0.0000152291  -0.0000057962
        0.0000387347  -0.0000142457  -0.0000105324   0.0000085132   0.0000152407
       -0.0000129236  -0.0014020865   0.0001316003   0.0004857728   0.0000097910
       -0.0000004673   0.0000010508   0.0000036196  -0.0000023580   0.0000021662
        0.0000116216  -0.0000017575  -0.0000010313  -0.0000001690  -0.0000062187
       -0.0000031401   0.0000034491  -0.0000031753   0.0000048056  -0.0000026354
       -0.0000013861  -0.0000020837   0.0000118223  -0.0000017365   0.0000016175
        0.0000008699  -0.0000008574   0.0000048581   0.0000011631  -0.0000037747
       -0.0000033551   0.0000028834  -0.0000011995   0.0000006591  -0.0000076602
       -0.0000012311  -0.0000036449  -0.0000051144   0.0000026565  -0.0000013948
        0.0000200700   0.0000142665   0.0000006211  -0.0000041252  -0.0000037628
       -0.0000025985  -0.0000061325  -0.0000029256   0.0000015085   0.0000150958
        0.0000011060   0.0000184979  -0.0021878486   0.0024061166   0.0004966137
        0.0005582970  -0.0005397986  -0.0002519296   0.0000307572   0.0000136378
        0.0000463163  -0.0000322042  -0.0000529590  -0.0000783343  -0.0000286414
        0.0000492780  -0.0000313638   0.0000044506  -0.0000000139   0.0000212968
       -0.0000102515  -0.0000033420   0.0000021789  -0.0000023344   0.0000021337
        0.0000008863   0.0029122060   0.0042101765  -0.0014154027   0.1073983561
       -0.2223206947  -0.0056835853   0.0091606393  -0.0210304857  -0.0024377385
        0.0070190799  -0.0136038412   0.0022305792  -0.1240655145   0.2510599881
        0.0067256874
       -0.0000260274   0.0000002585  -0.0000056365   0.0000144940  -0.0000152561
       -0.0000021615  -0.0000005922   0.0000088252  -0.0000013335   0.0000039590
        0.0000036018   0.0000054693   0.0000128312  -0.0000185499  -0.0000094758
       -0.0000127952   0.0000125373   0.0000141437  -0.0000014613   0.0000013639
       -0.0000018116  -0.0000584525   0.0000389137   0.0000317380  -0.0002650809
       -0.0000647123   0.0001661361  -0.0000011400   0.0000015189   0.0000019378
       -0.0000018571   0.0000064330  -0.0000001262   0.0000007447  -0.0000015427
       -0.0000009992  -0.0000030692   0.0000005594  -0.0000013293  -0.0000005745
        0.0000004415   0.0000051530  -0.0000024877   0.0000004385   0.0000007181
        0.0000088544  -0.0000003310  -0.0000124517  -0.0000004947   0.0000019831
       -0.0000055555   0.0000061189   0.0000017387   0.0000047146  -0.0000022234
       -0.0000010766   0.0000050689  -0.0000032496   0.0000002325   0.0000006584
        0.0000026357  -0.0000073455  -0.0000032178  -0.0000000730  -0.0000063062
       -0.0000020583  -0.0000061413  -0.0000003024  -0.0000013901   0.0000116989
       -0.0000015335   0.0000102496   0.0000217074   0.0000167639  -0.0000379411
       -0.0000282319  -0.0000127162   0.0000304398  -0.0000431139   0.0000016217
        0.0000119394   0.0016394124   0.0007973257   0.0000581522   0.0000010229
        0.0000005236  -0.0000004621  -0.0000002219  -0.0000021080   0.0000022278
        0.0000002856  -0.0000000112   0.0000006810   0.0000002925  -0.0000004638
       -0.0000006976   0.0000005459   0.0000004749   0.0000003526  -0.0000005239
       -0.0000006019  -0.0000018213   0.0000007946  -0.0000006658  -0.0000004821
        0.0000016967   0.0000011158  -0.0000009725  -0.0000008051  -0.0000011241
       -0.0000013203   0.0000029720   0.0000009645  -0.0000021997   0.0000016010
       -0.0000003410   0.0000064703  -0.0000002313  -0.0000024466   0.0000032357
       -0.0000011848  -0.0000002772  -0.0000122046  -0.0000040762   0.0000020753
        0.0000050408  -0.0000034901   0.0000002443   0.0000038959  -0.0000540041
        0.0000800461  -0.0001080193   0.0011099989  -0.0010071835   0.0010494337
       -0.0008872135  -0.0000248871  -0.0010422730   0.0000007556   0.0000148193
        0.0000146345  -0.0000951965  -0.0001765907  -0.0000739084   0.0003045905
        0.0000425204   0.0000606716  -0.0000034613   0.0000044448  -0.0000051052
        0.0000014481  -0.0000008662  -0.0000067708  -0.0000066671  -0.0000004877
       -0.0000001232   0.0082853464  -0.0083066182  -0.0003875705   0.0011387880
       -0.0041826421  -0.0445431289   0.0095806885  -0.0203457647  -0.0012682731
       -0.0146151625   0.0264152786  -0.0014389586  -0.0060239797   0.0067256874
        0.0474866161
