2545
    0.2724316655     0.7006974062     4.0312019140
    0.6089388572     1.8392046422    -3.6141810263
    2.3327476359    -2.1497653178     3.9274361532
    3.2859010469    -3.3851844825     2.9139042427
    2.6749036257     2.7635284622    -3.5473616868
    0.9799767758     1.2799447334    -3.9274361532
    4.3449339257     2.1637124882     6.1765294700
    2.9123200721     0.8902866100     6.0498379811
    3.6461071979    -0.6871174026     5.6697635147
    1.9575930695    -0.7521667213     5.0363060706
    4.5992606090    -1.9225365673     4.6562316042
    0.5517474979     0.5938243546     4.4028486266
    2.5195177832    -2.0892785583     4.0227741601
    5.0430236634     5.4800854128     3.5160082049
    3.5721585402     5.8671807262     2.5024762944
    6.9716530499     2.1637124882     6.1765294700
    5.5390391963     0.8902866100     6.0498379811
    8.2909184784     0.9992539363     5.9231464923
    5.6880808846     3.1269403506     5.7964550035
    6.2728263221    -0.6871174026     5.6697635147
    8.5241546900    -0.6141908185     5.2896890483
    7.2259797331    -1.9225365673     4.6562316042
    5.4698378194     5.0574481856     4.1494656489
    6.1988776644     5.8671807262     2.5024762944
    8.6686318137     5.5040271612     1.8690188503
    7.1538492869     5.8483786872     0.8554869398
    5.7031181430     5.4154424200    -0.1580449707
    8.5393392952    -3.3851844825     2.9139042427
    6.4595964695    -3.5519264735     2.2804467986
    6.2728263221    -3.6124132330     2.1851087917
    7.2259797331    -4.8478323976     1.1715768812
    8.6696710893    -5.0310210803     0.1580449707
    6.4317180497    -5.7697794056    -0.4754124734
    7.9751810682    -5.7679117075    -1.4889443839
    5.4674992124    -5.7715563881    -2.1224018279
    7.0056362328    -5.7278349440    -3.1359337384
    4.5992606090    -4.8478323976     1.1715768812
    2.5195177832    -5.0145743887     0.5381194371
    3.8049989255    -5.7697794056    -0.4754124734
    1.4542898376    -5.0643668894    -1.1088699174
    5.3484619440    -5.7679117075    -1.4889443839
    2.8407800882    -5.7715563881    -2.1224018279
    4.3789171086    -5.7278349440    -3.1359337384
    2.1464852478     1.3707435327    -4.6562316042
    2.2933363379    -0.1827031817    -5.6697635147
    4.7501247649    -1.7888726893    -6.1765294700
   10.4207748671    -2.1497653178     3.9274361532
   11.3739282781    -3.3851844825     2.9139042427
   14.1085711308    -1.7804421853     2.5338297763
   12.8176196342    -3.5683731651     1.9003723322
   10.5796665946    -4.3071314904     1.2669148881
   14.1732767597    -2.8943936244     0.8868404217
   10.7959296823     5.9993677504    -3.6181332558
   -1.5169394037     1.2419529049    -4.0541276420
   -1.2365271670     2.8220587228    -4.4342021085
   -0.2187543368     6.3022124032     4.4342021085
    1.1005110918     5.1377538513     4.1808191308
    1.4468171091     7.0244774781     3.8007446644
    2.6946874387     5.8145234463     3.1672872203
    2.9437328144     4.7889078697    -2.7872127539
    1.5457469260     3.5089540659    -3.4206701980
    1.8965977194     5.8841386922    -3.8007446644
   -1.7297436467     5.2274935630    -4.3075106196
    0.1864365024     5.2749230561    -4.4342021085
   -1.4414070514     8.5207507139     4.4342021085
   -2.8740209049     7.2473248356     4.3075106196
   -0.1221416228     7.3562921619     4.1808191308
   -2.7249792167     9.4839785763     4.0541276420
   -4.2928945070     8.0998245135     3.6740531756
   -4.3017619353     9.8899775595     3.0405957315
   -5.2345934792     6.9508625802     2.6605212651
   -4.8496264035    10.7845797673    -1.2669148881
   -4.8797498207     6.0512195602    -2.6605212651
   -4.7712812633     7.9944972859    -3.2939787091
   -3.4072680735     5.8544761175    -3.6740531756
   -2.9523963614     7.4460318736    -4.3075106196
   -0.0184433820    10.9736150471     4.4342021085
   -1.4510572355     9.7001891688     4.3075106196
    1.3008220466     9.8091564951     4.1808191308
    1.6471280638    11.6958801220     3.8007446644
   -2.8699308376    10.5526888467     3.6740531756
    1.6646533549    13.2110419371     2.7872127539
    0.6796463557    14.2899879716     1.7736808434
    3.5076632800     8.1964082027    -1.7852321262
   -3.6600408529    13.3987678246    -2.2919980814
    4.3795082795     9.4821104910    -2.7987640367
   -1.7250685875     7.5574925764    -4.6991363689
   -0.2963007382     7.8113959043    -5.7126682794
   -1.5118729069     9.1255918037    -6.3461257235
    0.5787667177     9.1844712350    -6.7262001899
   -1.0570011948    10.7171475599    -6.9795831675
    0.8591789543    10.7645770529    -7.1062746563
    1.8750620586    14.2428410073     1.7621295606
    3.1943274872    13.0783824554     1.5087465830
    3.5406335044    14.9651060822     1.1286721165
    3.5581587955    16.4802678973     0.1151402060
    2.5731517963    17.5592139319    -0.8983917045
    4.7343894825    16.5615476387    -1.5318491486
    3.5720408225    17.5831556803    -2.5453810591
    5.4105450123    15.8805419189    -3.1788385031
    2.0572582956    17.9275072063    -3.5589129696
    5.9525578227    13.4730983499    -3.8122959472
   -1.5331572935    16.5066700608    -3.9389874360
    4.2305963961    16.8598595324    -4.1923704136
    5.0543067679    11.2686865436    -4.4457533913
    0.6065271518    17.4945709391    -4.5724448801
    5.3321525909    14.8374901742    -4.8258278577
   -1.9569717636    15.0772723976    -4.9525193465
    5.0375492098    12.7295364738    -5.4592853018
   -0.3233866193    16.3751678822    -5.5859767906
   -1.4548121533    13.7165875794    -5.9660512570
    3.6395633213    11.4495826700    -6.0927427458
   -3.2469051675     3.8302577288     5.8121672323
   -1.9373107082     2.6709329972     5.5299681513
   -4.5210981651     4.7814616027     5.3888686108
   -1.6046448906     4.5368917297     5.1066695299
   -1.7240400324     1.0890834892     4.8244704489
   -3.4594719132     5.9955409604     4.6833709084
   -0.4078494653     3.3396155203     4.4011718274
   -6.0389730725     5.1475838880     4.2600722870
   -3.0068591154    -0.1569569610     4.1189727465
   -4.6988393006     6.5825717857     3.5545745846
   -7.1349688352     4.3481967527     3.1312759631
   -6.0210999128     6.2281209209     2.4257782607
   -7.5362195209     3.0286329960     2.0024796393
   -6.9315931513     5.1817781804     1.2969819368
   -7.1449415733     1.7009758139     0.8736833154
   -7.0999336903     3.8232237998     0.1681856130
   -5.8638912994     5.3487886136    -0.5373120894
   -6.3472782585     2.6768615047    -0.9606107109
   -4.6018387014    -2.4681989912     3.2175734499
   -6.0281327371    -3.7368234280     3.0764739094
   -3.2922442421    -3.6275237228     2.9353743690
   -5.8760316989    -1.5169951173     2.7942748285
   -5.2954102751    -5.2945263149     2.6531752880
   -7.4150481680    -2.8911124239     2.3709762070
   -3.0789735662    -5.2093732308     2.2298766665
   -6.9435054740    -5.3350086071     1.9476775856
   -4.3617926492    -6.4554136810     1.5243789641
   -8.2742895837    -4.0064088052     1.2421798832
   -1.7325236516    -4.8818627701     1.1010803427
   -3.0077576528    -6.5458771448     0.3955826403
   -1.8399848676    -5.8069363423    -0.7332136836
   -1.2694956127    -4.5482589421    -1.8620100074
   -2.7413353139    -6.0411934655    -2.5675077098
   -4.5123331025     0.3168477413    -2.7086072503
   -2.6030192233    -4.6624044557    -3.6963040337
   -5.4982005003    -0.6882628509    -3.8374035742
   -2.8249504764    -2.4554633031    -4.1196026551
   -6.6464745911    -2.4023913982    -4.2607021956
   -4.1991639994    -4.6697598033    -4.4018017361
   -4.4689581732    -1.9450133222    -4.5429012766
   -5.5283273735    -3.5329237527    -4.6840008171
   -0.3694690744    -0.4410279304     4.4975478529
   -1.7957619332    -1.7122981494     4.3161341580
    0.9275609248    -1.6003402186     4.1347204631
   -1.0558668557    -3.2280284420     3.7718930732
   -3.0972264858    -0.8766365469     3.4090656834
    1.0773135071    -3.1003475923     3.2276519885
   -2.5924303228    -3.1854572994     2.8648245987
   -0.1745938880    -4.1494871719     2.3205835140
   -0.1745938880    -4.1494871719    -0.5064465649
   -0.8174415939    -3.9614521223    -2.8648245987
   -1.8921400894    -2.8624240360    -3.7718930732
   -2.0442161775    -0.3011299147    -4.1347204631
   -0.2770482554    -2.3762538873    -4.3161341580
   -0.3124194629    -0.4659690482    -4.4975478529
    3.3230555074     3.3025192531     6.1831834347
    1.8967626486     2.0312490340     6.0017697398
    2.0610634836     4.2282676768     5.6389423500
    0.5952980960     2.8669106365     5.0947012653
    3.1062781272     5.3223984197     4.7318738755
    0.7212535935     4.4633346188     4.1876327907
    7.9944581512     3.3025192531     6.1831834347
    9.2914881503     2.1432069648     5.8203560449
    6.7324661275     4.2282676768     5.6389423500
    9.5839339621     3.9680499953     5.2761149602
    7.7776807710     5.3223984197     4.7318738755
   10.6246137570     2.7946972116     4.3690464856
    9.4338146650     5.1732190229     3.8248054009
   10.6193386377     3.8840584314     2.9177369264
    8.4472854752     5.6045127722     2.3734958417
   10.4897428675    -4.1114607821    -2.7363232315
    9.2334411623    -5.3382488511    -3.6433917060
   10.6704514927    -3.0445534431    -4.1876327907
    7.5464856317    -5.4184308595    -4.5504601805
    9.5841064980    -4.2211115043    -5.0947012653
    6.4717871362    -4.3194027732    -5.4575286551
    9.5880598826    -2.2206751685    -5.6389423500
    8.0868789702    -3.8332326245    -6.0017697398
    1.7782964212    -5.5091625439    -3.0991506213
    0.5255197337    -4.2982348342    -4.0062190958
    2.8750829879    -5.4184308595    -4.5504601805
    0.4455117927    -2.6668045682    -4.9132875704
    1.8003844924    -4.3194027732    -5.4575286551
    1.6483084043    -1.7581086519    -5.8203560449
    3.4154763263    -3.8332326245    -6.0017697398
    3.3801051188    -1.9229477854    -6.1831834347
   13.2528180517    -3.7825386742     1.1508431271
   12.0009106566    -4.8316782538     0.2437746525
   10.2612763840    -4.7343748886    -0.6632938220
   13.0450184813    -4.5634611958    -1.2075349067
   11.3580629507    -4.6436432042    -2.1146033812
   13.3956838170    -3.4463238489    -2.6588444660
   11.8984562892    -3.0584449692    -3.5659129405
   11.8060354702     1.0386275187     4.9964355139
   10.3797426114    -0.2326427003     4.8150218190
   13.1030654693    -0.1206847696     4.6336081240
   10.5440434465     1.9643759424     4.4521944291
   11.1196376889    -1.7483729929     4.2707807342
   13.3955112811     1.7041582610     4.0893670393
   13.2528180517    -1.6206921433     3.7265396495
   11.5892580900     3.0585066853     3.5451259546
   14.4361910761     0.5308054772     3.1822985648
   13.2453919840     2.9093272885     2.6380574801
   11.3770676708     4.5743048434     2.0295657118
   10.1150756470     5.5000532671     1.4853246270
   11.1602902906     6.5941840100     0.5782561525
    8.7752657569     5.7351202092     0.0340150678
   10.0785026413     6.8711075378    -0.8730534067
   11.8298949948     6.8762983625    -1.7801218813
   13.5571342242    -1.8687119360    -6.1434991889
   14.9941445546     0.4249834720    -6.6877402737
   11.8701786936    -1.9488939444    -7.0505676635
   14.0051322148     2.7591186934    -7.2319813584
   13.9077995599    -0.7515745892    -7.5948087482
   13.9117529445     1.2488617466    -8.1390498329
   12.4105720321    -0.3636957095    -8.5018772227
   12.3752008245     1.5465891296    -8.6832909176
   13.9965728276     7.4785963772     0.1492883531
   15.0417874712     8.5727271200    -0.7577801214
   12.6567629375     7.7136633192    -1.3020212061
   16.6979213652     8.4235477233    -1.6648485960
   13.9599998219     8.8496506479    -2.2090896807
   11.9962992297     6.8564967263    -2.7533307654
   15.7113921754     8.8548414726    -3.1161581552
   13.1567557893     8.1137602225    -3.6603992399
   12.3810211367     5.7840500528    -4.2046403246
   14.7247770093     8.1466333801    -4.5674677144
   13.5838177483     6.6927459691    -5.1117087992
   15.3156144628     6.5279068356    -5.4745361890
   -6.2945289543     2.3856670859    -1.0166725819
   -6.2471154642     4.1409604807    -1.9237410564
   -5.7823856163     1.4370835412    -2.4679821411
   -5.0866589047     5.3982239769    -2.8308095309
   -5.8623935572     3.0685138072    -3.3750506156
   -3.5186376846     5.4310971345    -3.7378780055
   -4.5075208576     1.4159156022    -3.9192917004
   -4.6595969457     3.9772097235    -4.2821190902
   -2.8924290236     1.9020857509    -4.4635327851
   -2.9278002312     3.8123705900    -4.6449464800
    3.4101991573     6.8876766477     2.1769643389
    4.4456038330     6.8036850838    -0.1814136949
    3.5077043482     7.4097343514    -1.6327232542
    3.4143250778     5.8994774045    -2.5397917287
   -6.2077154630     8.1675920345     1.9955506440
   -6.0817599655     9.7640160169     1.0884821694
   -6.7896371633     7.1515560292     0.5442410847
   -6.7422236733     8.9068494239    -0.3628273898
   -6.2774938253     6.2029724845    -0.9070684745
   -5.5817671137    10.1641129201    -1.2698958643
   -6.3575017663     7.8344027505    -1.8141369491
   -1.1291389218    12.4128882441     4.0553519715
   -2.5554317806    11.1416180251     3.8739382766
   -2.3911309455    13.3386366678     3.5111108868
   -3.8568963332    11.9772796275     2.9668698021
   -1.3459163020    14.4327674107     2.6040424123
   -3.7309408357    13.5737036099     2.0598013276
   -2.4277039512    14.7096909386     1.1527328530
   -4.3914045434    12.7165370170     0.6084917683
   -3.2309479838    13.9738005131    -0.2985767062
    1.7810391007    10.7253629363     4.0553519715
    3.0780690998     9.5660506480     3.6925245817
    3.3705149115    11.3908936786     3.1482834970
    3.2278216821     8.0660432743     2.7854561072
    4.4111947065    10.2175408948     2.2412150225
    3.2203956145    12.5960627061     1.6969739378
    4.2763238170     8.5119088217     1.3341465480
    4.4059195872    11.3069021146     0.7899054632
    4.4570324421     9.5788161608    -0.1171630113
    4.0608950543     8.1415225280    -3.2805643162
    2.8045933491     6.9147344590    -4.1876327907
    4.2416036794     9.2084298670    -4.7318738755
    1.1176378185     6.8345524506    -5.0947012653
    3.1552586848     8.0318718058    -5.6389423500
    0.0429393230     7.9335805368    -6.0017697398
    3.1592120694    10.0323081416    -6.1831834347
    1.6580311569     8.4197506855    -6.5460108245
   -3.9463695984    13.2033173161    -2.5549095366
   -4.6542467962    10.5908573284    -3.0991506213
   -4.6068333061    12.3461507232    -4.0062190958
   -4.1421034582     9.6422737837    -4.5504601805
   -3.4463767465    13.6034142194    -4.9132875704
   -4.2221113991    11.2737040497    -5.4575286551
   -1.8783555265    13.6362873770    -5.8203560449
   -2.8672386995     9.6211058447    -6.0017697398
   -3.0193147876    12.1823999660    -6.3645971296
    2.6741725800    17.1412899326    -5.3403656438
    0.1195361939    16.4002086825    -5.8846067285
    3.9083262577    16.0268848594    -6.2474341183
    3.8109936028    12.5161915768    -6.6102615081
    1.6875574139    16.4330818401    -6.7916752030
    0.6986742410    12.4179003078    -6.9730888979
    3.8149469874    14.5166279126    -7.1545025928
    0.5465981529    14.9791944292    -7.3359162877
    2.3137660750    12.9040704565    -7.5173299827
    2.2783948674    14.8143552956    -7.6987436776
    0.7662562448    15.6821142044     1.3832794237
   -0.4957357789    16.6078626281     0.8390383389
   -1.9615011666    15.2465055878     0.2947972542
    0.5494788646    17.7019933710    -0.0680301356
   -1.8355456691    16.8429295702    -0.6122712203
   -0.5323087846    17.9789168988    -1.5193396948
   -2.4960093769    15.9857629772    -2.0635807796
   -1.3355528173    17.2430264734    -2.9706492541
    3.6764342672    13.9964786226     1.3832794237
    4.9734642664    12.8371663343     1.0204520338
    5.2659100781    14.6620093648     0.4762109491
    5.1232168487    11.3371589606     0.1133835593
    6.3065898731    13.4886565811    -0.4308575254
    5.1157907811    15.8671783924    -0.9750986101
    6.1717189836    11.7830245080    -1.3379259999
    6.3013147538    14.5780178009    -1.8821670846
    6.3524276087    12.8499318470    -2.7892355592
   -6.2167085306    -6.6692194672     0.9297451864
   -7.7532719977    -6.6266483246     0.0226767119
   -5.3354355629    -7.5906781972    -0.5215643729
   -8.8399898609    -5.3338635775    -0.8843917627
   -7.0750698354    -7.4933748319    -1.4286328474
   -8.7925763709    -3.5785701827    -1.7914602372
   -4.2913277381    -7.3224611391    -1.9728739321
   -8.3278465229    -6.2824471222    -2.3357013219
   -5.9782832687    -7.4026431475    -2.8799424066
   -8.4078544639    -4.6510168562    -3.2427697964
   -3.9406624024    -6.2053237923    -3.4241834913
   -7.0529817642    -6.3036150613    -3.7870108812
   -7.2050578523    -3.7423209399    -4.1498382710
   -5.4378899303    -5.8174449126    -4.3312519659
   -7.1135561910    -0.2106986704     1.9823225620
   -8.5793215787    -1.5720557107     1.4380814773
   -8.4533660812     0.0243682716     0.5310130028
   -9.1612432790    -2.5880917160    -0.0132280819
   -7.1501291967     1.1603556003    -0.3760554717
   -9.1138297889    -0.8327983213    -0.9202965564
   -7.9533732294     0.4244651749    -1.8273650310
   -8.7291078819    -1.9052449948    -2.3716061157
   -6.3853520094     0.4573383325    -2.7344335055
   -7.5263112704    -0.9965490785    -3.2786745902
   -7.8337878231     2.2152137102     9.7484664665
   -4.9173345486     1.9706438372     9.4662673856
   -9.3728042922     0.8410964036     9.3251678451
   -6.7721615712     3.4292930679     9.0429687641
   -9.3516627305     2.5813359955     8.6196701427
   -4.9369026920     3.4115419063     8.3374710617
   -8.0115289586     4.0163238931     7.9141724403
   -3.3884147038     2.0902736062     7.6319733593
   -5.9158586446     4.3541524859     7.2086747378
   -2.9165703800    -0.0247600545     6.9264756569
   -9.3337895708     3.6618730284     6.7853761164
   -7.0791159805    -3.4262856820     6.6442765759
   -3.9436318981     3.3493670882     6.5031770354
   -3.7977409918    -2.0747275148     6.2209779545
   -7.2848465969     4.5582211312     6.0798784140
   -2.9125689292     1.3619280856     5.7976793330
   -5.7062830990    -3.2307098936     5.5154802521
   -3.2272517369    -0.8160501146     5.0921816306
   -8.5363070674     3.9784821284     4.9510820901
   -7.8662269901    -3.0556475063     4.8099825496
   -4.6990914381    -2.3089846380     4.3866839282
   -9.1765809574     2.7825407211     3.8222857663
   -6.6078469268    -2.5447389015     3.6811862258
   -4.5607753475    -0.9301956282     3.2578876043
   -7.4559566245     3.0439459766     3.1167880639
   -7.9590111314    -1.5248639564     2.9756885234
   -8.6042307153     1.3298174293     2.6934894424
   -6.1569201236    -0.9375509758     2.5523899019
   -7.4860834977     0.1992850748     2.2701908210
   -6.0821107379     0.2506117815    10.7525408751
   -7.5084035967    -1.0206584375    10.5711271802
   -4.7850807388    -0.9087005068    10.3897134853
   -7.3441027616     1.1763602052    10.2082997904
   -6.7685085192    -2.5363887302    10.0268860955
   -4.4926349270     0.9161425237     9.8454724006
   -8.8098681493    -0.1849968351     9.6640587057
   -4.6353281564    -2.4087078805     9.4826450108
   -8.3050719863    -2.4938175876     9.1198176210
   -3.4519551320    -0.2572102600     8.9384039261
   -5.8872355515    -3.4578474601     8.5755765363
   -3.5868260216    -1.9628423331     8.0313354515
   -7.6268698240    -3.3605440948     7.6685080617
   -4.8431277268    -3.1896304021     7.1242669770
  -11.0132886520     0.3346778118     7.8537012086
  -10.5084924890    -1.9741429407     7.3094601239
  -10.8873331545     1.9311017941     6.9466327341
  -11.5952103523    -0.6813581936     6.4023916494
   -9.8302903268    -2.8408694480     5.8581505647
  -11.5477968623     1.0739352012     5.4953231748
  -11.0830670143    -1.6299417383     4.9510820901
  -10.3873403027     2.3311986974     4.5882547003
   -8.7335037601    -2.7501377636     4.4068410054
  -11.1630749553     0.0014885277     4.0440136156
   -9.8082022556    -1.6511096773     3.4997725309
   -9.9602783437     0.9101844440     3.1369451411
   12.0280768400    -2.3003930257    -4.8362572144
   12.6439731684     5.2278445206    -4.9752641769
    9.8002682099    -2.1599129720    -5.5312920271
   12.8906762639     4.1417083270    -6.7823546901
   14.9368480918     2.7476378187     2.7164411848
   16.2561135204     1.5831792668     2.4630582072
   13.6532759265     3.7108656811     2.3363667184
   16.6024195376     3.4699028936     2.0829837408
   15.3420389310     1.7203484715    -6.1519630321
   16.0982197778     0.7632324493     2.5826255178
   14.6719257421    -0.5053919875     2.4415259773
   17.4078142371    -0.3960922823     2.3004264368
   15.4046482040    -2.0630948744     2.0182273558
   17.7404800547     1.4698664502     1.8771278153
   17.6210849129    -1.9779417903     1.5949287344
   18.9372754800     0.2725902408     1.1716301129
   16.3382658299    -3.2239822405     0.8894310320
   18.9675348275    -1.6504313296     0.4661324105
   14.3404271027    -3.3348480798     0.1839333296
   17.6923008263    -3.3144457043    -0.2393652919
   19.7412442233    -0.5255374415    -0.6626639133
   15.5786986228    -3.9270630690    -0.9448629943
   18.8600736116    -2.5755049018    -1.3681616157
   16.9515315043    -3.7314872805    -2.0736593182
   19.4305628664    -1.3168275016    -2.4969579396
   14.7915876133    -3.5564248933    -2.7791570206
   17.9587231652    -2.8097620250    -3.2024556420
   13.2690238418    -2.2053643721    -3.4846547230
   19.1538665001     0.0117181433    -3.6257542635
   16.0499676765    -3.0455162885    -3.9079533444
   18.0970392558    -1.4309730152    -4.3312519659
   14.6988034719    -2.0256413434    -4.6134510468
   16.5008944798    -1.4383283628    -5.0367496683
    4.8183671019     5.0059959240    -6.1407311396
    7.2386310468    -2.6271650865    -6.2674226284
    7.0057906615     6.0844992149    -6.7741885837
    4.8879219589    -1.9217525704    -6.9008800725
    5.4994971025     5.6971437064    -7.7877204942
   11.3140490007     4.0187318884    -8.0411034718
    4.2286230805    -1.2285633222    -8.5478694271
    4.3703466949     4.6448600304    -8.8012524047
    5.5995093443    -1.8533428468    -9.5614013376
    4.3402232776    -0.0885001768   -10.1948587816
   10.9410531982     0.8677264433   -10.3215502704
    5.5801173691     4.5133578518   -10.4482417593
    4.4486918351     1.8547775489   -10.8283162257
    5.8127050249    -0.2852436195   -11.2083906921
    9.8939181032     1.9629572658   -11.3350821809
    5.7269684592     2.9599111373   -11.4617736698
    7.9033446495    -0.2263641882   -11.5884651586
    6.2675767370     1.3063121367   -11.8418481362
    8.1837568861     1.3537416297   -11.9685396250
   10.4260769831     6.1899976951    -4.7582501917
    8.9112944563     6.5343492211    -5.7717821022
   11.0846325567     5.4667015471    -6.4052395463
    9.6244526878     5.6761651127    -7.4187714568
    7.0889785552     5.8972752090    -0.4547940546
    5.8496111678     6.4843060343    -1.5835903784
    7.9452814818     6.8221346271    -2.2890880809
    4.5273505556     6.1298551695    -2.7123867023
    6.5762935295     7.0262032723    -3.4178844047
    3.6168573171     5.0835124290    -3.8411830262
    5.3248330590     6.4464642695    -4.5466807286
    3.4485167781     3.7249580484    -4.9699793500
    7.3910508997     6.5170387099    -5.2521784310
    4.6845591689     5.2505228622    -5.6754770524
    9.8550907242    -2.1309181602    -6.3570382257
    8.6031833291    -3.1800577398    -7.2641067002
   10.9035928590    -1.6850526128    -7.8083477849
    6.8635490565    -3.0827543745    -8.1711751747
    9.6472911538    -2.9118406817    -8.7154162594
   11.0843014842    -0.6181452737    -9.2596573441
    7.9603356232    -2.9920226901    -9.6224847340
    9.9979564895    -1.7947033349   -10.1667258187
    6.8856371277    -1.8929946039   -10.5295532085
    8.5007289617    -1.4068244552   -11.0737942932
    9.9629379418     5.7023422997    -8.0710196973
    7.2250163986     6.1284452243    -8.6152607820
   11.1484619145     4.4131817082    -8.9780881718
    8.9764087520     6.1336360490    -9.5223292566
    6.4217723659     5.3925547989   -10.0665703413
   10.2105624297     5.0192309758   -10.4293977311
    7.9897935859     5.4254279565   -10.9736388158
   10.1171831594     3.5089740290   -11.3364662056
    6.8488343249     3.9715405456   -11.5178799005
    8.5806310394     3.8067014120   -11.8807072903
    2.9933603755     2.0165339416    -5.5520149545
    3.4981565385    -0.2922868109    -6.0962560392
    3.1193158730     3.6129579240    -6.4590834290
    2.4114386752     1.0004979363    -7.0033245138
    2.4588521652     2.7557913311    -7.9103929883
    2.9235820132     0.0519143916    -8.4546340730
    3.6193087248     4.0130548272    -8.8174614628
    2.8435740722     1.6833446576    -9.3617025475
    4.0463706838     2.5920405739   -10.2687710221
   16.2122703794     4.9223452647     1.9298266147
   14.9339871258     5.8774687518     1.5128057270
   15.9993489824     7.1010277658     0.8177709143
   13.4029298512     6.2512406784     0.4007500266
   13.7503864634     5.1661438375    -5.4375424006
   16.5487775710     6.0608525007    -5.7155563257
   15.5172216410     4.8434120237    -6.1325772133
   18.9525158176     4.9227124316     2.3328268091
   17.5199019640     3.6492865533     2.2061353203
   17.6689436523     5.8859402940     1.9527523427
   20.6180872634     5.6449775065     1.6993693651
   18.7402802594     7.1411189249     1.3192948986
   20.6356125545     7.1601393216     0.6858374546
   17.4507005871     7.8164481290     0.3057629881
   22.2898913433     5.8208777175     0.0523800105
   22.8655113889     3.5910648477    -0.5810774336
   22.0061909824     1.3272542342    -1.2145348776
   23.0592176961     5.1121892974    -1.5946093441
   19.9560438359    -0.0836159338    -1.8479923217
   22.8780359819     2.6129565225    -2.2280667881
   22.4879987713     6.5604133431    -2.6081412546
   21.3211870227     0.6616012528    -2.8615242322
   23.0300115817     4.1529697741    -3.2415986986
   17.6839809107     8.1744423633    -4.0017476315
   22.4096063499     5.5173615984    -4.2551306091
   16.7540671397     7.0550393064    -5.0152795420
   21.1537630578     6.2406661212    -5.2686625197
   18.5958450797     6.9851763207    -5.6487369861
   16.9866547955     2.2564378352    -5.7754284749
   16.9009182298     5.5015925920    -6.0288114525
   19.5268309295     5.6469429874    -6.2821944302
   17.4415265076     3.8479935913    -6.4088859190
   21.2284255038     7.5320732098     0.0755890395
   19.4221723127     8.8864216342    -0.4686520452
   21.0783062068     8.7372422374    -1.3757205197
   18.3403846635     9.1633451620    -1.9199616044
   22.2638301795     7.4480816459    -2.2827889942
   20.0917770170     9.1685359867    -2.8270300789
   17.5371406309     8.4274547366    -3.3712711637
   21.3259306947     8.0541309135    -3.7340985535
   19.1051618509     8.4603278942    -4.2783396382
   20.8779327041     0.5123428096    -4.3274725139
   22.3149430344     2.8060382176    -4.8717135986
   19.1909771734     0.4321608012    -5.2345409884
   21.2285980398     1.6294801564    -5.7787820731
   18.1162786779     1.5311888875    -6.1416094629
   21.2325514243     3.6299164922    -6.3230231579
   19.7313705119     2.0173590362    -6.6858505477
   19.6959993044     3.9276438753    -6.8672642426
   19.6389496929     3.9525849931     2.6645136439
   18.2126568341     2.6813147741     2.4830999490
   20.9359796921     2.7932727049     2.3016862541
   18.9525519116     1.1655844815     1.9388588643
   21.2284255038     4.6181157354     1.7574451694
   21.0857322744     1.2932653311     1.3946177796
   22.2691052988     3.4447629516     0.8503766949
   19.8338248793     0.2441257515     0.4875493051
   22.1342344093     1.7391308786    -0.0566917797
    0.1392106782     0.7398620244    -4.6256565498
    3.2982826110    -3.4647323870     3.7583195575
    4.8190960343    -3.7304474461     2.8740090734
    2.4748739875    -4.5772187211     2.3213150208
    2.2748439576     2.9226300904    -4.2004747996
    0.6193144648     1.1410772678    -4.5320912312
    4.3447730845     2.1632988026     6.8271126452
    2.9110225548     0.8896464173     6.7165738347
    3.6433223516    -0.7011625254     6.3849574032
    1.9223744755    -0.7890514836     5.8322633506
    4.6116421731    -2.0020844718     5.5006469190
    0.4516296968     0.5691170866     5.2795692980
    2.4628589784    -2.2188783147     4.9479528665
    5.0902164921     5.6754096538     4.5057976244
    3.7882335496    -3.1145708060     4.0636423823
    3.5325075400     6.2163286561     3.6214871403
    4.6005408302     6.5563386631     2.1844826036
    6.9714922086     2.1632988026     6.8271126452
    5.5377416789     0.8896464173     6.7165738347
    8.2954933484     0.9979221646     6.6060350242
    5.6833512360     3.1347262418     6.4954962137
    6.2700414758    -0.7011625254     6.3849574032
    8.5468341580    -0.6399988375     6.0533409716
    7.2383612972    -2.0020844718     5.5006469190
   10.0618314280    -0.3730431015     5.1690304875
    5.4283969051     5.1786382803     5.0584916770
    8.7591747205    -2.2677995309     4.6163364349
    6.4149526737    -3.1145708060     4.0636423823
    6.1592266641     6.2163286561     3.6214871403
    7.2272599544     6.5563386631     2.1844826036
    5.4478778960     6.4284467101     1.3001721194
    8.2840941998     6.2499397100     0.7474780668
    8.5517208593    -3.4647323870     3.7583195575
    6.4029376646    -3.6815262299     3.2056255050
    7.7283122358    -4.5772187211     2.3213150208
    9.4149151497    -4.7316211334     1.4370045367
    7.2383612972    -4.9273803022     2.0159921961
    8.7591747205    -5.1930953612     1.1316817119
    6.4149526737    -6.0398666363     0.5789876593
    8.1015555876    -6.1942690485    -0.3053228248
    9.7439485537    -5.5667262082    -1.1896333089
    7.0675662257    -6.5894772567    -1.7423273615
    8.7725232160    -6.0820618088    -2.6266378456
    5.9876862754    -6.3462020600    -3.1793318982
    4.6116421731    -4.9273803022     2.0159921961
    2.4628589784    -5.1441741451     1.4632981435
    3.7882335496    -6.0398666363     0.5789876593
    1.2346950299    -5.3664668660     0.0262936068
    2.6808494791    -6.3311032164    -0.8580168774
    0.2359153482    -4.8673342409    -1.4107109299
    4.4408471015    -6.5894772567    -1.7423273615
    1.6457110609    -5.9599881088    -2.2950214141
    3.3609671512    -6.3462020600    -3.1793318982
    5.0081528159    -5.9521857154    -4.0636423823
    2.4624979756     2.5612482274    -4.5057976244
    1.6554748416     1.2341142822    -5.3901081085
    1.9326740268    -0.3215706474    -6.2744185926
    4.8064331139    -3.5428605099    -6.3849574032
   10.4179900208    -2.1638104406     4.6426300417
   11.3863098422    -3.4647323870     3.7583195575
   14.2097799730    -1.8356910167     3.4267031260
   12.9071232655    -3.7304474461     2.8740090734
   10.5629012187    -4.5772187211     2.3213150208
   14.4222867036    -3.1110739351     1.9896985893
   12.2495041326    -4.7316211334     1.4370045367
   11.8531044578     5.0084014774     2.4827138760
   11.6463694930     6.8285962971    -3.5969207024
   -1.1802188180     1.0680709022    -4.6426300417
   -0.6829476521     2.7472544754    -4.9742464732
   -2.2841059821     3.8027747179    -5.0847852837
   -0.2189151780     6.3017987177     5.0847852837
    1.1050859618     5.1364220797     4.8637076627
    1.4631780301     7.0364925614     4.5320912312
    3.2607073754     7.2633227370     3.0950866944
    1.9585725316     3.6800623331    -4.0899359891
   -2.0048739239     4.9128956922    -4.8637076627
    0.7400160173     5.2001188086    -4.9742464732
   -0.8611423126     6.2556390511    -5.0847852837
   -1.4415678926     8.5203370283     5.0847852837
   -2.8753184223     7.2466846430     4.9742464732
   -0.1175667529     7.3549603903     4.8637076627
   -2.7297088653     9.4917644674     4.7531688522
   -4.3197284385     8.1027393903     4.4215524206
   -4.3564820954     9.9337551054     3.8688583681
   -5.6802449398     9.1543734585     2.9845478839
   -5.4479524722    11.3503240357     0.1105388105
   -5.4807213591    10.5297232945    -2.2107762103
   -5.9908097575     6.5292824543    -2.5423926419
   -5.6651589143     8.9281974744    -3.0950866944
   -4.9578262330     7.5706249733    -3.9793971786
   -3.2275266385     7.1314340028    -4.8637076627
   -0.0186042232    10.9732013615     5.0847852837
   -1.4523547529     9.6995489762     4.9742464732
    1.3053969165     9.8078247235     4.8637076627
   -1.3067451959    11.9446288006     4.7531688522
    1.6634889849    11.7078952052     4.5320912312
   -2.8967647691    10.5556037235     4.4215524206
    1.5567377261     8.1699037213     4.3110136101
   -0.2298035133    13.2343787058     4.2004747996
    1.7153604874    13.2872318811     3.6477807470
    0.7268391845    14.4853122127     2.7634702629
   -4.9568693248    12.2853269576    -0.7737716736
    4.8688377312     9.2946016025    -1.5666844427
   -4.8231150953    12.0577433782    -2.0088396848
   -3.5525573056    14.6214397219    -2.5615337374
   -1.3240160878     7.1040844781    -5.5460816213
   -2.8842521335     8.7930723128    -6.0987756739
   -2.2354709689    13.7875640245    -6.3198532949
    0.1431653791     7.5845597682    -6.4303921054
   -1.3466498141     8.7455202296    -6.9830861580
   -1.9582717837    12.2318790949    -7.2041637790
    0.9154873033     9.0105892323    -7.3147025896
   -1.3321314719    10.4025496890    -7.5357802106
    1.4127584693    10.6897728055    -7.6463190211
   -0.1883998607    11.7452930480    -7.7568578316
    0.5867602447    15.2138547609     2.0810963043
    3.5569944255    14.9771211655     1.8600186833
    1.6637019272    16.5036046661     1.5284022517
    3.6088659280    16.5564578414     0.9757081991
    2.6203446250    17.7545381729     0.0913977150
    4.9429478777    16.7626390738    -0.4612963376
    3.7780250727    18.0058203134    -1.3456068217
    5.9325329825    16.2011272799    -1.8983008743
    2.1306689631    18.6354671823    -2.2299173058
    4.7931617442    17.5701187891    -2.7826113584
    5.8864019653    10.7207357066    -3.0036889794
    0.3512869048    18.5075752293    -3.1142277899
    6.4172938715    15.2144764410    -3.3353054110
   -3.0633638842    15.5545529178    -3.4458442215
    3.1875032085    18.3290682292    -3.6669218425
    6.4626319551    12.3925675057    -3.8879994636
   -1.1890906784    17.6488120300    -3.9985382741
    5.3998563344    16.6410122725    -4.2196158951
    4.9692694203    10.0838981095    -4.4406935161
    1.4569669625    18.3237994858    -4.5512323267
    6.2612794146    14.0938853511    -4.7723099477
   -2.1642522491    16.2518135879    -4.8828487582
    3.9156555009    17.4347834454    -5.1039263792
    5.5694027606    11.6324044624    -5.3250040003
   -0.0073738915    17.5656725769    -5.4355428108
    5.3371093149    15.4299599707    -5.6566204318
   -2.3486898043    14.6502877679    -5.7671592423
    5.3137846717    13.1752303687    -6.2093144844
   -0.8143970255    16.2385386317    -6.3198532949
    4.0523889269    11.6206909372    -6.7620085370
   -0.5371978403    14.6828537021    -7.2041637790
    0.0889424715    12.8535242962    -7.5357802106
   -3.2458050309     3.8330872929     6.3950881138
   -1.9241851140     2.6671120592     6.1466657568
   -4.5316619912     4.7988516474     6.0224545783
   -1.5754392050     4.5583397120     5.7740322213
   -1.6875440361     1.0475530015     5.5256098643
   -3.4581090750     6.0614813293     5.4013986858
   -0.3185193368     3.3455981865     5.1529763289
   -6.1189622599     5.2115773104     5.0287651504
   -4.7565707057     6.7514019034     4.4077092579
   -6.2373489685     6.4957367043     3.4140198299
   -7.4289026875     5.4805643526     2.4203304020
   -8.0107948588     3.9992142972     1.4266409740
   -7.8315614372     2.4384121949     0.4329515461
   -7.2957411733     4.7606463832    -0.1881043464
   -6.9569753790     3.3278723645    -1.1817937743
   -6.0352193531    -3.7403199512     3.6762831530
   -3.2791186478    -3.6313446608     3.5520719745
   -5.3008331515    -5.3218761063     3.3036496175
   -7.4601598218    -2.8862121015     3.0552272605
   -3.0424775699    -5.2509037185     2.9310160820
   -6.9969355497    -5.3909664243     2.6825937250
   -4.3439374714    -6.5701279424     2.3099601895
   -8.4157428764    -4.0413169272     2.0615378325
   -1.5906257213    -4.9593233423     1.9373266540
   -6.4381472717    -6.7458745704     1.6889042971
   -2.8850315943    -6.7681110073     1.3162707616
   -8.3820449463    -5.5269509633     1.0678484046
   -5.1442332315    -7.5269805239     0.6952148691
   -9.3138982053    -3.2806242914     0.4467925121
   -1.4993373763    -6.1033566504     0.3225813336
   -3.5734018362    -7.5537489677    -0.2984745588
   -0.5824745467    -4.8115223857    -0.6711080943
   -2.1555829634    -6.8307094602    -1.2921639868
   -1.2609599992    -5.5461765018    -2.2858534148
   -3.2154477723    -6.8613748754    -2.9069093072
   -8.3119089129    -2.9705843555    -3.7763875567
   -2.5505463335    -5.5530937554    -3.9005987352
   -4.9711593819     0.0386545101    -4.0248099137
   -7.1253483974    -1.5471292030    -4.3974434491
   -3.6420553116    -1.0945144681    -4.6458658061
   -3.1155114500    -4.0133927997    -4.8942881631
   -5.4904613114    -1.6253261145    -5.0184993416
   -5.3311918211    -4.3789782242    -5.1427105201
   -4.2016173550    -2.8274320610    -5.2669216986
   -0.3698470903    -0.4420001916     4.9629134181
   -1.7983133676    -1.7135570224     4.8051623790
    0.9370072515    -1.6030901001     4.6474113400
   -1.0617874257    -3.2578883065     4.3319092619
    1.1269878357    -3.1568743158     3.8586561447
   -2.6711052053    -3.2678542385     3.5431540666
   -0.1460307126    -4.3329971656     3.0699009495
   -0.8659635436    -4.7431321213     1.0191374419
   -1.3791822267    -3.7206793857    -3.8586561447
   -2.9541581514    -0.6966424308    -4.1741582228
   -1.8729278154    -2.2352322123    -4.6474113400
   -1.1892288732    -0.6263338928    -4.9629134181
    3.3226774915     3.3015469918     6.6485489999
    1.8942112141     2.0299901610     6.4907979608
    2.0511280013     4.2446233493     6.1752958827
    0.5370889870     2.8732336900     5.7020427656
    3.1082143345     5.4160810158     5.3865406875
    7.9940801353     3.3015469918     6.6485489999
    9.3009344770     2.1404570833     6.3330469218
    6.7225306451     4.2446233493     6.1752958827
    9.6190791054     3.9938597785     5.8597938047
    7.7796169783     5.4160810158     5.3865406875
   10.7602703442     2.8037824786     5.0710386094
    9.5521675850     5.3510500675     4.5977854923
   10.9746346255     4.0414567225     3.8090302970
    8.5717243948     6.1195473265     3.3357771799
   10.3029091076     5.0893273320     2.5470219846
    9.4650169614    -5.7575891684    -2.7047730237
   10.3791095271    -4.9128971445    -3.9667813361
    8.6388013023    -5.6952862975    -4.7555365313
   10.4644422135    -3.6513768297    -5.2287896485
    6.9847449988    -5.1776581229    -5.5442917266
    9.0059047722    -4.3315764827    -6.0175448437
    0.0400896744    -4.6247340366    -3.0202751018
    2.8265610381    -6.2001108585    -3.4935282189
    1.0333036894    -5.3746877096    -4.2822834142
    3.9673986585    -5.6952862975    -4.7555365313
    0.2167840435    -3.7177673367    -5.0710386094
    2.3133423550    -5.1776581229    -5.5442917266
    0.7383664303    -2.1536211680    -5.8597938047
    4.3345021284    -4.3315764827    -6.0175448437
    1.8195967663    -3.6922109495    -6.3330469218
    2.5032957085    -2.0833126300    -6.6485489999
   12.0294738320    -5.0151882475     0.9930920880
   13.2765942804    -4.9828015131    -0.2689162244
   11.3095410009    -5.4253232032    -1.0576714196
   12.4503786213    -4.9204986421    -2.3196797320
   12.8174820913    -3.5567888273    -3.5816880444
   11.8056574543     1.0376552574     5.4618010791
   10.3771911769    -0.2339015733     5.3040500400
   13.1125117960    -0.1234346510     5.1462990010
   11.1137171188    -1.7782328574     4.8307969229
   13.4306564244     1.7299680441     4.6730458838
   13.3024923803    -1.6772188667     4.3575438057
   11.5911942973     3.1521892815     4.1997927667
   14.5718476632     0.5398907442     3.8842906886
   13.3637449040     3.0871583332     3.4110375714
   10.1051401647     5.5164089397     2.0216781598
   11.1622264979     6.6878666062     1.2329229646
    9.9779362429     7.1652046043    -0.0290853478
   11.9543339144     7.3913329168    -0.8178405431
   10.7113060941     7.3301884761    -2.0798488555
   13.7887100234    -2.2880522533    -5.2048805066
   11.8216567438    -2.7305739434    -5.9936357018
   14.7028025890    -1.4433602294    -6.4668888190
   15.3489046258     1.5411116616    -6.9401419361
   12.9624943642    -2.2257493824    -7.2556440142
   14.7881352754    -0.1818399147    -7.7288971314
   14.1990339685     2.1921308520    -8.2021502485
   13.3295978342    -0.8620395676    -8.5176523266
   13.3337894656     0.8489285818    -8.9909054438
   13.9866373453     7.4949520497     0.6856418859
   15.0437236785     8.6664097162    -0.1031133094
   12.5319298001     7.8135330635    -0.5763664265
   13.8594334235     9.1437477144    -1.3651216218
   15.8358310950     9.3698760269    -2.1538768170
   12.7099783732     8.6666629294    -2.6271299342
   14.5928032747     9.3087315861    -3.4158851294
   12.1531112973     7.5523218928    -3.8891382465
   16.3620865937     8.6751911972    -4.2046403246
   13.7270369218     8.3701989044    -4.6778934418
   12.6738757743     6.2972334530    -5.1511465589
   15.1839669058     7.7643114546    -5.4666486370
   -6.8148784424     3.0441791054    -2.2707933423
   -6.0903033966     4.8367856472    -3.0595485375
   -6.0911213065     2.0175510387    -3.5328016547
   -4.5163777721     5.6546626588    -3.8483037328
   -3.9945629949     0.5576602525    -4.0060547718
   -5.5695389196     3.5816972074    -4.3215568499
   -3.0594477881     5.0487752090    -4.6370589280
   -4.4883085837     2.0431074259    -4.7948099671
   -3.8046096414     3.6520057454    -5.1103120452
    4.8008998207     6.9610833749     0.7098796757
   -6.2659245719     8.1739150880     2.6028921443
   -6.2065931029     9.8638857611     1.8141369491
   -7.0262068550     7.0931748950     1.3408838319
   -7.1517383647     9.0446552126     0.5521286367
   -6.7629238845     5.8764732821     0.0788755195
   -6.0285445298    10.7170156271    -0.2366265586
   -7.3099866514     7.8100680486    -0.7098796757
   -6.5854116056     9.6026745904    -1.4986348710
   -6.5862295155     6.7834399820    -1.9718879881
   -6.0646471286     8.3475861506    -2.7606431833
   -2.4010664278    13.3549923404     4.0474644196
   -3.9151054421    11.9836026810     3.5742113024
   -1.3439800947    14.5264500069     3.2587092243
   -3.8557739730    13.6735733541     2.7854561072
   -2.5282703496    15.0037880050     1.9967009120
   -4.8009192349    12.8543428056     1.5234477948
   -3.6777254000    14.5267032201     0.7346925996
    3.0875154265     9.5633007665     4.2052154586
    3.4056600549    11.4167034617     3.7319623415
    3.2774960108     8.0095165508     3.4164602634
    4.5468512937    10.2266261618     2.9432071462
    4.5185902159     8.3796581691     2.1544519510
    4.7612155749    11.4643004057     1.6811988339
    5.0949391869     9.4827114112     0.8924436386
    4.3031614532     8.0092718754    -2.4602589132
    4.8795104242     9.1123251175    -3.7222672255
    3.9502617139     7.3400861656    -4.5110224208
    2.2099534891     6.5576970126    -5.2997776160
    4.0355944003     8.6016064803    -5.7730307332
    0.5558971856     7.0753251872    -6.0885328113
    2.5770569590     7.9214068274    -6.5617859284
    2.5812485905     9.6323749769    -7.0350390456
   -5.0163479976    12.4839565118    -3.0912630694
   -3.8931541627    14.1563169263    -3.8800182646
   -5.1745962843    11.2493693479    -4.3532713817
   -4.4500212385    13.0419758897    -5.1420265770
   -4.4508391484    10.2227412812    -5.6152796941
   -2.8760956140    13.8598529013    -5.9307817722
   -3.9292567615    11.7868874499    -6.4040348894
   -2.8480264255    10.2482976684    -6.8772880065
   -2.1643274833    11.8571959879    -7.1927900846
    3.3248669984    16.9616396572    -6.4288478132
    0.6898173265    16.6566473644    -6.9021009304
    4.1022280114    15.4598970179    -7.2176030085
   -0.3633438210    14.5836819130    -7.3753540475
    3.2327918771    12.4057265984    -7.5331050866
    2.1467473105    16.0507599146    -7.6908561256
    0.7178865149    13.0450921315    -7.8486071647
    3.2369835085    14.1166947478    -8.0063582037
    1.4015854572    14.6539904510    -8.1641092427
   -0.5056712613    16.6242183007     1.3753918717
    0.5514150719    17.7956759672     0.5866366765
   -1.9603788065    16.9427993144     0.1133835593
   -0.6328751831    18.2730139653    -0.6753716359
   -2.9055240683    16.1235687658    -1.1486247531
   -1.7823302334    17.7959291804    -1.9373799483
    4.9829105930    12.8344164528     1.5331429108
    5.3010552215    14.6878191480     1.0598897936
    5.1728911773    11.2806322371     0.7443877155
    6.4422464603    13.4977418481     0.2711345984
    6.4139853824    11.6507738554    -0.5176205969
    6.6566107415    14.7354160920    -0.9908737140
    6.9903343534    12.7538270975    -1.7796289093
    6.0610856432    10.9815881456    -2.5683841045
   -7.8319468801    -6.7090452638     0.7010061798
   -5.3068723875    -7.7741881909     0.2277530626
   -9.0765595526    -5.3922447116    -0.0877490155
   -7.2145775973    -7.8124809622    -0.5610021326
   -4.0597519390    -7.7418014564    -1.0342552498
   -8.8132765822    -6.6089463246    -1.3497573279
   -6.0268052185    -8.1843231465    -1.8230104450
   -9.3603393491    -4.6753515580    -2.1385125231
   -7.8200625672    -7.3588999977    -2.6117656402
   -4.8859675981    -7.6794985855    -3.0850187574
   -8.6365822131    -5.7019796247    -3.4005208355
   -6.5400239016    -7.1618704109    -3.8737739526
   -8.1149998262    -4.1378334560    -4.1892760307
   -4.5188641282    -6.3157887707    -4.3470270698
   -7.0337694903    -5.6764232375    -4.6625291479
   -8.6375306876    -1.5657326572     2.0454229777
   -8.5781992185     0.1242380159     1.2566677824
   -9.3978129707    -2.6464728502     0.7834146653
   -9.5233444804    -0.6949925327    -0.0053405300
   -8.4001506455     0.9773678818    -0.7940957252
   -9.6815927671    -1.9295796966    -1.2673488424
   -8.9570177213    -0.1369731548    -2.0561040376
   -7.3830920968     0.6809038568    -2.8448592328
   -8.4362532443    -1.3920615946    -3.3181123500
   -7.8443516493     2.2326037548    10.3820524340
   -4.8881288630     1.9920918195    10.1336300770
   -9.4179159460     0.8459967260    10.0094188985
   -6.7707987330     3.4952334368     9.7609965415
   -9.4316519179     2.6453294178     9.3883630061
   -4.8645927863     3.5201910725     9.1399406491
  -10.3734990005    -0.3091080997     9.0157294706
   -8.0692603637     4.1851540109     8.7673071136
   -3.1923660933     2.1771243372     8.5188847566
  -10.6691567827     1.8564852495     8.3946735781
   -5.8512845007     4.6214154572     8.1462512211
   -2.6001284531    -0.0724340639     7.8978288641
   -9.5500386265     3.9294888118     7.7736176856
   -3.6589576725     3.6238491990     7.5251953287
   -7.3391840371     5.0366908960     7.1525617932
   -2.3777563913     1.4706841207     6.9041394362
  -10.7415923455     2.9143164601     6.7799282577
   -4.8225762342     4.6869044730     6.5315059007
   -2.5402306708    -1.0793135582     6.2830835437
   -8.8847674508     4.6761302535     6.1588723652
   -8.0933269204    -3.8501986334     6.0346611867
   -4.1133390876    -3.0985006327     5.6620276512
   -6.3626124234     5.0855445567     5.5378164728
  -10.0814275509     3.6381139624     5.1651829373
   -6.5129333624    -3.8652871429     5.0409717588
   -3.2187161234    -1.8139676743     4.6683382233
   -7.8768313185     4.7143246714     4.5441270448
   -5.1732038965    -3.1291660479     4.0472823308
   -8.9339369518     3.6583894840     3.5504376169
   -7.3572758153    -3.0452736653     3.4262264384
   -9.0831045216     2.1850796245     2.5567481889
   -8.9343631395    -0.0694897389     2.1841146534
   -6.0824887538     0.2496395202    11.2179064403
   -7.5109550312    -1.0219173106    11.0601554013
   -4.7756344121    -0.9114503883    10.9024043622
   -7.3540382440     1.1927158777    10.7446533232
   -6.7744290893    -2.5662485947    10.5869022841
   -4.4574897837     0.9419523069    10.4291512451
   -4.5856538278    -2.4652346040    10.1136491670
   -8.3837468688    -2.5762145267     9.7981470889
   -3.3162985449    -0.2481249930     9.6403960498
   -5.8586723761    -3.6413574538     9.3248939717
   -3.3445596227    -2.0950929857     8.8516408546
   -7.7663775860    -3.6796502251     8.5361387765
   -4.6115519276    -3.6089707194     8.0628856594
   -6.5786052072    -4.0514924095     7.2741304641
   -3.6974593620    -2.7642786955     6.8008773470
  -11.0714977609     0.3410008653     8.4610427090
  -10.5871673715    -2.0565398798     7.9877895918
  -11.0121662919     2.0309715384     7.6722875137
  -11.8317800440    -0.7397393277     7.1990343966
   -9.9697980887    -3.1599755782     6.7257812794
  -11.9573115537     1.2117409898     6.4102792013
  -11.5684970735    -1.9564409407     5.9370260842
  -10.8341177188     2.8841014043     5.6215240061
   -8.7820257099    -3.5318177626     5.4637729670
  -12.1155598404    -0.0228461741     5.1482708889
  -10.5752830586    -2.7063946137     4.6750177718
  -11.3909847947     1.7697603677     4.3595156937
  -11.3918027045    -1.0494742408     3.8862625766
   -9.2952443929    -2.5093650270     3.4130094594
  -10.8702203176     0.5146719279     3.0975073813
   -9.7889899817    -1.0239178536     2.6242542642
   11.2021240155    -2.9775037825    -5.2540517957
   12.1951201576     5.5867261776    -6.3496020312
   13.8530839704     4.0267402863    -6.9582410509
   12.3738885734     4.1200753931    -7.9320634824
   14.9366872506     2.7472241331     3.3670243601
   16.2606883903     1.5818474951     3.1459467391
   13.6485462779     3.7186515723     3.0354079285
   16.6187804587     3.4819179769     2.8143303075
   14.7254879604     5.0084014774     2.4827138760
   13.3935919470     5.7625636108     1.5984033918
   17.1141749601     0.1254877486    -5.8076969127
   15.8956184459     1.6455442240    -6.6920073969
   16.0993199143     0.7660620134     3.1655463993
   17.4209398313    -0.3999132203     2.9171240423
   15.3992253276    -2.0904446658     2.6687016853
   17.7696857403     1.4913144325     2.5444905068
   17.6575809092    -2.0194722780     2.2960681498
   19.0266056085     0.2785729070     1.9234346143
   16.3561210078    -3.3386965019     1.6750122574
   19.1094327578    -1.7278919018     1.3023787219
   17.8150268848    -3.5366795667     0.6813228294
   20.0576861502    -0.5732114509     0.3086892939
   15.5558252477    -4.2955490834     0.0602669369
   19.2007211028    -2.8719252098    -0.3123665985
   17.1266566430    -4.3223175272    -0.9334224910
   20.1175839325    -1.5800909452    -1.3060560265
   14.5644876829    -4.3509760204    -1.5544783835
   18.5444755157    -3.5992780197    -1.9271119190
   16.1448812409    -4.3660645299    -2.5481678114
   19.4390984799    -2.3147450613    -2.9208013469
   13.8186573755    -3.6568279393    -3.1692237039
   17.4846107068    -3.6299434349    -3.5418572394
   19.5497107970    -0.8161344138    -3.9144907749
   15.3005387880    -3.5460510522    -4.1629131319
   18.1495121456    -2.3216623149    -4.5355466673
   13.8194483779    -2.2650595643    -4.7839690243
   16.3573547810    -2.4827796431    -5.1566025598
   17.5845470291    -0.7819613592    -5.5292360953
   15.3688666580    -1.1475467837    -5.7776584523
    5.2526376803     6.1913778326    -6.5394882219
    6.1144816004    -3.1884888974    -6.6500270324
    8.0341729515     6.7736571518    -7.0921822745
    3.6695474695    -1.7247199218    -7.2027210850
    3.7720206262     5.2106042987    -7.4237987060
    6.2547908932     6.6457651988    -7.9764927586
    5.0793431822    -2.8173737897    -8.0870315691
    4.7144133100     5.7870019996    -8.8608032427
    4.4123958167    -1.9104272645    -9.5240361058
   12.1647834029     2.2320753207    -9.6345749164
    3.7392517393     4.3900035575    -9.7451137269
    3.2291633409     0.3895627174   -10.0767301584
   11.4729067490    -0.2294055681   -10.1872689689
    5.8961300968     5.7038625465   -10.2978077794
    6.0005618440    -2.3067509452   -10.4083465900
    3.5548141841     2.7884777375   -10.6294242110
    4.4403257983    -0.6177631104   -10.9610406425
   11.2172886601     1.3134203382   -11.0715794531
    5.0891069629     4.3767286012   -11.1821182636
    4.2621468654     1.4309052364   -11.5137346951
    9.9558929153    -0.2411190932   -11.6242735056
    5.9779281177    -0.6653151937   -11.8453511267
   10.0444753438     2.3327579599   -11.9558899372
    5.3663061481     2.8210436716   -12.0664287477
    8.2400652352    -0.4002461909   -12.1769675582
    5.9924464599     0.9917142658   -12.3980451793
    8.7373364011     1.2789373822   -12.5085839898
    7.1361780711     2.3344576248   -12.6191228003
    8.9847051238     7.2423091970    -4.4427864385
   11.6471979048     6.1769608039    -4.9954804910
   10.0415393691     6.9359102439    -5.8797909752
    8.3110031231     6.9306415005    -6.7641014593
   10.7696916615     6.0416254601    -7.3167955119
    5.7918797627     6.6531361520    -0.7304557051
    8.0098556257     7.0893975983    -1.3515115976
    6.5219560893     7.5046730371    -2.3452010255
    9.0385638921     7.1548866141    -2.9662569180
    4.9763726756     7.1441123946    -3.3388904535
    7.4985277030     7.5535266978    -3.9599463459
    3.7797125755     6.1060961035    -4.3325798814
    5.9843088079     7.1823068125    -4.9536357739
    3.2527092951     4.6623806318    -5.3262693094
    4.9272031746     6.1263716251    -5.9473252019
    6.7240412946    -3.4018605048    -7.3035444599
    9.8788669529    -3.3311809990    -7.7767975771
    7.9118136734    -3.7737026891    -8.5655527723
   10.7929595186    -2.4864889751    -9.0388058895
    6.1185563247    -2.9482795403    -9.3543079676
    9.0526512938    -3.2688781281    -9.8275610847
   10.8782922050    -1.2249686604   -10.3008142019
    7.3985949903    -2.7512499535   -10.6163162800
    9.4197547638    -1.9051683133   -11.0895693971
    9.1008476717     6.6486706033    -8.5600479184
   10.8320323844     5.6184506088    -9.3488031136
    7.8578198513     6.5875261626    -9.8220562307
   11.5543348407     3.8012239440   -10.1375583088
    9.6271031704     5.9539857736   -10.6108114260
    6.9920534984     5.6489934808   -11.0840645431
   10.4044641834     4.4522431343   -11.3995666212
    8.4489834825     5.0431060310   -11.8728197384
    9.5392196805     3.1090408642   -12.1883218165
    7.7038216292     3.6463365674   -12.3460728555
    2.9944827356     3.7128276682    -5.7334286494
    2.1748689835     0.9421168022    -6.2066817666
    2.0493374738     2.8935971197    -6.9954369618
    2.4381519540    -0.2745848108    -7.4686900789
    3.1725313087     4.5659575342    -7.7841921570
    1.8910891871     1.6590099558    -8.2574452742
    2.6156642328     3.4516164976    -9.0462004694
    2.6148463230     0.6323818891    -9.5194535866
    3.1364287099     2.1965280578   -10.3082087818
   16.2126507980     4.9233237060     2.5242812504
   14.9261973668     5.8902921601     2.1590978386
   16.0005325713     7.1582952281     1.5504588189
   13.3310918241     6.3087129614     1.1852754071
   15.0431831713     6.4628647034    -6.1183928294
   14.3403334485     4.6703925025    -6.4835762412
   16.0790493921     4.9615098830    -6.7270318491
   18.9523549763     4.9222987460     2.9834099844
   17.5186044467     3.6486463607     2.8728711739
   17.6642140037     5.8937261851     2.6517935529
   20.6344481844     5.6569925897     2.4307159318
   18.7411556862     7.1834760903     2.0990995003
   21.9260617172     4.4390488009     1.8780218793
   20.6863196870     7.2363292656     1.5464054477
   17.4092596728     7.9376382236     1.2147890162
   22.4319775297     5.8838227653     0.9937113951
   23.0973498034     3.5561369010     0.4410173425
   22.0204016367     7.4425104981     0.1094009110
   23.4476390220     5.1911761580    -0.4432931416
   23.3673654336     2.4254476340    -0.9959871942
   23.0099867415     6.8809987041    -1.3276036257
   21.7248113214     0.1175695655    -1.5486812467
   23.8145996484     4.1405828463    -1.8802976783
   22.9638557243     1.4006071309    -2.4329917309
   23.4947476305     5.8943478652    -2.7646081624
   20.7533859837    -0.3977660351    -2.9856857835
   23.5400857141     3.0724389300    -3.3173022150
   22.4773100934     7.3208836967    -3.6489186465
   22.0467231793     0.7637695338    -3.8699962676
   23.3387331735     4.7737567754    -4.2016126991
   17.0700798674     8.2455440011    -4.8648455622
   22.4145630739     6.1098313949    -5.0859231833
   19.4061385122     8.0811626193    -5.4175396148
   20.9929475264     6.6918907172    -5.9702336674
   18.1957854115     7.1442779489    -6.3018500989
   17.1518778883     1.8763662610    -6.4123889094
   21.2184251144     4.8744394145    -6.5229277200
   16.5402559187     5.3627251263    -6.6334665305
   19.4461045484     6.0217984340    -6.8545441515
   17.1663962305     3.5333957205    -6.9650829620
   18.3101278417     4.8761390794    -7.1861605831
   19.4241085201     8.9801042303     0.1860147669
   21.1966591267     8.9150732820    -0.6027404284
   18.2398182651     9.4574422285    -1.0759935455
   22.6191261672     7.6054799370    -1.3914956236
   20.2162159366     9.6835705410    -1.8647487408
   21.9474006494     8.6533505465    -2.6535039360
   18.9731881163     9.6224261002    -3.1267570531
   20.7424714353     8.9888857113    -3.9155122484
   22.0236010689     0.9376945162    -4.6508621439
   20.2832928441     0.1553053632    -5.4396173392
   22.1089337552     2.1992148310    -5.9128704563
   18.6292365406     0.6729335378    -6.2283725344
   21.5198324484     4.5731855976    -6.3861235735
   20.6503963140     1.5190151780    -6.7016256516
   18.1354909519     2.1583807112    -7.0171277297
   20.6545879454     3.2299833275    -7.1748787687
   18.8191898941     3.7672790307    -7.3326298078
   19.6385716770     3.9516127319     3.1298792091
   18.2101053997     2.6800559011     2.9721281701
   20.9454260188     2.7905228234     2.8143771310
   18.9466313416     1.1357246170     2.4988750529
   21.2635706472     4.6439255186     2.3411240139
   21.1354066030     1.2367386077     2.0256219358
   22.4047618860     3.4538482187     1.5523688186
   19.8623880547     0.0606157579     1.2368667405
   22.3765008081     1.6068802260     0.7636136234
   21.1095085032     0.0930024923    -0.0251415718
    1.1125287300    -3.7660919379     4.0673949711
    2.4640941166    -4.7508805281     3.2833188321
    1.2688666543    -5.2135070344     2.0091951062
    4.3445859322     2.1628174450     7.4758841279
    2.9104718870     0.8893747189     7.3778746105
    3.0537168583     3.1395252974     7.1818555758
    3.6415605298    -0.7100481162     7.0838460584
    1.4492580732     1.7475863200     6.8878270237
    4.1341447795     4.4521030311     6.6918079889
    1.8993554791    -0.8131594935     6.5937984715
    4.6197512152    -2.0541826805     6.2997699194
    0.3861082991     0.5529475871     6.1037508847
    2.4258882920    -2.3034440227     5.8097223325
    5.1208170798     5.8020610267     5.4176842630
    3.7774536787    -3.2882326129     5.0256461935
    3.5072756192     6.4385090010     4.6336081240
    4.6449765775     6.9848694427     3.3594843982
    6.9713050564     2.1628174450     7.4758841279
    5.5371910112     0.8893747189     7.3778746105
    8.2981427896     0.9971508967     7.2798650932
    5.6804359824     3.1395252974     7.1818555758
    6.2682796539    -0.7100481162     7.0838460584
    8.5615776615    -0.6567761543     6.7898175063
    6.7608639037     4.4521030311     6.6918079889
    9.9845322046     1.6826831057     6.4957889542
    7.2464703394    -2.0541826805     6.2997699194
   10.1280154878    -0.4091722764     6.0057413673
    5.4013241071     5.2578101566     5.9077318499
    8.8173141495    -2.3730791270     5.5156937804
    6.4041728028    -3.2882326129     5.0256461935
    6.1339947434     6.4385090010     4.6336081240
    7.2716957017     6.9848694427     3.3594843982
   10.2205549440     5.9086401157     2.8694368113
    8.5133881158     6.9424861452     2.0853606723
    6.5237045479     7.2256977108     1.3012845333
    8.5598299014    -3.5168305957     4.5574425579
    7.7175323649    -4.7508805281     3.2833188321
    6.4041728028    -6.2135284433     1.5409914706
    8.1809792165    -6.4622253377     0.7569153316
    9.9894832867    -5.8976742596    -0.0271608074
    7.1042165378    -7.0993991589    -0.5172083943
    9.0601134645    -6.7227822788    -1.3012845333
    5.8655544812    -7.1846103250    -1.7913321202
   10.7259244722    -5.5984499534    -2.0853606723
    7.8667187226    -7.0644878471    -2.5754082592
    6.6403396486    -6.8472793973    -3.8495319850
    5.6419341235    -6.0328866265    -5.1236557109
    4.6197512152    -4.9794785109     2.8151151964
    3.7774536787    -6.2135284433     1.5409914706
    1.0953616290    -5.5581499828     1.0509438837
    2.5822262164    -6.6761549496     0.2668677447
    4.4774974137    -7.0993991589    -0.5172083943
    1.3487358255    -6.5103763060    -1.0072559812
    3.2388353571    -7.1846103250    -1.7913321202
    0.3142321313    -5.8242896932    -2.2813797071
    5.2399995985    -7.0644878471    -2.5754082592
    2.0837810259    -6.7288519025    -3.0654558460
    4.0136205244    -6.8472793973    -3.8495319850
    1.7307127662     2.6815680284    -5.0256461935
    0.9454753700     1.2051061111    -5.8097223325
    4.5638105925    -5.4433386930    -5.9077318499
    1.1232305419    -0.3654313383    -6.5937984715
    3.8890455086    -3.4160927125    -7.1818555758
   10.4162281989    -2.1726960314     5.3415186969
   12.7095262064    -2.1194240694     5.0474901448
   11.3944188843    -3.5168305957     4.5574425579
   14.2759640327    -1.8718201916     4.2634140058
   12.9652626945    -3.8357270422     3.7733664189
   11.8954847489     4.3394131116     3.6753569016
   10.5521213478    -4.7508805281     3.2833188321
   14.5811852344    -3.2493422409     2.9892902799
   12.3289277615    -4.9995774225     2.4992426931
   14.1374318317    -4.4350263445     1.7151665541
   11.2521650828    -5.6367512437     1.2251189672
   11.8536754430     5.0360283616     3.2317197038
   12.8403477432     6.3859863572     1.9575959779
   -7.2863265383     4.6554192265    -1.5191475193
   -6.3818687213     5.5308064440    -2.7932712452
   -3.3867832920     0.0504528985    -4.6554520753
    0.4837914709     2.7091674563    -5.2435091796
   -3.2513565647     4.9141983569    -5.3415186969
   -2.0976064232     1.1948386997    -5.4395282143
   -1.3634296579     2.6375048677    -5.7335567664
   -0.2191023302     6.3013173600     5.7335567664
    1.4736727206     7.0441996202     5.2435091796
    3.3532953051     7.3043397549     3.9693854537
    1.9067551403     5.1620317895    -5.2435091796
   -1.7869228145     5.6089602354    -5.6355472491
    0.0595340115     5.0903692009    -5.7335567664
   -1.4417550449     8.5198556706     5.7335567664
   -2.8758690901     7.2464129445     5.6355472491
   -0.1149173117     7.3541891223     5.5375377317
   -2.7326241188     9.4965635230     5.4395282143
   -4.3370829039     8.1046245457     5.1454996622
   -4.3923144062     9.9624218824     4.6554520753
   -5.7850599018     9.1896447413     3.8713759363
   -6.6018238685     7.6948083721     3.0872997973
   -6.1426094806    10.4804290268     2.5972522104
   -5.8042008588    11.6871729436     1.3231284846
   -6.3698399652    11.1694129275    -0.7350713803
   -6.1815577665    10.2022090878    -2.7932712452
   -6.1648543635     5.7957473439    -3.0872997973
   -6.2128663036     8.4526464505    -3.5773473842
   -5.4271126983     7.0268058616    -4.3614235232
   -3.9487556737     6.4169619042    -5.1454996622
   -0.0187913754    10.9727200038     5.7335567664
   -1.4529054207     9.6992772777     5.6355472491
    1.3080463577     9.8070534555     5.5375377317
   -1.3096604494    11.9494278562     5.4395282143
    1.6739836754    11.7156022640     5.2435091796
   -2.9141192345    10.5574888789     5.1454996622
    1.5714812296     8.1531264046     5.0474901448
   -0.2292325281    13.2620055900     4.9494806274
    2.9944357728    10.4925856646     4.7534615927
    1.7485627602    13.3371199181     4.4594330406
    3.5536062599    11.9757423988     3.9693854537
   -4.3620962324    11.6425090745     3.8713759363
    0.7574397721    14.6119635856     3.6753569016
    3.1832196279    13.6224007155     3.1853093147
   -5.5774867761    12.5530517674     0.5390523456
   -4.9468762958    13.6222772607    -0.7350713803
    4.8194648417     7.8127518591    -1.1271094498
   -5.6630519141    11.7796862036    -1.5191475193
   -3.9088056923    14.9582886299    -1.3489440633
    4.9478621169     7.9520030327    -1.7409821328
   -5.1050552790    13.3713031204    -2.1330202023
   -4.4744447986    14.4405286138    -3.4071439282
    5.2918963388     8.6310032122    -3.7991819977
   -4.2694591970     9.0668630302    -5.7593723452
    4.7703332321     9.5962651622    -5.8573818626
   -0.8757308112     6.5205631158    -6.0534008973
   -2.8815070688     8.0793266825    -6.5434484842
   -2.9454704406    13.7585558533    -6.7394675189
    0.6728647819     7.1101110493    -6.8374770363
   -1.2910771706     7.9929712286    -7.3275246232
   -2.7677152686    12.1880184040    -7.5235436579
    1.5435431689     8.4289861673    -7.6215531753
   -2.0533605071     9.6880775904    -7.8175722101
    2.5794975922    10.6516857864    -7.9155817274
   -1.1556504433    12.8567166870    -8.0135912448
   -0.0019003019     9.1373570298    -8.1116007622
   -1.1141803626    11.0986142323    -8.3076197969
    0.7322764634    10.5800231978    -8.4056293143
    3.5674891160    14.9848282243     2.5714366317
    1.6642729124    16.5312315503     2.2774080795
    4.8879412133    13.7618116249     2.0813890448
    3.6420682008    16.6063458784     1.7873604927
    5.4471117005    15.2449683590     1.2973129058
    2.6509452127    17.8811895459     1.0032843537
    5.0767250685    16.8916266758     0.5132367668
    3.9070333607    18.2705358955    -0.2708393722
    6.2530325770    16.3979660656    -0.7608869591
    2.1751047104    19.0639979618    -1.0549155112
    5.1239639527    17.9877686348    -1.5449630981
    6.3689360603    10.4029776399    -1.7409821328
    0.2043887982    19.0905883470    -1.8389916502
    7.0315573243    15.4278761983    -2.0350106849
   -3.6839813355    15.8222777276    -2.1330202023
    3.4167971245    19.0216146644    -2.3290392371
    6.0809452859    17.1968854195    -2.8190868239
    1.4271135567    19.3048262299    -3.1131153761
    7.3099107384    14.2181576372    -3.3091344108
   -3.0533708552    16.8915032210    -3.4071439282
    4.5177669515    18.4481228302    -3.6031629629
    6.7129702823    11.0819778194    -3.7991819977
   -0.4966901991    18.7887330488    -3.8971915151
    6.6047075098    16.0708436396    -4.0932105498
   -3.7695464735    15.0489121638    -4.1912200672
    2.6236388549    18.9688817103    -4.3872391019
    7.0336617413    13.0053667960    -4.5832581367
   -2.0163814270    17.5797139654    -4.6812676541
    5.2561445149    17.4438066511    -4.8772866888
    5.7420058225    10.2957810199    -5.0733057236
    0.7502676622    18.6862418939    -5.1713152409
    6.5572912360    14.8159441307    -5.3673342757
   -2.8650886565    15.9242993813    -5.4653437931
    3.5409757063    18.0963812936    -5.6613628278
    6.1914071755    12.0472397694    -5.8573818626
   -0.7391591009    17.6859923779    -5.9553913799
    5.4096086022    16.1567440759    -6.1514104147
    1.8312764499    17.9175482908    -6.4454389668
    5.8048647151    13.6901806678    -6.6414580016
   -1.5243964971    16.2095304606    -6.7394675189
    4.7763436767    11.6768065696    -7.1315055884
   -1.3466413252    14.6389930112    -7.5235436579
    0.3068935809    13.5495888395    -8.3076197969
   -1.9211940758     2.6662413503     6.7566549618
   -1.5624976222     4.5678437120     6.4266364317
   -1.6690954548     1.0265595049     6.2066240783
   -3.4573910552     6.0962224223     6.0966179016
   -0.2686712897     3.3489366371     5.8766055483
   -4.7914669619     6.8534527549     5.2165684881
   -6.3716854304     6.6619827829     4.3365190745
   -7.7343972173     5.6641070649     3.4564696609
   -8.5462929175     4.1026796474     2.5764202473
   -7.2735603992     6.6816942902     2.0263893638
   -8.2204482531     5.1595507751     1.1463399502
   -8.4287381177     3.4120252272     0.2662905366
   -7.3373327176     5.8786699213    -0.2837403468
   -7.5556838252     4.2638689372    -1.1637897604
   -3.2761276096    -3.6322153697     4.1620611795
   -5.3029786358    -5.3326966640     3.9420488261
   -3.0240289886    -5.2718972152     3.6120302960
   -7.0260025976    -5.4214086150     3.3920179426
   -4.3335960497    -6.6365685321     3.0619994125
   -8.4997647814    -4.0620520183     2.8419870591
   -1.5055325892    -5.0057747788     2.7319808824
   -6.4859211258    -6.8551511406     2.5119685290
   -2.8093431767    -6.9051685287     2.1819499989
   -8.5347746265    -5.6296766142     1.9619376455
   -5.1584470080    -7.7559619409     1.6319191154
   -9.5763604208    -3.2873298463     1.4119067620
   -1.2880957074    -6.2871722433     1.3019005853
   -3.4662043730    -7.9154075170     0.7518697018
   -9.5370876905    -5.0065857393     0.5318573485
   -1.8141272200    -7.2909462320    -0.1281797117
   -9.9758393413    -3.9868522818    -0.8982229486
   -0.5616064453    -6.0067143903    -1.0082291253
   -2.7835233694    -7.8236564820    -1.5582600088
   -9.7836716516    -2.8864314928    -2.3283032457
   -1.4685602541    -6.6643556232    -2.4383094224
   -0.8390276634    -5.1091193788    -3.3183588360
   -8.9106173590    -2.0345877828    -3.7583835428
   -2.7049373862    -6.6599534531    -3.8683897195
   -7.3663338200    -0.3857897088    -4.3084144263
   -8.2520464867    -3.4265763384    -4.6384329564
   -2.3103961089    -5.1771148840    -4.7484391331
   -5.3829810260    -0.0922986090    -4.8584453098
   -2.1599734028    -2.4693489421    -5.0784576632
   -7.1884783891    -1.9326762747    -5.1884638398
   -4.0659648826    -5.4558608563    -5.2984700165
   -4.0090420489    -1.1358373339    -5.4084761932
   -6.6558248611    -3.9776077001    -5.5184823699
   -3.2916038664    -3.6824123217    -5.6284885466
   -5.5110527553    -2.0390310451    -5.7384947233
   -5.0431093488    -3.8999878508    -5.8485009000
   -0.3713306161    -0.4458158372     5.4261399861
   -1.7948913241    -1.7118685925     5.2877736086
   -1.0639483397    -3.2687866823     4.8726744762
   -2.7146062207    -3.3134132582     4.1808425889
   -0.1294555475    -4.4394877216     3.7657434565
   -0.8930584537    -5.1796263135     1.9669805494
   -2.8218694449    -0.2031407601    -4.7343080988
   -2.0781558175    -1.9452687543    -5.1494072312
   -1.0631763649    -0.5243853306    -5.4261399861
    2.0488014183     4.2484533425     6.6966764355
    0.5089302276     2.8762924783     6.2815773031
    3.1092537733     5.4663738358     6.0048445482
    7.9925966095     3.2977313462     7.1117755679
    9.6344682327     4.0051611988     6.4199436806
    7.7806564171     5.4663738358     6.0048445482
   10.8368955449     2.8089142634     5.7281117932
    9.6214078637     5.4550869692     5.3130126608
   11.1842583624     4.1343213174     4.6211807735
    8.6441302442     6.4192245856     4.2060816411
   10.6445828223     5.4187681945     3.5142497537
    8.8706931836    -6.4776339289    -3.6526161312
    9.9431946866    -5.5949181977    -4.7595471509
    7.9605686285    -5.9275722709    -5.4513790383
   10.2273780846    -4.2504847389    -5.8664781707
    8.6087482326    -4.5771349703    -6.5583100581
    0.6514099066    -5.9000648990    -3.2375169988
    1.9817483089    -6.3378012487    -4.3444480185
    0.3627687162    -4.9850858977    -5.0362799059
    3.2891659847    -5.9275722709    -5.4513790383
   -0.0329075088    -3.0955332764    -5.7281117932
    1.7587115618    -4.9934580751    -6.1432109257
    1.6143687642    -3.4022474915    -6.8350428130
   13.4121614473    -5.2282882133     0.5820035752
   11.2824460908    -5.8618173953    -0.1098283121
   12.6822705026    -5.7028462736    -1.2167593319
   13.7547720056    -4.8201305424    -2.3236903516
   11.7721459475    -5.1527846155    -3.0155222390
   12.4203255516    -3.8023473150    -4.1224532588
   11.8041739285     1.0338396118     5.9250276471
   13.1119224918    -0.1232631011     5.6482948922
   13.4460455517     1.7412694645     5.2331957598
   13.3280654874    -1.7063196920     4.9564630048
   11.5922337361     3.2024821014     4.8180966273
   14.6484728639     0.5450225290     4.5413638724
   13.4329851827     3.1911952348     4.1262647400
   11.1632659367     6.7381594261     1.8512268252
    9.9184896261     7.3390506989     0.7442958055
   12.0267397638     7.6910101759     0.0524639181
   10.6434397907     7.9277870034    -1.0544671016
   13.1943862455    -3.0080970138    -6.1527236141
   14.2668877485    -2.1253812826    -7.2596546339
   15.5594266151     0.8137906439    -7.6747537663
   12.2842616904    -2.4580353558    -7.9514865212
   14.0530105569     3.4043172359    -8.0898528987
   14.5510711465    -0.7809478238    -8.3665856536
   14.4595942991     1.7080828153    -8.7816847860
   12.9324412945    -1.1075980552    -9.0584175410
   13.2956500382     0.5735774245    -9.4735166734
   15.0447631173     8.7167025362     0.5151905513
   12.4603090512     7.8708315183     0.1000914189
   13.7999868067     9.3175938089    -0.5917404685
   15.9082369444     9.6695532860    -1.2835723558
   12.4571910360     8.9794961165    -1.6986714882
   14.5249369713     9.9063301134    -2.3905033756
   11.5047885462     7.9418375948    -2.8056025080
   13.2299579560     9.3653944132    -3.4974343953
   15.3634429411     9.4951477746    -4.1892662827
   12.4937636796     8.2066662845    -4.6043654151
   14.2851083256     8.6304323058    -5.2961973025
   12.8061644808     6.7907351237    -5.7112964349
   -6.9765366122     3.8535478827    -3.0829438188
   -5.7496510143     5.4911300388    -3.7747757061
   -6.3408128588     2.6397850990    -4.1898748385
   -4.5491937881     0.7418603004    -4.6049739709
   -5.4372502131     4.0751988780    -4.8817067259
   -4.6935365858     2.3330708839    -5.2968058583
   -3.6785571331     3.7539543076    -5.5735386132
    4.8199519095     7.5295924047    -1.3836637747
   -7.1653733833     7.0588311053     2.0754956621
   -7.3925837939     9.1257021078     1.3836637747
   -7.8240839222     7.7969335580     0.2767327549
   -7.2337343567     9.9921902924    -0.4150991324
   -7.4707444523     6.4345632507    -0.8301982648
   -7.4716448212     8.6194368260    -1.5220301522
   -2.4033930108    13.3588223336     4.5688449724
   -3.9432642015    11.9866614693     4.1537458400
   -1.3429406558    14.5767428268     3.8770130850
   -3.9273947220    13.7308718089     3.4619139526
   -2.5877169664    15.1776340996     2.7700820653
   -5.0417646640    12.9353897008     2.3549829328
   -3.9305127372    14.8395364072     1.6631510455
   -4.8829152269    13.8018778855     0.5562200257
    3.0869261222     9.5634723165     4.7072113498
    3.4210491822    11.4280048821     4.2921122174
    3.3030691179     7.9804157256     4.0153794625
    4.6234764943    10.2317579466     3.6002803301
    4.6615860688     8.3015982526     2.9084484427
    4.9708393119    11.5571650006     2.4933493103
    5.4598937407     9.4277286629     1.8015174230
    4.9952600925     8.2338668181    -4.6119563483
    3.5143468734     6.6580651124    -5.3037882357
    1.5317208153     6.3254110392    -5.9956201230
    3.7985302714     8.0024985712    -6.4107192554
    2.1799004194     7.6758483398    -7.1025511428
   -5.6886935551    11.2362348573    -3.3666589511
   -5.0983439896    13.4314915917    -4.0584908384
   -5.3353540852     9.8738645500    -4.4735899708
   -5.3362544541    12.0587381252    -5.1654218582
   -4.1093688562    13.6963202813    -5.8572537455
   -4.7005307007    10.8449753415    -6.2723528780
   -3.7969680550    12.2803891205    -6.9641847653
    3.9562045998    16.6720834019    -7.1053056586
    1.2478887302    16.9168807658    -7.5204047910
    4.3627883420    14.9758489813    -7.7971375460
    2.5544401816    15.9677691655    -8.2122366784
    0.5126585128    13.3350555896    -8.3506030559
    3.1988440812    13.8413435904    -8.4889694333
    1.5276379655    14.7559390133    -8.6273358108
   -0.5079978443    16.6280482938     1.8967724245
    0.5524545107    17.8459687871     1.2049405371
   -2.0319995554    17.0000977692     0.7898414047
   -0.6923217999    18.4468600598     0.0980095174
   -3.1463694975    16.2046156611    -0.3170896150
   -2.0351175706    18.1087623674    -1.0089215024
    0.0326283647    19.0355963644    -1.7007533897
   -2.9875200604    17.0711038457    -2.1158525222
    4.9823212888    12.8345880027     2.0351388020
    5.3164443488    14.6991205683     1.6200396695
    6.5188716609    13.5028736328     0.9282077822
    6.5569812354    11.5727139389     0.2363758948
    6.8662344784    14.8282806868    -0.1787232376
    7.3552889073    12.6988443492    -0.8705551249
    6.4808636087    10.6163110863    -1.5623870123
    7.3941350621    14.1057532344    -1.9774861447
   -7.2970282147    -8.0010761851     0.2317636823
   -9.0935838368    -6.7974803746    -0.4600682051
   -6.0539001286    -8.6208173387    -0.8751673375
   -9.8744366198    -4.6884860487    -1.1519000924
   -8.2019563500    -7.8842771870    -1.5669992249
   -4.6540757168    -8.4618462169    -1.9820983573
   -9.5210971499    -6.0508563559    -2.2588311122
   -6.8716179477    -8.3220135367    -2.6739302446
   -9.5219975189    -3.8659827807    -2.9506629996
   -8.4905975404    -6.9692981857    -3.3657621320
   -5.5642002719    -7.9117845589    -3.7808612644
   -8.8862737654    -5.0797455644    -4.0575940193
   -7.0946546948    -6.9776703631    -4.4726931517
   -4.9160206678    -6.5613472583    -4.8877922841
   -7.2389974924    -5.3864597795    -5.1645250391
   -9.5369794990    -2.6808166400     1.5180264954
   -9.7641899095    -0.6139456374     0.8261946081
   -8.6529379827     1.2902010689     0.1343627207
  -10.1956900379    -1.9427141872    -0.2807364117
   -9.6053404724     0.2525425472    -0.9725682990
   -7.8801710626     1.6760993656    -1.6644001864
   -9.8432509369    -1.1202109193    -2.0794993188
   -8.6163653390     0.5173712369    -2.7713312062
   -6.8250206931     0.9411372582    -3.4631630935
   -8.3039645378    -0.8985599240    -3.8782622259
   -7.8478239621     2.2383198349    11.0062466408
   -4.8751872802     2.0015958195    10.7862342874
   -9.4394970338     0.8483410047    10.6762281107
   -6.7700807132     3.5299745297    10.4562157573
   -9.4772114780     2.6817782464    10.1261972273
   -4.8221302555     3.5839930996     9.9061848739
  -10.4575209056    -0.3298431908     9.7961786972
   -8.1041566200     4.2872048624     9.5761663438
   -3.0724260108     2.2302585258     9.3561539904
  -10.8052720431     1.9022893957     9.2461478137
   -5.8113480423     4.7867066389     9.0261354603
  -10.4925307507    -1.8974677867     8.9161292836
   -2.4037225973    -0.1020238680     8.8061231069
   -9.6843750884     4.0957348904     8.6961169302
   -3.4820933422     3.7943813032     8.4761045768
   -7.3728239204     5.3329077771     8.1460860467
   -9.6778528494    -3.3509369692     8.0360798700
   -2.0482156375     1.5376974071     7.9260736933
  -11.0470868753     3.0978591724     7.8160675166
   -4.6478785634     5.0453713308     7.5960551632
   -2.1254211891    -1.2382667228     7.3760428098
   -9.0939680324     5.0949680913     7.2660366331
   -8.2288113354    -4.3242159282     7.1560304564
   -2.4820922612     3.2361842488     7.0460242797
   -3.7718833441    -3.5587374046     6.8260119263
   -6.3005443704     5.6841182896     6.7160057496
   -1.6690318932     0.4835262206     6.4959933962
  -10.5862500572     4.1154463977     6.3859872195
   -6.4607252534    -4.5916672655     6.2759810428
   -2.5193625694    -2.2745055628     5.9459625127
   -8.0910951506     5.5647006750     5.8359563360
   -9.2752376863    -3.9642443300     5.7259501593
   -4.7412794936    -4.0914476545     5.3959316292
   -9.6494615859     4.7110861339     4.9559069224
   -7.5498128767    -4.3669988127     4.8459007457
   -3.4263163783    -2.9321467957     4.5158822157
  -10.6500223756     3.3124220288     4.0758575089
   -8.4702986211     4.6616046339     3.5258266254
   -8.3656410852    -3.4980954894     3.4158204487
   -9.3240899442     3.3464191187     2.6457772118
   -9.1462345133     1.7995325528     1.7657277982
   -6.0839722796     0.2458238746    11.6811330084
   -7.5075329876    -1.0202288806    11.5427666309
   -4.7762237163    -0.9112788383    11.4044002534
   -6.7765900032    -2.5771469705    11.1276674985
   -4.4421006564     0.9532537273    10.9893011210
   -4.5600807206    -2.4943354292    10.7125683661
   -8.4272478842    -2.6217735463    10.4358356111
   -3.2396733442    -0.2429932082    10.2974692337
   -5.8420972111    -3.7478480098    10.0207364787
   -3.2015637697    -2.1731529022     9.6056373463
   -7.8488282034    -3.8682454480     9.3289045914
   -4.4759847608    -3.8544574196     8.9138054590
   -2.4032560979    -1.0470224919     8.4987063266
   -6.6057001172    -4.4879866016     8.2219735716
   -3.2776813964    -3.1295557548     7.8068744392
   -5.2058757055    -4.3290154798     7.1150425519
  -10.6306683869    -2.1020988995     8.6254781141
  -11.9709465723    -0.7740831175     7.9336462267
  -10.0522487061    -3.3485708012     7.5185470943
  -12.1981569829     1.2927878850     7.2418143394
  -11.8488043281    -2.1449749906     6.8267152070
  -12.6296571112    -0.0359806647     6.1348833196
  -10.9571768414    -3.2317718031     5.7197841872
  -12.0393075457     2.1592760697     5.4430514322
  -12.2763176413    -1.3983509720     5.0279522998
   -9.6268384390    -3.6695081528     4.6128531674
  -12.2772180103     0.7865226032     4.3361204125
  -11.2458180318    -2.3167928018     3.9210212801
  -11.0503324123     2.4241047594     3.6442885251
  -11.6414942568    -0.4272401805     3.2291893927
   -9.8498751862    -2.3251649791     2.8140902603
  -10.7379316111     1.0081735985     2.5373575054
   -9.9942179838    -0.7339543956     2.1222583730
   13.0188368672    -3.1846906307    -4.8720221253
   11.8696957263    -3.1844740700    -6.2708050152
   13.5703657294     4.4751435264    -7.7771865890
   14.9365000983     2.7467427754     4.0157958428
   16.2633378315     1.5810762271     3.8197768080
   13.6456310244     3.7234506279     3.7217672907
   16.6292751492     3.4896250357     3.5257482559
   14.7260589456     5.0360283616     3.2317197038
   13.3665191491     5.8417354871     2.4476435648
   17.8381297099     0.1816033809    -6.1771939642
   16.0264031455    -0.6152424141    -6.6672415511
   16.0990175736     0.7652843895     3.7471256007
   17.4239308695    -0.4007839292     3.5271132473
   15.3970798433    -2.1012652235     3.3071008939
   17.7826273231     1.5008184325     3.1970947172
   17.6760294905    -2.0404657746     2.9770823638
   19.0764536556     0.2819113576     2.6470638337
   16.3664624294    -3.4051370915     2.4270514803
   19.1945258899    -1.7743433383     2.0970329502
   17.8907153024    -3.6737370882     1.5470020668
   20.2540920060    -0.6028012549     1.2169835367
   15.5416114712    -4.5245305004     0.9969711833
   19.4119627717    -3.0557408028     0.6669526532
   17.2338541061    -4.6839760765     0.1169217697
   20.5323934142    -1.7390441098    -0.2130967604
   14.4290032679    -4.8249933151    -0.4331091138
   18.8859312592    -4.0595147915    -0.7631276439
   16.1970893499    -5.0924446525    -1.3131585274
   20.1384520339    -2.7752829498    -1.6431770575
   17.9165351097    -4.5922250415    -2.1932079410
   15.1080017266    -4.8677761997    -2.7432388245
   19.2314982250    -3.4329241827    -3.0732573546
   16.7758241995    -4.4904177094    -3.6232882381
   19.8610308157    -1.8776879383    -3.9533067682
   14.2921735182    -3.9988728764    -4.1733191215
   17.9951210929    -3.4285220126    -4.5033376516
   15.7868978693    -3.5619852462    -5.0533685351
   18.3896623702    -1.9456834435    -5.3833870652
   16.6340935966    -2.2244294158    -5.9334179487
   17.4084546127    -0.4509808812    -6.2634364788
    3.4157722395     5.5474532067    -6.2112090320
    6.1078927866     7.2287783166    -6.7012566189
    2.4622422271    -1.1375809562    -7.2893137231
    4.2554763209     6.4622008787    -7.4853327579
    6.6724674784    -4.0419960060    -7.5833422752
    7.3306175450     7.4430161995    -7.9753803447
    3.7478642525    -2.6816753742    -8.0733898621
    2.8501331332     5.0296931906    -8.2694088969
   10.4212709399     6.5863127998    -8.4654279316
    5.4068137893     6.9269230184    -8.7594564837
    5.5174131472    -3.5862375834    -8.8574660011
   12.5082114982     4.2090336092    -8.9554755185
    3.1121951200    -1.6132026753    -9.3475135880
    3.8871225614     5.7179039350    -9.5435326227
   11.6455098109    -1.5660290106    -9.9355706922
    6.6537716506     6.8244318635   -10.0335802096
    4.6856227265    -2.6487537319   -10.1315897270
   12.4607952244     2.9541341003   -10.2295992444
    3.0384153319     4.0624893508   -10.3276087617
    3.0551187348    -0.3439723931   -10.6216373139
   12.0949111639     0.1854297390   -10.7196468312
    5.1643448874     5.8241823475   -10.8176563486
    6.4488471206    -2.8902723074   -10.9156658660
    3.0071067948     2.3129267135   -11.1116849007
    4.4430708630    -1.3315087407   -11.4057134529
   11.7083687035     1.8283706374   -11.5037229702
    4.3791074913     4.3477204301   -11.6017324876
    7.9974427137    -2.3007243739   -11.6997420050
    3.7928604001     0.8870861246   -11.8957610397
   10.6798476651    -0.1850034609   -11.9937705571
    6.4612846562     5.0823659202   -12.0917800745
    6.0335007612    -1.4178641947   -12.1897895919
   10.5572097018     2.9179845528   -12.2877991092
    4.5568626632     2.7771829807   -12.3858086266
    8.8681211007    -0.9818492559   -12.4838181440
    5.2712174247     0.2772421672   -12.6798371787
    9.9040755240     1.2408503632   -12.7778466961
    6.1689274885     3.4458812638   -12.8758562135
    7.3226776299    -0.2734783934   -12.9738657309
    8.7407971872     2.7975302230   -13.0718752482
    6.2103975692     1.6877788091   -13.1698847656
    8.0568543952     1.1691877746   -13.2678942830
   10.2708332852     7.6284566791    -4.5419083697
    8.2811497173     7.9116682447    -5.3259845087
   11.3718031122     7.0549648450    -5.8160320956
    6.3573459616     7.3955750636    -6.1100606477
    9.4776750156     7.5757237250    -6.6001082346
   12.1101806756     6.0506486658    -7.0901558215
   10.3950118669     6.7032233084    -7.8742319605
    8.0497920841     7.2546887800    -0.4716273584
    6.4883162060     7.8008899182    -1.3516767720
    9.2132615630     7.5133534719    -1.9017076555
    4.7671720940     7.5629502325    -2.2317261856
    7.5605957560     8.1521004307    -2.7817570691
    5.7700449758     8.0326828161    -3.6618064827
    2.1197123506     3.3137594758    -4.8718744264
    6.8825270852     7.8719794461    -5.0918867798
    3.2111177508     5.7804041699    -5.4219053098
    5.3908415053     7.1295867750    -5.9719361933
   10.0144341198    -3.5766676992    -6.9258777775
    7.8847187633    -4.2101968813    -7.6177096648
   11.2127374842    -2.8517660345    -8.0328087972
    9.2845431751    -4.0512257595    -8.7246406846
    7.0670009443    -3.9113930793    -9.4164725719
   10.3570446781    -3.1685100283    -9.8315717044
    8.3744186200    -3.5011641015   -10.5234035917
   10.6412280761    -1.8240765695   -10.9385027241
    9.0225982241    -2.1507268009   -11.6303346115
   10.0128745570     6.7455604759    -9.4885063643
   11.5228099910     5.1390890291   -10.1803382516
    8.6284595178     6.7739423510   -10.5954373840
   10.2584407718     5.6644295183   -11.2872692714
    7.5501249022     5.9092268823   -11.7023684038
   10.6650245140     3.9681950977   -11.9791011588
    8.8566763536     4.9601152819   -12.3942002912
    1.8084920446     2.9746440149    -6.1639018238
    1.3769919163     1.6458754651    -7.2708328435
    1.9673414818     3.8411321996    -7.9626647309
    1.7303313862     0.2835051578    -8.3777638633
    1.7294310173     2.4683787331    -9.0695957506
    2.3651547707     1.2546159494   -10.1765267704
   16.2120789831     4.9218529914     3.1171608670
   14.9238854638     5.8940979874     2.7943648154
   16.0011623847     7.1887684924     2.2563713962
   13.2898957898     6.3416708562     1.9335753447
   14.6631734482     7.9551365324     1.3955819255
   14.7459293979     6.3346130379    -6.7819180464
   14.2934881021     4.4532773916    -7.1047140979
   15.9790653947     4.9718899926    -7.3199114656
   18.9521678241     4.9218173883     3.6321814671
   17.5180537789     3.6483746622     3.5341719497
   17.6612987502     5.8985252407     3.3381529150
   20.6449428749     5.6646996485     3.1421338802
   18.7417266714     7.2111029745     2.8481053281
   21.9653949723     4.4416830491     2.6520862934
   20.7195219598     7.2862173026     2.3580577412
   17.3821868748     8.0168101000     2.0640291891
   22.5245654595     5.9248397833     1.8680101544
   19.7283989717     8.5610609701     1.5739816022
   23.2470834413     3.5335785664     1.3779625675
   22.1541788275     7.5714981000     1.0839340154
   18.1148575111     9.1975089443     0.7899054632
   23.6933449387     5.2411413316     0.5938864285
   23.6715702554     2.3088776874     0.1038388416
   23.3304863360     7.0778374898    -0.1901897105
   21.9703460544    -0.2133784859    -0.3862087453
   24.2844534487     4.1331648834    -0.6802372974
   23.4463898193     1.0828490642    -1.1702848843
   17.2818425572     9.7704597713    -1.2682944016
   24.1090110833     6.1077476225    -1.4643134364
   21.0409762323    -1.0384865051    -1.6603324711
   24.3055063040     2.8914508525    -1.9543610233
   23.1583990449     7.8767568437    -2.2483895754
   22.7067872399     0.0858458203    -2.4444086101
   24.3873644974     4.8980290614    -2.7384371623
   23.7904240412     1.7618492436    -3.2284847491
   23.6821612688     6.7507150638    -3.5225133013
   21.6084900195    -0.4949636241    -3.7185323360
   24.1111155003     3.6852382203    -4.0125608881
   22.3335982739     8.1236780753    -4.3065894403
   22.8194595815     0.9756524441    -4.5026084750
   17.8277214212     9.3661133182    -4.6006179924
   23.6347449950     5.4958155549    -4.7966370271
   20.6184294652     8.7762527178    -5.0906655793
   23.2688609345     2.7271111936    -5.2866846140
   16.3382946580     8.3658638021    -5.3846941314
   22.4870623612     6.8366155002    -5.5807131661
   18.9087302089     8.5974197150    -5.8747417183
   22.8823184741     4.3700520920    -6.0707607530
   20.9459564924     7.4038631868    -6.3647893051
   17.6352344268     7.6240473749    -6.6588178573
   21.7311594724     5.4596660074    -6.8548368920
   19.4288315480     6.9419464767    -7.1488654441
   16.4451671953     2.8189236219    -7.2468749615
   17.3428772591     5.9875627184    -7.4428939963
   19.9147469578     5.3392116777    -7.6389130310
   17.3843473398     4.2294602637    -7.7369225484
   21.2658994054     9.0191101837     0.1124867402
   20.2886217860     9.9832478001    -0.9944442796
   22.2890743641     8.9827914090    -1.6862761669
   18.9053218128    10.2200246275    -2.1013752993
   21.1282428219     9.7804604136    -2.7932071867
   19.7438277827     9.8088422887    -3.9001382064
   21.3738090367     8.6993294560    -4.5919700938
   21.5876862284     0.2556734630    -5.4436279588
   19.6050601703    -0.0769806102    -6.1354598462
   21.8718696263     1.6001069218    -6.5505589786
   18.0746057474     0.8571335857    -6.8272917335
   20.2532397744     1.2734566904    -7.2423908659
   20.6164485181     2.9546321701    -7.6574899983
   18.2135274432     2.6817443310     3.4547393997
   20.9448367145     2.7906943733     3.3163730222
   18.9444704276     1.1248262412     3.0396402673
   21.1609797102     1.2076377824     2.6245411349
   22.4813870866     3.4589800034     2.2094420025
   19.8789632197    -0.0458747981     1.9327092475
   22.5194966611     1.5288203095     1.5176101151
   21.2450756701    -0.1524842079     0.8257782278
    1.0821364916    -3.8356102890     4.8741897913
    2.4559125063    -4.8826848186     4.1652167307
    1.1994910634    -5.4562303758     3.0131355073
    4.3453306675     2.1647329127     8.1230849064
    2.9063593530     0.8873456022     8.0344632739
    3.0484329020     3.1482236833     7.8572200087
    3.6389620182    -0.7231534762     7.7685983762
    1.4288916533     1.7497986535     7.5913551110
    4.1347352495     4.4806726791     7.4141118459
    1.8765897178    -0.8370022879     7.3254902133
    4.6270508903    -2.1010809439     7.0596253156
    0.3296036002     0.5390032463     6.8823820505
    2.3954960537    -2.3729623738     6.6165171528
    5.1448468576     5.9015167754     6.2620306225
    0.2117333532    -1.1340008407     6.1734089899
    3.7692720683    -3.4200369035     5.9075440922
    3.4886405782     6.6026003469     5.5530575619
    4.6756468910     7.2806487225     4.4009763386
    6.9720497917     2.1647329127     8.1230849064
    5.5330784772     0.8873456022     8.0344632739
    8.3051092646     0.9951229146     7.9458416413
    5.6751520261     3.1482236833     7.8572200087
    6.2656811424    -0.7231534762     7.7685983762
    8.6776203822     2.9156433710     7.6799767436
    8.5776935245    -0.6751151425     7.5027334785
    6.7614543737     4.4806726791     7.4141118459
   10.0220281239     1.6851943029     7.2368685808
    7.2537700144    -2.1010809439     7.0596253156
   10.1840878789    -0.4397815988     6.7937604179
    8.8634317061    -2.4565893680     6.3506522551
    7.7715659818     5.9015167754     6.2620306225
    6.3959911925    -3.4200369035     5.9075440922
    6.1153597024     6.6026003469     5.5530575619
   11.5739902036     4.4566350876     4.6668412363
    7.3023660151     7.2806487225     4.4009763386
   10.4436664177     6.1903264834     3.9578681757
    8.6622326597     7.3920478261     3.2488951152
    6.5051609263     7.8350683405     2.5399220546
    9.9761038563     6.9778041604     2.0968138918
    7.8853465662     7.7672978760     1.3878408312
    5.6635109456     7.7139003271     0.6788677707
    8.5671295765    -3.5637288591     5.3172979541
    7.7093507546    -4.8826848186     4.1652167307
    6.3959911925    -6.3453327338     2.4228893692
    8.2382948980    -6.6555947104     1.7139163087
    7.1290499330    -7.4449103253     0.5618350853
    9.2477351929    -7.1407835239    -0.1471379753
    5.7879182929    -7.7175659116    -0.5902461381
    8.0070121091    -7.7375557723    -1.2992191986
   10.0853508811    -6.9164520501    -2.0081922592
    6.6294220529    -7.8481008049    -2.4513004220
    8.7844458222    -7.3721467024    -3.1602734826
   10.5554400087    -6.1409163080    -3.8692465431
    7.4206087276    -7.3069491748    -4.3123547060
    6.2097698373    -6.6768581297    -5.4644359294
    7.8798080004    -5.9629698149    -6.1734089899
    5.4221720192    -5.4492864533    -6.6165171528
    4.6270508903    -5.0263767743     3.5749705926
    3.7692720683    -6.3453327338     2.4228893692
    2.5128506255    -6.9188782910     1.2708081459
    4.5023308089    -7.4449103253     0.5618350853
    1.1521528945    -6.8747060956     0.1187269225
    3.1611991687    -7.7175659116    -0.5902461381
    5.3802929850    -7.7375557723    -1.2992191986
    1.8026120612    -7.4734506890    -1.7423273615
    4.0027029287    -7.8481008049    -2.4513004220
    0.6217627061    -6.7586458409    -2.8944085849
    2.6864769598    -7.4540843013    -3.6033816454
   -0.2044157469    -5.6675893305    -4.0464898083
    4.7938896034    -7.3069491748    -4.3123547060
    1.6362009557    -6.5878454120    -4.7554628688
    3.5830507132    -6.6768581297    -5.4644359294
    0.0921918034     1.1030507605    -6.0847873574
    5.2530888763    -5.9629698149    -6.1734089899
   -0.1423044300    -2.9730958729    -6.3506522551
    0.1997216678    -0.5867462646    -6.7937604179
    4.2000746684    -4.6396724435    -7.3254902133
    1.2496244582    -1.8251278008    -7.5027334785
    2.9528264080    -3.3893567017    -7.7685983762
   10.4136296874    -2.1858013913     6.0262710147
   12.7256420694    -2.1377630577     5.7604061170
   11.4017185594    -3.5637288591     5.3172979541
   12.9158204279     3.1084629394     5.2286763216
   14.3320364238    -1.9024295140     5.0514330564
   14.7667837537     1.7364760883     4.7855681587
   13.0113802510    -3.9192372832     4.6083248936
   11.9195145267     4.4388688602     4.5197032610
   15.5296399889    -0.7054657055     4.3424599959
   10.5439397375    -4.8826848186     4.1652167307
   14.6992875853    -3.3521110448     3.8993518330
   12.3862434430    -5.1929467952     3.4562436702
   14.3076977802    -4.6645221195     2.7472706096
   11.2769984780    -5.9822624101     2.3041624468
   13.3956837379    -5.6781356087     1.5951893862
    9.9358668378    -6.2549179964     1.1520812234
   12.1549606541    -6.2749078571     0.4431081628
   14.2332994260    -5.4538041349    -0.2658648977
   10.7773705978    -6.3854528898    -0.7089730606
   12.0277565454    -4.5003218998    -4.4310816284
   11.8542659129     5.0645980096     3.9540235608
   12.8643775210     6.4854421059     2.8019423374
   11.2081712416     7.1865256773     2.0929692768
   12.3951775544     7.8645740530     0.9408880534
   10.7563224849     8.2978256575    -2.7812205145
   -7.9480479825     3.9971889320    -2.0382975491
   -7.5943382695     1.9353997988    -2.7472706096
   -7.1412610076     5.0929650097    -3.1903787725
   -4.6860704399     0.8406672902    -5.3172979541
   -4.2607649912     5.5116680910    -5.4945412193
   -3.0338255238     1.2215747105    -6.0262710147
   -3.4284936385     3.8589935054    -6.2035142798
   -1.4195758298     1.9458756645    -6.2921359124
   -1.6550722774     3.8555610333    -6.3807575450
   -0.2183575950     6.3032328278     6.3807575450
    1.4872129956     7.0541432861     5.9376493821
    3.4284278221     7.3376239185     4.7855681587
    1.6821515653     4.0693641901    -5.8490277495
    0.0033878396     4.3987399977    -6.2921359124
   -1.4410103096     8.5217711384     6.3807575450
   -2.8799816241     7.2443838279     6.2921359124
   -0.1079508367     7.3521611403     6.2035142798
   -2.7379080751     9.5052619089     6.1148926472
   -4.3574493238     8.1068368792     5.8490277495
   -4.4254332572     9.9889178213     5.4059195867
   -5.8691123957     9.2179292460     4.6969465261
   -6.7499537810     7.6910238530     3.9879734656
   -6.3073776202    10.5794225874     3.5448653028
   -7.3746359258     8.9133999005     2.8358922422
   -6.0467015889    11.9164683149     2.3927840794
   -7.4073313412    10.2757095858     1.6838110188
   -6.9115770192    11.5591737254     0.5317297954
   -7.2605895033    10.7776481410    -1.3293244885
   -7.7477370277     8.6685915758    -2.0382975491
   -6.2226080393    11.6662970665    -2.4814057119
   -7.3940273147     6.6068024426    -2.7472706096
   -6.9409500529     9.7643676536    -3.1903787725
   -6.8204098323     7.8504777976    -3.8993518330
   -5.9286454071     6.3092381831    -4.6083248936
   -5.5866193093     8.6955877914    -5.0514330564
   -4.5367165189     7.4572062552    -5.7604061170
   -2.8335145690     5.8929773543    -6.0262710147
   -0.0180466402    10.9746354716     6.3807575450
   -1.4570179546     9.6972481611     6.2921359124
    1.3150128328     9.8050254735     6.2035142798
   -1.3149444057    11.9581262421     6.1148926472
    1.6875239504    11.7255459299     5.9376493821
   -2.9344856544    10.5597012124     5.8490277495
    1.5875970926     8.1347874163     5.7604061170
   -0.2286420582    13.2905752379     5.6717844844
    3.0319316921    10.4950968618     5.4945412193
   -3.0024695878    12.4417821545     5.4059195867
    1.7777754511    13.3810134135     5.2286763216
    3.1939914470     8.3701209601     5.0514330564
   -1.6113481005    14.1337334691     4.9628114239
    3.6287387769    12.0090265623     4.7855681587
   -4.4461487263    11.6707935792     4.6969465261
    0.7814695499    14.7114193343     4.5197032610
    3.2840116061    13.7195840656     4.0765950982
   -0.8747367295    15.4125029057     3.8107302005
   -5.9843676718    12.7285739190     1.6838110188
   -5.4886133498    14.0120380586     0.5317297954
   -4.5591184389    15.0349012074    -0.6203514280
   -5.8376258338    13.2305124742    -1.3293244885
   -5.0161818527    14.8302894117    -2.1403427525
   -6.0024539742    12.8256992080    -2.8493158130
   -5.3651943367    14.0487638273    -4.0013970364
    6.0771206986     9.1706656793    -4.3558835667
   -4.3272128727    14.9374127527    -5.1534782598
    5.1521342305     8.1699875580    -5.5079647901
   -4.4060313017     8.2113519591    -6.1283162181
   -2.8184755385     7.2264600177    -6.8372892786
   -3.7987540071    13.6565005028    -7.0145325438
    1.3621430657     6.5904799273    -7.1031541763
   -4.0332502405     9.5803538694    -7.2803974415
    4.2236624166     9.3936212093    -7.3690190740
   -1.0954929155     7.1041632890    -7.5462623392
   -3.6912241427    11.9667034777    -7.7235056043
    2.3795047429     7.9238258270    -7.8121272369
   -2.5903643186     8.7831856203    -7.9893705020
   -2.1650588699    13.4541864211    -8.1666137671
    0.3091288579     7.9137772988    -8.2552353997
   -2.6413213523    10.7283219415    -8.4324786649
    2.3548940172     9.5590181870    -8.5211002974
   -0.9381194025     9.1640930406    -8.6983435626
   -1.3327875172    11.8015118355    -8.8755868277
    0.6761302915     9.8883939946    -8.9642084603
    0.4406338440    11.7980793634    -9.0528300928
    3.5810293910    14.9947718902     3.2655768342
    1.6648633824    16.5598011982     2.9997119365
    4.9254371326    13.7643228220     2.8224686714
    3.6712808917    16.6502393737     2.5566037737
    0.2821573401    17.4029594294     2.2907388760
    5.5222442175    15.2782525226     2.1134956108
    2.6749749905    17.9806452946     1.8476307131
    5.1775170467    16.9888100259     1.4045225503
    1.0187687111    18.6817288660     1.1386576526
    3.9996349631    18.4605476185     0.6955494897
    6.4773992123    16.5357636067     0.2524413269
    2.2057750239    19.3597772416    -0.0134235708
    5.3470754265    18.2694550025    -0.4565317337
    6.6913744763    10.1906456851    -0.6337749988
    0.1066881205    19.4783453988    -0.7223966314
    7.4362284273    15.5684619921    -0.8996398965
   -4.0908622312    15.9977998793    -0.9882615291
    3.5656416685    19.4711763453    -1.1655047942
    6.5115030917    17.5482866894    -1.6086129571
    1.4085699351    19.9141968596    -1.8744778548
    7.9530981355    14.2943811549    -2.0517211199
   -3.5951079092    17.2812640189    -2.1403427525
    4.8795128651    19.0569326796    -2.3175860176
    7.3896377140    10.7562814562    -2.4948292827
   -0.7838831341    19.5065802189    -2.5834509153
    7.3358222388    16.4404871843    -2.7606941804
    2.7887555750    19.8464263952    -3.0265590782
    7.9745129947    12.9124436691    -3.2038023433
   -2.6656129983    18.3041271677    -3.2924239759
    5.9600106111    18.1955211302    -3.4696672410
    6.5999473393     9.6230277898    -3.6469105061
    0.5669199544    19.7930288462    -3.7355321387
    7.7079786475    15.1118526767    -3.9127754038
   -3.9441203933    16.4997384345    -4.0013970364
    4.0485002352    19.2888434625    -4.1786403016
    7.4981946420    11.6216402866    -4.3558835667
   -1.4356149532    18.9185708870    -4.4445051993
    6.6488673945    17.0079441487    -4.6217484644
    1.9173901701    19.5645431360    -4.8876133621
    7.5616655095    13.7522209537    -5.0648566272
   -2.9061389293    17.3883873599    -5.1534782598
    4.9953239709    18.3064118541    -5.3307215249
    6.5732081739    10.6209621652    -5.5079647901
   -0.0767398287    19.0106810008    -5.5965864227
    6.8164240272    15.6573079099    -5.7738296878
   -3.6244809429    15.4864579470    -5.8624513204
    3.0548284126    18.8173173102    -6.0396945855
    6.8735263315    12.5765901688    -6.2169378506
   -1.5962068077    17.7664219790    -6.3055594832
    5.4378912756    17.0130179594    -6.4828027483
    5.2964822774    10.1165794048    -6.6600460135
    1.1981549607    18.4914623777    -6.7486676460
    6.3490728466    14.3518946268    -6.9259109112
   -2.3776800637    16.1074751100    -7.0145325438
    3.7316616387    17.5816284062    -7.1917758089
    5.6447363600    11.8445958165    -7.3690190740
   -0.1911656509    17.4357010256    -7.4576407066
    5.1454172091    15.5665372287    -7.6348839717
   -2.2701501993    14.4176780849    -7.7235056043
    5.0709906248    13.3773869536    -8.0779921346
   -0.7439849264    15.9051610283    -8.1666137671
    3.7759679607    12.0099927942    -8.5211002974
    0.0882864263    14.2524864427    -8.8755868277
    2.0972042349    12.3393686018    -8.9642084603
   -1.5505844149     4.5765924969     7.0613847157
   -3.4568028950     6.1246803101     6.7642415947
   -0.2294453573     3.3515636977     6.5661461807
   -4.8171856119     6.9286645517     5.9718599388
   -6.4661415458     6.7788755354     5.1794782829
   -7.5948026703     6.9854433380     3.0994764361
   -8.7776557856     5.3999215226     2.3070947802
   -9.2436166695     3.4586185816     1.5147131243
   -8.1315792702     6.4501024415     1.0194745894
   -8.9093553244     1.5047995136     0.7223314684
   -8.8213368142     4.6189506067     0.2270929335
   -8.7104638262     2.7326519909    -0.5652887225
   -7.8830307623     5.4587549981    -1.0605272574
   -5.3051128034    -5.3434601471     4.5658386403
   -3.0084868383    -5.2895833492     4.2686955194
   -7.0492914480    -5.4457992455     4.0706001054
   -4.3256818323    -6.6874150494     3.7734569844
   -6.5208756475    -6.9351051301     3.2782184495
   -2.7549992684    -7.0035751492     2.9810753285
   -8.6432460312    -5.7026342451     2.7829799145
   -5.1683934636    -7.9161975757     2.4858367936
   -9.7583350304    -3.2919790517     2.2877413796
   -1.1422929047    -6.4140450746     2.1886936726
   -7.8475537924    -7.2584904573     1.9905982586
   -3.3938345287    -8.1595660273     1.6934551376
   -9.7991891095    -5.1099656626     1.4953597237
   -6.3604581922    -8.3692176270     1.1982166027
   -1.5920995723    -7.5902098695     0.9010734817
   -4.4699407944    -8.7834048198     0.4058349468
  -10.4690413144    -4.0660849187     0.2077395328
   -0.1275063251    -6.2925777446     0.1086918258
   -2.5254347847    -8.3986503843    -0.3865467091
  -10.5985502034    -2.8398381384    -1.0798806580
   -0.8780992422    -7.2707930066    -1.1789283650
   -3.7171972768    -8.7151245240    -1.6741669000
   -1.9845094019    -7.8202479681    -2.4665485559
  -10.0653973601    -3.5658047291    -3.1598825048
   -0.8133035139    -6.3510572325    -3.2589302118
   -3.2475703838    -7.7750213930    -3.7541687467
   -7.1453578097     0.8533407844    -4.1503595747
   -9.2133734153    -2.5566067318    -4.4475026957
   -2.1406712306    -6.4825831733    -4.5465504026
   -7.8475610380    -0.6298984912    -4.9427412306
   -8.3576781907    -3.9111496834    -5.2398843516
   -1.9132371382    -4.9067031737    -5.3389320586
   -5.8412355216    -0.0157982046    -5.4379797655
   -2.0992342364    -2.0414928518    -5.6360751795
   -7.5217300764    -2.1819513533    -5.7351228865
   -3.6698381329    -5.5195276514    -5.8341705935
   -4.2254988691    -0.8129801400    -5.9332183005
   -6.7527444750    -4.3466810542    -6.0322660075
   -2.9403301471    -3.5211847449    -6.1313137145
   -5.8807487009    -1.8370029926    -6.2303614214
   -4.9948817107    -4.4595568793    -6.3294091284
   -4.3155319463    -2.6620968790    -6.4284568354
   -1.0695462337    -3.2970191590     5.3819396155
   -2.7624538033    -3.3635244783     4.7520309527
   -0.1140983363    -4.5381532829     4.3740857549
   -0.9112752879    -5.4730962795     2.7363232315
   -2.2323367955    -1.6229673676    -5.6339030807
   -0.9223064330    -0.4439169188    -5.8858665458
    2.0372643145     4.2674455852     7.1935569299
    9.6633646884     4.0263820898     6.9415934648
    9.6829730793     5.5475917136     5.9337396042
   11.3451731270     4.2056075402     5.3038309413
   10.8705749207     5.6366691586     4.2959770808
   11.2328195200    -4.9125874380    -4.7999040110
    9.3146335403    -6.1497723193    -5.4298126739
    9.8629280943    -4.7997144111    -6.4376665345
    8.1694522438    -4.7497290053    -7.0675751974
    1.1062134596    -6.2027415820    -5.0518674762
   -0.2047583498    -4.4184511906    -5.6817761391
    2.5547562258    -6.0001258256    -6.0597213368
    1.2413259760    -4.6994109669    -6.6896299996
   12.8187591760    -6.1633263461    -0.3483394906
   11.8439969120    -6.1524590604    -1.9861020140
   13.1262108593    -5.3749846640    -2.9939558746
   11.8059606542     1.0384350912     6.3847542068
   13.1274319985    -0.1277780101     6.1327907417
   13.4749420074     1.7624903554     5.7548455439
   14.7272409653     0.5502978293     5.1249368811
    9.8705123172     7.4793558706     1.4021766835
   10.6006741069     8.3043613614    -0.2355858399
   14.7157072696    -2.7303300981    -6.2921576334
   12.3561126549    -3.4577098006    -6.9220662962
   15.5565125819    -1.4430505229    -7.3000114940
   13.6383266022    -2.6802354042    -7.9299201568
   15.5851828813     0.0322042853    -8.3078653545
   14.6195535747     2.9704123304    -8.6858105523
   14.1866211562    -1.3301774960    -8.9377740174
   14.6265200827     1.1751939631    -9.3157192151
   13.7520094978     9.4578989807     0.0661404096
   15.9604543633     9.8856735733    -0.5637682533
   12.2843748589     9.1933621909    -0.9417134510
   14.4821712875    10.2829044715    -1.5716221139
   12.9607125075     9.9044473195    -2.5794759744
   15.4456153482    10.2876044746    -3.2093846373
   11.8068979333     8.8561288090    -3.5873298350
   13.9712781903     9.8759697051    -4.2172384979
   16.1837915008     9.4697620284    -4.8471471608
   12.9953123292     8.7786423677    -5.2250923585
   14.8965012767     8.7761105727    -5.8550010213
   13.0297613746     7.2576964542    -6.2329462191
   -6.8971303140     4.7049686686    -3.7655939866
   -6.5126636997     1.3168671848    -4.1435391843
   -6.4540659923     3.3178073995    -4.7734478472
   -5.2136533193     4.5421602085    -5.4033565101
   -4.8477175637     2.6553722706    -5.7813017078
   -8.1586685750     7.7883853722     1.0708447269
   -8.1710557873     8.7545723308    -0.5669177966
   -7.9523188340     7.2263253300    -1.5747716572
   -3.9969939028    13.7865529569     4.0578716062
   -2.6356942753    15.3179392713     3.4279629433
   -4.1033289143    15.0534024816     2.4201090827
    4.7022445957    10.2370332469     4.1838533388
    4.7803615638     8.2367599721     3.5539446759
    5.1317540765    11.6284512234     3.1759994782
    5.7137063709     9.3894901595     2.5460908153
    5.9175226659    10.9197985167     1.5382369547
    2.8857857271     6.1032109908    -5.9740537586
    3.4340802811     7.4532688990    -6.9819076192
   -6.0356654202    12.1938736301    -4.2103095026
   -5.8169284669    10.6656266292    -5.2181633632
   -5.2568481559    12.9101589111    -5.8480720261
   -4.8137838342    11.5229976420    -6.8559258866
    1.8592816814    17.0625590327    -8.0792085099
    4.5297141256    14.4429601291    -8.3311719751
    2.9447469588    15.8140242621    -8.7091171728
    3.1156547549    13.5751677155    -8.9610806379
    1.6685078974    14.8364074250    -9.0870623705
   -2.1015987362    17.0557789172     1.3857990583
   -0.7402991087    18.5871652316     0.7558903954
   -2.2079337477    18.3226284419    -0.2519634651
    6.5976397623    13.5081489331     1.5117807909
    6.6757567304    11.5078756584     0.8818721280
    7.0271492431    14.8995669097     0.5039269303
    7.6091015374    12.6606058457    -0.1259817326
    7.8129178325    14.1909142030    -1.1338355932
   -7.3618552638    -8.1493597535     0.9020292052
   -9.2920204650    -6.9309484193     0.2721205424
   -6.0721169628    -8.9142873047    -0.1058246554
   -8.4386959073    -8.2099634611    -0.7357333182
   -4.5175870434    -8.9223262894    -1.1136785159
  -10.0219599911    -6.2484102734    -1.3656419811
   -7.0467268067    -8.9346642810    -1.7435871788
   -9.1210820370    -7.5288272330    -2.3734958417
   -5.4923493074    -8.9114590037    -2.7514410394
  -10.0026715316    -5.2590942767    -3.0034045045
   -7.7471527970    -8.1869538700    -3.3813497023
   -4.2101353601    -8.1339846073    -3.7592949000
   -9.0581246064    -6.4026634787    -4.0112583651
   -6.2986100308    -7.9843381136    -4.3892035629
   -8.9995268989    -4.4017232639    -4.6411670280
   -7.6120402806    -6.6836232549    -5.0191122257
   -5.3553166566    -6.7339412933    -5.3970574234
   -7.3931784703    -5.0641583928    -5.6490208886
   -9.9450150838    -0.5530961582     1.5212294208
  -10.5302746907    -1.9512623730     0.5133755602
   -9.9938272301     0.4859474244    -0.1165331026
  -10.5426619030    -0.9850754144    -1.1243869632
   -9.3032310853     1.1668337614    -1.7542956261
   -9.7638446387    -0.2687901334    -2.7621494867
   -8.1148166894     1.0893473201    -3.3920581495
   -6.5586008085     1.2665664595    11.9162211063
   -7.8517620282     2.2448026323    11.6190779854
   -4.8632740729     2.0103446044    11.4209825714
   -9.4583643658     0.8503904975    11.3219348644
   -6.7694925530     3.5584324176    11.1238394504
   -9.5125277627     2.7100321891    10.8266963294
   -4.7899936838     3.6322798687    10.6286009155
  -10.5204893610    -0.3453826702    10.5295532085
   -8.1298752700     4.3624166592    10.3314577945
   -2.9852572301     2.2688748277    10.1333623805
  -10.9035790111     1.9353706734    10.0343146735
   -5.7828332550     4.9047251882     9.8362192596
  -10.6010021554    -1.9704254176     9.7371715526
   -2.2649415234    -0.1229321284     9.6381238456
   -9.7788312038     4.2126276428     9.5390761386
   -3.3589043339     3.9131598086     9.3409807246
  -11.7160911546     0.4402297758     9.2419330176
   -7.3959394845     5.5364524872     9.0438376036
   -9.8053099166    -3.5262816298     8.9447898967
   -1.8237651142     1.5833402208     8.8457421897
  -11.2542435387     3.2223199800     8.7466944827
   -4.5304630159     5.2862994565     8.5485990687
   -1.8491357637    -1.3441380797     8.3505036547
   -9.2326648060     5.3726511471     8.2514559477
   -8.3182143163    -4.6370087995     8.1524082408
   -2.1918089110     3.4144653547     8.0533605338
   -6.2603929053     6.0713321811     7.7562174128
   -1.2450712942     0.4768328109     7.5581219988
  -10.9074923283     4.4191954455     7.4590742918
   -6.4276969186    -5.0511959923     7.3600265848
   -2.0852624493    -2.5603689171     7.0628834639
   -8.2231786198     6.0889170653     6.9638357569
   -9.5421272055    -4.4588742648     6.8647880499
  -12.0903454436     2.8336736301     6.6666926359
   -4.4831909089    -4.6664415568     6.5676449289
   -1.2409636004    -0.7568530104     6.2705018080
  -10.0606255231     5.3160001769     6.1714541010
   -7.6591884798    -5.1178385944     6.0724063940
   -2.8358553664    -3.5385841792     5.7752632730
   -7.0053088691     6.2812614008     5.6762155660
  -11.4442689282     3.8838545490     5.3790724451
   -5.6749534009    -4.9829156965     5.2800247381
   -8.9066501341     5.7522780474     4.8838339101
   -8.7963381191    -4.6386783032     4.7847862031
  -10.3923031936     4.5383324742     4.0914522542
   -9.5925115540    -3.6728057512     3.4971660123
  -11.1957204203     2.8925071056     3.2990705983
   -9.1031139339     4.5855496119     2.8038320634
   -9.8053171621     3.1023103363     2.0114504075
   -9.4794862006     1.5502574741     1.2190687515
   -6.0821855538     0.2504193540    12.1408595681
   -7.5169583268    -1.0248793255    12.0148778355
   -4.7607142096    -0.9157937473    11.8888961029
   -6.7821878972    -2.6053794472    11.6369326378
   -4.4132042007     0.9744746182    11.5109509052
   -4.5260626072    -2.5330462190    11.2589874401
   -8.4750954669    -2.6718847664    11.0070239749
   -3.1609052428    -0.2377179079    10.8810422424
   -5.8267399999    -3.8465135711    10.6290787772
   -3.0827882747    -2.2379911827    10.2511335795
   -7.9136552524    -4.0165290164     9.9991701143
   -4.3762893692    -4.0349870659     9.6212249166
   -2.1494434677    -1.0852609953     9.2432797189
   -6.6239169515    -4.7814565676     8.9913162538
   -3.0088464935    -3.3634870967     8.6133710560
   -5.0693870321    -4.7894955524     7.9834623932
  -12.0903031236    -0.8035381621     8.5667578150
  -12.3789821571     1.3536373643     7.9368491521
  -12.0472409564    -2.2784430353     7.5589039544
  -12.9642417640    -0.0445288505     6.9289952915
  -11.1939163986    -3.5574580771     6.5510500938
  -12.4277943034     2.3926809469     6.2990866287
  -12.7771804825    -1.5959048895     5.9211414309
  -12.9766289763     0.9216581081     5.2912327681
  -11.8763025284    -2.8763218490     4.9132875704
  -12.7578920230    -0.6065888928     4.2833789075
  -10.5023732883    -3.5344484861     3.9054337098
  -12.1978117121     1.6379433891     3.6534702446
  -11.8133450978    -1.7501580947     3.2755250469
  -11.7547473903     0.2507821200     2.6456163840
  -10.3672607720    -2.0311178710     2.2676711863
   12.0608288234    -4.1014492769    -4.9580319089
   10.8131753017    -3.9335388581    -6.2168080632
   12.8868964078     6.3255747988    -7.0882684778
   13.3192764531     5.0296103287    -8.3470446322
   14.9372448336     2.7486582432     4.6629966213
   16.2703043065     1.5790482451     4.4857533562
   16.6428154242     3.4995687015     4.2198884585
   14.7266494156     5.0645980096     3.9540235608
   13.3439433733     5.9077562407     3.2450505002
   16.8377539939     0.5147896055    -7.5667886732
   17.4284053263    -0.4020864700     4.1289861221
   17.6915716408    -2.0581519087     3.6337475872
   19.1156795880     0.2845384182     3.3366044662
   16.3743766468    -3.4559836089     3.1385090522
   19.2577399141    -1.8088512024     2.8413659313
   17.9450592108    -3.7721437087     2.3461273963
   20.3928730799    -0.6237095154     2.0489842754
   15.5316650155    -4.6847661352     1.8508888614
   19.5577655744    -3.1826136341     1.5537457404
   17.3062239504    -4.9281345868     1.0585072055
   20.8086788396    -1.8449154667     0.7613640845
   19.1079589068    -4.3587784290     0.2661255496
   16.2301176847    -5.5519733793    -0.2291129854
   20.5725521540    -3.0611463041    -0.5262561063
   18.1746236944    -5.1672189438    -1.0214946413
   14.9986261235    -5.6186159814    -1.5167331762
   19.8219592369    -4.0393615661    -1.8138762972
   16.9828612024    -5.4836930835    -2.3091148321
   20.8811737931    -2.3687073699    -2.6062579531
   13.8614764842    -5.1394556901    -2.8043533671
   18.7155490772    -4.5888165276    -3.1014964880
   15.7686986201    -5.2303194308    -3.5967350230
   19.8867549653    -3.1196257920    -3.8938781440
   17.4524880953    -4.5435899525    -4.3891166789
   14.8026466113    -4.3618702584    -4.8843552138
   18.5593872485    -3.2511517328    -5.1814983348
   16.2920396445    -3.7069239754    -5.6767368698
   18.7868213409    -1.6752717332    -5.9738799907
   17.0302203463    -2.2880962109    -6.4691185257
    1.8126417571     4.1359898488    -5.8505264977
    3.9621583500     6.8937371676    -6.2936346606
    2.3083960792     5.4194539884    -7.0026077211
    8.8139251063    -4.5949414533    -7.0912293537
    5.1196208543     7.6447701885    -7.4457158840
    5.2362441825    -4.3308363700    -7.5343375165
   10.8922638782    -3.7738377310    -7.8002024143
    8.6922595634     7.9846163647    -7.8888240468
    2.3769548905    -2.1642683393    -7.9774456794
    3.2378909901     6.4423171373    -8.1546889445
    7.4363350500    -4.7054864859    -8.2433105771
    6.4704239427     7.9312188158    -8.5977971074
    4.0553948274    -3.6160315219    -8.6864187399
    1.9593835951     4.6379284041    -8.8636620051
    9.9520042236     7.4270334320    -9.0409052702
    1.8403566345    -0.8963593526    -9.1295269028
    4.4678890352     7.0567608566    -9.3067701679
    6.1201090811    -4.3114699822    -9.3953918005
   12.5523713828     5.1461341182    -9.4840134331
   11.3623530059    -2.9983019889    -9.6612566982
    7.8208941585     7.7027331055    -9.7498783308
    3.2292163744    -2.5249750115    -9.8384999633
   13.4651694979     1.8904109233    -9.9271215959
    2.9973650591     5.5265773295   -10.0157432285
    1.8259457837     0.4670827057   -10.2816081262
   12.4767121623    -1.2408478652   -10.3702297588
    5.8267641597     7.1488709703   -10.4588513913
    5.0698330770    -3.4452310930   -10.5474730239
   12.7199280156     3.7954978795   -10.6360946565
    2.2790230455     3.6246479166   -10.7247162890
    2.9185466301    -1.1994834641   -10.9905811867
   12.7770303199     0.7147801384   -11.0792028193
    4.3072971807     5.9046119486   -11.1678244519
    7.0166828345    -3.5342438107   -11.2564460844
    2.3995632660     1.7107580606   -11.4336893496
   11.1999862658    -1.7452306256   -11.5223109821
    7.1016589491     6.6296523472   -11.6109326147
    4.5061023933    -2.1843754055   -11.6995542473
   12.2525768350     2.4900845963   -11.7881758799
    3.5258239247     4.2456650796   -11.8767975124
    8.6867209976    -2.8203554959   -11.9654191450
    3.2913276913     0.1695184461   -12.1426624101
   11.5482403484    -0.0172142139   -12.2312840427
    5.7123383375     5.5738909952   -12.3199056753
    6.2290850163    -2.3066721342   -12.4085273078
   11.0489211975     3.7047271982   -12.4971489404
    3.6333537891     2.5558680545   -12.5857705730
    9.7040826747    -1.4870095963   -12.6743922055
    8.0081650976     5.3800027788   -12.7630138381
    4.7342136133    -0.6276498029   -12.8516354707
   10.9744946132     1.5155769231   -12.9402571032
    5.1595190620     4.0433509979   -13.0288787358
    7.6337067897    -1.4970581245   -13.1175003684
    9.4540208157     3.9859469953   -13.2061220010
    4.6832565795     1.3174865183   -13.2947436335
    9.6794719490     0.1481827637   -13.3833652661
    6.9816693172     4.0780717763   -13.4719868987
    6.3864585293    -0.2467423827   -13.5606085312
    9.3884770731     2.2680479486   -13.6492301638
    5.9917904147     2.3906764123   -13.7378517964
    8.0007082233     0.4775585713   -13.8264734289
    7.7652117758     2.3872439402   -13.9150950615
    9.6427917356     8.4532684099    -5.2394282108
    7.4209561150     8.3998708609    -5.9484012714
   10.9025363959     7.8956854772    -6.3915094342
    8.7714263307     8.1713851507    -7.1004824948
   11.8493601315     6.9132538689    -7.5435906576
    6.4652006419     8.0044346283    -0.4539252151
    7.6007472211     8.5393143222    -1.7415454059
    8.8337337061     8.4815683801    -3.0291655968
    6.8558312573     8.7492435419    -3.8215472527
    9.4210318485    -4.5117058320    -7.8562208433
   10.8058641992    -3.7734588438    -8.8640747039
    8.4462695845    -4.5008385464    -9.4939833667
    9.7284835318    -3.7233641499   -10.5018372273
   10.9189538009     6.4983512925   -10.2454644015
    9.4488080775     6.7485566048   -11.2533182621
   10.8249837896     5.2305246127   -11.8832269250
    8.1615178534     6.0549051491   -12.2611721227
    9.2469831308     4.8063703785   -12.8910807856
    1.2294685450     0.0859512404    -7.4845747322
    1.0300200512     2.6035142379    -8.1144833950
    1.2487570045     1.0752672371    -9.1223372556
   14.9203675432     5.8998891462     3.4178739930
   16.0017102763     7.2152780024     2.9337293182
   14.6389067649     8.0261021878     2.1590978386
   12.9807124894     7.8836702450     1.3844663590
   15.3721781303     9.2201981203     0.9003216842
   14.7905153393     7.9647618649    -6.4586773722
   14.2344887365     6.4739727697    -7.2333088518
   15.8041476280     5.8827262169    -7.7174535266
   18.9529125594     4.9237328561     4.2793822456
   17.5139412449     3.6463455456     4.1907606131
   20.2859720323     3.7541228580     4.1021389805
   17.6560147939     5.9072236266     4.0135173479
   18.2465439101     2.0358464672     3.9248957154
   20.6584831500     5.6746433144     3.8362740828
   18.7423171414     7.2396726225     3.5704091851
   22.0028908916     4.4441942463     3.3931659199
   20.7487346507     7.3301107980     3.1273010222
   17.3596110991     8.0828308536     2.8614361245
   22.5996979764     5.9581239468     2.6841928594
   19.7524287495     8.6605167188     2.4183279617
   23.3625542117     3.5161821530     2.2410846965
   22.2549708057     7.6686814501     1.9752197988
   22.5322018080     0.8695368137     1.7979765337
   18.0962224701     9.3616002902     1.7093549011
   23.8726510043     5.2776038589     1.5321116360
   21.0770887220     9.1404190427     1.2662467383
   23.8876880349     2.2260623071     1.0890034732
   16.1656702366     9.2554383411     1.0003818406
   23.5548529713     7.2156350309     0.8231385754
   22.1406120029    -0.4428742610     0.6458953103
   19.2832287829    10.0396486658     0.5572736777
   24.6057642480     4.1280920894     0.3800304126
   22.4245291854     8.9493264267     0.1141655149
   23.7688282353     0.8705171093    -0.0630777502
   17.1841418795    10.1582168230    -0.1516993828
   24.5136821863     6.2483334164    -0.3289426479
   24.7973004911     2.7751633034    -0.7720508108
   23.5889568506     8.2281581136    -1.0379157085
   23.1192668249    -0.3377944120    -1.2151589736
   18.4860236940    10.5940682838    -1.3037806062
   25.0305518945     4.9742525791    -1.4810238713
   24.4670914730     1.4361528804    -1.9241320342
   16.2935706249    10.1864516432    -2.0127536668
   24.4132759978     7.1203586085    -2.1899969319
   22.0662136488    -1.2321562763    -2.3672401970
   25.0519667537     3.5923150933    -2.6331050947
   23.0374643700     8.8753925544    -2.8989699924
   23.6774010983     0.3028992140    -3.0762132576
   17.6443737133    10.4729002704    -3.1648348901
   24.7854324065     5.7917241009    -3.3420781553
   24.5756484010     2.3015117108    -3.7851863181
   23.7263211534     7.6878155729    -4.0510512158
   22.5363027764    -0.4566205342    -4.2282944810
   18.9948439291    10.2444145602    -4.3169161135
   24.6391192685     4.4320923779    -4.4941593787
   22.0727777298     8.9862832784    -4.7600242764
   23.6506619329     1.3008335894    -4.9372675415
   17.0007139303     9.6905524250    -5.0258891741
   23.8938777862     6.3371793341    -5.2031324392
   21.1970073761    -0.6970957462    -5.3803757044
   20.1322821716     9.4971887345    -5.4689973369
   23.9509800905     3.2564615931    -5.6462406021
   22.5153450346     7.6928893836    -5.9121054998
   18.2756087197     9.1713338019    -6.1779703975
   23.4265266056     5.0317660510    -6.3552136626
   20.8091153977     8.2614998305    -6.6210785603
   22.7221901190     2.5244672408    -6.7983218255
   16.8862881081     8.1155724499    -6.8869434580
   22.2228709681     6.2464086529    -7.0641867232
   19.1821148682     7.9216842335    -7.3300516209
   22.1484443838     4.0572583778    -7.5072948860
   16.3334688325     6.5850324525    -7.5959165186
   20.6279705863     6.5276284500    -7.7731597837
   18.1556190878     6.6197532310    -8.0390246814
   17.5604082999     2.2949390720    -8.1276463140
   20.5624268437     4.8097294033    -8.2162679466
   17.1657401852     4.9323578670    -8.3048895791
   19.1746579939     3.0192400260    -8.3935112117
   18.9391615464     4.9289253949    -8.4821328443
   20.3408392049    10.1993680874    -0.2746401770
   18.8625561291    10.5965989856    -1.2824940376
   21.3510789495    10.2377038680    -1.9124027005
   19.8260001898    10.6012989887    -2.9202565610
   22.0343220659     9.5332512302    -3.5501652239
   20.9591250820    -0.2991806586    -6.1138934818
   21.5074196360     1.0508772496    -7.1217473424
   19.8139437856     1.1008626554    -7.7516560052
   20.5332591918     2.6884562952    -8.1296012030
   20.9603462213     2.7861794643     3.8008688717
   18.9388725336     1.0965937645     3.5489054066
   21.1949978236     1.1689269927     3.1709602089
   22.6382721561     1.4639820290     2.1631063483
