{
  "free_energy_results": {
    "dG0": -26.443,
    "dG_star": 20.8,
    "dG_star_reverse": 47.243,
    "units": "kcal/mol"
  },
  "pmf_data": {
    "reaction_coordinate": [
      -2.0,
      -1.979899497487437,
      -1.9597989949748744,
      -1.9396984924623115,
      -1.9195979899497488,
      -1.899497487437186,
      -1.879396984924623,
      -1.8592964824120604,
      -1.8391959798994975,
      -1.8190954773869348,
      -1.7989949748743719,
      -1.778894472361809,
      -1.7587939698492463,
      -1.7386934673366834,
      -1.7185929648241207,
      -1.6984924623115578,
      -1.678391959798995,
      -1.6582914572864322,
      -1.6381909547738693,
      -1.6180904522613067,
      -1.5979899497487438,
      -1.5778894472361809,
      -1.557788944723618,
      -1.5376884422110553,
      -1.5175879396984926,
      -1.4974874371859297,
      -1.4773869346733668,
      -1.457286432160804,
      -1.4371859296482412,
      -1.4170854271356785,
      -1.3969849246231156,
      -1.3768844221105527,
      -1.3567839195979898,
      -1.3366834170854272,
      -1.3165829145728645,
      -1.2964824120603016,
      -1.2763819095477387,
      -1.2562814070351758,
      -1.236180904522613,
      -1.2160804020100502,
      -1.1959798994974875,
      -1.1758793969849246,
      -1.1557788944723617,
      -1.135678391959799,
      -1.1155778894472361,
      -1.0954773869346734,
      -1.0753768844221105,
      -1.0552763819095476,
      -1.035175879396985,
      -1.015075376884422,
      -0.9949748743718594,
      -0.9748743718592965,
      -0.9547738693467336,
      -0.9346733668341709,
      -0.914572864321608,
      -0.8944723618090451,
      -0.8743718592964824,
      -0.8542713567839195,
      -0.8341708542713568,
      -0.8140703517587939,
      -0.793969849246231,
      -0.7738693467336684,
      -0.7537688442211055,
      -0.7336683417085428,
      -0.7135678391959799,
      -0.693467336683417,
      -0.6733668341708543,
      -0.6532663316582914,
      -0.6331658291457287,
      -0.6130653266331658,
      -0.5929648241206029,
      -0.5728643216080402,
      -0.5527638190954773,
      -0.5326633165829147,
      -0.5125628140703518,
      -0.49246231155778886,
      -0.4723618090452262,
      -0.4522613065326633,
      -0.4321608040201004,
      -0.4120603015075377,
      -0.3919597989949748,
      -0.3718592964824121,
      -0.3517587939698492,
      -0.3316582914572863,
      -0.31155778894472363,
      -0.29145728643216073,
      -0.27135678391959805,
      -0.25125628140703515,
      -0.23115577889447225,
      -0.21105527638190957,
      -0.19095477386934667,
      -0.170854271356784,
      -0.1507537688442211,
      -0.1306532663316582,
      -0.11055276381909551,
      -0.09045226130653261,
      -0.07035175879396993,
      -0.05025125628140703,
      -0.03015075376884413,
      -0.01005025125628145,
      0.010050251256281229,
      0.03015075376884413,
      0.05025125628140703,
      0.07035175879396993,
      0.09045226130653283,
      0.11055276381909529,
      0.1306532663316582,
      0.1507537688442211,
      0.170854271356784,
      0.1909547738693469,
      0.2110552763819098,
      0.23115577889447225,
      0.25125628140703515,
      0.27135678391959805,
      0.29145728643216096,
      0.31155778894472386,
      0.3316582914572863,
      0.3517587939698492,
      0.3718592964824121,
      0.391959798994975,
      0.4120603015075379,
      0.4321608040201004,
      0.4522613065326633,
      0.4723618090452262,
      0.4924623115577891,
      0.512562814070352,
      0.5326633165829144,
      0.5527638190954773,
      0.5728643216080402,
      0.5929648241206031,
      0.613065326633166,
      0.6331658291457285,
      0.6532663316582914,
      0.6733668341708543,
      0.6934673366834172,
      0.7135678391959801,
      0.7336683417085426,
      0.7537688442211055,
      0.7738693467336684,
      0.7939698492462313,
      0.8140703517587942,
      0.8341708542713566,
      0.8542713567839195,
      0.8743718592964824,
      0.8944723618090453,
      0.9145728643216082,
      0.9346733668341707,
      0.9547738693467336,
      0.9748743718592965,
      0.9949748743718594,
      1.0150753768844223,
      1.0351758793969852,
      1.0552763819095476,
      1.0753768844221105,
      1.0954773869346734,
      1.1155778894472363,
      1.1356783919597992,
      1.1557788944723617,
      1.1758793969849246,
      1.1959798994974875,
      1.2160804020100504,
      1.2361809045226133,
      1.2562814070351758,
      1.2763819095477387,
      1.2964824120603016,
      1.3165829145728645,
      1.3366834170854274,
      1.3567839195979898,
      1.3768844221105527,
      1.3969849246231156,
      1.4170854271356785,
      1.4371859296482414,
      1.457286432160804,
      1.4773869346733668,
      1.4974874371859297,
      1.5175879396984926,
      1.5376884422110555,
      1.557788944723618,
      1.5778894472361809,
      1.5979899497487438,
      1.6180904522613067,
      1.6381909547738696,
      1.658291457286432,
      1.678391959798995,
      1.6984924623115578,
      1.7185929648241207,
      1.7386934673366836,
      1.758793969849246,
      1.778894472361809,
      1.7989949748743719,
      1.8190954773869348,
      1.8391959798994977,
      1.8592964824120601,
      1.879396984924623,
      1.899497487437186,
      1.9195979899497488,
      1.9396984924623117,
      1.9597989949748746,
      1.979899497487437,
      2.0
    ],