$hessian                                                                        
        0.6505835121  -0.0041949219  -0.0451323526  -0.3031457515  -0.0300412909
       -0.0731750375  -0.0240850841  -0.0158202502  -0.0106025350   0.0005427877
       -0.0003140597   0.0001473204  -0.0006473871  -0.0010333145  -0.0012409571
        0.0005226977   0.0034167239   0.0020382196  -0.0478120770   0.0063682674
       -0.0054327359  -0.0001132872  -0.0000371163   0.0004651627  -0.0014312052
       -0.0007831377  -0.0004975613  -0.0032004127   0.0006234478  -0.0005432075
        0.0004163076   0.0000045530   0.0003151867  -0.0006626111  -0.0000018084
       -0.0000657272   0.0001528273  -0.0000468041  -0.0000202160  -0.0001963635
        0.0000291798  -0.0000677237   0.0000127533  -0.0000201946  -0.0000119191
        0.0020165857  -0.0005590149   0.0007397767   0.0024294310  -0.0042204779
       -0.0013414296  -0.0686391315  -0.0737173454  -0.0026858854  -0.2089703603
        0.1191003568   0.1379271101   0.0022304322   0.0012659832  -0.0002589870
       -0.0003510305  -0.0001575358   0.0000924981  -0.0010734245  -0.0000880210
       -0.0001277902   0.0016283787  -0.0013530659  -0.0007002178  -0.0001341387
       -0.0002105213  -0.0000889759  -0.0001600349   0.0000052592  -0.0001051063
        0.0000435709   0.0001616128  -0.0001136859  -0.0001474740   0.0000317878
       -0.0005964061   0.0003482366  -0.0001310460  -0.0000671704   0.0004411353
        0.0000802232   0.0006106224   0.0003857964   0.0002348175  -0.0002532881
        0.0000931226  -0.0003856038  -0.0001151623  -0.0000726083   0.0002782232
        0.0000637423   0.0001632571   0.0001628198  -0.0001059327   0.0000285829
       -0.0000408108   0.0001152924   0.0001334128  -0.0000552518  -0.0000455134
        0.0000329977  -0.0000826114   0.0000391991  -0.0000168492   0.0000700403
        0.0000173281   0.0000289848   0.0000656690  -0.0000419052  -0.0021676177
        0.0005318540   0.0003386919   0.0000743587   0.0006968642   0.0003158820
        0.0018497945   0.0002857889  -0.0000740259  -0.0008245518  -0.0002225529
       -0.0004719919  -0.0001100789  -0.0004384619  -0.0002059591  -0.0007785390
        0.0009499429   0.0006413841   0.0017704096   0.0013771769   0.0004198858
       -0.0006913184  -0.0012238584   0.0001479130  -0.0000856822   0.0003453693
        0.0004584883   0.0011988162  -0.0016230074  -0.0006722255  -0.0008458347
        0.0005699994   0.0002730939   0.0000930284  -0.0000251815  -0.0000371522
       -0.0000891819   0.0000174914   0.0000847487  -0.0000374689   0.0000363978
       -0.0001911564  -0.0007753967   0.0000208941   0.0000014561   0.0002729416
        0.0001460020  -0.0001356273  -0.0001503890   0.0000373259   0.0000706684
       -0.0001209496  -0.0000422789  -0.0000956261   0.0000420806  -0.0000445257
       -0.0000024771
       -0.0041949219   0.5994169449   0.2230880702  -0.0427370577  -0.0817411416
       -0.0329538709  -0.0398307394  -0.0116191825  -0.0115821248   0.0025669289
       -0.0055453940  -0.0032349482  -0.0005192241   0.0031931296   0.0008714681
       -0.0002353313  -0.0053762324  -0.0027015221   0.0300553295   0.0020888421
        0.0035133663  -0.0000786185   0.0000875562   0.0003804895  -0.0001456677
       -0.0001539137   0.0000000627   0.0009972098  -0.0009902279  -0.0002877432
       -0.0001063935   0.0002411765   0.0001132986   0.0003939992  -0.0000089945
       -0.0001747619  -0.0000045357   0.0000281461   0.0000341711  -0.0000010409
        0.0000525025  -0.0000446129   0.0000187717  -0.0000022708   0.0000118383
       -0.0006168135   0.0009952113   0.0002048441  -0.0012117857  -0.0036477974
       -0.0038175304  -0.0750907708  -0.3540518031  -0.0518226880   0.1311381585
       -0.1433087634  -0.1238246911  -0.0010282989   0.0013683078   0.0011117795
       -0.0015630574  -0.0005536444  -0.0001325531   0.0011872282   0.0000981642
        0.0001893049   0.0011196413   0.0013008719   0.0010137963  -0.0000802641
       -0.0000044059  -0.0000316235   0.0000939130   0.0000511014   0.0000146635
        0.0000261892   0.0000407837  -0.0000542472   0.0000861216  -0.0000671056
        0.0000353180   0.0000045522  -0.0000562113   0.0000003273  -0.0000982343
       -0.0000380468  -0.0001497619  -0.0001286582  -0.0000383093   0.0000030652
       -0.0001083716   0.0001614281  -0.0000127376   0.0000063530   0.0000952710
        0.0000104220  -0.0000514923  -0.0000428927   0.0000112405   0.0000097803
       -0.0000036705   0.0000156637  -0.0000386439   0.0000292320   0.0000030089
        0.0000134836  -0.0000362000   0.0000080033  -0.0000038175   0.0000132591
       -0.0000053521  -0.0000187232  -0.0000055761  -0.0000044974  -0.0008830697
       -0.0007793765   0.0005117538   0.0007312896  -0.0012024126  -0.0000322140
        0.0006278015   0.0003307888  -0.0004461725  -0.0001380357  -0.0004809337
        0.0000960926  -0.0001565331  -0.0000149080   0.0000663066  -0.0000915101
        0.0002772646  -0.0000552344   0.0002867303  -0.0000566371   0.0000946350
       -0.0001211500   0.0000263419  -0.0000206713   0.0000167431   0.0000765501
        0.0000291050   0.0001690011  -0.0004355714   0.0001035682  -0.0001281159
        0.0001870780  -0.0001320041  -0.0000194533   0.0000405471   0.0000060895
        0.0000127106   0.0000001001  -0.0000033489   0.0000114724  -0.0000343958
        0.0000368056  -0.0001463619   0.0000748692  -0.0000361983   0.0000299250
        0.0000241924  -0.0000100699  -0.0000218792   0.0000027712   0.0000109172
       -0.0000176819  -0.0000071354  -0.0000165818   0.0000129193   0.0000007229
       -0.0000017142
       -0.0451323526   0.2230880702   0.1698318198  -0.0398284112  -0.0249064282
       -0.0536098489  -0.0183683010  -0.0102661380  -0.0029542436   0.0012583974
       -0.0029002905   0.0039675799  -0.0008407571  -0.0001463190  -0.0008937193
        0.0025628905  -0.0022402029   0.0049198326  -0.0005202753   0.0035642524
        0.0058777709  -0.0000263647   0.0002748090  -0.0004525814  -0.0008023862
       -0.0005068141  -0.0004299382  -0.0041254052   0.0001425513  -0.0001043185
        0.0005047310   0.0006378283   0.0003858782  -0.0007232558  -0.0008404481
       -0.0002848287   0.0001827356   0.0003219324   0.0000569688  -0.0000402322
       -0.0000386888  -0.0000188702  -0.0000137216   0.0000180539  -0.0000510265
        0.0024684402  -0.0008300933   0.0002074966   0.0006202605  -0.0057569695
        0.0008386168  -0.0138360346  -0.0757274731  -0.0222721924   0.1156633175
       -0.1070398583  -0.1010578361   0.0001810398   0.0008909688  -0.0016421210
       -0.0006204752  -0.0003330080   0.0000018119   0.0003461435   0.0000688515
       -0.0000068473   0.0008170336   0.0005038802  -0.0017224015  -0.0001637800
       -0.0001014262  -0.0000492197  -0.0001145145  -0.0000328232  -0.0000556118
        0.0000135804   0.0000512269  -0.0000703511  -0.0003061325   0.0000260476
       -0.0004180175   0.0001682698  -0.0001127415  -0.0000884400   0.0006257914
        0.0002134421   0.0003707318   0.0004786246   0.0003224652  -0.0002354241
        0.0001252325  -0.0006119620  -0.0000792323  -0.0000153318   0.0002340321
        0.0000385802   0.0001548794   0.0001887057  -0.0000842951   0.0000082257
       -0.0000359693   0.0001167713   0.0001341669  -0.0001051104  -0.0000520563
        0.0000212279  -0.0000070938   0.0000266868  -0.0000053172   0.0000518362
        0.0000359281   0.0000409791   0.0000535834  -0.0000203914  -0.0014154241
        0.0011495695  -0.0000647006   0.0001461884   0.0005054185  -0.0004430682
        0.0010794668  -0.0004079490  -0.0000200836  -0.0007561598   0.0003245618
       -0.0001584284   0.0000301285  -0.0001635403  -0.0001137890  -0.0002763832
        0.0004442658   0.0005014447   0.0009395695   0.0008279107   0.0001732590
       -0.0003245210  -0.0007048657   0.0001578628  -0.0000435843   0.0002351678
        0.0002744973   0.0003437736  -0.0006985924  -0.0007218535  -0.0002602019
        0.0002551483   0.0004744687   0.0000634790  -0.0000242998  -0.0000173379
       -0.0000545279   0.0000147382   0.0000520951  -0.0000360399   0.0000678202
       -0.0000916046  -0.0003782077   0.0000146920   0.0000742910   0.0001569523
        0.0000663650  -0.0000957180  -0.0000776745   0.0000301261   0.0000440727
       -0.0000522198  -0.0000232386  -0.0000398052   0.0000224672  -0.0000259773
       -0.0000082633
       -0.3031457515  -0.0427370577  -0.0398284112   0.6857099899  -0.0129569485
        0.0760598552  -0.1068574750  -0.0854809587  -0.0331299453  -0.0085465918
       -0.0322978430  -0.0111780754   0.0013193645   0.0139820384   0.0056272963
       -0.0529769505   0.0090555263  -0.0033269424  -0.1781390010   0.1390790972
        0.0260072548  -0.0004966945  -0.0000246085  -0.0007454515   0.0018588732
        0.0010372205   0.0004375160   0.0041482224  -0.0009725975   0.0010899588
       -0.0008673890  -0.0000736509  -0.0002915141   0.0008739377  -0.0001121874
       -0.0000518828  -0.0001766880   0.0001645956   0.0000779394   0.0002676933
       -0.0000151383   0.0000824847  -0.0000291341   0.0000440737  -0.0000021631
       -0.0026672291   0.0008119669  -0.0010248741  -0.0024125656   0.0054763326
        0.0015821069  -0.0094552075  -0.0126491612  -0.0130434457  -0.0277364207
        0.0079790456  -0.0124002007   0.0030720368   0.0197540648   0.0076707791
       -0.0054552701  -0.0010563184  -0.0017409188  -0.0049989422  -0.0010277131
       -0.0015466920   0.0051314251  -0.0061221386  -0.0003551940   0.0003647085
        0.0000893566   0.0002209602   0.0004015265   0.0001374235   0.0001859290
       -0.0001143167  -0.0002077763   0.0000959544   0.0000725738   0.0000048558
        0.0006427062  -0.0003280006   0.0001348487   0.0000741052  -0.0001675193
       -0.0000442575  -0.0007135966  -0.0005010685  -0.0003039523   0.0003428593
        0.0001676007   0.0006059801   0.0001046902  -0.0000159342  -0.0003695823
       -0.0001103276  -0.0001918058  -0.0001932819   0.0000901368  -0.0000266961
        0.0000475550  -0.0001371514  -0.0001259869   0.0000654775   0.0000720268
       -0.0000408182   0.0001025361  -0.0000391746   0.0000161194  -0.0000886482
       -0.0000249423  -0.0000349930  -0.0000745533   0.0000407514   0.0026283059
       -0.0009640794  -0.0005956396   0.0004040081  -0.0005769959   0.0000718924
       -0.0021980699  -0.0003347183  -0.0000429977   0.0010436873   0.0002802250
        0.0006378328   0.0000523489   0.0005947242   0.0002526591   0.0008931424
       -0.0012073096  -0.0007300244  -0.0021295926  -0.0016002137  -0.0005629458
        0.0007727266   0.0014188493  -0.0001456210   0.0000765577  -0.0004018356
       -0.0004869002  -0.0013536400   0.0019947034   0.0004956732   0.0010581773
       -0.0007187425  -0.0000778752  -0.0000888786  -0.0000361193   0.0000415780
        0.0001026818  -0.0000004101  -0.0000898586  -0.0000353965  -0.0000329321
        0.0002041714   0.0009338177  -0.0000509375   0.0000511167  -0.0003010377
       -0.0001776321   0.0001380065   0.0001625647  -0.0000435798  -0.0000853017
        0.0001368937   0.0000436523   0.0001104530  -0.0000539188   0.0000497301
       -0.0000006261
       -0.0300412909  -0.0817411416  -0.0249064282  -0.0129569485   0.6060415208
        0.1593173781  -0.0155964503  -0.2589900873  -0.0752273821  -0.0835711099
        0.0068487325  -0.0056154507   0.0136542532  -0.0580426337  -0.0148283509
        0.0597531201   0.0417487524   0.0196426137   0.0682393407  -0.2073059109
       -0.0367987753   0.0001149791  -0.0003442250   0.0000268326   0.0001907446
        0.0002384256  -0.0000256961   0.0007904002   0.0005783165  -0.0004121435
       -0.0001160460  -0.0003680136  -0.0002808115  -0.0003937378  -0.0001320214
        0.0003106664   0.0000434647   0.0000148689  -0.0000128216   0.0000345915
       -0.0000017022  -0.0000058010  -0.0000197144   0.0000220594  -0.0000030793
       -0.0004331826   0.0000546917   0.0002183272  -0.0006107759   0.0000673941
        0.0000275207  -0.0290039245  -0.0068223774  -0.0102487751   0.0175113757
        0.0017177500   0.0067423725  -0.0033914662  -0.0234677009  -0.0071662843
       -0.0002114663   0.0019585243  -0.0016357473  -0.0017298368   0.0016922433
       -0.0025482278   0.0171400642  -0.0238797683  -0.0069918813   0.0001869374
        0.0003124017  -0.0000546964   0.0000135348   0.0001206936   0.0002145857
       -0.0000541387   0.0000023167  -0.0001398079  -0.0000073266   0.0000243414
        0.0001589891  -0.0000937089   0.0000108744   0.0000010938  -0.0000787590
        0.0002466234   0.0000572637   0.0000082291  -0.0000910636   0.0000361949
        0.0002219159  -0.0002456787   0.0002388807  -0.0000028168  -0.0001472187
       -0.0000478350  -0.0000084238   0.0000353630  -0.0000162623  -0.0000037476
        0.0000146903   0.0000026169   0.0000199107   0.0000050379  -0.0000046545
        0.0000065261   0.0000388388  -0.0000087693   0.0000088317  -0.0000077324
        0.0000061281  -0.0000151231  -0.0000026038   0.0000091128   0.0005892808
       -0.0002512808  -0.0001160305   0.0000953046  -0.0001777200  -0.0000560759
       -0.0002982791  -0.0001197853  -0.0001393360   0.0001795057  -0.0000069324
        0.0000868894  -0.0000667640   0.0001436011   0.0001059224   0.0001603904
        0.0001082142   0.0000845632  -0.0003546803  -0.0002956133  -0.0000877764
        0.0001520195   0.0002823474  -0.0000105104   0.0000039378  -0.0000318872
       -0.0000463370  -0.0002457302   0.0002530433   0.0002527934   0.0000946461
       -0.0000931647  -0.0001293827  -0.0000195821   0.0000021104  -0.0000041127
       -0.0000130803  -0.0000201300  -0.0000379298   0.0000487241   0.0000033449
        0.0000345338   0.0001092164   0.0000068767   0.0000077236  -0.0000811645
       -0.0000200657   0.0000117283   0.0000251218  -0.0000089407  -0.0000101040
        0.0000231985  -0.0000009685   0.0000240928  -0.0000002906   0.0000223697
       -0.0000015469
       -0.0731750375  -0.0329538709  -0.0536098489   0.0760598552   0.1593173781
        0.1974860465  -0.0122306643  -0.0805558631  -0.0788294097  -0.0264921117
       -0.0005020810  -0.0052575660   0.0055305177  -0.0142785201  -0.0096131407
        0.0123230190   0.0143253491   0.0031908273   0.0074536555  -0.0325236203
       -0.0587075588  -0.0002275526  -0.0002117400   0.0000956878   0.0005060477
        0.0003349594   0.0002084257   0.0015005842   0.0002285710  -0.0004938494
       -0.0001143185  -0.0000220991  -0.0001954958   0.0004042218   0.0004214550
       -0.0000820107  -0.0001045582  -0.0001257247  -0.0001043506   0.0000109984
        0.0000384344  -0.0000031266   0.0000070845  -0.0000007633   0.0000237084
       -0.0009161722   0.0000984176   0.0000803649  -0.0005060993   0.0013327778
       -0.0001245616  -0.0053086498  -0.0014056710  -0.0068093701   0.0148533535
        0.0056815469  -0.0003221122  -0.0013683968  -0.0065008603  -0.0005860868
       -0.0011554899  -0.0021985345   0.0078303754  -0.0019128356  -0.0020294198
        0.0078281011   0.0049897452  -0.0079964114  -0.0006684294   0.0000764700
        0.0000613946  -0.0000068131   0.0000062214   0.0001067550   0.0001322368
       -0.0000302029  -0.0000097752  -0.0000735171   0.0001563172   0.0000169619
        0.0002124775  -0.0000986470   0.0000578199   0.0000515145  -0.0001963733
        0.0001300983  -0.0015930167  -0.0002130934  -0.0001861195   0.0001610365
       -0.0000603282   0.0004866804  -0.0000482338  -0.0000108087  -0.0001150216
       -0.0000007254  -0.0000721169  -0.0000942245   0.0000311465   0.0000029490
        0.0000086234  -0.0000386656  -0.0000557787   0.0000406206   0.0000252274
       -0.0000065327   0.0000005997  -0.0000117941   0.0000028878  -0.0000229419
       -0.0000080811  -0.0000202816  -0.0000254187   0.0000104445   0.0005832892
       -0.0005549873  -0.0000899926   0.0000829595  -0.0002336678   0.0001156695
       -0.0004649762   0.0002003598   0.0000556184   0.0003651276  -0.0001806981
       -0.0000115135  -0.0000488572   0.0000784205   0.0000475880   0.0000335011
       -0.0001067333  -0.0001843952  -0.0004585991  -0.0004826249  -0.0001064405
        0.0001563860   0.0003996648  -0.0000732318   0.0000279794  -0.0001326520
       -0.0001316969  -0.0001388760   0.0002728807   0.0005078414   0.0001309304
       -0.0001214782  -0.0003159875  -0.0000394573   0.0000041630   0.0000083265
        0.0000148666  -0.0000090897  -0.0000322923   0.0000114675  -0.0000405707
        0.0000179053   0.0001714579  -0.0000023507  -0.0000422327  -0.0000933883
       -0.0000323666   0.0000521128   0.0000393362  -0.0000156978  -0.0000220732
        0.0000265852   0.0000099591   0.0000214343  -0.0000076113   0.0000177068
        0.0000035034
       -0.0240850841  -0.0398307394  -0.0183683010  -0.1068574750  -0.0155964503
       -0.0122306643   0.6787355283  -0.0136885085   0.0447636839  -0.3329246995
       -0.0783601562  -0.0459216376  -0.0554451183   0.0625778412   0.0144582434
       -0.0321893610  -0.0313722717  -0.0119899948   0.0465443898  -0.0007826447
        0.0031918455  -0.0006451170   0.0029979769  -0.0006533483  -0.0008200622
       -0.0002868891   0.0004363706  -0.0002700864   0.0011216651   0.0002097346
       -0.0000669767  -0.0005950386  -0.0001494084  -0.0001033941  -0.0000102572
        0.0005231848  -0.0000243894   0.0000810099   0.0000319531   0.0000137908
       -0.0000164547  -0.0000253847  -0.0000475045   0.0000007801   0.0000212238
        0.0004981653  -0.0006619968  -0.0001173099   0.0004229128  -0.0014189060
       -0.0003877359  -0.0059231343   0.0008020534  -0.0006725670   0.0020820899
       -0.0028622922  -0.0006351940  -0.1546181959   0.1201988704   0.0304189043
       -0.0111792312  -0.0040660198  -0.0032430010   0.0001408232  -0.0010464726
        0.0002013106  -0.0024530325   0.0034403319   0.0002956667  -0.0010472972
       -0.0003687437   0.0002674762   0.0000904982  -0.0000342594  -0.0001519307
       -0.0001189381  -0.0000541875   0.0001804605  -0.0000677412   0.0001441474
       -0.0001999396   0.0001734227  -0.0000265019  -0.0000370173   0.0000314370
       -0.0000926667   0.0000816376  -0.0000055387   0.0000381192   0.0000121123
        0.0000989178  -0.0001196117  -0.0002047619   0.0001878298  -0.0000415520
       -0.0000852030  -0.0000546884   0.0000036245   0.0000480001  -0.0000126945
        0.0000023306   0.0000410836  -0.0000361898   0.0000497369  -0.0000585113
        0.0000233616   0.0000411840  -0.0000134293   0.0000269640   0.0000311844
        0.0000292313  -0.0000309561  -0.0000000622   0.0000091318  -0.0004278223
        0.0000971722  -0.0000696529   0.0000645875   0.0001551634   0.0000245388
        0.0003479079  -0.0000505593   0.0002401848  -0.0000597274   0.0001848798
       -0.0002088922  -0.0000001595  -0.0001022693  -0.0000666555  -0.0001825296
       -0.0004070219  -0.0000677726   0.0003088412   0.0005586397   0.0001725431
       -0.0000262204  -0.0005218247  -0.0000013778  -0.0000514337   0.0000521614
        0.0001553264   0.0002523526  -0.0000988482  -0.0005447357  -0.0000969841
       -0.0000041018   0.0003205802   0.0000106063  -0.0000670679  -0.0000238101
       -0.0000501188  -0.0000049599   0.0000031473  -0.0000216548   0.0000374421
       -0.0000537884  -0.0000813235  -0.0000119786   0.0000251063   0.0000158431
        0.0000072517   0.0000095620  -0.0000146241  -0.0000083085   0.0000027466
       -0.0000196716  -0.0000087417  -0.0000042505  -0.0000110940  -0.0000052015
        0.0000112852
       -0.0158202502  -0.0116191825  -0.0102661380  -0.0854809587  -0.2589900873
       -0.0805558631  -0.0136885085   0.5840898953   0.1629980426  -0.0094183525
       -0.0964542335  -0.0171622092   0.0084848610   0.0378624194   0.0112013336
       -0.0267895205  -0.0218302174  -0.0082998819   0.0428837869  -0.0483566508
       -0.0114023610   0.0032446913  -0.0017760214  -0.0024374136  -0.0000841687
       -0.0003999942   0.0000643615  -0.0001864933   0.0001760389  -0.0001413191
        0.0000422098  -0.0000593379   0.0003115551  -0.0001659813   0.0002456795
        0.0001013215   0.0000671716  -0.0002123977  -0.0001085971  -0.0002002712
        0.0000548904   0.0000229691   0.0000485897  -0.0000087408   0.0000267822
        0.0003288188  -0.0001099648   0.0001639131   0.0004180524  -0.0007136757
       -0.0002556255  -0.0012372856   0.0016680920   0.0010027670   0.0020847353
       -0.0000531417   0.0009680012   0.1200126396  -0.1733518667  -0.0395378638
       -0.0271959381  -0.0078379716  -0.0048099948  -0.0005329176   0.0002852331
        0.0001142311   0.0030800137  -0.0023810235  -0.0022026312   0.0004852683
       -0.0000019025   0.0001779147  -0.0002347525  -0.0003371987  -0.0001201331
        0.0000250373   0.0000047992   0.0000152955   0.0000458770  -0.0000174439
       -0.0001767158   0.0000817516  -0.0000054678  -0.0000069480  -0.0002197896
       -0.0000384574   0.0000221143   0.0000847149  -0.0000018434  -0.0001635782
       -0.0000275131   0.0000526681   0.0004588529  -0.0002705962  -0.0000514725
       -0.0000114417   0.0001127780   0.0000489218  -0.0000920652   0.0000345826
       -0.0000149990   0.0000024828   0.0001074456  -0.0000451716   0.0000288794
        0.0000156552  -0.0000418130   0.0000154161  -0.0000411645   0.0000038135
       -0.0000096036   0.0000387110   0.0000345323  -0.0000261144  -0.0004267203
        0.0000500361   0.0000845244  -0.0000142116   0.0001405957   0.0000490631
        0.0003886063   0.0001462665   0.0000745192  -0.0001493502  -0.0002094932
       -0.0001296879  -0.0000769472  -0.0000547354  -0.0000659051  -0.0003044998
        0.0002289868   0.0000823727   0.0007840982   0.0004068645   0.0001043460
       -0.0002220182  -0.0003462962   0.0000374133  -0.0000334272   0.0001297014
        0.0001169578   0.0004925906  -0.0006060963  -0.0002086974  -0.0003196309
        0.0001987627   0.0000101703   0.0000017474   0.0000295568  -0.0000137531
       -0.0000052690   0.0000060543   0.0000389758   0.0000023010  -0.0000254243
       -0.0000271623  -0.0002700077   0.0000481531  -0.0000557133   0.0000869240
        0.0000499030  -0.0000103386  -0.0000460169   0.0000131511   0.0000279992
       -0.0000362074  -0.0000085363  -0.0000263774   0.0000151095  -0.0000141564
        0.0000015578
       -0.0106025350  -0.0115821248  -0.0029542436  -0.0331299453  -0.0752273821
       -0.0788294097   0.0447636839   0.1629980426   0.1662791360  -0.0265063184
       -0.0233915049  -0.0489156338  -0.0012311359   0.0162849362   0.0048050912
       -0.0106584661  -0.0077386382  -0.0069492287   0.0160761853  -0.0148957490
       -0.0027366628   0.0012396278  -0.0025762387   0.0052924111  -0.0016665467
       -0.0004777064   0.0002864367  -0.0000476354   0.0010951853  -0.0002628030
        0.0003541017  -0.0005724818  -0.0008256710  -0.0009253460   0.0001660273
        0.0000121641   0.0000713272  -0.0000339180   0.0000776612  -0.0000302084
       -0.0001009046   0.0000471994  -0.0000111564  -0.0000064848  -0.0000155833
        0.0003157969  -0.0005922725  -0.0000810435   0.0001998812  -0.0004987805
       -0.0001008277  -0.0012292794   0.0004045707   0.0024495272   0.0006349852
       -0.0002234481  -0.0003565850   0.0306217114  -0.0384689784  -0.0417046086
       -0.0094299854  -0.0029136426  -0.0014111355  -0.0001353888   0.0000390899
       -0.0000539558  -0.0000825111  -0.0022396895   0.0060815208   0.0010241256
        0.0000051556   0.0001133976   0.0001486641   0.0001466815   0.0000184545
       -0.0001288260  -0.0000114307  -0.0000338606  -0.0001304796   0.0000576321
       -0.0000834079   0.0000205467  -0.0000472248  -0.0000106626   0.0000460267
       -0.0000217028  -0.0000183285   0.0001485627  -0.0000799509   0.0000459499
        0.0001345778   0.0003484556  -0.0002951851  -0.0001334351  -0.0001329277
       -0.0001339927   0.0000831257   0.0000612491  -0.0000494696   0.0000016719
        0.0000220776  -0.0000169619   0.0000960279  -0.0000477405   0.0000195203
        0.0000048053   0.0000297568  -0.0000009210  -0.0000113786  -0.0000128365
       -0.0000024126   0.0000252327   0.0000219750  -0.0000079046  -0.0002084660
        0.0000413020  -0.0000206586   0.0000161124   0.0000893272  -0.0000132571
        0.0001179871  -0.0000441595   0.0001279488   0.0000127912   0.0001639269
       -0.0001270518  -0.0000010371  -0.0000303107  -0.0000488524  -0.0000150018
        0.0000344980   0.0000909343   0.0003456015   0.0003269826   0.0003796185
       -0.0001228480  -0.0004053972   0.0000259132  -0.0000235435   0.0000535869
        0.0000743076   0.0001022525  -0.0001014021  -0.0002263643  -0.0000229411
        0.0000177396   0.0001270305   0.0000134903  -0.0000110564  -0.0000067031
       -0.0000149995   0.0000065547   0.0000197407  -0.0000051837   0.0000294008
       -0.0000168298  -0.0001261454   0.0000273573  -0.0000250559   0.0000392903
        0.0000216986  -0.0000407561  -0.0000165335   0.0000084424   0.0000141344
       -0.0000198988  -0.0000091861  -0.0000117441   0.0000089829  -0.0000063817
       -0.0000003258
        0.0005427877   0.0025669289   0.0012583974  -0.0085465918  -0.0835711099
       -0.0264921117  -0.3329246995  -0.0094183525  -0.0265063184   0.6664314871
       -0.0021585206   0.0383209092  -0.1936061048   0.0734280829   0.0156098084
        0.0495080381   0.0492091823   0.0196470109  -0.0546892294   0.0160158725
        0.0006829253  -0.0306225622   0.0191595039   0.0050352167  -0.0004109440
        0.0010786951  -0.0021575304  -0.0000853147  -0.0015534958   0.0003247530
       -0.0001369111   0.0009897538   0.0003593313   0.0009943248  -0.0003413641
       -0.0005247140  -0.0001683642   0.0001554550  -0.0000535834   0.0000488325
        0.0000431143  -0.0000519158   0.0000261460   0.0000037428  -0.0000377905
       -0.0002934293   0.0006870854  -0.0000627792  -0.0002259107   0.0004815301
        0.0001098333   0.0000731086  -0.0000576845  -0.0012810263  -0.0005999283
        0.0004960294   0.0005012187  -0.0238933074  -0.0007156079  -0.0019599034
       -0.0666252153  -0.0673773364  -0.0225463238   0.0002081870  -0.0017316407
       -0.0013162778  -0.0002889954   0.0010473232  -0.0002744157  -0.0049956037
       -0.0001083481  -0.0002281526   0.0010523386   0.0016847285   0.0010263128
        0.0001337722  -0.0001309264  -0.0002185541  -0.0000245111  -0.0001068060
        0.0003605441  -0.0001283712  -0.0001474691  -0.0000230298  -0.0001344195
       -0.0000883293  -0.0001889352  -0.0002072473   0.0000200753   0.0000229703
       -0.0004156858   0.0001310712  -0.0001571016   0.0001362915   0.0000358210
        0.0001609820  -0.0000961947  -0.0001070213   0.0000509953  -0.0000187634
        0.0000023934  -0.0000298136  -0.0000781576  -0.0000153041   0.0000131254
       -0.0000289711  -0.0000372260   0.0000043825  -0.0000050891  -0.0000352170
       -0.0000195958   0.0000111028  -0.0000321957   0.0000114610   0.0002320846
        0.0000335569   0.0001294243  -0.0000864215  -0.0000305943  -0.0000863819
       -0.0001987706  -0.0000544872  -0.0003627248  -0.0000083357  -0.0001195023
        0.0002675972   0.0000100452   0.0000968528   0.0000905393   0.0004167892
        0.0006734355   0.0000280652  -0.0002646608  -0.0004941936   0.0000390250
       -0.0000315650   0.0003274389   0.0000338768   0.0001229913  -0.0000229523
       -0.0001334821  -0.0006235436  -0.0000719856   0.0004395497   0.0002664588
        0.0001483180  -0.0000612992  -0.0000117198   0.0000710094   0.0000311788
        0.0000784711  -0.0000010233  -0.0000093999   0.0000331135  -0.0000305675
        0.0000630061   0.0000754583  -0.0000209219   0.0001833717   0.0000116990
       -0.0000351283  -0.0000151223   0.0000140695   0.0000143290  -0.0000040003
        0.0000332372   0.0000191873   0.0000090805   0.0000147051  -0.0000052049
       -0.0000126082
       -0.0003140597  -0.0055453940  -0.0029002905  -0.0322978430   0.0068487325
       -0.0005020810  -0.0783601562  -0.0964542335  -0.0233915049  -0.0021585206
        0.6057995333   0.1582009169   0.1461938441  -0.2024254494  -0.0396940225
       -0.0041660848  -0.0571518233  -0.0179169929   0.0205840815  -0.0037451820
        0.0014557520   0.0018791824   0.0033248367  -0.0003259286  -0.0019052168
       -0.0005465432   0.0013848549   0.0002869914   0.0000880453  -0.0004888264
        0.0002023218  -0.0003127791   0.0001780850  -0.0000548862   0.0008291208
        0.0002220655  -0.0000695883  -0.0003496779  -0.0001716773  -0.0000951627
        0.0000621270   0.0000037863  -0.0000029831  -0.0000077251   0.0000328723
       -0.0000829792   0.0001524378   0.0001865741   0.0001463402  -0.0000192533
        0.0000125934  -0.0013146290  -0.0000357611  -0.0008023751   0.0005951461
       -0.0004433298  -0.0003893839   0.0221792634   0.0020332191   0.0028721517
       -0.0668733450  -0.2476434195  -0.0750550197  -0.0014625916  -0.0047980865
       -0.0033497251   0.0002567159   0.0005711940   0.0002982108  -0.0010480002
       -0.0001943679  -0.0000598236  -0.0021071198   0.0007398232   0.0001265847
        0.0000426695   0.0003145711   0.0002457574   0.0001411164  -0.0000818145
       -0.0002570441   0.0001582406  -0.0000525776   0.0000021051  -0.0001109921
       -0.0000602347   0.0001051824   0.0000102567   0.0000574151  -0.0000299546
       -0.0000623241  -0.0000092338  -0.0000930289   0.0002307571  -0.0003795495
        0.0001971687  -0.0000553369  -0.0000215146   0.0000717969   0.0000018197
        0.0000071994  -0.0000397056  -0.0000225476   0.0000509440  -0.0000130538
       -0.0000243438  -0.0000059902  -0.0000205849   0.0000380792  -0.0000371505
       -0.0000363634  -0.0000210500  -0.0000125067   0.0000219804  -0.0000742923
       -0.0000406748  -0.0000522847  -0.0000431542  -0.0000568515   0.0000112671
        0.0000854330   0.0001686631   0.0000431990  -0.0000539004  -0.0002036879
       -0.0000170929  -0.0000212207  -0.0000148439  -0.0000312263  -0.0003758004
       -0.0004167373  -0.0001431073   0.0002710068   0.0010743321   0.0003477059
       -0.0000313698  -0.0007670602  -0.0001172089   0.0000236565   0.0001223517
        0.0000479892   0.0003355992  -0.0005394165  -0.0001575545  -0.0002457112
        0.0001971899   0.0000039332  -0.0000248105   0.0000417475   0.0000084047
        0.0000130528   0.0000205736   0.0000017565   0.0000030118  -0.0000377603
        0.0000342198  -0.0001743593  -0.0001051801  -0.0000256464   0.0000623204
        0.0000351276  -0.0000317101  -0.0000317445  -0.0000069130   0.0000063404
       -0.0000466306   0.0000015367  -0.0000311761  -0.0000081520  -0.0000179979
        0.0000211397
        0.0001473204  -0.0032349482   0.0039675799  -0.0111780754  -0.0056154507
       -0.0052575660  -0.0459216376  -0.0171622092  -0.0489156338   0.0383209092
        0.1582009169   0.1673368481   0.0368907578  -0.0461212076  -0.0589625802
        0.0037328958  -0.0129007345  -0.0027783767   0.0014514556   0.0016470746
       -0.0031901482  -0.0008132907   0.0012743967   0.0001340174   0.0002885017
        0.0003544462  -0.0000928447  -0.0001221093   0.0006254282   0.0000782338
       -0.0001012835  -0.0004233377  -0.0006346232   0.0001866339   0.0006421429
        0.0000040004  -0.0001144118  -0.0000240940  -0.0000402230   0.0000334600
       -0.0000614891  -0.0000177575  -0.0000137040  -0.0000134789   0.0000029749
        0.0003351277  -0.0004908027  -0.0001557457  -0.0000013084   0.0000267029
        0.0000907670  -0.0009517566  -0.0008751025   0.0006506896  -0.0005281724
        0.0001276574   0.0001867185   0.0052877285   0.0007910609   0.0002457566
       -0.0238081127  -0.0739778364  -0.0594623926  -0.0011858751  -0.0033575164
        0.0062336738   0.0000392310   0.0003006842  -0.0000145507  -0.0017716369
        0.0000604463   0.0003185275  -0.0004531182   0.0005231496   0.0001877593
        0.0001891421   0.0000425745   0.0002975629  -0.0000141495  -0.0000044702
       -0.0000850537   0.0000616218   0.0000262756  -0.0000272406  -0.0000386915
       -0.0000130946   0.0000205990   0.0000108575   0.0000060753   0.0000416516
       -0.0001029368  -0.0000105192  -0.0000780371   0.0001633782  -0.0002320510
       -0.0000335926  -0.0000403510  -0.0000362613   0.0000420714  -0.0000385437
        0.0000404748  -0.0000594293  -0.0000340331   0.0000220768  -0.0000102624
       -0.0000190715   0.0000232151  -0.0000174555   0.0000207135  -0.0000313564
       -0.0000163289  -0.0000079374  -0.0000147764   0.0000148414   0.0000383814
        0.0000074112  -0.0000628854  -0.0000095987  -0.0000154799  -0.0000197916
       -0.0000456268  -0.0000361449   0.0000466848   0.0000318710   0.0000802573
       -0.0000121712   0.0000066203   0.0000108131  -0.0000234609  -0.0000573506
        0.0000041079   0.0001074797  -0.0000725985   0.0003225778  -0.0001205355
        0.0000594251  -0.0002774193   0.0000167960   0.0000167629  -0.0000057481
        0.0000049610   0.0000899490  -0.0001709648  -0.0000590383  -0.0000965873
        0.0000338699   0.0000176106  -0.0000026124   0.0000012731   0.0000046036
        0.0000004767   0.0000109533   0.0000068136  -0.0000040463   0.0000059700
       -0.0000049219   0.0001189682  -0.0000928801   0.0000933606   0.0000227609
       -0.0000091760  -0.0000056044   0.0000047930   0.0000011039  -0.0000004513
        0.0000084710   0.0000039647   0.0000031749  -0.0000095866  -0.0000085514
        0.0000029449
       -0.0006473871  -0.0005192241  -0.0008407571   0.0013193645   0.0136542532
        0.0055305177  -0.0554451183   0.0084848610  -0.0012311359  -0.1936061048
        0.1461938441   0.0368907578   0.6276157015  -0.0088986819   0.0048823687
       -0.1117105973  -0.0978187488  -0.0328822589  -0.0116932425  -0.0316785330
       -0.0097766752  -0.2026225500  -0.0265416472  -0.0170683252  -0.0219081490
       -0.0067528795   0.0182837749   0.0002415200   0.0001726358  -0.0006708314
        0.0004136588  -0.0000738934  -0.0001315049  -0.0003342396   0.0003316808
       -0.0001190941   0.0001270933  -0.0001860873  -0.0000651126  -0.0000700325
       -0.0000143867   0.0000151526   0.0000382061  -0.0000264516   0.0000115556
       -0.0004035358   0.0000912267   0.0003614536   0.0002185671  -0.0000566959
        0.0000049966   0.0001594072   0.0001008057   0.0003377674   0.0004997825
       -0.0002715001  -0.0000245019  -0.0050666684  -0.0010045229  -0.0014426512
        0.0051810787  -0.0051623023  -0.0025667862   0.0044242650   0.0186999549
        0.0051250195  -0.0051853496  -0.0011260546  -0.0016308944  -0.0218393129
        0.0007459029  -0.0003563488  -0.0093096117  -0.0062007052  -0.0018441980
        0.0008019288   0.0002277419  -0.0010126388   0.0004934948   0.0000813947
       -0.0000184574  -0.0001956140   0.0001874638   0.0000935519  -0.0001577117
       -0.0000809416   0.0001529891   0.0000071263  -0.0000671318   0.0000964363
       -0.0001796292  -0.0000260530   0.0001378701  -0.0000379629   0.0001679347
       -0.0000076316   0.0000147145  -0.0000285703   0.0000505330   0.0000220051
       -0.0000133168   0.0000296866  -0.0000258955  -0.0000065427   0.0000052059
        0.0000021162  -0.0000290009   0.0000066757  -0.0000003538   0.0000245801
       -0.0000027205  -0.0000078167   0.0000024248   0.0000030588  -0.0001993953
       -0.0000239927  -0.0000073780  -0.0000713386  -0.0000291934  -0.0000173323
        0.0001325552   0.0001912244   0.0001954778  -0.0000661348  -0.0001490565
       -0.0002144287  -0.0000102810  -0.0001205307  -0.0001272033   0.0002863318
       -0.0030474613  -0.0014494835  -0.0013763513  -0.0004676232   0.0023520717
        0.0003265410  -0.0000495219  -0.0002194861  -0.0000565010  -0.0004746938
       -0.0001113254  -0.0004825312   0.0025409081  -0.0001398353   0.0002055813
       -0.0007811463   0.0000036185   0.0000497216  -0.0001584459  -0.0000825937
       -0.0000961343  -0.0000654414   0.0000177780  -0.0000121702  -0.0000193824
       -0.0001569202   0.0002355358   0.0001858232  -0.0002889389  -0.0001396192
       -0.0001329174  -0.0000911434   0.0001098169  -0.0000347125  -0.0000526241
        0.0000410428   0.0000111323   0.0000558617  -0.0000098166   0.0000421978
        0.0000070378
       -0.0010333145   0.0031931296  -0.0001463190   0.0139820384  -0.0580426337
       -0.0142785201   0.0625778412   0.0378624194   0.0162849362   0.0734280829
       -0.2024254494  -0.0461212076  -0.0088986819   0.6122048805   0.1343046750
       -0.0251578592  -0.2744758959  -0.0644761047  -0.0852944049   0.0014589890
       -0.0057801261  -0.0267224004  -0.0711572791  -0.0061627942  -0.0102989889
       -0.0012316968   0.0054778312  -0.0010002182  -0.0002780899   0.0004021696
       -0.0001189578   0.0005251675   0.0001567335   0.0006565667  -0.0003214431
       -0.0000570852  -0.0000594831   0.0001637390  -0.0000555215   0.0000698858
        0.0000203535  -0.0000360593  -0.0000101670   0.0000194953  -0.0000287468
        0.0006079774  -0.0001967115  -0.0000017929  -0.0000451251   0.0000372058
       -0.0000101816   0.0003516259   0.0005603200  -0.0002263810  -0.0003278294
       -0.0000030982   0.0007523569  -0.0020402748   0.0020748461  -0.0018598756
        0.0163191094  -0.0244180861  -0.0055919875  -0.0037176297  -0.0231012335
       -0.0089234567  -0.0003011927   0.0022606197  -0.0020977446   0.0221086219
        0.0037838856   0.0015197281  -0.0236397722  -0.0081556149  -0.0029888726
       -0.0011725805  -0.0001154069   0.0001830702   0.0001718326   0.0000524540
       -0.0002387505  -0.0002505237   0.0000351914   0.0001574373   0.0000036071
       -0.0000770787  -0.0001410034  -0.0000774458   0.0000447805   0.0000099318
       -0.0000648393   0.0000362622  -0.0001083284   0.0000046594   0.0000545381
       -0.0000873687  -0.0000644314  -0.0000432157   0.0000241392  -0.0000062357
       -0.0000002650   0.0000252004  -0.0000360229   0.0000046192  -0.0000105405
        0.0000061869   0.0000034441   0.0000065619   0.0000009641   0.0000171168
        0.0000078991  -0.0000102716  -0.0000105279   0.0000014579   0.0000340674
        0.0001101983   0.0001643012  -0.0000748642  -0.0000597515  -0.0000827444
        0.0000262367  -0.0000581089  -0.0002904365  -0.0001109563  -0.0000834781
        0.0001826374  -0.0000218895   0.0000566594   0.0001103428   0.0004110439
       -0.0001085122  -0.0007566542  -0.0003852390  -0.0000429268   0.0018035446
       -0.0000311965  -0.0000768169  -0.0002342489  -0.0000839216  -0.0000758044
       -0.0000058939   0.0004994892  -0.0001820852   0.0001893497  -0.0000210171
       -0.0000742458  -0.0004775658  -0.0000397668   0.0000544261   0.0000234133
       -0.0000082430   0.0000308978   0.0000128464   0.0000133571  -0.0000482889
       -0.0000160801  -0.0001062669   0.0001953962  -0.0003231612  -0.0000737299
       -0.0000128058  -0.0001678118   0.0000373561   0.0000054453   0.0000083873
       -0.0000357071  -0.0000365898  -0.0000116154   0.0000308985   0.0000466601
       -0.0000139701
       -0.0012409571   0.0008714681  -0.0008937193   0.0056272963  -0.0148283509
       -0.0096131407   0.0144582434   0.0112013336   0.0048050912   0.0156098084
       -0.0396940225  -0.0589625802   0.0048823687   0.1343046750   0.1819432960
       -0.0101839824  -0.0698858291  -0.0679612934  -0.0279809846  -0.0016187422
       -0.0015072970  -0.0075069346  -0.0048998377  -0.0556216305   0.0255879900
        0.0070193090  -0.0028718835  -0.0004847817  -0.0000524761  -0.0001865518
       -0.0000019219   0.0000858861   0.0000139337   0.0000411324  -0.0000934299
       -0.0000178781   0.0000323148   0.0000508672  -0.0000204404   0.0000120990
        0.0000090019  -0.0000279858   0.0000058579   0.0000050836  -0.0000098674
        0.0001892301  -0.0000349928   0.0001182448   0.0000403087  -0.0000768419
       -0.0000577102   0.0001395856   0.0002226050   0.0001881531  -0.0000384704
       -0.0000805223   0.0004610783  -0.0013360536  -0.0022568356   0.0072478024
        0.0056938232  -0.0086665862  -0.0009366622  -0.0005390460  -0.0049469983
       -0.0009241002  -0.0012383585  -0.0015719042   0.0073707970  -0.0082035389
       -0.0016741805   0.0006109525  -0.0172332749  -0.0051565596  -0.0005565667
        0.0010565166   0.0001353759   0.0007531125   0.0001644396   0.0001144143
       -0.0001601360   0.0001733503   0.0001409269  -0.0002121142   0.0000577390
        0.0000000055  -0.0000079163   0.0000489427   0.0000513574  -0.0000352314
       -0.0000026845  -0.0000234861  -0.0000512766  -0.0000107621   0.0000351903
       -0.0000083523  -0.0000069843   0.0000006771  -0.0000004538   0.0000059225
       -0.0000038681   0.0000198361  -0.0000043288  -0.0000044637  -0.0000002506
        0.0000030115  -0.0000067723   0.0000039242  -0.0000002810   0.0000102481
        0.0000052859  -0.0000049617  -0.0000008717  -0.0000008295  -0.0000723919
        0.0000383306   0.0000828976  -0.0000387265  -0.0000343210  -0.0000266729
        0.0001077102   0.0000612401  -0.0000513271  -0.0000778223  -0.0000538962
       -0.0000134129  -0.0000205423  -0.0000279158   0.0000149918   0.0006033720
       -0.0004660351   0.0005785845   0.0005428499   0.0000441950  -0.0048422828
        0.0007684146   0.0015910466   0.0005102688  -0.0000040981   0.0000244741
        0.0000070935  -0.0000275423   0.0001899015  -0.0003325053  -0.0001683495
        0.0000301334   0.0002810537  -0.0000078111   0.0000088750   0.0000070977
       -0.0000116426   0.0000171885   0.0000168361  -0.0000203002  -0.0000080585
       -0.0000202487   0.0004961793  -0.0000865398   0.0006013909   0.0001138101
       -0.0000181054   0.0002637752  -0.0000436948  -0.0000027348  -0.0000074007
        0.0001169623   0.0000253188   0.0000637913  -0.0000680508  -0.0000139501
       -0.0000295706
        0.0005226977  -0.0002353313   0.0025628905  -0.0529769505   0.0597531201
        0.0123230190  -0.0321893610  -0.0267895205  -0.0106584661   0.0495080381
       -0.0041660848   0.0037328958  -0.1117105973  -0.0251578592  -0.0101839824
        0.6743069000  -0.0169599291   0.0483291417  -0.3371019452  -0.0772362574
       -0.0532818440  -0.0163389634  -0.0274252614  -0.0096453647   0.0001645377
       -0.0002219369  -0.0008626701   0.0013237542   0.0012987323  -0.0013789486
        0.0001951046  -0.0006594688  -0.0004053697  -0.0004748495   0.0008129162
        0.0001259872   0.0000469174  -0.0003473882  -0.0001323901  -0.0001522111
       -0.0000040375   0.0000243225   0.0000228115  -0.0000265978   0.0000671434
       -0.0009056505   0.0000562331   0.0007420179   0.0001089267   0.0005704382
        0.0002572650  -0.0003292787  -0.0008549683  -0.0002829859  -0.0007166907
        0.0006173075  -0.0016990276   0.0001594957  -0.0009031708  -0.0006544078
       -0.0022577682   0.0037708195   0.0003137051  -0.1552835847   0.1237769892
        0.0220997450  -0.0111749196  -0.0047573973  -0.0016568137   0.0008149937
       -0.0016613566  -0.0000319033  -0.0055679512  -0.0021547132  -0.0006326507
       -0.0000068646  -0.0000228534   0.0001759299   0.0001190049  -0.0000943730
        0.0003652509  -0.0000870057  -0.0002176000  -0.0000420019  -0.0003735263
       -0.0000541544   0.0002775527  -0.0000253996  -0.0001424737   0.0000647325
       -0.0000369269   0.0000488936   0.0000954404  -0.0000165021  -0.0001783540
        0.0000023518   0.0000035515  -0.0000084612   0.0000039146   0.0000130471
        0.0000086203  -0.0000096424   0.0000134622   0.0000243152   0.0000040957
        0.0000155533   0.0000150467  -0.0000219195  -0.0000001487  -0.0000143489
        0.0000096199  -0.0000148251   0.0000020797   0.0000054989   0.0000556826
       -0.0002922712  -0.0002056015   0.0001636477   0.0000783157   0.0000546409
       -0.0002143565   0.0002564723   0.0005440643   0.0002269617  -0.0002508064
       -0.0003559864   0.0000995111  -0.0000162908  -0.0000369478   0.0001665846
       -0.0003073929  -0.0005195918   0.0001383673  -0.0001347012   0.0001663609
        0.0000388549   0.0000991616  -0.0001071004   0.0001378795   0.0000017151
       -0.0002385464  -0.0008646968  -0.0003857234   0.0005898932   0.0004004477
        0.0002633635  -0.0001780100  -0.0001343997   0.0001195666   0.0000498215
        0.0000703162   0.0000037446  -0.0000843968   0.0001184115  -0.0000501001
        0.0002148314   0.0000311704   0.0001511849   0.0000788032  -0.0000605582
       -0.0000057512   0.0000077079   0.0000114655  -0.0000132485   0.0000028489
        0.0000159528  -0.0000144070   0.0000178839   0.0000018823   0.0000355541
       -0.0000028063
        0.0034167239  -0.0053762324  -0.0022402029   0.0090555263   0.0417487524
        0.0143253491  -0.0313722717  -0.0218302174  -0.0077386382   0.0492091823
       -0.0571518233  -0.0129007345  -0.0978187488  -0.2744758959  -0.0698858291
       -0.0169599291   0.6139431890   0.1366118858  -0.0088187141  -0.0965412182
       -0.0186597002  -0.0102534739  -0.0093587249  -0.0026851235   0.0016800152
        0.0011294410  -0.0019452668   0.0002449169   0.0011972767  -0.0003138876
        0.0000214948  -0.0005206790  -0.0003513494  -0.0002212916   0.0002083959
       -0.0000697565   0.0000087726  -0.0001760892  -0.0000822423  -0.0000657245
        0.0000104756   0.0000467831   0.0000039181  -0.0000001882   0.0000197821
       -0.0001284534  -0.0002771314   0.0005296766   0.0000158280   0.0000742940
       -0.0001797188  -0.0000514701  -0.0006297878  -0.0002427108   0.0016146285
        0.0002711411  -0.0002588023  -0.0006037512   0.0001646386  -0.0000415672
        0.0033096676  -0.0024350351  -0.0031390387   0.1242227393  -0.1818808958
       -0.0270888318  -0.0267619275  -0.0073883026  -0.0044079789   0.0016953209
        0.0007824962   0.0004308294  -0.0006867521  -0.0000586859  -0.0003094366
       -0.0000079350  -0.0004063953   0.0002119220  -0.0000907159   0.0003724739
       -0.0000460539   0.0001381524   0.0003652545   0.0000983395   0.0000878615
       -0.0001164546   0.0000539715  -0.0000695833  -0.0000305204   0.0000986039
        0.0000376193  -0.0000120477   0.0000557401   0.0000011768  -0.0000724545
       -0.0000637727   0.0000017624  -0.0000209617   0.0000512646  -0.0000045511
       -0.0000006594  -0.0000082362  -0.0000060827   0.0000055734  -0.0000071623
       -0.0000007355   0.0000163281  -0.0000042272  -0.0000069691  -0.0000053596
        0.0000005923   0.0000071966  -0.0000051084   0.0000091416  -0.0000950383
        0.0000089796   0.0002704603  -0.0000989890  -0.0000371598  -0.0000810784
        0.0002013108  -0.0001009963  -0.0001016832  -0.0001182820   0.0001128150
       -0.0001082230  -0.0001611186  -0.0000657501   0.0000308914  -0.0004395367
       -0.0008990318   0.0006519962  -0.0005414848  -0.0001243028  -0.0002668413
        0.0001030336  -0.0000487811   0.0000272286  -0.0002355485  -0.0003175905
        0.0001108227   0.0002095018   0.0014001494  -0.0009312797   0.0001805100
       -0.0008103592   0.0007209680   0.0000636870  -0.0002349409  -0.0000950073
       -0.0000934239  -0.0000271549   0.0001030640  -0.0001314075  -0.0000377674
       -0.0003341834   0.0002866705  -0.0002844276   0.0000154658  -0.0000351847
       -0.0000538264   0.0001038104   0.0000509603  -0.0000094990  -0.0000318868
        0.0000386402   0.0000258266   0.0000341176  -0.0000277229  -0.0000150449
        0.0000077450
        0.0020382196  -0.0027015221   0.0049198326  -0.0033269424   0.0196426137
        0.0031908273  -0.0119899948  -0.0082998819  -0.0069492287   0.0196470109
       -0.0179169929  -0.0027783767  -0.0328822589  -0.0644761047  -0.0679612934
        0.0483291417   0.1366118858   0.1577126602  -0.0311284156  -0.0243155575
       -0.0515278270  -0.0041120359  -0.0032937833  -0.0008774051   0.0013697205
       -0.0002321451  -0.0011954246   0.0005740954   0.0000326481  -0.0004439690
       -0.0000399843   0.0000278985  -0.0000831235  -0.0000570649  -0.0000918374
       -0.0000376288  -0.0000054474  -0.0000140625  -0.0000129321   0.0000071476
       -0.0000066891   0.0000257227  -0.0000066172   0.0000041382   0.0000014494
       -0.0004918973   0.0002823466  -0.0007468528  -0.0000679286   0.0001511224
        0.0000733478  -0.0002283398  -0.0008120389  -0.0001723554  -0.0007891859
       -0.0001922726   0.0009099662  -0.0001658728  -0.0000123038  -0.0001680406
        0.0003189872  -0.0028484486   0.0063457156   0.0215487989  -0.0283190990
       -0.0390492523  -0.0089274381  -0.0026402924  -0.0017665411   0.0007788779
       -0.0000818435   0.0002140656  -0.0012289251  -0.0009533152   0.0003171472
        0.0000370196  -0.0001155773   0.0001356438   0.0000841452  -0.0000222678
        0.0001660740  -0.0000212872   0.0000646841  -0.0000263566  -0.0000491513
       -0.0000095350   0.0000983620  -0.0000088201  -0.0000301202   0.0000548867
        0.0000187871  -0.0000181561   0.0000317517   0.0000141316  -0.0000049176
       -0.0000123714   0.0000016489  -0.0000101539   0.0000211479  -0.0000005240
       -0.0000020778  -0.0000008349  -0.0000057089   0.0000011865  -0.0000014268
       -0.0000009558   0.0000159719  -0.0000037521  -0.0000002694  -0.0000013298
        0.0000048043   0.0000012867  -0.0000045601   0.0000048320   0.0001231370
       -0.0000191428  -0.0000104720  -0.0000142645  -0.0000086986  -0.0000370216
       -0.0001486103  -0.0000828558   0.0000041184   0.0001304486   0.0000563797
        0.0000352837   0.0000281803   0.0000939053   0.0000216329   0.0008286141
        0.0003122522  -0.0002833179  -0.0003955129  -0.0002991570  -0.0001015841
        0.0000824017   0.0001601543   0.0000068553  -0.0000088440   0.0000404150
        0.0000089780  -0.0002823452   0.0006777369  -0.0005416789   0.0000896597
       -0.0002347561   0.0002901321  -0.0000241515   0.0000186199  -0.0000520450
        0.0000283965  -0.0000205948   0.0000004492   0.0001056676  -0.0000110995
        0.0001139747   0.0002081794  -0.0000686368   0.0000851988  -0.0000354093
       -0.0000318525   0.0000327060   0.0000257552  -0.0000032722  -0.0000137863
        0.0000350647   0.0000126142   0.0000270593  -0.0000103199   0.0000003789
        0.0000002728
       -0.0478120770   0.0300553295  -0.0005202753  -0.1781390010   0.0682393407
        0.0074536555   0.0465443898   0.0428837869   0.0160761853  -0.0546892294
        0.0205840815   0.0014514556  -0.0116932425  -0.0852944049  -0.0279809846
       -0.3371019452  -0.0088187141  -0.0311284156   0.6793492721   0.0056704033
        0.0617041085   0.0015532457  -0.0007833740  -0.0008100224  -0.0012889360
       -0.0005252037   0.0003998789  -0.0004104272  -0.0009104310   0.0005471228
       -0.0000136373   0.0002763962   0.0002031352   0.0000640917  -0.0006919060
        0.0002470170  -0.0000488124   0.0002203791   0.0001363218   0.0000409561
        0.0000066355  -0.0000488498  -0.0000023687   0.0000063635  -0.0000487396
        0.0003148474   0.0001017829  -0.0002473297   0.0005038316  -0.0013070350
       -0.0005557564   0.0014483678   0.0038500594   0.0023453555  -0.0056988713
       -0.0012305337  -0.0013770670   0.0003817502  -0.0020825980  -0.0013549214
       -0.0003760132   0.0004226244   0.0008410479  -0.0235429304  -0.0007390676
       -0.0032804746  -0.0679283428  -0.0714597730  -0.0243373775  -0.0000041331
        0.0002406291  -0.0000082278  -0.0005071821  -0.0001266049   0.0003952348
       -0.0000486737   0.0000569731  -0.0002801023  -0.0002319708  -0.0001225292
        0.0000799977   0.0000214376  -0.0001238173  -0.0000331573   0.0000196350
        0.0001516217  -0.0003355200  -0.0000113295   0.0000460228  -0.0001014359
       -0.0001170207   0.0000007106  -0.0000989537   0.0000014896   0.0001628987
        0.0000377938   0.0000132637   0.0000076080  -0.0000366777  -0.0000081650
       -0.0000076998   0.0000190188   0.0000136410  -0.0000320733  -0.0000093673
       -0.0000033570  -0.0000373863   0.0000229963  -0.0000152964   0.0000135992
       -0.0000016932   0.0000244327   0.0000092151  -0.0000142901  -0.0008331188
        0.0002439607   0.0001532333  -0.0001974204   0.0001781431   0.0000051389
        0.0003169334  -0.0000143722   0.0000125495  -0.0000765797   0.0001507823
       -0.0000289004   0.0000761591  -0.0001440967  -0.0001211556  -0.0001714653
        0.0008172936   0.0001892386   0.0006467516   0.0003178055   0.0002225098
       -0.0002378198  -0.0002267258   0.0000837323   0.0000071893   0.0000872616
        0.0000367788   0.0000569631  -0.0006008324  -0.0000037768  -0.0001267856
        0.0002669153   0.0000758165   0.0000753310   0.0000008806   0.0000104910
        0.0000371404   0.0000254146   0.0000623155  -0.0000043711   0.0000802295
        0.0000103811  -0.0002505673   0.0000638430   0.0000378801   0.0001463913
        0.0000427273  -0.0000861890  -0.0000538322   0.0000296355   0.0000358203
       -0.0000387228  -0.0000131096  -0.0000351844   0.0000261347  -0.0000190656
       -0.0000113657
        0.0063682674   0.0020888421   0.0035642524   0.1390790972  -0.2073059109
       -0.0325236203  -0.0007826447  -0.0483566508  -0.0148957490   0.0160158725
       -0.0037451820   0.0016470746  -0.0316785330   0.0014589890  -0.0016187422
       -0.0772362574  -0.0965412182  -0.0243155575   0.0056704033   0.6130335815
        0.1441956209  -0.0016410674  -0.0040239210  -0.0033132067   0.0006904641
        0.0002305567   0.0001229541   0.0004234517   0.0007370069   0.0000389152
       -0.0001751953  -0.0003495765  -0.0002104324  -0.0000609316   0.0001042410
       -0.0000696015   0.0000060408  -0.0001002456  -0.0000497791   0.0000457952
        0.0000025917   0.0000348416  -0.0000052255   0.0000112299  -0.0000142977
       -0.0004287066  -0.0005118466   0.0000469076   0.0004052349   0.0001327054
        0.0002363463  -0.0018403651   0.0007510386  -0.0002133212  -0.0020996295
        0.0018192489  -0.0015295395  -0.0014725012  -0.0040597727  -0.0039444715
        0.0002530812   0.0008032712   0.0001373160   0.0218853923   0.0025022337
        0.0025602962  -0.0729130584  -0.2584077024  -0.0696506464   0.0000905969
       -0.0001210888  -0.0000460182  -0.0013763248  -0.0004079816  -0.0001735599
       -0.0000413492  -0.0000293276   0.0000020398   0.0000198477  -0.0000032528
        0.0002550628  -0.0000943875  -0.0000526827  -0.0000110310   0.0001258366
        0.0001349686   0.0004264301  -0.0000693814  -0.0000774185   0.0000668071
        0.0000703972  -0.0000489757  -0.0000001104   0.0000348214  -0.0000127040
       -0.0000226018  -0.0000001902  -0.0000009706   0.0000440803  -0.0000047534
       -0.0000015227  -0.0000104392  -0.0000367595   0.0000058807  -0.0000045586
       -0.0000139764   0.0000101303   0.0000046344   0.0000061730   0.0000035990
       -0.0000108606  -0.0000012459  -0.0000070772   0.0000067383  -0.0002952458
       -0.0003781315  -0.0009254522   0.0004173744   0.0002898194   0.0003432003
       -0.0005284322   0.0001152345   0.0012396329   0.0005541276   0.0004384864
       -0.0005567170   0.0003316134  -0.0002151614  -0.0004026434   0.0004963558
       -0.0003193618  -0.0004412480  -0.0004847377  -0.0004102372  -0.0002388804
        0.0001587940   0.0004187864  -0.0000074709   0.0000771125  -0.0001311148
       -0.0001849221  -0.0005314395   0.0004788489   0.0004426428   0.0002497911
       -0.0000711747  -0.0002143686  -0.0000213757   0.0000673838   0.0000557115
        0.0000221839   0.0000072397  -0.0000394652   0.0000869158   0.0000519888
        0.0000769012   0.0002374347   0.0000053486   0.0000918319  -0.0000398971
       -0.0000278040   0.0000041820   0.0000273184  -0.0000049832  -0.0000148009
        0.0000298412   0.0000036216   0.0000172646  -0.0000060241   0.0000161239
       -0.0000075716
       -0.0054327359   0.0035133663   0.0058777709   0.0260072548  -0.0367987753
       -0.0587075588   0.0031918455  -0.0114023610  -0.0027366628   0.0006829253
        0.0014557520  -0.0031901482  -0.0097766752  -0.0057801261  -0.0015072970
       -0.0532818440  -0.0186597002  -0.0515278270   0.0617041085   0.1441956209
        0.1545336219  -0.0005170272  -0.0025489529   0.0052666492  -0.0013884853
       -0.0007105998   0.0000373456  -0.0009497280  -0.0012853976   0.0012130746
       -0.0001848482   0.0008394986   0.0004501881   0.0004116830  -0.0006234733
       -0.0002861448  -0.0000841051   0.0002959468   0.0000660120   0.0001584730
       -0.0000230385   0.0000183096  -0.0000399356   0.0000278487  -0.0000389587
        0.0008456818  -0.0000797612  -0.0019220263  -0.0000672030  -0.0004428362
        0.0006082233  -0.0004905993   0.0007296039  -0.0011157715  -0.0006720439
       -0.0003068907   0.0009439478  -0.0010122178  -0.0040645157   0.0054658752
        0.0000458302   0.0002912304  -0.0000693505   0.0039597159   0.0004696940
        0.0009017691  -0.0238416107  -0.0700628355  -0.0534165600   0.0004997596
       -0.0001608988  -0.0000485194   0.0002687424   0.0001214250   0.0001112225
       -0.0000683047  -0.0000465320  -0.0000637060  -0.0002240681  -0.0000723582
        0.0000575255  -0.0000569050  -0.0000835891  -0.0000254631   0.0000481302
        0.0003590297  -0.0007786030  -0.0000028838   0.0000349013   0.0000112429
        0.0000666199  -0.0000704995  -0.0000104281   0.0000476849   0.0000609498
       -0.0000120773  -0.0000135914   0.0000030146  -0.0000014871  -0.0000130840
       -0.0000048611  -0.0000005108  -0.0000147485  -0.0000114576  -0.0000035693
       -0.0000088887   0.0000338582   0.0000019117   0.0000053821   0.0000030391
        0.0000086527   0.0000057177  -0.0000076777   0.0000019484   0.0003378316
        0.0003614316  -0.0004147749   0.0000549006   0.0002133957   0.0000278912
       -0.0003481556  -0.0007361249  -0.0004398620   0.0000335340   0.0002832812
        0.0004083201   0.0000345301   0.0003322624  -0.0000282319   0.0003010761
        0.0002315532  -0.0000858438  -0.0000479255   0.0000897910   0.0003018242
       -0.0000056096  -0.0001442895   0.0000054148  -0.0000035977   0.0000230768
       -0.0000383655  -0.0004190893   0.0000116206  -0.0000711385   0.0002136371
        0.0000057490   0.0001375183   0.0000114216   0.0000224588   0.0000133065
        0.0000254248   0.0000105733   0.0000019928  -0.0000032246   0.0000685069
        0.0000922108  -0.0000025817   0.0000389095   0.0000284025  -0.0000000326
       -0.0000027099  -0.0000528081   0.0000052479   0.0000048149   0.0000014741
       -0.0000020500  -0.0000046795   0.0000031896   0.0000066417   0.0000027373
       -0.0000031418
       -0.0001132872  -0.0000786185  -0.0000263647  -0.0004966945   0.0001149791
       -0.0002275526  -0.0006451170   0.0032446913   0.0012396278  -0.0306225622
        0.0018791824  -0.0008132907  -0.2026225500  -0.0267224004  -0.0075069346
       -0.0163389634  -0.0102534739  -0.0041120359   0.0015532457  -0.0016410674
       -0.0005170272   0.4695495480  -0.0272969166   0.0463325267  -0.0619725310
       -0.0035611743   0.0214370070  -0.0002179594   0.0000460676   0.0000166585
       -0.0000332348  -0.0000594862  -0.0000135088  -0.0000777692   0.0000525458
       -0.0000058494   0.0000031525   0.0000037854   0.0000273602  -0.0000001758
       -0.0000104633   0.0000171647  -0.0000121054  -0.0000014384   0.0000069180
        0.0002150947  -0.0000822485  -0.0000181188   0.0000055158  -0.0000288207
       -0.0000497935   0.0000288043  -0.0000488366   0.0000131429   0.0000190316
        0.0000326071   0.0000739121  -0.0010736067  -0.0001829101  -0.0001583585
        0.0010094361  -0.0015231947  -0.0001932407   0.0009149910   0.0011634293
        0.0007847321  -0.0004800190  -0.0000191151   0.0000070729  -0.1029553586
        0.0968485610  -0.0412493558  -0.0476811319  -0.0270908371  -0.0254794855
        0.0045185832   0.0046921051  -0.0137562347  -0.0005125630  -0.0004680096
       -0.0001779287  -0.0002586704  -0.0007328064   0.0003615258   0.0000436597
        0.0000046800   0.0000244809   0.0001347343   0.0000520932   0.0000474821
        0.0000488982  -0.0000041601   0.0000430792  -0.0000251819  -0.0000279095
        0.0000023845   0.0000383271  -0.0000022540  -0.0000170666   0.0000020972
        0.0000053583  -0.0000122894   0.0000182518   0.0000037983   0.0000054863
        0.0000008594   0.0000046619  -0.0000000217   0.0000037128  -0.0000035105
       -0.0000053963   0.0000025838   0.0000078649  -0.0000058228  -0.0000190001
        0.0000144656   0.0000367407  -0.0000331542  -0.0000617470   0.0000035316
        0.0000656489   0.0000256555  -0.0000956580  -0.0000500600  -0.0000342064
        0.0000536835  -0.0000327496   0.0000033879   0.0000425713   0.0026034969
        0.0041328805   0.0034613365  -0.0109636333  -0.0080800941   0.0217130657
       -0.0032104772  -0.0040868352  -0.0013407624   0.0000312551   0.0000398353
        0.0001784068   0.0002707913  -0.0009725572   0.0003197067  -0.0002508702
        0.0013031782   0.0003292261   0.0000018085   0.0000205794   0.0000130391
        0.0000141946   0.0000328409  -0.0000156738  -0.0000145285   0.0000429444
        0.0000016056  -0.0007394443  -0.0006041294   0.0002364895   0.0006025766
       -0.0000122437  -0.0009558291   0.0000379031   0.0000371243   0.0000639902
       -0.0002882693  -0.0001165047  -0.0001488775   0.0000034658  -0.0000013332
        0.0000085226
       -0.0000371163   0.0000875562   0.0002748090  -0.0000246085  -0.0003442250
       -0.0002117400   0.0029979769  -0.0017760214  -0.0025762387   0.0191595039
        0.0033248367   0.0012743967  -0.0265416472  -0.0711572791  -0.0048998377
       -0.0274252614  -0.0093587249  -0.0032937833  -0.0007833740  -0.0040239210
       -0.0025489529  -0.0272969166   0.5419699469   0.0328142926  -0.0044224973
       -0.0691677364   0.0310242734   0.0001060842  -0.0003263705  -0.0000479494
       -0.0000615976   0.0000872827   0.0001676388   0.0001017448  -0.0000027962
       -0.0000158511  -0.0000525093  -0.0000005311   0.0000177590   0.0000107008
        0.0000155279  -0.0000146977  -0.0000062571  -0.0000005042   0.0000088171
       -0.0001660961   0.0001670646  -0.0000528386  -0.0000367675   0.0000092197
       -0.0000200843   0.0000684744  -0.0000559804   0.0000380648  -0.0001163650
        0.0000103265   0.0000809636   0.0011993053   0.0000048352   0.0000939232
        0.0014749721   0.0005321799   0.0011189174  -0.0013274401   0.0007560804
        0.0005423884  -0.0013231131  -0.0002976327  -0.0004420920   0.0977267756
       -0.1953168876   0.0568517936  -0.0279433253  -0.1845664279  -0.1100575402
       -0.0044900757  -0.0068211375   0.0211614921   0.0010059525  -0.0010525583
       -0.0019991997   0.0002481935  -0.0005155266  -0.0001850452   0.0000302863
        0.0000233462  -0.0000016005  -0.0000583247  -0.0000038248  -0.0001340480
        0.0000183761  -0.0000166798  -0.0000475773   0.0000624076   0.0000200256
        0.0000032725  -0.0000253234   0.0000597939   0.0000101772  -0.0000046389
       -0.0000003286  -0.0000107916   0.0000105388  -0.0000024325  -0.0000000868
        0.0000008770  -0.0000034963  -0.0000035646   0.0000117380  -0.0000051310
       -0.0000068207  -0.0000038396   0.0000060923   0.0000060187   0.0000287831
        0.0000242920   0.0000500270  -0.0000331147  -0.0000368419  -0.0000186261
        0.0000019355  -0.0000121406  -0.0001014381  -0.0000072534  -0.0000357949
        0.0000710028  -0.0000155587   0.0000400267   0.0000294665   0.0047084948
        0.0004480916  -0.0246741096  -0.0053610215  -0.0024280735   0.0086379173
       -0.0019151737  -0.0019200040  -0.0011941865  -0.0004563099  -0.0000090731
        0.0005367255  -0.0003813924   0.0018960512  -0.0027089057   0.0010400283
       -0.0000009104   0.0005135073  -0.0000403776  -0.0000648692   0.0000262966
       -0.0000142195   0.0000352618   0.0000335223  -0.0000059836  -0.0000006588
       -0.0000073744   0.0003809005  -0.0000944410   0.0002803677   0.0000303897
       -0.0000705195  -0.0003906160   0.0000482153   0.0000012213  -0.0000139629
       -0.0001241880  -0.0000085512  -0.0000458784   0.0000290327  -0.0000210276
        0.0000576069
        0.0004651627   0.0003804895  -0.0004525814  -0.0007454515   0.0000268326
        0.0000956878  -0.0006533483  -0.0024374136   0.0052924111   0.0050352167
       -0.0003259286   0.0001340174  -0.0170683252  -0.0061627942  -0.0556216305
       -0.0096453647  -0.0026851235  -0.0008774051  -0.0008100224  -0.0033132067
        0.0052666492   0.0463325267   0.0328142926   0.4293706855   0.0245219785
        0.0323526215  -0.1359090147   0.0002984164  -0.0004033450  -0.0001729810
        0.0000214746   0.0001475945   0.0000334826   0.0000130370  -0.0000615973
       -0.0000263214   0.0000364799   0.0000086841   0.0000190883  -0.0000120381
        0.0000104672  -0.0000062811   0.0000010310  -0.0000017831   0.0000021879
       -0.0004292051   0.0003077062   0.0000487124  -0.0000037968   0.0001025045
        0.0000454924   0.0000532671   0.0000547516  -0.0002049293   0.0001538794
        0.0000281111  -0.0002661209   0.0002409184  -0.0001251514   0.0004080972
        0.0008392236   0.0008540630  -0.0018774016   0.0000475605   0.0010887356
       -0.0019687304  -0.0004468498  -0.0001635096   0.0001554812  -0.0407325977
        0.0584363736  -0.0638660269  -0.0249057977  -0.1105302333  -0.1265821692
        0.0029816477   0.0079636920  -0.0161143780   0.0017879742  -0.0009509235
       -0.0018517184  -0.0005517099  -0.0009649907  -0.0000056815  -0.0000829295
       -0.0000131300   0.0000311728   0.0000721594  -0.0000146692   0.0000305970
       -0.0000429023   0.0000153872  -0.0000097705   0.0000152094   0.0000230079
        0.0000185930   0.0000048379  -0.0000183827   0.0000025199   0.0000014010
       -0.0000016268   0.0000047653  -0.0000139618   0.0000125151  -0.0000047153
       -0.0000008409  -0.0000021591   0.0000019415   0.0000038677   0.0000018607
       -0.0000024731  -0.0000052475  -0.0000023217   0.0000024458   0.0000375752
       -0.0000321963  -0.0000364216   0.0000032646  -0.0000154128  -0.0000011779
       -0.0000744125   0.0000426949   0.0000458897   0.0000500041  -0.0000641347
       -0.0000102364   0.0000286958   0.0000144954  -0.0000173655   0.0053361471
       -0.0143243081  -0.0313720589   0.0096335346   0.0053563012  -0.0020518405
        0.0004024013  -0.0012851855  -0.0001729563  -0.0005938852  -0.0004515654
        0.0003201294  -0.0013534129   0.0033805637  -0.0001922444   0.0017000693
       -0.0003496596  -0.0009921008  -0.0000475898  -0.0001102603   0.0000020674
       -0.0000420439   0.0000885822   0.0001283494   0.0000409266  -0.0000440290
       -0.0000220193  -0.0018297957   0.0011527426  -0.0010412365   0.0000856933
        0.0002497584   0.0002681516  -0.0001808513  -0.0000619876   0.0000422991
       -0.0000453972   0.0000020970  -0.0000788243   0.0000721961   0.0000001035
        0.0000378977
       -0.0014312052  -0.0001456677  -0.0008023862   0.0018588732   0.0001907446
        0.0005060477  -0.0008200622  -0.0000841687  -0.0016665467  -0.0004109440
       -0.0019052168   0.0002885017  -0.0219081490  -0.0102989889   0.0255879900
        0.0001645377   0.0016800152   0.0013697205  -0.0012889360   0.0006904641
       -0.0013884853  -0.0619725310  -0.0044224973   0.0245219785   0.4515026264
       -0.0495180752   0.0457171577  -0.0003561192  -0.0002754736  -0.0000036342
        0.0000085572   0.0004454469  -0.0000472231  -0.0000774963  -0.0003262463
       -0.0000848731  -0.0000394764  -0.0000133642   0.0001346890   0.0000745044
       -0.0000315152   0.0000205611  -0.0000251861  -0.0000025676   0.0000001099
       -0.0002177347  -0.0000805921  -0.0002504547  -0.0000302135  -0.0002064399
       -0.0001118140   0.0000335163   0.0001767564   0.0003073963  -0.0000045264
       -0.0001514724   0.0002651283  -0.0001426252   0.0000720801  -0.0000962905
        0.0000384536  -0.0000798450   0.0005917955   0.0000922674  -0.0003913799
        0.0004855284  -0.0000177459  -0.0000246799  -0.0000983588   0.0044785220
        0.0037918233  -0.0117077607   0.0011266814   0.0009094994  -0.0011285984
       -0.1327833948   0.0971820120  -0.0555490319  -0.0012447592  -0.0136744462
       -0.0100635789  -0.0002763669  -0.0004853827   0.0002820169   0.0000306184
        0.0000396541   0.0001045447  -0.0005679695  -0.0000588649  -0.0005816974
        0.0000768172   0.0000102937   0.0000317154  -0.0000545832   0.0000370688
        0.0000569282   0.0000344942   0.0001432132  -0.0001560759  -0.0000047166
       -0.0000087676  -0.0000171886   0.0000516461  -0.0000162303   0.0000042377
        0.0000169124  -0.0000038245   0.0000116446  -0.0000119745   0.0000080705
        0.0000139491   0.0000262223   0.0000311182  -0.0000291337  -0.0000295898
        0.0000625944   0.0000891598  -0.0000267126  -0.0000021939  -0.0000089381
        0.0000465750  -0.0000610030  -0.0001559120  -0.0000311053   0.0000231173
        0.0000624153  -0.0000206187   0.0000112813   0.0000466329  -0.0593145620
        0.0165286689  -0.0135877284  -0.1248031483  -0.0231640501  -0.0015147718
       -0.0070253717  -0.0215884447  -0.0004780322   0.0025966852   0.0029947581
       -0.0022833157  -0.0018177925   0.0054924276   0.0102738907   0.0001993251
       -0.0013922737   0.0012363062   0.0004835253   0.0005782951   0.0005260340
       -0.0001066067  -0.0005811215  -0.0005816171   0.0001948156  -0.0001267557
        0.0000718661  -0.0441996601  -0.0048950591  -0.0077659734  -0.0012582513
        0.0032723006  -0.0024566901  -0.0006684592  -0.0001446726  -0.0001334472
       -0.0012649381  -0.0004279909  -0.0000419826   0.0011173561   0.0002175685
        0.0001835946
       -0.0007831377  -0.0001539137  -0.0005068141   0.0010372205   0.0002384256
        0.0003349594  -0.0002868891  -0.0003999942  -0.0004777064   0.0010786951
       -0.0005465432   0.0003544462  -0.0067528795  -0.0012316968   0.0070193090
       -0.0002219369   0.0011294410  -0.0002321451  -0.0005252037   0.0002305567
       -0.0007105998  -0.0035611743  -0.0691677364   0.0323526215  -0.0495180752
        0.4938786100  -0.0240661145  -0.0010218661   0.0016791330   0.0005754700
       -0.0000865807  -0.0009259117  -0.0004507104  -0.0000663619   0.0005622400
        0.0002311646  -0.0000864758  -0.0001085272  -0.0002357508  -0.0000593822
        0.0000014242   0.0000282642  -0.0000171332   0.0000121434   0.0000070927
        0.0016916408  -0.0009783093   0.0002035160   0.0000565354  -0.0001501338
       -0.0001104638  -0.0000086592   0.0001095395   0.0001756446   0.0000270935
       -0.0000800055   0.0001388881  -0.0000157417  -0.0000063853  -0.0000438283
        0.0001607083  -0.0002233671  -0.0000471233  -0.0000052762  -0.0007772635
        0.0002608962  -0.0000179876  -0.0000913596  -0.0000189336  -0.0061101419
       -0.0084591084   0.0245200019   0.0057666018   0.0036140607  -0.0199394461
        0.0986922755  -0.1453169268   0.0593379087  -0.0020914945  -0.0029166999
       -0.0025459530   0.0019478059   0.0010872598   0.0006304615   0.0001150497
       -0.0000374089  -0.0001623820   0.0004558621   0.0001702053   0.0005427315
        0.0000062292  -0.0000255055   0.0000828575   0.0000648534  -0.0001742244
       -0.0001044118  -0.0000575243  -0.0001989463   0.0001526541  -0.0000025730
        0.0000148900  -0.0000118596  -0.0000077452   0.0000260328  -0.0000028636
       -0.0000134154   0.0000265411  -0.0000117078   0.0000121723  -0.0000196732
       -0.0000199179  -0.0000120522  -0.0000193476   0.0000139913  -0.0001215571
        0.0000374380   0.0000945194  -0.0000231002   0.0000067344   0.0000062058
        0.0002190135  -0.0000069378  -0.0001029540  -0.0001740818   0.0000288271
       -0.0000042768  -0.0000727607  -0.0000592841   0.0000343811  -0.0002621908
       -0.1403904688  -0.0718750416  -0.0181548074  -0.0596822667   0.0000721306
       -0.0385959400  -0.0446495714   0.0059264062   0.0030612130  -0.0021772289
        0.0000661153   0.0011836701  -0.0302639114  -0.0143180168  -0.0013539211
        0.0018305711   0.0011438012  -0.0000355799  -0.0005772959  -0.0011103643
       -0.0001562921  -0.0007279831  -0.0004621165   0.0002585637   0.0000872065
        0.0002050330   0.0098313984   0.0062773172  -0.0000035791   0.0033313743
       -0.0003995330   0.0027526928   0.0000884199   0.0000112761   0.0000212350
        0.0008716991   0.0003391137   0.0000806967   0.0003218431  -0.0004555177
        0.0002089847
       -0.0004975613   0.0000000627  -0.0004299382   0.0004375160  -0.0000256961
        0.0002084257   0.0004363706   0.0000643615   0.0002864367  -0.0021575304
        0.0013848549  -0.0000928447   0.0182837749   0.0054778312  -0.0028718835
       -0.0008626701  -0.0019452668  -0.0011954246   0.0003998789   0.0001229541
        0.0000373456   0.0214370070   0.0310242734  -0.1359090147   0.0457171577
       -0.0240661145   0.4110398747  -0.0008861292   0.0003878362   0.0002879743
        0.0001615421  -0.0004246089   0.0000169332  -0.0001474938   0.0001773974
        0.0000900758   0.0000559246  -0.0001386318  -0.0000023420  -0.0000624989
        0.0000231710   0.0000255418   0.0000131021  -0.0000104999   0.0000253736
        0.0009119547  -0.0003364143  -0.0001167996   0.0000198867  -0.0000710337
       -0.0001505923   0.0000230146   0.0001028519   0.0001259052  -0.0000148430
       -0.0000520001   0.0001029271  -0.0000973077   0.0000618667   0.0000451725
        0.0000131053   0.0000649871  -0.0000240312  -0.0000081828  -0.0000314459
        0.0000808743  -0.0000342701  -0.0000663388   0.0000771138   0.0020687427
        0.0071538617  -0.0157040529   0.0052589925   0.0019640698  -0.0203316906
       -0.0526276127   0.0561852196  -0.0708282846  -0.0004843878  -0.0142974521
       -0.0134903452   0.0005414177   0.0013103852  -0.0000805161   0.0001215155
        0.0000655836  -0.0000988403  -0.0003487077   0.0002191743  -0.0002825044
        0.0000693238   0.0000031041   0.0000020221  -0.0000474886  -0.0000000051
       -0.0000045463   0.0000455736   0.0000815254  -0.0000444874   0.0000018597
       -0.0000117658  -0.0000142820   0.0000233469  -0.0000003012  -0.0000003995
        0.0000023889  -0.0000184672   0.0000023404  -0.0000006846  -0.0000041247
       -0.0000180078   0.0000043147   0.0000120454   0.0000032361  -0.0000860980
        0.0000072293   0.0001310823  -0.0000166575  -0.0000025526   0.0000201575
        0.0002276586   0.0000531323  -0.0001974970  -0.0001794040  -0.0001060019
        0.0000909932  -0.0000798692  -0.0000143709   0.0000832151  -0.0273205916
       -0.0677696304  -0.1167394447  -0.0083780469  -0.0017983417  -0.0588953150
        0.0052404303   0.0114908312   0.0132027473  -0.0020726565   0.0018901316
        0.0027575184   0.0069014728  -0.0061420013   0.0033138245   0.0008062676
       -0.0004031167  -0.0009240472  -0.0000154612   0.0001996966  -0.0001512279
        0.0000292822   0.0001187560   0.0002682922   0.0000843551  -0.0001505239
       -0.0000764126  -0.0102425606  -0.0040560425   0.0003128711  -0.0023179260
        0.0023293280   0.0060117038  -0.0014448700  -0.0006857574  -0.0002363979
        0.0010532966   0.0005564624   0.0002085329   0.0000410357   0.0000955215
        0.0000526589
       -0.0032004127   0.0009972098  -0.0041254052   0.0041482224   0.0007904002
        0.0015005842  -0.0002700864  -0.0001864933  -0.0000476354  -0.0000853147
        0.0002869914  -0.0001221093   0.0002415200  -0.0010002182  -0.0004847817
        0.0013237542   0.0002449169   0.0005740954  -0.0004104272   0.0004234517
       -0.0009497280  -0.0002179594   0.0001060842   0.0002984164  -0.0003561192
       -0.0010218661  -0.0008861292   0.6201428087  -0.1416205588  -0.1265775770
       -0.1020160889  -0.0766006440  -0.0047338622   0.0023167210   0.0165707302
        0.0015628976   0.0004221514   0.0011945550   0.0055576048   0.0000540648
       -0.0001879306  -0.0001078905   0.0001212697  -0.0000251342   0.0000261094
       -0.2847538983   0.2617935842   0.0945855015  -0.0008357633   0.0013743568
       -0.0001485841  -0.0002334413  -0.0005877528   0.0010142999  -0.0000463082
       -0.0005356932   0.0006980915  -0.0001555617   0.0000802325   0.0000538869
       -0.0001641444  -0.0000558411  -0.0000457992  -0.0004751997   0.0004215136
       -0.0000553253   0.0001008775  -0.0001366942  -0.0000166926  -0.0000636061
       -0.0000124921  -0.0001236017  -0.0000372385   0.0000188628   0.0001812503
        0.0000734925  -0.0003114478   0.0002038158  -0.0038806414  -0.0005007486
       -0.0006640214  -0.0002955564  -0.0004276992  -0.0002055814  -0.2215099489
       -0.0424828239   0.0339531579  -0.0138142954  -0.0280442394  -0.0009349878
       -0.0002581522   0.0038041976  -0.0008798848   0.0004379843   0.0016639945
        0.0004343880  -0.0001408892  -0.0001187455   0.0000729768  -0.0000103672
       -0.0000562925  -0.0001085828  -0.0000708195  -0.0000325449   0.0000643365
       -0.0000371267  -0.0000196597  -0.0000435579  -0.0000047251  -0.0000486528
       -0.0000602144  -0.0000126649  -0.0000340283   0.0000004858   0.0014612469
       -0.0009454248  -0.0006737143   0.0001012665  -0.0003585100   0.0001879422
       -0.0038797451  -0.0038410728   0.0014572325   0.0057103778   0.0067534129
       -0.0009447042  -0.0000685665   0.0005826420  -0.0004411210   0.0011171675
       -0.0002536437   0.0002607119  -0.0001132603  -0.0005336513   0.0002270833
        0.0000903133   0.0005461812   0.0000021830  -0.0000145599   0.0000349418
        0.0001304671  -0.0020282134   0.0015296434  -0.0017296277   0.0015411668
       -0.0003300130   0.0017967855   0.0000250941  -0.0000797518   0.0000594889
       -0.0001097176   0.0000958223   0.0000530890  -0.0000133707   0.0007929318
        0.0001155330   0.0001125751   0.0003434848   0.0001600360  -0.0000478770
       -0.0000672184  -0.0001173882   0.0000280843   0.0000167702  -0.0000027712
        0.0000424691  -0.0000063132   0.0000177967   0.0000194391  -0.0000031118
       -0.0000189695
        0.0006234478  -0.0009902279   0.0001425513  -0.0009725975   0.0005783165
        0.0002285710   0.0011216651   0.0001760389   0.0010951853  -0.0015534958
        0.0000880453   0.0006254282   0.0001726358  -0.0002780899  -0.0000524761
        0.0012987323   0.0011972767   0.0000326481  -0.0009104310   0.0007370069
       -0.0012853976   0.0000460676  -0.0003263705  -0.0004033450  -0.0002754736
        0.0016791330   0.0003878362  -0.1416205588   0.7159240274   0.1266216959
       -0.0841512739  -0.1902608071   0.0018160073   0.0183827774  -0.0594116872
       -0.0207538532  -0.0020561420   0.0100047803  -0.0003604513   0.0040251223
       -0.0012529046   0.0004634583  -0.0011167881   0.0004960622  -0.0006357067
        0.2539183852  -0.4072550572  -0.1144325655   0.0018560159  -0.0001189069
       -0.0015378690  -0.0004398684   0.0002871717   0.0005538191   0.0003187875
        0.0002317254  -0.0003864544   0.0006272193  -0.0006420020  -0.0003549597
       -0.0002851380  -0.0007124209  -0.0003636332   0.0005832257  -0.0006431794
        0.0001301430  -0.0003797550  -0.0009008075   0.0003200255   0.0001228271
       -0.0000905891   0.0002688933  -0.0001747989  -0.0001562321  -0.0004490002
       -0.0003511235  -0.0003148973  -0.0002855234   0.0040322064   0.0033021477
        0.0011439575   0.0006054993   0.0009403037   0.0002002864  -0.0451205678
       -0.0546931753   0.0070434854  -0.0056733390  -0.0063422463  -0.0012017107
        0.0002149000   0.0006829159   0.0012752366   0.0008999219  -0.0005983800
       -0.0003125303  -0.0003975348  -0.0000588815  -0.0004692423  -0.0001828853
        0.0000046696  -0.0003019580   0.0000390973  -0.0000556297   0.0001630173
       -0.0000934736   0.0007948067  -0.0000137811   0.0001424294  -0.0000566069
        0.0003037735   0.0000879894  -0.0001312888   0.0000452403  -0.0027524442
       -0.0004573013   0.0016574176  -0.0001686418   0.0000052778   0.0003014674
        0.0043365142   0.0051661049  -0.0012765673  -0.0037169817  -0.0108900204
        0.0000340489  -0.0004982764  -0.0015905569   0.0004041148  -0.0016499468
       -0.0016335862  -0.0001049257  -0.0006134755   0.0025966298  -0.0006218215
        0.0004898557  -0.0022851163   0.0004420490  -0.0003481842  -0.0005349294
       -0.0006121513   0.0021146834   0.0009902586   0.0024336655  -0.0017075494
       -0.0008359362  -0.0020311424   0.0000094888  -0.0001068212  -0.0001276446
       -0.0000351429  -0.0001510911   0.0000207351   0.0008374213  -0.0011399864
       -0.0001328180   0.0003768710  -0.0010371509   0.0000921376   0.0000060563
        0.0000504429   0.0001651439   0.0000340236  -0.0000187689  -0.0000148406
       -0.0000029614   0.0000226638   0.0000785981  -0.0000750179   0.0000158477
        0.0000317317
       -0.0005432075  -0.0002877432  -0.0001043185   0.0010899588  -0.0004121435
       -0.0004938494   0.0002097346  -0.0001413191  -0.0002628030   0.0003247530
       -0.0004888264   0.0000782338  -0.0006708314   0.0004021696  -0.0001865518
       -0.0013789486  -0.0003138876  -0.0004439690   0.0005471228   0.0000389152
        0.0012130746   0.0000166585  -0.0000479494  -0.0001729810  -0.0000036342
        0.0005754700   0.0002879743  -0.1265775770   0.1266216959   0.1983787337
       -0.0037662509  -0.0038951517  -0.0596173650   0.0004391990  -0.0178544058
       -0.0097052807   0.0049835331  -0.0021796579   0.0123272236  -0.0003434785
       -0.0028720684  -0.0006630441   0.0003997504  -0.0004910459   0.0002787592
        0.0918759003  -0.1133126802  -0.0884364467   0.0004132543  -0.0004194570
       -0.0005271557   0.0000493805   0.0002402140   0.0001657910  -0.0000012375
        0.0000493612   0.0000523143  -0.0000190057   0.0000261452  -0.0000340240
       -0.0000287620   0.0000219152  -0.0000380631   0.0000501488  -0.0001007178
        0.0000783844  -0.0000399889  -0.0000182344   0.0000980491   0.0000054728
        0.0000042139   0.0000449956   0.0000189689   0.0000216528  -0.0001055041
       -0.0000402909  -0.0002208647   0.0000224400   0.0007652848   0.0006886211
        0.0010143287   0.0000650881   0.0002346853   0.0000962326   0.0312078988
        0.0072709924  -0.0516112770   0.0034172695   0.0070514699   0.0018976631
       -0.0018371253   0.0005750612  -0.0045431978   0.0006666896   0.0025489948
        0.0006164856  -0.0002274934  -0.0001731915  -0.0000243881  -0.0001453679
       -0.0000128526  -0.0002186314   0.0000225074   0.0000382283  -0.0000230312
       -0.0000971084  -0.0001422950  -0.0000792798   0.0000496196  -0.0000267240
        0.0000261167   0.0000421626   0.0000156225   0.0000333220  -0.0007697780
        0.0001518412   0.0007015170  -0.0000980859   0.0000177101   0.0000458897
        0.0016698166   0.0018587261  -0.0013991971  -0.0019027810  -0.0037239174
        0.0012667186  -0.0001183617  -0.0002297083   0.0004169884   0.0000792634
       -0.0002686926  -0.0004119623  -0.0004509609   0.0001621468  -0.0001080551
        0.0002512633  -0.0002223681  -0.0000357449  -0.0001209888  -0.0001753222
       -0.0004001608   0.0002819445   0.0002350093   0.0010773249  -0.0003730971
       -0.0001826369  -0.0008274228  -0.0000332418   0.0000377729  -0.0000339537
        0.0001254717  -0.0000798787  -0.0000441425   0.0003189271  -0.0004212721
        0.0002858820   0.0002123925  -0.0001869296  -0.0000591294  -0.0000326557
        0.0000006302   0.0000854630   0.0000315166  -0.0000184140  -0.0000129483
        0.0000104473   0.0000133435   0.0000182675  -0.0000211401   0.0000177474
        0.0000157045
        0.0004163076  -0.0001063935   0.0005047310  -0.0008673890  -0.0001160460
       -0.0001143185  -0.0000669767   0.0000422098   0.0003541017  -0.0001369111
        0.0002023218  -0.0001012835   0.0004136588  -0.0001189578  -0.0000019219
        0.0001951046   0.0000214948  -0.0000399843  -0.0000136373  -0.0001751953
       -0.0001848482  -0.0000332348  -0.0000615976   0.0000214746   0.0000085572
       -0.0000865807   0.0001615421  -0.1020160889  -0.0841512739  -0.0037662509
        0.6186263377  -0.0656829134  -0.1970455533  -0.2279800365   0.1780575964
        0.1135238414   0.0054924728  -0.0011183011  -0.0007794044   0.0001983050
       -0.0018427429  -0.0005424615   0.0003647380  -0.0003109873   0.0001557815
        0.0096406302   0.0355294015   0.0070937952   0.0001921807  -0.0000984889
        0.0000082223   0.0000423114   0.0000760738  -0.0001345375   0.0000470607
        0.0000860992  -0.0001078574  -0.0000117377  -0.0000082573  -0.0000949982
        0.0000228334  -0.0000039355   0.0000253356   0.0000352061   0.0000114781
        0.0000368404  -0.0000558926   0.0000654022  -0.0000000368   0.0000004688
       -0.0000134886   0.0000135714  -0.0000045968  -0.0000065182  -0.0000213584
       -0.0004994485   0.0000837495  -0.0011984689  -0.0003454590   0.0012227388
       -0.0006895171   0.0000696279   0.0000739251  -0.0000187984  -0.0169808715
       -0.0262826062   0.0012234347  -0.2644442115  -0.0494341614   0.0686429437
       -0.0229792575   0.0189580531   0.0148390377  -0.0001166114  -0.0019417578
       -0.0013674897   0.0009790328  -0.0016245490  -0.0013105130  -0.0000500518
        0.0001309034  -0.0001109261   0.0001013849  -0.0000816439   0.0000511937
        0.0000042744  -0.0001733347   0.0000269018  -0.0000106890   0.0000081906
       -0.0000017485   0.0000132966   0.0000347414  -0.0000078677  -0.0002204901
        0.0000867409   0.0000837323  -0.0000107654   0.0000494632  -0.0000180043
        0.0006444219   0.0008920657  -0.0002504438  -0.0010264744  -0.0014970439
        0.0003120590   0.0000133960  -0.0001533145   0.0000622794  -0.0000091712
       -0.0003228640   0.0006419598   0.0000095171   0.0005038065  -0.0002475422
        0.0000640737  -0.0003498678   0.0002620740  -0.0000017602  -0.0000793733
        0.0000130543   0.0003337946   0.0000273459   0.0001256388  -0.0001633033
       -0.0000973796  -0.0001042040  -0.0000123060  -0.0000403850   0.0000053821
       -0.0000252504   0.0000280914   0.0000100851   0.0001396833  -0.0001093129
       -0.0000224053   0.0000006040  -0.0001152230   0.0000970734   0.0000335090
        0.0000138616  -0.0000252524  -0.0000077078   0.0000115489   0.0000030758
       -0.0000047291  -0.0000056720   0.0000178325  -0.0000077298  -0.0000071363
       -0.0000089992
        0.0000045530   0.0002411765   0.0006378283  -0.0000736509  -0.0003680136
       -0.0000220991  -0.0005950386  -0.0000593379  -0.0005724818   0.0009897538
       -0.0003127791  -0.0004233377  -0.0000738934   0.0005251675   0.0000858861
       -0.0006594688  -0.0005206790   0.0000278985   0.0002763962  -0.0003495765
        0.0008394986  -0.0000594862   0.0000872827   0.0001475945   0.0004454469
       -0.0009259117  -0.0004246089  -0.0766006440  -0.1902608071  -0.0038951517
       -0.0656829134   0.6379507317   0.1472258865   0.1642694455  -0.2671489514
       -0.1172039756   0.0160658673  -0.0393266550  -0.0178844892  -0.0048823620
       -0.0009863932  -0.0014732988   0.0015549612  -0.0012246038   0.0011226109
        0.0228773907  -0.0800599446  -0.0216939071  -0.0008131307  -0.0001566555
        0.0007471315   0.0002492695   0.0000255354  -0.0004300006  -0.0001299981
       -0.0000481620   0.0000447151  -0.0004071117   0.0002886524   0.0001576693
        0.0002085758   0.0003471707   0.0002111210  -0.0002047150   0.0002821863
       -0.0001356096   0.0001191254   0.0003430499  -0.0001763546  -0.0000533572
        0.0000183712  -0.0000973249   0.0000779371   0.0000574776   0.0002761472
       -0.0001660441  -0.0002336165  -0.0002760578  -0.0017195402  -0.0005893998
       -0.0007573050  -0.0003904018  -0.0005039740  -0.0001604727  -0.0078799343
       -0.0080544467  -0.0005720553  -0.0481305505  -0.0550005138   0.0139183263
       -0.0016354414   0.0035887411   0.0005249121  -0.0015605052  -0.0030814773
       -0.0000320046   0.0022552582   0.0011199590   0.0002022312   0.0001382540
       -0.0000348820   0.0003746100  -0.0001684325  -0.0000839817  -0.0001570795
       -0.0000088122  -0.0009067715  -0.0000252689  -0.0000957253   0.0002353185
        0.0000080319   0.0000642524   0.0002205807  -0.0000935651   0.0011277974
        0.0003006520  -0.0006888818   0.0000365296   0.0000482263  -0.0001837211
       -0.0021671261  -0.0029837895   0.0006816318   0.0026752824   0.0050203905
       -0.0006136984   0.0002669977   0.0006789846  -0.0001748210   0.0009329936
        0.0000349979   0.0005975370  -0.0000949625  -0.0017019447   0.0002273967
       -0.0000781055   0.0015089646  -0.0001145352   0.0000052524   0.0001348847
        0.0001870524  -0.0014670795   0.0004824248  -0.0014552306   0.0013608354
        0.0001200985   0.0014790445   0.0001158903   0.0000157396   0.0001041609
        0.0000069258   0.0000858680   0.0000637889  -0.0003517517   0.0006068119
       -0.0000192090  -0.0000248570   0.0006345036   0.0000280918  -0.0000290367
       -0.0000755090  -0.0001084510   0.0000090861   0.0000183433  -0.0000031029
        0.0000336316  -0.0000107736  -0.0000224265   0.0000363674  -0.0000127413
       -0.0000302769
        0.0003151867   0.0001132986   0.0003858782  -0.0002915141  -0.0002808115
       -0.0001954958  -0.0001494084   0.0003115551  -0.0008256710   0.0003593313
        0.0001780850  -0.0006346232  -0.0001315049   0.0001567335   0.0000139337
       -0.0004053697  -0.0003513494  -0.0000831235   0.0002031352  -0.0002104324
        0.0004501881  -0.0000135088   0.0001676388   0.0000334826  -0.0000472231
       -0.0004507104   0.0000169332  -0.0047338622   0.0018160073  -0.0596173650
       -0.1970455533   0.1472258865   0.2009044049   0.1087606228  -0.1233633317
       -0.1058565085   0.0061975980  -0.0126330117   0.0034162058  -0.0025801428
        0.0004398788  -0.0012321223   0.0007830892  -0.0004837310   0.0006193896
        0.0071502563  -0.0254598362   0.0103857235  -0.0002904907  -0.0000106140
        0.0002951785   0.0000522591  -0.0000490707  -0.0001953254  -0.0000633795
       -0.0000010658  -0.0000407453  -0.0000758810   0.0000719169   0.0001004182
        0.0000850238   0.0001295832   0.0000844412  -0.0000400381   0.0000650064
       -0.0000320912   0.0000803918   0.0001409785  -0.0000623834   0.0000191739
        0.0000573230  -0.0001264089   0.0000446061   0.0000331947   0.0000703559
       -0.0002755008   0.0004914181   0.0000118037   0.0000890759  -0.0009857758
       -0.0004104132  -0.0000432305  -0.0001274851  -0.0000089046   0.0054981248
        0.0030836936   0.0106970737   0.0689790923   0.0134294046  -0.0548789119
        0.0082011813  -0.0060867391  -0.0031205286  -0.0006547346   0.0005488953
        0.0002297496  -0.0001132183   0.0009381952  -0.0002121756   0.0001600737
       -0.0003145039   0.0002677301  -0.0001427042   0.0000107594  -0.0000487215
       -0.0001037863  -0.0003935103  -0.0000826351  -0.0000197885   0.0001115290
        0.0000261589  -0.0000043091   0.0000199999  -0.0000331238   0.0004025647
        0.0000799627  -0.0002713126   0.0000237192   0.0000286613  -0.0000521017
       -0.0008670312  -0.0011901532   0.0000950263   0.0011303376   0.0018108762
        0.0004935681   0.0000759547   0.0002365724  -0.0000592003  -0.0004525016
        0.0006512461  -0.0003735602   0.0005079283  -0.0000792385   0.0000245876
       -0.0002642153   0.0002159729  -0.0000197527  -0.0000108173   0.0002075728
        0.0001911530   0.0002118076  -0.0011548083  -0.0003203463  -0.0001055059
        0.0004486203   0.0000464305   0.0000533170   0.0000429982   0.0000484447
       -0.0000045790   0.0000501826   0.0000344908  -0.0001172923   0.0001825235
       -0.0000391596  -0.0003004226   0.0001036036  -0.0000411089   0.0000155732
        0.0000410396  -0.0000379293  -0.0000445362   0.0000075395   0.0000090533
       -0.0000276935  -0.0000094633  -0.0000316884   0.0000203199  -0.0000127110
       -0.0000083660
       -0.0006626111   0.0003939992  -0.0007232558   0.0008739377  -0.0003937378
        0.0004042218  -0.0001033941  -0.0001659813  -0.0009253460   0.0009943248
       -0.0000548862   0.0001866339  -0.0003342396   0.0006565667   0.0000411324
       -0.0004748495  -0.0002212916  -0.0000570649   0.0000640917  -0.0000609316
        0.0004116830  -0.0000777692   0.0001017448   0.0000130370  -0.0000774963
       -0.0000663619  -0.0001474938   0.0023167210   0.0183827774   0.0004391990
       -0.2279800365   0.1642694455   0.1087606228   0.5997260330  -0.0733362111
       -0.1775982814  -0.0850626971  -0.0522045308  -0.0040358702   0.0044710033
        0.0146419555   0.0021298820  -0.0017040916   0.0029815893  -0.0014506918
        0.0065928704  -0.0118758793  -0.0019494427  -0.0002736304   0.0000941250
        0.0001942900   0.0000720429  -0.0000170418  -0.0000151645  -0.0001973053
       -0.0001892004   0.0003594506  -0.0002818462   0.0003127480   0.0003028198
       -0.0000531763  -0.0000665652  -0.0001358025  -0.0001052007   0.0000625081
       -0.0000334813  -0.0000080510   0.0001361961  -0.0000066446  -0.0000153892
       -0.0000145633  -0.0000218779  -0.0000159772  -0.0000185960  -0.0000110606
       -0.0004836348   0.0001490372   0.0001592141  -0.0004615664  -0.0005808726
       -0.0000283829  -0.0000649372  -0.0000777282  -0.0000236322   0.0011009881
       -0.0024374149  -0.0007137948  -0.0226694025   0.0205944828   0.0129675947
       -0.2638119812  -0.0551066808   0.0651481401   0.0008689048  -0.0008121422
       -0.0002586746  -0.0135836693  -0.0289106724  -0.0032106309   0.0003244500
        0.0003161353   0.0000905897   0.0001723369   0.0015631498  -0.0000011158
        0.0002688351   0.0010262811   0.0000508693  -0.0000518560  -0.0001281259
       -0.0000261733  -0.0000510962  -0.0000629631  -0.0000391229   0.0003453789
        0.0000532035  -0.0001985723   0.0000300547  -0.0000210739  -0.0000407892
       -0.0005442262  -0.0007249232   0.0001852596   0.0006478118   0.0012406499
       -0.0000860123   0.0000811187   0.0001812429  -0.0000515317   0.0003198130
        0.0000997774  -0.0000198193  -0.0000178852  -0.0001926948   0.0000729169
        0.0000327990   0.0001761654  -0.0000371003   0.0000384237   0.0000166617
        0.0000389555  -0.0004154401   0.0000364550  -0.0004094814   0.0002409930
        0.0000734784   0.0003157414   0.0000132956   0.0000138414   0.0000060483
        0.0000107767   0.0000002770  -0.0000021832  -0.0001079436   0.0001216630
        0.0000011798   0.0000598869   0.0000678646   0.0000103529  -0.0000065205
       -0.0000201439  -0.0000138325   0.0000137908   0.0000014683  -0.0000051527
        0.0000135478   0.0000015523  -0.0000074963   0.0000036903  -0.0000058281
       -0.0000048578
       -0.0000018084  -0.0000089945  -0.0008404481  -0.0001121874  -0.0001320214
        0.0004214550  -0.0000102572   0.0002456795   0.0001660273  -0.0003413641
        0.0008291208   0.0006421429   0.0003316808  -0.0003214431  -0.0000934299
        0.0008129162   0.0002083959  -0.0000918374  -0.0006919060   0.0001042410
       -0.0006234733   0.0000525458  -0.0000027962  -0.0000615973  -0.0003262463
        0.0005622400   0.0001773974   0.0165707302  -0.0594116872  -0.0178544058
        0.1780575964  -0.2671489514  -0.1233633317  -0.0733362111   0.6312461487
        0.1572664802  -0.0588419773  -0.1998520492  -0.0226241071   0.0056477257
       -0.0320812856  -0.0007544710   0.0014187516  -0.0024398033   0.0013687343
       -0.0088681539   0.0036732292   0.0025114512   0.0005754637   0.0002855167
       -0.0004003547  -0.0001915576  -0.0002015688   0.0003080999   0.0000931727
        0.0000178405   0.0000775349   0.0004304238  -0.0002050849  -0.0000211404
       -0.0003178517  -0.0003909209  -0.0003069644   0.0000970410  -0.0001877279
        0.0000804045  -0.0000547421  -0.0001992984   0.0001161017   0.0000092104
       -0.0000289780   0.0000460252  -0.0001299485  -0.0000234442  -0.0002571783
        0.0003302636   0.0005395006   0.0004027324   0.0013505477  -0.0002785577
        0.0003150135   0.0003367372   0.0002773732   0.0000964954   0.0017150086
        0.0000722651  -0.0000051799  -0.0004632168   0.0035512193   0.0004283289
       -0.0529852610  -0.0547957382   0.0132394226  -0.0005754262  -0.0133644992
       -0.0088861922  -0.0081149947  -0.0088555833  -0.0007565842  -0.0009542626
        0.0007984572  -0.0007394483  -0.0002942459   0.0008389612  -0.0000993907
       -0.0002013186  -0.0004659227  -0.0000392434   0.0002178475  -0.0000301959
        0.0002402277   0.0001290162  -0.0001586657   0.0000745781  -0.0006016495
       -0.0002334615   0.0003079932   0.0000987017  -0.0000683098   0.0001355295
        0.0007728130   0.0014685355  -0.0001240530  -0.0009318948  -0.0022571446
        0.0001374150  -0.0002016228  -0.0004107351   0.0000207658  -0.0008106107
        0.0002191474  -0.0004635836   0.0002653500   0.0015220878   0.0000083606
        0.0000607962  -0.0014344511  -0.0000578285  -0.0000718235   0.0000778667
       -0.0000036399   0.0013169066  -0.0009033539   0.0008947355  -0.0010902000
       -0.0000306212  -0.0010263068  -0.0000447659  -0.0000376509  -0.0000765650
       -0.0000407640  -0.0000582926  -0.0000304843   0.0001092653  -0.0001960811
       -0.0000388430  -0.0001092494  -0.0004281210  -0.0000633292   0.0000150482
        0.0000914201   0.0001088027  -0.0000276899  -0.0000322632   0.0000182462
       -0.0000457829   0.0000030143   0.0000503960  -0.0000265696   0.0000434431
        0.0000425133
       -0.0000657272  -0.0001747619  -0.0002848287  -0.0000518828   0.0003106664
       -0.0000820107   0.0005231848   0.0001013215   0.0000121641  -0.0005247140
        0.0002220655   0.0000040004  -0.0001190941  -0.0000570852  -0.0000178781
        0.0001259872  -0.0000697565  -0.0000376288   0.0002470170  -0.0000696015
       -0.0002861448  -0.0000058494  -0.0000158511  -0.0000263214  -0.0000848731
        0.0002311646   0.0000900758   0.0015628976  -0.0207538532  -0.0097052807
        0.1135238414  -0.1172039756  -0.1058565085  -0.1775982814   0.1572664802
        0.2389869862  -0.0062011617  -0.0233871032  -0.0629688098   0.0050414186
        0.0082764760   0.0017103633  -0.0017280529   0.0019623334  -0.0010227586
       -0.0035447133   0.0053812550   0.0062331638   0.0002900022   0.0000642272
       -0.0002400476  -0.0000963468  -0.0000507435   0.0001755861   0.0000642341
        0.0000298963  -0.0000284004   0.0002446598  -0.0000110544  -0.0002598148
       -0.0002341416  -0.0003151491  -0.0002191589   0.0000573120  -0.0001326087
        0.0000286679  -0.0000479136  -0.0001286930   0.0000491520   0.0000265119
       -0.0000072594   0.0000150045  -0.0000610568  -0.0000339192  -0.0001170481
       -0.0000112657   0.0001705172   0.0001548626   0.0006364921   0.0000609765
        0.0002158172   0.0001174691   0.0001156798   0.0000527813  -0.0000478240
        0.0011090121  -0.0005146798   0.0077829041  -0.0061937386  -0.0039386170
        0.0652849039   0.0133835204  -0.0550966168  -0.0085269562  -0.0300561854
       -0.0094853306   0.0036650862   0.0097252452   0.0020193571  -0.0003978988
        0.0014234476  -0.0002373983   0.0006772925  -0.0004093655   0.0002909116
        0.0000947042   0.0008616312   0.0002599152   0.0000414882  -0.0001357223
        0.0000878157  -0.0000268136  -0.0000386141   0.0000061245  -0.0003354547
       -0.0001087167   0.0002003690   0.0000126216  -0.0000207507   0.0000690288
        0.0004866599   0.0007938471  -0.0001702700  -0.0005694751  -0.0013078238
        0.0001630261  -0.0001070668  -0.0002035528   0.0000440712  -0.0003283417
       -0.0000153555  -0.0002206474   0.0001170053   0.0004276389   0.0000332051
        0.0000204560  -0.0004596549  -0.0000552111  -0.0000333839   0.0000074260
       -0.0000373259   0.0005494346  -0.0002629793   0.0004998731  -0.0004173688
       -0.0000478055  -0.0004806732  -0.0000231030  -0.0000113134  -0.0000313993
       -0.0000078032  -0.0000295592  -0.0000153801   0.0000741621  -0.0001285642
       -0.0000017488  -0.0000448320  -0.0001257132  -0.0000590010   0.0000113940
        0.0000364571   0.0000542360  -0.0000109009  -0.0000125732   0.0000079885
       -0.0000190559   0.0000030544   0.0000132145  -0.0000077875   0.0000150643
        0.0000191775
        0.0001528273  -0.0000045357   0.0001827356  -0.0001766880   0.0000434647
       -0.0001045582  -0.0000243894   0.0000671716   0.0000713272  -0.0001683642
       -0.0000695883  -0.0001144118   0.0001270933  -0.0000594831   0.0000323148
        0.0000469174   0.0000087726  -0.0000054474  -0.0000488124   0.0000060408
       -0.0000841051   0.0000031525  -0.0000525093   0.0000364799  -0.0000394764
       -0.0000864758   0.0000559246   0.0004221514  -0.0020561420   0.0049835331
        0.0054924728   0.0160658673   0.0061975980  -0.0850626971  -0.0588419773
       -0.0062011617   0.5116444646   0.0286398091  -0.0369695897  -0.1161672736
        0.0517536059  -0.0308345336   0.0032511402  -0.0014284613   0.0019459767
       -0.0008591128   0.0025838308  -0.0008559234   0.0000386969   0.0000280783
       -0.0000390358  -0.0000030487   0.0000129121  -0.0000075789   0.0000333591
        0.0000006980  -0.0000750531   0.0000160664  -0.0000478937   0.0000008251
        0.0000472802   0.0000802273   0.0000600412   0.0000068360   0.0000302488
        0.0000157221   0.0000117013  -0.0000006273   0.0000133951   0.0000068479
        0.0000067035   0.0000007061   0.0000215468  -0.0000238509   0.0000036295
        0.0000271703   0.0001612767  -0.0001192621   0.0001838669   0.0000353065
        0.0000009625   0.0000340191   0.0000572550   0.0000079232   0.0000807884
        0.0005070227  -0.0005165537   0.0006348570   0.0019559883  -0.0010662227
       -0.0113070716  -0.0243862734  -0.0039390816  -0.0420157199  -0.0028021858
        0.0048350535  -0.2422455154  -0.0299513549   0.0767425519  -0.0014935745
        0.0023478629  -0.0032220426  -0.0243116472   0.0191801629  -0.0117210882
        0.0005025334  -0.0018098027   0.0000493919   0.0002240450  -0.0003278904
        0.0003361676   0.0009785851  -0.0012860805   0.0002056261  -0.0000647082
       -0.0000391395   0.0000436608  -0.0000339323  -0.0000020450   0.0000070301
        0.0001378541   0.0002190268  -0.0000211493  -0.0001668965  -0.0003514367
       -0.0000395116  -0.0000028859  -0.0000482687   0.0000027452  -0.0001729937
       -0.0000359581   0.0000405949   0.0000652299   0.0005132347  -0.0001811687
        0.0000445784  -0.0003536265   0.0002144088  -0.0000024218  -0.0000163381
       -0.0000274492   0.0001595592  -0.0000300849   0.0000889502  -0.0001103088
       -0.0000048040  -0.0000763029   0.0000078716   0.0000160268   0.0000040517
        0.0000165681   0.0000031375   0.0000179147  -0.0000037596  -0.0000538813
       -0.0000106152   0.0000491890  -0.0001517939   0.0000731203   0.0000192550
        0.0000081211  -0.0000220460  -0.0000015415   0.0000093462  -0.0000030225
        0.0000001494  -0.0000012163  -0.0000044404  -0.0000058346  -0.0000174733
       -0.0000090069
       -0.0000468041   0.0000281461   0.0003219324   0.0001645956   0.0000148689
       -0.0001257247   0.0000810099  -0.0002123977  -0.0000339180   0.0001554550
       -0.0003496779  -0.0000240940  -0.0001860873   0.0001637390   0.0000508672
       -0.0003473882  -0.0001760892  -0.0000140625   0.0002203791  -0.0001002456
        0.0002959468   0.0000037854  -0.0000005311   0.0000086841  -0.0000133642
       -0.0001085272  -0.0001386318   0.0011945550   0.0100047803  -0.0021796579
       -0.0011183011  -0.0393266550  -0.0126330117  -0.0522045308  -0.1998520492
       -0.0233871032   0.0286398091   0.4624556858   0.0137713986   0.0432586980
       -0.1007220047   0.0341948544   0.0169197483  -0.0281631888   0.0114271108
        0.0026087553  -0.0063198991  -0.0007139621  -0.0003073486  -0.0001363179
        0.0001938429   0.0001029975   0.0001325063  -0.0001461083  -0.0000491934
       -0.0000315131  -0.0000152510  -0.0001648783   0.0001237409   0.0000498393
        0.0000928649   0.0001201762   0.0000422921  -0.0000687437   0.0000958053
       -0.0000487335   0.0000589392   0.0001186704  -0.0000536816   0.0000022439
       -0.0000049036   0.0000040883   0.0000517791   0.0000072896   0.0001208495
        0.0000552940  -0.0001358189  -0.0000798814  -0.0005741406   0.0000299982
       -0.0001591198  -0.0001613768  -0.0001137981  -0.0000461011   0.0000938098
       -0.0000231184   0.0003518127  -0.0010429432   0.0010083610   0.0018362615
       -0.0055154013  -0.0080336884  -0.0009816963  -0.0044433456  -0.0398513017
       -0.0353620591  -0.0304583367  -0.0475550332   0.0117083151   0.0009060734
       -0.0002451062   0.0026267348   0.0013391453   0.0002502725  -0.0007616804
       -0.0011836460  -0.0064806008  -0.0009083768   0.0003068120   0.0011250219
        0.0007586024   0.0009501577   0.0010336963   0.0000302066   0.0003264445
        0.0001186159  -0.0001422308  -0.0000634048   0.0000206606  -0.0000776656
       -0.0004608046  -0.0007935337   0.0000531972   0.0005389482   0.0011885659
       -0.0000644386   0.0001181845   0.0001970619   0.0000015327   0.0003493807
       -0.0001848423   0.0001689438  -0.0003082764  -0.0005664377  -0.0000864661
        0.0000627846   0.0005911127   0.0000838585   0.0000297074  -0.0000460357
       -0.0000171707  -0.0006659103   0.0004642347  -0.0004723467   0.0005512738
        0.0000069520   0.0005242868   0.0000390789   0.0000231864   0.0000440388
        0.0000296279   0.0000283753   0.0000289321  -0.0000807076   0.0001106892
        0.0000160210   0.0001653614   0.0001414077   0.0000777826  -0.0000184555
       -0.0000648905  -0.0000597932   0.0000253676   0.0000175583  -0.0000140078
        0.0000337551   0.0000020322  -0.0000211356   0.0000065673  -0.0000250058
       -0.0000241230
       -0.0000202160   0.0000341711   0.0000569688   0.0000779394  -0.0000128216
       -0.0001043506   0.0000319531  -0.0001085971   0.0000776612  -0.0000535834
       -0.0001716773  -0.0000402230  -0.0000651126  -0.0000555215  -0.0000204404
       -0.0001323901  -0.0000822423  -0.0000129321   0.0001363218  -0.0000497791
        0.0000660120   0.0000273602   0.0000177590   0.0000190883   0.0001346890
       -0.0002357508  -0.0000023420   0.0055576048  -0.0003604513   0.0123272236
       -0.0007794044  -0.0178844892   0.0034162058  -0.0040358702  -0.0226241071
       -0.0629688098  -0.0369695897   0.0137713986   0.4820246150  -0.0308948859
        0.0385544501  -0.0842580387   0.0008081122   0.0003044074   0.0014506855
       -0.0000752744  -0.0026900238  -0.0038739481  -0.0001025133  -0.0000342499
        0.0000539033   0.0000420084   0.0000285464  -0.0000355685  -0.0000248686
       -0.0000045947   0.0000290704  -0.0000069197   0.0001375827  -0.0000052404
       -0.0000402901   0.0002313495  -0.0000531563  -0.0000225456   0.0000440618
       -0.0000074642   0.0000240265   0.0000415261  -0.0000057107  -0.0000002389
        0.0000199198  -0.0000325779   0.0000143344   0.0000120594   0.0000683735
       -0.0000446876  -0.0001234248  -0.0000334373  -0.0002714363  -0.0000686559
       -0.0000368972  -0.0000773691  -0.0000761328  -0.0000062861  -0.0000839028
        0.0001945482  -0.0012771663  -0.0019671462   0.0004439300  -0.0031954690
        0.0030948413   0.0064477505   0.0028394038   0.0027822633  -0.0407117036
       -0.2602235829   0.0769105590   0.0113112882  -0.0752761434  -0.0199459393
        0.0201135002  -0.0165863648   0.0053414417  -0.0054738158   0.0041597922
        0.0002010444  -0.0007643793   0.0007479832   0.0003919201  -0.0008391290
        0.0008810517  -0.0000869239   0.0000226410  -0.0000005476   0.0001042128
        0.0000357916  -0.0000400574  -0.0000205117   0.0000013118  -0.0000205436
       -0.0001326095  -0.0002587330   0.0000408395   0.0001585513   0.0004099953
       -0.0001244992   0.0000335941   0.0000643580  -0.0000001845   0.0001261417
        0.0000835513  -0.0000268966   0.0001019264  -0.0005144474   0.0001110869
       -0.0001308866   0.0004562286  -0.0000995375   0.0000080482   0.0000218876
        0.0000080276  -0.0001838554   0.0000428428  -0.0000947081   0.0001647143
        0.0000613327   0.0001365513   0.0000132448   0.0000197157   0.0000179886
        0.0000084468   0.0000074050   0.0000084699  -0.0000366450   0.0000479196
        0.0000089288  -0.0000928451   0.0001647511  -0.0000538687  -0.0000022487
        0.0000002249  -0.0000113115  -0.0000090231   0.0000028872  -0.0000012757
       -0.0000031285   0.0000001844  -0.0000185430   0.0000175619  -0.0000065501
       -0.0000018077
       -0.0001963635  -0.0000010409  -0.0000402322   0.0002676933   0.0000345915
        0.0000109984   0.0000137908  -0.0002002712  -0.0000302084   0.0000488325
       -0.0000951627   0.0000334600  -0.0000700325   0.0000698858   0.0000120990
       -0.0001522111  -0.0000657245   0.0000071476   0.0000409561   0.0000457952
        0.0001584730  -0.0000001758   0.0000107008  -0.0000120381   0.0000745044
       -0.0000593822  -0.0000624989   0.0000540648   0.0040251223  -0.0003434785
        0.0001983050  -0.0048823620  -0.0025801428   0.0044710033   0.0056477257
        0.0050414186  -0.1161672736   0.0432586980  -0.0308948859   0.5042140104
        0.0175648143  -0.0246760252  -0.0780196943  -0.0407834518  -0.0065783350
        0.0010539087  -0.0021676844  -0.0001078701  -0.0001150147  -0.0000466949
        0.0000785364   0.0000469924   0.0000222326  -0.0000213701  -0.0000153752
       -0.0000353194   0.0000691941  -0.0000318634   0.0000464957   0.0000355040
        0.0000096908   0.0000352715   0.0000081383   0.0000001765   0.0000196389
       -0.0000207261   0.0000069489   0.0000230994  -0.0000303200   0.0000022662
       -0.0000027349  -0.0000137246   0.0000060036   0.0000328972   0.0000337354
        0.0000015190  -0.0001263612  -0.0000031762  -0.0002348325   0.0000121012
       -0.0000636773  -0.0000451941  -0.0000421833  -0.0000298245  -0.0000564315
        0.0000287324   0.0000940719   0.0000055410  -0.0000490999   0.0000803847
        0.0007621936  -0.0012295364   0.0000895253  -0.0022082315   0.0030328761
       -0.0048305778  -0.0228198389   0.0181080206  -0.0107381720  -0.0463631429
       -0.0009062598   0.0000781328  -0.2375263580  -0.0295778991   0.0785823754
        0.0046028723   0.0171165847   0.0026834339  -0.0000393100  -0.0011518174
       -0.0015520968  -0.0120816365  -0.0282498873  -0.0045187813   0.0001391404
        0.0000645950  -0.0000644658   0.0000233393  -0.0000026803  -0.0000341516
       -0.0002183861  -0.0003311150   0.0000332981   0.0002310071   0.0005276785
       -0.0000041441   0.0000340458   0.0000847523  -0.0000013479   0.0001750607
       -0.0000708313   0.0000763891  -0.0001857655  -0.0000969833  -0.0000249686
        0.0000952405   0.0000964756   0.0000205768   0.0000050900  -0.0000070008
        0.0000066623  -0.0002889851   0.0002528416  -0.0001970859   0.0002109861
       -0.0000575044   0.0002050232  -0.0000001811  -0.0000174115   0.0000121307
       -0.0000067578   0.0000119575  -0.0000109808  -0.0000117845   0.0000645835
        0.0000078782   0.0000672607   0.0000301932   0.0000311403  -0.0000288874
       -0.0000172715  -0.0000107870   0.0000118105  -0.0000021453  -0.0000067945
        0.0000107869  -0.0000009891   0.0000171355  -0.0000013141   0.0000084446
       -0.0000039750
        0.0000291798   0.0000525025  -0.0000386888  -0.0000151383  -0.0000017022
        0.0000384344  -0.0000164547   0.0000548904  -0.0001009046   0.0000431143
        0.0000621270  -0.0000614891  -0.0000143867   0.0000203535   0.0000090019
       -0.0000040375   0.0000104756  -0.0000066891   0.0000066355   0.0000025917
       -0.0000230385  -0.0000104633   0.0000155279   0.0000104672  -0.0000315152
        0.0000014242   0.0000231710  -0.0001879306  -0.0012529046  -0.0028720684
       -0.0018427429  -0.0009863932   0.0004398788   0.0146419555  -0.0320812856
        0.0082764760   0.0517536059  -0.1007220047   0.0385544501   0.0175648143
        0.4490408475   0.0106786289  -0.0399687506  -0.1836774504  -0.0263164430
       -0.0003391684   0.0003983237   0.0008498284   0.0000149697   0.0000484266
       -0.0000207552  -0.0000087121   0.0000004965   0.0000070470  -0.0000022896
       -0.0000248261   0.0000150218   0.0000082495  -0.0000418019   0.0000303762
        0.0000010891  -0.0000387583   0.0000042356  -0.0000209953   0.0000089929
        0.0000082778   0.0000056369   0.0000099723   0.0000103837  -0.0000025031
        0.0000126231  -0.0000021950  -0.0000019083  -0.0000290696  -0.0000099367
       -0.0000235736  -0.0000325858   0.0000132100   0.0000545867   0.0000028372
        0.0000225703   0.0000120216   0.0000249365   0.0000135881   0.0000567790
       -0.0000576981   0.0001658376   0.0000704681  -0.0002286309   0.0004446044
        0.0005269425   0.0009811778  -0.0006286914   0.0014328163   0.0010616389
        0.0023998624   0.0010740519   0.0008421496  -0.0006554680  -0.0013869447
       -0.0457593946  -0.0339173939  -0.0300607313  -0.0450845514   0.0111751474
       -0.0043302074  -0.0240655646  -0.0026284789  -0.0027095498  -0.0095204129
       -0.0057231818  -0.0062992515  -0.0088870549  -0.0001694844  -0.0000229694
       -0.0000315205   0.0000196249  -0.0000201992  -0.0000120785   0.0000064898
        0.0000365864   0.0000709623  -0.0000053258  -0.0000275740  -0.0001109212
        0.0000067712  -0.0000030916  -0.0000191109  -0.0000027765  -0.0000641802
        0.0000502481  -0.0000310679   0.0001558626   0.0000206643   0.0000288320
       -0.0000895302  -0.0000465648  -0.0000177806   0.0000030658  -0.0000002415
       -0.0000064728   0.0000900099  -0.0000997216   0.0000568071  -0.0000714517
        0.0000338291  -0.0000556852   0.0000078829   0.0000143374  -0.0000008672
        0.0000094488  -0.0000040363   0.0000124393  -0.0000044170  -0.0000175397
       -0.0000007736  -0.0000333409  -0.0000101386  -0.0000122306   0.0000185720
        0.0000063255  -0.0000029291  -0.0000041699   0.0000039841   0.0000035008
       -0.0000033585   0.0000017140  -0.0000159788   0.0000031922  -0.0000104169
        0.0000018306
       -0.0000677237  -0.0000446129  -0.0000188702   0.0000824847  -0.0000058010
       -0.0000031266  -0.0000253847   0.0000229691   0.0000471994  -0.0000519158
        0.0000037863  -0.0000177575   0.0000151526  -0.0000360593  -0.0000279858
        0.0000243225   0.0000467831   0.0000257227  -0.0000488498   0.0000348416
        0.0000183096   0.0000171647  -0.0000146977  -0.0000062811   0.0000205611
        0.0000282642   0.0000255418  -0.0001078905   0.0004634583  -0.0006630441
       -0.0005424615  -0.0014732988  -0.0012321223   0.0021298820  -0.0007544710
        0.0017103633  -0.0308345336   0.0341948544  -0.0842580387  -0.0246760252
        0.0106786289   0.5238148588  -0.0062683569  -0.0264442772  -0.0725166126
        0.0001928948  -0.0004309697   0.0001342919  -0.0000121441  -0.0000449628
       -0.0000249892   0.0000125054   0.0000227095   0.0000235653   0.0000170186
        0.0000246374  -0.0000074903   0.0000088229   0.0000054092  -0.0000424128
        0.0000080080  -0.0000324403   0.0000340401   0.0000193781  -0.0000115738
       -0.0000037192  -0.0000011067  -0.0000137377  -0.0000079986   0.0000039064
       -0.0000049615   0.0000076227   0.0000061605   0.0000165127  -0.0000037611
        0.0000150386   0.0000088195  -0.0000307326  -0.0000371429   0.0000113780
        0.0000186047  -0.0000058885   0.0000055231   0.0000008726  -0.0000332873
       -0.0000259904   0.0001403147   0.0000853480  -0.0000013559   0.0001993545
        0.0000856209  -0.0001300126   0.0004751688  -0.0206655679   0.0199721393
       -0.0191442625   0.0052905579  -0.0056264929   0.0044015470   0.0005162084
       -0.0338717234  -0.2700627236   0.0780956221   0.0115231573  -0.0781117184
        0.0029319486   0.0119165423   0.0021384291  -0.0095404167  -0.0300530337
       -0.0094429636   0.0032974195   0.0099830741   0.0024101794   0.0000138940
        0.0000234638   0.0000177662   0.0000064887  -0.0000007044   0.0000031658
       -0.0000315616  -0.0000670010  -0.0000595640   0.0000451888   0.0000966887
        0.0000508733  -0.0000027086   0.0000219337   0.0000218728   0.0000664914
       -0.0000594091  -0.0000145677  -0.0001638398   0.0000726876  -0.0000330285
        0.0000984133  -0.0000518445  -0.0000155058   0.0000002619  -0.0000209804
       -0.0000177772  -0.0000807094   0.0001194040   0.0000035575   0.0000479977
       -0.0000454690   0.0000105697  -0.0000082196  -0.0000086038   0.0000024475
       -0.0000002543   0.0000006146  -0.0000104540   0.0000017429   0.0000127749
        0.0000120340   0.0000607425  -0.0000362726   0.0000137623  -0.0000151269
       -0.0000040258   0.0000114466   0.0000083744  -0.0000059741  -0.0000063322
        0.0000035571   0.0000019944   0.0000088962  -0.0000080628   0.0000077073
        0.0000014618
        0.0000127533   0.0000187717  -0.0000137216  -0.0000291341  -0.0000197144
        0.0000070845  -0.0000475045   0.0000485897  -0.0000111564   0.0000261460
       -0.0000029831  -0.0000137040   0.0000382061  -0.0000101670   0.0000058579
        0.0000228115   0.0000039181  -0.0000066172  -0.0000023687  -0.0000052255
       -0.0000399356  -0.0000121054  -0.0000062571   0.0000010310  -0.0000251861
       -0.0000171332   0.0000131021   0.0001212697  -0.0011167881   0.0003997504
        0.0003647380   0.0015549612   0.0007830892  -0.0017040916   0.0014187516
       -0.0017280529   0.0032511402   0.0169197483   0.0008081122  -0.0780196943
       -0.0399687506  -0.0062683569   0.5214318836  -0.0175996323  -0.0025387413
       -0.0003516657   0.0006833571  -0.0000222987   0.0000284777   0.0000322008
       -0.0000184185  -0.0000063370  -0.0000099355   0.0000083445   0.0000017406
        0.0000005895  -0.0000084761  -0.0000127342  -0.0000003957  -0.0000071170
        0.0000064388   0.0000028511   0.0000168269   0.0000012327   0.0000030078
        0.0000077691  -0.0000009712  -0.0000035178   0.0000086644   0.0000022848
        0.0000069058   0.0000022534   0.0000060220  -0.0000053656   0.0000003613
        0.0000358617   0.0000213420   0.0000004498   0.0000794229  -0.0000104412
       -0.0000011092   0.0000221229   0.0000215607   0.0000054916  -0.0000148567
        0.0000220547  -0.0000662051   0.0000412567   0.0000059625  -0.0001687109
        0.0000557435   0.0001760595   0.0000495230   0.0003436450   0.0000341971
        0.0005471762   0.0007897237   0.0010998235  -0.0001261875   0.0004603804
       -0.0016734500  -0.0009241004  -0.0113494960  -0.0280945517  -0.0042889712
       -0.1411105923   0.0983280180  -0.0668576996  -0.0453985446   0.0004587844
        0.0003588388  -0.2489785129  -0.0321577346   0.0800654853  -0.0000325932
       -0.0000246759   0.0000156178  -0.0000059703  -0.0000056315   0.0000063192
        0.0000509993   0.0000962488   0.0000019606  -0.0000556066  -0.0001440421
       -0.0000087071  -0.0000067787  -0.0000259910  -0.0000029192  -0.0000786020
        0.0000147901   0.0000015598   0.0000680296   0.0001497533  -0.0000289808
       -0.0000367537  -0.0001257853   0.0000406701  -0.0000062673   0.0000070633
       -0.0000007530   0.0000879412  -0.0000492868   0.0000358677  -0.0000664092
        0.0000041245  -0.0000434491   0.0000026138   0.0000025398  -0.0000010334
        0.0000044035  -0.0000012389   0.0000032435   0.0000007737  -0.0000205702
       -0.0000068007  -0.0000106299  -0.0000472103   0.0000134820   0.0000102272
        0.0000096189  -0.0000042067  -0.0000034826   0.0000038218   0.0000002564
       -0.0000026283   0.0000006395  -0.0000003961   0.0000012273  -0.0000035802
       -0.0000013623
       -0.0000201946  -0.0000022708   0.0000180539   0.0000440737   0.0000220594
       -0.0000007633   0.0000007801  -0.0000087408  -0.0000064848   0.0000037428
       -0.0000077251  -0.0000134789  -0.0000264516   0.0000194953   0.0000050836
       -0.0000265978  -0.0000001882   0.0000041382   0.0000063635   0.0000112299
        0.0000278487  -0.0000014384  -0.0000005042  -0.0000017831  -0.0000025676
        0.0000121434  -0.0000104999  -0.0000251342   0.0004960622  -0.0004910459
       -0.0003109873  -0.0012246038  -0.0004837310   0.0029815893  -0.0024398033
        0.0019623334  -0.0014284613  -0.0281631888   0.0003044074  -0.0407834518
       -0.1836774504  -0.0264442772  -0.0175996323   0.4702313123  -0.0117384475
        0.0001734260  -0.0004174915   0.0000682208  -0.0000173224  -0.0000067188
        0.0000103342   0.0000085205   0.0000065694  -0.0000060353   0.0000037797
       -0.0000050271   0.0000038087   0.0000071817  -0.0000138983  -0.0000032288
        0.0000007220  -0.0000177901  -0.0000019705  -0.0000014771   0.0000004112
       -0.0000023148   0.0000054054   0.0000010643  -0.0000045665   0.0000044409
       -0.0000015307   0.0000027390   0.0000000777  -0.0000061740   0.0000011990
       -0.0000279447  -0.0000248736  -0.0000026270  -0.0000454751   0.0000176936
       -0.0000009761  -0.0000122326  -0.0000054891  -0.0000029072   0.0000435979
        0.0000143164   0.0000567228  -0.0000314828  -0.0000730704   0.0001340350
        0.0001740781   0.0000134168  -0.0000610812  -0.0006804138   0.0010804502
       -0.0008789633  -0.0007155853   0.0007250337  -0.0002882991  -0.0028811728
       -0.0096381551  -0.0051505222  -0.0057002180  -0.0093739606  -0.0006332771
        0.0984487996  -0.1405061385   0.0682897653   0.0005968352  -0.0491384131
       -0.0378123402  -0.0322421372  -0.0479602303   0.0131437923   0.0000215630
        0.0000113263  -0.0000036455  -0.0000068165  -0.0000027064  -0.0000101174
       -0.0000353655  -0.0000615703  -0.0000059005   0.0000385237   0.0000903840
        0.0000045661   0.0000082971   0.0000142304   0.0000044521   0.0000381259
       -0.0000229666   0.0000042303  -0.0000288060  -0.0000323149  -0.0000030981
        0.0000171601   0.0000211624   0.0000039598   0.0000033626  -0.0000062897
       -0.0000064710  -0.0000617374   0.0000491251  -0.0000282196   0.0000492603
       -0.0000127902   0.0000383286   0.0000043558  -0.0000005451   0.0000018039
        0.0000025733   0.0000007969   0.0000004116  -0.0000069763   0.0000125955
        0.0000032935   0.0000274223   0.0000094249   0.0000062583  -0.0000056946
       -0.0000078448  -0.0000021671   0.0000056211   0.0000011534  -0.0000005822
        0.0000059887   0.0000003601   0.0000003811   0.0000001072  -0.0000013522
       -0.0000003455
       -0.0000119191   0.0000118383  -0.0000510265  -0.0000021631  -0.0000030793
        0.0000237084   0.0000212238   0.0000267822  -0.0000155833  -0.0000377905
        0.0000328723   0.0000029749   0.0000115556  -0.0000287468  -0.0000098674
        0.0000671434   0.0000197821   0.0000014494  -0.0000487396  -0.0000142977
       -0.0000389587   0.0000069180   0.0000088171   0.0000021879   0.0000001099
        0.0000070927   0.0000253736   0.0000261094  -0.0006357067   0.0002787592
        0.0001557815   0.0011226109   0.0006193896  -0.0014506918   0.0013687343
       -0.0010227586   0.0019459767   0.0114271108   0.0014506855  -0.0065783350
       -0.0263164430  -0.0725166126  -0.0025387413  -0.0117384475   0.5238989312
       -0.0001973700   0.0004232506  -0.0000437979   0.0000163967   0.0000160959
       -0.0000254402  -0.0000085018  -0.0000046336   0.0000163164   0.0000044697
       -0.0000047347   0.0000095551   0.0000141052   0.0000022868   0.0000102349
       -0.0000139430   0.0000069255  -0.0000007354  -0.0000002567  -0.0000053816
        0.0000047972  -0.0000005316  -0.0000051729   0.0000087099   0.0000024779
        0.0000027312   0.0000025231  -0.0000063473  -0.0000068964  -0.0000060812
        0.0000094237   0.0000060100   0.0000064725   0.0000394224  -0.0000153464
        0.0000062627   0.0000070199   0.0000103694   0.0000120992   0.0000122937
       -0.0000001005  -0.0000365245   0.0000200761  -0.0000144948  -0.0000563379
        0.0000055947  -0.0000414227   0.0000048684   0.0002401559   0.0010424057
        0.0008935095   0.0001873046  -0.0001258258   0.0001145626  -0.0093309009
       -0.0295803538  -0.0090860424   0.0038822079   0.0095843591   0.0025796112
       -0.0669207744   0.0682787768  -0.0916188290   0.0004920567  -0.0377221350
       -0.2784275255   0.0800406939   0.0129608589  -0.0769816234  -0.0000254817
       -0.0000160895   0.0000189405  -0.0000003444  -0.0000033575   0.0000100780
        0.0000379612   0.0000641190  -0.0000105441  -0.0000423122  -0.0001015762
        0.0000024728  -0.0000059276  -0.0000178057   0.0000049161  -0.0000357656
        0.0000278563  -0.0000297494   0.0000452908  -0.0000147801   0.0000337938
       -0.0000270280   0.0000079073  -0.0000477016  -0.0000021941   0.0000018492
       -0.0000028636   0.0000688184  -0.0000602998   0.0000562750  -0.0000480929
        0.0000153401  -0.0000531649  -0.0000003592   0.0000046913  -0.0000003383
        0.0000004542  -0.0000034905   0.0000024111   0.0000002515  -0.0000134091
       -0.0000022866  -0.0000259011   0.0000048646  -0.0000228256   0.0000034885
        0.0000068896   0.0000082900  -0.0000030102  -0.0000014661  -0.0000010280
       -0.0000039531   0.0000032308  -0.0000055903   0.0000025947  -0.0000009650
        0.0000036769
        0.0020165857  -0.0006168135   0.0024684402  -0.0026672291  -0.0004331826
       -0.0009161722   0.0004981653   0.0003288188   0.0003157969  -0.0002934293
       -0.0000829792   0.0003351277  -0.0004035358   0.0006079774   0.0001892301
       -0.0009056505  -0.0001284534  -0.0004918973   0.0003148474  -0.0004287066
        0.0008456818   0.0002150947  -0.0001660961  -0.0004292051  -0.0002177347
        0.0016916408   0.0009119547  -0.2847538983   0.2539183852   0.0918759003
        0.0096406302   0.0228773907   0.0071502563   0.0065928704  -0.0088681539
       -0.0035447133  -0.0008591128   0.0026087553  -0.0000752744   0.0010539087
       -0.0003391684   0.0001928948  -0.0003516657   0.0001734260  -0.0001973700
        0.3115752814  -0.3030174246  -0.1121565282   0.0001489324  -0.0005991949
        0.0004521214   0.0000570833   0.0001591741  -0.0006076388   0.0001365538
        0.0003222104  -0.0005061598   0.0002742852  -0.0002075516  -0.0001312341
        0.0000055679  -0.0001194699  -0.0000606049   0.0003448186  -0.0004676797
        0.0000702663  -0.0000583279  -0.0000597544  -0.0000349307   0.0000618041
        0.0000214104   0.0001867492   0.0000032750  -0.0000572907  -0.0002762738
       -0.0000426008   0.0000968648   0.0000336732   0.0035377976   0.0017683858
        0.0018679725   0.0005020441   0.0007850653   0.0003204291  -0.0386909718
        0.0381882625   0.0169352449   0.0017571123   0.0019193212  -0.0010006573
        0.0009117924  -0.0010762185  -0.0006049908   0.0001965829  -0.0002324309
       -0.0001275559  -0.0000171663   0.0002094980  -0.0001484116  -0.0000672598
        0.0000198526  -0.0000193549   0.0001617620  -0.0000598608  -0.0000020288
        0.0000016375   0.0002164427   0.0000074017   0.0000404884  -0.0000142880
        0.0000868207   0.0000376113   0.0000085980   0.0000146664  -0.0001374592
        0.0004046660  -0.0001950880   0.0001094118   0.0002227091  -0.0001349971
       -0.0005187960  -0.0063134127   0.0006400498  -0.0050935303  -0.0002930472
       -0.0002169643  -0.0004679682  -0.0003875048   0.0001970184  -0.0034628470
       -0.0000820764  -0.0016881861   0.0002794113   0.0012117298  -0.0003863544
       -0.0000841751  -0.0011774390   0.0000888308  -0.0001358644   0.0003797766
       -0.0003031055   0.0027736918  -0.0023601785   0.0026860828  -0.0023523982
        0.0005548230  -0.0029040429  -0.0001859484   0.0001410554  -0.0001842808
        0.0001227060  -0.0001948261  -0.0000967125  -0.0014958933  -0.0004917012
       -0.0004403226  -0.0000924600  -0.0006487307  -0.0001730156   0.0000851584
        0.0000934348   0.0001652907  -0.0000317366  -0.0000164678   0.0000085242
       -0.0000481342   0.0000165766  -0.0000260070  -0.0000211182  -0.0000061496
        0.0000336536
       -0.0005590149   0.0009952113  -0.0008300933   0.0008119669   0.0000546917
        0.0000984176  -0.0006619968  -0.0001099648  -0.0005922725   0.0006870854
        0.0001524378  -0.0004908027   0.0000912267  -0.0001967115  -0.0000349928
        0.0000562331  -0.0002771314   0.0002823466   0.0001017829  -0.0005118466
       -0.0000797612  -0.0000822485   0.0001670646   0.0003077062  -0.0000805921
       -0.0009783093  -0.0003364143   0.2617935842  -0.4072550572  -0.1133126802
        0.0355294015  -0.0800599446  -0.0254598362  -0.0118758793   0.0036732292
        0.0053812550   0.0025838308  -0.0063198991  -0.0026900238  -0.0021676844
        0.0003983237  -0.0004309697   0.0006833571  -0.0004174915   0.0004232506
       -0.3030174246   0.4938210590   0.1405506769  -0.0023230982   0.0008747050
        0.0018432097   0.0002482056  -0.0006431350  -0.0003748580  -0.0002344873
       -0.0002308368   0.0003965198  -0.0003927800   0.0003788774   0.0002963028
        0.0001632587   0.0003829118   0.0002680188  -0.0005014431   0.0004323414
       -0.0000545217   0.0002814134   0.0006196442  -0.0002480734  -0.0000828271
        0.0000767683  -0.0001802401   0.0001288894   0.0000652426   0.0002675262
        0.0000815995   0.0001493831   0.0001241020  -0.0008359159  -0.0017350233
        0.0005690458  -0.0004120471  -0.0007293996  -0.0001333042   0.0217052485
        0.0001308993  -0.0060920490   0.0016172510   0.0032126856   0.0006170774
       -0.0010661328   0.0002529625   0.0006937683  -0.0006017392  -0.0005766833
       -0.0000416916   0.0005223512   0.0002320736   0.0002528486   0.0000545228
        0.0000526733   0.0000264667  -0.0001375608   0.0000677738  -0.0000566999
        0.0000626875  -0.0005119918   0.0000386737  -0.0000905388   0.0000667325
       -0.0001448627  -0.0000229498   0.0000999519  -0.0000478154   0.0039494565
       -0.0001695571  -0.0024786203   0.0003829905  -0.0001089877  -0.0002532337
       -0.0119023548  -0.0173038398   0.0034888633   0.0052499304   0.0087375473
       -0.0007740146  -0.0002747711   0.0013710759  -0.0006029655  -0.0001767244
        0.0019968505  -0.0004730661   0.0007277504  -0.0017447289   0.0004812153
       -0.0004282941   0.0014412365  -0.0003201364   0.0004669629   0.0006642304
        0.0007376496  -0.0007610918  -0.0027068488  -0.0019238164   0.0008070812
        0.0011287402   0.0012555626  -0.0000894759   0.0001428023   0.0000120472
        0.0000678676   0.0000845454  -0.0000714661   0.0002353065  -0.0000814578
        0.0003955475  -0.0003481551   0.0007801767  -0.0001074663   0.0000227942
       -0.0000182791  -0.0001075687  -0.0000393907   0.0000155285   0.0000232179
       -0.0000077002  -0.0000191639  -0.0000680564   0.0000602825  -0.0000140881
       -0.0000189426
        0.0007397767   0.0002048441   0.0002074966  -0.0010248741   0.0002183272
        0.0000803649  -0.0001173099   0.0001639131  -0.0000810435  -0.0000627792
        0.0001865741  -0.0001557457   0.0003614536  -0.0000017929   0.0001182448
        0.0007420179   0.0005296766  -0.0007468528  -0.0002473297   0.0000469076
       -0.0019220263  -0.0000181188  -0.0000528386   0.0000487124  -0.0002504547
        0.0002035160  -0.0001167996   0.0945855015  -0.1144325655  -0.0884364467
        0.0070937952  -0.0216939071   0.0103857235  -0.0019494427   0.0025114512
        0.0062331638  -0.0008559234  -0.0007139621  -0.0038739481  -0.0001078701
        0.0008498284   0.0001342919  -0.0000222987   0.0000682208  -0.0000437979
       -0.1121565282   0.1405506769   0.0738643144  -0.0001227561   0.0002958843
        0.0004776078  -0.0001055669  -0.0002025091  -0.0001849076  -0.0000303900
       -0.0000160355  -0.0000819377   0.0000169982  -0.0000440801   0.0000463879
        0.0000279394  -0.0000745877   0.0000224604   0.0000944712  -0.0000641818
        0.0000571305  -0.0000678442  -0.0000456965  -0.0000049805   0.0000153014
        0.0000155656   0.0000363624   0.0000109452  -0.0000800375   0.0000028804
        0.0001003709   0.0000314753  -0.0000111652   0.0011288073   0.0005155281
       -0.0010957450   0.0000866199   0.0000240656  -0.0000300143   0.0149294233
       -0.0102146420   0.0096461763  -0.0007358485   0.0001784701  -0.0013607241
       -0.0001754910   0.0001039931   0.0006990382  -0.0003707432  -0.0008069850
       -0.0000678071   0.0001198747   0.0000587085   0.0000486618   0.0000597175
        0.0000051173   0.0000609495  -0.0000741909  -0.0000038851   0.0000092797
        0.0000425659  -0.0000366878   0.0000342527  -0.0000340293   0.0000298182
       -0.0000060517  -0.0000152636   0.0000054177  -0.0000277091   0.0002747973
       -0.0001477536  -0.0006418965   0.0000638328   0.0000272546  -0.0000611593
       -0.0001670014   0.0003304355   0.0040162348   0.0005282769   0.0018692018
       -0.0059147892   0.0001627384  -0.0002625955  -0.0007036641  -0.0022850769
        0.0000786585   0.0000249838   0.0006045013   0.0001879613  -0.0001009487
       -0.0002861122  -0.0001430838   0.0001604000   0.0000905591   0.0002674482
        0.0008823266   0.0007378079  -0.0011894506  -0.0006363018  -0.0003110591
        0.0003770047   0.0000673300  -0.0000722172  -0.0000862770  -0.0000360823
       -0.0003111332   0.0000897370   0.0000554921  -0.0004649581   0.0002845658
       -0.0010528856  -0.0002093313   0.0000114683   0.0000636299   0.0000785596
        0.0000118838  -0.0000646575  -0.0000420765   0.0000254573   0.0000175287
       -0.0000181461  -0.0000105199  -0.0000272780   0.0000155122  -0.0000349818
       -0.0000140600
        0.0024294310  -0.0012117857   0.0006202605  -0.0024125656  -0.0006107759
       -0.0005060993   0.0004229128   0.0004180524   0.0001998812  -0.0002259107
        0.0001463402  -0.0000013084   0.0002185671  -0.0000451251   0.0000403087
        0.0001089267   0.0000158280  -0.0000679286   0.0005038316   0.0004052349
       -0.0000672030   0.0000055158  -0.0000367675  -0.0000037968  -0.0000302135
        0.0000565354   0.0000198867  -0.0008357633   0.0018560159   0.0004132543
        0.0001921807  -0.0008131307  -0.0002904907  -0.0002736304   0.0005754637
        0.0002900022   0.0000386969  -0.0003073486  -0.0001025133  -0.0001150147
        0.0000149697  -0.0000121441   0.0000284777  -0.0000173224   0.0000163967
        0.0001489324  -0.0023230982  -0.0001227561   0.5244665260   0.1534346281
       -0.0278417093  -0.0021698037   0.0007570029  -0.0005121606  -0.0000112787
       -0.0000567804  -0.0003688750   0.0000793926  -0.0001246472  -0.0000260421
        0.0000197200  -0.0000628124  -0.0000140907   0.0001127252  -0.0000158513
        0.0000316255  -0.0006999445  -0.0006871479  -0.0003104478   0.0000075719
        0.0000134507   0.0000138524  -0.0000138348  -0.0000440033  -0.0000332813
        0.0000105113  -0.0000119274  -0.0000050458   0.0000730177   0.0001070769
       -0.0000269836   0.0000795463   0.0001098678   0.0000342950   0.0000518381
       -0.0000123046   0.0000141219   0.0000414508   0.0000119708  -0.0000119043
       -0.0000199554  -0.0000170747  -0.0000369149  -0.0000387730  -0.0000189566
       -0.0000036148   0.0000393464   0.0000238048  -0.0000004182   0.0000071532
        0.0000043893   0.0000115881   0.0000220363   0.0000026421  -0.0000131289
        0.0000096152  -0.0000289016   0.0000089284  -0.0000055732   0.0000099355
       -0.0000015469   0.0000130223   0.0000171328  -0.0000046431  -0.2440054446
        0.0056430873   0.1904586356  -0.2660408918  -0.1579916741  -0.1721506186
       -0.0114467158  -0.0008618422   0.0091914916  -0.0004279364   0.0024227600
        0.0003348642  -0.0003630014  -0.0006046149   0.0008833591  -0.0001301102
       -0.0001269233  -0.0000212444   0.0002005125   0.0001766335   0.0000099210
       -0.0000860433  -0.0001499758   0.0000102885  -0.0000493286  -0.0001459527
       -0.0000634128   0.0002611718   0.0001981005   0.0002539870  -0.0002338490
       -0.0001146535  -0.0001888725   0.0000580451  -0.0000241293  -0.0000008987
       -0.0000002963  -0.0000044579   0.0000275655   0.0000421534   0.0001125604
       -0.0000738831  -0.0000758198  -0.0000755434  -0.0000201319   0.0000360151
        0.0000160156   0.0000106300  -0.0000091438   0.0000036433   0.0000090613
       -0.0000113220  -0.0000001963  -0.0000084424   0.0000033206  -0.0000074174
        0.0000083466
       -0.0042204779  -0.0036477974  -0.0057569695   0.0054763326   0.0000673941
        0.0013327778  -0.0014189060  -0.0007136757  -0.0004987805   0.0004815301
       -0.0000192533   0.0000267029  -0.0000566959   0.0000372058  -0.0000768419
        0.0005704382   0.0000742940   0.0001511224  -0.0013070350   0.0001327054
       -0.0004428362  -0.0000288207   0.0000092197   0.0001025045  -0.0002064399
       -0.0001501338  -0.0000710337   0.0013743568  -0.0001189069  -0.0004194570
       -0.0000984889  -0.0001566555  -0.0000106140   0.0000941250   0.0002855167
        0.0000642272   0.0000280783  -0.0001363179  -0.0000342499  -0.0000466949
        0.0000484266  -0.0000449628   0.0000322008  -0.0000067188   0.0000160959
       -0.0005991949   0.0008747050   0.0002958843   0.1534346281   0.1240003599
        0.1327774136  -0.0000161691  -0.0035753890   0.0027574913  -0.0003995888
       -0.0009436046   0.0003441668   0.0000338882   0.0000073768   0.0000011517
       -0.0001238806  -0.0001086668  -0.0000228855  -0.0002662636   0.0001071313
        0.0000090112  -0.0002292479  -0.0007427723   0.0000288420  -0.0000655450
        0.0000031499  -0.0000321493  -0.0000241714  -0.0000253729  -0.0000136505
        0.0000214037   0.0000586796  -0.0000216655   0.0001529997  -0.0000398551
       -0.0000266124   0.0000373517  -0.0000732791  -0.0000059118  -0.0002442635
        0.0001974308  -0.0000535982  -0.0001305859  -0.0000913913  -0.0000029296
       -0.0000744252   0.0001045697   0.0000022112  -0.0000048260   0.0000294810
        0.0000067821  -0.0000359849  -0.0000229571   0.0000130179   0.0000144932
        0.0000096829   0.0000120614  -0.0000271889   0.0000273108   0.0000071241
        0.0000191537  -0.0000320583   0.0000072962   0.0000028909   0.0000132201
       -0.0000039608  -0.0000176861  -0.0000001862   0.0000007941  -0.0087144377
       -0.0197936400  -0.0128595893  -0.1435725895  -0.0988187381  -0.1167581583
        0.0009278489   0.0042620695  -0.0007543686   0.0006660536  -0.0008701931
       -0.0002276490  -0.0013738112  -0.0004072586   0.0000940039  -0.0003001904
        0.0004144406   0.0000587071   0.0004688023   0.0000674073   0.0001350511
       -0.0001803363  -0.0000712295  -0.0000173722   0.0000103933   0.0001368613
        0.0001361270   0.0004228942  -0.0007546825  -0.0000530784  -0.0002542968
        0.0003044143  -0.0000845797  -0.0000366541   0.0000442198  -0.0000192744
       -0.0000025740  -0.0000049605   0.0000119015   0.0000178642  -0.0000798862
       -0.0000182652  -0.0002237754   0.0000756474  -0.0000382936   0.0000566593
        0.0000279919  -0.0000196870  -0.0000344208   0.0000045460   0.0000213908
       -0.0000258175  -0.0000131166  -0.0000251019   0.0000170982  -0.0000067609
        0.0000006663
       -0.0013414296  -0.0038175304   0.0008386168   0.0015821069   0.0000275207
       -0.0001245616  -0.0003877359  -0.0002556255  -0.0001008277   0.0001098333
        0.0000125934   0.0000907670   0.0000049966  -0.0000101816  -0.0000577102
        0.0002572650  -0.0001797188   0.0000733478  -0.0005557564   0.0002363463
        0.0006082233  -0.0000497935  -0.0000200843   0.0000454924  -0.0001118140
       -0.0001104638  -0.0001505923  -0.0001485841  -0.0015378690  -0.0005271557
        0.0000082223   0.0007471315   0.0002951785   0.0001942900  -0.0004003547
       -0.0002400476  -0.0000390358   0.0001938429   0.0000539033   0.0000785364
       -0.0000207552  -0.0000249892  -0.0000184185   0.0000103342  -0.0000254402
        0.0004521214   0.0018432097   0.0004776078  -0.0278417093   0.1327774136
        0.3350928431  -0.0000088781   0.0017332793  -0.0019181406  -0.0002561797
       -0.0000075979  -0.0003428168   0.0000546940  -0.0000714980  -0.0000849463
       -0.0000372621  -0.0000770792  -0.0000299716  -0.0000574166   0.0000652529
       -0.0000359189   0.0001078727  -0.0001123380  -0.0005567711   0.0000050963
       -0.0000135653  -0.0000211968  -0.0000210598  -0.0000049408  -0.0000031592
        0.0000044136   0.0000081737  -0.0000021589  -0.0001050523  -0.0000567439
       -0.0001211818  -0.0000008174  -0.0000664554  -0.0000547644   0.0000733658
       -0.0001365952  -0.0000991102   0.0000279173   0.0000770018  -0.0000519405
        0.0000081938  -0.0000168707  -0.0000538553   0.0000308807   0.0000573627
        0.0000319389  -0.0000104750   0.0000084636  -0.0000189059  -0.0000053759
       -0.0000084869   0.0000311731  -0.0000008740  -0.0000098419  -0.0000072079
        0.0000012274   0.0000127286  -0.0000036625   0.0000073803   0.0000121326
        0.0000193094   0.0000015659  -0.0000010207  -0.0000054179   0.1559158611
       -0.0231615924  -0.1827544505  -0.1391773666  -0.1065261487  -0.1454060030
        0.0108651258   0.0005526047  -0.0026928963  -0.0005182689  -0.0018780221
       -0.0010165187   0.0009351517  -0.0000266097  -0.0013655425  -0.0000163280
        0.0001360775   0.0001955112   0.0001034844   0.0001237519  -0.0000039211
       -0.0000249166  -0.0000911009   0.0000541129  -0.0000009157   0.0001721693
        0.0001520997  -0.0000982996  -0.0002180767  -0.0004677233   0.0000963088
        0.0000684968   0.0003422738   0.0000014980  -0.0000057939  -0.0000232036
       -0.0000349153  -0.0000013287   0.0000105518  -0.0000366100  -0.0000651007
       -0.0000248524  -0.0000337113   0.0000306930   0.0000513026   0.0000207372
        0.0000028573  -0.0000353612  -0.0000102374   0.0000066833   0.0000017630
       -0.0000011069  -0.0000043069  -0.0000011158   0.0000021974  -0.0000024235
       -0.0000119764
       -0.0686391315  -0.0750907708  -0.0138360346  -0.0094552075  -0.0290039245
       -0.0053086498  -0.0059231343  -0.0012372856  -0.0012292794   0.0000731086
       -0.0013146290  -0.0009517566   0.0001594072   0.0003516259   0.0001395856
       -0.0003292787  -0.0000514701  -0.0002283398   0.0014483678  -0.0018403651
       -0.0004905993   0.0000288043   0.0000684744   0.0000532671   0.0000335163
       -0.0000086592   0.0000230146  -0.0002334413  -0.0004398684   0.0000493805
        0.0000423114   0.0002492695   0.0000522591   0.0000720429  -0.0001915576
       -0.0000963468  -0.0000030487   0.0001029975   0.0000420084   0.0000469924
       -0.0000087121   0.0000125054  -0.0000063370   0.0000085205  -0.0000085018
        0.0000570833   0.0002482056  -0.0001055669  -0.0021698037  -0.0000161691
       -0.0000088781   0.0815697242   0.0854910548   0.0168156808   0.0050520308
        0.0209500343   0.0040084122  -0.0001636934   0.0002468775   0.0001740679
       -0.0003729826  -0.0000366333   0.0000098438   0.0001164126   0.0000050554
        0.0000254556  -0.0009716795   0.0013527435   0.0002604290   0.0000054671
        0.0000016414   0.0000030012   0.0000563247   0.0000440192   0.0000320026
        0.0000002563   0.0000051464  -0.0000162702  -0.0000403834  -0.0000286732
        0.0000222490  -0.0000294392  -0.0000219986  -0.0000030263   0.0000770060
       -0.0001266303   0.0000901881   0.0000345021   0.0000421617  -0.0000006449
       -0.0000142612  -0.0000299228   0.0000216658   0.0000090091   0.0000265888
        0.0000041887   0.0000010716   0.0000059670  -0.0000029215  -0.0000019673
        0.0000001221  -0.0000078267  -0.0000094055  -0.0000071846   0.0000067952
       -0.0000024551   0.0000136915  -0.0000009163  -0.0000003447  -0.0000020192
        0.0000016491   0.0000014078  -0.0000023829   0.0000007042   0.0003377680
        0.0011857498   0.0012549882  -0.0005369999  -0.0008591020  -0.0008351352
       -0.0001334561  -0.0002419875  -0.0004857269  -0.0001946796  -0.0000328202
        0.0003361531  -0.0000462278   0.0001377288   0.0001987370   0.0000789615
       -0.0000024263  -0.0000314336  -0.0000872791  -0.0000985037  -0.0000144552
        0.0000412745   0.0000931391  -0.0000061671   0.0000104722   0.0000106947
       -0.0000243517  -0.0001175672   0.0000238708   0.0000039723   0.0000886249
        0.0000052826   0.0000120500  -0.0000111508   0.0000104346   0.0000076285
        0.0000213140   0.0000022982  -0.0000123959  -0.0000137137  -0.0000048384
        0.0000362297   0.0000433238   0.0000195107   0.0000059239  -0.0000188094
       -0.0000103783   0.0000017008   0.0000095634  -0.0000008637  -0.0000035123
        0.0000090278   0.0000017342   0.0000052371   0.0000007014   0.0000051362
       -0.0000022372
       -0.0737173454  -0.3540518031  -0.0757274731  -0.0126491612  -0.0068223774
       -0.0014056710   0.0008020534   0.0016680920   0.0004045707  -0.0000576845
       -0.0000357611  -0.0008751025   0.0001008057   0.0005603200   0.0002226050
       -0.0008549683  -0.0006297878  -0.0008120389   0.0038500594   0.0007510386
        0.0007296039  -0.0000488366  -0.0000559804   0.0000547516   0.0001767564
        0.0001095395   0.0001028519  -0.0005877528   0.0002871717   0.0002402140
        0.0000760738   0.0000255354  -0.0000490707  -0.0000170418  -0.0002015688
       -0.0000507435   0.0000129121   0.0001325063   0.0000285464   0.0000222326
        0.0000004965   0.0000227095  -0.0000099355   0.0000065694  -0.0000046336
        0.0001591741  -0.0006431350  -0.0002025091   0.0007570029  -0.0035753890
        0.0017332793   0.0854910548   0.3740903555   0.0751339061  -0.0035493031
       -0.0153720686  -0.0007046268  -0.0001599190   0.0005535352   0.0002461927
       -0.0000271875   0.0001184133   0.0000907489   0.0002550660  -0.0000652324
        0.0000064012   0.0001834628  -0.0001566973   0.0005065257   0.0000474262
       -0.0000026860   0.0000307529   0.0000510791   0.0000471914   0.0000370582
       -0.0000187557  -0.0000205110  -0.0000007924  -0.0000463182   0.0000196601
        0.0000464868  -0.0000307961   0.0000427353   0.0000120238  -0.0000541115
       -0.0000936220   0.0002340647   0.0000548131   0.0000605756   0.0000299526
        0.0000139113  -0.0000821361  -0.0000382848   0.0000213887   0.0000126835
        0.0000104736   0.0000114869  -0.0000034541   0.0000146327  -0.0000095949
       -0.0000112785  -0.0000107437  -0.0000035826  -0.0000084005  -0.0000046074
       -0.0000103839   0.0000107325   0.0000006671   0.0000007753  -0.0000033004
       -0.0000012642   0.0000049892  -0.0000035309   0.0000038478   0.0024307506
        0.0015223434  -0.0010519627  -0.0017110885   0.0017545695   0.0003082664
       -0.0013949724  -0.0004968175   0.0008582309   0.0001892607   0.0005609345
        0.0000184903   0.0002389013   0.0001209226  -0.0000639070   0.0001763845
       -0.0002544913  -0.0000796957  -0.0003451480  -0.0001420652  -0.0000807159
        0.0001172576   0.0001229350  -0.0000062005  -0.0000026549  -0.0000984903
       -0.0000983989  -0.0002543356   0.0004538499   0.0000876816   0.0001568289
       -0.0001700881   0.0000028816   0.0000099834  -0.0000184142   0.0000148729
        0.0000146943   0.0000055457  -0.0000091752  -0.0000068603   0.0000384914
        0.0000136948   0.0001457415  -0.0000427135   0.0000154368  -0.0000368804
       -0.0000217483   0.0000142809   0.0000226577  -0.0000050420  -0.0000132549
        0.0000182827   0.0000071985   0.0000142533  -0.0000086479   0.0000046481
       -0.0000000839
       -0.0026858854  -0.0518226880  -0.0222721924  -0.0130434457  -0.0102487751
       -0.0068093701  -0.0006725670   0.0010027670   0.0024495272  -0.0012810263
       -0.0008023751   0.0006506896   0.0003377674  -0.0002263810   0.0001881531
       -0.0002829859  -0.0002427108  -0.0001723554   0.0023453555  -0.0002133212
       -0.0011157715   0.0000131429   0.0000380648  -0.0002049293   0.0003073963
        0.0001756446   0.0001259052   0.0010142999   0.0005538191   0.0001657910
       -0.0001345375  -0.0004300006  -0.0001953254  -0.0000151645   0.0003080999
        0.0001755861  -0.0000075789  -0.0001461083  -0.0000355685  -0.0000213701
        0.0000070470   0.0000235653   0.0000083445  -0.0000060353   0.0000163164
       -0.0006076388  -0.0003748580  -0.0001849076  -0.0005121606   0.0027574913
       -0.0019181406   0.0168156808   0.0751339061   0.0338406837  -0.0024992633
       -0.0146495912  -0.0049619775  -0.0000491225   0.0001796020   0.0002448938
       -0.0001070996   0.0000888537  -0.0002003488   0.0001771956  -0.0000769855
        0.0000500075   0.0001883038   0.0000586250  -0.0000261671   0.0000069463
        0.0000279999   0.0000255693   0.0000388387  -0.0000053284   0.0000096077
       -0.0000036041  -0.0000150820   0.0000144686   0.0000935294   0.0000091208
        0.0001299121  -0.0000399365   0.0000458539   0.0000354976  -0.0001456963
        0.0001623252  -0.0000566017  -0.0000988335  -0.0001114653   0.0000616264
       -0.0000157757   0.0000859047   0.0000685617  -0.0000176167  -0.0000742386
       -0.0000304855  -0.0000157211  -0.0000289535   0.0000187682   0.0000009612
        0.0000099692  -0.0000372270  -0.0000172299   0.0000168535   0.0000157275
       -0.0000065018   0.0000006830  -0.0000051769  -0.0000018155  -0.0000159677
       -0.0000176054  -0.0000055446  -0.0000079396   0.0000039340   0.0023023364
       -0.0011929441  -0.0008503158  -0.0007297707  -0.0001917456   0.0005395950
       -0.0012201869   0.0001116331   0.0005980533   0.0005708273   0.0001858874
       -0.0000555210   0.0000283179   0.0000837504  -0.0000323327   0.0000921237
       -0.0001612844  -0.0001752231  -0.0003036837  -0.0002391692  -0.0000731161
        0.0000975301   0.0002042219  -0.0000468166   0.0000149211  -0.0001076685
       -0.0001116649  -0.0000942487   0.0002697598   0.0003025900   0.0000554771
       -0.0000955510  -0.0001951821  -0.0000138765   0.0000039795   0.0000136337
        0.0000170906  -0.0000021879  -0.0000163941   0.0000151430   0.0000000806
        0.0000263065   0.0001205791  -0.0000203542  -0.0000265200  -0.0000402964
       -0.0000174864   0.0000353953   0.0000222531  -0.0000093090  -0.0000133368
        0.0000134166   0.0000076867   0.0000072823  -0.0000075932   0.0000068749
        0.0000029259
       -0.2089703603   0.1311381585   0.1156633175  -0.0277364207   0.0175113757
        0.0148533535   0.0020820899   0.0020847353   0.0006349852  -0.0005999283
        0.0005951461  -0.0005281724   0.0004997825  -0.0003278294  -0.0000384704
       -0.0007166907   0.0016146285  -0.0007891859  -0.0056988713  -0.0020996295
       -0.0006720439   0.0000190316  -0.0001163650   0.0001538794  -0.0000045264
        0.0000270935  -0.0000148430  -0.0000463082   0.0003187875  -0.0000012375
        0.0000470607  -0.0001299981  -0.0000633795  -0.0001973053   0.0000931727
        0.0000642341   0.0000333591  -0.0000491934  -0.0000248686  -0.0000153752
       -0.0000022896   0.0000170186   0.0000017406   0.0000037797   0.0000044697
        0.0001365538  -0.0002344873  -0.0000303900  -0.0000112787  -0.0003995888
       -0.0002561797   0.0050520308  -0.0035493031  -0.0024992633   0.2361223458
       -0.1442665781  -0.1264305671   0.0000380187  -0.0013074110  -0.0000425246
        0.0001869124   0.0000286542   0.0000104021  -0.0004027558  -0.0001056552
       -0.0000569386   0.0001059568  -0.0005581207   0.0000765179   0.0000696600
       -0.0000050836   0.0000157220   0.0000012789  -0.0000102483  -0.0000008650
       -0.0000054273   0.0000095452  -0.0000018288  -0.0000005873   0.0000221862
       -0.0000282286   0.0000113475   0.0000109322   0.0000063138  -0.0000929366
        0.0000669286   0.0000655303   0.0000508267  -0.0000163941  -0.0000155856
       -0.0000001391  -0.0000759373   0.0001293164  -0.0000367057  -0.0000428116
       -0.0000180759   0.0000299180   0.0000349515  -0.0000213828   0.0000020911
        0.0000082170  -0.0000109093   0.0000328837  -0.0000191221   0.0000104327
        0.0000040766   0.0000100593  -0.0000035336  -0.0000026839  -0.0000090107
       -0.0000044721   0.0000030072   0.0000072545  -0.0000008754  -0.0000082002
       -0.0000810702  -0.0000461282  -0.0000183080  -0.0001281180  -0.0000832728
       -0.0000157132  -0.0000067046   0.0000486111   0.0000443938   0.0000495696
       -0.0000581413   0.0000081674  -0.0000257972  -0.0000148372  -0.0000389386
       -0.0000171547   0.0000228648   0.0000102758   0.0000313671   0.0000034458
        0.0000009430  -0.0000256644  -0.0000045802  -0.0000097778  -0.0000066020
        0.0000107249   0.0000504222   0.0000035505  -0.0000044265  -0.0000131152
       -0.0000214923  -0.0000016722   0.0000030924  -0.0000120506  -0.0000055684
       -0.0000057808  -0.0000052005   0.0000006208  -0.0000051553   0.0000007065
       -0.0000221723   0.0000020830  -0.0000144095  -0.0000050407  -0.0000056925
       -0.0000040962   0.0000075176   0.0000052281   0.0000000018  -0.0000005962
        0.0000028198   0.0000025182  -0.0000002128   0.0000015844   0.0000000970
        0.0000011918
        0.1191003568  -0.1433087634  -0.1070398583   0.0079790456   0.0017177500
        0.0056815469  -0.0028622922  -0.0000531417  -0.0002234481   0.0004960294
       -0.0004433298   0.0001276574  -0.0002715001  -0.0000030982  -0.0000805223
        0.0006173075   0.0002711411  -0.0001922726  -0.0012305337   0.0018192489
       -0.0003068907   0.0000326071   0.0000103265   0.0000281111  -0.0001514724
       -0.0000800055  -0.0000520001  -0.0005356932   0.0002317254   0.0000493612
        0.0000860992  -0.0000481620  -0.0000010658  -0.0001892004   0.0000178405
        0.0000298963   0.0000006980  -0.0000315131  -0.0000045947  -0.0000353194
       -0.0000248261   0.0000246374   0.0000005895  -0.0000050271  -0.0000047347
        0.0003222104  -0.0002308368  -0.0000160355  -0.0000567804  -0.0009436046
       -0.0000075979   0.0209500343  -0.0153720686  -0.0146495912  -0.1442665781
        0.1566853086   0.1172481709   0.0001844101  -0.0004154969  -0.0002654637
       -0.0000766059  -0.0000355325  -0.0000433521   0.0000749984  -0.0000164708
        0.0000549924  -0.0001881018   0.0003235349  -0.0000845346  -0.0000160200
       -0.0000367615  -0.0000165842  -0.0000183932   0.0000062730  -0.0000111613
        0.0000059069   0.0000009776  -0.0000006023  -0.0000539306   0.0000044731
       -0.0000510981   0.0000171046  -0.0000148299  -0.0000134184   0.0001558340
       -0.0000225364   0.0000367974   0.0000795251   0.0000196546  -0.0000314663
        0.0000136686  -0.0000024817   0.0000577972  -0.0000404818  -0.0000001901
       -0.0000078870   0.0000484789   0.0000276311  -0.0000283862   0.0000078806
        0.0000011173  -0.0000073932   0.0000401319  -0.0000217191   0.0000094742
       -0.0000016720   0.0000028391   0.0000033931  -0.0000083642  -0.0000028260
       -0.0000021244   0.0000195818   0.0000130137  -0.0000076235  -0.0001406363
        0.0001220189   0.0000213808  -0.0000914471  -0.0002187694  -0.0003302201
        0.0000639499  -0.0001045281  -0.0000526360  -0.0000878681   0.0000858874
        0.0000297750  -0.0000011542   0.0000071836   0.0000157285  -0.0000120893
        0.0000461855   0.0000654838   0.0000955425   0.0001490028   0.0000222360
       -0.0000278896  -0.0001249434   0.0000239822  -0.0000044403   0.0000278475
        0.0000288419   0.0000156021  -0.0000659199  -0.0000940375  -0.0000149983
        0.0000264246   0.0000696327   0.0000070126  -0.0000019341  -0.0000021392
       -0.0000040620   0.0000044151   0.0000054109  -0.0000028414   0.0000095793
       -0.0000064359  -0.0000299812  -0.0000066376   0.0000156971   0.0000203872
        0.0000078483  -0.0000147285  -0.0000085975   0.0000037512   0.0000047889
       -0.0000067868  -0.0000028780  -0.0000041744   0.0000007377  -0.0000041672
       -0.0000007146
        0.1379271101  -0.1238246911  -0.1010578361  -0.0124002007   0.0067423725
       -0.0003221122  -0.0006351940   0.0009680012  -0.0003565850   0.0005012187
       -0.0003893839   0.0001867185  -0.0000245019   0.0007523569   0.0004610783
       -0.0016990276  -0.0002588023   0.0009099662  -0.0013770670  -0.0015295395
        0.0009439478   0.0000739121   0.0000809636  -0.0002661209   0.0002651283
        0.0001388881   0.0001029271   0.0006980915  -0.0003864544   0.0000523143
       -0.0001078574   0.0000447151  -0.0000407453   0.0003594506   0.0000775349
       -0.0000284004  -0.0000750531  -0.0000152510   0.0000290704   0.0000691941
        0.0000150218  -0.0000074903  -0.0000084761   0.0000038087   0.0000095551
       -0.0005061598   0.0003965198  -0.0000819377  -0.0003688750   0.0003441668
       -0.0003428168   0.0040084122  -0.0007046268  -0.0049619775  -0.1264305671
        0.1172481709   0.1050285303   0.0001782439   0.0004136719  -0.0003304586
       -0.0000194517   0.0000443040   0.0000297190  -0.0001867433   0.0000764660
       -0.0002014182  -0.0000932539   0.0002771172   0.0001447721  -0.0000076492
        0.0000478212   0.0000140323   0.0000163039  -0.0000054901   0.0000132993
        0.0000060190  -0.0000134101   0.0000188059   0.0000593540  -0.0000260596
        0.0001000037  -0.0000427472   0.0000194645   0.0000198601  -0.0000048271
       -0.0001744272  -0.0000803777  -0.0001260563  -0.0000113624   0.0000629398
        0.0000520425   0.0001637640  -0.0000489739   0.0000233217  -0.0000321116
        0.0000053619  -0.0000670776  -0.0000606027   0.0000248378  -0.0000064803
        0.0000061201  -0.0000321555  -0.0000579403   0.0000463788   0.0000184860
       -0.0000073910   0.0000069272  -0.0000074990   0.0000032869  -0.0000130257
       -0.0000070190  -0.0000198979  -0.0000246795   0.0000060414   0.0001902812
       -0.0000695846   0.0002195042  -0.0000363763  -0.0002984610  -0.0000624431
       -0.0001264018   0.0000371625  -0.0001997338   0.0000478319  -0.0001103709
        0.0001628880  -0.0000383525   0.0000746600   0.0000840834   0.0000708256
       -0.0001139671  -0.0001236266  -0.0002260988  -0.0002192452  -0.0000560259
        0.0000822059   0.0001992143  -0.0000407909   0.0000057139  -0.0000401634
       -0.0000610601  -0.0000822037   0.0001522022   0.0001392840   0.0000610678
       -0.0000422072  -0.0001006008  -0.0000160892   0.0000129964   0.0000044354
        0.0000201285  -0.0000027836  -0.0000127610   0.0000032449  -0.0000194148
        0.0000343756   0.0000878080   0.0000056108  -0.0000202560  -0.0000339301
       -0.0000154917   0.0000264693   0.0000161167  -0.0000064754  -0.0000096724
        0.0000106630   0.0000057243   0.0000056326  -0.0000050290   0.0000059570
        0.0000019549
        0.0022304322  -0.0010282989   0.0001810398   0.0030720368  -0.0033914662
       -0.0013683968  -0.1546181959   0.1200126396   0.0306217114  -0.0238933074
        0.0221792634   0.0052877285  -0.0050666684  -0.0020402748  -0.0013360536
        0.0001594957  -0.0006037512  -0.0001658728   0.0003817502  -0.0014725012
       -0.0010122178  -0.0010736067   0.0011993053   0.0002409184  -0.0001426252
       -0.0000157417  -0.0000973077  -0.0001555617   0.0006272193  -0.0000190057
       -0.0000117377  -0.0004071117  -0.0000758810  -0.0002818462   0.0004304238
        0.0002446598   0.0000160664  -0.0001648783  -0.0000069197  -0.0000318634
        0.0000082495   0.0000088229  -0.0000127342   0.0000071817   0.0000141052
        0.0002742852  -0.0003927800   0.0000169982   0.0000793926   0.0000338882
        0.0000546940  -0.0001636934  -0.0001599190  -0.0000491225   0.0000380187
        0.0001844101   0.0001782439   0.1781157305  -0.1351011912  -0.0330851344
        0.0008582421   0.0005674650   0.0004480098  -0.0000282791  -0.0000692437
        0.0001285902   0.0001905050  -0.0003198528  -0.0000456488  -0.0003561301
       -0.0000749814   0.0000087213   0.0001440288   0.0000696494   0.0000436206
        0.0000234812   0.0000646993  -0.0000590404  -0.0000218364   0.0000090843
       -0.0000979441   0.0000679713  -0.0000254575  -0.0000190998   0.0000350814
        0.0000460171   0.0000085140   0.0000695727  -0.0000170235  -0.0000389890
        0.0002467609   0.0000435456   0.0000814391  -0.0002123637  -0.0002814022
        0.0000268234   0.0000573030   0.0000433709  -0.0001081179  -0.0000194111
        0.0000262192  -0.0000482790   0.0000916767  -0.0000077091   0.0000149733
       -0.0000027844   0.0000119104  -0.0000112724  -0.0000059759  -0.0000369978
       -0.0000177233   0.0000084759   0.0000081697  -0.0000078006  -0.0000486153
       -0.0000046896  -0.0000330102  -0.0000081020   0.0000084595  -0.0000038811
        0.0000270936   0.0000111779   0.0000715817  -0.0000090668   0.0000332521
       -0.0000586462  -0.0000056585  -0.0000275597  -0.0000342877  -0.0001167098
        0.0000625714   0.0000765098   0.0002218110   0.0002536293  -0.0000055313
       -0.0000877133  -0.0001927115   0.0000335900  -0.0000014221   0.0000510351
        0.0000562924   0.0001306612  -0.0002141922  -0.0001353088  -0.0000978823
        0.0000779048   0.0000812812   0.0000103999  -0.0000015731  -0.0000064373
       -0.0000084295   0.0000010733   0.0000115163  -0.0000081414   0.0000074930
       -0.0000232011  -0.0000796228  -0.0000381397   0.0000449002   0.0000435810
        0.0000127202  -0.0000166656  -0.0000178361   0.0000087621   0.0000131511
       -0.0000126042  -0.0000021475  -0.0000130781   0.0000065712  -0.0000091951
        0.0000014380
        0.0012659832   0.0013683078   0.0008909688   0.0197540648  -0.0234677009
       -0.0065008603   0.1201988704  -0.1733518667  -0.0384689784  -0.0007156079
        0.0020332191   0.0007910609  -0.0010045229   0.0020748461  -0.0022568356
       -0.0009031708   0.0001646386  -0.0000123038  -0.0020825980  -0.0040597727
       -0.0040645157  -0.0001829101   0.0000048352  -0.0001251514   0.0000720801
       -0.0000063853   0.0000618667   0.0000802325  -0.0006420020   0.0000261452
       -0.0000082573   0.0002886524   0.0000719169   0.0003127480  -0.0002050849
       -0.0000110544  -0.0000478937   0.0001237409   0.0001375827   0.0000464957
       -0.0000418019   0.0000054092  -0.0000003957  -0.0000138983   0.0000022868
       -0.0002075516   0.0003788774  -0.0000440801  -0.0001246472   0.0000073768
       -0.0000714980   0.0002468775   0.0005535352   0.0001796020  -0.0013074110
       -0.0004154969   0.0004136719  -0.1351011912   0.1956249379   0.0470600716
       -0.0008676416   0.0007992374   0.0012443549  -0.0000944902  -0.0000582344
        0.0005809568   0.0010406911  -0.0012357777  -0.0000125344  -0.0001003408
        0.0000031312  -0.0000021072   0.0000256624   0.0000606504   0.0000361932
        0.0000040626   0.0000004547  -0.0000153622  -0.0000142525  -0.0000308938
        0.0000542645  -0.0000324311  -0.0000236133  -0.0000037612   0.0000525766
       -0.0000930790  -0.0000221664  -0.0000581555   0.0000243628   0.0000231355
       -0.0000949646   0.0000981868  -0.0000440181  -0.0000260657   0.0000882053
        0.0000622931  -0.0000480378  -0.0000547399  -0.0000396575   0.0000137379
        0.0000054818  -0.0000081619  -0.0000149520   0.0000176893   0.0000220869
        0.0000028341  -0.0000021139  -0.0000049511  -0.0000043584  -0.0000143668
       -0.0000005733  -0.0000111305  -0.0000068341  -0.0000055898   0.0000711554
        0.0000488447   0.0001263846  -0.0000424431  -0.0000730935  -0.0000403560
        0.0000088893  -0.0000500570  -0.0002267066  -0.0000377096  -0.0000486627
        0.0001407996  -0.0000303323   0.0000703248   0.0000820364   0.0001003758
       -0.0000344157  -0.0000329264  -0.0001710495  -0.0001759509  -0.0000141784
        0.0000440481   0.0001530553  -0.0000140795   0.0000153329  -0.0000033736
       -0.0000315101  -0.0001527309   0.0001062749   0.0000176451   0.0001038693
       -0.0000058821   0.0000093358  -0.0000151180   0.0000059340   0.0000096599
        0.0000143711   0.0000050398  -0.0000150134  -0.0000058237  -0.0000108395
        0.0000378733   0.0000484557   0.0000269609   0.0000082045  -0.0000274805
       -0.0000128288  -0.0000037607   0.0000083103  -0.0000046842  -0.0000073496
        0.0000079585  -0.0000011964   0.0000073220  -0.0000040178   0.0000078457
       -0.0000030873
       -0.0002589870   0.0011117795  -0.0016421210   0.0076707791  -0.0071662843
       -0.0005860868   0.0304189043  -0.0395378638  -0.0417046086  -0.0019599034
        0.0028721517   0.0002457566  -0.0014426512  -0.0018598756   0.0072478024
       -0.0006544078  -0.0000415672  -0.0001680406  -0.0013549214  -0.0039444715
        0.0054658752  -0.0001583585   0.0000939232   0.0004080972  -0.0000962905
       -0.0000438283   0.0000451725   0.0000538869  -0.0003549597  -0.0000340240
       -0.0000949982   0.0001576693   0.0001004182   0.0003028198  -0.0000211404
       -0.0002598148   0.0000008251   0.0000498393  -0.0000052404   0.0000355040
        0.0000303762  -0.0000424128  -0.0000071170  -0.0000032288   0.0000102349
       -0.0001312341   0.0002963028   0.0000463879  -0.0000260421   0.0000011517
       -0.0000849463   0.0001740679   0.0002461927   0.0002448938  -0.0000425246
       -0.0002654637  -0.0003304586  -0.0330851344   0.0470600716   0.0361954586
        0.0000147722   0.0012898650  -0.0025429178   0.0001394092   0.0004253148
       -0.0015023126   0.0004686277  -0.0003802210  -0.0005640610   0.0000532678
        0.0000174101  -0.0000391409   0.0000577720   0.0000091510  -0.0000134220
        0.0000119815   0.0000117775  -0.0000181927   0.0000307235  -0.0000237145
        0.0000233321  -0.0000041613  -0.0000135090   0.0000049657  -0.0000025290
       -0.0000459223  -0.0000179512  -0.0000749331   0.0000356834   0.0000079998
        0.0000509468  -0.0000030767  -0.0006287820   0.0001169821   0.0001027457
        0.0000638328  -0.0000589285  -0.0000377133   0.0000476131  -0.0000121017
       -0.0000144351   0.0000181873  -0.0000688270   0.0000486207  -0.0000224779
       -0.0000021468  -0.0000150888  -0.0000000159   0.0000058143   0.0000109746
        0.0000131916  -0.0000155293  -0.0000173817   0.0000010801  -0.0000019773
        0.0000012197   0.0000717344  -0.0000269091  -0.0000379566  -0.0000003691
        0.0000441026   0.0000382817  -0.0001051554  -0.0000421031  -0.0001037283
        0.0000533684  -0.0000186257   0.0000126823   0.0000320116   0.0000000699
        0.0000235679  -0.0000499964   0.0000165165  -0.0000391685   0.0000397987
       -0.0000168239   0.0000229577  -0.0000191956   0.0000076386   0.0000087336
       -0.0000025629   0.0000203656  -0.0000585863   0.0000405432  -0.0000157760
        0.0000344739  -0.0000414181  -0.0000062104   0.0000098212   0.0000019981
        0.0000055572   0.0000007788  -0.0000039147   0.0000006842  -0.0000104409
        0.0000142995  -0.0000190659   0.0000149002  -0.0000113914   0.0000025682
        0.0000019649   0.0000003851  -0.0000027629  -0.0000006992   0.0000002941
       -0.0000037591  -0.0000007418  -0.0000042348   0.0000011534   0.0000006847
        0.0000005332
       -0.0003510305  -0.0015630574  -0.0006204752  -0.0054552701  -0.0002114663
       -0.0011554899  -0.0111792312  -0.0271959381  -0.0094299854  -0.0666252153
       -0.0668733450  -0.0238081127   0.0051810787   0.0163191094   0.0056938232
       -0.0022577682   0.0033096676   0.0003189872  -0.0003760132   0.0002530812
        0.0000458302   0.0010094361   0.0014749721   0.0008392236   0.0000384536
        0.0001607083   0.0000131053  -0.0001641444  -0.0002851380  -0.0000287620
        0.0000228334   0.0002085758   0.0000850238  -0.0000531763  -0.0003178517
       -0.0002341416   0.0000472802   0.0000928649  -0.0000402901   0.0000096908
        0.0000010891   0.0000080080   0.0000064388   0.0000007220  -0.0000139430
        0.0000055679   0.0001632587   0.0000279394   0.0000197200  -0.0001238806
       -0.0000372621  -0.0003729826  -0.0000271875  -0.0001070996   0.0001869124
       -0.0000766059  -0.0000194517   0.0008582421  -0.0008676416   0.0000147722
        0.0797838465   0.0744836944   0.0283615999   0.0002276220   0.0010296388
        0.0003120851  -0.0000470096  -0.0000176119   0.0000850418   0.0000445888
       -0.0001691205  -0.0000672674  -0.0006418609   0.0001417619  -0.0002823638
        0.0000891276   0.0000286078   0.0001130438   0.0000107236  -0.0000193639
       -0.0000543379   0.0000255308   0.0000250418   0.0000088214   0.0000335454
        0.0000119046   0.0000282148   0.0000261650   0.0000396620   0.0000165306
       -0.0000184858  -0.0000920937   0.0000289885   0.0001068430   0.0002975633
       -0.0001382774  -0.0000007028   0.0000109965   0.0001153836   0.0000081554
       -0.0000274500   0.0000449211  -0.0000384030  -0.0000035921  -0.0000179389
       -0.0000006963  -0.0000100495   0.0000106117   0.0000110984   0.0000399864
        0.0000127200  -0.0000022784  -0.0000035149   0.0000121706  -0.0000272284
        0.0000329754   0.0000290751  -0.0000262294  -0.0000079965  -0.0000128551
        0.0000534905  -0.0000057216  -0.0000614689  -0.0000408197  -0.0000084461
        0.0000244038  -0.0000074022  -0.0000053039   0.0000193418  -0.0000179993
       -0.0001691287  -0.0000082763  -0.0001978991   0.0000683571   0.0000111201
        0.0000605686  -0.0000623228  -0.0000638065  -0.0000168105  -0.0000139469
        0.0000178248   0.0000278775   0.0000844117  -0.0001001678   0.0000118243
       -0.0000452315   0.0000468325   0.0000016580  -0.0000211011  -0.0000072853
       -0.0000073089  -0.0000002551  -0.0000015183  -0.0000116334  -0.0000064530
       -0.0000165499   0.0000435560  -0.0000303181  -0.0000314813  -0.0000103421
       -0.0000102195   0.0000159839   0.0000104514  -0.0000050798  -0.0000069479
       -0.0000009954   0.0000052236  -0.0000029718  -0.0000133898  -0.0000074416
        0.0000070999
       -0.0001575358  -0.0005536444  -0.0003330080  -0.0010563184   0.0019585243
       -0.0021985345  -0.0040660198  -0.0078379716  -0.0029136426  -0.0673773364
       -0.2476434195  -0.0739778364  -0.0051623023  -0.0244180861  -0.0086665862
        0.0037708195  -0.0024350351  -0.0028484486   0.0004226244   0.0008032712
        0.0002912304  -0.0015231947   0.0005321799   0.0008540630  -0.0000798450
       -0.0002233671   0.0000649871  -0.0000558411  -0.0007124209   0.0000219152
       -0.0000039355   0.0003471707   0.0001295832  -0.0000665652  -0.0003909209
       -0.0003151491   0.0000802273   0.0001201762   0.0002313495   0.0000352715
       -0.0000387583  -0.0000324403   0.0000028511  -0.0000177901   0.0000069255
       -0.0001194699   0.0003829118  -0.0000745877  -0.0000628124  -0.0001086668
       -0.0000770792  -0.0000366333   0.0001184133   0.0000888537   0.0000286542
       -0.0000355325   0.0000443040   0.0005674650   0.0007992374   0.0012898650
        0.0744836944   0.2795044076   0.0875232488  -0.0003556695  -0.0013174222
       -0.0002704733  -0.0000619127  -0.0000098819   0.0005175453  -0.0003074931
        0.0002233116   0.0000471664   0.0010505456   0.0004500204   0.0004437956
        0.0000477360   0.0000672773  -0.0003741738  -0.0000464255  -0.0000392633
        0.0001090366  -0.0000682209  -0.0001119094  -0.0000310614   0.0000655477
        0.0000210957   0.0000269878   0.0000489766   0.0000082477  -0.0000213077
        0.0000075685  -0.0000577581   0.0000336979   0.0000423946   0.0002301176
        0.0001818598   0.0000100227   0.0000335518  -0.0000372531  -0.0000045598
       -0.0000074099   0.0000120237   0.0000123910  -0.0000088929  -0.0000014614
        0.0000058305  -0.0000166339  -0.0000071397   0.0000012947   0.0000034588
        0.0000145352  -0.0000012711   0.0000020086  -0.0000058773   0.0000348665
        0.0000415274   0.0000830429  -0.0000278109  -0.0000165649  -0.0000211031
        0.0000152292  -0.0000462786  -0.0001730560  -0.0000259922  -0.0000325399
        0.0001152721  -0.0000106593   0.0000571775   0.0000723602   0.0001009744
        0.0002030157   0.0000122028   0.0000661605  -0.0004213229   0.0000189211
       -0.0000966877   0.0003495419   0.0000271165   0.0000260886   0.0000491997
       -0.0000296761  -0.0001569338  -0.0000603562   0.0001197769   0.0000982283
        0.0001094660  -0.0000496657  -0.0000210184   0.0000372425   0.0000235401
        0.0000242275   0.0000105032  -0.0000156168   0.0000067153  -0.0000020314
        0.0000627207  -0.0000637055   0.0001041933   0.0000414416  -0.0000394623
       -0.0000100612  -0.0000343349  -0.0000093182  -0.0000004560   0.0000028658
        0.0000043148  -0.0000105270   0.0000090144   0.0000042304   0.0000176736
       -0.0000117359
        0.0000924981  -0.0001325531   0.0000018119  -0.0017409188  -0.0016357473
        0.0078303754  -0.0032430010  -0.0048099948  -0.0014111355  -0.0225463238
       -0.0750550197  -0.0594623926  -0.0025667862  -0.0055919875  -0.0009366622
        0.0003137051  -0.0031390387   0.0063457156   0.0008410479   0.0001373160
       -0.0000693505  -0.0001932407   0.0011189174  -0.0018774016   0.0005917955
       -0.0000471233  -0.0000240312  -0.0000457992  -0.0003636332  -0.0000380631
        0.0000253356   0.0002111210   0.0000844412  -0.0001358025  -0.0003069644
       -0.0002191589   0.0000600412   0.0000422921  -0.0000531563   0.0000081383
        0.0000042356   0.0000340401   0.0000168269  -0.0000019705  -0.0000007354
       -0.0000606049   0.0002680188   0.0000224604  -0.0000140907  -0.0000228855
       -0.0000299716   0.0000098438   0.0000907489  -0.0002003488   0.0000104021
       -0.0000433521   0.0000297190   0.0004480098   0.0012443549  -0.0025429178
        0.0283615999   0.0875232488   0.0542871133  -0.0000593037  -0.0004124592
       -0.0002044531   0.0001768928   0.0004498385  -0.0014416346  -0.0003246895
        0.0000743833   0.0000150016   0.0000779783  -0.0000655099   0.0001291302
        0.0000399432  -0.0000474797  -0.0002450642   0.0000147101  -0.0000168796
        0.0000321631  -0.0000259689  -0.0000278548  -0.0000054922   0.0000362515
        0.0000250190  -0.0000043905   0.0000184604  -0.0000094296  -0.0000269244
        0.0000261619  -0.0000109855   0.0000240978  -0.0001955531   0.0003866331
       -0.0000614486   0.0000573325   0.0000327040  -0.0000412162   0.0000265793
       -0.0000382992   0.0000455723   0.0000134512  -0.0000221261   0.0000083193
        0.0000126446  -0.0000241261   0.0000144578  -0.0000131169   0.0000318943
        0.0000250717   0.0000113449   0.0000135531  -0.0000134450   0.0000067991
        0.0000120267   0.0000351717  -0.0000128175  -0.0000063302  -0.0000003225
        0.0000250351   0.0000185521  -0.0000709447  -0.0000383886  -0.0000735580
        0.0000487416  -0.0000063931   0.0000136877   0.0000272490  -0.0000574175
        0.0001580670  -0.0000193269   0.0000891958  -0.0002844948  -0.0000955220
       -0.0000762195   0.0002750685   0.0000131633   0.0000092345   0.0000200554
       -0.0000138297  -0.0000002036  -0.0000998852   0.0001183707   0.0000064943
        0.0000585894  -0.0000750900  -0.0000065998   0.0000185247   0.0000088915
        0.0000087504   0.0000012810  -0.0000059638   0.0000016982  -0.0000071360
        0.0000162259  -0.0000545559   0.0000598143  -0.0000088724  -0.0000114539
        0.0000041915   0.0000038785  -0.0000095436  -0.0000012726  -0.0000004495
       -0.0000043816  -0.0000005694  -0.0000000596   0.0000049719   0.0000045288
       -0.0000014077
       -0.0010734245   0.0011872282   0.0003461435  -0.0049989422  -0.0017298368
       -0.0019128356   0.0001408232  -0.0005329176  -0.0001353888   0.0002081870
       -0.0014625916  -0.0011858751   0.0044242650  -0.0037176297  -0.0005390460
       -0.1552835847   0.1242227393   0.0215487989  -0.0235429304   0.0218853923
        0.0039597159   0.0009149910  -0.0013274401   0.0000475605   0.0000922674
       -0.0000052762  -0.0000081828  -0.0004751997   0.0005832257   0.0000501488
        0.0000352061  -0.0002047150  -0.0000400381  -0.0001052007   0.0000970410
        0.0000573120   0.0000068360  -0.0000687437  -0.0000225456   0.0000001765
       -0.0000209953   0.0000193781   0.0000012327  -0.0000014771  -0.0000002567
        0.0003448186  -0.0005014431   0.0000944712   0.0001127252  -0.0002662636
       -0.0000574166   0.0001164126   0.0002550660   0.0001771956  -0.0004027558
        0.0000749984  -0.0001867433  -0.0000282791  -0.0000944902   0.0001394092
        0.0002276220  -0.0003556695  -0.0000593037   0.1798072898  -0.1379744507
       -0.0234614912   0.0008026415   0.0006377963   0.0005413041   0.0000540658
       -0.0002796680  -0.0002383849  -0.0001153390   0.0000279207  -0.0000189455
       -0.0000089973   0.0000661021  -0.0000159939  -0.0000214248   0.0001213338
       -0.0001530353  -0.0000623122  -0.0000363898  -0.0000028677   0.0000968522
       -0.0000036767   0.0000386793   0.0000438872   0.0000046065   0.0000027687
        0.0000333196  -0.0000377947   0.0000150045  -0.0000175414  -0.0000229853
       -0.0000140685   0.0000192432   0.0000127770  -0.0000057932  -0.0000003517
        0.0000004646  -0.0000059168   0.0000073449  -0.0000040417   0.0000004019
       -0.0000048421   0.0000030057   0.0000004065  -0.0000011832  -0.0000015054
       -0.0000019553   0.0000073191   0.0000029362  -0.0000008290  -0.0001992407
        0.0001098009   0.0000723110  -0.0000343161   0.0000428388  -0.0000139264
        0.0002272211  -0.0000559555   0.0001333485  -0.0001190716   0.0002361283
       -0.0001750373  -0.0000362527  -0.0001896947  -0.0001711439  -0.0004736301
       -0.0009523110   0.0007484632  -0.0001095490   0.0000030215  -0.0000134266
        0.0000109492   0.0000197852  -0.0000084170  -0.0000926907   0.0000032123
        0.0002228405  -0.0000172835   0.0001513729   0.0006796758  -0.0005014259
       -0.0000032020  -0.0002987416   0.0000327708   0.0001164203   0.0000324643
       -0.0001325010  -0.0000507556  -0.0000309752   0.0000796094   0.0000338693
       -0.0001627317   0.0000236862  -0.0000195342   0.0000230811  -0.0000199645
        0.0000161386  -0.0000102315  -0.0000000895  -0.0000016598   0.0000000017
        0.0000014566  -0.0000004635   0.0000002228   0.0000051041   0.0000083564
        0.0000004372
       -0.0000880210   0.0000981642   0.0000688515  -0.0010277131   0.0016922433
       -0.0020294198  -0.0010464726   0.0002852331   0.0000390899  -0.0017316407
       -0.0047980865  -0.0033575164   0.0186999549  -0.0231012335  -0.0049469983
        0.1237769892  -0.1818808958  -0.0283190990  -0.0007390676   0.0025022337
        0.0004696940   0.0011634293   0.0007560804   0.0010887356  -0.0003913799
       -0.0007772635  -0.0000314459   0.0004215136  -0.0006431794  -0.0001007178
        0.0000114781   0.0002821863   0.0000650064   0.0000625081  -0.0001877279
       -0.0001326087   0.0000302488   0.0000958053   0.0000440618   0.0000196389
        0.0000089929  -0.0000115738   0.0000030078   0.0000004112  -0.0000053816
       -0.0004676797   0.0004323414  -0.0000641818  -0.0000158513   0.0001071313
        0.0000652529   0.0000050554  -0.0000652324  -0.0000769855  -0.0001056552
       -0.0000164708   0.0000764660  -0.0000692437  -0.0000582344   0.0004253148
        0.0010296388  -0.0013174222  -0.0004124592  -0.1379744507   0.2048987080
        0.0361529350  -0.0009245856   0.0008152268   0.0009349212  -0.0008543669
       -0.0001048881  -0.0005451146   0.0002727605   0.0004479246   0.0001059209
        0.0000415964   0.0001275080  -0.0001672613  -0.0000330800  -0.0002235043
        0.0004087068  -0.0002457829  -0.0001970343  -0.0000369086  -0.0000855648
        0.0000035680  -0.0000002032  -0.0000214722  -0.0000268889  -0.0000036914
       -0.0000476890   0.0000080319  -0.0000004263  -0.0000046960   0.0000867128
        0.0000114287  -0.0000047888  -0.0000032192  -0.0000042364   0.0000015859
       -0.0000050952   0.0000140156  -0.0000153291  -0.0000004956  -0.0000025623
        0.0000050287  -0.0000059847   0.0000052511  -0.0000014246   0.0000129285
        0.0000041069  -0.0000057108   0.0000002597  -0.0000031054   0.0000570148
       -0.0000237988  -0.0000459814   0.0000024214  -0.0000174822  -0.0000097758
       -0.0000932672   0.0000089840   0.0000108035   0.0000635557  -0.0000485091
        0.0000354852   0.0000227926   0.0000517303  -0.0000201332   0.0004895245
        0.0003252674  -0.0002096984   0.0001324418  -0.0004086075   0.0001430719
        0.0000222109   0.0002977145  -0.0000324164   0.0001756252   0.0000559636
       -0.0002311609  -0.0009304363   0.0001642818   0.0013031090   0.0002700009
        0.0001562401  -0.0005754023   0.0000862578  -0.0000548368  -0.0000528037
        0.0000393274  -0.0000899556  -0.0000791453   0.0000374243   0.0000819978
        0.0001157628  -0.0000371989   0.0002091002  -0.0000524680  -0.0000204496
        0.0000229614  -0.0000266894   0.0000049261   0.0000084005   0.0000090761
        0.0000048920  -0.0000049863  -0.0000048840   0.0000301685   0.0000167000
       -0.0000046115
       -0.0001277902   0.0001893049  -0.0000068473  -0.0015466920  -0.0025482278
        0.0078281011   0.0002013106   0.0001142311  -0.0000539558  -0.0013162778
       -0.0033497251   0.0062336738   0.0051250195  -0.0089234567  -0.0009241002
        0.0220997450  -0.0270888318  -0.0390492523  -0.0032804746   0.0025602962
        0.0009017691   0.0007847321   0.0005423884  -0.0019687304   0.0004855284
        0.0002608962   0.0000808743  -0.0000553253   0.0001301430   0.0000783844
        0.0000368404  -0.0001356096  -0.0000320912  -0.0000334813   0.0000804045
        0.0000286679   0.0000157221  -0.0000487335  -0.0000074642  -0.0000207261
        0.0000082778  -0.0000037192   0.0000077691  -0.0000023148   0.0000047972
        0.0000702663  -0.0000545217   0.0000571305   0.0000316255   0.0000090112
       -0.0000359189   0.0000254556   0.0000064012   0.0000500075  -0.0000569386
        0.0000549924  -0.0002014182   0.0001285902   0.0005809568  -0.0015023126
        0.0003120851  -0.0002704733  -0.0002044531  -0.0234614912   0.0361529350
        0.0327125449   0.0001252477   0.0010887877  -0.0026125517  -0.0005846967
        0.0000325679  -0.0001121954  -0.0000916257   0.0000742167  -0.0000147633
        0.0000162115  -0.0000286276  -0.0000862459  -0.0000029698   0.0001561493
       -0.0000888012   0.0000046007   0.0000430568   0.0000482315   0.0000360875
       -0.0000293423  -0.0000365086  -0.0000085027   0.0000013624  -0.0000038868
       -0.0000112860  -0.0000028574  -0.0000103113  -0.0000085196   0.0000137118
        0.0000059900   0.0000048435   0.0000004714  -0.0000008126   0.0000026131
       -0.0000029621   0.0000066309  -0.0000001513  -0.0000009447  -0.0000013255
        0.0000020684  -0.0000087231   0.0000021922  -0.0000014264   0.0000037986
       -0.0000015845  -0.0000014272   0.0000018425  -0.0000012150  -0.0000587299
        0.0000060893   0.0000477352  -0.0000147048  -0.0000084950   0.0000044555
        0.0001292689   0.0000360027   0.0000075161  -0.0000919797   0.0000359600
       -0.0000505725  -0.0000637903  -0.0000963333  -0.0000193748   0.0002237789
        0.0006958910  -0.0004578050   0.0000713321  -0.0000523050  -0.0001313964
       -0.0000025138   0.0000784985   0.0000095317   0.0000233609  -0.0001762572
       -0.0001757430   0.0010160953   0.0000749143   0.0004054689  -0.0000313864
       -0.0000076922  -0.0003540111   0.0000917174  -0.0001854578   0.0000118125
       -0.0000525708  -0.0000040356   0.0000181558  -0.0001422404   0.0000146360
       -0.0003718462  -0.0000046519  -0.0000262837  -0.0000419850   0.0000040521
        0.0000054015   0.0000255793  -0.0000008332   0.0000007207   0.0000020646
       -0.0000036038  -0.0000023006  -0.0000066759   0.0000008394   0.0000001940
       -0.0000014395
        0.0016283787   0.0011196413   0.0008170336   0.0051314251   0.0171400642
        0.0049897452  -0.0024530325   0.0030800137  -0.0000825111  -0.0002889954
        0.0002567159   0.0000392310  -0.0051853496  -0.0003011927  -0.0012383585
       -0.0111749196  -0.0267619275  -0.0089274381  -0.0679283428  -0.0729130584
       -0.0238416107  -0.0004800190  -0.0013231131  -0.0004468498  -0.0000177459
       -0.0000179876  -0.0000342701   0.0001008775  -0.0003797550  -0.0000399889
       -0.0000558926   0.0001191254   0.0000803918  -0.0000080510  -0.0000547421
       -0.0000479136   0.0000117013   0.0000589392   0.0000240265   0.0000069489
        0.0000056369  -0.0000011067  -0.0000009712   0.0000054054  -0.0000005316
       -0.0000583279   0.0002814134  -0.0000678442  -0.0006999445  -0.0002292479
        0.0001078727  -0.0009716795   0.0001834628   0.0001883038   0.0001059568
       -0.0001881018  -0.0000932539   0.0001905050   0.0010406911   0.0004686277
       -0.0000470096  -0.0000619127   0.0001768928   0.0008026415  -0.0009245856
        0.0001252477   0.0812902759   0.0802995178   0.0285559033   0.0001613505
       -0.0000632433   0.0000292618  -0.0003557459  -0.0001284122  -0.0000104122
       -0.0000023309   0.0000589088  -0.0000237997  -0.0000094654  -0.0000456918
       -0.0000542823   0.0000297037  -0.0000539244  -0.0000214246   0.0000180302
        0.0000872179  -0.0000157739   0.0000171641   0.0000066835  -0.0000180115
        0.0000343141  -0.0000071442   0.0000165572  -0.0000175007   0.0000017577
        0.0000044605   0.0000052296   0.0000106410  -0.0000176795   0.0000022289
       -0.0000018437   0.0000018420   0.0000127190  -0.0000063131   0.0000042310
        0.0000021973   0.0000013617   0.0000007477  -0.0000019551  -0.0000010376
        0.0000011187   0.0000000088   0.0000024425  -0.0000038496   0.0005067138
       -0.0004403879  -0.0013305480   0.0000008468   0.0000261181   0.0002418190
       -0.0003424052  -0.0000209480  -0.0001473387   0.0000867774  -0.0002515435
        0.0003086247  -0.0000155895   0.0003238456   0.0002454217  -0.0000404586
        0.0000700325   0.0000209326   0.0000805622   0.0000719596  -0.0000009139
       -0.0000326223  -0.0000250832   0.0000060450   0.0000263912   0.0001033214
        0.0000167801  -0.0000019610  -0.0003063597  -0.0002092198   0.0000056220
        0.0001242652   0.0000929920  -0.0000472251   0.0000479632   0.0000069512
        0.0000453582   0.0000139928  -0.0000176292  -0.0000156420  -0.0000488113
        0.0001008726  -0.0000455121   0.0000129036   0.0000394471   0.0000035750
        0.0000017264  -0.0000176687  -0.0000098017   0.0000029609   0.0000055232
       -0.0000040920  -0.0000042889  -0.0000046579   0.0000050847   0.0000019280
       -0.0000020174
       -0.0013530659   0.0013008719   0.0005038802  -0.0061221386  -0.0238797683
       -0.0079964114   0.0034403319  -0.0023810235  -0.0022396895   0.0010473232
        0.0005711940   0.0003006842  -0.0011260546   0.0022606197  -0.0015719042
       -0.0047573973  -0.0073883026  -0.0026402924  -0.0714597730  -0.2584077024
       -0.0700628355  -0.0000191151  -0.0002976327  -0.0001635096  -0.0000246799
       -0.0000913596  -0.0000663388  -0.0001366942  -0.0009008075  -0.0000182344
        0.0000654022   0.0003430499   0.0001409785   0.0001361961  -0.0001992984
       -0.0001286930  -0.0000006273   0.0001186704   0.0000415261   0.0000230994
        0.0000099723  -0.0000137377  -0.0000035178   0.0000010643  -0.0000051729
       -0.0000597544   0.0006196442  -0.0000456965  -0.0006871479  -0.0007427723
       -0.0001123380   0.0013527435  -0.0001566973   0.0000586250  -0.0005581207
        0.0003235349   0.0002771172  -0.0003198528  -0.0012357777  -0.0003802210
       -0.0000176119  -0.0000098819   0.0004498385   0.0006377963   0.0008152268
        0.0010887877   0.0802995178   0.2891674027   0.0832985278   0.0000253473
       -0.0000090457   0.0000054118  -0.0000700711  -0.0000209247   0.0000424359
        0.0000155998   0.0000320438  -0.0000343858  -0.0000371227  -0.0000564654
       -0.0000133399   0.0000047578  -0.0000331396  -0.0000155150   0.0000972454
       -0.0001747588   0.0000000146   0.0000265261   0.0000739730  -0.0000256140
       -0.0000301319  -0.0000177705  -0.0000470966   0.0000270508   0.0000713515
        0.0000227341  -0.0000065840   0.0000055573   0.0000006506  -0.0000029736
       -0.0000060813   0.0000118385  -0.0000123984  -0.0000007163  -0.0000076209
        0.0000065608  -0.0000037703   0.0000031709  -0.0000001141   0.0000101225
        0.0000055209  -0.0000033556   0.0000011703  -0.0000022741  -0.0000388035
        0.0005487626  -0.0000834695  -0.0003560593  -0.0000484150  -0.0001871378
        0.0001003924  -0.0002300030  -0.0008444068  -0.0003287961  -0.0001531793
        0.0003754219   0.0001829964   0.0000342069   0.0000297508  -0.0000055186
        0.0001394919  -0.0000133340   0.0001571037   0.0000276894   0.0000089766
       -0.0000438226  -0.0000076283   0.0000139156   0.0000144623   0.0000759278
        0.0000155819  -0.0000313221  -0.0002455644  -0.0000804224  -0.0000059630
        0.0000887876   0.0000449223   0.0000127262   0.0000240727   0.0000050810
        0.0000222347  -0.0000083700  -0.0000097102  -0.0000285656   0.0000095164
        0.0000630234  -0.0000585436   0.0000242729   0.0000110211   0.0000124204
        0.0000056258  -0.0000100852  -0.0000080752   0.0000065246   0.0000081042
       -0.0000028607  -0.0000015331  -0.0000058365   0.0000087989  -0.0000019580
       -0.0000022180
       -0.0007002178   0.0010137963  -0.0017224015  -0.0003551940  -0.0069918813
       -0.0006684294   0.0002956667  -0.0022026312   0.0060815208  -0.0002744157
        0.0002982108  -0.0000145507  -0.0016308944  -0.0020977446   0.0073707970
       -0.0016568137  -0.0044079789  -0.0017665411  -0.0243373775  -0.0696506464
       -0.0534165600   0.0000070729  -0.0004420920   0.0001554812  -0.0000983588
       -0.0000189336   0.0000771138  -0.0000166926   0.0003200255   0.0000980491
       -0.0000000368  -0.0001763546  -0.0000623834  -0.0000066446   0.0001161017
        0.0000491520   0.0000133951  -0.0000536816  -0.0000057107  -0.0000303200
        0.0000103837  -0.0000079986   0.0000086644  -0.0000045665   0.0000087099
       -0.0000349307  -0.0002480734  -0.0000049805  -0.0003104478   0.0000288420
       -0.0005567711   0.0002604290   0.0005065257  -0.0000261671   0.0000765179
       -0.0000845346   0.0001447721  -0.0000456488  -0.0000125344  -0.0005640610
        0.0000850418   0.0005175453  -0.0014416346   0.0005413041   0.0009349212
       -0.0026125517   0.0285559033   0.0832985278   0.0501617585   0.0000567305
        0.0000237762   0.0000014255   0.0000017717   0.0000248699  -0.0000457923
       -0.0000108393   0.0000226623  -0.0000143681   0.0000403719  -0.0000007229
        0.0000112485   0.0000139317  -0.0000000929   0.0000068241  -0.0000036950
        0.0000543422  -0.0000284941  -0.0000142842  -0.0000076333  -0.0000081115
       -0.0000237304  -0.0000050515  -0.0000171941  -0.0000091820   0.0000043008
       -0.0000015883   0.0000025064  -0.0000014979   0.0000007063   0.0000016425
       -0.0000014352   0.0000025290  -0.0000003759   0.0000025330  -0.0000017885
        0.0000027318  -0.0000102004   0.0000012548  -0.0000015721   0.0000021214
       -0.0000028718  -0.0000018591   0.0000019359  -0.0000016399  -0.0008733069
       -0.0006048704  -0.0005835861  -0.0000715673  -0.0000861564   0.0000960781
        0.0000203106   0.0000167030   0.0003624123   0.0002696268   0.0003509414
       -0.0006761152   0.0002545806  -0.0004700993  -0.0003244125  -0.0000479630
        0.0000532553  -0.0000593458   0.0000898892   0.0000434693   0.0000217508
       -0.0000297390  -0.0000312626  -0.0000052243   0.0000059731  -0.0000089897
        0.0000068797   0.0000916491  -0.0001227199   0.0000907395  -0.0000920007
        0.0000493549  -0.0001053629   0.0000031235   0.0000112250   0.0000084175
       -0.0000032667  -0.0000035041  -0.0000023491   0.0000244407   0.0000294304
        0.0000053901  -0.0000450612   0.0000037263  -0.0000103310   0.0000115578
        0.0000071479  -0.0000004694  -0.0000058010   0.0000017550   0.0000040039
       -0.0000065924  -0.0000012252  -0.0000077901   0.0000039964  -0.0000013154
        0.0000005616
       -0.0001341387  -0.0000802641  -0.0001637800   0.0003647085   0.0001869374
        0.0000764700  -0.0010472972   0.0004852683   0.0010241256  -0.0049956037
       -0.0010480002  -0.0017716369  -0.0218393129   0.0221086219  -0.0082035389
        0.0008149937   0.0016953209   0.0007788779  -0.0000041331   0.0000905969
        0.0004997596  -0.1029553586   0.0977267756  -0.0407325977   0.0044785220
       -0.0061101419   0.0020687427  -0.0000636061   0.0001228271   0.0000054728
        0.0000004688  -0.0000533572   0.0000191739  -0.0000153892   0.0000092104
        0.0000265119   0.0000068479   0.0000022439  -0.0000002389   0.0000022662
       -0.0000025031   0.0000039064   0.0000022848   0.0000044409   0.0000024779
        0.0000618041  -0.0000828271   0.0000153014   0.0000075719  -0.0000655450
        0.0000050963   0.0000054671   0.0000474262   0.0000069463   0.0000696600
       -0.0000160200  -0.0000076492  -0.0003561301  -0.0001003408   0.0000532678
        0.0000445888  -0.0003074931  -0.0003246895   0.0000540658  -0.0008543669
       -0.0005846967   0.0001613505   0.0000253473   0.0000567305   0.1235404026
       -0.1118169628   0.0436974468   0.0027024902  -0.0021912117   0.0011526265
       -0.0000475014  -0.0004776056   0.0017187369   0.0000439804   0.0001403786
       -0.0001432419  -0.0009752080  -0.0001119966   0.0009192975   0.0000269120
        0.0000098285   0.0000005529  -0.0000128542   0.0000002061  -0.0000064812
        0.0000339156  -0.0000023400  -0.0000062641  -0.0000042449  -0.0000469200
       -0.0000165077  -0.0000140950   0.0000043040  -0.0000044052  -0.0000014459
        0.0000009355  -0.0000040041   0.0000093755  -0.0000044527   0.0000013612
       -0.0000016340   0.0000060398  -0.0000035166  -0.0000011175  -0.0000063431
       -0.0000007342   0.0000014712  -0.0000001175  -0.0000001708  -0.0000136935
        0.0000240497   0.0000020342   0.0000013160   0.0000211951  -0.0000057624
        0.0000138302  -0.0000384737   0.0000067840  -0.0000086047   0.0000540930
       -0.0000070286  -0.0000047803  -0.0000028134  -0.0000094452  -0.0008109147
        0.0006481708  -0.0006635054   0.0013361338   0.0001006600   0.0001629740
       -0.0001422345   0.0001382707  -0.0001585338  -0.0001944757   0.0000434108
       -0.0001693157   0.0014673065  -0.0005936962   0.0006421073  -0.0010641661
        0.0004592782   0.0002160512   0.0000150470  -0.0000058764   0.0000006373
       -0.0000249093   0.0000060485   0.0000324733  -0.0000628632  -0.0000293026
       -0.0000773824  -0.0003254763  -0.0001473303  -0.0000768457  -0.0002018339
       -0.0000016896  -0.0000137098   0.0000260626   0.0000120273   0.0000043150
       -0.0000194570  -0.0000222269  -0.0000302854   0.0000496356   0.0000463052
       -0.0000142909
       -0.0002105213  -0.0000044059  -0.0001014262   0.0000893566   0.0003124017
        0.0000613946  -0.0003687437  -0.0000019025   0.0000051556  -0.0001083481
       -0.0001943679   0.0000604463   0.0007459029   0.0037838856  -0.0016741805
       -0.0016613566   0.0007824962  -0.0000818435   0.0002406291  -0.0001210888
       -0.0001608988   0.0968485610  -0.1953168876   0.0584363736   0.0037918233
       -0.0084591084   0.0071538617  -0.0000124921  -0.0000905891   0.0000042139
       -0.0000134886   0.0000183712   0.0000573230  -0.0000145633  -0.0000289780
       -0.0000072594   0.0000067035  -0.0000049036   0.0000199198  -0.0000027349
        0.0000126231  -0.0000049615   0.0000069058  -0.0000015307   0.0000027312
        0.0000214104   0.0000767683   0.0000155656   0.0000134507   0.0000031499
       -0.0000135653   0.0000016414  -0.0000026860   0.0000279999  -0.0000050836
       -0.0000367615   0.0000478212  -0.0000749814   0.0000031312   0.0000174101
       -0.0001691205   0.0002233116   0.0000743833  -0.0002796680  -0.0001048881
        0.0000325679  -0.0000632433  -0.0000090457   0.0000237762  -0.1118169628
        0.2235377528  -0.0687123450   0.0131324969  -0.0246269780   0.0054914445
       -0.0007396327   0.0001825930   0.0016798827  -0.0001165127  -0.0001691917
       -0.0001513678  -0.0003119236   0.0010461356   0.0004576289   0.0000178803
        0.0000157864  -0.0000077579   0.0000139266  -0.0000064321  -0.0000483182
        0.0000109328  -0.0000023104  -0.0000066320  -0.0000376876   0.0000284610
        0.0000222956   0.0000204238   0.0000316415  -0.0000379864   0.0000017395
       -0.0000051286   0.0000057132   0.0000084609  -0.0000066218   0.0000006150
        0.0000069682  -0.0000111395   0.0000079754  -0.0000074236   0.0000082129
        0.0000013225   0.0000015390   0.0000096170  -0.0000076079  -0.0000187571
       -0.0000039471   0.0000058484  -0.0000027231  -0.0000032638   0.0000058662
        0.0000349414   0.0000277061  -0.0000106416  -0.0000256034  -0.0000443010
        0.0000062373  -0.0000136122  -0.0000012773  -0.0000031576   0.0005486917
        0.0003012584  -0.0007742391   0.0009375057  -0.0014169325   0.0007581623
       -0.0001552715   0.0005809847  -0.0001897596   0.0000062624  -0.0000928670
        0.0001070954  -0.0004895172   0.0008603688  -0.0010681496   0.0004904865
       -0.0011846645  -0.0005622467  -0.0000019126  -0.0000591662  -0.0000489819
        0.0000026641   0.0000004733   0.0000327966   0.0000115907  -0.0000000219
        0.0000168353  -0.0002599612   0.0000326362  -0.0010787518  -0.0001607150
        0.0000921556   0.0001662674   0.0000586749  -0.0000063108  -0.0000287138
       -0.0000197228   0.0000188989  -0.0000355234   0.0000907142   0.0000268768
        0.0000093848
       -0.0000889759  -0.0000316235  -0.0000492197   0.0002209602  -0.0000546964
       -0.0000068131   0.0002674762   0.0001779147   0.0001133976  -0.0002281526
       -0.0000598236   0.0003185275  -0.0003563488   0.0015197281   0.0006109525
       -0.0000319033   0.0004308294   0.0002140656  -0.0000082278  -0.0000460182
       -0.0000485194  -0.0412493558   0.0568517936  -0.0638660269  -0.0117077607
        0.0245200019  -0.0157040529  -0.0001236017   0.0002688933   0.0000449956
        0.0000135714  -0.0000973249  -0.0001264089  -0.0000218779   0.0000460252
        0.0000150045   0.0000007061   0.0000040883  -0.0000325779  -0.0000137246
       -0.0000021950   0.0000076227   0.0000022534   0.0000027390   0.0000025231
        0.0001867492  -0.0001802401   0.0000363624   0.0000138524  -0.0000321493
       -0.0000211968   0.0000030012   0.0000307529   0.0000255693   0.0000157220
       -0.0000165842   0.0000140323   0.0000087213  -0.0000021072  -0.0000391409
       -0.0000672674   0.0000471664   0.0000150016  -0.0002383849  -0.0005451146
       -0.0001121954   0.0000292618   0.0000054118   0.0000014255   0.0436974468
       -0.0687123450   0.0766912745   0.0087854791  -0.0159088885   0.0057208981
        0.0014846248   0.0021924801  -0.0057480934   0.0001597913   0.0001397162
        0.0001238013   0.0014476341   0.0003746399  -0.0001714914   0.0000152766
       -0.0000275274   0.0000035667   0.0000024027   0.0000125230   0.0000755842
       -0.0000069524  -0.0000069363   0.0000228625  -0.0000052180  -0.0000105466
       -0.0000249333  -0.0000008828  -0.0000498193   0.0000258724   0.0000053468
       -0.0000034349   0.0000059434  -0.0000053261   0.0000019415   0.0000007688
       -0.0000038407   0.0000020771  -0.0000013810  -0.0000001557  -0.0000016473
       -0.0000028359  -0.0000006884  -0.0000082536   0.0000024514  -0.0000321226
        0.0000106525   0.0000187153  -0.0000017017   0.0000087788   0.0000036360
        0.0000566418  -0.0000206406  -0.0000066193  -0.0000307623   0.0000512583
       -0.0000122807  -0.0000292890  -0.0000196233   0.0000003980  -0.0005593773
       -0.0002463853   0.0026995369  -0.0011564679   0.0006091653  -0.0000715139
        0.0000452810  -0.0004790208   0.0002737067   0.0002133329   0.0001410267
        0.0001967259  -0.0016405354   0.0002957862  -0.0033118973   0.0009733798
       -0.0006292828   0.0016894389   0.0000392006  -0.0000352122   0.0000433962
        0.0000046873   0.0000355851   0.0000383041   0.0000030571   0.0000914754
        0.0000253753   0.0000370501  -0.0004208198   0.0002990162   0.0000737408
       -0.0001446713   0.0000051188  -0.0000247430   0.0000067222  -0.0000191524
       -0.0000781111  -0.0000201581   0.0000066529  -0.0000948931  -0.0000660829
       -0.0000161745
       -0.0001600349   0.0000939130  -0.0001145145   0.0004015265   0.0000135348
        0.0000062214   0.0000904982  -0.0002347525   0.0001486641   0.0010523386
       -0.0021071198  -0.0004531182  -0.0093096117  -0.0236397722  -0.0172332749
       -0.0055679512  -0.0006867521  -0.0012289251  -0.0005071821  -0.0013763248
        0.0002687424  -0.0476811319  -0.0279433253  -0.0249057977   0.0011266814
        0.0057666018   0.0052589925  -0.0000372385  -0.0001747989   0.0000189689
       -0.0000045968   0.0000779371   0.0000446061  -0.0000159772  -0.0001299485
       -0.0000610568   0.0000215468   0.0000517791   0.0000143344   0.0000060036
       -0.0000019083   0.0000061605   0.0000060220   0.0000000777  -0.0000063473
        0.0000032750   0.0001288894   0.0000109452  -0.0000138348  -0.0000241714
       -0.0000210598   0.0000563247   0.0000510791   0.0000388387   0.0000012789
       -0.0000183932   0.0000163039   0.0001440288   0.0000256624   0.0000577720
       -0.0006418609   0.0010505456   0.0000779783  -0.0001153390   0.0002727605
       -0.0000916257  -0.0003557459  -0.0000700711   0.0000017717   0.0027024902
        0.0131324969   0.0087854791   0.0588769314   0.0349594565   0.0258054108
        0.0000400622   0.0000387798  -0.0003057436  -0.0001136046   0.0002164672
        0.0003373851   0.0000744441   0.0002117762   0.0001812288   0.0000347471
        0.0000049979  -0.0000087482   0.0000032243   0.0000152375  -0.0000053663
        0.0000185690  -0.0000132213   0.0000041174  -0.0000368716   0.0000502936
       -0.0000027818   0.0000156995   0.0000086984  -0.0000086952   0.0000069950
       -0.0000116161   0.0000165390   0.0000024330  -0.0000075730  -0.0000003814
        0.0000024787  -0.0000069411   0.0000067601  -0.0000046337   0.0000108204
        0.0000047068   0.0000041200   0.0000026762  -0.0000016145   0.0000055430
        0.0000187911   0.0000382920  -0.0000154464  -0.0000045885  -0.0000114979
        0.0000217012  -0.0000121659  -0.0000760934  -0.0000289236  -0.0000195550
        0.0000465341  -0.0000138957   0.0000202849   0.0000280512  -0.0000820413
        0.0001709064   0.0024393102   0.0002305287   0.0002971389   0.0013035805
       -0.0000304218   0.0001164643  -0.0002288895   0.0000702317   0.0001094127
       -0.0000513669   0.0002394268  -0.0003649052   0.0002264323  -0.0002505087
       -0.0000790009  -0.0000502971  -0.0000067641   0.0000093362   0.0000011324
        0.0000187285  -0.0000012816  -0.0000120327  -0.0000183088  -0.0000102128
        0.0000190518  -0.0000733214   0.0001139936  -0.0003440904  -0.0002004404
       -0.0000745817   0.0000468742   0.0000615667  -0.0000223864  -0.0000446142
       -0.0000378586   0.0000317045  -0.0000294278  -0.0000159001  -0.0000371459
        0.0000361749
        0.0000052592   0.0000511014  -0.0000328232   0.0001374235   0.0001206936
        0.0001067550  -0.0000342594  -0.0003371987   0.0001466815   0.0016847285
        0.0007398232   0.0005231496  -0.0062007052  -0.0081556149  -0.0051565596
       -0.0021547132  -0.0000586859  -0.0009533152  -0.0001266049  -0.0004079816
        0.0001214250  -0.0270908371  -0.1845664279  -0.1105302333   0.0009094994
        0.0036140607   0.0019640698   0.0000188628  -0.0001562321   0.0000216528
       -0.0000065182   0.0000574776   0.0000331947  -0.0000185960  -0.0000234442
       -0.0000339192  -0.0000238509   0.0000072896   0.0000120594   0.0000328972
       -0.0000290696   0.0000165127  -0.0000053656  -0.0000061740  -0.0000068964
       -0.0000572907   0.0000652426  -0.0000800375  -0.0000440033  -0.0000253729
       -0.0000049408   0.0000440192   0.0000471914  -0.0000053284  -0.0000102483
        0.0000062730  -0.0000054901   0.0000696494   0.0000606504   0.0000091510
        0.0001417619   0.0004500204  -0.0000655099   0.0000279207   0.0004479246
        0.0000742167  -0.0001284122  -0.0000209247   0.0000248699  -0.0021912117
       -0.0246269780  -0.0159088885   0.0349594565   0.2110789362   0.1283205857
       -0.0000311268   0.0002059140   0.0001053936   0.0000137212   0.0000663200
        0.0002205036  -0.0001174640  -0.0004199698  -0.0002366416   0.0000103818
        0.0000158580   0.0000071693   0.0000035492  -0.0000116161  -0.0000114023
        0.0000013471  -0.0000098869   0.0000034626   0.0000057875   0.0000237902
        0.0000106149   0.0000106703   0.0000171380  -0.0000056668  -0.0000035469
       -0.0000015440  -0.0000092680  -0.0000040998  -0.0000036470   0.0000008124
       -0.0000046006   0.0000052089  -0.0000034889   0.0000022286   0.0000008472
        0.0000038893   0.0000082687   0.0000008139  -0.0000003139   0.0000431672
        0.0000168276   0.0000183923  -0.0000124346  -0.0000040687  -0.0000149733
       -0.0000334772  -0.0000408395  -0.0000646180   0.0000177834   0.0000046224
        0.0000495225   0.0000068303   0.0000395993   0.0000256424  -0.0001727253
        0.0007901174   0.0008927299  -0.0003847162   0.0005522397  -0.0004075717
        0.0001954510   0.0002855070   0.0000142366  -0.0000250388   0.0000704266
       -0.0000515331  -0.0000267949   0.0000684816   0.0005184322   0.0002661813
        0.0000188243  -0.0003039648  -0.0000109006   0.0000652955   0.0000201415
        0.0000066112  -0.0000037311  -0.0000092062   0.0000193181  -0.0000000561
        0.0000394751   0.0002713469  -0.0000630350   0.0007266052   0.0000113341
       -0.0000313434  -0.0001741297  -0.0000268078   0.0000077595   0.0000322412
        0.0000421107  -0.0000199919   0.0000245272  -0.0000212168   0.0000215583
       -0.0000113956
       -0.0001051063   0.0000146635  -0.0000556118   0.0001859290   0.0002145857
        0.0001322368  -0.0001519307  -0.0001201331   0.0000184545   0.0010263128
        0.0001265847   0.0001877593  -0.0018441980  -0.0029888726  -0.0005565667
       -0.0006326507  -0.0003094366   0.0003171472   0.0003952348  -0.0001735599
        0.0001112225  -0.0254794855  -0.1100575402  -0.1265821692  -0.0011285984
       -0.0199394461  -0.0203316906   0.0001812503  -0.0004490002  -0.0001055041
       -0.0000213584   0.0002761472   0.0000703559  -0.0000110606  -0.0002571783
       -0.0001170481   0.0000036295   0.0001208495   0.0000683735   0.0000337354
       -0.0000099367  -0.0000037611   0.0000003613   0.0000011990  -0.0000060812
       -0.0002762738   0.0002675262   0.0000028804  -0.0000332813  -0.0000136505
       -0.0000031592   0.0000320026   0.0000370582   0.0000096077  -0.0000008650
       -0.0000111613   0.0000132993   0.0000436206   0.0000361932  -0.0000134220
       -0.0002823638   0.0004437956   0.0001291302  -0.0000189455   0.0001059209
       -0.0000147633  -0.0000104122   0.0000424359  -0.0000457923   0.0011526265
        0.0054914445   0.0057208981   0.0258054108   0.1283205857   0.1490977304
       -0.0002692038  -0.0002904213   0.0001212058   0.0005007916  -0.0004273051
       -0.0005286642  -0.0000969625  -0.0004906916  -0.0002484885  -0.0000165532
        0.0000201568   0.0000268354   0.0000062736  -0.0000667091  -0.0000146362
        0.0000210901   0.0000082709   0.0000184062  -0.0000576622   0.0000617376
        0.0000399168   0.0000076128   0.0000067625  -0.0000638177   0.0000083503
       -0.0000138308   0.0000140691   0.0000169137  -0.0000147669   0.0000065400
        0.0000091960  -0.0000070427   0.0000065909  -0.0000113015   0.0000115737
        0.0000159518   0.0000084688   0.0000089083  -0.0000152499   0.0000347267
        0.0000066642   0.0000038469  -0.0000006596   0.0000001025  -0.0000050718
       -0.0000450930  -0.0000120675  -0.0000230752   0.0000259378  -0.0000144051
        0.0000243942   0.0000180676   0.0000265355   0.0000061590   0.0014682493
       -0.0005300286  -0.0072070520   0.0006944001  -0.0015884979  -0.0006270266
       -0.0005240506   0.0005869595   0.0002162275  -0.0001384848  -0.0001664710
        0.0001841642  -0.0007332704   0.0009390405  -0.0010333881   0.0004013546
        0.0004211524   0.0005968399  -0.0000130916  -0.0000271863   0.0000145744
       -0.0000094165   0.0000499552   0.0000578605   0.0000429788   0.0000344441
        0.0000358412  -0.0001253595   0.0003161898   0.0005185486   0.0000251390
       -0.0000367304  -0.0001883610  -0.0000808748   0.0000329178   0.0000285090
       -0.0000578669  -0.0000415694   0.0000135523   0.0000267170   0.0000272781
       -0.0000387289
        0.0000435709   0.0000261892   0.0000135804  -0.0001143167  -0.0000541387
       -0.0000302029  -0.0001189381   0.0000250373  -0.0001288260   0.0001337722
        0.0000426695   0.0001891421   0.0008019288  -0.0011725805   0.0010565166
       -0.0000068646  -0.0000079350   0.0000370196  -0.0000486737  -0.0000413492
       -0.0000683047   0.0045185832  -0.0044900757   0.0029816477  -0.1327833948
        0.0986922755  -0.0526276127   0.0000734925  -0.0003511235  -0.0000402909
       -0.0004994485  -0.0001660441  -0.0002755008  -0.0004836348   0.0003302636
       -0.0000112657   0.0000271703   0.0000552940  -0.0000446876   0.0000015190
       -0.0000235736   0.0000150386   0.0000358617  -0.0000279447   0.0000094237
       -0.0000426008   0.0000815995   0.0001003709   0.0000105113   0.0000214037
        0.0000044136   0.0000002563  -0.0000187557  -0.0000036041  -0.0000054273
        0.0000059069   0.0000060190   0.0000234812   0.0000040626   0.0000119815
        0.0000891276   0.0000477360   0.0000399432  -0.0000089973   0.0000415964
        0.0000162115  -0.0000023309   0.0000155998  -0.0000108393  -0.0000475014
       -0.0007396327   0.0014846248   0.0000400622  -0.0000311268  -0.0002692038
        0.1564567282  -0.1112214484   0.0612159094   0.0012062817  -0.0009088678
       -0.0003412165   0.0001251220  -0.0003997644   0.0000347440  -0.0000362289
        0.0000403446  -0.0000108629   0.0001763693   0.0000703973  -0.0010301702
       -0.0000407036  -0.0000524556   0.0000534136  -0.0000045027   0.0000862951
        0.0001133915   0.0001449837   0.0000791400  -0.0000081481   0.0000140293
       -0.0000086804  -0.0000053269  -0.0000346145  -0.0000060428   0.0000128425
       -0.0000186682  -0.0000091897  -0.0000077313   0.0000060780   0.0000013907
        0.0000047343   0.0000018771  -0.0000169749   0.0000121202  -0.0000107195
       -0.0000097357  -0.0000051788   0.0000020209  -0.0000031481   0.0000015755
        0.0000150632   0.0000237461   0.0000149697  -0.0000073722  -0.0000317300
       -0.0000095682  -0.0000048049  -0.0000019204  -0.0000077220  -0.0009343420
        0.0022688939  -0.0001943514  -0.0250676956   0.0187502553  -0.0125167283
        0.0033945039   0.0014226908   0.0006272235   0.0000136130   0.0001210155
       -0.0000059647   0.0002524467   0.0005363120   0.0000266743   0.0005093703
       -0.0005431101   0.0004036473   0.0000033574  -0.0000153530   0.0000350569
       -0.0000180073   0.0000054259  -0.0000071366   0.0000322326   0.0000095364
        0.0000026952  -0.0062391096  -0.0031242528  -0.0004510655  -0.0012915277
        0.0006768256  -0.0003527738  -0.0001708519  -0.0000744330  -0.0000647186
       -0.0001877564  -0.0000645062   0.0000274996   0.0000756193   0.0001339901
       -0.0000234284
        0.0001616128   0.0000407837   0.0000512269  -0.0002077763   0.0000023167
       -0.0000097752  -0.0000541875   0.0000047992  -0.0000114307  -0.0001309264
        0.0003145711   0.0000425745   0.0002277419  -0.0001154069   0.0001353759
       -0.0000228534  -0.0004063953  -0.0001155773   0.0000569731  -0.0000293276
       -0.0000465320   0.0046921051  -0.0068211375   0.0079636920   0.0971820120
       -0.1453169268   0.0561852196  -0.0003114478  -0.0003148973  -0.0002208647
        0.0000837495  -0.0002336165   0.0004914181   0.0001490372   0.0005395006
        0.0001705172   0.0001612767  -0.0001358189  -0.0001234248  -0.0001263612
       -0.0000325858   0.0000088195   0.0000213420  -0.0000248736   0.0000060100
        0.0000968648   0.0001493831   0.0000314753  -0.0000119274   0.0000586796
        0.0000081737   0.0000051464  -0.0000205110  -0.0000150820   0.0000095452
        0.0000009776  -0.0000134101   0.0000646993   0.0000004547   0.0000117775
        0.0000286078   0.0000672773  -0.0000474797   0.0000661021   0.0001275080
       -0.0000286276   0.0000589088   0.0000320438   0.0000226623  -0.0004776056
        0.0001825930   0.0021924801   0.0000387798   0.0002059140  -0.0002904213
       -0.1112214484   0.1773659956  -0.0616426480   0.0011872169  -0.0007036251
        0.0005597493  -0.0001650864  -0.0003345328  -0.0000618790   0.0000413882
        0.0000656584   0.0000375492   0.0000318083   0.0005844611  -0.0002531092
        0.0000071606  -0.0000835102  -0.0001158766   0.0000452658  -0.0000387489
       -0.0001044649   0.0000327215  -0.0001404060   0.0002147889  -0.0000062428
        0.0000169056  -0.0000001369  -0.0000436684   0.0000311403  -0.0000157802
       -0.0000122253  -0.0000174334  -0.0000029722   0.0000057976  -0.0000115502
       -0.0000190509  -0.0000105910  -0.0000227172   0.0000170447   0.0000195363
       -0.0000322993  -0.0000107512   0.0000070889  -0.0000094026   0.0000053399
       -0.0000321603   0.0000916127   0.0000296907   0.0000046086  -0.0001514282
       -0.0000053087   0.0000253238   0.0000048701  -0.0000191867   0.0170680783
       -0.0280077601   0.0021016378  -0.0051782689   0.0057163955  -0.0024450160
       -0.0007302346   0.0011391976  -0.0005424299   0.0002175924  -0.0015818645
       -0.0000073897  -0.0004222941  -0.0026439396  -0.0041351676  -0.0002266168
        0.0009691960   0.0002691924  -0.0001027614  -0.0001771287  -0.0002236552
       -0.0000324706   0.0000386875   0.0000689845   0.0000697100   0.0000497049
        0.0000653074  -0.0016449685  -0.0006580789   0.0000410413  -0.0005358697
        0.0002260039  -0.0001790762  -0.0001048926  -0.0000198828   0.0000050075
       -0.0001121534  -0.0000327403  -0.0000229281   0.0000572372   0.0000919142
       -0.0000073037
       -0.0001136859  -0.0000542472  -0.0000703511   0.0000959544  -0.0001398079
       -0.0000735171   0.0001804605   0.0000152955  -0.0000338606  -0.0002185541
        0.0002457574   0.0002975629  -0.0010126388   0.0001830702   0.0007531125
        0.0001759299   0.0002119220   0.0001356438  -0.0002801023   0.0000020398
       -0.0000637060  -0.0137562347   0.0211614921  -0.0161143780  -0.0555490319
        0.0593379087  -0.0708282846   0.0002038158  -0.0002855234   0.0000224400
       -0.0011984689  -0.0002760578   0.0000118037   0.0001592141   0.0004027324
        0.0001548626  -0.0001192621  -0.0000798814  -0.0000334373  -0.0000031762
        0.0000132100  -0.0000307326   0.0000004498  -0.0000026270   0.0000064725
        0.0000336732   0.0001241020  -0.0000111652  -0.0000050458  -0.0000216655
       -0.0000021589  -0.0000162702  -0.0000007924   0.0000144686  -0.0000018288
       -0.0000006023   0.0000188059  -0.0000590404  -0.0000153622  -0.0000181927
        0.0001130438  -0.0003741738  -0.0002450642  -0.0000159939  -0.0001672613
       -0.0000862459  -0.0000237997  -0.0000343858  -0.0000143681   0.0017187369
        0.0016798827  -0.0057480934  -0.0003057436   0.0001053936   0.0001212058
        0.0612159094  -0.0616426480   0.0904815943   0.0009413707  -0.0020131129
        0.0009907206   0.0000023858  -0.0002364152  -0.0000845771   0.0000908948
        0.0001413787  -0.0000329407  -0.0004992101   0.0001469654  -0.0012998740
        0.0001269321  -0.0000698110  -0.0000844875   0.0001597184  -0.0001557420
       -0.0000855062  -0.0000437212   0.0001521364   0.0001164904  -0.0000315885
        0.0000314170  -0.0000434962   0.0000148129  -0.0000067193  -0.0000029445
       -0.0000072923   0.0000037965  -0.0000136078   0.0000140525  -0.0000222897
       -0.0000142712  -0.0000019702   0.0000040874   0.0000147477   0.0000084075
        0.0000096288   0.0000021654  -0.0000033264  -0.0000030487  -0.0000056019
       -0.0000109077   0.0000089297  -0.0000188278   0.0000069824  -0.0000393638
        0.0000249381   0.0000096036   0.0000205503  -0.0000010129   0.0108328609
       -0.0177826422   0.0026384100  -0.0028544618   0.0028369883   0.0005188954
        0.0009418690  -0.0007611359  -0.0003137524   0.0002043609  -0.0010087584
       -0.0000475199  -0.0011294858  -0.0014364695  -0.0025396234   0.0006201914
        0.0000022721   0.0009752856  -0.0000450192  -0.0001651463  -0.0001546920
       -0.0000128135  -0.0000084311   0.0000288002   0.0000777834   0.0000742107
        0.0000855914  -0.0006257770  -0.0002644433   0.0006175941   0.0000005243
        0.0001542034   0.0000607298  -0.0000440711  -0.0000205575  -0.0000031375
        0.0000370743   0.0000088577   0.0000223529   0.0000015099   0.0000108941
        0.0000047343
       -0.0001474740   0.0000861216  -0.0003061325   0.0000725738  -0.0000073266
        0.0001563172  -0.0000677412   0.0000458770  -0.0001304796  -0.0000245111
        0.0001411164  -0.0000141495   0.0004934948   0.0001718326   0.0001644396
        0.0001190049  -0.0000907159   0.0000841452  -0.0002319708   0.0000198477
       -0.0002240681  -0.0005125630   0.0010059525   0.0017879742  -0.0012447592
       -0.0020914945  -0.0004843878  -0.0038806414   0.0040322064   0.0007652848
       -0.0003454590  -0.0017195402   0.0000890759  -0.0004615664   0.0013505477
        0.0006364921   0.0001838669  -0.0005741406  -0.0002714363  -0.0002348325
        0.0000545867  -0.0000371429   0.0000794229  -0.0000454751   0.0000394224
        0.0035377976  -0.0008359159   0.0011288073   0.0000730177   0.0001529997
       -0.0001050523  -0.0000403834  -0.0000463182   0.0000935294  -0.0000005873
       -0.0000539306   0.0000593540  -0.0000218364  -0.0000142525   0.0000307235
        0.0000107236  -0.0000464255   0.0000147101  -0.0000214248  -0.0000330800
       -0.0000029698  -0.0000094654  -0.0000371227   0.0000403719   0.0000439804
       -0.0001165127   0.0001597913  -0.0001136046   0.0000137212   0.0005007916
        0.0012062817   0.0011872169   0.0009413707   0.2143911835  -0.0271683961
        0.1990911959   0.0000623495  -0.0001561916  -0.0002189276   0.0003653184
       -0.0002408529  -0.0007067613   0.0007753403   0.0002847772  -0.0000813904
       -0.0000759405  -0.0000034270  -0.0000150209  -0.0000665813  -0.0000884777
       -0.0000264378   0.0000279256  -0.0000291232   0.0000469869   0.0000215941
        0.0000144907   0.0000121249  -0.0000361321   0.0000230252  -0.0000011388
        0.0000051802  -0.0000603107   0.0000038347  -0.0000067673   0.0000062981
       -0.0000131629  -0.0000209541  -0.0000048333   0.0000036253  -0.0001188139
       -0.0001272786   0.0000617408  -0.0000004638  -0.0000368615   0.0000409195
        0.0002380852   0.0006711786   0.0000435720  -0.0003374174  -0.0010555700
       -0.0000439927   0.0000295481  -0.0000754052  -0.0000611357  -0.2016400684
        0.0210230056  -0.1923043415  -0.0002307319  -0.0012376400  -0.0009056092
       -0.0002545422  -0.0002671697   0.0003880368  -0.0003539870  -0.0017868668
        0.0002031037  -0.0156207483   0.0037091076  -0.0092807503   0.0035019516
        0.0043744168  -0.0020017050   0.0000633678  -0.0005532912  -0.0000488352
       -0.0003124377   0.0003534159   0.0004677073   0.0010524967  -0.0004455304
       -0.0000325570   0.0001740716   0.0004568691   0.0002664912  -0.0001084237
       -0.0001258024  -0.0000415131  -0.0000110446   0.0000159937  -0.0000149507
        0.0000495456  -0.0000054046   0.0000808041  -0.0000242477  -0.0000139210
       -0.0000286952
        0.0000317878  -0.0000671056   0.0000260476   0.0000048558   0.0000243414
        0.0000169619   0.0001441474  -0.0000174439   0.0000576321  -0.0001068060
       -0.0000818145  -0.0000044702   0.0000813947   0.0000524540   0.0001144143
       -0.0000943730   0.0003724739  -0.0000222678  -0.0001225292  -0.0000032528
       -0.0000723582  -0.0004680096  -0.0010525583  -0.0009509235  -0.0136744462
       -0.0029166999  -0.0142974521  -0.0005007486   0.0033021477   0.0006886211
        0.0012227388  -0.0005893998  -0.0009857758  -0.0005808726  -0.0002785577
        0.0000609765   0.0000353065   0.0000299982  -0.0000686559   0.0000121012
        0.0000028372   0.0000113780  -0.0000104412   0.0000176936  -0.0000153464
        0.0017683858  -0.0017350233   0.0005155281   0.0001070769  -0.0000398551
       -0.0000567439  -0.0000286732   0.0000196601   0.0000091208   0.0000221862
        0.0000044731  -0.0000260596   0.0000090843  -0.0000308938  -0.0000237145
       -0.0000193639  -0.0000392633  -0.0000168796   0.0001213338  -0.0002235043
        0.0001561493  -0.0000456918  -0.0000564654  -0.0000007229   0.0001403786
       -0.0001691917   0.0001397162   0.0002164672   0.0000663200  -0.0004273051
       -0.0009088678  -0.0007036251  -0.0020131129  -0.0271683961   0.0581718231
       -0.0028677784   0.0000073885  -0.0000927870  -0.0001458773   0.0001156437
       -0.0004356126  -0.0002252776  -0.0001639298  -0.0013302121   0.0006406704
       -0.0002268993   0.0001199020   0.0002104946  -0.0000179940   0.0000096492
        0.0000022200  -0.0000652671  -0.0001429379  -0.0000056327   0.0000148346
       -0.0000061743   0.0000263554  -0.0000314342   0.0000190276  -0.0000033519
       -0.0000081304   0.0000247231  -0.0000010192   0.0000004430   0.0000029477
        0.0000059636  -0.0000093823  -0.0000213781   0.0000025528  -0.0001666693
        0.0000102082   0.0000684154  -0.0000116133   0.0000141108   0.0000082780
        0.0002996747   0.0000195646  -0.0000098928  -0.0002860146   0.0001297717
       -0.0000826813  -0.0001025490  -0.0001710960   0.0000361029   0.0170752065
       -0.0395921549  -0.0006892185   0.0004589820  -0.0015984968  -0.0031750506
       -0.0006164985  -0.0010349511   0.0007769013   0.0007532129  -0.0001643121
        0.0011920520   0.0167343102  -0.0005882105   0.0195707621   0.0072851625
       -0.0068252301   0.0024000964  -0.0002211065  -0.0000763905  -0.0002331527
        0.0003721146  -0.0000048070  -0.0000121127  -0.0009333623  -0.0024229285
       -0.0006613672  -0.0002983465   0.0000335149   0.0002031384  -0.0001458674
        0.0000706899   0.0001325039  -0.0000667486  -0.0000103470   0.0000185960
        0.0000423118  -0.0000081747   0.0000183598   0.0000245023   0.0000125242
       -0.0000158071
       -0.0005964061   0.0000353180  -0.0004180175   0.0006427062   0.0001589891
        0.0002124775  -0.0001999396  -0.0001767158  -0.0000834079   0.0003605441
       -0.0002570441  -0.0000850537  -0.0000184574  -0.0002387505  -0.0001601360
        0.0003652509  -0.0000460539   0.0001660740   0.0000799977   0.0002550628
        0.0000575255  -0.0001779287  -0.0019991997  -0.0018517184  -0.0100635789
       -0.0025459530  -0.0134903452  -0.0006640214   0.0011439575   0.0010143287
       -0.0006895171  -0.0007573050  -0.0004104132  -0.0000283829   0.0003150135
        0.0002158172   0.0000009625  -0.0001591198  -0.0000368972  -0.0000636773
        0.0000225703   0.0000186047  -0.0000011092  -0.0000009761   0.0000062627
        0.0018679725   0.0005690458  -0.0010957450  -0.0000269836  -0.0000266124
       -0.0001211818   0.0000222490   0.0000464868   0.0001299121  -0.0000282286
       -0.0000510981   0.0001000037  -0.0000979441   0.0000542645   0.0000233321
       -0.0000543379   0.0001090366   0.0000321631  -0.0001530353   0.0004087068
       -0.0000888012  -0.0000542823  -0.0000133399   0.0000112485  -0.0001432419
       -0.0001513678   0.0001238013   0.0003373851   0.0002205036  -0.0005286642
       -0.0003412165   0.0005597493   0.0009907206   0.1990911959  -0.0028677784
        0.2185716256  -0.0003284284  -0.0006780122  -0.0000019176   0.0004381797
       -0.0001587522  -0.0001834006   0.0002707722   0.0001605230   0.0004247618
        0.0000531257   0.0000059480   0.0000079190   0.0000007081  -0.0000677268
       -0.0000501317   0.0000206153   0.0000011921   0.0000463447  -0.0000159503
        0.0000183863  -0.0000231572   0.0000097587   0.0000100835  -0.0000077909
        0.0000007604  -0.0000021125   0.0000026391  -0.0000019023  -0.0000083394
       -0.0000183196   0.0000030886   0.0000071501   0.0000027114  -0.0000038988
       -0.0000010739   0.0001069537  -0.0000225565  -0.0000253053   0.0000163067
        0.0001002247   0.0001526226  -0.0003329883  -0.0001241856  -0.0003705509
        0.0003211727  -0.0000020207   0.0000632464   0.0001235337  -0.1835533207
       -0.0004813718  -0.1987200961   0.0005774759  -0.0006504278  -0.0003383450
        0.0000707691   0.0003945934  -0.0002307735   0.0014307668  -0.0013949365
       -0.0013978559  -0.0078287301   0.0094823855  -0.0084434387  -0.0010642017
        0.0000863690   0.0050547511  -0.0000973174  -0.0001862660  -0.0001448852
        0.0003439959  -0.0004910000  -0.0003663546   0.0000564728  -0.0008898098
        0.0008545466   0.0002282479   0.0003884362  -0.0001098704  -0.0000230058
        0.0000143807   0.0001053206   0.0000293064  -0.0000281138  -0.0000138896
        0.0000342112   0.0000020420   0.0000071629   0.0000310635   0.0000390498
        0.0000055745
        0.0003482366   0.0000045522   0.0001682698  -0.0003280006  -0.0000937089
       -0.0000986470   0.0001734227   0.0000817516   0.0000205467  -0.0001283712
        0.0001582406   0.0000616218  -0.0001956140  -0.0002505237   0.0001733503
       -0.0000870057   0.0001381524  -0.0000212872   0.0000214376  -0.0000943875
       -0.0000569050  -0.0002586704   0.0002481935  -0.0005517099  -0.0002763669
        0.0019478059   0.0005414177  -0.0002955564   0.0006054993   0.0000650881
        0.0000696279  -0.0003904018  -0.0000432305  -0.0000649372   0.0003367372
        0.0001174691   0.0000340191  -0.0001613768  -0.0000773691  -0.0000451941
        0.0000120216  -0.0000058885   0.0000221229  -0.0000122326   0.0000070199
        0.0005020441  -0.0004120471   0.0000866199   0.0000795463   0.0000373517
       -0.0000008174  -0.0000294392  -0.0000307961  -0.0000399365   0.0000113475
        0.0000171046  -0.0000427472   0.0000679713  -0.0000324311  -0.0000041613
        0.0000255308  -0.0000682209  -0.0000259689  -0.0000623122  -0.0002457829
        0.0000046007   0.0000297037   0.0000047578   0.0000139317  -0.0009752080
       -0.0003119236   0.0014476341   0.0000744441  -0.0001174640  -0.0000969625
        0.0001251220  -0.0001650864   0.0000023858   0.0000623495   0.0000073885
       -0.0003284284   0.0649857674   0.0470964827   0.0014643159   0.0000414521
       -0.0000141549  -0.0000352860   0.0000184128   0.0000612308  -0.0000185616
       -0.0000252172  -0.0000105059  -0.0000171044  -0.0000078966   0.0000034756
       -0.0000058344   0.0000063886   0.0000091010   0.0000253527   0.0000067167
        0.0000010756   0.0000037669  -0.0000193924   0.0000016438   0.0000020337
       -0.0000033861  -0.0000146645  -0.0000017440   0.0000025150   0.0000017819
       -0.0000055192  -0.0000107960  -0.0000061279   0.0000103253  -0.0000945066
       -0.0000221316   0.0000022460  -0.0000027800   0.0000057181   0.0000140588
        0.0001499429   0.0000520501   0.0000585567  -0.0000935284   0.0000173024
       -0.0000624731  -0.0000683640  -0.0000733113  -0.0000280725   0.0006728494
       -0.0031833998   0.0000151674   0.0110475438   0.0153762995   0.0014388771
       -0.0046977780   0.0094644498  -0.0049558934   0.0004248048   0.0002226628
        0.0016488763  -0.0073410044   0.0022321350  -0.0083070499   0.0026965981
        0.0010985735   0.0049511908   0.0000723248  -0.0001144597  -0.0000503079
        0.0000758286   0.0001102046   0.0002241687   0.0000172848   0.0000872840
        0.0000266038  -0.0562900550  -0.0486861421  -0.0005398202  -0.0055422294
       -0.0221333107   0.0034366395  -0.0001790548  -0.0006457005   0.0000999412
       -0.0000094467  -0.0003736170  -0.0000298643  -0.0047332445  -0.0017771187
       -0.0006804862
       -0.0001310460  -0.0000562113  -0.0001127415   0.0001348487   0.0000108744
        0.0000578199  -0.0000265019  -0.0000054678  -0.0000472248  -0.0001474691
       -0.0000525776   0.0000262756   0.0001874638   0.0000351914   0.0001409269
       -0.0002176000   0.0003652545   0.0000646841  -0.0001238173  -0.0000526827
       -0.0000835891  -0.0007328064  -0.0005155266  -0.0009649907  -0.0004853827
        0.0010872598   0.0013103852  -0.0004276992   0.0009403037   0.0002346853
        0.0000739251  -0.0005039740  -0.0001274851  -0.0000777282   0.0002773732
        0.0001156798   0.0000572550  -0.0001137981  -0.0000761328  -0.0000421833
        0.0000249365   0.0000055231   0.0000215607  -0.0000054891   0.0000103694
        0.0007850653  -0.0007293996   0.0000240656   0.0001098678  -0.0000732791
       -0.0000664554  -0.0000219986   0.0000427353   0.0000458539   0.0000109322
       -0.0000148299   0.0000194645  -0.0000254575  -0.0000236133  -0.0000135090
        0.0000250418  -0.0001119094  -0.0000278548  -0.0000363898  -0.0001970343
        0.0000430568  -0.0000539244  -0.0000331396  -0.0000000929  -0.0001119966
        0.0010461356   0.0003746399   0.0002117762  -0.0004199698  -0.0004906916
       -0.0003997644  -0.0003345328  -0.0002364152  -0.0001561916  -0.0000927870
       -0.0006780122   0.0470964827   0.3578648388  -0.0483077583   0.0000503309
       -0.0000292575  -0.0000599747   0.0000106266   0.0000540335   0.0000267477
       -0.0000270205  -0.0000095325   0.0000068266   0.0000034850  -0.0000175289
       -0.0000143531  -0.0000155953  -0.0000089461   0.0000429608  -0.0000018314
        0.0000025830  -0.0000100854  -0.0000261265   0.0000013706   0.0000014623
       -0.0000094123  -0.0000042857  -0.0000046584   0.0000028833  -0.0000047755
       -0.0000110752  -0.0000166021  -0.0000087150   0.0000141726  -0.0001570301
        0.0000263897   0.0000630404  -0.0000252878   0.0000191225   0.0000132403
        0.0002737107  -0.0000423350  -0.0000445341  -0.0001472701   0.0001482173
       -0.0000230940  -0.0001357246  -0.0000643639   0.0000140133   0.0038036094
       -0.0090334719   0.0024292463   0.0110715209  -0.0248444979   0.0063072148
        0.0008297354   0.0044722862   0.0002426037   0.0009385512  -0.0002185729
        0.0034477793  -0.0155310927   0.0134826922  -0.0135918049   0.0131328921
       -0.0043669437   0.0082251874  -0.0000326863  -0.0004671359  -0.0002304778
        0.0001363732   0.0002311285   0.0003350628   0.0002016835   0.0001252464
        0.0001623579  -0.0560033346  -0.3346144020   0.0420399501  -0.0053292965
       -0.0044913601  -0.0007523787   0.0008097660   0.0001925794  -0.0002644787
        0.0004005301   0.0000037356   0.0004396714   0.0002963505   0.0011080584
       -0.0000450994
       -0.0000671704   0.0000003273  -0.0000884400   0.0000741052   0.0000010938
        0.0000515145  -0.0000370173  -0.0000069480  -0.0000106626  -0.0000230298
        0.0000021051  -0.0000272406   0.0000935519   0.0001574373  -0.0002121142
       -0.0000420019   0.0000983395  -0.0000263566  -0.0000331573  -0.0000110310
       -0.0000254631   0.0003615258  -0.0001850452  -0.0000056815   0.0002820169
        0.0006304615  -0.0000805161  -0.0002055814   0.0002002864   0.0000962326
       -0.0000187984  -0.0001604727  -0.0000089046  -0.0000236322   0.0000964954
        0.0000527813   0.0000079232  -0.0000461011  -0.0000062861  -0.0000298245
        0.0000135881   0.0000008726   0.0000054916  -0.0000029072   0.0000120992
        0.0003204291  -0.0001333042  -0.0000300143   0.0000342950  -0.0000059118
       -0.0000547644  -0.0000030263   0.0000120238   0.0000354976   0.0000063138
       -0.0000134184   0.0000198601  -0.0000190998  -0.0000037612   0.0000049657
        0.0000088214  -0.0000310614  -0.0000054922  -0.0000028677  -0.0000369086
        0.0000482315  -0.0000214246  -0.0000155150   0.0000068241   0.0009192975
        0.0004576289  -0.0001714914   0.0001812288  -0.0002366416  -0.0002484885
        0.0000347440  -0.0000618790  -0.0000845771  -0.0002189276  -0.0001458773
       -0.0000019176   0.0014643159  -0.0483077583   0.0276631146   0.0000513077
       -0.0000013214  -0.0000177612   0.0000095456   0.0000493682  -0.0000045537
        0.0000226236  -0.0000081659  -0.0000087100  -0.0000006187  -0.0000108518
       -0.0000125128   0.0000041988   0.0000128568   0.0000107560  -0.0000036775
        0.0000000441  -0.0000074261   0.0000077976  -0.0000003188  -0.0000005242
        0.0000002777  -0.0000085083   0.0000001893   0.0000013709  -0.0000038459
       -0.0000097332  -0.0000002177   0.0000040577   0.0000032840  -0.0000588135
       -0.0000020107   0.0000501537  -0.0000083896  -0.0000030388   0.0000124515
        0.0001120811   0.0000247958  -0.0000642109  -0.0000739542  -0.0000115123
        0.0000229035  -0.0000484285  -0.0000275386   0.0000307086   0.0005960081
       -0.0008857598  -0.0009389820   0.0016827688   0.0090629763  -0.0068720253
       -0.0033375958   0.0037075255   0.0050106723  -0.0003021269  -0.0000324597
        0.0004931492  -0.0053873871  -0.0010234996  -0.0036049725   0.0031951522
       -0.0000386298  -0.0018717516   0.0000240823  -0.0000131167   0.0000101164
        0.0000315440  -0.0000082756  -0.0000792419   0.0000228035  -0.0000170079
       -0.0000515206   0.0008356126   0.0394377520  -0.0172066361   0.0006000566
       -0.0023362972  -0.0027022915   0.0003369663   0.0006573311   0.0002612881
       -0.0009284590  -0.0007874067   0.0000364720  -0.0004330300  -0.0000023870
        0.0006071259
        0.0004411353  -0.0000982343   0.0006257914  -0.0001675193  -0.0000787590
       -0.0001963733   0.0000314370  -0.0002197896   0.0000460267  -0.0001344195
       -0.0001109921  -0.0000386915  -0.0001577117   0.0000036071   0.0000577390
       -0.0003735263   0.0000878615  -0.0000491513   0.0000196350   0.0001258366
        0.0000481302   0.0000436597   0.0000302863  -0.0000829295   0.0000306184
        0.0001150497   0.0001215155  -0.2215099489  -0.0451205678   0.0312078988
       -0.0169808715  -0.0078799343   0.0054981248   0.0011009881   0.0017150086
       -0.0000478240   0.0000807884   0.0000938098  -0.0000839028  -0.0000564315
        0.0000567790  -0.0000332873  -0.0000148567   0.0000435979   0.0000122937
       -0.0386909718   0.0217052485   0.0149294233   0.0000518381  -0.0002442635
        0.0000733658   0.0000770060  -0.0000541115  -0.0001456963  -0.0000929366
        0.0001558340  -0.0000048271   0.0000350814   0.0000525766  -0.0000025290
        0.0000335454   0.0000655477   0.0000362515   0.0000968522  -0.0000855648
        0.0000360875   0.0000180302   0.0000972454  -0.0000036950   0.0000269120
        0.0000178803   0.0000152766   0.0000347471   0.0000103818  -0.0000165532
       -0.0000362289   0.0000413882   0.0000908948   0.0003653184   0.0001156437
        0.0004381797   0.0000414521   0.0000503309   0.0000513077   0.2760390087
        0.0324657559  -0.0521822142  -0.0001840916  -0.0023162149   0.0001064334
        0.0006126311  -0.0005214369  -0.0002820025   0.0000262577   0.0000085352
       -0.0000311396   0.0000703202   0.0002378225   0.0000118964  -0.0000170053
       -0.0000171265   0.0000501778   0.0000882474  -0.0000009679  -0.0000306897
        0.0000240040  -0.0000021105   0.0000102258   0.0000032308   0.0000151295
       -0.0000005597  -0.0000063812   0.0000284600   0.0000014737  -0.0001248433
        0.0002809309   0.0000804029  -0.0000291939   0.0000205507  -0.0000624640
        0.0008687959   0.0003307366  -0.0004264274  -0.0016415934  -0.0006590983
        0.0003258344   0.0000304461  -0.0002152562   0.0001993637  -0.0001325676
        0.0001549014  -0.0002590617   0.0000907650  -0.0000599967   0.0000507808
       -0.0000528406   0.0000022178  -0.0000834785   0.0000013315   0.0000715918
       -0.0000568575   0.0003219817  -0.0003118552   0.0004566939  -0.0002635826
        0.0000767456  -0.0003877703  -0.0000654830   0.0000188894  -0.0000337039
        0.0000440905  -0.0000350346  -0.0000532762   0.0000438126  -0.0002658193
        0.0000605258  -0.0000501600  -0.0000168251  -0.0000790991   0.0000046781
        0.0000178201   0.0000314887  -0.0000087067  -0.0000065710   0.0000029380
       -0.0000105813   0.0000024493  -0.0000096233   0.0000038071   0.0000040796
        0.0000072857
        0.0000802232  -0.0000380468   0.0002134421  -0.0000442575   0.0002466234
        0.0001300983  -0.0000926667  -0.0000384574  -0.0000217028  -0.0000883293
       -0.0000602347  -0.0000130946  -0.0000809416  -0.0000770787   0.0000000055
       -0.0000541544  -0.0001164546  -0.0000095350   0.0001516217   0.0001349686
        0.0003590297   0.0000046800   0.0000233462  -0.0000131300   0.0000396541
       -0.0000374089   0.0000655836  -0.0424828239  -0.0546931753   0.0072709924
       -0.0262826062  -0.0080544467   0.0030836936  -0.0024374149   0.0000722651
        0.0011090121   0.0005070227  -0.0000231184   0.0001945482   0.0000287324
       -0.0000576981  -0.0000259904   0.0000220547   0.0000143164  -0.0000001005
        0.0381882625   0.0001308993  -0.0102146420  -0.0000123046   0.0001974308
       -0.0001365952  -0.0001266303  -0.0000936220   0.0001623252   0.0000669286
       -0.0000225364  -0.0001744272   0.0000460171  -0.0000930790  -0.0000459223
        0.0000119046   0.0000210957   0.0000250190  -0.0000036767   0.0000035680
       -0.0000293423   0.0000872179  -0.0001747588   0.0000543422   0.0000098285
        0.0000157864  -0.0000275274   0.0000049979   0.0000158580   0.0000201568
        0.0000403446   0.0000656584   0.0001413787  -0.0002408529  -0.0004356126
       -0.0001587522  -0.0000141549  -0.0000292575  -0.0000013214   0.0324657559
        0.0681579807   0.0003825446  -0.0017510361  -0.0046461241  -0.0013566789
        0.0007678384  -0.0006830365  -0.0006578436   0.0000206939   0.0000996582
        0.0000154590   0.0002397266   0.0002603048  -0.0000634347  -0.0000430495
        0.0000057712   0.0000012937   0.0000863494  -0.0000627664  -0.0000261183
        0.0000172796  -0.0000055848   0.0000068742  -0.0000017409   0.0000062566
       -0.0000048490   0.0000149932   0.0000449498  -0.0000033984   0.0000239630
       -0.0002797724   0.0000045594   0.0000032744  -0.0000596567   0.0000641052
       -0.0002207148   0.0007393546   0.0001596250   0.0010339884  -0.0009653157
       -0.0002086964  -0.0000079643   0.0002348732  -0.0001498256   0.0001092873
        0.0001999962  -0.0000983570   0.0001087980  -0.0001504897   0.0000753377
       -0.0000544639   0.0001063868  -0.0000705476   0.0000372965  -0.0000028175
        0.0000649902  -0.0000272279  -0.0002565139  -0.0000828440  -0.0000110321
        0.0000895421   0.0000191721   0.0000450203   0.0000045697   0.0000224222
       -0.0000113528   0.0000045717   0.0000092229  -0.0001009044   0.0001957927
       -0.0000325191  -0.0000638385   0.0000548351  -0.0000291342  -0.0000031171
        0.0000087702  -0.0000007215  -0.0000072345  -0.0000030497   0.0000030248
       -0.0000063174  -0.0000011942  -0.0000043747   0.0000070528   0.0000058776
        0.0000031682
        0.0006106224  -0.0001497619   0.0003707318  -0.0007135966   0.0000572637
       -0.0015930167   0.0000816376   0.0000221143  -0.0000183285  -0.0001889352
        0.0001051824   0.0000205990   0.0001529891  -0.0001410034  -0.0000079163
        0.0002775527   0.0000539715   0.0000983620  -0.0003355200   0.0004264301
       -0.0007786030   0.0000244809  -0.0000016005   0.0000311728   0.0001045447
       -0.0001623820  -0.0000988403   0.0339531579   0.0070434854  -0.0516112770
        0.0012234347  -0.0005720553   0.0106970737  -0.0007137948  -0.0000051799
       -0.0005146798  -0.0005165537   0.0003518127  -0.0012771663   0.0000940719
        0.0001658376   0.0001403147  -0.0000662051   0.0000567228  -0.0000365245
        0.0169352449  -0.0060920490   0.0096461763   0.0000141219  -0.0000535982
       -0.0000991102   0.0000901881   0.0002340647  -0.0000566017   0.0000655303
        0.0000367974  -0.0000803777   0.0000085140  -0.0000221664  -0.0000179512
        0.0000282148   0.0000269878  -0.0000043905   0.0000386793  -0.0000002032
       -0.0000365086  -0.0000157739   0.0000000146  -0.0000284941   0.0000005529
       -0.0000077579   0.0000035667  -0.0000087482   0.0000071693   0.0000268354
       -0.0000108629   0.0000375492  -0.0000329407  -0.0007067613  -0.0002252776
       -0.0001834006  -0.0000352860  -0.0000599747  -0.0000177612  -0.0521822142
        0.0003825446   0.0315830790   0.0008617262  -0.0011321262   0.0030504615
        0.0003423139  -0.0003613521   0.0008234734   0.0000308271  -0.0002613382
       -0.0001254159   0.0000875237  -0.0000245057  -0.0000194635   0.0000108088
        0.0000073273   0.0000005956  -0.0000074375   0.0000054448   0.0000009924
        0.0000088692   0.0000376509   0.0000074086  -0.0000025134  -0.0000023393
       -0.0000035350   0.0000008285  -0.0000043614  -0.0000021686  -0.0000276150
       -0.0000195797   0.0001038292  -0.0000388996  -0.0000335429   0.0000108095
       -0.0000430583   0.0002307316   0.0000095490   0.0002915682  -0.0002837207
       -0.0002658743  -0.0000304595   0.0000788592  -0.0000527006   0.0003696683
       -0.0000943257   0.0002522942  -0.0001416643  -0.0001089178   0.0000373100
        0.0000393114   0.0001279565  -0.0000362872  -0.0000174254  -0.0000515058
       -0.0000399800  -0.0002222411   0.0003840805  -0.0001295606   0.0001939921
       -0.0000903154   0.0002081089   0.0000350359  -0.0000072659   0.0000157164
        0.0000045069  -0.0000003896   0.0000045247   0.0000179826   0.0000629212
        0.0000128547   0.0000352644   0.0000345753   0.0000105490  -0.0000230455
       -0.0000135691  -0.0000024222   0.0000092706  -0.0000021647  -0.0000030635
        0.0000064821   0.0000001068   0.0000083332  -0.0000009066   0.0000067280
       -0.0000003613
        0.0003857964  -0.0001286582   0.0004786246  -0.0005010685   0.0000082291
       -0.0002130934  -0.0000055387   0.0000847149   0.0001485627  -0.0002072473
        0.0000102567   0.0000108575   0.0000071263  -0.0000774458   0.0000489427
       -0.0000253996  -0.0000695833  -0.0000088201  -0.0000113295  -0.0000693814
       -0.0000028838   0.0001347343  -0.0000583247   0.0000721594  -0.0005679695
        0.0004558621  -0.0003487077  -0.0138142954  -0.0056733390   0.0034172695
       -0.2644442115  -0.0481305505   0.0689790923  -0.0226694025  -0.0004632168
        0.0077829041   0.0006348570  -0.0010429432  -0.0019671462   0.0000055410
        0.0000704681   0.0000853480   0.0000412567  -0.0000314828   0.0000200761
        0.0017571123   0.0016172510  -0.0007358485   0.0000414508  -0.0001305859
        0.0000279173   0.0000345021   0.0000548131  -0.0000988335   0.0000508267
        0.0000795251  -0.0001260563   0.0000695727  -0.0000581555  -0.0000749331
        0.0000261650   0.0000489766   0.0000184604   0.0000438872  -0.0000214722
       -0.0000085027   0.0000171641   0.0000265261  -0.0000142842  -0.0000128542
        0.0000139266   0.0000024027   0.0000032243   0.0000035492   0.0000062736
        0.0001763693   0.0000318083  -0.0004992101   0.0007753403  -0.0001639298
        0.0002707722   0.0000184128   0.0000106266   0.0000095456  -0.0001840916
       -0.0017510361   0.0008617262   0.2988938618   0.0538165901  -0.0811362181
       -0.0002275550   0.0011890304   0.0042200690  -0.0000676073  -0.0004898897
       -0.0003496609   0.0006004551   0.0007363897  -0.0001043974  -0.0000673820
        0.0000237567  -0.0000283931   0.0001953089  -0.0001840293  -0.0000356872
        0.0000026308  -0.0000416470   0.0000012692  -0.0000125625  -0.0000140191
       -0.0000139998   0.0000560757   0.0000584792  -0.0000154986  -0.0000526505
        0.0000905944   0.0000313891  -0.0000111324   0.0000272019  -0.0000241067
        0.0001518951   0.0000576607  -0.0001150944  -0.0002073614  -0.0000937738
        0.0000775434   0.0000036518  -0.0000062901   0.0000459443  -0.0008822651
        0.0002360933  -0.0005295976  -0.0000390202   0.0001564833  -0.0001341594
       -0.0000273590  -0.0000700873   0.0000708025  -0.0000006506   0.0000229302
        0.0000243986   0.0001864377  -0.0001917131   0.0000202328  -0.0001418663
        0.0000952958  -0.0001608863  -0.0000325066   0.0000065564  -0.0000119254
       -0.0000051150   0.0000120239   0.0000047576   0.0000141115  -0.0000634196
        0.0000140622  -0.0000782311  -0.0000181072   0.0000060369  -0.0000057401
        0.0000062731   0.0000021325  -0.0000130789   0.0000010672   0.0000016144
       -0.0000068894  -0.0000026993  -0.0000013240  -0.0000053860  -0.0000071791
       -0.0000019190
        0.0002348175  -0.0000383093   0.0003224652  -0.0003039523  -0.0000910636
       -0.0001861195   0.0000381192  -0.0000018434  -0.0000799509   0.0000200753
        0.0000574151   0.0000060753  -0.0000671318   0.0000447805   0.0000513574
       -0.0001424737  -0.0000305204  -0.0000301202   0.0000460228  -0.0000774185
        0.0000349013   0.0000520932  -0.0000038248  -0.0000146692  -0.0000588649
        0.0001702053   0.0002191743  -0.0280442394  -0.0063422463   0.0070514699
       -0.0494341614  -0.0550005138   0.0134294046   0.0205944828   0.0035512193
       -0.0061937386   0.0019559883   0.0010083610   0.0004439300  -0.0000490999
       -0.0002286309  -0.0000013559   0.0000059625  -0.0000730704  -0.0000144948
        0.0019193212   0.0032126856   0.0001784701   0.0000119708  -0.0000913913
        0.0000770018   0.0000421617   0.0000605756  -0.0001114653  -0.0000163941
        0.0000196546  -0.0000113624  -0.0000170235   0.0000243628   0.0000356834
        0.0000396620   0.0000082477  -0.0000094296   0.0000046065  -0.0000268889
        0.0000013624   0.0000066835   0.0000739730  -0.0000076333   0.0000002061
       -0.0000064321   0.0000125230   0.0000152375  -0.0000116161  -0.0000667091
        0.0000703973   0.0005844611   0.0001469654   0.0002847772  -0.0013302121
        0.0001605230   0.0000612308   0.0000540335   0.0000493682  -0.0023162149
       -0.0046461241  -0.0011321262   0.0538165901   0.0617820805  -0.0107272592
        0.0015441948  -0.0019989924  -0.0037945780  -0.0001063558   0.0000922939
        0.0001951310  -0.0002084199  -0.0007227239  -0.0000182132   0.0000288119
        0.0000416333  -0.0000071391  -0.0002001868   0.0000332370   0.0000366570
       -0.0000297885   0.0000027444   0.0000018300  -0.0000036308   0.0000048667
        0.0000035503  -0.0000241831  -0.0000587619   0.0000080561  -0.0000130886
        0.0000985916  -0.0000050702  -0.0000149883   0.0000244140  -0.0000401233
        0.0001288335   0.0000070600  -0.0000872285  -0.0002497426  -0.0000470769
        0.0000504482   0.0000284814  -0.0000150645   0.0000454520   0.0004625206
        0.0002818503   0.0002291004   0.0000165708   0.0003470006  -0.0001132978
       -0.0000092288  -0.0002365809   0.0000818559   0.0000148885   0.0000759318
        0.0000012246   0.0002882322  -0.0005789125   0.0001624278  -0.0003533834
        0.0002278334  -0.0003324778  -0.0000368465   0.0000558650  -0.0000198296
        0.0000569894  -0.0000181558  -0.0000364539  -0.0001035128  -0.0001093793
        0.0000052983   0.0000261954  -0.0001556461  -0.0000027960   0.0000106258
        0.0000071259   0.0000159417  -0.0000020507  -0.0000011270  -0.0000001405
       -0.0000075029  -0.0000015462  -0.0000112871  -0.0000142851  -0.0000084302
       -0.0000025795
       -0.0002532881   0.0000030652  -0.0002354241   0.0003428593   0.0000361949
        0.0001610365   0.0000121123  -0.0001635782   0.0000459499   0.0000229703
       -0.0000299546   0.0000416516   0.0000964363   0.0000099318  -0.0000352314
        0.0000647325   0.0000986039   0.0000548867  -0.0001014359   0.0000668071
        0.0000112429   0.0000474821  -0.0001340480   0.0000305970  -0.0005816974
        0.0005427315  -0.0002825044  -0.0009349878  -0.0012017107   0.0018976631
        0.0686429437   0.0139183263  -0.0548789119   0.0129675947   0.0004283289
       -0.0039386170  -0.0010662227   0.0018362615  -0.0031954690   0.0000803847
        0.0004446044   0.0001993545  -0.0001687109   0.0001340350  -0.0000563379
       -0.0010006573   0.0006170774  -0.0013607241  -0.0000119043  -0.0000029296
       -0.0000519405  -0.0000006449   0.0000299526   0.0000616264  -0.0000155856
       -0.0000314663   0.0000629398  -0.0000389890   0.0000231355   0.0000079998
        0.0000165306  -0.0000213077  -0.0000269244   0.0000027687  -0.0000036914
       -0.0000038868  -0.0000180115  -0.0000256140  -0.0000081115  -0.0000064812
       -0.0000483182   0.0000755842  -0.0000053663  -0.0000114023  -0.0000146362
       -0.0010301702  -0.0002531092  -0.0012998740  -0.0000813904   0.0006406704
        0.0004247618  -0.0000185616   0.0000267477  -0.0000045537   0.0001064334
       -0.0013566789   0.0030504615  -0.0811362181  -0.0107272592   0.0511285581
        0.0041531150  -0.0037752382   0.0084216816   0.0000660473  -0.0004968778
       -0.0002647964  -0.0001484072  -0.0004227271  -0.0000164311  -0.0000114537
        0.0000242610  -0.0000236873  -0.0001256832   0.0000753297   0.0000080914
       -0.0000041696   0.0000872324   0.0000139924   0.0000076500  -0.0000101209
       -0.0000237161  -0.0000285618  -0.0000423187   0.0000207535   0.0000020345
       -0.0000058081   0.0000359821  -0.0000016445  -0.0000133796   0.0000079568
        0.0000007118   0.0000269659  -0.0000782586  -0.0000016083  -0.0000695180
        0.0000530285  -0.0000008601   0.0000055575   0.0000244753   0.0000821651
       -0.0002829680  -0.0001440093  -0.0003708182   0.0000498306  -0.0000561961
        0.0002474031  -0.0000817365   0.0000599084   0.0000214741  -0.0001163265
       -0.0000929539  -0.0002807675   0.0005159394   0.0000158496   0.0001935199
       -0.0001885914   0.0001184533  -0.0000095106  -0.0000190195  -0.0000190974
        0.0000245584  -0.0000312937  -0.0000137803  -0.0000005557  -0.0000155691
        0.0000341961   0.0002053744  -0.0000302767   0.0000398144  -0.0000021165
       -0.0000332154   0.0000083895   0.0000344464  -0.0000031786  -0.0000052681
        0.0000254990   0.0000056785   0.0000119162  -0.0000107680   0.0000019629
        0.0000025385
        0.0000931226  -0.0001083716   0.0001252325   0.0001676007   0.0002219159
       -0.0000603282   0.0000989178  -0.0000275131   0.0001345778  -0.0004156858
       -0.0000623241  -0.0001029368  -0.0001796292  -0.0000648393  -0.0000026845
       -0.0000369269   0.0000376193   0.0000187871  -0.0001170207   0.0000703972
        0.0000666199   0.0000488982   0.0000183761  -0.0000429023   0.0000768172
        0.0000062292   0.0000693238  -0.0002581522   0.0002149000  -0.0018371253
       -0.0229792575  -0.0016354414   0.0082011813  -0.2638119812  -0.0529852610
        0.0652849039  -0.0113070716  -0.0055154013   0.0030948413   0.0007621936
        0.0005269425   0.0000856209   0.0000557435   0.0001740781   0.0000055947
        0.0009117924  -0.0010661328  -0.0001754910  -0.0000199554  -0.0000744252
        0.0000081938  -0.0000142612   0.0000139113  -0.0000157757  -0.0000001391
        0.0000136686   0.0000520425   0.0002467609  -0.0000949646   0.0000509468
       -0.0000184858   0.0000075685   0.0000261619   0.0000333196  -0.0000476890
       -0.0000112860   0.0000343141  -0.0000301319  -0.0000237304   0.0000339156
        0.0000109328  -0.0000069524   0.0000185690   0.0000013471   0.0000210901
       -0.0000407036   0.0000071606   0.0001269321  -0.0000759405  -0.0002268993
        0.0000531257  -0.0000252172  -0.0000270205   0.0000226236   0.0006126311
        0.0007678384   0.0003423139  -0.0002275550   0.0015441948   0.0041531150
        0.2957215471   0.0597455561  -0.0793525686   0.0003437306   0.0003117330
        0.0000826351  -0.0001213729  -0.0019480036  -0.0001732096  -0.0001534328
       -0.0000630885   0.0000878828   0.0004409005  -0.0001212418  -0.0000689049
        0.0000760639   0.0000406016   0.0000241339  -0.0000153228   0.0000329357
       -0.0000029584   0.0000269956   0.0001585882  -0.0000358008   0.0000105340
        0.0000486558   0.0000155677  -0.0000134402   0.0000007838  -0.0000205573
        0.0000060079  -0.0000946432  -0.0000653197  -0.0000102999   0.0000991535
        0.0000381578   0.0000050161   0.0000148459   0.0000282460   0.0000640685
        0.0001991887  -0.0001533456   0.0000833625  -0.0003225274   0.0001111123
       -0.0000683107   0.0002295077  -0.0001205998   0.0000051355   0.0000377074
       -0.0000009520   0.0000230628  -0.0002308450   0.0000968759  -0.0000294348
        0.0001009390  -0.0000907281  -0.0000000736   0.0000206328   0.0000014365
        0.0000229626  -0.0000119500  -0.0000129147  -0.0000392945  -0.0000040725
        0.0000120903  -0.0000463320   0.0000815440  -0.0000702757  -0.0000006589
        0.0000036297   0.0000104776  -0.0000044682  -0.0000026884   0.0000047069
       -0.0000042753   0.0000019562  -0.0000154050   0.0000107155   0.0000004361
        0.0000062017
       -0.0003856038   0.0001614281  -0.0006119620   0.0006059801  -0.0002456787
        0.0004866804  -0.0001196117   0.0000526681   0.0003484556   0.0001310712
       -0.0000092338  -0.0000105192  -0.0000260530   0.0000362622  -0.0000234861
        0.0000488936  -0.0000120477  -0.0000181561   0.0000007106  -0.0000489757
       -0.0000704995  -0.0000041601  -0.0000166798   0.0000153872   0.0000102937
       -0.0000255055   0.0000031041   0.0038041976   0.0006829159   0.0005750612
        0.0189580531   0.0035887411  -0.0060867391  -0.0551066808  -0.0547957382
        0.0133835204  -0.0243862734  -0.0080336884   0.0064477505  -0.0012295364
        0.0009811778  -0.0001300126   0.0001760595   0.0000134168  -0.0000414227
       -0.0010762185   0.0002529625   0.0001039931  -0.0000170747   0.0001045697
       -0.0000168707  -0.0000299228  -0.0000821361   0.0000859047  -0.0000759373
       -0.0000024817   0.0001637640   0.0000435456   0.0000981868  -0.0000030767
       -0.0000920937  -0.0000577581  -0.0000109855  -0.0000377947   0.0000080319
       -0.0000028574  -0.0000071442  -0.0000177705  -0.0000050515  -0.0000023400
       -0.0000023104  -0.0000069363  -0.0000132213  -0.0000098869   0.0000082709
       -0.0000524556  -0.0000835102  -0.0000698110  -0.0000034270   0.0001199020
        0.0000059480  -0.0000105059  -0.0000095325  -0.0000081659  -0.0005214369
       -0.0006830365  -0.0003613521   0.0011890304  -0.0019989924  -0.0037752382
        0.0597455561   0.0650145067  -0.0092290946  -0.0003417488   0.0002972597
        0.0002328394  -0.0020381168  -0.0048115690  -0.0013028274   0.0000066826
        0.0000093343  -0.0000159106   0.0006158657  -0.0006359780  -0.0000888070
        0.0000731357   0.0000136092   0.0000298121  -0.0000462790   0.0000509167
        0.0000211768   0.0001691576   0.0001563512  -0.0000633683   0.0000259484
       -0.0000617681  -0.0000147548  -0.0000025529  -0.0000289944   0.0000146319
       -0.0000407002   0.0000167872   0.0000540390   0.0000548573  -0.0000088359
       -0.0000367777  -0.0000013649   0.0000081307  -0.0000259171  -0.0000274576
       -0.0000179639   0.0000128226   0.0000639732  -0.0000927186   0.0000155984
       -0.0000363586   0.0000563618   0.0000029440   0.0000038400  -0.0000136948
        0.0000088399  -0.0000094043   0.0000195992  -0.0000251541   0.0000262067
       -0.0000054144   0.0000382960   0.0000069544  -0.0000030081   0.0000053563
       -0.0000113988   0.0000069428   0.0000088243   0.0000166619   0.0000191610
       -0.0000038068  -0.0000335826   0.0000448554  -0.0000035391   0.0000116719
        0.0000025285  -0.0000080953  -0.0000043403   0.0000037818   0.0000034345
       -0.0000022690  -0.0000012305  -0.0000048806   0.0000047187  -0.0000042502
       -0.0000003793
       -0.0001151623  -0.0000127376  -0.0000792323   0.0001046902   0.0002388807
       -0.0000482338  -0.0002047619   0.0004588529  -0.0002951851  -0.0001571016
       -0.0000930289  -0.0000780371   0.0001378701  -0.0001083284  -0.0000512766
        0.0000954404   0.0000557401   0.0000317517  -0.0000989537  -0.0000001104
       -0.0000104281   0.0000430792  -0.0000475773  -0.0000097705   0.0000317154
        0.0000828575   0.0000020221  -0.0008798848   0.0012752366  -0.0045431978
        0.0148390377   0.0005249121  -0.0031205286   0.0651481401   0.0132394226
       -0.0550966168  -0.0039390816  -0.0009816963   0.0028394038   0.0000895253
       -0.0006286914   0.0004751688   0.0000495230  -0.0000610812   0.0000048684
       -0.0006049908   0.0006937683   0.0006990382  -0.0000369149   0.0000022112
       -0.0000538553   0.0000216658  -0.0000382848   0.0000685617   0.0001293164
        0.0000577972  -0.0000489739   0.0000814391  -0.0000440181  -0.0006287820
        0.0000289885   0.0000336979   0.0000240978   0.0000150045  -0.0000004263
       -0.0000103113   0.0000165572  -0.0000470966  -0.0000171941  -0.0000062641
       -0.0000066320   0.0000228625   0.0000041174   0.0000034626   0.0000184062
        0.0000534136  -0.0001158766  -0.0000844875  -0.0000150209   0.0002104946
        0.0000079190  -0.0000171044   0.0000068266  -0.0000087100  -0.0002820025
       -0.0006578436   0.0008234734   0.0042200690  -0.0037945780   0.0084216816
       -0.0793525686  -0.0092290946   0.0485838917   0.0003321932   0.0002139722
        0.0003270583   0.0001872303  -0.0013629636   0.0017629264   0.0000665906
        0.0000281253  -0.0001021501  -0.0000668799   0.0002102474   0.0000584002
        0.0000420368  -0.0000099100   0.0000028266  -0.0000237969  -0.0000116291
       -0.0000053456   0.0000119702   0.0000041530  -0.0000173000   0.0000313178
       -0.0000193903   0.0000213222  -0.0000103041  -0.0000230534   0.0000097888
       -0.0000326467   0.0000005238  -0.0000482277   0.0000455688  -0.0000128080
        0.0000543840  -0.0000017761   0.0000195294   0.0000085105   0.0000492817
       -0.0001327949   0.0000767591  -0.0001463421  -0.0001069618  -0.0000330134
        0.0000532582   0.0000811887   0.0000144797   0.0000022435  -0.0000437240
       -0.0000212525  -0.0001133801   0.0002210419  -0.0000370739   0.0000972404
       -0.0000669657   0.0000645212  -0.0000015217  -0.0000111163   0.0000041196
       -0.0000029873   0.0000055221  -0.0000003652   0.0000144529   0.0000029707
        0.0000036051   0.0000609810   0.0000112820   0.0000218672  -0.0000119670
       -0.0000172242  -0.0000024985   0.0000106416   0.0000011495  -0.0000045089
        0.0000097380   0.0000007860   0.0000062934  -0.0000029239   0.0000009902
       -0.0000034527
       -0.0000726083   0.0000063530  -0.0000153318  -0.0000159342  -0.0000028168
       -0.0000108087   0.0001878298  -0.0002705962  -0.0001334351   0.0001362915
        0.0002307571   0.0001633782  -0.0000379629   0.0000046594  -0.0000107621
       -0.0000165021   0.0000011768   0.0000141316   0.0000014896   0.0000348214
        0.0000476849  -0.0000251819   0.0000624076   0.0000152094  -0.0000545832
        0.0000648534  -0.0000474886   0.0004379843   0.0008999219   0.0006666896
       -0.0001166114  -0.0015605052  -0.0006547346   0.0008689048  -0.0005754262
       -0.0085269562  -0.0420157199  -0.0044433456   0.0027822633  -0.0022082315
        0.0014328163  -0.0206655679   0.0003436450  -0.0006804138   0.0002401559
        0.0001965829  -0.0006017392  -0.0003707432  -0.0000387730  -0.0000048260
        0.0000308807   0.0000090091   0.0000213887  -0.0000176167  -0.0000367057
       -0.0000404818   0.0000233217  -0.0002123637  -0.0000260657   0.0001169821
        0.0001068430   0.0000423946  -0.0001955531  -0.0000175414  -0.0000046960
       -0.0000085196  -0.0000175007   0.0000270508  -0.0000091820  -0.0000042449
       -0.0000376876  -0.0000052180  -0.0000368716   0.0000057875  -0.0000576622
       -0.0000045027   0.0000452658   0.0001597184  -0.0000665813  -0.0000179940
        0.0000007081  -0.0000078966   0.0000034850  -0.0000006187   0.0000262577
        0.0000206939   0.0000308271  -0.0000676073  -0.0001063558   0.0000660473
        0.0003437306  -0.0003417488   0.0003321932   0.0470626038  -0.0006715329
       -0.0005905727  -0.0032876687   0.0041387500   0.0296119418  -0.0018866260
        0.0027165983  -0.0024508932   0.0004115892  -0.0003770637  -0.0007758443
       -0.0000626603  -0.0002161933   0.0000084616   0.0002172736   0.0001837153
        0.0001100342  -0.0001850112   0.0000360705   0.0002002299   0.0000440535
        0.0000165351  -0.0000206942   0.0000006787  -0.0000023681  -0.0000117973
       -0.0000626110  -0.0000944024   0.0000119571   0.0000666559   0.0001484481
       -0.0000068873   0.0000141545   0.0000267030  -0.0000013919   0.0000979727
       -0.0001146409   0.0000003545  -0.0001670994   0.0000885301   0.0000057902
        0.0001033724  -0.0000717878  -0.0000534435   0.0000070252  -0.0000241452
       -0.0000118214  -0.0001130098   0.0001109970  -0.0000652603   0.0000716576
       -0.0000376619   0.0000645029  -0.0000014778  -0.0000042625  -0.0000020487
        0.0000007578  -0.0000013364  -0.0000029518  -0.0000071898   0.0000130445
        0.0000037865   0.0000840660  -0.0000407625   0.0000145356  -0.0000059266
       -0.0000113327   0.0000028442   0.0000140051  -0.0000047574  -0.0000057807
        0.0000080967   0.0000036581   0.0000013702  -0.0000093259   0.0000000633
        0.0000035857
        0.0002782232   0.0000952710   0.0002340321  -0.0003695823  -0.0001472187
       -0.0001150216  -0.0000415520  -0.0000514725  -0.0001329277   0.0000358210
       -0.0003795495  -0.0002320510   0.0001679347   0.0000545381   0.0000351903
       -0.0001783540  -0.0000724545  -0.0000049176   0.0001628987  -0.0000127040
        0.0000609498  -0.0000279095   0.0000200256   0.0000230079   0.0000370688
       -0.0001742244  -0.0000000051   0.0016639945  -0.0005983800   0.0025489948
       -0.0019417578  -0.0030814773   0.0005488953  -0.0008121422  -0.0133644992
       -0.0300561854  -0.0028021858  -0.0398513017  -0.0407117036   0.0030328761
        0.0010616389   0.0199721393   0.0000341971   0.0010804502   0.0010424057
       -0.0002324309  -0.0005766833  -0.0008069850  -0.0000189566   0.0000294810
        0.0000573627   0.0000265888   0.0000126835  -0.0000742386  -0.0000428116
       -0.0000001901  -0.0000321116  -0.0002814022   0.0000882053   0.0001027457
        0.0002975633   0.0002301176   0.0003866331  -0.0000229853   0.0000867128
        0.0000137118   0.0000017577   0.0000713515   0.0000043008  -0.0000469200
        0.0000284610  -0.0000105466   0.0000502936   0.0000237902   0.0000617376
        0.0000862951  -0.0000387489  -0.0001557420  -0.0000884777   0.0000096492
       -0.0000677268   0.0000034756  -0.0000175289  -0.0000108518   0.0000085352
        0.0000996582  -0.0002613382  -0.0004898897   0.0000922939  -0.0004968778
        0.0003117330   0.0002972597   0.0002139722  -0.0006715329   0.0549795071
        0.0424262955  -0.0003199038   0.0020384736   0.0036857714   0.0027533886
       -0.0024104864   0.0022981262  -0.0005598854   0.0005208424  -0.0001175663
       -0.0000813567   0.0001808605  -0.0000837793   0.0001721115  -0.0004973520
       -0.0003535723  -0.0000618611  -0.0000971686  -0.0000145172   0.0000285106
       -0.0000000251  -0.0000414385  -0.0000019626   0.0000042166  -0.0000076804
       -0.0000487311  -0.0000727401   0.0000704238   0.0000522595   0.0001445423
       -0.0000697866   0.0000179263   0.0000054306  -0.0000209993  -0.0000455671
        0.0000736291   0.0000666299   0.0001341332   0.0000420554  -0.0000063092
       -0.0000921711   0.0000055023   0.0000198373  -0.0000038304   0.0000213843
        0.0000227531   0.0000061959  -0.0000235513  -0.0000806182   0.0000088925
        0.0000309796   0.0000732010   0.0000098606   0.0000061102   0.0000066871
       -0.0000059847   0.0000085882   0.0000129336  -0.0000113348   0.0000183603
       -0.0000124314  -0.0000698059  -0.0000010708   0.0000153942   0.0000029327
        0.0000087901  -0.0000177137  -0.0000106628   0.0000028710   0.0000007702
       -0.0000062448  -0.0000023655  -0.0000058673   0.0000027249  -0.0000025386
       -0.0000033925
        0.0000637423   0.0000104220   0.0000385802  -0.0001103276  -0.0000478350
       -0.0000007254  -0.0000852030  -0.0000114417  -0.0001339927   0.0001609820
        0.0001971687  -0.0000335926  -0.0000076316  -0.0000873687  -0.0000083523
        0.0000023518  -0.0000637727  -0.0000123714   0.0000377938  -0.0000226018
       -0.0000120773   0.0000023845   0.0000032725   0.0000185930   0.0000569282
       -0.0001044118  -0.0000045463   0.0004343880  -0.0003125303   0.0006164856
       -0.0013674897  -0.0000320046   0.0002297496  -0.0002586746  -0.0088861922
       -0.0094853306   0.0048350535  -0.0353620591  -0.2602235829  -0.0048305778
        0.0023998624  -0.0191442625   0.0005471762  -0.0008789633   0.0008935095
       -0.0001275559  -0.0000416916  -0.0000678071  -0.0000036148   0.0000067821
        0.0000319389   0.0000041887   0.0000104736  -0.0000304855  -0.0000180759
       -0.0000078870   0.0000053619   0.0000268234   0.0000622931   0.0000638328
       -0.0001382774   0.0001818598  -0.0000614486  -0.0000140685   0.0000114287
        0.0000059900   0.0000044605   0.0000227341  -0.0000015883  -0.0000165077
        0.0000222956  -0.0000249333  -0.0000027818   0.0000106149   0.0000399168
        0.0001133915  -0.0001044649  -0.0000855062  -0.0000264378   0.0000022200
       -0.0000501317  -0.0000058344  -0.0000143531  -0.0000125128  -0.0000311396
        0.0000154590  -0.0001254159  -0.0003496609   0.0001951310  -0.0002647964
        0.0000826351   0.0002328394   0.0003270583  -0.0005905727   0.0424262955
        0.3031253638   0.0039591899  -0.0021419554  -0.0156759378  -0.0027482278
        0.0023009174  -0.0010309844   0.0003579473  -0.0004040535   0.0006464785
        0.0001573792  -0.0003968723   0.0002088266  -0.0000596630   0.0005701739
        0.0004600638   0.0000530976   0.0000157890  -0.0002560419   0.0000124121
        0.0000032485  -0.0000253511   0.0000022434   0.0000029671  -0.0000065506
       -0.0000231771  -0.0000290493   0.0000459050   0.0000180503   0.0000725443
       -0.0000361307   0.0000073052  -0.0000001165  -0.0000119320  -0.0000313616
        0.0000571255   0.0000523535   0.0000756174  -0.0001050841   0.0000047404
       -0.0000772930   0.0001030079   0.0000307586  -0.0000071361   0.0000234361
        0.0000194380  -0.0000154363   0.0000162158  -0.0000607300   0.0000164865
        0.0000188268   0.0000443754   0.0000028480  -0.0000005639   0.0000035637
       -0.0000065555   0.0000079158   0.0000026130   0.0000024096   0.0000080103
       -0.0000078119  -0.0000651169   0.0000391506  -0.0000071077  -0.0000081955
        0.0000008634  -0.0000120649  -0.0000094034   0.0000050151   0.0000010879
       -0.0000058297  -0.0000018401   0.0000015896   0.0000045415   0.0000007529
       -0.0000040718
        0.0001632571  -0.0000514923   0.0001548794  -0.0001918058  -0.0000084238
       -0.0000721169  -0.0000546884   0.0001127780   0.0000831257  -0.0000961947
       -0.0000553369  -0.0000403510   0.0000147145  -0.0000644314  -0.0000069843
        0.0000035515   0.0000017624   0.0000016489   0.0000132637  -0.0000001902
       -0.0000135914   0.0000383271  -0.0000253234   0.0000048379   0.0000344942
       -0.0000575243   0.0000455736  -0.0001408892  -0.0003975348  -0.0002274934
        0.0009790328   0.0022552582  -0.0001132183  -0.0135836693  -0.0081149947
        0.0036650862  -0.2422455154  -0.0304583367   0.0769105590  -0.0228198389
        0.0010740519   0.0052905579   0.0007897237  -0.0007155853   0.0001873046
       -0.0000171663   0.0005223512   0.0001198747   0.0000393464  -0.0000359849
       -0.0000104750   0.0000010716   0.0000114869  -0.0000157211   0.0000299180
        0.0000484789  -0.0000670776   0.0000573030  -0.0000480378  -0.0000589285
       -0.0000007028   0.0000100227   0.0000573325   0.0000192432  -0.0000047888
        0.0000048435   0.0000052296  -0.0000065840   0.0000025064  -0.0000140950
        0.0000204238  -0.0000008828   0.0000156995   0.0000106703   0.0000076128
        0.0001449837   0.0000327215  -0.0000437212   0.0000279256  -0.0000652671
        0.0000206153   0.0000063886  -0.0000155953   0.0000041988   0.0000703202
        0.0002397266   0.0000875237   0.0006004551  -0.0002084199  -0.0001484072
       -0.0001213729  -0.0020381168   0.0001872303  -0.0032876687  -0.0003199038
        0.0039591899   0.2814609109   0.0357418250  -0.0879782279   0.0004476046
       -0.0005345710   0.0003268590  -0.0028477641   0.0028404631  -0.0022564713
        0.0002732462  -0.0003510279   0.0000792697  -0.0001497079   0.0000219450
        0.0000540068   0.0004917760   0.0005640470  -0.0001843382  -0.0000375854
        0.0000150841   0.0000191286  -0.0000021318   0.0000064065  -0.0000006251
        0.0000495673   0.0000325503  -0.0000318825  -0.0000501273  -0.0000409971
        0.0000268647  -0.0000115377  -0.0000079126   0.0000129579  -0.0000143884
        0.0000629413  -0.0000213692  -0.0000166006  -0.0000276195  -0.0000081918
        0.0000006752   0.0000560959  -0.0000018514  -0.0000073060   0.0000181030
        0.0000100313   0.0000443701  -0.0000597962   0.0000396809  -0.0000410643
        0.0000311216  -0.0000593166  -0.0000095352   0.0000023486  -0.0000044648
       -0.0000021207  -0.0000000829  -0.0000063668   0.0000076458  -0.0000077541
        0.0000058865  -0.0000424755  -0.0000162225  -0.0000093291  -0.0000025477
        0.0000061772   0.0000101331  -0.0000094824  -0.0000013444   0.0000035166
       -0.0000069502  -0.0000026690  -0.0000003930  -0.0000051126   0.0000030288
       -0.0000010396
        0.0001628198  -0.0000428927   0.0001887057  -0.0001932819   0.0000353630
       -0.0000942245   0.0000036245   0.0000489218   0.0000612491  -0.0001070213
       -0.0000215146  -0.0000362613  -0.0000285703  -0.0000432157   0.0000006771
       -0.0000084612  -0.0000209617  -0.0000101539   0.0000076080  -0.0000009706
        0.0000030146  -0.0000022540   0.0000597939  -0.0000183827   0.0001432132
       -0.0001989463   0.0000815254  -0.0001187455  -0.0000588815  -0.0001731915
       -0.0016245490   0.0011199590   0.0009381952  -0.0289106724  -0.0088555833
        0.0097252452  -0.0299513549  -0.0475550332   0.0113112882   0.0181080206
        0.0008421496  -0.0056264929   0.0010998235   0.0007250337  -0.0001258258
        0.0002094980   0.0002320736   0.0000587085   0.0000238048  -0.0000229571
        0.0000084636   0.0000059670  -0.0000034541  -0.0000289535   0.0000349515
        0.0000276311  -0.0000606027   0.0000433709  -0.0000547399  -0.0000377133
        0.0000109965   0.0000335518   0.0000327040   0.0000127770  -0.0000032192
        0.0000004714   0.0000106410   0.0000055573  -0.0000014979   0.0000043040
        0.0000316415  -0.0000498193   0.0000086984   0.0000171380   0.0000067625
        0.0000791400  -0.0001404060   0.0001521364  -0.0000291232  -0.0001429379
        0.0000011921   0.0000091010  -0.0000089461   0.0000128568   0.0002378225
        0.0002603048  -0.0000245057   0.0007363897  -0.0007227239  -0.0004227271
       -0.0019480036  -0.0048115690  -0.0013629636   0.0041387500   0.0020384736
       -0.0021419554   0.0357418250   0.0595563704  -0.0137407191  -0.0003207058
        0.0004801764  -0.0004711398   0.0030422355  -0.0024371627   0.0017508311
       -0.0002479768   0.0001012595  -0.0000389739  -0.0000113179  -0.0000381296
       -0.0000447620  -0.0002195516  -0.0006008872   0.0003074940  -0.0000224119
        0.0000171957   0.0000061349   0.0000012036   0.0000067571  -0.0000059409
        0.0000323020   0.0000120224  -0.0000178464  -0.0000435192  -0.0000159356
        0.0000143276  -0.0000037112  -0.0000067581   0.0000083624  -0.0000457776
        0.0002204489  -0.0000756449   0.0001879161  -0.0000132496   0.0000708092
       -0.0001230790   0.0000154391  -0.0000932687  -0.0000051295   0.0000467944
        0.0000156145   0.0001176387  -0.0002176657   0.0000916742  -0.0001026763
        0.0000792853  -0.0001024513  -0.0000035014   0.0000146930  -0.0000001735
        0.0000034178  -0.0000028944  -0.0000057335  -0.0000102541  -0.0000051627
        0.0000002992  -0.0001010562  -0.0000054418  -0.0000408905  -0.0000112594
        0.0000232933   0.0000051124  -0.0000126711  -0.0000052509   0.0000010610
       -0.0000147972  -0.0000020916  -0.0000055573   0.0000035727   0.0000082544
        0.0000034569
       -0.0001059327   0.0000112405  -0.0000842951   0.0000901368  -0.0000162623
        0.0000311465   0.0000480001  -0.0000920652  -0.0000494696   0.0000509953
        0.0000717969   0.0000420714   0.0000505330   0.0000241392  -0.0000004538
        0.0000039146   0.0000512646   0.0000211479  -0.0000366777   0.0000440803
       -0.0000014871  -0.0000170666   0.0000101772   0.0000025199  -0.0001560759
        0.0001526541  -0.0000444874   0.0000729768  -0.0004692423  -0.0000243881
       -0.0013105130   0.0002022312  -0.0002121756  -0.0032106309  -0.0007565842
        0.0020193571   0.0767425519   0.0117083151  -0.0752761434  -0.0107381720
       -0.0006554680   0.0044015470  -0.0001261875  -0.0002882991   0.0001145626
       -0.0001484116   0.0002528486   0.0000486618  -0.0000004182   0.0000130179
       -0.0000189059  -0.0000029215   0.0000146327   0.0000187682  -0.0000213828
       -0.0000283862   0.0000248378  -0.0001081179  -0.0000396575   0.0000476131
        0.0001153836  -0.0000372531  -0.0000412162  -0.0000057932  -0.0000042364
       -0.0000008126  -0.0000176795   0.0000006506   0.0000007063  -0.0000044052
       -0.0000379864   0.0000258724  -0.0000086952  -0.0000056668  -0.0000638177
       -0.0000081481   0.0002147889   0.0001164904   0.0000469869  -0.0000056327
        0.0000463447   0.0000253527   0.0000429608   0.0000107560   0.0000118964
       -0.0000634347  -0.0000194635  -0.0001043974  -0.0000182132  -0.0000164311
       -0.0001732096  -0.0013028274   0.0017629264   0.0296119418   0.0036857714
       -0.0156759378  -0.0879782279  -0.0137407191   0.0824353963  -0.0006814019
       -0.0001909661   0.0005303883  -0.0021850105   0.0016805946  -0.0000460159
       -0.0000823439  -0.0000255301  -0.0000683076   0.0001831444   0.0000050903
       -0.0002556094   0.0000109401  -0.0000722478   0.0002427085  -0.0000046038
       -0.0000093263   0.0000136967  -0.0000028075  -0.0000056616   0.0000037645
        0.0000100005   0.0000338217  -0.0000197883  -0.0000127064  -0.0000591390
        0.0000141678   0.0000008414  -0.0000039912   0.0000049564   0.0000482451
       -0.0001724439  -0.0000179842  -0.0002059247   0.0003831100  -0.0000679449
        0.0002007183  -0.0003156118   0.0000020946   0.0000064580  -0.0000411143
       -0.0000289674  -0.0000425703   0.0000958347  -0.0000055776   0.0000083611
       -0.0000628057   0.0000031109  -0.0000022772  -0.0000060106  -0.0000058005
        0.0000071340  -0.0000074234  -0.0000017738  -0.0000005537  -0.0000113121
        0.0000043142   0.0001423183  -0.0001367483   0.0000492644  -0.0000012271
       -0.0000126350   0.0000043613   0.0000203207  -0.0000061715  -0.0000048989
        0.0000127805   0.0000034496   0.0000041393  -0.0000174406  -0.0000013976
        0.0000044602
        0.0000285829   0.0000097803   0.0000082257  -0.0000266961  -0.0000037476
        0.0000029490  -0.0000126945   0.0000345826   0.0000016719  -0.0000187634
        0.0000018197  -0.0000385437   0.0000220051  -0.0000062357   0.0000059225
        0.0000130471  -0.0000045511  -0.0000005240  -0.0000081650  -0.0000047534
       -0.0000130840   0.0000020972  -0.0000046389   0.0000014010  -0.0000047166
       -0.0000025730   0.0000018597  -0.0000103672  -0.0001828853  -0.0001453679
       -0.0000500518   0.0001382540   0.0001600737   0.0003244500  -0.0009542626
       -0.0003978988  -0.0014935745   0.0009060734  -0.0199459393  -0.0463631429
       -0.0013869447   0.0005162084   0.0004603804  -0.0028811728  -0.0093309009
       -0.0000672598   0.0000545228   0.0000597175   0.0000071532   0.0000144932
       -0.0000053759  -0.0000019673  -0.0000095949   0.0000009612   0.0000020911
        0.0000078806  -0.0000064803  -0.0000194111   0.0000137379  -0.0000121017
        0.0000081554  -0.0000045598   0.0000265793  -0.0000003517   0.0000015859
        0.0000026131   0.0000022289  -0.0000029736   0.0000016425  -0.0000014459
        0.0000017395   0.0000053468   0.0000069950  -0.0000035469   0.0000083503
        0.0000140293  -0.0000062428  -0.0000315885   0.0000215941   0.0000148346
       -0.0000159503   0.0000067167  -0.0000018314  -0.0000036775  -0.0000170053
       -0.0000430495   0.0000108088  -0.0000673820   0.0000288119  -0.0000114537
       -0.0001534328   0.0000066826   0.0000665906  -0.0018866260   0.0027533886
       -0.0027482278   0.0004476046  -0.0003207058  -0.0006814019   0.0512564123
       -0.0002115343   0.0028749928  -0.0028759454   0.0036606891   0.0309716100
        0.0001337732   0.0004496509   0.0002964912   0.0001713280  -0.0020289535
       -0.0009386664   0.0001752678  -0.0000014504  -0.0007339743  -0.0000069273
       -0.0000085829   0.0000052089  -0.0000007120  -0.0000060807   0.0000004924
        0.0000057643   0.0000223757   0.0000068417  -0.0000094222  -0.0000363773
       -0.0000059073  -0.0000003256  -0.0000055580  -0.0000038806  -0.0000362437
        0.0000177531   0.0000163003   0.0000394332   0.0000264562  -0.0000206226
       -0.0000240210  -0.0000171526   0.0000310040   0.0000003084   0.0000015709
        0.0000064271   0.0000399719  -0.0000281894   0.0000051685  -0.0000224123
        0.0000057998  -0.0000078594   0.0000012284  -0.0000018498   0.0000003031
       -0.0000028106   0.0000025748   0.0000022525   0.0000011171  -0.0000018763
       -0.0000050128  -0.0000126316  -0.0000054160   0.0000117910   0.0000032727
        0.0000036034  -0.0000063555  -0.0000022781   0.0000022760   0.0000015743
        0.0000000471  -0.0000024832   0.0000025881   0.0000017285  -0.0000011632
       -0.0000031728
       -0.0000408108  -0.0000036705  -0.0000359693   0.0000475550   0.0000146903
        0.0000086234   0.0000023306  -0.0000149990   0.0000220776   0.0000023934
        0.0000071994   0.0000404748  -0.0000133168  -0.0000002650  -0.0000038681
        0.0000086203  -0.0000006594  -0.0000020778  -0.0000076998  -0.0000015227
       -0.0000048611   0.0000053583  -0.0000003286  -0.0000016268  -0.0000087676
        0.0000148900  -0.0000117658  -0.0000562925   0.0000046696  -0.0000128526
        0.0001309034  -0.0000348820  -0.0003145039   0.0003161353   0.0007984572
        0.0014234476   0.0023478629  -0.0002451062   0.0201135002  -0.0009062598
       -0.0457593946  -0.0338717234  -0.0016734500  -0.0096381551  -0.0295803538
        0.0000198526   0.0000526733   0.0000051173   0.0000043893   0.0000096829
       -0.0000084869   0.0000001221  -0.0000112785   0.0000099692   0.0000082170
        0.0000011173   0.0000061201   0.0000262192   0.0000054818  -0.0000144351
       -0.0000274500  -0.0000074099  -0.0000382992   0.0000004646  -0.0000050952
       -0.0000029621  -0.0000018437  -0.0000060813  -0.0000014352   0.0000009355
       -0.0000051286  -0.0000034349  -0.0000116161  -0.0000015440  -0.0000138308
       -0.0000086804   0.0000169056   0.0000314170   0.0000144907  -0.0000061743
        0.0000183863   0.0000010756   0.0000025830   0.0000000441  -0.0000171265
        0.0000057712   0.0000073273   0.0000237567   0.0000416333   0.0000242610
       -0.0000630885   0.0000093343   0.0000281253   0.0027165983  -0.0024104864
        0.0023009174  -0.0005345710   0.0004801764  -0.0001909661  -0.0002115343
        0.0595343691   0.0387765107  -0.0004047549   0.0017900426   0.0039552337
        0.0001015225   0.0005541550  -0.0004645689  -0.0021989110  -0.0060203769
       -0.0020176068   0.0004087825   0.0008668703  -0.0001805341  -0.0000041099
       -0.0000036079   0.0000093739  -0.0000012859  -0.0000079019  -0.0000004675
        0.0000018787   0.0000064104  -0.0000145572   0.0000004851  -0.0000152858
        0.0000142019  -0.0000031941   0.0000023864   0.0000027198   0.0000102248
       -0.0000148527  -0.0000067687  -0.0000232379   0.0000254739  -0.0000068888
        0.0000162755  -0.0000170685   0.0000099519   0.0000026776  -0.0000037627
       -0.0000047486  -0.0000089526   0.0000091532   0.0000020615   0.0000000173
       -0.0000059279  -0.0000039421  -0.0000037424   0.0000002758  -0.0000027054
        0.0000001914  -0.0000014828  -0.0000005955   0.0000025227  -0.0000033794
        0.0000038318   0.0000087416  -0.0000071982   0.0000006932   0.0000014349
        0.0000003954   0.0000015611   0.0000002807  -0.0000003309   0.0000003292
        0.0000000709  -0.0000007543   0.0000011408  -0.0000016906  -0.0000006864
       -0.0000005819
        0.0001152924   0.0000156637   0.0001167713  -0.0001371514   0.0000026169
       -0.0000386656   0.0000410836   0.0000024828  -0.0000169619  -0.0000298136
       -0.0000397056  -0.0000594293   0.0000296866   0.0000252004   0.0000198361
       -0.0000096424  -0.0000082362  -0.0000008349   0.0000190188  -0.0000104392
       -0.0000005108  -0.0000122894  -0.0000107916   0.0000047653  -0.0000171886
       -0.0000118596  -0.0000142820  -0.0001085828  -0.0003019580  -0.0002186314
       -0.0001109261   0.0003746100   0.0002677301   0.0000905897  -0.0007394483
       -0.0002373983  -0.0032220426   0.0026267348  -0.0165863648   0.0000781328
       -0.0339173939  -0.2700627236  -0.0009241004  -0.0051505222  -0.0090860424
       -0.0000193549   0.0000264667   0.0000609495   0.0000115881   0.0000120614
        0.0000311731  -0.0000078267  -0.0000107437  -0.0000372270  -0.0000109093
       -0.0000073932  -0.0000321555  -0.0000482790  -0.0000081619   0.0000181873
        0.0000449211   0.0000120237   0.0000455723  -0.0000059168   0.0000140156
        0.0000066309   0.0000018420   0.0000118385   0.0000025290  -0.0000040041
        0.0000057132   0.0000059434   0.0000165390  -0.0000092680   0.0000140691
       -0.0000053269  -0.0000001369  -0.0000434962   0.0000121249   0.0000263554
       -0.0000231572   0.0000037669  -0.0000100854  -0.0000074261   0.0000501778
        0.0000012937   0.0000005956  -0.0000283931  -0.0000071391  -0.0000236873
        0.0000878828  -0.0000159106  -0.0001021501  -0.0024508932   0.0022981262
       -0.0010309844   0.0003268590  -0.0004711398   0.0005303883   0.0028749928
        0.0387765107   0.3119642837   0.0038793178  -0.0019993699  -0.0170202599
        0.0003071594   0.0001357074   0.0004366692  -0.0007578691  -0.0021376941
        0.0006011757  -0.0000681543   0.0005079470   0.0004764186  -0.0000112172
       -0.0000055853  -0.0000202123   0.0000008827   0.0000096870  -0.0000048375
        0.0000147530   0.0000176938   0.0000412584  -0.0000237644  -0.0000371579
       -0.0000318944   0.0000042971  -0.0000143579  -0.0000143371  -0.0000463797
        0.0000308503   0.0000306726   0.0000739479  -0.0000126707  -0.0000138368
       -0.0000400388   0.0000145815   0.0000446451   0.0000007044   0.0000097024
        0.0000120014   0.0000395270  -0.0000573397  -0.0000211982  -0.0000128509
        0.0000188226   0.0000170224   0.0000065363   0.0000023855  -0.0000015005
       -0.0000033474   0.0000011005   0.0000092618  -0.0000011268  -0.0000008340
       -0.0000089708  -0.0000263379   0.0000154635   0.0000121341   0.0000145520
        0.0000024918  -0.0000109682  -0.0000064512   0.0000065423   0.0000071141
       -0.0000003378  -0.0000035028  -0.0000036224   0.0000043411  -0.0000058438
       -0.0000040318
        0.0001334128  -0.0000386439   0.0001341669  -0.0001259869   0.0000199107
       -0.0000557787  -0.0000361898   0.0001074456   0.0000960279  -0.0000781576
       -0.0000225476  -0.0000340331  -0.0000258955  -0.0000360229  -0.0000043288
        0.0000134622  -0.0000060827  -0.0000057089   0.0000136410  -0.0000367595
       -0.0000147485   0.0000182518   0.0000105388  -0.0000139618   0.0000516461
       -0.0000077452   0.0000233469  -0.0000708195   0.0000390973   0.0000225074
        0.0001013849  -0.0001684325  -0.0001427042   0.0001723369  -0.0002942459
        0.0006772925  -0.0243116472   0.0013391453   0.0053414417  -0.2375263580
       -0.0300607313   0.0780956221  -0.0113494960  -0.0057002180   0.0038822079
        0.0001617620  -0.0001375608  -0.0000741909   0.0000220363  -0.0000271889
       -0.0000008740  -0.0000094055  -0.0000035826  -0.0000172299   0.0000328837
        0.0000401319  -0.0000579403   0.0000916767  -0.0000149520  -0.0000688270
       -0.0000384030   0.0000123910   0.0000134512   0.0000073449  -0.0000153291
       -0.0000001513   0.0000127190  -0.0000123984  -0.0000003759   0.0000093755
        0.0000084609  -0.0000053261   0.0000024330  -0.0000040998   0.0000169137
       -0.0000346145  -0.0000436684   0.0000148129  -0.0000361321  -0.0000314342
        0.0000097587  -0.0000193924  -0.0000261265   0.0000077976   0.0000882474
        0.0000863494  -0.0000074375   0.0001953089  -0.0002001868  -0.0001256832
        0.0004409005   0.0006158657  -0.0000668799   0.0004115892  -0.0005598854
        0.0003579473  -0.0028477641   0.0030422355  -0.0021850105  -0.0028759454
       -0.0004047549   0.0038793178   0.2767987802   0.0343537605  -0.0890149787
        0.0005828276   0.0002788094   0.0001334259   0.0001651576   0.0005164544
       -0.0000852223  -0.0001055588  -0.0026892276  -0.0006568310  -0.0000243948
        0.0000092056   0.0000107448  -0.0000090938   0.0000080029  -0.0000026980
        0.0000316502  -0.0000045724  -0.0000195905  -0.0000221709  -0.0000122059
        0.0000059370  -0.0000039370  -0.0000030091   0.0000066459   0.0000184701
        0.0000852933  -0.0000451609   0.0000699209  -0.0002704664   0.0000848885
       -0.0000581280   0.0002011993  -0.0000794281   0.0000022362   0.0000152210
        0.0000050002   0.0000206200  -0.0001016169   0.0000451188  -0.0000037690
        0.0000499833  -0.0000328570   0.0000007086   0.0000100350  -0.0000005714
        0.0000041955  -0.0000052030  -0.0000017166  -0.0000089478  -0.0000012767
        0.0000024351  -0.0000598623   0.0000853135  -0.0000512200   0.0000061537
        0.0000047357   0.0000058275  -0.0000052665  -0.0000003203   0.0000051394
       -0.0000039676   0.0000009732  -0.0000107549   0.0000101706  -0.0000000635
        0.0000044445
       -0.0000552518   0.0000292320  -0.0001051104   0.0000654775   0.0000050379
        0.0000406206   0.0000497369  -0.0000451716  -0.0000477405  -0.0000153041
        0.0000509440   0.0000220768  -0.0000065427   0.0000046192  -0.0000044637
        0.0000243152   0.0000055734   0.0000011865  -0.0000320733   0.0000058807
       -0.0000114576   0.0000037983  -0.0000024325   0.0000125151  -0.0000162303
        0.0000260328  -0.0000003012  -0.0000325449  -0.0000556297   0.0000382283
       -0.0000816439  -0.0000839817   0.0000107594   0.0015631498   0.0008389612
       -0.0004093655   0.0191801629   0.0002502725  -0.0054738158  -0.0295778991
       -0.0450845514   0.0115231573  -0.0280945517  -0.0093739606   0.0095843591
       -0.0000598608   0.0000677738  -0.0000038851   0.0000026421   0.0000273108
       -0.0000098419  -0.0000071846  -0.0000084005   0.0000168535  -0.0000191221
       -0.0000217191   0.0000463788  -0.0000077091   0.0000176893   0.0000486207
       -0.0000035921  -0.0000088929  -0.0000221261  -0.0000040417  -0.0000004956
       -0.0000009447  -0.0000063131  -0.0000007163   0.0000025330  -0.0000044527
       -0.0000066218   0.0000019415  -0.0000075730  -0.0000036470  -0.0000147669
       -0.0000060428   0.0000311403  -0.0000067193   0.0000230252   0.0000190276
        0.0000100835   0.0000016438   0.0000013706  -0.0000003188  -0.0000009679
       -0.0000627664   0.0000054448  -0.0001840293   0.0000332370   0.0000753297
       -0.0001212418  -0.0006359780   0.0002102474  -0.0003770637   0.0005208424
       -0.0004040535   0.0028404631  -0.0024371627   0.0016805946   0.0036606891
        0.0017900426  -0.0019993699   0.0343537605   0.0586622805  -0.0143042758
       -0.0003551733   0.0005754060   0.0002343585  -0.0000105670   0.0008930380
        0.0004601785  -0.0026758692  -0.0059424945  -0.0012147839  -0.0000040381
       -0.0000123131   0.0000074927  -0.0000005669  -0.0000122977   0.0000025338
        0.0000061865   0.0000196695  -0.0000012395  -0.0000071034  -0.0000358080
        0.0000037107  -0.0000041934  -0.0000028602  -0.0000019529  -0.0000115758
       -0.0000197749  -0.0000047018  -0.0000274062   0.0000338846  -0.0000112722
        0.0000225858  -0.0000225536   0.0000063678   0.0000009750  -0.0000096788
       -0.0000028008   0.0000231790  -0.0000055157   0.0000172766  -0.0000126444
       -0.0000041098  -0.0000150427  -0.0000017492   0.0000000350  -0.0000016099
       -0.0000046326   0.0000001034   0.0000027168   0.0000055696  -0.0000014027
       -0.0000000902   0.0000074298  -0.0000057207   0.0000034364   0.0000058479
        0.0000007484   0.0000027437  -0.0000004843  -0.0000006494   0.0000002801
       -0.0000007990  -0.0000004324  -0.0000001467  -0.0000025984  -0.0000024144
        0.0000001712
       -0.0000455134   0.0000030089  -0.0000520563   0.0000720268  -0.0000046545
        0.0000252274  -0.0000585113   0.0000288794   0.0000195203   0.0000131254
       -0.0000130538  -0.0000102624   0.0000052059  -0.0000105405  -0.0000002506
        0.0000040957  -0.0000071623  -0.0000014268  -0.0000093673  -0.0000045586
       -0.0000035693   0.0000054863  -0.0000000868  -0.0000047153   0.0000042377
       -0.0000028636  -0.0000003995   0.0000643365   0.0001630173  -0.0000230312
        0.0000511937  -0.0001570795  -0.0000487215  -0.0000011158  -0.0000993907
        0.0002909116  -0.0117210882  -0.0007616804   0.0041597922   0.0785823754
        0.0111751474  -0.0781117184  -0.0042889712  -0.0006332771   0.0025796112
       -0.0000020288  -0.0000566999   0.0000092797  -0.0000131289   0.0000071241
       -0.0000072079   0.0000067952  -0.0000046074   0.0000157275   0.0000104327
        0.0000094742   0.0000184860   0.0000149733   0.0000220869  -0.0000224779
       -0.0000179389  -0.0000014614   0.0000083193   0.0000004019  -0.0000025623
       -0.0000013255   0.0000042310  -0.0000076209  -0.0000017885   0.0000013612
        0.0000006150   0.0000007688  -0.0000003814   0.0000008124   0.0000065400
        0.0000128425  -0.0000157802  -0.0000029445  -0.0000011388  -0.0000033519
       -0.0000077909   0.0000020337   0.0000014623  -0.0000005242  -0.0000306897
       -0.0000261183   0.0000009924  -0.0000356872   0.0000366570   0.0000080914
       -0.0000689049  -0.0000888070   0.0000584002  -0.0007758443  -0.0001175663
        0.0006464785  -0.0022564713   0.0017508311  -0.0000460159   0.0309716100
        0.0039552337  -0.0170202599  -0.0890149787  -0.0143042758   0.0862177563
        0.0001143343   0.0003468820  -0.0000547744  -0.0007555315  -0.0001834744
        0.0005172950  -0.0008522829  -0.0010014897   0.0008281743   0.0000146721
       -0.0000032600  -0.0000001333   0.0000000004  -0.0000081206   0.0000020984
       -0.0000162491  -0.0000087530  -0.0000017549   0.0000151798   0.0000161269
        0.0000023295   0.0000003817   0.0000053472   0.0000006826  -0.0000011180
        0.0000004637   0.0000063345   0.0000065418   0.0000087982  -0.0000072007
       -0.0000080981  -0.0000047482   0.0000077198   0.0000003199   0.0000004311
        0.0000010495  -0.0000053349   0.0000107644  -0.0000079542   0.0000010561
       -0.0000029484   0.0000045123  -0.0000005862  -0.0000025624   0.0000009625
       -0.0000004480   0.0000013498  -0.0000011029   0.0000010043   0.0000011647
       -0.0000003622   0.0000010368  -0.0000070602   0.0000046629  -0.0000027486
       -0.0000008585  -0.0000011231   0.0000012561   0.0000001062  -0.0000010197
        0.0000009528  -0.0000006746   0.0000016512   0.0000006567   0.0000013655
       -0.0000014630
        0.0000329977   0.0000134836   0.0000212279  -0.0000408182   0.0000065261
       -0.0000065327   0.0000233616   0.0000156552   0.0000048053  -0.0000289711
       -0.0000243438  -0.0000190715   0.0000021162   0.0000061869   0.0000030115
        0.0000155533  -0.0000007355  -0.0000009558  -0.0000033570  -0.0000139764
       -0.0000088887   0.0000008594   0.0000008770  -0.0000008409   0.0000169124
       -0.0000134154   0.0000023889  -0.0000371267  -0.0000934736  -0.0000971084
        0.0000042744  -0.0000088122  -0.0001037863   0.0002688351  -0.0002013186
        0.0000947042   0.0005025334  -0.0011836460   0.0002010444   0.0046028723
       -0.0043302074   0.0029319486  -0.1411105923   0.0984487996  -0.0669207744
        0.0000016375   0.0000626875   0.0000425659   0.0000096152   0.0000191537
        0.0000012274  -0.0000024551  -0.0000103839  -0.0000065018   0.0000040766
       -0.0000016720  -0.0000073910  -0.0000027844   0.0000028341  -0.0000021468
       -0.0000006963   0.0000058305   0.0000126446  -0.0000048421   0.0000050287
        0.0000020684   0.0000021973   0.0000065608   0.0000027318  -0.0000016340
        0.0000069682  -0.0000038407   0.0000024787  -0.0000046006   0.0000091960
       -0.0000186682  -0.0000122253  -0.0000072923   0.0000051802  -0.0000081304
        0.0000007604  -0.0000033861  -0.0000094123   0.0000002777   0.0000240040
        0.0000172796   0.0000088692   0.0000026308  -0.0000297885  -0.0000041696
        0.0000760639   0.0000731357   0.0000420368  -0.0000626603  -0.0000813567
        0.0001573792   0.0002732462  -0.0002479768  -0.0000823439   0.0001337732
        0.0001015225   0.0003071594   0.0005828276  -0.0003551733   0.0001143343
        0.1604226482  -0.1131471099   0.0784428742  -0.0007648918   0.0010062580
       -0.0018200469  -0.0248926623   0.0199675396  -0.0133076582  -0.0000115838
       -0.0000084179   0.0000015504  -0.0000014424  -0.0000033619   0.0000001157
        0.0000135638   0.0000199536   0.0000075383  -0.0000115838  -0.0000294339
       -0.0000045314  -0.0000034302  -0.0000065749  -0.0000050458  -0.0000200757
        0.0000534868  -0.0000094202   0.0000660886  -0.0000899644   0.0000294629
       -0.0000456396   0.0000622266  -0.0000116508   0.0000002589   0.0000096847
        0.0000069906   0.0000419222  -0.0000688849   0.0000215423  -0.0000262124
        0.0000296874  -0.0000198323   0.0000009142   0.0000058101  -0.0000011176
       -0.0000008050  -0.0000016036   0.0000030566  -0.0000013824  -0.0000036301
       -0.0000028767  -0.0000474319   0.0000371838  -0.0000190340   0.0000130395
        0.0000074232  -0.0000016743  -0.0000062889   0.0000019932   0.0000051920
       -0.0000032034  -0.0000012601  -0.0000049322   0.0000081428  -0.0000028863
        0.0000007603
       -0.0000826114  -0.0000362000  -0.0000070938   0.0001025361   0.0000388388
        0.0000005997   0.0000411840  -0.0000418130   0.0000297568  -0.0000372260
       -0.0000059902   0.0000232151  -0.0000290009   0.0000034441  -0.0000067723
        0.0000150467   0.0000163281   0.0000159719  -0.0000373863   0.0000101303
        0.0000338582   0.0000046619  -0.0000034963  -0.0000021591  -0.0000038245
        0.0000265411  -0.0000184672  -0.0000196597   0.0007948067  -0.0001422950
       -0.0001733347  -0.0009067715  -0.0003935103   0.0010262811  -0.0004659227
        0.0008616312  -0.0018098027  -0.0064806008  -0.0007643793   0.0171165847
       -0.0240655646   0.0119165423   0.0983280180  -0.1405061385   0.0682787768
        0.0002164427  -0.0005119918  -0.0000366878  -0.0000289016  -0.0000320583
        0.0000127286   0.0000136915   0.0000107325   0.0000006830   0.0000100593
        0.0000028391   0.0000069272   0.0000119104  -0.0000021139  -0.0000150888
       -0.0000100495  -0.0000166339  -0.0000241261   0.0000030057  -0.0000059847
       -0.0000087231   0.0000013617  -0.0000037703  -0.0000102004   0.0000060398
       -0.0000111395   0.0000020771  -0.0000069411   0.0000052089  -0.0000070427
       -0.0000091897  -0.0000174334   0.0000037965  -0.0000603107   0.0000247231
       -0.0000021125  -0.0000146645  -0.0000042857  -0.0000085083  -0.0000021105
       -0.0000055848   0.0000376509  -0.0000416470   0.0000027444   0.0000872324
        0.0000406016   0.0000136092  -0.0000099100  -0.0002161933   0.0001808605
       -0.0003968723  -0.0003510279   0.0001012595  -0.0000255301   0.0004496509
        0.0005541550   0.0001357074   0.0002788094   0.0005754060   0.0003468820
       -0.1131471099   0.1655090176  -0.0786672704  -0.0013977887   0.0027159282
       -0.0001786284  -0.0002880268   0.0024464356  -0.0010860527   0.0000354952
        0.0000267549  -0.0000035543   0.0000035117  -0.0000032104  -0.0000132876
       -0.0000567873  -0.0000963437  -0.0000143901   0.0000538400   0.0001375651
        0.0000132231   0.0000110555   0.0000266691   0.0000105631   0.0000729468
       -0.0000702445   0.0000108186  -0.0001288103   0.0000605108  -0.0000414631
        0.0000732930  -0.0000399110   0.0000200607   0.0000047807  -0.0000191840
       -0.0000124641  -0.0001056150   0.0001234381  -0.0000409526   0.0000755171
       -0.0000420292   0.0000551135  -0.0000023300  -0.0000086631   0.0000037764
       -0.0000027587   0.0000035948  -0.0000050030  -0.0000005921   0.0000198241
        0.0000076666   0.0000701310  -0.0000227573   0.0000251957  -0.0000113844
       -0.0000076178   0.0000008008   0.0000089469  -0.0000023066  -0.0000062245
        0.0000059226   0.0000010126   0.0000088175  -0.0000062412   0.0000033834
       -0.0000013029
        0.0000391991   0.0000080033   0.0000266868  -0.0000391746  -0.0000087693
       -0.0000117941  -0.0000134293   0.0000154161  -0.0000009210   0.0000043825
       -0.0000205849  -0.0000174555   0.0000066757   0.0000065619   0.0000039242
       -0.0000219195  -0.0000042272  -0.0000037521   0.0000229963   0.0000046344
        0.0000019117  -0.0000000217  -0.0000035646   0.0000019415   0.0000116446
       -0.0000117078   0.0000023404  -0.0000435579  -0.0000137811  -0.0000792798
        0.0000269018  -0.0000252689  -0.0000826351   0.0000508693  -0.0000392434
        0.0002599152   0.0000493919  -0.0009083768   0.0007479832   0.0026834339
       -0.0026284789   0.0021384291  -0.0668576996   0.0682897653  -0.0916188290
        0.0000074017   0.0000386737   0.0000342527   0.0000089284   0.0000072962
       -0.0000036625  -0.0000009163   0.0000006671  -0.0000051769  -0.0000035336
        0.0000033931  -0.0000074990  -0.0000112724  -0.0000049511  -0.0000000159
        0.0000106117  -0.0000071397   0.0000144578   0.0000004065   0.0000052511
        0.0000021922   0.0000007477   0.0000031709   0.0000012548  -0.0000035166
        0.0000079754  -0.0000013810   0.0000067601  -0.0000034889   0.0000065909
       -0.0000077313  -0.0000029722  -0.0000136078   0.0000038347  -0.0000010192
        0.0000026391  -0.0000017440  -0.0000046584   0.0000001893   0.0000102258
        0.0000068742   0.0000074086   0.0000012692   0.0000018300   0.0000139924
        0.0000241339   0.0000298121   0.0000028266   0.0000084616  -0.0000837793
        0.0002088266   0.0000792697  -0.0000389739  -0.0000683076   0.0002964912
       -0.0004645689   0.0004366692   0.0001334259   0.0002343585  -0.0000547744
        0.0784428742  -0.0786672704   0.1022373247  -0.0224465496   0.0209174952
       -0.0193172326   0.0075485576  -0.0066512880   0.0051293210  -0.0000095116
       -0.0000042325   0.0000027379  -0.0000011225   0.0000002344   0.0000024296
        0.0000068162   0.0000106197  -0.0000014489  -0.0000063154  -0.0000132482
        0.0000000026  -0.0000001477  -0.0000049487  -0.0000000015  -0.0000086919
        0.0000187866   0.0000020873   0.0000359173  -0.0000774869   0.0000177078
       -0.0000219877   0.0000572089  -0.0000077834  -0.0000002164   0.0000060177
        0.0000051026   0.0000061279  -0.0000214734  -0.0000037776  -0.0000042034
        0.0000137610  -0.0000014714   0.0000008443   0.0000031110  -0.0000009219
       -0.0000005392  -0.0000008448   0.0000028264   0.0000010408  -0.0000014034
       -0.0000008196  -0.0000300497   0.0000263874  -0.0000097665   0.0000065575
        0.0000015668  -0.0000008648  -0.0000043806   0.0000023021   0.0000040145
       -0.0000020953  -0.0000013491  -0.0000043898   0.0000041287  -0.0000020742
       -0.0000004165
       -0.0000168492  -0.0000038175  -0.0000053172   0.0000161194   0.0000088317
        0.0000028878   0.0000269640  -0.0000411645  -0.0000113786  -0.0000050891
        0.0000380792   0.0000207135  -0.0000003538   0.0000009641  -0.0000002810
       -0.0000001487  -0.0000069691  -0.0000002694  -0.0000152964   0.0000061730
        0.0000053821   0.0000037128   0.0000117380   0.0000038677  -0.0000119745
        0.0000121723  -0.0000006846  -0.0000047251   0.0001424294   0.0000496196
       -0.0000106890  -0.0000957253  -0.0000197885  -0.0000518560   0.0002178475
        0.0000414882   0.0002240450   0.0003068120   0.0003919201  -0.0000393100
       -0.0027095498  -0.0095404167  -0.0453985446   0.0005968352   0.0004920567
        0.0000404884  -0.0000905388  -0.0000340293  -0.0000055732   0.0000028909
        0.0000073803  -0.0000003447   0.0000007753  -0.0000018155  -0.0000026839
       -0.0000083642   0.0000032869  -0.0000059759  -0.0000043584   0.0000058143
        0.0000110984   0.0000012947  -0.0000131169  -0.0000011832  -0.0000014246
       -0.0000014264  -0.0000019551  -0.0000001141  -0.0000015721  -0.0000011175
       -0.0000074236  -0.0000001557  -0.0000046337   0.0000022286  -0.0000113015
        0.0000060780   0.0000057976   0.0000140525  -0.0000067673   0.0000004430
       -0.0000019023   0.0000025150   0.0000028833   0.0000013709   0.0000032308
       -0.0000017409  -0.0000025134  -0.0000125625  -0.0000036308   0.0000076500
       -0.0000153228  -0.0000462790  -0.0000237969   0.0002172736   0.0001721115
       -0.0000596630  -0.0001497079  -0.0000113179   0.0001831444   0.0001713280
       -0.0021989110  -0.0007578691   0.0001651576  -0.0000105670  -0.0007555315
       -0.0007648918  -0.0013977887  -0.0224465496   0.0482774937   0.0012640603
        0.0005331118  -0.0026613399   0.0038716022   0.0319461429   0.0000072822
        0.0000022652  -0.0000018746  -0.0000008269  -0.0000044665  -0.0000051630
       -0.0000100104  -0.0000143083   0.0000018377   0.0000084780   0.0000184674
       -0.0000006701   0.0000020362   0.0000038965   0.0000000832   0.0000082294
       -0.0000174273  -0.0000018272  -0.0000318945   0.0000790198  -0.0000071712
        0.0000207415  -0.0000633102  -0.0000121618   0.0000016013  -0.0000063305
       -0.0000037967  -0.0000067106   0.0000162365   0.0000001592   0.0000033217
       -0.0000114400   0.0000027365  -0.0000008278  -0.0000018170  -0.0000008125
       -0.0000006401  -0.0000001897  -0.0000008710  -0.0000011008   0.0000017471
        0.0000000568   0.0000211826  -0.0000297120   0.0000067427   0.0000023050
        0.0000020208   0.0000009138   0.0000030066  -0.0000027200  -0.0000014808
        0.0000009163   0.0000012304   0.0000001203  -0.0000036985   0.0000005532
        0.0000026684
        0.0000700403   0.0000132591   0.0000518362  -0.0000886482  -0.0000077324
       -0.0000229419   0.0000311844   0.0000038135  -0.0000128365  -0.0000352170
       -0.0000371505  -0.0000313564   0.0000245801   0.0000171168   0.0000102481
       -0.0000143489  -0.0000053596  -0.0000013298   0.0000135992   0.0000035990
        0.0000030391  -0.0000035105  -0.0000051310   0.0000018607   0.0000080705
       -0.0000196732  -0.0000041247  -0.0000486528  -0.0000566069  -0.0000267240
        0.0000081906   0.0002353185   0.0001115290  -0.0001281259  -0.0000301959
       -0.0001357223  -0.0003278904   0.0011250219  -0.0008391290  -0.0011518174
       -0.0095204129  -0.0300530337   0.0004587844  -0.0491384131  -0.0377221350
       -0.0000142880   0.0000667325   0.0000298182   0.0000099355   0.0000132201
        0.0000121326  -0.0000020192  -0.0000033004  -0.0000159677  -0.0000090107
       -0.0000028260  -0.0000130257  -0.0000369978  -0.0000143668   0.0000109746
        0.0000399864   0.0000034588   0.0000318943  -0.0000015054   0.0000129285
        0.0000037986  -0.0000010376   0.0000101225   0.0000021214  -0.0000063431
        0.0000082129  -0.0000016473   0.0000108204   0.0000008472   0.0000115737
        0.0000013907  -0.0000115502  -0.0000222897   0.0000062981   0.0000029477
       -0.0000083394   0.0000017819  -0.0000047755  -0.0000038459   0.0000151295
        0.0000062566  -0.0000023393  -0.0000140191   0.0000048667  -0.0000101209
        0.0000329357   0.0000509167  -0.0000116291   0.0001837153  -0.0004973520
        0.0005701739   0.0000219450  -0.0000381296   0.0000050903  -0.0020289535
       -0.0060203769  -0.0021376941   0.0005164544   0.0008930380  -0.0001834744
        0.0010062580   0.0027159282   0.0209174952   0.0012640603   0.0587303240
        0.0458584483   0.0002266865   0.0014734535   0.0036106173  -0.0000083210
       -0.0000041991  -0.0000049686   0.0000002426  -0.0000009063  -0.0000023852
        0.0000088047   0.0000135058   0.0000174664  -0.0000118042  -0.0000162746
       -0.0000109722  -0.0000008499  -0.0000068653  -0.0000062880  -0.0000241307
        0.0000319682   0.0000097291   0.0000488186  -0.0000295983   0.0000038340
       -0.0000312359   0.0000276865   0.0000116702  -0.0000017561   0.0000077012
        0.0000083332   0.0000318653  -0.0000365574   0.0000021658  -0.0000200493
        0.0000152999  -0.0000051828   0.0000008236   0.0000011795   0.0000000102
       -0.0000033446   0.0000011032   0.0000024463   0.0000014515  -0.0000004126
       -0.0000039387  -0.0000284531   0.0000153012  -0.0000012142   0.0000026174
        0.0000025312  -0.0000035948  -0.0000048247   0.0000014350   0.0000018524
       -0.0000026813  -0.0000012946  -0.0000006500   0.0000033654   0.0000003667
       -0.0000012580
        0.0000173281  -0.0000053521   0.0000359281  -0.0000249423   0.0000061281
       -0.0000080811   0.0000292313  -0.0000096036  -0.0000024126  -0.0000195958
       -0.0000363634  -0.0000163289  -0.0000027205   0.0000078991   0.0000052859
        0.0000096199   0.0000005923   0.0000048043  -0.0000016932  -0.0000108606
        0.0000086527  -0.0000053963  -0.0000068207  -0.0000024731   0.0000139491
       -0.0000199179  -0.0000180078  -0.0000602144   0.0003037735   0.0000261167
       -0.0000017485   0.0000080319   0.0000261589  -0.0000261733   0.0002402277
        0.0000878157   0.0003361676   0.0007586024   0.0008810517  -0.0015520968
       -0.0057231818  -0.0094429636   0.0003588388  -0.0378123402  -0.2784275255
        0.0000868207  -0.0001448627  -0.0000060517  -0.0000015469  -0.0000039608
        0.0000193094   0.0000016491  -0.0000012642  -0.0000176054  -0.0000044721
       -0.0000021244  -0.0000070190  -0.0000177233  -0.0000005733   0.0000131916
        0.0000127200   0.0000145352   0.0000250717  -0.0000019553   0.0000041069
       -0.0000015845   0.0000011187   0.0000055209  -0.0000028718  -0.0000007342
        0.0000013225  -0.0000028359   0.0000047068   0.0000038893   0.0000159518
        0.0000047343  -0.0000190509  -0.0000142712  -0.0000131629   0.0000059636
       -0.0000183196  -0.0000055192  -0.0000110752  -0.0000097332  -0.0000005597
       -0.0000048490  -0.0000035350  -0.0000139998   0.0000035503  -0.0000237161
       -0.0000029584   0.0000211768  -0.0000053456   0.0001100342  -0.0003535723
        0.0004600638   0.0000540068  -0.0000447620  -0.0002556094  -0.0009386664
       -0.0020176068   0.0006011757  -0.0000852223   0.0004601785   0.0005172950
       -0.0018200469  -0.0001786284  -0.0193172326   0.0005331118   0.0458584483
        0.3212699427   0.0030401429  -0.0013791336  -0.0164276779   0.0000054006
        0.0000049352  -0.0000116599   0.0000032995   0.0000029077  -0.0000067485
       -0.0000148839  -0.0000163190   0.0000204622   0.0000057677   0.0000331427
       -0.0000144112   0.0000064875   0.0000006723  -0.0000045560   0.0000065499
        0.0000044506   0.0000303424  -0.0000014455  -0.0000491080  -0.0000118096
       -0.0000101500   0.0000479260   0.0000331669   0.0000011324   0.0000056637
        0.0000074000  -0.0000262334   0.0000214204  -0.0000399111   0.0000215967
        0.0000033130   0.0000323975   0.0000012937  -0.0000024979   0.0000003497
       -0.0000038721   0.0000042820  -0.0000000211   0.0000007738   0.0000060904
       -0.0000034804  -0.0000075064   0.0000166534   0.0000086990  -0.0000010249
       -0.0000032107  -0.0000070219  -0.0000030902   0.0000038950   0.0000003768
        0.0000000684  -0.0000017889   0.0000030745   0.0000028045  -0.0000004712
       -0.0000032641
        0.0000289848  -0.0000187232   0.0000409791  -0.0000349930  -0.0000151231
       -0.0000202816  -0.0000309561   0.0000387110   0.0000252327   0.0000111028
       -0.0000210500  -0.0000079374  -0.0000078167  -0.0000102716  -0.0000049617
       -0.0000148251   0.0000071966   0.0000012867   0.0000244327  -0.0000012459
        0.0000057177   0.0000025838  -0.0000038396  -0.0000052475   0.0000262223
       -0.0000120522   0.0000043147  -0.0000126649   0.0000879894   0.0000421626
        0.0000132966   0.0000642524  -0.0000043091  -0.0000510962   0.0001290162
       -0.0000268136   0.0009785851   0.0009501577  -0.0000869239  -0.0120816365
       -0.0062992515   0.0032974195  -0.2489785129  -0.0322421372   0.0800406939
        0.0000376113  -0.0000229498  -0.0000152636   0.0000130223  -0.0000176861
        0.0000015659   0.0000014078   0.0000049892  -0.0000055446   0.0000030072
        0.0000195818  -0.0000198979   0.0000084759  -0.0000111305  -0.0000155293
       -0.0000022784  -0.0000012711   0.0000113449   0.0000073191  -0.0000057108
       -0.0000014272   0.0000000088  -0.0000033556  -0.0000018591   0.0000014712
        0.0000015390  -0.0000006884   0.0000041200   0.0000082687   0.0000084688
        0.0000018771  -0.0000105910  -0.0000019702  -0.0000209541  -0.0000093823
        0.0000030886  -0.0000107960  -0.0000166021  -0.0000002177  -0.0000063812
        0.0000149932   0.0000008285   0.0000560757  -0.0000241831  -0.0000285618
        0.0000269956   0.0001691576   0.0000119702  -0.0001850112  -0.0000618611
        0.0000530976   0.0004917760  -0.0002195516   0.0000109401   0.0001752678
        0.0004087825  -0.0000681543  -0.0001055588  -0.0026758692  -0.0008522829
       -0.0248926623  -0.0002880268   0.0075485576  -0.0026613399   0.0002266865
        0.0030401429   0.2872061316   0.0397904135  -0.0929677978  -0.0000070040
        0.0000090612   0.0000064488  -0.0000055377   0.0000007390  -0.0000045868
        0.0000044290  -0.0000145477  -0.0000128539  -0.0000003287   0.0000265796
        0.0000059594  -0.0000002821   0.0000022355   0.0000069225   0.0000324647
        0.0000028718  -0.0000018490  -0.0000377127  -0.0000932562   0.0000154162
        0.0000099171   0.0000844903  -0.0000235211  -0.0000019769   0.0000044335
        0.0000024982  -0.0000395779   0.0000244523  -0.0000114592   0.0000288256
        0.0000045237   0.0000102002  -0.0000016619  -0.0000029381   0.0000011961
        0.0000022335   0.0000009994  -0.0000061822  -0.0000000972   0.0000031862
        0.0000035011  -0.0000027287   0.0000152053  -0.0000080202  -0.0000017294
       -0.0000011137   0.0000035310  -0.0000011099  -0.0000004725  -0.0000003248
       -0.0000011943  -0.0000003101   0.0000007653   0.0000007793   0.0000039908
        0.0000002157
        0.0000656690  -0.0000055761   0.0000535834  -0.0000745533  -0.0000026038
       -0.0000254187  -0.0000000622   0.0000345323   0.0000219750  -0.0000321957
       -0.0000125067  -0.0000147764   0.0000024248  -0.0000105279  -0.0000008717
        0.0000020797  -0.0000051084  -0.0000045601   0.0000092151  -0.0000070772
       -0.0000076777   0.0000078649   0.0000060923  -0.0000023217   0.0000311182
       -0.0000193476   0.0000120454  -0.0000340283  -0.0001312888   0.0000156225
        0.0000347414   0.0002205807   0.0000199999  -0.0000629631  -0.0001586657
       -0.0000386141  -0.0012860805   0.0010336963   0.0000226410  -0.0282498873
       -0.0088870549   0.0099830741  -0.0321577346  -0.0479602303   0.0129608589
        0.0000085980   0.0000999519   0.0000054177   0.0000171328  -0.0000001862
       -0.0000010207  -0.0000023829  -0.0000035309  -0.0000079396   0.0000072545
        0.0000130137  -0.0000246795   0.0000081697  -0.0000068341  -0.0000173817
       -0.0000035149   0.0000020086   0.0000135531   0.0000029362   0.0000002597
        0.0000018425   0.0000024425   0.0000011703   0.0000019359  -0.0000001175
        0.0000096170  -0.0000082536   0.0000026762   0.0000008139   0.0000089083
       -0.0000169749  -0.0000227172   0.0000040874  -0.0000048333  -0.0000213781
        0.0000071501  -0.0000061279  -0.0000087150   0.0000040577   0.0000284600
        0.0000449498  -0.0000043614   0.0000584792  -0.0000587619  -0.0000423187
        0.0001585882   0.0001563512   0.0000041530   0.0000360705  -0.0000971686
        0.0000157890   0.0005640470  -0.0006008872  -0.0000722478  -0.0000014504
        0.0008668703   0.0005079470  -0.0026892276  -0.0059424945  -0.0010014897
        0.0199675396   0.0024464356  -0.0066512880   0.0038716022   0.0014734535
       -0.0013791336   0.0397904135   0.0575111858  -0.0143196610  -0.0000171892
       -0.0000005778   0.0000061770  -0.0000020187   0.0000010398  -0.0000004352
        0.0000198712   0.0000163526  -0.0000054291  -0.0000195153  -0.0000239753
        0.0000024731  -0.0000036756  -0.0000065344   0.0000022086  -0.0000035830
        0.0000571878  -0.0000238319   0.0000654869  -0.0001447749   0.0000566252
       -0.0000494061   0.0001121199  -0.0000550432  -0.0000009256   0.0000123443
        0.0000048133   0.0000317971  -0.0000653840   0.0000305839  -0.0000225670
        0.0000293982  -0.0000290695  -0.0000011429   0.0000050274  -0.0000006155
        0.0000010563  -0.0000023874  -0.0000008555  -0.0000014959  -0.0000032968
        0.0000006061  -0.0000493895   0.0000484329  -0.0000323412   0.0000007080
        0.0000043414   0.0000034022  -0.0000051235  -0.0000010949   0.0000017584
       -0.0000050183   0.0000004156  -0.0000045612   0.0000067423   0.0000030438
        0.0000029082
       -0.0000419052  -0.0000044974  -0.0000203914   0.0000407514   0.0000091128
        0.0000104445   0.0000091318  -0.0000261144  -0.0000079046   0.0000114610
        0.0000219804   0.0000148414   0.0000030588   0.0000014579  -0.0000008295
        0.0000054989   0.0000091416   0.0000048320  -0.0000142901   0.0000067383
        0.0000019484  -0.0000058228   0.0000060187   0.0000024458  -0.0000291337
        0.0000139913   0.0000032361   0.0000004858   0.0000452403   0.0000333220
       -0.0000078677  -0.0000935651  -0.0000331238  -0.0000391229   0.0000745781
        0.0000061245   0.0002056261   0.0000302066  -0.0000005476  -0.0045187813
       -0.0001694844   0.0024101794   0.0800654853   0.0131437923  -0.0769816234
        0.0000146664  -0.0000478154  -0.0000277091  -0.0000046431   0.0000007941
       -0.0000054179   0.0000007042   0.0000038478   0.0000039340  -0.0000008754
       -0.0000076235   0.0000060414  -0.0000078006  -0.0000055898   0.0000010801
        0.0000121706  -0.0000058773  -0.0000134450  -0.0000008290  -0.0000031054
       -0.0000012150  -0.0000038496  -0.0000022741  -0.0000016399  -0.0000001708
       -0.0000076079   0.0000024514  -0.0000016145  -0.0000003139  -0.0000152499
        0.0000121202   0.0000170447   0.0000147477   0.0000036253   0.0000025528
        0.0000027114   0.0000103253   0.0000141726   0.0000032840   0.0000014737
       -0.0000033984  -0.0000021686  -0.0000154986   0.0000080561   0.0000207535
       -0.0000358008  -0.0000633683  -0.0000173000   0.0002002299  -0.0000145172
       -0.0002560419  -0.0001843382   0.0003074940   0.0002427085  -0.0007339743
       -0.0001805341   0.0004764186  -0.0006568310  -0.0012147839   0.0008281743
       -0.0133076582  -0.0010860527   0.0051293210   0.0319461429   0.0036106173
       -0.0164276779  -0.0929677978  -0.0143196610   0.0845995702   0.0000020091
        0.0000007513   0.0000043406   0.0000026379  -0.0000014428  -0.0000002738
       -0.0000089856  -0.0000063921  -0.0000067067   0.0000051654   0.0000048820
        0.0000042515   0.0000032418   0.0000021658   0.0000031256   0.0000029070
       -0.0000339710   0.0000011578  -0.0000343247   0.0001621980  -0.0000287654
        0.0000313352  -0.0001334766   0.0000039460   0.0000031433  -0.0000118728
       -0.0000092775  -0.0000086703   0.0000311765   0.0000003457  -0.0000001685
       -0.0000227116   0.0000017931  -0.0000009752  -0.0000017246  -0.0000016278
        0.0000003873  -0.0000014562   0.0000004900  -0.0000018822  -0.0000004089
        0.0000004878   0.0000399213  -0.0000571757   0.0000196969  -0.0000016628
        0.0000017077  -0.0000010411   0.0000056743  -0.0000038200  -0.0000022594
        0.0000028794   0.0000004795   0.0000019176  -0.0000069847   0.0000004383
        0.0000021141
       -0.0021676177  -0.0008830697  -0.0014154241   0.0026283059   0.0005892808
        0.0005832892  -0.0004278223  -0.0004267203  -0.0002084660   0.0002320846
       -0.0000742923   0.0000383814  -0.0001993953   0.0000340674  -0.0000723919
        0.0000556826  -0.0000950383   0.0001231370  -0.0008331188  -0.0002952458
        0.0003378316  -0.0000190001   0.0000287831   0.0000375752  -0.0000295898
       -0.0001215571  -0.0000860980   0.0014612469  -0.0027524442  -0.0007697780
       -0.0002204901   0.0011277974   0.0004025647   0.0003453789  -0.0006016495
       -0.0003354547  -0.0000647082   0.0003264445   0.0001042128   0.0001391404
       -0.0000229694   0.0000138940  -0.0000325932   0.0000215630  -0.0000254817
       -0.0001374592   0.0039494565   0.0002747973  -0.2440054446  -0.0087144377
        0.1559158611   0.0003377680   0.0024307506   0.0023023364  -0.0000082002
       -0.0001406363   0.0001902812  -0.0000486153   0.0000711554  -0.0000019773
       -0.0000272284   0.0000348665   0.0000067991  -0.0001992407   0.0000570148
       -0.0000587299   0.0005067138  -0.0000388035  -0.0008733069  -0.0000136935
       -0.0000187571  -0.0000321226   0.0000055430   0.0000431672   0.0000347267
       -0.0000107195   0.0000195363   0.0000084075  -0.0001188139  -0.0001666693
       -0.0000038988  -0.0000945066  -0.0001570301  -0.0000588135  -0.0001248433
        0.0000239630  -0.0000276150  -0.0000526505  -0.0000130886   0.0000020345
        0.0000105340   0.0000259484   0.0000313178   0.0000440535   0.0000285106
        0.0000124121  -0.0000375854  -0.0000224119  -0.0000046038  -0.0000069273
       -0.0000041099  -0.0000112172  -0.0000243948  -0.0000040381   0.0000146721
       -0.0000115838   0.0000354952  -0.0000095116   0.0000072822  -0.0000083210
        0.0000054006  -0.0000070040  -0.0000171892   0.0000020091   0.2734017822
        0.0097801443  -0.1713022385  -0.0299249910  -0.0027718085   0.0176519640
       -0.0002159618   0.0018514592  -0.0017693872  -0.0000451095  -0.0054268548
        0.0000863496  -0.0000695456   0.0020631464  -0.0012406023   0.0001348283
        0.0002548541   0.0000790220  -0.0001323569  -0.0001668167   0.0000067913
        0.0000794545   0.0001509155  -0.0000030373   0.0000725158   0.0002699668
        0.0001291847  -0.0003404092  -0.0004077347  -0.0004937356   0.0003014679
        0.0001751145   0.0003540962  -0.0000691059   0.0000305753  -0.0000061365
        0.0000031051   0.0000111043  -0.0000401967  -0.0000853715  -0.0001780485
        0.0001068834   0.0000617961   0.0001118107   0.0000357508  -0.0000361095
       -0.0000171196  -0.0000290025   0.0000060681  -0.0000045852  -0.0000099883
        0.0000107204  -0.0000046329   0.0000103844  -0.0000032644   0.0000091881
       -0.0000131517
        0.0005318540  -0.0007793765   0.0011495695  -0.0009640794  -0.0002512808
       -0.0005549873   0.0000971722   0.0000500361   0.0000413020   0.0000335569
       -0.0000406748   0.0000074112  -0.0000239927   0.0001101983   0.0000383306
       -0.0002922712   0.0000089796  -0.0000191428   0.0002439607  -0.0003781315
        0.0003614316   0.0000144656   0.0000242920  -0.0000321963   0.0000625944
        0.0000374380   0.0000072293  -0.0009454248  -0.0004573013   0.0001518412
        0.0000867409   0.0003006520   0.0000799627   0.0000532035  -0.0002334615
       -0.0001087167  -0.0000391395   0.0001186159   0.0000357916   0.0000645950
       -0.0000315205   0.0000234638  -0.0000246759   0.0000113263  -0.0000160895
        0.0004046660  -0.0001695571  -0.0001477536   0.0056430873  -0.0197936400
       -0.0231615924   0.0011857498   0.0015223434  -0.0011929441  -0.0000810702
        0.0001220189  -0.0000695846  -0.0000046896   0.0000488447   0.0000012197
        0.0000329754   0.0000415274   0.0000120267   0.0001098009  -0.0000237988
        0.0000060893  -0.0004403879   0.0005487626  -0.0006048704   0.0000240497
       -0.0000039471   0.0000106525   0.0000187911   0.0000168276   0.0000066642
       -0.0000097357  -0.0000322993   0.0000096288  -0.0001272786   0.0000102082
       -0.0000010739  -0.0000221316   0.0000263897  -0.0000020107   0.0002809309
       -0.0002797724  -0.0000195797   0.0000905944   0.0000985916  -0.0000058081
        0.0000486558  -0.0000617681  -0.0000193903   0.0000165351  -0.0000000251
        0.0000032485   0.0000150841   0.0000171957  -0.0000093263  -0.0000085829
       -0.0000036079  -0.0000055853   0.0000092056  -0.0000123131  -0.0000032600
       -0.0000084179   0.0000267549  -0.0000042325   0.0000022652  -0.0000041991
        0.0000049352   0.0000090612  -0.0000005778   0.0000007513   0.0097801443
        0.0238029671   0.0126627455  -0.0162201081   0.0010535519   0.0108934107
        0.0002095348  -0.0063236528  -0.0004647670  -0.0019681386   0.0005450253
        0.0011920714   0.0020478292   0.0003513928  -0.0002598716   0.0001911523
       -0.0002118464  -0.0000039593  -0.0002317639   0.0000108169  -0.0000707654
        0.0000938002   0.0000088725   0.0000192442  -0.0000088082  -0.0000584120
       -0.0000793147  -0.0002728389   0.0004067335  -0.0000227671   0.0001623233
       -0.0001554451   0.0000875205   0.0000211872  -0.0000189063   0.0000135360
        0.0000088129   0.0000049964  -0.0000073878  -0.0000208719   0.0000484228
        0.0000298695   0.0001187336  -0.0000424167   0.0000277121  -0.0000217772
       -0.0000120305   0.0000071427   0.0000175821  -0.0000016643  -0.0000099546
        0.0000130816   0.0000054881   0.0000128693  -0.0000075925   0.0000023571
       -0.0000007398
        0.0003386919   0.0005117538  -0.0000647006  -0.0005956396  -0.0001160305
       -0.0000899926  -0.0000696529   0.0000845244  -0.0000206586   0.0001294243
       -0.0000522847  -0.0000628854  -0.0000073780   0.0001643012   0.0000828976
       -0.0002056015   0.0002704603  -0.0000104720   0.0001532333  -0.0009254522
       -0.0004147749   0.0000367407   0.0000500270  -0.0000364216   0.0000891598
        0.0000945194   0.0001310823  -0.0006737143   0.0016574176   0.0007015170
        0.0000837323  -0.0006888818  -0.0002713126  -0.0001985723   0.0003079932
        0.0002003690   0.0000436608  -0.0001422308  -0.0000400574  -0.0000644658
        0.0000196249   0.0000177662   0.0000156178  -0.0000036455   0.0000189405
       -0.0001950880  -0.0024786203  -0.0006418965   0.1904586356  -0.0128595893
       -0.1827544505   0.0012549882  -0.0010519627  -0.0008503158  -0.0000461282
        0.0000213808   0.0002195042  -0.0000330102   0.0001263846   0.0000717344
        0.0000290751   0.0000830429   0.0000351717   0.0000723110  -0.0000459814
        0.0000477352  -0.0013305480  -0.0000834695  -0.0005835861   0.0000020342
        0.0000058484   0.0000187153   0.0000382920   0.0000183923   0.0000038469
       -0.0000051788  -0.0000107512   0.0000021654   0.0000617408   0.0000684154
        0.0001069537   0.0000022460   0.0000630404   0.0000501537   0.0000804029
        0.0000045594   0.0001038292   0.0000313891  -0.0000050702   0.0000359821
        0.0000155677  -0.0000147548   0.0000213222  -0.0000206942  -0.0000414385
       -0.0000253511   0.0000191286   0.0000061349   0.0000136967   0.0000052089
        0.0000093739  -0.0000202123   0.0000107448   0.0000074927  -0.0000001333
        0.0000015504  -0.0000035543   0.0000027379  -0.0000018746  -0.0000049686
       -0.0000116599   0.0000064488   0.0000061770   0.0000043406  -0.1713022385
        0.0126627455   0.1727730652  -0.0146777059   0.0007730161   0.0141192334
       -0.0018515294  -0.0015516830  -0.0072144962   0.0002364416   0.0034671486
        0.0016900120  -0.0020192904  -0.0003005496   0.0028273419   0.0000509628
       -0.0001711057  -0.0001730959  -0.0001263280  -0.0000855653  -0.0000104661
        0.0000370618   0.0000732922  -0.0000371117  -0.0000118890  -0.0001971143
       -0.0001776671   0.0000546828   0.0002976846   0.0004489355  -0.0000655140
       -0.0000921350  -0.0003009638   0.0000049317   0.0000052863   0.0000300317
        0.0000525786   0.0000041277  -0.0000125614   0.0000275243   0.0001021478
        0.0000377076   0.0000507773  -0.0000407228  -0.0000395618  -0.0000098273
       -0.0000021838   0.0000370852   0.0000139805  -0.0000059229  -0.0000028315
        0.0000037171   0.0000046422   0.0000030364  -0.0000008146   0.0000047129
        0.0000107260
        0.0000743587   0.0007312896   0.0001461884   0.0004040081   0.0000953046
        0.0000829595   0.0000645875  -0.0000142116   0.0000161124  -0.0000864215
       -0.0000431542  -0.0000095987  -0.0000713386  -0.0000748642  -0.0000387265
        0.0001636477  -0.0000989890  -0.0000142645  -0.0001974204   0.0004173744
        0.0000549006  -0.0000331542  -0.0000331147   0.0000032646  -0.0000267126
       -0.0000231002  -0.0000166575   0.0001012665  -0.0001686418  -0.0000980859
       -0.0000107654   0.0000365296   0.0000237192   0.0000300547   0.0000987017
        0.0000126216  -0.0000339323  -0.0000634048  -0.0000205117   0.0000233393
       -0.0000201992   0.0000064887  -0.0000059703  -0.0000068165  -0.0000003444
        0.0001094118   0.0003829905   0.0000638328  -0.2660408918  -0.1435725895
       -0.1391773666  -0.0005369999  -0.0017110885  -0.0007297707  -0.0000183080
       -0.0000914471  -0.0000363763  -0.0000081020  -0.0000424431  -0.0000269091
       -0.0000262294  -0.0000278109  -0.0000128175  -0.0000343161   0.0000024214
       -0.0000147048   0.0000008468  -0.0003560593  -0.0000715673   0.0000013160
       -0.0000027231  -0.0000017017  -0.0000154464  -0.0000124346  -0.0000006596
        0.0000020209   0.0000070889  -0.0000033264  -0.0000004638  -0.0000116133
       -0.0000225565  -0.0000027800  -0.0000252878  -0.0000083896  -0.0000291939
        0.0000032744  -0.0000388996  -0.0000111324  -0.0000149883  -0.0000016445
       -0.0000134402  -0.0000025529  -0.0000103041   0.0000006787  -0.0000019626
        0.0000022434  -0.0000021318   0.0000012036  -0.0000028075  -0.0000007120
       -0.0000012859   0.0000008827  -0.0000090938  -0.0000005669   0.0000000004
       -0.0000014424   0.0000035117  -0.0000011225  -0.0000008269   0.0000002426
        0.0000032995  -0.0000055377  -0.0000020187   0.0000026379  -0.0299249910
       -0.0162201081  -0.0146777059   0.2959062785   0.1607534068   0.1545591028
        0.0006647402   0.0005329616   0.0000728207  -0.0001715442  -0.0002216262
       -0.0000484661  -0.0002193057  -0.0002300911  -0.0000125030  -0.0000308599
        0.0000755162   0.0000332398   0.0000305566   0.0000063884   0.0000082584
       -0.0000129881  -0.0000051653   0.0000079718   0.0000127957   0.0000394117
        0.0000419558   0.0000365523  -0.0001324205  -0.0000639752  -0.0000031328
        0.0000531726   0.0000319277  -0.0000079827   0.0000015088  -0.0000098077
       -0.0000114354  -0.0000015598   0.0000002142   0.0000023360  -0.0000237659
       -0.0000158347  -0.0000114675   0.0000165512   0.0000074250  -0.0000094542
       -0.0000020310  -0.0000031544  -0.0000023260   0.0000022010   0.0000045367
       -0.0000007723  -0.0000004254   0.0000018545   0.0000002275  -0.0000004892
        0.0000021013
        0.0006968642  -0.0012024126   0.0005054185  -0.0005769959  -0.0001777200
       -0.0002336678   0.0001551634   0.0001405957   0.0000893272  -0.0000305943
       -0.0000568515  -0.0000154799  -0.0000291934  -0.0000597515  -0.0000343210
        0.0000783157  -0.0000371598  -0.0000086986   0.0001781431   0.0002898194
        0.0002133957  -0.0000617470  -0.0000368419  -0.0000154128  -0.0000021939
        0.0000067344  -0.0000025526  -0.0003585100   0.0000052778   0.0000177101
        0.0000494632   0.0000482263   0.0000286613  -0.0000210739  -0.0000683098
       -0.0000207507  -0.0000020450   0.0000206606   0.0000013118  -0.0000026803
       -0.0000120785  -0.0000007044  -0.0000056315  -0.0000027064  -0.0000033575
        0.0002227091  -0.0001089877   0.0000272546  -0.1579916741  -0.0988187381
       -0.1065261487  -0.0008591020   0.0017545695  -0.0001917456  -0.0001281180
       -0.0002187694  -0.0002984610   0.0000084595  -0.0000730935  -0.0000379566
       -0.0000079965  -0.0000165649  -0.0000063302   0.0000428388  -0.0000174822
       -0.0000084950   0.0000261181  -0.0000484150  -0.0000861564   0.0000211951
       -0.0000032638   0.0000087788  -0.0000045885  -0.0000040687   0.0000001025
       -0.0000031481  -0.0000094026  -0.0000030487  -0.0000368615   0.0000141108
       -0.0000253053   0.0000057181   0.0000191225  -0.0000030388   0.0000205507
       -0.0000596567  -0.0000335429   0.0000272019   0.0000244140  -0.0000133796
        0.0000007838  -0.0000289944  -0.0000230534  -0.0000023681   0.0000042166
        0.0000029671   0.0000064065   0.0000067571  -0.0000056616  -0.0000060807
       -0.0000079019   0.0000096870   0.0000080029  -0.0000122977  -0.0000081206
       -0.0000033619  -0.0000032104   0.0000002344  -0.0000044665  -0.0000009063
        0.0000029077   0.0000007390   0.0000010398  -0.0000014428  -0.0027718085
        0.0010535519   0.0007730161   0.1607534068   0.0980713371   0.1059268424
        0.0004342495  -0.0004555328   0.0001598889  -0.0002013298   0.0001092649
       -0.0001458128   0.0003765246  -0.0000004940  -0.0000496931   0.0000477281
       -0.0000934115   0.0000338983  -0.0000567942   0.0000311110  -0.0000252653
        0.0000172005  -0.0000289530   0.0000166150  -0.0000018282  -0.0000203173
       -0.0000082097  -0.0000908451   0.0001705346  -0.0000583300   0.0000493580
       -0.0000704265   0.0000652109   0.0000171607  -0.0000156512   0.0000012872
       -0.0000106719  -0.0000011002   0.0000042436  -0.0000017866   0.0000184071
       -0.0000129533   0.0000270751  -0.0000229647   0.0000147979  -0.0000022145
       -0.0000018271   0.0000012694   0.0000038287   0.0000035514  -0.0000009901
        0.0000032099   0.0000042690   0.0000031268  -0.0000027050  -0.0000013082
        0.0000001338
        0.0003158820  -0.0000322140  -0.0004430682   0.0000718924  -0.0000560759
        0.0001156695   0.0000245388   0.0000490631  -0.0000132571  -0.0000863819
        0.0000112671  -0.0000197916  -0.0000173323  -0.0000827444  -0.0000266729
        0.0000546409  -0.0000810784  -0.0000370216   0.0000051389   0.0003432003
        0.0000278912   0.0000035316  -0.0000186261  -0.0000011779  -0.0000089381
        0.0000062058   0.0000201575   0.0001879422   0.0003014674   0.0000458897
       -0.0000180043  -0.0001837211  -0.0000521017  -0.0000407892   0.0001355295
        0.0000690288   0.0000070301  -0.0000776656  -0.0000205436  -0.0000341516
        0.0000064898   0.0000031658   0.0000063192  -0.0000101174   0.0000100780
       -0.0001349971  -0.0002532337  -0.0000611593  -0.1721506186  -0.1167581583
       -0.1454060030  -0.0008351352   0.0003082664   0.0005395950  -0.0000832728
       -0.0003302201  -0.0000624431  -0.0000038811  -0.0000403560  -0.0000003691
       -0.0000128551  -0.0000211031  -0.0000003225  -0.0000139264  -0.0000097758
        0.0000044555   0.0002418190  -0.0001871378   0.0000960781  -0.0000057624
        0.0000058662   0.0000036360  -0.0000114979  -0.0000149733  -0.0000050718
        0.0000015755   0.0000053399  -0.0000056019   0.0000409195   0.0000082780
        0.0000163067   0.0000140588   0.0000132403   0.0000124515  -0.0000624640
        0.0000641052   0.0000108095  -0.0000241067  -0.0000401233   0.0000079568
       -0.0000205573   0.0000146319   0.0000097888  -0.0000117973  -0.0000076804
       -0.0000065506  -0.0000006251  -0.0000059409   0.0000037645   0.0000004924
       -0.0000004675  -0.0000048375  -0.0000026980   0.0000025338   0.0000020984
        0.0000001157  -0.0000132876   0.0000024296  -0.0000051630  -0.0000023852
       -0.0000067485  -0.0000045868  -0.0000004352  -0.0000002738   0.0176519640
        0.0108934107   0.0141192334   0.1545591028   0.1059268424   0.1315127428
        0.0000658116   0.0000705991  -0.0002577408   0.0003496750   0.0001380332
       -0.0000968713   0.0000153261  -0.0000310942  -0.0000663048  -0.0000486009
        0.0000235594  -0.0000277824   0.0000641387   0.0000026333   0.0000217094
       -0.0000325777  -0.0000158202  -0.0000117252   0.0000084604  -0.0000197789
       -0.0000102244   0.0000997155  -0.0000518203   0.0000953433  -0.0000803760
        0.0000197998  -0.0000893638  -0.0000029722   0.0000015986   0.0000022435
       -0.0000021101  -0.0000032085   0.0000022490   0.0000048154  -0.0000024768
       -0.0000017711  -0.0000365572  -0.0000034313  -0.0000213207   0.0000083241
        0.0000043223   0.0000080584  -0.0000054658   0.0000009210   0.0000027978
       -0.0000059322   0.0000010010  -0.0000105490   0.0000009040  -0.0000030540
        0.0000010403
        0.0018497945   0.0006278015   0.0010794668  -0.0021980699  -0.0002982791
       -0.0004649762   0.0003479079   0.0003886063   0.0001179871  -0.0001987706
        0.0000854330  -0.0000456268   0.0001325552   0.0000262367   0.0001077102
       -0.0002143565   0.0002013108  -0.0001486103   0.0003169334  -0.0005284322
       -0.0003481556   0.0000656489   0.0000019355  -0.0000744125   0.0000465750
        0.0002190135   0.0002276586  -0.0038797451   0.0043365142   0.0016698166
        0.0006444219  -0.0021671261  -0.0008670312  -0.0005442262   0.0007728130
        0.0004866599   0.0001378541  -0.0004608046  -0.0001326095  -0.0002183861
        0.0000365864  -0.0000315616   0.0000509993  -0.0000353655   0.0000379612
       -0.0005187960  -0.0119023548  -0.0001670014  -0.0114467158   0.0009278489
        0.0108651258  -0.0001334561  -0.0013949724  -0.0012201869  -0.0000157132
        0.0000639499  -0.0001264018   0.0000270936   0.0000088893   0.0000441026
        0.0000534905   0.0000152292   0.0000250351   0.0002272211  -0.0000932672
        0.0001292689  -0.0003424052   0.0001003924   0.0000203106   0.0000138302
        0.0000349414   0.0000566418   0.0000217012  -0.0000334772  -0.0000450930
        0.0000150632  -0.0000321603  -0.0000109077   0.0002380852   0.0002996747
        0.0001002247   0.0001499429   0.0002737107   0.0001120811   0.0008687959
       -0.0002207148  -0.0000430583   0.0001518951   0.0001288335   0.0000007118
        0.0000060079  -0.0000407002  -0.0000326467  -0.0000626110  -0.0000487311
       -0.0000231771   0.0000495673   0.0000323020   0.0000100005   0.0000057643
        0.0000018787   0.0000147530   0.0000316502   0.0000061865  -0.0000162491
        0.0000135638  -0.0000567873   0.0000068162  -0.0000100104   0.0000088047
       -0.0000148839   0.0000044290   0.0000198712  -0.0000089856  -0.0002159618
        0.0002095348  -0.0018515294   0.0006647402   0.0004342495   0.0000658116
        0.3924695078  -0.0257583845   0.0872638019  -0.1244676263  -0.1309775470
        0.0096283765  -0.2542474955   0.1651767810  -0.1061294295  -0.0001494963
       -0.0004219641  -0.0002231045   0.0001798384   0.0001995011  -0.0000279336
       -0.0001053032  -0.0001845968  -0.0000150780   0.0000137262  -0.0005314163
       -0.0002839872   0.0005904006   0.0007221785   0.0011325581  -0.0005334609
       -0.0002532607  -0.0007716676   0.0000840080  -0.0000492706   0.0000458891
        0.0000504392  -0.0000334949   0.0000315971   0.0000158308   0.0003033186
       -0.0001256769  -0.0000723262  -0.0001752727  -0.0000695175   0.0000457792
        0.0000266795   0.0000440286  -0.0000048619   0.0000039700   0.0000057842
       -0.0000105086   0.0000119055  -0.0000210674   0.0000052408  -0.0000085021
        0.0000103869
        0.0002857889   0.0003307888  -0.0004079490  -0.0003347183  -0.0001197853
        0.0002003598  -0.0000505593   0.0001462665  -0.0000441595  -0.0000544872
        0.0001686631  -0.0000361449   0.0001912244  -0.0000581089   0.0000612401
        0.0002564723  -0.0001009963  -0.0000828558  -0.0000143722   0.0001152345
       -0.0007361249   0.0000256555  -0.0000121406   0.0000426949  -0.0000610030
       -0.0000069378   0.0000531323  -0.0038410728   0.0051661049   0.0018587261
        0.0008920657  -0.0029837895  -0.0011901532  -0.0007249232   0.0014685355
        0.0007938471   0.0002190268  -0.0007935337  -0.0002587330  -0.0003311150
        0.0000709623  -0.0000670010   0.0000962488  -0.0000615703   0.0000641190
       -0.0063134127  -0.0173038398   0.0003304355  -0.0008618422   0.0042620695
        0.0005526047  -0.0002419875  -0.0004968175   0.0001116331  -0.0000067046
       -0.0001045281   0.0000371625   0.0000111779  -0.0000500570   0.0000382817
       -0.0000057216  -0.0000462786   0.0000185521  -0.0000559555   0.0000089840
        0.0000360027  -0.0000209480  -0.0002300030   0.0000167030  -0.0000384737
        0.0000277061  -0.0000206406  -0.0000121659  -0.0000408395  -0.0000120675
        0.0000237461   0.0000916127   0.0000089297   0.0006711786   0.0000195646
        0.0001526226   0.0000520501  -0.0000423350   0.0000247958   0.0003307366
        0.0007393546   0.0002307316   0.0000576607   0.0000070600   0.0000269659
       -0.0000946432   0.0000167872   0.0000005238  -0.0000944024  -0.0000727401
       -0.0000290493   0.0000325503   0.0000120224   0.0000338217   0.0000223757
        0.0000064104   0.0000176938  -0.0000045724   0.0000196695  -0.0000087530
        0.0000199536  -0.0000963437   0.0000106197  -0.0000143083   0.0000135058
       -0.0000163190  -0.0000145477   0.0000163526  -0.0000063921   0.0018514592
       -0.0063236528  -0.0015516830   0.0005329616  -0.0004555328   0.0000705991
       -0.0257583845   0.5199443798  -0.1448560574  -0.1655803255  -0.3078894446
        0.0420304617   0.1991006115  -0.1952098561   0.1026770086  -0.0005571491
        0.0005726852  -0.0000628698   0.0005048288  -0.0000581952   0.0001492736
       -0.0002282050   0.0000194145  -0.0000704070   0.0000840396   0.0002970124
        0.0002246182   0.0007378571  -0.0011821897   0.0001368726  -0.0004079222
        0.0004322732  -0.0002932335  -0.0000698281   0.0000593673  -0.0000824755
        0.0000244092  -0.0000576877   0.0000180449   0.0000133945  -0.0003407616
       -0.0001255479  -0.0002505651   0.0000796994  -0.0000752353   0.0000504306
        0.0000302025  -0.0000028044  -0.0000348364   0.0000039139   0.0000251949
       -0.0000250247  -0.0000077251  -0.0000249539   0.0000162730  -0.0000009129
        0.0000073382
       -0.0000740259  -0.0004461725  -0.0000200836  -0.0000429977  -0.0001393360
        0.0000556184   0.0002401848   0.0000745192   0.0001279488  -0.0003627248
        0.0000431990   0.0000466848   0.0001954778  -0.0002904365  -0.0000513271
        0.0005440643  -0.0001016832   0.0000041184   0.0000125495   0.0012396329
       -0.0004398620  -0.0000956580  -0.0001014381   0.0000458897  -0.0001559120
       -0.0001029540  -0.0001974970   0.0014572325  -0.0012765673  -0.0013991971
       -0.0002504438   0.0006816318   0.0000950263   0.0001852596  -0.0001240530
       -0.0001702700  -0.0000211493   0.0000531972   0.0000408395   0.0000332981
       -0.0000053258  -0.0000595640   0.0000019606  -0.0000059005  -0.0000105441
        0.0006400498   0.0034888633   0.0040162348   0.0091914916  -0.0007543686
       -0.0026928963  -0.0004857269   0.0008582309   0.0005980533   0.0000486111
       -0.0000526360  -0.0001997338   0.0000715817  -0.0002267066  -0.0001051554
       -0.0000614689  -0.0001730560  -0.0000709447   0.0001333485   0.0000108035
        0.0000075161  -0.0001473387  -0.0008444068   0.0003624123   0.0000067840
       -0.0000106416  -0.0000066193  -0.0000760934  -0.0000646180  -0.0000230752
        0.0000149697   0.0000296907  -0.0000188278   0.0000435720  -0.0000098928
       -0.0003329883   0.0000585567  -0.0000445341  -0.0000642109  -0.0004264274
        0.0001596250   0.0000095490  -0.0001150944  -0.0000872285  -0.0000782586
       -0.0000653197   0.0000540390  -0.0000482277   0.0000119571   0.0000704238
        0.0000459050  -0.0000318825  -0.0000178464  -0.0000197883   0.0000068417
       -0.0000145572   0.0000412584  -0.0000195905  -0.0000012395  -0.0000017549
        0.0000075383  -0.0000143901  -0.0000014489   0.0000018377   0.0000174664
        0.0000204622  -0.0000128539  -0.0000054291  -0.0000067067  -0.0017693872
       -0.0004647670  -0.0072144962   0.0000728207   0.0001598889  -0.0002577408
        0.0872638019  -0.1448560574   0.0853184354   0.0188862882   0.0491369900
       -0.0192692765  -0.1147269090   0.0941173274  -0.0582649084  -0.0003074890
        0.0002582277   0.0003507788   0.0003781583   0.0002632092   0.0000252210
       -0.0001414044  -0.0002116900   0.0000903000  -0.0001223210   0.0002763107
        0.0004806145   0.0002447349  -0.0004562167  -0.0007156155  -0.0000582960
        0.0000901003   0.0004682240   0.0000906472  -0.0000566895  -0.0001078760
       -0.0001710108  -0.0000379031   0.0000914894   0.0000503826  -0.0001198867
       -0.0005123841  -0.0001600959   0.0000241997   0.0000619081   0.0000477450
        0.0000150728  -0.0000501008  -0.0000320408   0.0000141437   0.0000166651
       -0.0000151889  -0.0000081753  -0.0000022364   0.0000071048  -0.0000099895
       -0.0000075373
       -0.0008245518  -0.0001380357  -0.0007561598   0.0010436873   0.0001795057
        0.0003651276  -0.0000597274  -0.0001493502   0.0000127912  -0.0000083357
       -0.0000539004   0.0000318710  -0.0000661348  -0.0001109563  -0.0000778223
        0.0002269617  -0.0001182820   0.0001304486  -0.0000765797   0.0005541276
        0.0000335340  -0.0000500600  -0.0000072534   0.0000500041  -0.0000311053
       -0.0001740818  -0.0001794040   0.0057103778  -0.0037169817  -0.0019027810
       -0.0010264744   0.0026752824   0.0011303376   0.0006478118  -0.0009318948
       -0.0005694751  -0.0001668965   0.0005389482   0.0001585513   0.0002310071
       -0.0000275740   0.0000451888  -0.0000556066   0.0000385237  -0.0000423122
       -0.0050935303   0.0052499304   0.0005282769  -0.0004279364   0.0006660536
       -0.0005182689  -0.0001946796   0.0001892607   0.0005708273   0.0000443938
       -0.0000878681   0.0000478319  -0.0000090668  -0.0000377096  -0.0000421031
       -0.0000408197  -0.0000259922  -0.0000383886  -0.0001190716   0.0000635557
       -0.0000919797   0.0000867774  -0.0003287961   0.0002696268  -0.0000086047
       -0.0000256034  -0.0000307623  -0.0000289236   0.0000177834   0.0000259378
       -0.0000073722   0.0000046086   0.0000069824  -0.0003374174  -0.0002860146
       -0.0001241856  -0.0000935284  -0.0001472701  -0.0000739542  -0.0016415934
        0.0010339884   0.0002915682  -0.0002073614  -0.0002497426  -0.0000016083
       -0.0000102999   0.0000548573   0.0000455688   0.0000666559   0.0000522595
        0.0000180503  -0.0000501273  -0.0000435192  -0.0000127064  -0.0000094222
        0.0000004851  -0.0000237644  -0.0000221709  -0.0000071034   0.0000151798
       -0.0000115838   0.0000538400  -0.0000063154   0.0000084780  -0.0000118042
        0.0000057677  -0.0000003287  -0.0000195153   0.0000051654  -0.0000451095
       -0.0019681386   0.0002364416  -0.0001715442  -0.0002013298   0.0003496750
       -0.1244676263  -0.1655803255   0.0188862882   0.1132093847   0.1374769102
       -0.0151966038   0.0144522885   0.0251660831  -0.0037844569   0.0002564337
        0.0000784554   0.0001621707  -0.0001748906  -0.0000719495  -0.0000033042
        0.0001002795   0.0000857640   0.0000266850  -0.0000871410   0.0001910385
        0.0000709771  -0.0005418939   0.0000000473  -0.0007497614   0.0004179105
        0.0000143471   0.0005867379   0.0000344665   0.0000050834   0.0000122665
       -0.0000376391   0.0000394902   0.0000178821  -0.0003895590   0.0000267559
        0.0000571376   0.0000828723   0.0000866161   0.0000626811  -0.0000407388
       -0.0000200703  -0.0000324655   0.0000089412  -0.0000026582  -0.0000079741
        0.0000114175  -0.0000046423   0.0000171461  -0.0000046926   0.0000047620
       -0.0000081692
       -0.0002225529  -0.0004809337   0.0003245618   0.0002802250  -0.0000069324
       -0.0001806981   0.0001848798  -0.0002094932   0.0001639269  -0.0001195023
       -0.0002036879   0.0000802573  -0.0001490565  -0.0000834781  -0.0000538962
       -0.0002508064   0.0001128150   0.0000563797   0.0001507823   0.0004384864
        0.0002832812  -0.0000342064  -0.0000357949  -0.0000641347   0.0000231173
        0.0000288271  -0.0001060019   0.0067534129  -0.0108900204  -0.0037239174
       -0.0014970439   0.0050203905   0.0018108762   0.0012406499  -0.0022571446
       -0.0013078238  -0.0003514367   0.0011885659   0.0004099953   0.0005276785
       -0.0001109212   0.0000966887  -0.0001440421   0.0000903840  -0.0001015762
       -0.0002930472   0.0087375473   0.0018692018   0.0024227600  -0.0008701931
       -0.0018780221  -0.0000328202   0.0005609345   0.0001858874   0.0000495696
        0.0000858874  -0.0001103709   0.0000332521  -0.0000486627  -0.0001037283
       -0.0000084461  -0.0000325399  -0.0000735580   0.0002361283  -0.0000485091
        0.0000359600  -0.0002515435  -0.0001531793   0.0003509414   0.0000540930
       -0.0000443010   0.0000512583  -0.0000195550   0.0000046224  -0.0000144051
       -0.0000317300  -0.0001514282  -0.0000393638  -0.0010555700   0.0001297717
       -0.0003705509   0.0000173024   0.0001482173  -0.0000115123  -0.0006590983
       -0.0009653157  -0.0002837207  -0.0000937738  -0.0000470769  -0.0000695180
        0.0000991535  -0.0000088359  -0.0000128080   0.0001484481   0.0001445423
        0.0000725443  -0.0000409971  -0.0000159356  -0.0000591390  -0.0000363773
       -0.0000152858  -0.0000371579  -0.0000122059  -0.0000358080   0.0000161269
       -0.0000294339   0.0001375651  -0.0000132482   0.0000184674  -0.0000162746
        0.0000331427   0.0000265796  -0.0000239753   0.0000048820  -0.0054268548
        0.0005450253   0.0034671486  -0.0002216262   0.0001092649   0.0001380332
       -0.1309775470  -0.3078894446   0.0491369900   0.1374769102   0.3351474358
       -0.0562886642  -0.0081802110  -0.0282459266   0.0060252987   0.0006711485
       -0.0009580677   0.0001631723  -0.0004938206   0.0003188526  -0.0002105757
        0.0002235425  -0.0002259684   0.0001370950  -0.0001030474  -0.0007105656
       -0.0002455832  -0.0007394914   0.0019730505   0.0000698348   0.0003357392
       -0.0007103882   0.0002351100   0.0001143683  -0.0001971528   0.0001012091
       -0.0001140031   0.0000522108   0.0000041290   0.0002274146   0.0009465822
       -0.0000637244   0.0002676675  -0.0001907426   0.0001066017  -0.0000270731
       -0.0000308028   0.0000010634   0.0000346275  -0.0000019430  -0.0000246839
        0.0000221401   0.0000050522   0.0000242413  -0.0000231378  -0.0000093010
       -0.0000074567
       -0.0004719919   0.0000960926  -0.0001584284   0.0006378328   0.0000868894
       -0.0000115135  -0.0002088922  -0.0001296879  -0.0001270518   0.0002675972
       -0.0000170929  -0.0000121712  -0.0002144287   0.0001826374  -0.0000134129
       -0.0003559864  -0.0001082230   0.0000352837  -0.0000289004  -0.0005567170
        0.0004083201   0.0000536835   0.0000710028  -0.0000102364   0.0000624153
       -0.0000042768   0.0000909932  -0.0009447042   0.0000340489   0.0012667186
        0.0003120590  -0.0006136984   0.0004935681  -0.0000860123   0.0001374150
        0.0001630261  -0.0000395116  -0.0000644386  -0.0001244992  -0.0000041441
        0.0000067712   0.0000508733  -0.0000087071   0.0000045661   0.0000024728
       -0.0002169643  -0.0007740146  -0.0059147892   0.0003348642  -0.0002276490
       -0.0010165187   0.0003361531   0.0000184903  -0.0000555210  -0.0000581413
        0.0000297750   0.0001628880  -0.0000586462   0.0001407996   0.0000533684
        0.0000244038   0.0001152721   0.0000487416  -0.0001750373   0.0000354852
       -0.0000505725   0.0003086247   0.0003754219  -0.0006761152  -0.0000070286
        0.0000062373  -0.0000122807   0.0000465341   0.0000495225   0.0000243942
       -0.0000095682  -0.0000053087   0.0000249381  -0.0000439927  -0.0000826813
        0.0003211727  -0.0000624731  -0.0000230940   0.0000229035   0.0003258344
       -0.0002086964  -0.0002658743   0.0000775434   0.0000504482   0.0000530285
        0.0000381578  -0.0000367777   0.0000543840  -0.0000068873  -0.0000697866
       -0.0000361307   0.0000268647   0.0000143276   0.0000141678  -0.0000059073
        0.0000142019  -0.0000318944   0.0000059370   0.0000037107   0.0000023295
       -0.0000045314   0.0000132231   0.0000000026  -0.0000006701  -0.0000109722
       -0.0000144112   0.0000059594   0.0000024731   0.0000042515   0.0000863496
        0.0011920714   0.0016900120  -0.0000484661  -0.0001458128  -0.0000968713
        0.0096283765   0.0420304617  -0.0192692765  -0.0151966038  -0.0562886642
        0.0240598795   0.0055611222   0.0145988292  -0.0011450590   0.0002779384
       -0.0000303656  -0.0002430734  -0.0002283713  -0.0002154787   0.0000050484
        0.0000925001   0.0001770348  -0.0000652405   0.0001429265  -0.0000338679
       -0.0003303268  -0.0002786634   0.0001071554   0.0002838424   0.0001106966
        0.0000175294  -0.0001722557  -0.0000794688   0.0000760330   0.0000335049
        0.0001426463   0.0000142953  -0.0000736512  -0.0001549788  -0.0000744762
        0.0005715187   0.0000985346   0.0000248676  -0.0000349661  -0.0000350152
       -0.0000104389   0.0000252039   0.0000201632  -0.0000086984  -0.0000096796
        0.0000111187   0.0000050287   0.0000016659  -0.0000021431   0.0000087992
        0.0000033193
       -0.0001100789  -0.0001565331   0.0000301285   0.0000523489  -0.0000667640
       -0.0000488572  -0.0000001595  -0.0000769472  -0.0000010371   0.0000100452
       -0.0000212207   0.0000066203  -0.0000102810  -0.0000218895  -0.0000205423
        0.0000995111  -0.0001611186   0.0000281803   0.0000761591   0.0003316134
        0.0000345301  -0.0000327496  -0.0000155587   0.0000286958  -0.0000206187
       -0.0000727607  -0.0000798692  -0.0000685665  -0.0004982764  -0.0001183617
        0.0000133960   0.0002669977   0.0000759547   0.0000811187  -0.0002016228
       -0.0001070668  -0.0000028859   0.0001181845   0.0000335941   0.0000340458
       -0.0000030916  -0.0000027086  -0.0000067787   0.0000082971  -0.0000059276
       -0.0004679682  -0.0002747711   0.0001627384  -0.0003630014  -0.0013738112
        0.0009351517  -0.0000462278   0.0002389013   0.0000283179   0.0000081674
       -0.0000011542  -0.0000383525  -0.0000056585  -0.0000303323  -0.0000186257
       -0.0000074022  -0.0000106593  -0.0000063931  -0.0000362527   0.0000227926
       -0.0000637903  -0.0000155895   0.0001829964   0.0002545806  -0.0000047803
       -0.0000136122  -0.0000292890  -0.0000138957   0.0000068303   0.0000180676
       -0.0000048049   0.0000253238   0.0000096036   0.0000295481  -0.0001025490
       -0.0000020207  -0.0000683640  -0.0001357246  -0.0000484285   0.0000304461
       -0.0000079643  -0.0000304595   0.0000036518   0.0000284814  -0.0000008601
        0.0000050161  -0.0000013649  -0.0000017761   0.0000141545   0.0000179263
        0.0000073052  -0.0000115377  -0.0000037112   0.0000008414  -0.0000003256
       -0.0000031941   0.0000042971  -0.0000039370  -0.0000041934   0.0000003817
       -0.0000034302   0.0000110555  -0.0000001477   0.0000020362  -0.0000008499
        0.0000064875  -0.0000002821  -0.0000036756   0.0000032418  -0.0000695456
        0.0020478292  -0.0020192904  -0.0002193057   0.0003765246   0.0000153261
       -0.2542474955   0.1991006115  -0.1147269090   0.0144522885  -0.0081802110
        0.0055611222   0.2408842961  -0.1914612640   0.1100007501  -0.0000182687
        0.0003040033   0.0000901491  -0.0000406670  -0.0001037163   0.0000246007
        0.0000281304   0.0000933687  -0.0000039590   0.0001217825   0.0003534896
        0.0001627455  -0.0001354623  -0.0005726177  -0.0004963414   0.0001912277
        0.0002051471   0.0002905672  -0.0001605762   0.0000831207  -0.0000695548
        0.0000008781   0.0000180858  -0.0000144439   0.0000578382  -0.0003388684
        0.0001271051   0.0000211744   0.0000913748   0.0000267482  -0.0000221510
       -0.0000094649  -0.0000206113   0.0000004402  -0.0000028339  -0.0000004043
        0.0000037335  -0.0000065751   0.0000107128  -0.0000023860   0.0000059460
       -0.0000025173
       -0.0004384619  -0.0000149080  -0.0001635403   0.0005947242   0.0001436011
        0.0000784205  -0.0001022693  -0.0000547354  -0.0000303107   0.0000968528
       -0.0000148439   0.0000108131  -0.0001205307   0.0000566594  -0.0000279158
       -0.0000162908  -0.0000657501   0.0000939053  -0.0001440967  -0.0002151614
        0.0003322624   0.0000033879   0.0000400267   0.0000144954   0.0000112813
       -0.0000592841  -0.0000143709   0.0005826420  -0.0015905569  -0.0002297083
       -0.0001533145   0.0006789846   0.0002365724   0.0001812429  -0.0004107351
       -0.0002035528  -0.0000482687   0.0001970619   0.0000643580   0.0000847523
       -0.0000191109   0.0000219337  -0.0000259910   0.0000142304  -0.0000178057
       -0.0003875048   0.0013710759  -0.0002625955  -0.0006046149  -0.0004072586
       -0.0000266097   0.0001377288   0.0001209226   0.0000837504  -0.0000257972
        0.0000071836   0.0000746600  -0.0000275597   0.0000703248   0.0000126823
       -0.0000053039   0.0000571775   0.0000136877  -0.0001896947   0.0000517303
       -0.0000963333   0.0003238456   0.0000342069  -0.0004700993  -0.0000028134
       -0.0000012773  -0.0000196233   0.0000202849   0.0000395993   0.0000265355
       -0.0000019204   0.0000048701   0.0000205503  -0.0000754052  -0.0001710960
        0.0000632464  -0.0000733113  -0.0000643639  -0.0000275386  -0.0002152562
        0.0002348732   0.0000788592  -0.0000062901  -0.0000150645   0.0000055575
        0.0000148459   0.0000081307   0.0000195294   0.0000267030   0.0000054306
       -0.0000001165  -0.0000079126  -0.0000067581  -0.0000039912  -0.0000055580
        0.0000023864  -0.0000143579  -0.0000030091  -0.0000028602   0.0000053472
       -0.0000065749   0.0000266691  -0.0000049487   0.0000038965  -0.0000068653
        0.0000006723   0.0000022355  -0.0000065344   0.0000021658   0.0020631464
        0.0003513928  -0.0003005496  -0.0002300911  -0.0000004940  -0.0000310942
        0.1651767810  -0.1952098561   0.0941173274   0.0251660831  -0.0282459266
        0.0145988292  -0.1914612640   0.2230134403  -0.1081198952   0.0002242336
        0.0000309456  -0.0000281109  -0.0001987073  -0.0000946193  -0.0000209853
        0.0001015451   0.0001031602  -0.0000022784   0.0000238943   0.0001934003
       -0.0001215270  -0.0003873187  -0.0000492942  -0.0002997159   0.0002809429
        0.0000101594   0.0002595344   0.0000362490   0.0000999051   0.0000352730
        0.0000970421   0.0000237490  -0.0000112911  -0.0003855127  -0.0003042668
        0.0002531757   0.0001003444   0.0000386876   0.0000277063  -0.0000357929
       -0.0000120108  -0.0000043491   0.0000171550  -0.0000009526  -0.0000099609
        0.0000151979   0.0000057383   0.0000140989  -0.0000006015   0.0000088606
       -0.0000027735
       -0.0002059591   0.0000663066  -0.0001137890   0.0002526591   0.0001059224
        0.0000475880  -0.0000666555  -0.0000659051  -0.0000488524   0.0000905393
       -0.0000312263  -0.0000234609  -0.0001272033   0.0001103428   0.0000149918
       -0.0000369478   0.0000308914   0.0000216329  -0.0001211556  -0.0004026434
       -0.0000282319   0.0000425713   0.0000294665  -0.0000173655   0.0000466329
        0.0000343811   0.0000832151  -0.0004411210   0.0004041148   0.0004169884
        0.0000622794  -0.0001748210  -0.0000592003  -0.0000515317   0.0000207658
        0.0000440712   0.0000027452   0.0000015327  -0.0000001845  -0.0000013479
       -0.0000027765   0.0000218728  -0.0000029192   0.0000044521   0.0000049161
        0.0001970184  -0.0006029655  -0.0007036641   0.0008833591   0.0000940039
       -0.0013655425   0.0001987370  -0.0000639070  -0.0000323327  -0.0000148372
        0.0000157285   0.0000840834  -0.0000342877   0.0000820364   0.0000320116
        0.0000193418   0.0000723602   0.0000272490  -0.0001711439  -0.0000201332
       -0.0000193748   0.0002454217   0.0000297508  -0.0003244125  -0.0000094452
       -0.0000031576   0.0000003980   0.0000280512   0.0000256424   0.0000061590
       -0.0000077220  -0.0000191867  -0.0000010129  -0.0000611357   0.0000361029
        0.0001235337  -0.0000280725   0.0000140133   0.0000307086   0.0001993637
       -0.0001498256  -0.0000527006   0.0000459443   0.0000454520   0.0000244753
        0.0000282460  -0.0000259171   0.0000085105  -0.0000013919  -0.0000209993
       -0.0000119320   0.0000129579   0.0000083624   0.0000049564  -0.0000038806
        0.0000027198  -0.0000143371   0.0000066459  -0.0000019529   0.0000006826
       -0.0000050458   0.0000105631  -0.0000000015   0.0000000832  -0.0000062880
       -0.0000045560   0.0000069225   0.0000022086   0.0000031256  -0.0012406023
       -0.0002598716   0.0028273419  -0.0000125030  -0.0000496931  -0.0000663048
       -0.1061294295   0.1026770086  -0.0582649084  -0.0037844569   0.0060252987
       -0.0011450590   0.1100007501  -0.1081198952   0.0585437853   0.0001420913
       -0.0001268326  -0.0001712512  -0.0001647795  -0.0000829985  -0.0000191545
        0.0000614596   0.0000657058  -0.0000281109   0.0000908431  -0.0002316833
       -0.0003134843  -0.0000895266   0.0002096742   0.0004473567  -0.0000064578
       -0.0000257607  -0.0003128470  -0.0000796986   0.0000242935   0.0001090214
        0.0000833685   0.0000453594  -0.0000703452   0.0000779078   0.0002192948
        0.0002926452   0.0000777010  -0.0000165127  -0.0000275943  -0.0000196647
       -0.0000061176   0.0000234822   0.0000145650  -0.0000068251  -0.0000075121
        0.0000050356   0.0000015930  -0.0000004077  -0.0000043193   0.0000025470
        0.0000031280
       -0.0007785390  -0.0000915101  -0.0002763832   0.0008931424   0.0001603904
        0.0000335011  -0.0001825296  -0.0003044998  -0.0000150018   0.0004167892
       -0.0003758004  -0.0000573506   0.0002863318   0.0004110439   0.0006033720
        0.0001665846  -0.0004395367   0.0008286141  -0.0001714653   0.0004963558
        0.0003010761   0.0026034969   0.0047084948   0.0053361471  -0.0593145620
       -0.0002621908  -0.0273205916   0.0011171675  -0.0016499468   0.0000792634
       -0.0000091712   0.0009329936  -0.0004525016   0.0003198130  -0.0008106107
       -0.0003283417  -0.0001729937   0.0003493807   0.0001261417   0.0001750607
       -0.0000641802   0.0000664914  -0.0000786020   0.0000381259  -0.0000357656
       -0.0034628470  -0.0001767244  -0.0022850769  -0.0001301102  -0.0003001904
       -0.0000163280   0.0000789615   0.0001763845   0.0000921237  -0.0000389386
       -0.0000120893   0.0000708256  -0.0001167098   0.0001003758   0.0000000699
       -0.0000179993   0.0001009744  -0.0000574175  -0.0004736301   0.0004895245
        0.0002237789  -0.0000404586  -0.0000055186  -0.0000479630  -0.0008109147
        0.0005486917  -0.0005593773  -0.0000820413  -0.0001727253   0.0014682493
       -0.0009343420   0.0170680783   0.0108328609  -0.2016400684   0.0170752065
       -0.1835533207   0.0006728494   0.0038036094   0.0005960081  -0.0001325676
        0.0001092873   0.0003696683  -0.0008822651   0.0004625206   0.0000821651
        0.0000640685  -0.0000274576   0.0000492817   0.0000979727  -0.0000455671
       -0.0000313616  -0.0000143884  -0.0000457776   0.0000482451  -0.0000362437
        0.0000102248  -0.0000463797   0.0000184701  -0.0000115758  -0.0000011180
       -0.0000200757   0.0000729468  -0.0000086919   0.0000082294  -0.0000241307
        0.0000065499   0.0000324647  -0.0000035830   0.0000029070   0.0001348283
        0.0001911523   0.0000509628  -0.0000308599   0.0000477281  -0.0000486009
       -0.0001494963  -0.0005571491  -0.0003074890   0.0002564337   0.0006711485
        0.0002779384  -0.0000182687   0.0002242336   0.0001420913   0.3939097667
       -0.1740623699   0.2747154800  -0.0016183669  -0.0166633742  -0.0161185328
       -0.0031683868  -0.0041680717   0.0019890961   0.0044566606   0.0007838638
        0.0001911136  -0.1044127238   0.1112209389  -0.0337380680  -0.0310166693
        0.0443072666  -0.0332812161   0.0002474168  -0.0006998686  -0.0007900173
        0.0002615475  -0.0008517701  -0.0010939667   0.0008344227  -0.0003655327
       -0.0000548824   0.0020174171  -0.0029224177   0.0004597506   0.0005051487
        0.0004288495   0.0014470539  -0.0000151512  -0.0000152441  -0.0000715574
        0.0003520977   0.0002138681   0.0000486221   0.0000442442  -0.0000742455
        0.0000578520
        0.0009499429   0.0002772646   0.0004442658  -0.0012073096   0.0001082142
       -0.0001067333  -0.0004070219   0.0002289868   0.0000344980   0.0006734355
       -0.0004167373   0.0000041079  -0.0030474613  -0.0001085122  -0.0004660351
       -0.0003073929  -0.0008990318   0.0003122522   0.0008172936  -0.0003193618
        0.0002315532   0.0041328805   0.0004480916  -0.0143243081   0.0165286689
       -0.1403904688  -0.0677696304  -0.0002536437  -0.0016335862  -0.0002686926
       -0.0003228640   0.0000349979   0.0006512461   0.0000997774   0.0002191474
       -0.0000153555  -0.0000359581  -0.0001848423   0.0000835513  -0.0000708313
        0.0000502481  -0.0000594091   0.0000147901  -0.0000229666   0.0000278563
       -0.0000820764   0.0019968505   0.0000786585  -0.0001269233   0.0004144406
        0.0001360775  -0.0000024263  -0.0002544913  -0.0001612844  -0.0000171547
        0.0000461855  -0.0001139671   0.0000625714  -0.0000344157   0.0000235679
       -0.0001691287   0.0002030157   0.0001580670  -0.0009523110   0.0003252674
        0.0006958910   0.0000700325   0.0001394919   0.0000532553   0.0006481708
        0.0003012584  -0.0002463853   0.0001709064   0.0007901174  -0.0005300286
        0.0022688939  -0.0280077601  -0.0177826422   0.0210230056  -0.0395921549
       -0.0004813718  -0.0031833998  -0.0090334719  -0.0008857598   0.0001549014
        0.0001999962  -0.0000943257   0.0002360933   0.0002818503  -0.0002829680
        0.0001991887  -0.0000179639  -0.0001327949  -0.0001146409   0.0000736291
        0.0000571255   0.0000629413   0.0002204489  -0.0001724439   0.0000177531
       -0.0000148527   0.0000308503   0.0000852933  -0.0000197749   0.0000004637
        0.0000534868  -0.0000702445   0.0000187866  -0.0000174273   0.0000319682
        0.0000044506   0.0000028718   0.0000571878  -0.0000339710   0.0002548541
       -0.0002118464  -0.0001711057   0.0000755162  -0.0000934115   0.0000235594
       -0.0004219641   0.0005726852   0.0002582277   0.0000784554  -0.0009580677
       -0.0000303656   0.0003040033   0.0000309456  -0.0001268326  -0.1740623699
        0.5692401758   0.0855674254  -0.0001858641  -0.0169366190  -0.0094731293
       -0.0063663545  -0.0015915308   0.0005714442   0.0089029297  -0.0417335193
       -0.0147282316   0.0985772920  -0.2784260064   0.0119146117   0.0372873828
       -0.0141895026   0.0301743454  -0.0008488362  -0.0039895589  -0.0036579514
        0.0003520558  -0.0021603361  -0.0004005034   0.0007056231  -0.0006600795
        0.0015520542  -0.0015903518   0.0050310484  -0.0011833155  -0.0007490358
        0.0007237286   0.0005597237  -0.0005582521  -0.0002302906   0.0002620917
       -0.0001364770  -0.0001458877  -0.0002583703   0.0004264653   0.0003000514
        0.0000279041
        0.0006413841  -0.0000552344   0.0005014447  -0.0007300244   0.0000845632
       -0.0001843952  -0.0000677726   0.0000823727   0.0000909343   0.0000280652
       -0.0001431073   0.0001074797  -0.0014494835  -0.0007566542   0.0005785845
       -0.0005195918   0.0006519962  -0.0002833179   0.0001892386  -0.0004412480
       -0.0000858438   0.0034613365  -0.0246741096  -0.0313720589  -0.0135877284
       -0.0718750416  -0.1167394447   0.0002607119  -0.0001049257  -0.0004119623
        0.0006419598   0.0005975370  -0.0003735602  -0.0000198193  -0.0004635836
       -0.0002206474   0.0000405949   0.0001689438  -0.0000268966   0.0000763891
       -0.0000310679  -0.0000145677   0.0000015598   0.0000042303  -0.0000297494
       -0.0016881861  -0.0004730661   0.0000249838  -0.0000212444   0.0000587071
        0.0001955112  -0.0000314336  -0.0000796957  -0.0001752231   0.0000228648
        0.0000654838  -0.0001236266   0.0000765098  -0.0000329264  -0.0000499964
       -0.0000082763   0.0000122028  -0.0000193269   0.0007484632  -0.0002096984
       -0.0004578050   0.0000209326  -0.0000133340  -0.0000593458  -0.0006635054
       -0.0007742391   0.0026995369   0.0024393102   0.0008927299  -0.0072070520
       -0.0001943514   0.0021016378   0.0026384100  -0.1923043415  -0.0006892185
       -0.1987200961   0.0000151674   0.0024292463  -0.0009389820  -0.0002590617
       -0.0000983570   0.0002522942  -0.0005295976   0.0002291004  -0.0001440093
       -0.0001533456   0.0000128226   0.0000767591   0.0000003545   0.0000666299
        0.0000523535  -0.0000213692  -0.0000756449  -0.0000179842   0.0000163003
       -0.0000067687   0.0000306726  -0.0000451609  -0.0000047018   0.0000063345
       -0.0000094202   0.0000108186   0.0000020873  -0.0000018272   0.0000097291
        0.0000303424  -0.0000018490  -0.0000238319   0.0000011578   0.0000790220
       -0.0000039593  -0.0001730959   0.0000332398   0.0000338983  -0.0000277824
       -0.0002231045  -0.0000628698   0.0003507788   0.0001621707   0.0001631723
       -0.0002430734   0.0000901491  -0.0000281109  -0.0001712512   0.2747154800
        0.0855674254   0.4462276234  -0.0051568173  -0.0086679226  -0.0067745681
       -0.0008359374  -0.0024167353   0.0015837665   0.0041388422  -0.0264654355
        0.0009344734  -0.0263381657   0.0090165999  -0.0709415850  -0.0427040209
        0.0415053379  -0.0189286251  -0.0008639575  -0.0039924082  -0.0028013811
       -0.0003770005  -0.0000352211   0.0002969615   0.0008501738  -0.0014238366
       -0.0004337755   0.0001381963   0.0003405975   0.0013119970  -0.0003162636
       -0.0001276726   0.0000350407  -0.0000371915   0.0001173259   0.0000044141
        0.0002501869   0.0000705581   0.0001805224   0.0000212455  -0.0000430402
       -0.0000634349
        0.0017704096   0.0002867303   0.0009395695  -0.0021295926  -0.0003546803
       -0.0004585991   0.0003088412   0.0007840982   0.0003456015  -0.0002646608
        0.0002710068  -0.0000725985  -0.0013763513  -0.0003852390   0.0005428499
        0.0001383673  -0.0005414848  -0.0003955129   0.0006467516  -0.0004847377
       -0.0000479255  -0.0109636333  -0.0053610215   0.0096335346  -0.1248031483
       -0.0181548074  -0.0083780469  -0.0001132603  -0.0006134755  -0.0004509609
        0.0000095171  -0.0000949625   0.0005079283  -0.0000178852   0.0002653500
        0.0001170053   0.0000652299  -0.0003082764   0.0001019264  -0.0001857655
        0.0001558626  -0.0001638398   0.0000680296  -0.0000288060   0.0000452908
        0.0002794113   0.0007277504   0.0006045013   0.0002005125   0.0004688023
        0.0001034844  -0.0000872791  -0.0003451480  -0.0003036837   0.0000102758
        0.0000955425  -0.0002260988   0.0002218110  -0.0001710495   0.0000165165
       -0.0001978991   0.0000661605   0.0000891958  -0.0001095490   0.0001324418
        0.0000713321   0.0000805622   0.0001571037   0.0000898892   0.0013361338
        0.0009375057  -0.0011564679   0.0002305287  -0.0003847162   0.0006944001
       -0.0250676956  -0.0051782689  -0.0028544618  -0.0002307319   0.0004589820
        0.0005774759   0.0110475438   0.0110715209   0.0016827688   0.0000907650
        0.0001087980  -0.0001416643  -0.0000390202   0.0000165708  -0.0003708182
        0.0000833625   0.0000639732  -0.0001463421  -0.0001670994   0.0001341332
        0.0000756174  -0.0000166006   0.0001879161  -0.0002059247   0.0000394332
       -0.0000232379   0.0000739479   0.0000699209  -0.0000274062   0.0000065418
        0.0000660886  -0.0001288103   0.0000359173  -0.0000318945   0.0000488186
       -0.0000014455  -0.0000377127   0.0000654869  -0.0000343247  -0.0001323569
       -0.0002317639  -0.0001263280   0.0000305566  -0.0000567942   0.0000641387
        0.0001798384   0.0005048288   0.0003781583  -0.0001748906  -0.0004938206
       -0.0002283713  -0.0000406670  -0.0001987073  -0.0001647795  -0.0016183669
       -0.0001858641  -0.0051568173   0.5191866849  -0.0424971429   0.0770272587
       -0.0819074329  -0.0515603365   0.0090617681  -0.0003852158   0.0011092383
       -0.0006947349   0.0142453679  -0.0094347211   0.0089860479  -0.0139087092
       -0.0035862558  -0.0080059231   0.0001352709   0.0003693722   0.0001042219
       -0.0000486758   0.0000472099   0.0002693610  -0.0001659420   0.0000450992
       -0.0001225219  -0.2460131586   0.1125001891  -0.0710479548  -0.0357682829
        0.0102882928  -0.0105078097  -0.0022077954  -0.0007142614  -0.0014010484
       -0.0020919186  -0.0002924840   0.0010594708  -0.0002380221   0.0004694949
       -0.0004407160
        0.0013771769  -0.0000566371   0.0008279107  -0.0016002137  -0.0002956133
       -0.0004826249   0.0005586397   0.0004068645   0.0003269826  -0.0004941936
        0.0010743321   0.0003225778  -0.0004676232  -0.0000429268   0.0000441950
       -0.0001347012  -0.0001243028  -0.0002991570   0.0003178055  -0.0004102372
        0.0000897910  -0.0080800941  -0.0024280735   0.0053563012  -0.0231640501
       -0.0596822667  -0.0017983417  -0.0005336513   0.0025966298   0.0001621468
        0.0005038065  -0.0017019447  -0.0000792385  -0.0001926948   0.0015220878
        0.0004276389   0.0005132347  -0.0005664377  -0.0005144474  -0.0000969833
        0.0000206643   0.0000726876   0.0001497533  -0.0000323149  -0.0000147801
        0.0012117298  -0.0017447289   0.0001879613   0.0001766335   0.0000674073
        0.0001237519  -0.0000985037  -0.0001420652  -0.0002391692   0.0000313671
        0.0001490028  -0.0002192452   0.0002536293  -0.0001759509  -0.0000391685
        0.0000683571  -0.0004213229  -0.0002844948   0.0000030215  -0.0004086075
       -0.0000523050   0.0000719596   0.0000276894   0.0000434693   0.0001006600
       -0.0014169325   0.0006091653   0.0002971389   0.0005522397  -0.0015884979
        0.0187502553   0.0057163955   0.0028369883  -0.0012376400  -0.0015984968
       -0.0006504278   0.0153762995  -0.0248444979   0.0090629763  -0.0000599967
       -0.0001504897  -0.0001089178   0.0001564833   0.0003470006   0.0000498306
       -0.0003225274  -0.0000927186  -0.0001069618   0.0000885301   0.0000420554
       -0.0001050841  -0.0000276195  -0.0000132496   0.0003831100   0.0000264562
        0.0000254739  -0.0000126707  -0.0002704664   0.0000338846   0.0000087982
       -0.0000899644   0.0000605108  -0.0000774869   0.0000790198  -0.0000295983
       -0.0000491080  -0.0000932562  -0.0001447749   0.0001621980  -0.0001668167
        0.0000108169  -0.0000855653   0.0000063884   0.0000311110   0.0000026333
        0.0001995011  -0.0000581952   0.0002632092  -0.0000719495   0.0003188526
       -0.0002154787  -0.0001037163  -0.0000946193  -0.0000829985  -0.0166633742
       -0.0169366190  -0.0086679226  -0.0424971429   0.8769931355  -0.1778211772
       -0.0568282245  -0.6142300411   0.1209700425   0.0006283699   0.0004646873
        0.0009433168  -0.0060279225  -0.0013725175  -0.0057171910   0.0043523788
        0.0033161491   0.0030620380   0.0001741904  -0.0000696276   0.0001168279
       -0.0000055690   0.0000884564   0.0000022346   0.0001643905   0.0001834221
        0.0000176370   0.1308728480  -0.1732906523   0.0587372515  -0.0019193043
        0.0117433355  -0.0034613103  -0.0045686653  -0.0013237198   0.0007638705
       -0.0057341441  -0.0022814957  -0.0022053970  -0.0049590158   0.0003894704
       -0.0009983744
        0.0004198858   0.0000946350   0.0001732590  -0.0005629458  -0.0000877764
       -0.0001064405   0.0001725431   0.0001043460   0.0003796185   0.0000390250
        0.0003477059  -0.0001205355   0.0023520717   0.0018035446  -0.0048422828
        0.0001663609  -0.0002668413  -0.0001015841   0.0002225098  -0.0002388804
        0.0003018242   0.0217130657   0.0086379173  -0.0020518405  -0.0015147718
        0.0000721306  -0.0588953150   0.0002270833  -0.0006218215  -0.0001080551
       -0.0002475422   0.0002273967   0.0000245876   0.0000729169   0.0000083606
        0.0000332051  -0.0001811687  -0.0000864661   0.0001110869  -0.0000249686
        0.0000288320  -0.0000330285  -0.0000289808  -0.0000030981   0.0000337938
       -0.0003863544   0.0004812153  -0.0001009487   0.0000099210   0.0001350511
       -0.0000039211  -0.0000144552  -0.0000807159  -0.0000731161   0.0000034458
        0.0000222360  -0.0000560259  -0.0000055313  -0.0000141784   0.0000397987
        0.0000111201   0.0000189211  -0.0000955220  -0.0000134266   0.0001430719
       -0.0001313964  -0.0000009139   0.0000089766   0.0000217508   0.0001629740
        0.0007581623  -0.0000715139   0.0013035805  -0.0004075717  -0.0006270266
       -0.0125167283  -0.0024450160   0.0005188954  -0.0009056092  -0.0031750506
       -0.0003383450   0.0014388771   0.0063072148  -0.0068720253   0.0000507808
        0.0000753377   0.0000373100  -0.0001341594  -0.0001132978  -0.0000561961
        0.0001111123   0.0000155984  -0.0000330134   0.0000057902  -0.0000063092
        0.0000047404  -0.0000081918   0.0000708092  -0.0000679449  -0.0000206226
       -0.0000068888  -0.0000138368   0.0000848885  -0.0000112722  -0.0000072007
        0.0000294629  -0.0000414631   0.0000177078  -0.0000071712   0.0000038340
       -0.0000118096   0.0000154162   0.0000566252  -0.0000287654   0.0000067913
       -0.0000707654  -0.0000104661   0.0000082584  -0.0000252653   0.0000217094
       -0.0000279336   0.0001492736   0.0000252210  -0.0000033042  -0.0002105757
        0.0000050484   0.0000246007  -0.0000209853  -0.0000191545  -0.0161185328
       -0.0094731293  -0.0067745681   0.0770272587  -0.1778211772   0.2373405933
        0.0093603229   0.1226568591  -0.0880885113   0.0005413668  -0.0001580209
       -0.0010542226   0.0018382885  -0.0017906271   0.0037635716  -0.0039433209
       -0.0016048236  -0.0028187528   0.0000716990   0.0001239332  -0.0000098898
       -0.0000165239  -0.0002688162  -0.0002193746   0.0000417340  -0.0000427129
        0.0000416041  -0.0781607436   0.0585849492  -0.0624590146  -0.0055001974
       -0.0023196562  -0.0059955115   0.0054259953   0.0005155709  -0.0008576563
       -0.0033430337  -0.0002938359  -0.0010773549   0.0007279847   0.0002545304
        0.0013368409
       -0.0006913184  -0.0001211500  -0.0003245210   0.0007727266   0.0001520195
        0.0001563860  -0.0000262204  -0.0002220182  -0.0001228480  -0.0000315650
       -0.0000313698   0.0000594251   0.0003265410  -0.0000311965   0.0007684146
        0.0000388549   0.0001030336   0.0000824017  -0.0002378198   0.0001587940
       -0.0000056096  -0.0032104772  -0.0019151737   0.0004024013  -0.0070253717
       -0.0385959400   0.0052404303   0.0000903133   0.0004898557   0.0002512633
        0.0000640737  -0.0000781055  -0.0002642153   0.0000327990   0.0000607962
        0.0000204560   0.0000445784   0.0000627846  -0.0001308866   0.0000952405
       -0.0000895302   0.0000984133  -0.0000367537   0.0000171601  -0.0000270280
       -0.0000841751  -0.0004282941  -0.0002861122  -0.0000860433  -0.0001803363
       -0.0000249166   0.0000412745   0.0001172576   0.0000975301   0.0000009430
       -0.0000278896   0.0000822059  -0.0000877133   0.0000440481  -0.0000168239
        0.0000605686  -0.0000966877  -0.0000762195   0.0000109492   0.0000222109
       -0.0000025138  -0.0000326223  -0.0000438226  -0.0000297390  -0.0001422345
       -0.0001552715   0.0000452810  -0.0000304218   0.0001954510  -0.0005240506
        0.0033945039  -0.0007302346   0.0009418690  -0.0002545422  -0.0006164985
        0.0000707691  -0.0046977780   0.0008297354  -0.0033375958  -0.0000528406
       -0.0000544639   0.0000393114  -0.0000273590  -0.0000092288   0.0002474031
       -0.0000683107  -0.0000363586   0.0000532582   0.0001033724  -0.0000921711
       -0.0000772930   0.0000006752  -0.0001230790   0.0002007183  -0.0000240210
        0.0000162755  -0.0000400388  -0.0000581280   0.0000225858  -0.0000080981
       -0.0000456396   0.0000732930  -0.0000219877   0.0000207415  -0.0000312359
       -0.0000101500   0.0000099171  -0.0000494061   0.0000313352   0.0000794545
        0.0000938002   0.0000370618  -0.0000129881   0.0000172005  -0.0000325777
       -0.0001053032  -0.0002282050  -0.0001414044   0.0001002795   0.0002235425
        0.0000925001   0.0000281304   0.0001015451   0.0000614596  -0.0031683868
       -0.0063663545  -0.0008359374  -0.0819074329  -0.0568282245   0.0093603229
        0.0915051097   0.0527225767   0.0005572020   0.0003903604  -0.0005159433
       -0.0001824758  -0.0042679465   0.0027482429  -0.0023723023   0.0035211018
        0.0007531102   0.0020956633  -0.0000284953  -0.0001028909  -0.0000339891
       -0.0000103263  -0.0000825873  -0.0001204052   0.0001148441   0.0000133876
        0.0001036890   0.0019765215   0.0440126470  -0.0122250545   0.0000400852
        0.0028899691  -0.0004371506   0.0012592328   0.0003845739  -0.0001135559
        0.0011542405   0.0007525223   0.0002674520   0.0011748015   0.0008052488
        0.0003608769
       -0.0012238584   0.0000263419  -0.0007048657   0.0014188493   0.0002823474
        0.0003996648  -0.0005218247  -0.0003462962  -0.0004053972   0.0003274389
       -0.0007670602  -0.0002774193  -0.0000495219  -0.0000768169   0.0015910466
        0.0000991616  -0.0000487811   0.0001601543  -0.0002267258   0.0004187864
       -0.0001442895  -0.0040868352  -0.0019200040  -0.0012851855  -0.0215884447
       -0.0446495714   0.0114908312   0.0005461812  -0.0022851163  -0.0002223681
       -0.0003498678   0.0015089646   0.0002159729   0.0001761654  -0.0014344511
       -0.0004596549  -0.0003536265   0.0005911127   0.0004562286   0.0000964756
       -0.0000465648  -0.0000518445  -0.0001257853   0.0000211624   0.0000079073
       -0.0011774390   0.0014412365  -0.0001430838  -0.0001499758  -0.0000712295
       -0.0000911009   0.0000931391   0.0001229350   0.0002042219  -0.0000256644
       -0.0001249434   0.0001992143  -0.0001927115   0.0001530553   0.0000229577
       -0.0000623228   0.0003495419   0.0002750685   0.0000197852   0.0002977145
        0.0000784985  -0.0000250832  -0.0000076283  -0.0000312626   0.0001382707
        0.0005809847  -0.0004790208   0.0001164643   0.0002855070   0.0005869595
        0.0014226908   0.0011391976  -0.0007611359  -0.0002671697  -0.0010349511
        0.0003945934   0.0094644498   0.0044722862   0.0037075255   0.0000022178
        0.0001063868   0.0001279565  -0.0000700873  -0.0002365809  -0.0000817365
        0.0002295077   0.0000563618   0.0000811887  -0.0000717878   0.0000055023
        0.0001030079   0.0000560959   0.0000154391  -0.0003156118  -0.0000171526
       -0.0000170685   0.0000145815   0.0002011993  -0.0000225536  -0.0000047482
        0.0000622266  -0.0000399110   0.0000572089  -0.0000633102   0.0000276865
        0.0000479260   0.0000844903   0.0001121199  -0.0001334766   0.0001509155
        0.0000088725   0.0000732922  -0.0000051653  -0.0000289530  -0.0000158202
       -0.0001845968   0.0000194145  -0.0002116900   0.0000857640  -0.0002259684
        0.0001770348   0.0000933687   0.0001031602   0.0000657058  -0.0041680717
       -0.0015915308  -0.0024167353  -0.0515603365  -0.6142300411   0.1226568591
        0.0527225767   0.7390514767  -0.1609976972   0.0001937565  -0.0004221081
       -0.0014240064   0.0015962562   0.0005179878   0.0028203795  -0.0035386683
       -0.0030495041  -0.0016558063  -0.0000318190   0.0001390761   0.0000011531
        0.0000039266  -0.0001987905  -0.0001628754  -0.0000216025  -0.0001359743
        0.0000576304   0.0177679905  -0.0790252591   0.0270818201  -0.0000877995
       -0.0017795140  -0.0006395228   0.0007982051   0.0009209397  -0.0003665923
        0.0005415862   0.0008919866   0.0002079649   0.0017380987   0.0001495870
        0.0001183931
        0.0001479130  -0.0000206713   0.0001578628  -0.0001456210  -0.0000105104
       -0.0000732318  -0.0000013778   0.0000374133   0.0000259132   0.0000338768
       -0.0001172089   0.0000167960  -0.0002194861  -0.0002342489   0.0005102688
       -0.0001071004   0.0000272286   0.0000068553   0.0000837323  -0.0000074709
        0.0000054148  -0.0013407624  -0.0011941865  -0.0001729563  -0.0004780322
        0.0059264062   0.0132027473   0.0000021830   0.0004420490  -0.0000357449
        0.0002620740  -0.0001145352  -0.0000197527  -0.0000371003  -0.0000578285
       -0.0000552111   0.0002144088   0.0000838585  -0.0000995375   0.0000205768
       -0.0000177806  -0.0000155058   0.0000406701   0.0000039598  -0.0000477016
        0.0000888308  -0.0003201364   0.0001604000   0.0000102885  -0.0000173722
        0.0000541129  -0.0000061671  -0.0000062005  -0.0000468166  -0.0000045802
        0.0000239822  -0.0000407909   0.0000335900  -0.0000140795  -0.0000191956
       -0.0000638065   0.0000271165   0.0000131633  -0.0000084170  -0.0000324164
        0.0000095317   0.0000060450   0.0000139156  -0.0000052243  -0.0001585338
       -0.0001897596   0.0002737067  -0.0002288895   0.0000142366   0.0002162275
        0.0006272235  -0.0005424299  -0.0003137524   0.0003880368   0.0007769013
       -0.0002307735  -0.0049558934   0.0002426037   0.0050106723  -0.0000834785
       -0.0000705476  -0.0000362872   0.0000708025   0.0000818559   0.0000599084
       -0.0001205998   0.0000029440   0.0000144797  -0.0000534435   0.0000198373
        0.0000307586  -0.0000018514  -0.0000932687   0.0000020946   0.0000310040
        0.0000099519   0.0000446451  -0.0000794281   0.0000063678   0.0000077198
       -0.0000116508   0.0000200607  -0.0000077834  -0.0000121618   0.0000116702
        0.0000331669  -0.0000235211  -0.0000550432   0.0000039460  -0.0000030373
        0.0000192442  -0.0000371117   0.0000079718   0.0000166150  -0.0000117252
       -0.0000150780  -0.0000704070   0.0000903000   0.0000266850   0.0001370950
       -0.0000652405  -0.0000039590  -0.0000022784  -0.0000281109   0.0019890961
        0.0005714442   0.0015837665   0.0090617681   0.1209700425  -0.0880885113
        0.0005572020  -0.1609976972   0.0653347126  -0.0001082422   0.0001202200
        0.0004601287  -0.0008977922   0.0009278309  -0.0017475780   0.0019018110
        0.0011437664   0.0012827521   0.0000011999  -0.0000807648   0.0000236747
       -0.0000156360   0.0001253485   0.0000897112   0.0000267651   0.0000536479
       -0.0000184447  -0.0070477952   0.0318876221   0.0047925060   0.0002636363
        0.0007847660  -0.0014698378  -0.0001895254   0.0004036657   0.0000834776
        0.0003017685  -0.0004787970   0.0003288653   0.0002238082  -0.0001880276
       -0.0012434607
       -0.0000856822   0.0000167431  -0.0000435843   0.0000765577   0.0000039378
        0.0000279794  -0.0000514337  -0.0000334272  -0.0000235435   0.0001229913
        0.0000236565   0.0000167629  -0.0000565010  -0.0000839216  -0.0000040981
        0.0001378795  -0.0002355485  -0.0000088440   0.0000071893   0.0000771125
       -0.0000035977   0.0000312551  -0.0004563099  -0.0005938852   0.0025966852
        0.0030612130  -0.0020726565  -0.0000145599  -0.0003481842  -0.0001209888
       -0.0000017602   0.0000052524  -0.0000108173   0.0000384237  -0.0000718235
       -0.0000333839  -0.0000024218   0.0000297074   0.0000080482   0.0000050900
        0.0000030658   0.0000002619  -0.0000062673   0.0000033626  -0.0000021941
       -0.0001358644   0.0004669629   0.0000905591  -0.0000493286   0.0000103933
       -0.0000009157   0.0000104722  -0.0000026549   0.0000149211  -0.0000097778
       -0.0000044403   0.0000057139  -0.0000014221   0.0000153329   0.0000076386
       -0.0000168105   0.0000260886   0.0000092345  -0.0000926907   0.0001756252
        0.0000233609   0.0000263912   0.0000144623   0.0000059731  -0.0001944757
        0.0000062624   0.0002133329   0.0000702317  -0.0000250388  -0.0001384848
        0.0000136130   0.0002175924   0.0002043609  -0.0003539870   0.0007532129
        0.0014307668   0.0004248048   0.0009385512  -0.0003021269   0.0000013315
        0.0000372965  -0.0000174254  -0.0000006506   0.0000148885   0.0000214741
        0.0000051355   0.0000038400   0.0000022435   0.0000070252  -0.0000038304
       -0.0000071361  -0.0000073060  -0.0000051295   0.0000064580   0.0000003084
        0.0000026776   0.0000007044   0.0000022362   0.0000009750   0.0000003199
        0.0000002589   0.0000047807  -0.0000002164   0.0000016013  -0.0000017561
        0.0000011324  -0.0000019769  -0.0000009256   0.0000031433   0.0000725158
       -0.0000088082  -0.0000118890   0.0000127957  -0.0000018282   0.0000084604
        0.0000137262   0.0000840396  -0.0001223210  -0.0000871410  -0.0001030474
        0.0001429265   0.0001217825   0.0000238943   0.0000908431   0.0044566606
        0.0089029297   0.0041388422  -0.0003852158   0.0006283699   0.0005413668
        0.0003903604   0.0001937565  -0.0001082422   0.5165854580  -0.0259412702
        0.0154376644  -0.0719455013  -0.0197306180  -0.0154099337  -0.0087122405
       -0.0147391004  -0.0386497631  -0.0495712976   0.0297250969  -0.0146684696
       -0.1280189126  -0.0144441324   0.1188295810  -0.2654608770   0.0309465523
       -0.0689187871   0.0000687262  -0.0000400626  -0.0000181077  -0.0000873373
       -0.0001460448   0.0000159198   0.0000607618   0.0000136025  -0.0000356204
        0.0000241615   0.0000164304   0.0000349157  -0.0000349913  -0.0000197626
       -0.0000078772
        0.0003453693   0.0000765501   0.0002351678  -0.0004018356  -0.0000318872
       -0.0001326520   0.0000521614   0.0001297014   0.0000535869  -0.0000229523
        0.0001223517  -0.0000057481  -0.0004746938  -0.0000758044   0.0000244741
        0.0000017151  -0.0003175905   0.0000404150   0.0000872616  -0.0001311148
        0.0000230768   0.0000398353  -0.0000090731  -0.0004515654   0.0029947581
       -0.0021772289   0.0018901316   0.0000349418  -0.0005349294  -0.0001753222
       -0.0000793733   0.0001348847   0.0002075728   0.0000166617   0.0000778667
        0.0000074260  -0.0000163381  -0.0000460357   0.0000218876  -0.0000070008
       -0.0000002415  -0.0000209804   0.0000070633  -0.0000062897   0.0000018492
        0.0003797766   0.0006642304   0.0002674482  -0.0001459527   0.0001368613
        0.0001721693   0.0000106947  -0.0000984903  -0.0001076685  -0.0000066020
        0.0000278475  -0.0000401634   0.0000510351  -0.0000033736   0.0000087336
       -0.0000139469   0.0000491997   0.0000200554   0.0000032123   0.0000559636
       -0.0001762572   0.0001033214   0.0000759278  -0.0000089897   0.0000434108
       -0.0000928670   0.0001410267   0.0001094127   0.0000704266  -0.0001664710
        0.0001210155  -0.0015818645  -0.0010087584  -0.0017868668  -0.0001643121
       -0.0013949365   0.0002226628  -0.0002185729  -0.0000324597   0.0000715918
       -0.0000028175  -0.0000515058   0.0000229302   0.0000759318  -0.0001163265
        0.0000377074  -0.0000136948  -0.0000437240  -0.0000241452   0.0000213843
        0.0000234361   0.0000181030   0.0000467944  -0.0000411143   0.0000015709
       -0.0000037627   0.0000097024   0.0000152210  -0.0000096788   0.0000004311
        0.0000096847  -0.0000191840   0.0000060177  -0.0000063305   0.0000077012
        0.0000056637   0.0000044335   0.0000123443  -0.0000118728   0.0002699668
       -0.0000584120  -0.0001971143   0.0000394117  -0.0000203173  -0.0000197789
       -0.0005314163   0.0002970124   0.0002763107   0.0001910385  -0.0007105656
       -0.0000338679   0.0003534896   0.0001934003  -0.0002316833   0.0007838638
       -0.0417335193  -0.0264654355   0.0011092383   0.0004646873  -0.0001580209
       -0.0005159433  -0.0004221081   0.0001202200  -0.0259412702   0.4963577124
       -0.0375117422  -0.0201923109  -0.1191538522  -0.0539425542  -0.0009585631
        0.0083737509  -0.0028492888   0.0309506818  -0.2497107625   0.0856405369
       -0.0176053713  -0.0417834541   0.0255339935   0.0304907936  -0.0485884032
        0.0106937264  -0.0002229022   0.0002310159   0.0000038714   0.0001244944
        0.0000598635  -0.0000165922  -0.0000973152   0.0000002507   0.0000269794
       -0.0000710800  -0.0000194800  -0.0000436684   0.0000036798  -0.0000239727
        0.0000003519
        0.0004584883   0.0000291050   0.0002744973  -0.0004869002  -0.0000463370
       -0.0001316969   0.0001553264   0.0001169578   0.0000743076  -0.0001334821
        0.0000479892   0.0000049610  -0.0001113254  -0.0000058939   0.0000070935
       -0.0002385464   0.0001108227   0.0000089780   0.0000367788  -0.0001849221
       -0.0000383655   0.0001784068   0.0005367255   0.0003201294  -0.0022833157
        0.0000661153   0.0027575184   0.0001304671  -0.0006121513  -0.0004001608
        0.0000130543   0.0001870524   0.0001911530   0.0000389555  -0.0000036399
       -0.0000373259  -0.0000274492  -0.0000171707   0.0000080276   0.0000066623
       -0.0000064728  -0.0000177772  -0.0000007530  -0.0000064710  -0.0000028636
       -0.0003031055   0.0007376496   0.0008823266  -0.0000634128   0.0001361270
        0.0001520997  -0.0000243517  -0.0000983989  -0.0001116649   0.0000107249
        0.0000288419  -0.0000610601   0.0000562924  -0.0000315101  -0.0000025629
        0.0000178248  -0.0000296761  -0.0000138297   0.0002228405  -0.0002311609
       -0.0001757430   0.0000167801   0.0000155819   0.0000068797  -0.0001693157
        0.0001070954   0.0001967259  -0.0000513669  -0.0000515331   0.0001841642
       -0.0000059647  -0.0000073897  -0.0000475199   0.0002031037   0.0011920520
       -0.0013978559   0.0016488763   0.0034477793   0.0004931492  -0.0000568575
        0.0000649902  -0.0000399800   0.0000243986   0.0000012246  -0.0000929539
       -0.0000009520   0.0000088399  -0.0000212525  -0.0000118214   0.0000227531
        0.0000194380   0.0000100313   0.0000156145  -0.0000289674   0.0000064271
       -0.0000047486   0.0000120014   0.0000050002  -0.0000028008   0.0000010495
        0.0000069906  -0.0000124641   0.0000051026  -0.0000037967   0.0000083332
        0.0000074000   0.0000024982   0.0000048133  -0.0000092775   0.0001291847
       -0.0000793147  -0.0001776671   0.0000419558  -0.0000082097  -0.0000102244
       -0.0002839872   0.0002246182   0.0004806145   0.0000709771  -0.0002455832
       -0.0003303268   0.0001627455  -0.0001215270  -0.0003134843   0.0001911136
       -0.0147282316   0.0009344734  -0.0006947349   0.0009433168  -0.0010542226
       -0.0001824758  -0.0014240064   0.0004601287   0.0154376644  -0.0375117422
        0.4703582966  -0.0142745518  -0.0474444001  -0.1125581203  -0.0312221306
       -0.0199125414  -0.0355158288  -0.0152587859   0.0853073473  -0.0759911902
        0.1137505043   0.0210790800  -0.1907155871  -0.0672296625   0.0109182631
       -0.0590152631  -0.0001392868  -0.0023442797   0.0004067183   0.0004125153
       -0.0001089110   0.0000695381  -0.0000677727   0.0000490217  -0.0000022238
       -0.0000183359   0.0000298902  -0.0000053067  -0.0001021476  -0.0001565128
        0.0000035307
        0.0011988162   0.0001690011   0.0003437736  -0.0013536400  -0.0002457302
       -0.0001388760   0.0002523526   0.0004925906   0.0001022525  -0.0006235436
        0.0003355992   0.0000899490  -0.0004825312   0.0004994892  -0.0000275423
       -0.0008646968   0.0002095018  -0.0002823452   0.0000569631  -0.0005314395
       -0.0004190893   0.0002707913  -0.0003813924  -0.0013534129  -0.0018177925
        0.0011836701   0.0069014728  -0.0020282134   0.0021146834   0.0002819445
        0.0003337946  -0.0014670795   0.0002118076  -0.0004154401   0.0013169066
        0.0005494346   0.0001595592  -0.0006659103  -0.0001838554  -0.0002889851
        0.0000900099  -0.0000807094   0.0000879412  -0.0000617374   0.0000688184
        0.0027736918  -0.0007610918   0.0007378079   0.0002611718   0.0004228942
       -0.0000982996  -0.0001175672  -0.0002543356  -0.0000942487   0.0000504222
        0.0000156021  -0.0000822037   0.0001306612  -0.0001527309   0.0000203656
        0.0000278775  -0.0001569338  -0.0000002036  -0.0000172835  -0.0009304363
        0.0010160953  -0.0000019610  -0.0000313221   0.0000916491   0.0014673065
       -0.0004895172  -0.0016405354   0.0002394268  -0.0000267949  -0.0007332704
        0.0002524467  -0.0004222941  -0.0011294858  -0.0156207483   0.0167343102
       -0.0078287301  -0.0073410044  -0.0155310927  -0.0053873871   0.0003219817
       -0.0000272279  -0.0002222411   0.0001864377   0.0002882322  -0.0002807675
        0.0000230628  -0.0000094043  -0.0001133801  -0.0001130098   0.0000061959
       -0.0000154363   0.0000443701   0.0001176387  -0.0000425703   0.0000399719
       -0.0000089526   0.0000395270   0.0000206200   0.0000231790  -0.0000053349
        0.0000419222  -0.0001056150   0.0000061279  -0.0000067106   0.0000318653
       -0.0000262334  -0.0000395779   0.0000317971  -0.0000086703  -0.0003404092
       -0.0002728389   0.0000546828   0.0000365523  -0.0000908451   0.0000997155
        0.0005904006   0.0007378571   0.0002447349  -0.0005418939  -0.0007394914
       -0.0002786634  -0.0001354623  -0.0003873187  -0.0000895266  -0.1044127238
        0.0985772920  -0.0263381657   0.0142453679  -0.0060279225   0.0018382885
       -0.0042679465   0.0015962562  -0.0008977922  -0.0719455013  -0.0201923109
       -0.0142745518   0.4988149983  -0.1594036127   0.3222989087  -0.3000609933
        0.0769714589  -0.2659825093   0.0019458577   0.0026119637   0.0018672926
        0.0053416414   0.0114736571   0.0125305209  -0.0104212066  -0.0166585961
       -0.0200095643  -0.0044255745   0.0092570591  -0.0008564713  -0.0011174326
        0.0008957114  -0.0006337966  -0.0007234849  -0.0002953226   0.0003388891
       -0.0003205293  -0.0003300304  -0.0002089600   0.0006294566   0.0004549058
        0.0000307708
       -0.0016230074  -0.0004355714  -0.0006985924   0.0019947034   0.0002530433
        0.0002728807  -0.0000988482  -0.0006060963  -0.0001014021  -0.0000719856
       -0.0005394165  -0.0001709648   0.0025409081  -0.0001820852   0.0001899015
       -0.0003857234   0.0014001494   0.0006777369  -0.0006008324   0.0004788489
        0.0000116206  -0.0009725572   0.0018960512   0.0033805637   0.0054924276
       -0.0302639114  -0.0061420013   0.0015296434   0.0009902586   0.0002350093
        0.0000273459   0.0004824248  -0.0011548083   0.0000364550  -0.0009033539
       -0.0002629793  -0.0000300849   0.0004642347   0.0000428428   0.0002528416
       -0.0000997216   0.0001194040  -0.0000492868   0.0000491251  -0.0000602998
       -0.0023601785  -0.0027068488  -0.0011894506   0.0001981005  -0.0007546825
       -0.0002180767   0.0000238708   0.0004538499   0.0002697598   0.0000035505
       -0.0000659199   0.0001522022  -0.0002141922   0.0001062749  -0.0000585863
        0.0000844117  -0.0000603562  -0.0000998852   0.0001513729   0.0001642818
        0.0000749143  -0.0003063597  -0.0002455644  -0.0001227199  -0.0005936962
        0.0008603688   0.0002957862  -0.0003649052   0.0000684816   0.0009390405
        0.0005363120  -0.0026439396  -0.0014364695   0.0037091076  -0.0005882105
        0.0094823855   0.0022321350   0.0134826922  -0.0010234996  -0.0003118552
       -0.0002565139   0.0003840805  -0.0001917131  -0.0005789125   0.0005159394
       -0.0002308450   0.0000195992   0.0002210419   0.0001109970  -0.0000235513
        0.0000162158  -0.0000597962  -0.0002176657   0.0000958347  -0.0000281894
        0.0000091532  -0.0000573397  -0.0001016169  -0.0000055157   0.0000107644
       -0.0000688849   0.0001234381  -0.0000214734   0.0000162365  -0.0000365574
        0.0000214204   0.0000244523  -0.0000653840   0.0000311765  -0.0004077347
        0.0004067335   0.0002976846  -0.0001324205   0.0001705346  -0.0000518203
        0.0007221785  -0.0011821897  -0.0004562167   0.0000000473   0.0019730505
        0.0001071554  -0.0005726177  -0.0000492942   0.0002096742   0.1112209389
       -0.2784260064   0.0090165999  -0.0094347211  -0.0013725175  -0.0017906271
        0.0027482429   0.0005179878   0.0009278309  -0.0197306180  -0.1191538522
       -0.0474444001  -0.1594036127   0.5453984965  -0.0132738406   0.0641762028
       -0.1012926150   0.0656153293  -0.0051352531  -0.0253837967  -0.0186960395
        0.0014806762   0.0022906990  -0.0015854696   0.0005859475   0.0038440740
        0.0004291279   0.0026862438  -0.0069873533   0.0019156620   0.0000203454
       -0.0011227377   0.0000672071   0.0007338880   0.0003045008  -0.0002887520
        0.0005536370   0.0002985889   0.0004460157  -0.0004116838  -0.0002568000
       -0.0000670936
       -0.0006722255   0.0001035682  -0.0007218535   0.0004956732   0.0002527934
        0.0005078414  -0.0005447357  -0.0002086974  -0.0002263643   0.0004395497
       -0.0001575545  -0.0000590383  -0.0001398353   0.0001893497  -0.0003325053
        0.0005898932  -0.0009312797  -0.0005416789  -0.0000037768   0.0004426428
       -0.0000711385   0.0003197067  -0.0027089057  -0.0001922444   0.0102738907
       -0.0143180168   0.0033138245  -0.0017296277   0.0024336655   0.0010773249
        0.0001256388  -0.0014552306  -0.0003203463  -0.0004094814   0.0008947355
        0.0004998731   0.0000889502  -0.0004723467  -0.0000947081  -0.0001970859
        0.0000568071   0.0000035575   0.0000358677  -0.0000282196   0.0000562750
        0.0026860828  -0.0019238164  -0.0006363018   0.0002539870  -0.0000530784
       -0.0004677233   0.0000039723   0.0000876816   0.0003025900  -0.0000044265
       -0.0000940375   0.0001392840  -0.0001353088   0.0000176451   0.0000405432
       -0.0001001678   0.0001197769   0.0001183707   0.0006796758   0.0013031090
        0.0004054689  -0.0002092198  -0.0000804224   0.0000907395   0.0006421073
       -0.0010681496  -0.0033118973   0.0002264323   0.0005184322  -0.0010333881
        0.0000266743  -0.0041351676  -0.0025396234  -0.0092807503   0.0195707621
       -0.0084434387  -0.0083070499  -0.0135918049  -0.0036049725   0.0004566939
       -0.0000828440  -0.0001295606   0.0000202328   0.0001624278   0.0000158496
        0.0000968759  -0.0000251541  -0.0000370739  -0.0000652603  -0.0000806182
       -0.0000607300   0.0000396809   0.0000916742  -0.0000055776   0.0000051685
        0.0000020615  -0.0000211982   0.0000451188   0.0000172766  -0.0000079542
        0.0000215423  -0.0000409526  -0.0000037776   0.0000001592   0.0000021658
       -0.0000399111  -0.0000114592   0.0000305839   0.0000003457  -0.0004937356
       -0.0000227671   0.0004489355  -0.0000639752  -0.0000583300   0.0000953433
        0.0011325581   0.0001368726  -0.0007156155  -0.0007497614   0.0000698348
        0.0002838424  -0.0004963414  -0.0002997159   0.0004473567  -0.0337380680
        0.0119146117  -0.0709415850   0.0089860479  -0.0057171910   0.0037635716
       -0.0023723023   0.0028203795  -0.0017475780  -0.0154099337  -0.0539425542
       -0.1125581203   0.3222989087  -0.0132738406   0.5848044341  -0.2675801120
        0.0783204394  -0.3629257504   0.0044508439   0.0058818396   0.0074839878
       -0.0024266357  -0.0176053101  -0.0231295517  -0.0057947927  -0.0018294240
       -0.0071269221  -0.0024836183   0.0078094256  -0.0016138818  -0.0013015254
        0.0009966909  -0.0002411159  -0.0001366617  -0.0002995072   0.0001643153
       -0.0002103838  -0.0002604061  -0.0002189362   0.0006263253   0.0005180898
        0.0000583881
       -0.0008458347  -0.0001281159  -0.0002602019   0.0010581773   0.0000946461
        0.0001309304  -0.0000969841  -0.0003196309  -0.0000229411   0.0002664588
       -0.0002457112  -0.0000965873   0.0002055813  -0.0000210171  -0.0001683495
        0.0004004477   0.0001805100   0.0000896597  -0.0001267856   0.0002497911
        0.0002136371  -0.0002508702   0.0010400283   0.0017000693   0.0001993251
       -0.0013539211   0.0008062676   0.0015411668  -0.0017075494  -0.0003730971
       -0.0001633033   0.0013608354  -0.0001055059   0.0002409930  -0.0010902000
       -0.0004173688  -0.0001103088   0.0005512738   0.0001647143   0.0002109861
       -0.0000714517   0.0000479977  -0.0000664092   0.0000492603  -0.0000480929
       -0.0023523982   0.0008070812  -0.0003110591  -0.0002338490  -0.0002542968
        0.0000963088   0.0000886249   0.0001568289   0.0000554771  -0.0000131152
       -0.0000149983   0.0000610678  -0.0000978823   0.0001038693  -0.0000157760
        0.0000118243   0.0000982283   0.0000064943  -0.0005014259   0.0002700009
       -0.0000313864   0.0000056220  -0.0000059630  -0.0000920007  -0.0010641661
        0.0004904865   0.0009733798  -0.0002505087   0.0002661813   0.0004013546
        0.0005093703  -0.0002266168   0.0006201914   0.0035019516   0.0072851625
       -0.0010642017   0.0026965981   0.0131328921   0.0031951522  -0.0002635826
       -0.0000110321   0.0001939921  -0.0001418663  -0.0003533834   0.0001935199
       -0.0000294348   0.0000262067   0.0000972404   0.0000716576   0.0000088925
        0.0000164865  -0.0000410643  -0.0001026763   0.0000083611  -0.0000224123
        0.0000000173  -0.0000128509  -0.0000037690  -0.0000126444   0.0000010561
       -0.0000262124   0.0000755171  -0.0000042034   0.0000033217  -0.0000200493
        0.0000215967   0.0000288256  -0.0000225670  -0.0000001685   0.0003014679
        0.0001623233  -0.0000655140  -0.0000031328   0.0000493580  -0.0000803760
       -0.0005334609  -0.0004079222  -0.0000582960   0.0004179105   0.0003357392
        0.0001106966   0.0001912277   0.0002809429  -0.0000064578  -0.0310166693
        0.0372873828  -0.0427040209  -0.0139087092   0.0043523788  -0.0039433209
        0.0035211018  -0.0035386683   0.0019018110  -0.0087122405  -0.0009585631
       -0.0312221306  -0.3000609933   0.0641762028  -0.2675801120   0.3427325810
       -0.1016375186   0.3404875914  -0.0003426470   0.0011141041   0.0017645928
       -0.0017854544  -0.0008844691  -0.0024947137   0.0002693372  -0.0022711208
       -0.0025508599   0.0030374156  -0.0163767923  -0.0003287653   0.0014959062
       -0.0021100999   0.0008109874   0.0007655289   0.0004320776  -0.0002499020
        0.0003882207   0.0003892483   0.0001787930  -0.0010961390  -0.0006804888
       -0.0000411666
        0.0005699994   0.0001870780   0.0002551483  -0.0007187425  -0.0000931647
       -0.0001214782  -0.0000041018   0.0001987627   0.0000177396   0.0001483180
        0.0001971899   0.0000338699  -0.0007811463  -0.0000742458   0.0000301334
        0.0002633635  -0.0008103592  -0.0002347561   0.0002669153  -0.0000711747
        0.0000057490   0.0013031782  -0.0000009104  -0.0003496596  -0.0013922737
        0.0018305711  -0.0004031167  -0.0003300130  -0.0008359362  -0.0001826369
       -0.0000973796   0.0001200985   0.0004486203   0.0000734784  -0.0000306212
       -0.0000478055  -0.0000048040   0.0000069520   0.0000613327  -0.0000575044
        0.0000338291  -0.0000454690   0.0000041245  -0.0000127902   0.0000153401
        0.0005548230   0.0011287402   0.0003770047  -0.0001146535   0.0003044143
        0.0000684968   0.0000052826  -0.0001700881  -0.0000955510  -0.0000214923
        0.0000264246  -0.0000422072   0.0000779048  -0.0000058821   0.0000344739
       -0.0000452315   0.0001094660   0.0000585894  -0.0000032020   0.0001562401
       -0.0000076922   0.0001242652   0.0000887876   0.0000493549   0.0004592782
       -0.0011846645  -0.0006292828  -0.0000790009   0.0000188243   0.0004211524
       -0.0005431101   0.0009691960   0.0000022721   0.0043744168  -0.0068252301
        0.0000863690   0.0010985735  -0.0043669437  -0.0000386298   0.0000767456
        0.0000895421  -0.0000903154   0.0000952958   0.0002278334  -0.0001885914
        0.0001009390  -0.0000054144  -0.0000669657  -0.0000376619   0.0000309796
        0.0000188268   0.0000311216   0.0000792853  -0.0000628057   0.0000057998
       -0.0000059279   0.0000188226   0.0000499833  -0.0000041098  -0.0000029484
        0.0000296874  -0.0000420292   0.0000137610  -0.0000114400   0.0000152999
        0.0000033130   0.0000045237   0.0000293982  -0.0000227116   0.0001751145
       -0.0001554451  -0.0000921350   0.0000531726  -0.0000704265   0.0000197998
       -0.0002532607   0.0004322732   0.0000901003   0.0000143471  -0.0007103882
        0.0000175294   0.0002051471   0.0000101594  -0.0000257607   0.0443072666
       -0.0141895026   0.0415053379  -0.0035862558   0.0033161491  -0.0016048236
        0.0007531102  -0.0030495041   0.0011437664  -0.0147391004   0.0083737509
       -0.0199125414   0.0769714589  -0.1012926150   0.0783204394  -0.1016375186
        0.1332517084  -0.0923951260   0.0004328468   0.0027802642   0.0006711324
       -0.0005131782  -0.0011224426  -0.0018289081  -0.0019781066  -0.0022611136
       -0.0038616378  -0.0058767539  -0.0135123409  -0.0017755288   0.0012754680
       -0.0027111403   0.0003663959   0.0000712126   0.0001298909   0.0001532935
        0.0000070232   0.0000520666  -0.0001267678  -0.0011582535  -0.0005807646
       -0.0000523130
        0.0002730939  -0.0001320041   0.0004744687  -0.0000778752  -0.0001293827
       -0.0003159875   0.0003205802   0.0000101703   0.0001270305  -0.0000612992
        0.0000039332   0.0000176106   0.0000036185  -0.0004775658   0.0002810537
       -0.0001780100   0.0007209680   0.0002901321   0.0000758165  -0.0002143686
        0.0001375183   0.0003292261   0.0005135073  -0.0009921008   0.0012363062
        0.0011438012  -0.0009240472   0.0017967855  -0.0020311424  -0.0008274228
       -0.0001042040   0.0014790445   0.0000464305   0.0003157414  -0.0010263068
       -0.0004806732  -0.0000763029   0.0005242868   0.0001365513   0.0002050232
       -0.0000556852   0.0000105697  -0.0000434491   0.0000383286  -0.0000531649
       -0.0029040429   0.0012555626   0.0000673300  -0.0001888725  -0.0000845797
        0.0003422738   0.0000120500   0.0000028816  -0.0001951821  -0.0000016722
        0.0000696327  -0.0001006008   0.0000812812   0.0000093358  -0.0000414181
        0.0000468325  -0.0000496657  -0.0000750900  -0.0002987416  -0.0005754023
       -0.0003540111   0.0000929920   0.0000449223  -0.0001053629   0.0002160512
       -0.0005622467   0.0016894389  -0.0000502971  -0.0003039648   0.0005968399
        0.0004036473   0.0002691924   0.0009752856  -0.0020017050   0.0024000964
        0.0050547511   0.0049511908   0.0082251874  -0.0018717516  -0.0003877703
        0.0000191721   0.0002081089  -0.0001608863  -0.0003324778   0.0001184533
       -0.0000907281   0.0000382960   0.0000645212   0.0000645029   0.0000732010
        0.0000443754  -0.0000593166  -0.0001024513   0.0000031109  -0.0000078594
       -0.0000039421   0.0000170224  -0.0000328570  -0.0000150427   0.0000045123
       -0.0000198323   0.0000551135  -0.0000014714   0.0000027365  -0.0000051828
        0.0000323975   0.0000102002  -0.0000290695   0.0000017931   0.0003540962
        0.0000875205  -0.0003009638   0.0000319277   0.0000652109  -0.0000893638
       -0.0007716676  -0.0002932335   0.0004682240   0.0005867379   0.0002351100
       -0.0001722557   0.0002905672   0.0002595344  -0.0003128470  -0.0332812161
        0.0301743454  -0.0189286251  -0.0080059231   0.0030620380  -0.0028187528
        0.0020956633  -0.0016558063   0.0012827521  -0.0386497631  -0.0028492888
       -0.0355158288  -0.2659825093   0.0656153293  -0.3629257504   0.3404875914
       -0.0923951260   0.4155428741   0.0000904763   0.0014064765   0.0011997645
       -0.0008543975   0.0001301127   0.0004108017  -0.0019310639  -0.0058061803
       -0.0058889583   0.0011533105  -0.0074275764   0.0034246030   0.0009839950
       -0.0014483948   0.0001328103   0.0001649381   0.0002426318  -0.0000649484
        0.0003052351   0.0002472008   0.0002356134  -0.0007599525  -0.0004160570
       -0.0000824446
        0.0000930284  -0.0000194533   0.0000634790  -0.0000888786  -0.0000195821
       -0.0000394573   0.0000106063   0.0000017474   0.0000134903  -0.0000117198
       -0.0000248105  -0.0000026124   0.0000497216  -0.0000397668  -0.0000078111
       -0.0001343997   0.0000636870  -0.0000241515   0.0000753310  -0.0000213757
        0.0000114216   0.0000018085  -0.0000403776  -0.0000475898   0.0004835253
       -0.0000355799  -0.0000154612   0.0000250941   0.0000094888  -0.0000332418
       -0.0000123060   0.0001158903   0.0000533170   0.0000132956  -0.0000447659
       -0.0000231030   0.0000078716   0.0000390789   0.0000132448  -0.0000001811
        0.0000078829  -0.0000082196   0.0000026138   0.0000043558  -0.0000003592
       -0.0001859484  -0.0000894759  -0.0000722172   0.0000580451  -0.0000366541
        0.0000014980  -0.0000111508   0.0000099834  -0.0000138765   0.0000030924
        0.0000070126  -0.0000160892   0.0000103999  -0.0000151180  -0.0000062104
        0.0000016580  -0.0000210184  -0.0000065998   0.0000327708   0.0000862578
        0.0000917174  -0.0000472251   0.0000127262   0.0000031235   0.0000150470
       -0.0000019126   0.0000392006  -0.0000067641  -0.0000109006  -0.0000130916
        0.0000033574  -0.0001027614  -0.0000450192   0.0000633678  -0.0002211065
       -0.0000973174   0.0000723248  -0.0000326863   0.0000240823  -0.0000654830
        0.0000450203   0.0000350359  -0.0000325066  -0.0000368465  -0.0000095106
       -0.0000000736   0.0000069544  -0.0000015217  -0.0000014778   0.0000098606
        0.0000028480  -0.0000095352  -0.0000035014  -0.0000022772   0.0000012284
       -0.0000037424   0.0000065363   0.0000007086  -0.0000017492  -0.0000005862
        0.0000009142  -0.0000023300   0.0000008443  -0.0000008278   0.0000008236
        0.0000012937  -0.0000016619  -0.0000011429  -0.0000009752  -0.0000691059
        0.0000211872   0.0000049317  -0.0000079827   0.0000171607  -0.0000029722
        0.0000840080  -0.0000698281   0.0000906472   0.0000344665   0.0001143683
       -0.0000794688  -0.0001605762   0.0000362490  -0.0000796986   0.0002474168
       -0.0008488362  -0.0008639575   0.0001352709   0.0001741904   0.0000716990
       -0.0000284953  -0.0000318190   0.0000011999  -0.0495712976   0.0309506818
       -0.0152587859   0.0019458577  -0.0051352531   0.0044508439  -0.0003426470
        0.0004328468   0.0000904763   0.0511103405  -0.0353311820   0.0148329609
        0.0021749406  -0.0181388628   0.0091725119  -0.0059215680   0.0282180128
       -0.0122754856  -0.0000434724  -0.0000031498  -0.0000222406   0.0000122466
        0.0000037540  -0.0000137214  -0.0000120122  -0.0000053489   0.0000131759
       -0.0000056545  -0.0000053020  -0.0000071709   0.0000025933   0.0000070185
        0.0000012212
       -0.0000251815   0.0000405471  -0.0000242998  -0.0000361193   0.0000021104
        0.0000041630  -0.0000670679   0.0000295568  -0.0000110564   0.0000710094
        0.0000417475   0.0000012731  -0.0001584459   0.0000544261   0.0000088750
        0.0001195666  -0.0002349409   0.0000186199   0.0000008806   0.0000673838
        0.0000224588   0.0000205794  -0.0000648692  -0.0001102603   0.0005782951
       -0.0005772959   0.0001996966  -0.0000797518  -0.0001068212   0.0000377729
       -0.0000403850   0.0000157396   0.0000429982   0.0000138414  -0.0000376509
       -0.0000113134   0.0000160268   0.0000231864   0.0000197157  -0.0000174115
        0.0000143374  -0.0000086038   0.0000025398  -0.0000005451   0.0000046913
        0.0001410554   0.0001428023  -0.0000862770  -0.0000241293   0.0000442198
       -0.0000057939   0.0000104346  -0.0000184142   0.0000039795  -0.0000120506
       -0.0000019341   0.0000129964  -0.0000015731   0.0000059340   0.0000098212
       -0.0000211011   0.0000372425   0.0000185247   0.0001164203  -0.0000548368
       -0.0001854578   0.0000479632   0.0000240727   0.0000112250  -0.0000058764
       -0.0000591662  -0.0000352122   0.0000093362   0.0000652955  -0.0000271863
       -0.0000153530  -0.0001771287  -0.0001651463  -0.0005532912  -0.0000763905
       -0.0001862660  -0.0001144597  -0.0004671359  -0.0000131167   0.0000188894
        0.0000045697  -0.0000072659   0.0000065564   0.0000558650  -0.0000190195
        0.0000206328  -0.0000030081  -0.0000111163  -0.0000042625   0.0000061102
       -0.0000005639   0.0000023486   0.0000146930  -0.0000060106  -0.0000018498
        0.0000002758   0.0000023855   0.0000100350   0.0000000350  -0.0000025624
        0.0000058101  -0.0000086631   0.0000031110  -0.0000018170   0.0000011795
       -0.0000024979  -0.0000029381   0.0000050274  -0.0000017246   0.0000305753
       -0.0000189063   0.0000052863   0.0000015088  -0.0000156512   0.0000015986
       -0.0000492706   0.0000593673  -0.0000566895   0.0000050834  -0.0001971528
        0.0000760330   0.0000831207   0.0000999051   0.0000242935  -0.0006998686
       -0.0039895589  -0.0039924082   0.0003693722  -0.0000696276   0.0001239332
       -0.0001028909   0.0001390761  -0.0000807648   0.0297250969  -0.2497107625
        0.0853073473   0.0026119637  -0.0253837967   0.0058818396   0.0011141041
        0.0027802642   0.0014064765  -0.0353311820   0.2888370098  -0.0968901321
       -0.0004127952  -0.0061411747   0.0054085314   0.0027140134  -0.0055412341
        0.0033620075  -0.0000541949   0.0002975275  -0.0000710542  -0.0000244256
        0.0000359894  -0.0000061217  -0.0000231557  -0.0000136599   0.0000202908
       -0.0000160117  -0.0000046561  -0.0000291876   0.0000298004   0.0000294844
        0.0000071638
       -0.0000371522   0.0000060895  -0.0000173379   0.0000415780  -0.0000041127
        0.0000083265  -0.0000238101  -0.0000137531  -0.0000067031   0.0000311788
        0.0000084047   0.0000046036  -0.0000825937   0.0000234133   0.0000070977
        0.0000498215  -0.0000950073  -0.0000520450   0.0000104910   0.0000557115
        0.0000133065   0.0000130391   0.0000262966   0.0000020674   0.0005260340
       -0.0011103643  -0.0001512279   0.0000594889  -0.0001276446  -0.0000339537
        0.0000053821   0.0001041609   0.0000484447   0.0000060483  -0.0000765650
       -0.0000313993   0.0000040517   0.0000440388   0.0000179886   0.0000121307
       -0.0000008672   0.0000024475  -0.0000010334   0.0000018039  -0.0000003383
       -0.0001842808   0.0000120472  -0.0000360823  -0.0000008987  -0.0000192744
       -0.0000232036   0.0000076285   0.0000148729   0.0000136337  -0.0000055684
       -0.0000021392   0.0000044354  -0.0000064373   0.0000096599   0.0000019981
       -0.0000072853   0.0000235401   0.0000088915   0.0000324643  -0.0000528037
        0.0000118125   0.0000069512   0.0000050810   0.0000084175   0.0000006373
       -0.0000489819   0.0000433962   0.0000011324   0.0000201415   0.0000145744
        0.0000350569  -0.0002236552  -0.0001546920  -0.0000488352  -0.0002331527
       -0.0001448852  -0.0000503079  -0.0002304778   0.0000101164  -0.0000337039
        0.0000224222   0.0000157164  -0.0000119254  -0.0000198296  -0.0000190974
        0.0000014365   0.0000053563   0.0000041196  -0.0000020487   0.0000066871
        0.0000035637  -0.0000044648  -0.0000001735  -0.0000058005   0.0000003031
       -0.0000027054  -0.0000015005  -0.0000005714  -0.0000016099   0.0000009625
       -0.0000011176   0.0000037764  -0.0000009219  -0.0000008125   0.0000000102
        0.0000003497   0.0000011961  -0.0000006155  -0.0000016278  -0.0000061365
        0.0000135360   0.0000300317  -0.0000098077   0.0000012872   0.0000022435
        0.0000458891  -0.0000824755  -0.0001078760   0.0000122665   0.0001012091
        0.0000335049  -0.0000695548   0.0000352730   0.0001090214  -0.0007900173
       -0.0036579514  -0.0028013811   0.0001042219   0.0001168279  -0.0000098898
       -0.0000339891   0.0000011531   0.0000236747  -0.0146684696   0.0856405369
       -0.0759911902   0.0018672926  -0.0186960395   0.0074839878   0.0017645928
        0.0006711324   0.0011997645   0.0148329609  -0.0968901321   0.0862327239
       -0.0010923808   0.0256373268  -0.0122100816  -0.0023129860   0.0088782136
       -0.0035251866   0.0000458299   0.0001069238  -0.0000410493  -0.0000507349
       -0.0000087225   0.0000058326   0.0000069758  -0.0000026174  -0.0000045781
        0.0000045881  -0.0000037553   0.0000078161   0.0000062561   0.0000084930
       -0.0000028221
       -0.0000891819   0.0000127106  -0.0000545279   0.0001026818  -0.0000130803
        0.0000148666  -0.0000501188  -0.0000052690  -0.0000149995   0.0000784711
        0.0000130528   0.0000004767  -0.0000961343  -0.0000082430  -0.0000116426
        0.0000703162  -0.0000934239   0.0000283965   0.0000371404   0.0000221839
        0.0000254248   0.0000141946  -0.0000142195  -0.0000420439  -0.0001066067
       -0.0001562921   0.0000292822  -0.0001097176  -0.0000351429   0.0001254717
       -0.0000252504   0.0000069258  -0.0000045790   0.0000107767  -0.0000407640
       -0.0000078032   0.0000165681   0.0000296279   0.0000084468  -0.0000067578
        0.0000094488  -0.0000002543   0.0000044035   0.0000025733   0.0000004542
        0.0001227060   0.0000678676  -0.0003111332  -0.0000002963  -0.0000025740
       -0.0000349153   0.0000213140   0.0000146943   0.0000170906  -0.0000057808
       -0.0000040620   0.0000201285  -0.0000084295   0.0000143711   0.0000055572
       -0.0000073089   0.0000242275   0.0000087504  -0.0001325010   0.0000393274
       -0.0000525708   0.0000453582   0.0000222347  -0.0000032667  -0.0000249093
        0.0000026641   0.0000046873   0.0000187285   0.0000066112  -0.0000094165
       -0.0000180073  -0.0000324706  -0.0000128135  -0.0003124377   0.0003721146
        0.0003439959   0.0000758286   0.0001363732   0.0000315440   0.0000440905
       -0.0000113528   0.0000045069  -0.0000051150   0.0000569894   0.0000245584
        0.0000229626  -0.0000113988  -0.0000029873   0.0000007578  -0.0000059847
       -0.0000065555  -0.0000021207   0.0000034178   0.0000071340  -0.0000028106
        0.0000001914  -0.0000033474   0.0000041955  -0.0000046326  -0.0000004480
       -0.0000008050  -0.0000027587  -0.0000005392  -0.0000006401  -0.0000033446
       -0.0000038721   0.0000022335   0.0000010563   0.0000003873   0.0000031051
        0.0000088129   0.0000525786  -0.0000114354  -0.0000106719  -0.0000021101
        0.0000504392   0.0000244092  -0.0001710108  -0.0000376391  -0.0001140031
        0.0001426463   0.0000008781   0.0000970421   0.0000833685   0.0002615475
        0.0003520558  -0.0003770005  -0.0000486758  -0.0000055690  -0.0000165239
       -0.0000103263   0.0000039266  -0.0000156360  -0.1280189126  -0.0176053713
        0.1137505043   0.0053416414   0.0014806762  -0.0024266357  -0.0017854544
       -0.0005131782  -0.0008543975   0.0021749406  -0.0004127952  -0.0010923808
        0.1459364023   0.0202144928  -0.1340334147  -0.0235420540  -0.0037974280
        0.0248175074   0.0000139438  -0.0001100940   0.0000103853   0.0000114624
       -0.0000162800   0.0000034515  -0.0000110745  -0.0000106253  -0.0000083509
       -0.0000056100   0.0000014490   0.0000096393  -0.0000109761  -0.0000004989
        0.0000039361
        0.0000174914   0.0000001001   0.0000147382  -0.0000004101  -0.0000201300
       -0.0000090897  -0.0000049599   0.0000060543   0.0000065547  -0.0000010233
        0.0000205736   0.0000109533  -0.0000654414   0.0000308978   0.0000171885
        0.0000037446  -0.0000271549  -0.0000205948   0.0000254146   0.0000072397
        0.0000105733   0.0000328409   0.0000352618   0.0000885822  -0.0005811215
       -0.0007279831   0.0001187560   0.0000958223  -0.0001510911  -0.0000798787
        0.0000280914   0.0000858680   0.0000501826   0.0000002770  -0.0000582926
       -0.0000295592   0.0000031375   0.0000283753   0.0000074050   0.0000119575
       -0.0000040363   0.0000006146  -0.0000012389   0.0000007969  -0.0000034905
       -0.0001948261   0.0000845454   0.0000897370  -0.0000044579  -0.0000049605
       -0.0000013287   0.0000022982   0.0000055457  -0.0000021879  -0.0000052005
        0.0000044151  -0.0000027836   0.0000010733   0.0000050398   0.0000007788
       -0.0000002551   0.0000105032   0.0000012810  -0.0000507556  -0.0000899556
       -0.0000040356   0.0000139928  -0.0000083700  -0.0000035041   0.0000060485
        0.0000004733   0.0000355851  -0.0000012816  -0.0000037311   0.0000499552
        0.0000054259   0.0000386875  -0.0000084311   0.0003534159  -0.0000048070
       -0.0004910000   0.0001102046   0.0002311285  -0.0000082756  -0.0000350346
        0.0000045717  -0.0000003896   0.0000120239  -0.0000181558  -0.0000312937
       -0.0000119500   0.0000069428   0.0000055221  -0.0000013364   0.0000085882
        0.0000079158  -0.0000000829  -0.0000028944  -0.0000074234   0.0000025748
       -0.0000014828   0.0000011005  -0.0000052030   0.0000001034   0.0000013498
       -0.0000016036   0.0000035948  -0.0000008448  -0.0000001897   0.0000011032
        0.0000042820   0.0000009994  -0.0000023874  -0.0000014562   0.0000111043
        0.0000049964   0.0000041277  -0.0000015598  -0.0000011002  -0.0000032085
       -0.0000334949  -0.0000576877  -0.0000379031   0.0000394902   0.0000522108
        0.0000142953   0.0000180858   0.0000237490   0.0000453594  -0.0008517701
       -0.0021603361  -0.0000352211   0.0000472099   0.0000884564  -0.0002688162
       -0.0000825873  -0.0001987905   0.0001253485  -0.0144441324  -0.0417834541
        0.0210790800   0.0114736571   0.0022906990  -0.0176053101  -0.0008844691
       -0.0011224426   0.0001301127  -0.0181388628  -0.0061411747   0.0256373268
        0.0202144928   0.0480390250  -0.0262764085   0.0029220386   0.0016785678
       -0.0027802079  -0.0000358070  -0.0001921365   0.0001763080   0.0000126156
       -0.0000119030  -0.0000301397  -0.0000283483   0.0000129292  -0.0000082674
        0.0000033537   0.0000022463   0.0000214124  -0.0000014783  -0.0000188320
       -0.0000053765
        0.0000847487  -0.0000033489   0.0000520951  -0.0000898586  -0.0000379298
       -0.0000322923   0.0000031473   0.0000389758   0.0000197407  -0.0000093999
        0.0000017565   0.0000068136   0.0000177780   0.0000128464   0.0000168361
       -0.0000843968   0.0001030640   0.0000004492   0.0000623155  -0.0000394652
        0.0000019928  -0.0000156738   0.0000335223   0.0001283494  -0.0005816171
       -0.0004621165   0.0002682922   0.0000530890   0.0000207351  -0.0000441425
        0.0000100851   0.0000637889   0.0000344908  -0.0000021832  -0.0000304843
       -0.0000153801   0.0000179147   0.0000289321   0.0000084699  -0.0000109808
        0.0000124393  -0.0000104540   0.0000032435   0.0000004116   0.0000024111
       -0.0000967125  -0.0000714661   0.0000554921   0.0000275655   0.0000119015
        0.0000105518  -0.0000123959  -0.0000091752  -0.0000163941   0.0000006208
        0.0000054109  -0.0000127610   0.0000115163  -0.0000150134  -0.0000039147
       -0.0000015183  -0.0000156168  -0.0000059638  -0.0000309752  -0.0000791453
        0.0000181558  -0.0000176292  -0.0000097102  -0.0000023491   0.0000324733
        0.0000327966   0.0000383041  -0.0000120327  -0.0000092062   0.0000578605
       -0.0000071366   0.0000689845   0.0000288002   0.0004677073  -0.0000121127
       -0.0003663546   0.0002241687   0.0003350628  -0.0000792419  -0.0000532762
        0.0000092229   0.0000045247   0.0000047576  -0.0000364539  -0.0000137803
       -0.0000129147   0.0000088243  -0.0000003652  -0.0000029518   0.0000129336
        0.0000026130  -0.0000063668  -0.0000057335  -0.0000017738   0.0000022525
       -0.0000005955   0.0000092618  -0.0000017166   0.0000027168  -0.0000011029
        0.0000030566  -0.0000050030   0.0000028264  -0.0000008710   0.0000024463
       -0.0000000211  -0.0000061822  -0.0000008555   0.0000004900  -0.0000401967
       -0.0000073878  -0.0000125614   0.0000002142   0.0000042436   0.0000022490
        0.0000315971   0.0000180449   0.0000914894   0.0000178821   0.0000041290
       -0.0000736512  -0.0000144439  -0.0000112911  -0.0000703452  -0.0010939667
       -0.0004005034   0.0002969615   0.0002693610   0.0000022346  -0.0002193746
       -0.0001204052  -0.0001628754   0.0000897112   0.1188295810   0.0255339935
       -0.1907155871   0.0125305209  -0.0015854696  -0.0231295517  -0.0024947137
       -0.0018289081   0.0004108017   0.0091725119   0.0054085314  -0.0122100816
       -0.1340334147  -0.0262764085   0.2189118600  -0.0028234051  -0.0004554278
        0.0062670327  -0.0001986307  -0.0001954933   0.0002561139   0.0000643622
       -0.0000072655  -0.0000848582  -0.0000674244   0.0000061262   0.0000182959
       -0.0000066955   0.0000012323   0.0000059193   0.0000076156  -0.0000108453
        0.0000030464
       -0.0000374689   0.0000114724  -0.0000360399  -0.0000353965   0.0000487241
        0.0000114675  -0.0000216548   0.0000023010  -0.0000051837   0.0000331135
        0.0000030118  -0.0000040463  -0.0000121702   0.0000133571  -0.0000203002
        0.0001184115  -0.0001314075   0.0001056676  -0.0000043711   0.0000869158
       -0.0000032246  -0.0000145285  -0.0000059836   0.0000409266   0.0001948156
        0.0002585637   0.0000843551  -0.0000133707   0.0008374213   0.0003189271
        0.0001396833  -0.0003517517  -0.0001172923  -0.0001079436   0.0001092653
        0.0000741621  -0.0000037596  -0.0000807076  -0.0000366450  -0.0000117845
       -0.0000044170   0.0000017429   0.0000007737  -0.0000069763   0.0000002515
       -0.0014958933   0.0002353065  -0.0004649581   0.0000421534   0.0000178642
       -0.0000366100  -0.0000137137  -0.0000068603   0.0000151430  -0.0000051553
       -0.0000028414   0.0000032449  -0.0000081414  -0.0000058237   0.0000006842
       -0.0000116334   0.0000067153   0.0000016982   0.0000796094   0.0000374243
       -0.0001422404  -0.0000156420  -0.0000285656   0.0000244407  -0.0000628632
        0.0000115907   0.0000030571  -0.0000183088   0.0000193181   0.0000429788
        0.0000322326   0.0000697100   0.0000777834   0.0010524967  -0.0009333623
        0.0000564728   0.0000172848   0.0002016835   0.0000228035   0.0000438126
       -0.0001009044   0.0000179826   0.0000141115  -0.0001035128  -0.0000005557
       -0.0000392945   0.0000166619   0.0000144529  -0.0000071898  -0.0000113348
        0.0000024096   0.0000076458  -0.0000102541  -0.0000005537   0.0000011171
        0.0000025227  -0.0000011268  -0.0000089478   0.0000055696   0.0000010043
       -0.0000013824  -0.0000005921   0.0000010408  -0.0000011008   0.0000014515
        0.0000007738  -0.0000000972  -0.0000014959  -0.0000018822  -0.0000853715
       -0.0000208719   0.0000275243   0.0000023360  -0.0000017866   0.0000048154
        0.0000158308   0.0000133945   0.0000503826  -0.0003895590   0.0002274146
       -0.0001549788   0.0000578382  -0.0003855127   0.0000779078   0.0008344227
        0.0007056231   0.0008501738  -0.0001659420   0.0001643905   0.0000417340
        0.0001148441  -0.0000216025   0.0000267651  -0.2654608770   0.0304907936
       -0.0672296625  -0.0104212066   0.0005859475  -0.0057947927   0.0002693372
       -0.0019781066  -0.0019310639  -0.0059215680   0.0027140134  -0.0023129860
       -0.0235420540   0.0029220386  -0.0028234051   0.3047334025  -0.0355668305
        0.0791096206   0.0000799223  -0.0000512463   0.0000112837   0.0000062811
       -0.0000224193  -0.0000001120   0.0000303253   0.0000194554  -0.0000079928
        0.0000151314   0.0000097722   0.0000046321   0.0000014571  -0.0000145264
       -0.0000026577
        0.0000363978  -0.0000343958   0.0000678202  -0.0000329321   0.0000033449
       -0.0000405707   0.0000374421  -0.0000254243   0.0000294008  -0.0000305675
       -0.0000377603   0.0000059700  -0.0000193824  -0.0000482889  -0.0000080585
       -0.0000501001  -0.0000377674  -0.0000110995   0.0000802295   0.0000519888
        0.0000685069   0.0000429444  -0.0000006588  -0.0000440290  -0.0001267557
        0.0000872065  -0.0001505239   0.0007929318  -0.0011399864  -0.0004212721
       -0.0001093129   0.0006068119   0.0001825235   0.0001216630  -0.0001960811
       -0.0001285642  -0.0000538813   0.0001106892   0.0000479196   0.0000645835
       -0.0000175397   0.0000127749  -0.0000205702   0.0000125955  -0.0000134091
       -0.0004917012  -0.0000814578   0.0002845658   0.0001125604  -0.0000798862
       -0.0000651007  -0.0000048384   0.0000384914   0.0000000806   0.0000007065
        0.0000095793  -0.0000194148   0.0000074930  -0.0000108395  -0.0000104409
       -0.0000064530  -0.0000020314  -0.0000071360   0.0000338693   0.0000819978
        0.0000146360  -0.0000488113   0.0000095164   0.0000294304  -0.0000293026
       -0.0000000219   0.0000914754  -0.0000102128  -0.0000000561   0.0000344441
        0.0000095364   0.0000497049   0.0000742107  -0.0004455304  -0.0024229285
       -0.0008898098   0.0000872840   0.0001252464  -0.0000170079  -0.0002658193
        0.0001957927   0.0000629212  -0.0000634196  -0.0001093793  -0.0000155691
       -0.0000040725   0.0000191610   0.0000029707   0.0000130445   0.0000183603
        0.0000080103  -0.0000077541  -0.0000051627  -0.0000113121  -0.0000018763
       -0.0000033794  -0.0000008340  -0.0000012767  -0.0000014027   0.0000011647
       -0.0000036301   0.0000198241  -0.0000014034   0.0000017471  -0.0000004126
        0.0000060904   0.0000031862  -0.0000032968  -0.0000004089  -0.0001780485
        0.0000484228   0.0001021478  -0.0000237659   0.0000184071  -0.0000024768
        0.0003033186  -0.0003407616  -0.0001198867   0.0000267559   0.0009465822
       -0.0000744762  -0.0003388684  -0.0003042668   0.0002192948  -0.0003655327
       -0.0006600795  -0.0014238366   0.0000450992   0.0001834221  -0.0000427129
        0.0000133876  -0.0001359743   0.0000536479   0.0309465523  -0.0485884032
        0.0109182631  -0.0166585961   0.0038440740  -0.0018294240  -0.0022711208
       -0.0022611136  -0.0058061803   0.0282180128  -0.0055412341   0.0088782136
       -0.0037974280   0.0016785678  -0.0004554278  -0.0355668305   0.0539924178
       -0.0095752371   0.0000306800  -0.0000388137  -0.0000241521  -0.0000253624
       -0.0000275255   0.0000096268   0.0000079819   0.0000023190  -0.0000039980
        0.0000108561   0.0000056972   0.0000067962   0.0000054896  -0.0000038913
        0.0000008668
       -0.0001911564   0.0000368056  -0.0000916046   0.0002041714   0.0000345338
        0.0000179053  -0.0000537884  -0.0000271623  -0.0000168298   0.0000630061
        0.0000342198  -0.0000049219  -0.0001569202  -0.0000160801  -0.0000202487
        0.0002148314  -0.0003341834   0.0001139747   0.0000103811   0.0000769012
        0.0000922108   0.0000016056  -0.0000073744  -0.0000220193   0.0000718661
        0.0002050330  -0.0000764126   0.0001155330  -0.0001328180   0.0002858820
       -0.0000224053  -0.0000192090  -0.0000391596   0.0000011798  -0.0000388430
       -0.0000017488  -0.0000106152   0.0000160210   0.0000089288   0.0000078782
       -0.0000007736   0.0000120340  -0.0000068007   0.0000032935  -0.0000022866
       -0.0004403226   0.0003955475  -0.0010528856  -0.0000738831  -0.0000182652
       -0.0000248524   0.0000362297   0.0000136948   0.0000263065  -0.0000221723
       -0.0000064359   0.0000343756  -0.0000232011   0.0000378733   0.0000142995
       -0.0000165499   0.0000627207   0.0000162259  -0.0001627317   0.0001157628
       -0.0003718462   0.0001008726   0.0000630234   0.0000053901  -0.0000773824
        0.0000168353   0.0000253753   0.0000190518   0.0000394751   0.0000358412
        0.0000026952   0.0000653074   0.0000855914  -0.0000325570  -0.0006613672
        0.0008545466   0.0000266038   0.0001623579  -0.0000515206   0.0000605258
       -0.0000325191   0.0000128547   0.0000140622   0.0000052983   0.0000341961
        0.0000120903  -0.0000038068   0.0000036051   0.0000037865  -0.0000124314
       -0.0000078119   0.0000058865   0.0000002992   0.0000043142  -0.0000050128
        0.0000038318  -0.0000089708   0.0000024351  -0.0000000902  -0.0000003622
       -0.0000028767   0.0000076666  -0.0000008196   0.0000000568  -0.0000039387
       -0.0000034804   0.0000035011   0.0000006061   0.0000004878   0.0001068834
        0.0000298695   0.0000377076  -0.0000158347  -0.0000129533  -0.0000017711
       -0.0001256769  -0.0001255479  -0.0005123841   0.0000571376  -0.0000637244
        0.0005715187   0.0001271051   0.0002531757   0.0002926452  -0.0000548824
        0.0015520542  -0.0004337755  -0.0001225219   0.0000176370   0.0000416041
        0.0001036890   0.0000576304  -0.0000184447  -0.0689187871   0.0106937264
       -0.0590152631  -0.0200095643   0.0004291279  -0.0071269221  -0.0025508599
       -0.0038616378  -0.0058889583  -0.0122754856   0.0033620075  -0.0035251866
        0.0248175074  -0.0027802079   0.0062670327   0.0791096206  -0.0095752371
        0.0694313108   0.0000724373  -0.0000218562  -0.0000180551  -0.0000433889
       -0.0000452427   0.0000136813   0.0000254701   0.0000015552  -0.0000167603
        0.0000150792   0.0000114440   0.0000122602   0.0000021975  -0.0000036307
        0.0000031964
       -0.0007753967  -0.0001463619  -0.0003782077   0.0009338177   0.0001092164
        0.0001714579  -0.0000813235  -0.0002700077  -0.0001261454   0.0000754583
       -0.0001743593   0.0001189682   0.0002355358  -0.0001062669   0.0004961793
        0.0000311704   0.0002866705   0.0002081794  -0.0002505673   0.0002374347
       -0.0000025817  -0.0007394443   0.0003809005  -0.0018297957  -0.0441996601
        0.0098313984  -0.0102425606   0.0001125751   0.0003768710   0.0002123925
        0.0000006040  -0.0000248570  -0.0003004226   0.0000598869  -0.0001092494
       -0.0000448320   0.0000491890   0.0001653614  -0.0000928451   0.0000672607
       -0.0000333409   0.0000607425  -0.0000106299   0.0000274223  -0.0000259011
       -0.0000924600  -0.0003481551  -0.0002093313  -0.0000758198  -0.0002237754
       -0.0000337113   0.0000433238   0.0001457415   0.0001205791   0.0000020830
       -0.0000299812   0.0000878080  -0.0000796228   0.0000484557  -0.0000190659
        0.0000435560  -0.0000637055  -0.0000545559   0.0000236862  -0.0000371989
       -0.0000046519  -0.0000455121  -0.0000585436  -0.0000450612  -0.0003254763
       -0.0002599612   0.0000370501  -0.0000733214   0.0002713469  -0.0001253595
       -0.0062391096  -0.0016449685  -0.0006257770   0.0001740716  -0.0002983465
        0.0002282479  -0.0562900550  -0.0560033346   0.0008356126  -0.0000501600
       -0.0000638385   0.0000352644  -0.0000782311   0.0000261954   0.0002053744
       -0.0000463320  -0.0000335826   0.0000609810   0.0000840660  -0.0000698059
       -0.0000651169  -0.0000424755  -0.0001010562   0.0001423183  -0.0000126316
        0.0000087416  -0.0000263379  -0.0000598623   0.0000074298   0.0000010368
       -0.0000474319   0.0000701310  -0.0000300497   0.0000211826  -0.0000284531
       -0.0000075064  -0.0000027287  -0.0000493895   0.0000399213   0.0000617961
        0.0001187336   0.0000507773  -0.0000114675   0.0000270751  -0.0000365572
       -0.0000723262  -0.0002505651  -0.0001600959   0.0000828723   0.0002676675
        0.0000985346   0.0000211744   0.0001003444   0.0000777010   0.0020174171
       -0.0015903518   0.0001381963  -0.2460131586   0.1308728480  -0.0781607436
        0.0019765215   0.0177679905  -0.0070477952   0.0000687262  -0.0002229022
       -0.0001392868  -0.0044255745   0.0026862438  -0.0024836183   0.0030374156
       -0.0058767539   0.0011533105  -0.0000434724  -0.0000541949   0.0000458299
        0.0000139438  -0.0000358070  -0.0001986307   0.0000799223   0.0000306800
        0.0000724373   0.6363725172  -0.0179686730   0.1214926038  -0.2118062599
       -0.0522662106  -0.0149032388  -0.0389181926  -0.0070410036   0.0040451105
       -0.0271508078  -0.0077908827  -0.0134776845  -0.0076302616  -0.0105890155
        0.0006608527
        0.0000208941   0.0000748692   0.0000146920  -0.0000509375   0.0000068767
       -0.0000023507  -0.0000119786   0.0000481531   0.0000273573  -0.0000209219
       -0.0001051801  -0.0000928801   0.0001858232   0.0001953962  -0.0000865398
        0.0001511849  -0.0002844276  -0.0000686368   0.0000638430   0.0000053486
        0.0000389095  -0.0006041294  -0.0000944410   0.0011527426  -0.0048950591
        0.0062773172  -0.0040560425   0.0003434848  -0.0010371509  -0.0001869296
       -0.0001152230   0.0006345036   0.0001036036   0.0000678646  -0.0004281210
       -0.0001257132  -0.0001517939   0.0001414077   0.0001647511   0.0000301932
       -0.0000101386  -0.0000362726  -0.0000472103   0.0000094249   0.0000048646
       -0.0006487307   0.0007801767   0.0000114683  -0.0000755434   0.0000756474
        0.0000306930   0.0000195107  -0.0000427135  -0.0000203542  -0.0000144095
       -0.0000066376   0.0000056108  -0.0000381397   0.0000269609   0.0000149002
       -0.0000303181   0.0001041933   0.0000598143  -0.0000195342   0.0002091002
       -0.0000262837   0.0000129036   0.0000242729   0.0000037263  -0.0001473303
        0.0000326362  -0.0004208198   0.0001139936  -0.0000630350   0.0003161898
       -0.0031242528  -0.0006580789  -0.0002644433   0.0004568691   0.0000335149
        0.0003884362  -0.0486861421  -0.3346144020   0.0394377520  -0.0000168251
        0.0000548351   0.0000345753  -0.0000181072  -0.0001556461  -0.0000302767
        0.0000815440   0.0000448554   0.0000112820  -0.0000407625  -0.0000010708
        0.0000391506  -0.0000162225  -0.0000054418  -0.0001367483  -0.0000054160
       -0.0000071982   0.0000154635   0.0000853135  -0.0000057207  -0.0000070602
        0.0000371838  -0.0000227573   0.0000263874  -0.0000297120   0.0000153012
        0.0000166534   0.0000152053   0.0000484329  -0.0000571757   0.0001118107
       -0.0000424167  -0.0000407228   0.0000165512  -0.0000229647  -0.0000034313
       -0.0001752727   0.0000796994   0.0000241997   0.0000866161  -0.0001907426
        0.0000248676   0.0000913748   0.0000386876  -0.0000165127  -0.0029224177
        0.0050310484   0.0003405975   0.1125001891  -0.1732906523   0.0585849492
        0.0440126470  -0.0790252591   0.0318876221  -0.0000400626   0.0002310159
       -0.0023442797   0.0092570591  -0.0069873533   0.0078094256  -0.0163767923
       -0.0135123409  -0.0074275764  -0.0000031498   0.0002975275   0.0001069238
       -0.0001100940  -0.0001921365  -0.0001954933  -0.0000512463  -0.0000388137
       -0.0000218562  -0.0179686730   0.7046836767  -0.1275096627  -0.0512062471
       -0.1001221578   0.0022450809   0.0110293402   0.0075070522   0.0032281572
        0.0033034222   0.0036884319  -0.0011714498  -0.0344321670  -0.0194333655
       -0.0018213356
        0.0000014561  -0.0000361983   0.0000742910   0.0000511167   0.0000077236
       -0.0000422327   0.0000251063  -0.0000557133  -0.0000250559   0.0001833717
       -0.0000256464   0.0000933606  -0.0002889389  -0.0003231612   0.0006013909
        0.0000788032   0.0000154658   0.0000851988   0.0000378801   0.0000918319
        0.0000284025   0.0002364895   0.0002803677  -0.0010412365  -0.0077659734
       -0.0000035791   0.0003128711   0.0001600360   0.0000921376  -0.0000591294
        0.0000970734   0.0000280918  -0.0000411089   0.0000103529  -0.0000633292
       -0.0000590010   0.0000731203   0.0000777826  -0.0000538687   0.0000311403
       -0.0000122306   0.0000137623   0.0000134820   0.0000062583  -0.0000228256
       -0.0001730156  -0.0001074663   0.0000636299  -0.0000201319  -0.0000382936
        0.0000513026   0.0000059239   0.0000154368  -0.0000265200  -0.0000050407
        0.0000156971  -0.0000202560   0.0000449002   0.0000082045  -0.0000113914
       -0.0000314813   0.0000414416  -0.0000088724   0.0000230811  -0.0000524680
       -0.0000419850   0.0000394471   0.0000110211  -0.0000103310  -0.0000768457
       -0.0010787518   0.0002990162  -0.0003440904   0.0007266052   0.0005185486
       -0.0004510655   0.0000410413   0.0006175941   0.0002664912   0.0002031384
       -0.0001098704  -0.0005398202   0.0420399501  -0.0172066361  -0.0000790991
       -0.0000291342   0.0000105490   0.0000060369  -0.0000027960   0.0000398144
       -0.0000702757  -0.0000035391   0.0000218672   0.0000145356   0.0000153942
       -0.0000071077  -0.0000093291  -0.0000408905   0.0000492644   0.0000117910
        0.0000006932   0.0000121341  -0.0000512200   0.0000034364   0.0000046629
       -0.0000190340   0.0000251957  -0.0000097665   0.0000067427  -0.0000012142
        0.0000086990  -0.0000080202  -0.0000323412   0.0000196969   0.0000357508
        0.0000277121  -0.0000395618   0.0000074250   0.0000147979  -0.0000213207
       -0.0000695175  -0.0000752353   0.0000619081   0.0000626811   0.0001066017
       -0.0000349661   0.0000267482   0.0000277063  -0.0000275943   0.0004597506
       -0.0011833155   0.0013119970  -0.0710479548   0.0587372515  -0.0624590146
       -0.0122250545   0.0270818201   0.0047925060  -0.0000181077   0.0000038714
        0.0004067183  -0.0008564713   0.0019156620  -0.0016138818  -0.0003287653
       -0.0017755288   0.0034246030  -0.0000222406  -0.0000710542  -0.0000410493
        0.0000103853   0.0001763080   0.0002561139   0.0000112837  -0.0000241521
       -0.0000180551   0.1214926038  -0.1275096627   0.1137253316  -0.0182426398
        0.0019393578  -0.0512623735   0.0131892047   0.0062051550   0.0065035438
       -0.0291346477  -0.0095978708  -0.0004840723   0.0051645696   0.0021604135
        0.0013903066
        0.0002729416   0.0000299250   0.0001569523  -0.0003010377  -0.0000811645
       -0.0000933883   0.0000158431   0.0000869240   0.0000392903   0.0000116990
        0.0000623204   0.0000227609  -0.0001396192  -0.0000737299   0.0001138101
       -0.0000605582  -0.0000351847  -0.0000354093   0.0001463913  -0.0000398971
       -0.0000000326   0.0006025766   0.0000303897   0.0000856933  -0.0012582513
        0.0033313743  -0.0023179260  -0.0000478770   0.0000060563  -0.0000326557
        0.0000335090  -0.0000290367   0.0000155732  -0.0000065205   0.0000150482
        0.0000113940   0.0000192550  -0.0000184555  -0.0000022487  -0.0000288874
        0.0000185720  -0.0000151269   0.0000102272  -0.0000056946   0.0000034885
        0.0000851584   0.0000227942   0.0000785596   0.0000360151   0.0000566593
        0.0000207372  -0.0000188094  -0.0000368804  -0.0000402964  -0.0000056925
        0.0000203872  -0.0000339301   0.0000435810  -0.0000274805   0.0000025682
       -0.0000103421  -0.0000394623  -0.0000114539  -0.0000199645  -0.0000204496
        0.0000040521   0.0000035750   0.0000124204   0.0000115578  -0.0002018339
       -0.0001607150   0.0000737408  -0.0002004404   0.0000113341   0.0000251390
       -0.0012915277  -0.0005358697   0.0000005243  -0.0001084237  -0.0001458674
       -0.0000230058  -0.0055422294  -0.0053292965   0.0006000566   0.0000046781
       -0.0000031171  -0.0000230455  -0.0000057401   0.0000106258  -0.0000021165
       -0.0000006589   0.0000116719  -0.0000119670  -0.0000059266   0.0000029327
       -0.0000081955  -0.0000025477  -0.0000112594  -0.0000012271   0.0000032727
        0.0000014349   0.0000145520   0.0000061537   0.0000058479  -0.0000027486
        0.0000130395  -0.0000113844   0.0000065575   0.0000023050   0.0000026174
       -0.0000010249  -0.0000017294   0.0000007080  -0.0000016628  -0.0000361095
       -0.0000217772  -0.0000098273  -0.0000094542  -0.0000022145   0.0000083241
        0.0000457792   0.0000504306   0.0000477450  -0.0000407388  -0.0000270731
       -0.0000350152  -0.0000221510  -0.0000357929  -0.0000196647   0.0005051487
       -0.0007490358  -0.0003162636  -0.0357682829  -0.0019193043  -0.0055001974
        0.0000400852  -0.0000877995   0.0002636363  -0.0000873373   0.0001244944
        0.0004125153  -0.0011174326   0.0000203454  -0.0013015254   0.0014959062
        0.0012754680   0.0009839950   0.0000122466  -0.0000244256  -0.0000507349
        0.0000114624   0.0000126156   0.0000643622   0.0000062811  -0.0000253624
       -0.0000433889  -0.2118062599  -0.0512062471  -0.0182426398   0.4670022693
       -0.0295603554   0.0025703490  -0.1130915410   0.0665763439   0.0852218274
       -0.0580810200   0.0141311079  -0.0625368616  -0.0411104550   0.0043334835
       -0.0001461815
        0.0001460020   0.0000241924   0.0000663650  -0.0001776321  -0.0000200657
       -0.0000323666   0.0000072517   0.0000499030   0.0000216986  -0.0000351283
        0.0000351276  -0.0000091760  -0.0001329174  -0.0000128058  -0.0000181054
       -0.0000057512  -0.0000538264  -0.0000318525   0.0000427273  -0.0000278040
       -0.0000027099  -0.0000122437  -0.0000705195   0.0002497584   0.0032723006
       -0.0003995330   0.0023293280  -0.0000672184   0.0000504429   0.0000006302
        0.0000138616  -0.0000755090   0.0000410396  -0.0000201439   0.0000914201
        0.0000364571   0.0000081211  -0.0000648905   0.0000002249  -0.0000172715
        0.0000063255  -0.0000040258   0.0000096189  -0.0000078448   0.0000068896
        0.0000934348  -0.0000182791   0.0000118838   0.0000160156   0.0000279919
        0.0000028573  -0.0000103783  -0.0000217483  -0.0000174864  -0.0000040962
        0.0000078483  -0.0000154917   0.0000127202  -0.0000128288   0.0000019649
       -0.0000102195  -0.0000100612   0.0000041915   0.0000161386   0.0000229614
        0.0000054015   0.0000017264   0.0000056258   0.0000071479  -0.0000016896
        0.0000921556  -0.0001446713  -0.0000745817  -0.0000313434  -0.0000367304
        0.0006768256   0.0002260039   0.0001542034  -0.0001258024   0.0000706899
        0.0000143807  -0.0221333107  -0.0044913601  -0.0023362972   0.0000178201
        0.0000087702  -0.0000135691   0.0000062731   0.0000071259  -0.0000332154
        0.0000036297   0.0000025285  -0.0000172242  -0.0000113327   0.0000087901
        0.0000008634   0.0000061772   0.0000232933  -0.0000126350   0.0000036034
        0.0000003954   0.0000024918   0.0000047357   0.0000007484  -0.0000008585
        0.0000074232  -0.0000076178   0.0000015668   0.0000020208   0.0000025312
       -0.0000032107  -0.0000011137   0.0000043414   0.0000017077  -0.0000171196
       -0.0000120305  -0.0000021838  -0.0000020310  -0.0000018271   0.0000043223
        0.0000266795   0.0000302025   0.0000150728  -0.0000200703  -0.0000308028
       -0.0000104389  -0.0000094649  -0.0000120108  -0.0000061176   0.0004288495
        0.0007237286  -0.0001276726   0.0102882928   0.0117433355  -0.0023196562
        0.0028899691  -0.0017795140   0.0007847660  -0.0001460448   0.0000598635
       -0.0001089110   0.0008957114  -0.0011227377   0.0009966909  -0.0021100999
       -0.0027111403  -0.0014483948   0.0000037540   0.0000359894  -0.0000087225
       -0.0000162800  -0.0000119030  -0.0000072655  -0.0000224193  -0.0000275255
       -0.0000452427  -0.0522662106  -0.1001221578   0.0019393578  -0.0295603554
        0.5179721236  -0.0110023332   0.0657642646  -0.0982455453  -0.0727316326
        0.0129170551  -0.0499926562   0.0363418892   0.0094279236  -0.2719385676
        0.0475050463
       -0.0001356273  -0.0000100699  -0.0000957180   0.0001380065   0.0000117283
        0.0000521128   0.0000095620  -0.0000103386  -0.0000407561  -0.0000151223
       -0.0000317101  -0.0000056044  -0.0000911434  -0.0001678118   0.0002637752
        0.0000077079   0.0001038104   0.0000327060  -0.0000861890   0.0000041820
       -0.0000528081  -0.0009558291  -0.0003906160   0.0002681516  -0.0024566901
        0.0027526928   0.0060117038  -0.0001173882   0.0001651439   0.0000854630
       -0.0000252524  -0.0001084510  -0.0000379293  -0.0000138325   0.0001088027
        0.0000542360  -0.0000220460  -0.0000597932  -0.0000113115  -0.0000107870
       -0.0000029291   0.0000114466  -0.0000042067  -0.0000021671   0.0000082900
        0.0001652907  -0.0001075687  -0.0000646575   0.0000106300  -0.0000196870
       -0.0000353612   0.0000017008   0.0000142809   0.0000353953   0.0000075176
       -0.0000147285   0.0000264693  -0.0000166656  -0.0000037607   0.0000003851
        0.0000159839  -0.0000343349   0.0000038785  -0.0000102315  -0.0000266894
        0.0000255793  -0.0000176687  -0.0000100852  -0.0000004694  -0.0000137098
        0.0001662674   0.0000051188   0.0000468742  -0.0001741297  -0.0001883610
       -0.0003527738  -0.0001790762   0.0000607298  -0.0000415131   0.0001325039
        0.0001053206   0.0034366395  -0.0007523787  -0.0027022915   0.0000314887
       -0.0000007215  -0.0000024222   0.0000021325   0.0000159417   0.0000083895
        0.0000104776  -0.0000080953  -0.0000024985   0.0000028442  -0.0000177137
       -0.0000120649   0.0000101331   0.0000051124   0.0000043613  -0.0000063555
        0.0000015611  -0.0000109682   0.0000058275   0.0000027437  -0.0000011231
       -0.0000016743   0.0000008008  -0.0000008648   0.0000009138  -0.0000035948
       -0.0000070219   0.0000035310   0.0000034022  -0.0000010411  -0.0000290025
        0.0000071427   0.0000370852  -0.0000031544   0.0000012694   0.0000080584
        0.0000440286  -0.0000028044  -0.0000501008  -0.0000324655   0.0000010634
        0.0000252039  -0.0000206113  -0.0000043491   0.0000234822   0.0014470539
        0.0005597237   0.0000350407  -0.0105078097  -0.0034613103  -0.0059955115
       -0.0004371506  -0.0006395228  -0.0014698378   0.0000159198  -0.0000165922
        0.0000695381  -0.0006337966   0.0000672071  -0.0002411159   0.0008109874
        0.0003663959   0.0001328103  -0.0000137214  -0.0000061217   0.0000058326
        0.0000034515  -0.0000301397  -0.0000848582  -0.0000001120   0.0000096268
        0.0000136813  -0.0149032388   0.0022450809  -0.0512623735   0.0025703490
       -0.0110023332   0.4969189499   0.0863285016  -0.0725622037  -0.1415074444
       -0.0630038359   0.0366388188  -0.2459072511  -0.0011479483   0.0464765250
       -0.0545414293
       -0.0001503890  -0.0000218792  -0.0000776745   0.0001625647   0.0000251218
        0.0000393362  -0.0000146241  -0.0000460169  -0.0000165335   0.0000140695
       -0.0000317445   0.0000047930   0.0001098169   0.0000373561  -0.0000436948
        0.0000114655   0.0000509603   0.0000257552  -0.0000538322   0.0000273184
        0.0000052479   0.0000379031   0.0000482153  -0.0001808513  -0.0006684592
        0.0000884199  -0.0014448700   0.0000280843   0.0000340236   0.0000315166
       -0.0000077078   0.0000090861  -0.0000445362   0.0000137908  -0.0000276899
       -0.0000109009  -0.0000015415   0.0000253676  -0.0000090231   0.0000118105
       -0.0000041699   0.0000083744  -0.0000034826   0.0000056211  -0.0000030102
       -0.0000317366  -0.0000393907  -0.0000420765  -0.0000091438  -0.0000344208
       -0.0000102374   0.0000095634   0.0000226577   0.0000222531   0.0000052281
       -0.0000085975   0.0000161167  -0.0000178361   0.0000083103  -0.0000027629
        0.0000104514  -0.0000093182  -0.0000095436  -0.0000000895   0.0000049261
       -0.0000008332  -0.0000098017  -0.0000080752  -0.0000058010   0.0000260626
        0.0000586749  -0.0000247430   0.0000615667  -0.0000268078  -0.0000808748
       -0.0001708519  -0.0001048926  -0.0000440711  -0.0000110446  -0.0000667486
        0.0000293064  -0.0001790548   0.0008097660   0.0003369663  -0.0000087067
       -0.0000072345   0.0000092706  -0.0000130789  -0.0000020507   0.0000344464
       -0.0000044682  -0.0000043403   0.0000106416   0.0000140051  -0.0000106628
       -0.0000094034  -0.0000094824  -0.0000126711   0.0000203207  -0.0000022781
        0.0000002807  -0.0000064512  -0.0000052665  -0.0000004843   0.0000012561
       -0.0000062889   0.0000089469  -0.0000043806   0.0000030066  -0.0000048247
       -0.0000030902  -0.0000011099  -0.0000051235   0.0000056743   0.0000060681
        0.0000175821   0.0000139805  -0.0000023260   0.0000038287  -0.0000054658
       -0.0000048619  -0.0000348364  -0.0000320408   0.0000089412   0.0000346275
        0.0000201632   0.0000004402   0.0000171550   0.0000145650  -0.0000151512
       -0.0005582521  -0.0000371915  -0.0022077954  -0.0045686653   0.0054259953
        0.0012592328   0.0007982051  -0.0001895254   0.0000607618  -0.0000973152
       -0.0000677727  -0.0007234849   0.0007338880  -0.0001366617   0.0007655289
        0.0000712126   0.0001649381  -0.0000120122  -0.0000231557   0.0000069758
       -0.0000110745  -0.0000283483  -0.0000674244   0.0000303253   0.0000079819
        0.0000254701  -0.0389181926   0.0110293402   0.0131892047  -0.1130915410
        0.0657642646   0.0863285016   0.1488625853  -0.0748269307  -0.1016536375
        0.0054431715  -0.0025465818  -0.0033469625  -0.0005897295   0.0034180907
        0.0018209759
        0.0000373259   0.0000027712   0.0000301261  -0.0000435798  -0.0000089407
       -0.0000156978  -0.0000083085   0.0000131511   0.0000084424   0.0000143290
       -0.0000069130   0.0000011039  -0.0000347125   0.0000054453  -0.0000027348
       -0.0000132485  -0.0000094990  -0.0000032722   0.0000296355  -0.0000049832
        0.0000048149   0.0000371243   0.0000012213  -0.0000619876  -0.0001446726
        0.0000112761  -0.0006857574   0.0000167702  -0.0000187689  -0.0000184140
        0.0000115489   0.0000183433   0.0000075395   0.0000014683  -0.0000322632
       -0.0000125732   0.0000093462   0.0000175583   0.0000028872  -0.0000021453
        0.0000039841  -0.0000059741   0.0000038218   0.0000011534  -0.0000014661
       -0.0000164678   0.0000155285   0.0000254573   0.0000036433   0.0000045460
        0.0000066833  -0.0000008637  -0.0000050420  -0.0000093090   0.0000000018
        0.0000037512  -0.0000064754   0.0000087621  -0.0000046842  -0.0000006992
       -0.0000050798  -0.0000004560  -0.0000012726  -0.0000016598   0.0000084005
        0.0000007207   0.0000029609   0.0000065246   0.0000017550   0.0000120273
       -0.0000063108   0.0000067222  -0.0000223864   0.0000077595   0.0000329178
       -0.0000744330  -0.0000198828  -0.0000205575   0.0000159937  -0.0000103470
       -0.0000281138  -0.0006457005   0.0001925794   0.0006573311  -0.0000065710
       -0.0000030497  -0.0000021647   0.0000010672  -0.0000011270  -0.0000031786
       -0.0000026884   0.0000037818   0.0000011495  -0.0000047574   0.0000028710
        0.0000050151  -0.0000013444  -0.0000052509  -0.0000061715   0.0000022760
       -0.0000003309   0.0000065423  -0.0000003203  -0.0000006494   0.0000001062
        0.0000019932  -0.0000023066   0.0000023021  -0.0000027200   0.0000014350
        0.0000038950  -0.0000004725  -0.0000010949  -0.0000038200  -0.0000045852
       -0.0000016643  -0.0000059229   0.0000022010   0.0000035514   0.0000009210
        0.0000039700   0.0000039139   0.0000141437  -0.0000026582  -0.0000019430
       -0.0000086984  -0.0000028339  -0.0000009526  -0.0000068251  -0.0000152441
       -0.0002302906   0.0001173259  -0.0007142614  -0.0013237198   0.0005155709
        0.0003845739   0.0009209397   0.0004036657   0.0000136025   0.0000002507
        0.0000490217  -0.0002953226   0.0003045008  -0.0002995072   0.0004320776
        0.0001298909   0.0002426318  -0.0000053489  -0.0000136599  -0.0000026174
       -0.0000106253   0.0000129292   0.0000061262   0.0000194554   0.0000023190
        0.0000015552  -0.0070410036   0.0075070522   0.0062051550   0.0665763439
       -0.0982455453  -0.0725622037  -0.0748269307   0.1070005914   0.0839729006
       -0.0018971575   0.0025391209   0.0028113263   0.0182057838  -0.0187874660
       -0.0213704416
        0.0000706684   0.0000109172   0.0000440727  -0.0000853017  -0.0000101040
       -0.0000220732   0.0000027466   0.0000279992   0.0000141344  -0.0000040003
        0.0000063404  -0.0000004513  -0.0000526241   0.0000083873  -0.0000074007
        0.0000028489  -0.0000318868  -0.0000137863   0.0000358203  -0.0000148009
        0.0000014741   0.0000639902  -0.0000139629   0.0000422991  -0.0001334472
        0.0000212350  -0.0002363979  -0.0000027712  -0.0000148406  -0.0000129483
        0.0000030758  -0.0000031029   0.0000090533  -0.0000051527   0.0000182462
        0.0000079885  -0.0000030225  -0.0000140078  -0.0000012757  -0.0000067945
        0.0000035008  -0.0000063322   0.0000002564  -0.0000005822  -0.0000010280
        0.0000085242   0.0000232179   0.0000175287   0.0000090613   0.0000213908
        0.0000017630  -0.0000035123  -0.0000132549  -0.0000133368  -0.0000005962
        0.0000047889  -0.0000096724   0.0000131511  -0.0000073496   0.0000002941
       -0.0000069479   0.0000028658  -0.0000004495   0.0000000017   0.0000090761
        0.0000020646   0.0000055232   0.0000081042   0.0000040039   0.0000043150
       -0.0000287138  -0.0000191524  -0.0000446142   0.0000322412   0.0000285090
       -0.0000647186   0.0000050075  -0.0000031375  -0.0000149507   0.0000185960
       -0.0000138896   0.0000999412  -0.0002644787   0.0002612881   0.0000029380
        0.0000030248  -0.0000030635   0.0000016144  -0.0000001405  -0.0000052681
        0.0000047069   0.0000034345  -0.0000045089  -0.0000057807   0.0000007702
        0.0000010879   0.0000035166   0.0000010610  -0.0000048989   0.0000015743
        0.0000003292   0.0000071141   0.0000051394   0.0000002801  -0.0000010197
        0.0000051920  -0.0000062245   0.0000040145  -0.0000014808   0.0000018524
        0.0000003768  -0.0000003248   0.0000017584  -0.0000022594  -0.0000099883
       -0.0000099546  -0.0000028315   0.0000045367  -0.0000009901   0.0000027978
        0.0000057842   0.0000251949   0.0000166651  -0.0000079741  -0.0000246839
       -0.0000096796  -0.0000004043  -0.0000099609  -0.0000075121  -0.0000715574
        0.0002620917   0.0000044141  -0.0014010484   0.0007638705  -0.0008576563
       -0.0001135559  -0.0003665923   0.0000834776  -0.0000356204   0.0000269794
       -0.0000022238   0.0003388891  -0.0002887520   0.0001643153  -0.0002499020
        0.0001532935  -0.0000649484   0.0000131759   0.0000202908  -0.0000045781
       -0.0000083509  -0.0000082674   0.0000182959  -0.0000079928  -0.0000039980
       -0.0000167603   0.0040451105   0.0032281572   0.0065035438   0.0852218274
       -0.0727316326  -0.1415074444  -0.1016536375   0.0839729006   0.1591314328
        0.0164922341  -0.0166061343  -0.0271074238  -0.0024700911   0.0017872127
        0.0035913992
       -0.0001209496  -0.0000176819  -0.0000522198   0.0001368937   0.0000231985
        0.0000265852  -0.0000196716  -0.0000362074  -0.0000198988   0.0000332372
       -0.0000466306   0.0000084710   0.0000410428  -0.0000357071   0.0001169623
        0.0000159528   0.0000386402   0.0000350647  -0.0000387228   0.0000298412
       -0.0000020500  -0.0002882693  -0.0001241880  -0.0000453972  -0.0012649381
        0.0008716991   0.0010532966   0.0000424691  -0.0000029614   0.0000104473
       -0.0000047291   0.0000336316  -0.0000276935   0.0000135478  -0.0000457829
       -0.0000190559   0.0000001494   0.0000337551  -0.0000031285   0.0000107869
       -0.0000033585   0.0000035571  -0.0000026283   0.0000059887  -0.0000039531
       -0.0000481342  -0.0000077002  -0.0000181461  -0.0000113220  -0.0000258175
       -0.0000011069   0.0000090278   0.0000182827   0.0000134166   0.0000028198
       -0.0000067868   0.0000106630  -0.0000126042   0.0000079585  -0.0000037591
       -0.0000009954   0.0000043148  -0.0000043816   0.0000014566   0.0000048920
       -0.0000036038  -0.0000040920  -0.0000028607  -0.0000065924  -0.0000194570
       -0.0000197228  -0.0000781111  -0.0000378586   0.0000421107  -0.0000578669
       -0.0001877564  -0.0001121534   0.0000370743   0.0000495456   0.0000423118
        0.0000342112  -0.0000094467   0.0004005301  -0.0009284590  -0.0000105813
       -0.0000063174   0.0000064821  -0.0000068894  -0.0000075029   0.0000254990
       -0.0000042753  -0.0000022690   0.0000097380   0.0000080967  -0.0000062448
       -0.0000058297  -0.0000069502  -0.0000147972   0.0000127805   0.0000000471
        0.0000000709  -0.0000003378  -0.0000039676  -0.0000007990   0.0000009528
       -0.0000032034   0.0000059226  -0.0000020953   0.0000009163  -0.0000026813
        0.0000000684  -0.0000011943  -0.0000050183   0.0000028794   0.0000107204
        0.0000130816   0.0000037171  -0.0000007723   0.0000032099  -0.0000059322
       -0.0000105086  -0.0000250247  -0.0000151889   0.0000114175   0.0000221401
        0.0000111187   0.0000037335   0.0000151979   0.0000050356   0.0003520977
       -0.0001364770   0.0002501869  -0.0020919186  -0.0057341441  -0.0033430337
        0.0011542405   0.0005415862   0.0003017685   0.0000241615  -0.0000710800
       -0.0000183359  -0.0003205293   0.0005536370  -0.0002103838   0.0003882207
        0.0000070232   0.0003052351  -0.0000056545  -0.0000160117   0.0000045881
       -0.0000056100   0.0000033537  -0.0000066955   0.0000151314   0.0000108561
        0.0000150792  -0.0271508078   0.0033034222  -0.0291346477  -0.0580810200
        0.0129170551  -0.0630038359   0.0054431715  -0.0018971575   0.0164922341
        0.0815308752  -0.0123076087   0.0804963849   0.0004756984   0.0017669810
       -0.0022717577
       -0.0000422789  -0.0000071354  -0.0000232386   0.0000436523  -0.0000009685
        0.0000099591  -0.0000087417  -0.0000085363  -0.0000091861   0.0000191873
        0.0000015367   0.0000039647   0.0000111323  -0.0000365898   0.0000253188
       -0.0000144070   0.0000258266   0.0000126142  -0.0000131096   0.0000036216
       -0.0000046795  -0.0001165047  -0.0000085512   0.0000020970  -0.0004279909
        0.0003391137   0.0005564624  -0.0000063132   0.0000226638   0.0000133435
       -0.0000056720  -0.0000107736  -0.0000094633   0.0000015523   0.0000030143
        0.0000030544  -0.0000012163   0.0000020322   0.0000001844  -0.0000009891
        0.0000017140   0.0000019944   0.0000006395   0.0000003601   0.0000032308
        0.0000165766  -0.0000191639  -0.0000105199  -0.0000001963  -0.0000131166
       -0.0000043069   0.0000017342   0.0000071985   0.0000076867   0.0000025182
       -0.0000028780   0.0000057243  -0.0000021475  -0.0000011964  -0.0000007418
        0.0000052236  -0.0000105270  -0.0000005694  -0.0000004635  -0.0000049863
       -0.0000023006  -0.0000042889  -0.0000015331  -0.0000012252  -0.0000222269
        0.0000188989  -0.0000201581   0.0000317045  -0.0000199919  -0.0000415694
       -0.0000645062  -0.0000327403   0.0000088577  -0.0000054046  -0.0000081747
        0.0000020420  -0.0003736170   0.0000037356  -0.0007874067   0.0000024493
       -0.0000011942   0.0000001068  -0.0000026993  -0.0000015462   0.0000056785
        0.0000019562  -0.0000012305   0.0000007860   0.0000036581  -0.0000023655
       -0.0000018401  -0.0000026690  -0.0000020916   0.0000034496  -0.0000024832
       -0.0000007543  -0.0000035028   0.0000009732  -0.0000004324  -0.0000006746
       -0.0000012601   0.0000010126  -0.0000013491   0.0000012304  -0.0000012946
       -0.0000017889  -0.0000003101   0.0000004156   0.0000004795  -0.0000046329
        0.0000054881   0.0000046422  -0.0000004254   0.0000042690   0.0000010010
        0.0000119055  -0.0000077251  -0.0000081753  -0.0000046423   0.0000050522
        0.0000050287  -0.0000065751   0.0000057383   0.0000015930   0.0002138681
       -0.0001458877   0.0000705581  -0.0002924840  -0.0022814957  -0.0002938359
        0.0007525223   0.0008919866  -0.0004787970   0.0000164304  -0.0000194800
        0.0000298902  -0.0003300304   0.0002985889  -0.0002604061   0.0003892483
        0.0000520666   0.0002472008  -0.0000053020  -0.0000046561  -0.0000037553
        0.0000014490   0.0000022463   0.0000012323   0.0000097722   0.0000056972
        0.0000114440  -0.0077908827   0.0036884319  -0.0095978708   0.0141311079
       -0.0499926562   0.0366388188  -0.0025465818   0.0025391209  -0.0166061343
       -0.0123076087   0.0520453942  -0.0401294295   0.0087381696  -0.0073255511
        0.0306244811
       -0.0000956261  -0.0000165818  -0.0000398052   0.0001104530   0.0000240928
        0.0000214343  -0.0000042505  -0.0000263774  -0.0000117441   0.0000090805
       -0.0000311761   0.0000031749   0.0000558617  -0.0000116154   0.0000637913
        0.0000178839   0.0000341176   0.0000270593  -0.0000351844   0.0000172646
        0.0000031896  -0.0001488775  -0.0000458784  -0.0000788243  -0.0000419826
        0.0000806967   0.0002085329   0.0000177967   0.0000785981   0.0000182675
        0.0000178325  -0.0000224265  -0.0000316884  -0.0000074963   0.0000503960
        0.0000132145  -0.0000044404  -0.0000211356  -0.0000185430   0.0000171355
       -0.0000159788   0.0000088962  -0.0000003961   0.0000003811  -0.0000055903
       -0.0000260070  -0.0000680564  -0.0000272780  -0.0000084424  -0.0000251019
       -0.0000011158   0.0000052371   0.0000142533   0.0000072823  -0.0000002128
       -0.0000041744   0.0000056326  -0.0000130781   0.0000073220  -0.0000042348
       -0.0000029718   0.0000090144  -0.0000000596   0.0000002228  -0.0000048840
       -0.0000066759  -0.0000046579  -0.0000058365  -0.0000077901  -0.0000302854
       -0.0000355234   0.0000066529  -0.0000294278   0.0000245272   0.0000135523
        0.0000274996  -0.0000229281   0.0000223529   0.0000808041   0.0000183598
        0.0000071629  -0.0000298643   0.0004396714   0.0000364720  -0.0000096233
       -0.0000043747   0.0000083332  -0.0000013240  -0.0000112871   0.0000119162
       -0.0000154050  -0.0000048806   0.0000062934   0.0000013702  -0.0000058673
        0.0000015896  -0.0000003930  -0.0000055573   0.0000041393   0.0000025881
        0.0000011408  -0.0000036224  -0.0000107549  -0.0000001467   0.0000016512
       -0.0000049322   0.0000088175  -0.0000043898   0.0000001203  -0.0000006500
        0.0000030745   0.0000007653  -0.0000045612   0.0000019176   0.0000103844
        0.0000128693   0.0000030364   0.0000018545   0.0000031268  -0.0000105490
       -0.0000210674  -0.0000249539  -0.0000022364   0.0000171461   0.0000242413
        0.0000016659   0.0000107128   0.0000140989  -0.0000004077   0.0000486221
       -0.0002583703   0.0001805224   0.0010594708  -0.0022053970  -0.0010773549
        0.0002674520   0.0002079649   0.0003288653   0.0000349157  -0.0000436684
       -0.0000053067  -0.0002089600   0.0004460157  -0.0002189362   0.0001787930
       -0.0001267678   0.0002356134  -0.0000071709  -0.0000291876   0.0000078161
        0.0000096393   0.0000214124   0.0000059193   0.0000046321   0.0000067962
        0.0000122602  -0.0134776845  -0.0011714498  -0.0004840723  -0.0625368616
        0.0363418892  -0.2459072511  -0.0033469625   0.0028113263  -0.0271074238
        0.0804963849  -0.0401294295   0.2826425334  -0.0023803183   0.0036858294
       -0.0088689162
        0.0000420806   0.0000129193   0.0000224672  -0.0000539188  -0.0000002906
       -0.0000076113  -0.0000110940   0.0000151095   0.0000089829   0.0000147051
       -0.0000081520  -0.0000095866  -0.0000098166   0.0000308985  -0.0000680508
        0.0000018823  -0.0000277229  -0.0000103199   0.0000261347  -0.0000060241
        0.0000066417   0.0000034658   0.0000290327   0.0000721961   0.0011173561
        0.0003218431   0.0000410357   0.0000194391  -0.0000750179  -0.0000211401
       -0.0000077298   0.0000363674   0.0000203199   0.0000036903  -0.0000265696
       -0.0000077875  -0.0000058346   0.0000065673   0.0000175619  -0.0000013141
        0.0000031922  -0.0000080628   0.0000012273   0.0000001072   0.0000025947
       -0.0000211182   0.0000602825   0.0000155122   0.0000033206   0.0000170982
        0.0000021974   0.0000007014  -0.0000086479  -0.0000075932   0.0000015844
        0.0000007377  -0.0000050290   0.0000065712  -0.0000040178   0.0000011534
       -0.0000133898   0.0000042304   0.0000049719   0.0000051041   0.0000301685
        0.0000008394   0.0000050847   0.0000087989   0.0000039964   0.0000496356
        0.0000907142  -0.0000948931  -0.0000159001  -0.0000212168   0.0000267170
        0.0000756193   0.0000572372   0.0000015099  -0.0000242477   0.0000245023
        0.0000310635  -0.0047332445   0.0002963505  -0.0004330300   0.0000038071
        0.0000070528  -0.0000009066  -0.0000053860  -0.0000142851  -0.0000107680
        0.0000107155   0.0000047187  -0.0000029239  -0.0000093259   0.0000027249
        0.0000045415  -0.0000051126   0.0000035727  -0.0000174406   0.0000017285
       -0.0000016906   0.0000043411   0.0000101706  -0.0000025984   0.0000006567
        0.0000081428  -0.0000062412   0.0000041287  -0.0000036985   0.0000033654
        0.0000028045   0.0000007793   0.0000067423  -0.0000069847  -0.0000032644
       -0.0000075925  -0.0000008146   0.0000002275  -0.0000027050   0.0000009040
        0.0000052408   0.0000162730   0.0000071048  -0.0000046926  -0.0000231378
       -0.0000021431  -0.0000023860  -0.0000006015  -0.0000043193   0.0000442442
        0.0004264653   0.0000212455  -0.0002380221  -0.0049590158   0.0007279847
        0.0011748015   0.0017380987   0.0002238082  -0.0000349913   0.0000036798
       -0.0001021476   0.0006294566  -0.0004116838   0.0006263253  -0.0010961390
       -0.0011582535  -0.0007599525   0.0000025933   0.0000298004   0.0000062561
       -0.0000109761  -0.0000014783   0.0000076156   0.0000014571   0.0000054896
        0.0000021975  -0.0076302616  -0.0344321670   0.0051645696  -0.0411104550
        0.0094279236  -0.0011479483  -0.0005897295   0.0182057838  -0.0024700911
        0.0004756984   0.0087381696  -0.0023803183   0.0518953834   0.0015330919
        0.0004956180
       -0.0000445257   0.0000007229  -0.0000259773   0.0000497301   0.0000223697
        0.0000177068  -0.0000052015  -0.0000141564  -0.0000063817  -0.0000052049
       -0.0000179979  -0.0000085514   0.0000421978   0.0000466601  -0.0000139501
        0.0000355541  -0.0000150449   0.0000003789  -0.0000190656   0.0000161239
        0.0000027373  -0.0000013332  -0.0000210276   0.0000001035   0.0002175685
       -0.0004555177   0.0000955215  -0.0000031118   0.0000158477   0.0000177474
       -0.0000071363  -0.0000127413  -0.0000127110  -0.0000058281   0.0000434431
        0.0000150643  -0.0000174733  -0.0000250058  -0.0000065501   0.0000084446
       -0.0000104169   0.0000077073  -0.0000035802  -0.0000013522  -0.0000009650
       -0.0000061496  -0.0000140881  -0.0000349818  -0.0000074174  -0.0000067609
       -0.0000024235   0.0000051362   0.0000046481   0.0000068749   0.0000000970
       -0.0000041672   0.0000059570  -0.0000091951   0.0000078457   0.0000006847
       -0.0000074416   0.0000176736   0.0000045288   0.0000083564   0.0000167000
        0.0000001940   0.0000019280  -0.0000019580  -0.0000013154   0.0000463052
        0.0000268768  -0.0000660829  -0.0000371459   0.0000215583   0.0000272781
        0.0001339901   0.0000919142   0.0000108941  -0.0000139210   0.0000125242
        0.0000390498  -0.0017771187   0.0011080584  -0.0000023870   0.0000040796
        0.0000058776   0.0000067280  -0.0000071791  -0.0000084302   0.0000019629
        0.0000004361  -0.0000042502   0.0000009902   0.0000000633  -0.0000025386
        0.0000007529   0.0000030288   0.0000082544  -0.0000013976  -0.0000011632
       -0.0000006864  -0.0000058438  -0.0000000635  -0.0000024144   0.0000013655
       -0.0000028863   0.0000033834  -0.0000020742   0.0000005532   0.0000003667
       -0.0000004712   0.0000039908   0.0000030438   0.0000004383   0.0000091881
        0.0000023571   0.0000047129  -0.0000004892  -0.0000013082  -0.0000030540
       -0.0000085021  -0.0000009129  -0.0000099895   0.0000047620  -0.0000093010
        0.0000087992   0.0000059460   0.0000088606   0.0000025470  -0.0000742455
        0.0003000514  -0.0000430402   0.0004694949   0.0003894704   0.0002545304
        0.0008052488   0.0001495870  -0.0001880276  -0.0000197626  -0.0000239727
       -0.0001565128   0.0004549058  -0.0002568000   0.0005180898  -0.0006804888
       -0.0005807646  -0.0004160570   0.0000070185   0.0000294844   0.0000084930
       -0.0000004989  -0.0000188320  -0.0000108453  -0.0000145264  -0.0000038913
       -0.0000036307  -0.0105890155  -0.0194333655   0.0021604135   0.0043334835
       -0.2719385676   0.0464765250   0.0034180907  -0.0187874660   0.0017872127
        0.0017669810  -0.0073255511   0.0036858294   0.0015330919   0.3166455842
       -0.0541485978
       -0.0000024771  -0.0000017142  -0.0000082633  -0.0000006261  -0.0000015469
        0.0000035034   0.0000112852   0.0000015578  -0.0000003258  -0.0000126082
        0.0000211397   0.0000029449   0.0000070378  -0.0000139701  -0.0000295706
       -0.0000028063   0.0000077450   0.0000002728  -0.0000113657  -0.0000075716
       -0.0000031418   0.0000085226   0.0000576069   0.0000378977   0.0001835946
        0.0002089847   0.0000526589  -0.0000189695   0.0000317317   0.0000157045
       -0.0000089992  -0.0000302769  -0.0000083660  -0.0000048578   0.0000425133
        0.0000191775  -0.0000090069  -0.0000241230  -0.0000018077  -0.0000039750
        0.0000018306   0.0000014618  -0.0000013623  -0.0000003455   0.0000036769
        0.0000336536  -0.0000189426  -0.0000140600   0.0000083466   0.0000006663
       -0.0000119764  -0.0000022372  -0.0000000839   0.0000029259   0.0000011918
       -0.0000007146   0.0000019549   0.0000014380  -0.0000030873   0.0000005332
        0.0000070999  -0.0000117359  -0.0000014077   0.0000004372  -0.0000046115
       -0.0000014395  -0.0000020174  -0.0000022180   0.0000005616  -0.0000142909
        0.0000093848  -0.0000161745   0.0000361749  -0.0000113956  -0.0000387289
       -0.0000234284  -0.0000073037   0.0000047343  -0.0000286952  -0.0000158071
        0.0000055745  -0.0006804862  -0.0000450994   0.0006071259   0.0000072857
        0.0000031682  -0.0000003613  -0.0000019190  -0.0000025795   0.0000025385
        0.0000062017  -0.0000003793  -0.0000034527   0.0000035857  -0.0000033925
       -0.0000040718  -0.0000010396   0.0000034569   0.0000044602  -0.0000031728
       -0.0000005819  -0.0000040318   0.0000044445   0.0000001712  -0.0000014630
        0.0000007603  -0.0000013029  -0.0000004165   0.0000026684  -0.0000012580
       -0.0000032641   0.0000002157   0.0000029082   0.0000021141  -0.0000131517
       -0.0000007398   0.0000107260   0.0000021013   0.0000001338   0.0000010403
        0.0000103869   0.0000073382  -0.0000075373  -0.0000081692  -0.0000074567
        0.0000033193  -0.0000025173  -0.0000027735   0.0000031280   0.0000578520
        0.0000279041  -0.0000634349  -0.0004407160  -0.0009983744   0.0013368409
        0.0003608769   0.0001183931  -0.0012434607  -0.0000078772   0.0000003519
        0.0000035307   0.0000307708  -0.0000670936   0.0000583881  -0.0000411666
       -0.0000523130  -0.0000824446   0.0000012212   0.0000071638  -0.0000028221
        0.0000039361  -0.0000053765   0.0000030464  -0.0000026577   0.0000008668
        0.0000031964   0.0006608527  -0.0018213356   0.0013903066  -0.0001461815
        0.0475050463  -0.0545414293   0.0018209759  -0.0213704416   0.0035913992
       -0.0022717577   0.0306244811  -0.0088689162   0.0004956180  -0.0541485978
        0.0577876248
