$hessian                                                                        
        0.5991453906   0.1174069162  -0.1200056386  -0.2929638831  -0.0258346623
       -0.0283707553  -0.0262953921  -0.0163415907  -0.0160858343   0.0029734531
       -0.0016316462  -0.0001070823  -0.0024975221   0.0005170127  -0.0011539499
        0.0020912145   0.0018204439   0.0035182692  -0.0456603870   0.0032294175
        0.0096309049  -0.0000700348  -0.0002644309   0.0000866807  -0.0012878341
        0.0000284089  -0.0005308627  -0.0062906505  -0.0116658794   0.0049951619
        0.0039840378   0.0038414903   0.0035397642  -0.0018927824  -0.0021693964
       -0.0028522265   0.0003334642   0.0012159278   0.0000233880   0.0001906936
       -0.0003466326   0.0003060325  -0.0001428150   0.0002278329  -0.0001403018
       -0.0008540375   0.0066106605  -0.0029332294  -0.0098327403  -0.0008369605
        0.0014143149  -0.1531130620   0.0217126931   0.1780635739  -0.0736118998
       -0.0990353093  -0.0288221986   0.0009582692   0.0011439438   0.0003468812
       -0.0004524481  -0.0002364810  -0.0002613036  -0.0010723349  -0.0001655300
        0.0002913227   0.0016852243  -0.0000145987  -0.0010256747  -0.0001865911
       -0.0000197626   0.0000400984  -0.0003249919  -0.0001428291  -0.0000817637
       -0.0000678153   0.0000901891  -0.0000204531   0.0002650416   0.0002978395
       -0.0003544063  -0.0001333829   0.0001726523  -0.0000479347  -0.0000187067
        0.0018150514  -0.0004237650   0.0001190901   0.0000228027  -0.0001494718
        0.0001175730  -0.0000439205  -0.0000293955   0.0002273310   0.0000059838
        0.0001787953   0.0001988942  -0.0000369996   0.0000600285  -0.0000710608
        0.0000557882  -0.0000241030   0.0000693611  -0.0000382855   0.0000047925
        0.0000923663   0.0000806723   0.0000585804   0.0000123413   0.0000014080
        0.0000273705   0.0000975159   0.0000197066   0.0000632589   0.0013103672
       -0.0003054852  -0.0012828681   0.0023267611  -0.0007767054   0.0001599940
        0.0004233408   0.0023828985   0.0029064561  -0.0001879225  -0.0000610206
       -0.0005070589   0.0001082684  -0.0015949454  -0.0011325304   0.0006961865
       -0.0017396825   0.0013345553   0.0013229525   0.0012688016  -0.0001724871
       -0.0007104959  -0.0005364138   0.0001474835   0.0001681692   0.0000032320
        0.0003080129  -0.0018213080   0.0031083831  -0.0012030157   0.0010237676
       -0.0020747045  -0.0002760205   0.0000106778   0.0000504014   0.0000156245
        0.0000023505  -0.0000025786   0.0000231119   0.0000306124  -0.0000098217
        0.0000770691  -0.0004965591  -0.0011258056   0.0003322088   0.0002491505
        0.0000232188   0.0000036925  -0.0000858538  -0.0000934638  -0.0000097688
       -0.0000886246  -0.0000551802   0.0000659764  -0.0000027300   0.0000469462
       -0.0000193035
        0.1174069162   0.4099749334   0.2890302449  -0.0574270679  -0.0628777217
       -0.0346306168  -0.0255408969  -0.0036817537  -0.0050371916  -0.0008374671
        0.0011207695  -0.0062075524   0.0002014356   0.0007455484   0.0015610455
       -0.0018093756   0.0012312113  -0.0052112374   0.0172532786   0.0038351557
       -0.0013323454   0.0001275862  -0.0005407178   0.0005582705   0.0001607766
       -0.0001885467   0.0001677352  -0.0032225965   0.0093336088  -0.0036217533
       -0.0025345748  -0.0067945316  -0.0007809755   0.0011369078   0.0027831772
        0.0021694296  -0.0005778992  -0.0011325479  -0.0000651246  -0.0001787513
        0.0005298051  -0.0003175928   0.0000942162  -0.0002025468   0.0001646483
        0.0065243073  -0.0038415483  -0.0009079351  -0.0016695308   0.0016722467
       -0.0004662895   0.0373620932  -0.0453327866  -0.0920270256  -0.0871270854
       -0.3007007868  -0.1491969863  -0.0000593781  -0.0006868472   0.0019952096
       -0.0009153364  -0.0003878094   0.0000894629   0.0007426487   0.0001426991
       -0.0001067392   0.0005824423  -0.0008017969   0.0017593027   0.0000589803
        0.0000169346  -0.0000323959   0.0001581898   0.0001017804   0.0000537201
        0.0000314523   0.0000056646   0.0000280932  -0.0000546530  -0.0001420292
        0.0000846437   0.0001000837  -0.0000461019  -0.0000041578   0.0005766344
       -0.0023237755   0.0021976014  -0.0001642220   0.0000220103   0.0001041448
       -0.0000735823  -0.0000511284   0.0000836798  -0.0002241480   0.0000138693
       -0.0001385724  -0.0001273866   0.0000396090  -0.0001010090   0.0000431951
       -0.0000729936   0.0000420332  -0.0000084342  -0.0000238841   0.0000073641
       -0.0001075069  -0.0001122574  -0.0000223384  -0.0000116413  -0.0000036496
       -0.0000444498  -0.0000511154  -0.0000111814  -0.0000356232   0.0002164398
       -0.0006652038   0.0000711770  -0.0001670820  -0.0011190909   0.0004154395
        0.0006904671   0.0005544634  -0.0020439157  -0.0000285083  -0.0002458821
        0.0002508444  -0.0003228293  -0.0004406091   0.0015916666  -0.0003498830
        0.0006394388  -0.0004285906  -0.0000074572  -0.0004339218   0.0001148628
       -0.0000468164   0.0002590186  -0.0000999764  -0.0000359147   0.0000383797
       -0.0000443997   0.0007729033  -0.0013672755   0.0001396216  -0.0006197920
        0.0008816512   0.0003640226   0.0000208414  -0.0000303562  -0.0000119343
       -0.0000163418   0.0000019722   0.0000054893   0.0000022021   0.0000025374
       -0.0000417086   0.0000452431   0.0002949365  -0.0000775251  -0.0000183765
        0.0000029751  -0.0000116133   0.0000171507   0.0000207348   0.0000051470
        0.0000151147   0.0000070289  -0.0000124687  -0.0000058556  -0.0000128779
        0.0000051443
       -0.1200056386   0.2890302449   0.4556116392  -0.0024896549  -0.0269385872
       -0.0666085093  -0.0324181459  -0.0120047671  -0.0075967203   0.0044288912
       -0.0051325753  -0.0017794840  -0.0016671935   0.0021968877   0.0020908915
        0.0016061736  -0.0060454112  -0.0013258675   0.0232333741   0.0043100319
        0.0057640315  -0.0001273167   0.0004789330  -0.0002755087  -0.0003609248
        0.0000989773  -0.0002947112   0.0002837604  -0.0084162147  -0.0021464530
        0.0025817266   0.0041181850   0.0021201320  -0.0011558036  -0.0023134005
       -0.0020220077   0.0003823824   0.0010377300  -0.0000242721   0.0001785392
       -0.0003536465   0.0002369648  -0.0000841079   0.0001673570  -0.0001316957
       -0.0025262113   0.0021040179   0.0020913288   0.0003899895  -0.0008636721
        0.0011818932   0.1638072323  -0.0711792543  -0.2793847251  -0.0362370309
       -0.1773867159  -0.1043397276  -0.0007379728   0.0018149458   0.0001150050
       -0.0011020164  -0.0003735262  -0.0002136270   0.0010409023   0.0003448908
        0.0000084670   0.0000460193   0.0021368282   0.0000633488  -0.0001596192
       -0.0000178112   0.0000489958  -0.0001232430  -0.0000829590  -0.0000387754
       -0.0000351522   0.0000236829  -0.0000155195   0.0000594188   0.0001096415
       -0.0001180358  -0.0000955034   0.0000591103  -0.0000242879  -0.0007699114
        0.0032861822  -0.0018096159   0.0000622094   0.0000496853  -0.0000556746
        0.0000667948   0.0000332463   0.0000095022   0.0001740825  -0.0000008582
        0.0001403912   0.0001209291  -0.0000335344   0.0000578660  -0.0000347693
        0.0000472094  -0.0000177004   0.0000200939  -0.0000000638   0.0000004383
        0.0000803502   0.0000774635   0.0000285853   0.0000096205   0.0000048825
        0.0000377598   0.0000497297   0.0000074167   0.0000290993  -0.0002084765
        0.0002997792  -0.0001856623   0.0004934408   0.0004676194  -0.0005322308
        0.0013631609  -0.0010339519   0.0006675119  -0.0000500318  -0.0001040064
       -0.0001176076  -0.0002888100   0.0003962817  -0.0015235444   0.0003844531
       -0.0007367795   0.0005756009   0.0002880279   0.0005416745  -0.0001306841
       -0.0001172010  -0.0002698187   0.0001222191   0.0000659133  -0.0000134427
        0.0001429292  -0.0008864587   0.0013437150  -0.0004770865   0.0005765335
       -0.0008569341  -0.0001703633  -0.0000046379   0.0000333983   0.0000187877
        0.0000084120  -0.0000062132   0.0000073740   0.0000050041  -0.0000064001
        0.0000422900  -0.0001302982  -0.0004183250   0.0001355062   0.0000627893
       -0.0000019986   0.0000008026  -0.0000285823  -0.0000300227  -0.0000043665
       -0.0000289015  -0.0000166141   0.0000228918   0.0000036589   0.0000174864
       -0.0000077889
       -0.2929638831  -0.0574270679  -0.0024896549   0.6690825469   0.0381510687
       -0.0342442296  -0.1104051984  -0.0581939440  -0.0621614206  -0.0123307549
       -0.0221860992  -0.0262141741   0.0054217924   0.0087140188   0.0101546626
       -0.0518983749   0.0010905971   0.0119647684  -0.1740736622   0.0718243799
        0.1135611825  -0.0003975312   0.0002094817  -0.0002796596   0.0014281397
        0.0000632635   0.0004974211   0.0020664010   0.0108055874  -0.0046207502
       -0.0028901523  -0.0028953935  -0.0031006875   0.0018731983   0.0021734186
        0.0023504188  -0.0004068611  -0.0013544460  -0.0000791807  -0.0002385443
        0.0003653020  -0.0003307739   0.0001524279  -0.0002617209   0.0001631778
       -0.0002310513  -0.0033693899   0.0015141266   0.0039053086   0.0001041347
       -0.0005413726  -0.0237066508   0.0058879221  -0.0043960443  -0.0114315882
        0.0036546987  -0.0093081651   0.0055239818   0.0113967493   0.0136731128
       -0.0048066858  -0.0022520520   0.0004060080  -0.0044198999  -0.0021761310
        0.0002194747   0.0055706370  -0.0043689245  -0.0053001851   0.0002433948
       -0.0000059429  -0.0000883381   0.0003647055   0.0002129740   0.0001003538
        0.0000677726  -0.0001212377   0.0000209652  -0.0002773243  -0.0002522738
        0.0003496027   0.0001389185  -0.0001813727   0.0000467975  -0.0004895338
       -0.0007523655  -0.0005962383  -0.0000110054  -0.0001624780   0.0003101420
       -0.0001533092   0.0000184923   0.0000365447  -0.0003002444  -0.0000383921
       -0.0002150231  -0.0002519278   0.0000339871  -0.0000707642   0.0000815748
       -0.0000633020   0.0000292597  -0.0000754778   0.0000481690  -0.0000051770
       -0.0001080916  -0.0000923349  -0.0000620025  -0.0000124938  -0.0000022766
       -0.0000318794  -0.0001065343  -0.0000231531  -0.0000670991  -0.0013956691
        0.0003016412   0.0009305427  -0.0018012561   0.0006741258  -0.0002229744
       -0.0004179314  -0.0024775019  -0.0026559413   0.0002934185   0.0001620793
        0.0004476065  -0.0003261714   0.0015923659   0.0009799892  -0.0007160315
        0.0017861880  -0.0014273300  -0.0013819378  -0.0013409105   0.0001730871
        0.0007589074   0.0005724317  -0.0001579450  -0.0001743066   0.0000002671
       -0.0003143610   0.0018943990  -0.0033324708   0.0012530659  -0.0010787781
        0.0022420155   0.0003095035  -0.0000078787  -0.0000539557  -0.0000077252
       -0.0000026649   0.0000000843  -0.0000222697  -0.0000307783   0.0000126392
       -0.0000834047   0.0005272901   0.0012013807  -0.0003516271  -0.0002617982
       -0.0000237703  -0.0000066374   0.0000905353   0.0001005087   0.0000116029
        0.0000938728   0.0000583058  -0.0000709892   0.0000027604  -0.0000493705
        0.0000206080
       -0.0258346623  -0.0628777217  -0.0269385872   0.0381510687   0.3365667419
        0.2572344781  -0.0160505790  -0.1460436174  -0.1229342422  -0.0563364962
       -0.0054563060   0.0067538871   0.0096694275  -0.0263777894  -0.0273595055
        0.0347663653   0.0223595451   0.0217784643   0.0307690938  -0.1088470003
       -0.0791491008  -0.0001599363  -0.0001401445   0.0000284156  -0.0001364083
        0.0001365443   0.0000203786   0.0013958780   0.0019053499  -0.0003093042
       -0.0000525836  -0.0023121726   0.0002127771   0.0006327021  -0.0001753287
        0.0008707330  -0.0000390760  -0.0001190628  -0.0000426358  -0.0000568962
       -0.0000243661  -0.0000177483   0.0000127195  -0.0000233365   0.0000121859
        0.0000521233  -0.0008954602   0.0002506856   0.0007750765   0.0000115214
       -0.0000010443   0.0065775105   0.0003946356   0.0027852164  -0.0274234621
       -0.0034108574  -0.0031976059  -0.0028664499  -0.0074657127  -0.0093426220
       -0.0016080971   0.0050558132  -0.0034349024  -0.0027337112   0.0048031024
       -0.0036758392   0.0111833182  -0.0069055911  -0.0138126196   0.0001011316
        0.0001112200  -0.0000237765  -0.0000243557  -0.0000265960   0.0000319485
        0.0000309214   0.0000754840  -0.0000264623  -0.0001569219  -0.0001199049
        0.0001003039  -0.0000035566  -0.0000178622   0.0000056258  -0.0000177072
       -0.0001856170  -0.0000168073   0.0001330731  -0.0002647438   0.0002531189
       -0.0000400166   0.0000414299   0.0000026513  -0.0000350498  -0.0000090434
       -0.0000373885  -0.0001089140  -0.0000292950   0.0000245010   0.0000105626
        0.0000080073  -0.0000064052  -0.0000149570   0.0000276861  -0.0000061336
       -0.0000061009   0.0000011079  -0.0000094306   0.0000001617  -0.0000011220
       -0.0000009335  -0.0000108101  -0.0000032746  -0.0000051670  -0.0002106753
        0.0000895942   0.0001465999  -0.0003290898   0.0001295776  -0.0000509302
       -0.0002677528  -0.0005523077  -0.0003304847   0.0000756750   0.0000266343
        0.0000353659   0.0000552644   0.0003100917   0.0001150207   0.0001027464
        0.0003575342  -0.0000812867  -0.0001981434  -0.0001692320   0.0000658600
        0.0001035791   0.0000519698  -0.0000225100  -0.0000188633  -0.0000059487
       -0.0000489508   0.0001560075  -0.0003676804   0.0002272435  -0.0000508363
        0.0002495249  -0.0000169221   0.0000059182   0.0000059527  -0.0000040873
        0.0000025656  -0.0000014799  -0.0000041562  -0.0000032999   0.0000027592
       -0.0000085155   0.0000472628   0.0001044814  -0.0000338956  -0.0000369235
       -0.0000109618   0.0000005368   0.0000096525   0.0000114158   0.0000009879
        0.0000113801   0.0000068769  -0.0000086200   0.0000011469  -0.0000050642
        0.0000016353
       -0.0283707553  -0.0346306168  -0.0666085093  -0.0342442296   0.2572344781
        0.4581405016  -0.0093758773  -0.1116891142  -0.1921356923  -0.0686107636
       -0.0009458766   0.0126872105   0.0103621873  -0.0280834450  -0.0430266661
        0.0551702386   0.0302774749   0.0245741249   0.0600362021  -0.0901979976
       -0.1704102995  -0.0002498765  -0.0002122675   0.0001052080  -0.0000667218
        0.0001000096   0.0001436574  -0.0004473380   0.0012821035  -0.0005126069
       -0.0004169693   0.0003111261  -0.0004248017   0.0001657296   0.0005841992
        0.0001972685  -0.0000451432  -0.0001693174  -0.0000401821  -0.0000453942
        0.0000646190  -0.0000392649   0.0000224116  -0.0000341548   0.0000277943
       -0.0001365357  -0.0002443362   0.0001188672   0.0008966457   0.0002038325
       -0.0000118861   0.0245629870   0.0048973377   0.0032091689  -0.0166993396
        0.0012528725  -0.0050717569  -0.0047210011  -0.0137706227  -0.0133724277
        0.0010763390  -0.0035872978   0.0038941664  -0.0006820151  -0.0035261827
        0.0035833943   0.0129151096  -0.0095656007  -0.0146206097   0.0001113578
        0.0000719910  -0.0000697907  -0.0000745997  -0.0000073646   0.0001345731
        0.0000659644   0.0001130315  -0.0000440466  -0.0000878756  -0.0000823059
        0.0001108603   0.0000267154  -0.0000171012   0.0000141210  -0.0002072428
       -0.0000560232  -0.0002296352  -0.0001638049   0.0003664585  -0.0000417620
       -0.0000075721  -0.0000462761   0.0000071983  -0.0000494922  -0.0000412348
       -0.0000504947  -0.0001191078   0.0000280685  -0.0000043894   0.0000081809
       -0.0000055117   0.0000006071  -0.0000062390   0.0000085455  -0.0000053238
       -0.0000156971  -0.0000137913  -0.0000117942  -0.0000014902  -0.0000015606
       -0.0000088836  -0.0000141255   0.0000008137  -0.0000064275  -0.0002247854
        0.0000115985   0.0001527985  -0.0001946193   0.0000652331  -0.0000593795
       -0.0001753014  -0.0003990383  -0.0005498461   0.0000465175  -0.0000128395
        0.0000608521  -0.0000409840   0.0002465141   0.0001955746  -0.0000090559
        0.0003695875  -0.0001110571  -0.0001018643  -0.0002194646   0.0000920978
        0.0000202090   0.0001137250  -0.0000673553  -0.0000296629  -0.0000009436
       -0.0000710606   0.0002839133  -0.0003987183   0.0002416173  -0.0001522592
        0.0002158403   0.0000014628  -0.0000045757  -0.0000065723  -0.0000178316
       -0.0000010306   0.0000024230  -0.0000062244  -0.0000034516   0.0000015100
       -0.0000120981   0.0000343184   0.0001348977  -0.0000489846  -0.0000285575
       -0.0000034123   0.0000032058   0.0000104924   0.0000103958   0.0000003792
        0.0000112169   0.0000066539  -0.0000077440  -0.0000013814  -0.0000063523
        0.0000021221
       -0.0262953921  -0.0255408969  -0.0324181459  -0.1104051984  -0.0160505790
       -0.0093758773   0.6782695025   0.0527479446  -0.0626678856  -0.3284600061
       -0.0880412768  -0.0366337081  -0.0537220457   0.0354389397   0.0565153663
       -0.0332037332  -0.0252986575  -0.0241899017   0.0486299352   0.0051967871
       -0.0057242809  -0.0001625832   0.0013156158   0.0022936732  -0.0005886710
       -0.0006531139   0.0002632062   0.0009638145  -0.0016912288   0.0003777589
       -0.0006174292   0.0005538420  -0.0005824891  -0.0000042913  -0.0002333548
       -0.0000855989   0.0000725169   0.0002534056   0.0000038598   0.0000006577
       -0.0001510251   0.0000844214  -0.0000294893   0.0000478313  -0.0000282628
       -0.0009753433   0.0006821260   0.0003692798  -0.0006507068  -0.0000600352
        0.0001568551   0.0023897079  -0.0012011127  -0.0015411161  -0.0042259933
       -0.0015814536  -0.0002052193  -0.1587649312   0.0676871947   0.1122208531
       -0.0102794001  -0.0031136741  -0.0022486371   0.0001678397  -0.0005277163
       -0.0000149817  -0.0017923495   0.0011077730   0.0034322931  -0.0007035840
       -0.0003550936   0.0002505757   0.0001300332   0.0000179826  -0.0001732989
       -0.0000966016  -0.0001674759   0.0000377106   0.0001780035   0.0002028614
       -0.0002013320  -0.0000422806   0.0000423701   0.0000201332   0.0000701083
        0.0001133410  -0.0000330214   0.0000697605   0.0000903089  -0.0000239177
        0.0000035371  -0.0000278287  -0.0000136912   0.0000463979  -0.0000599500
       -0.0000139015  -0.0000209680  -0.0004037031   0.0002274265  -0.0000172372
        0.0000326078  -0.0000174278   0.0000063018   0.0000223823  -0.0000100463
        0.0000236378   0.0000313233  -0.0000001397   0.0000047865  -0.0000014191
        0.0000022035   0.0000148834   0.0000132544   0.0000197339   0.0001775358
       -0.0000216223  -0.0001488433   0.0002812982  -0.0000226005  -0.0000035499
       -0.0001445007   0.0003945593   0.0005791613  -0.0001205790  -0.0000365935
       -0.0001032853  -0.0000235912  -0.0001664361  -0.0003001654   0.0000079085
       -0.0007164166   0.0002018349   0.0001596113   0.0002625561  -0.0000384173
       -0.0000607749  -0.0002193393   0.0000252592   0.0000355972  -0.0000159835
        0.0000344520  -0.0005147220   0.0010977875  -0.0001575563   0.0003297839
       -0.0006715239  -0.0002627071  -0.0000180668   0.0000031930   0.0000089965
        0.0000050509  -0.0000010346  -0.0000034659   0.0000058718   0.0000000695
        0.0000214696  -0.0001087310  -0.0002989032   0.0000544525   0.0000441762
        0.0000003877   0.0000154177  -0.0000190821  -0.0000254862  -0.0000063085
       -0.0000183785  -0.0000115150   0.0000156121  -0.0000015970   0.0000106050
       -0.0000048263
       -0.0163415907  -0.0036817537  -0.0120047671  -0.0581939440  -0.1460436174
       -0.1116891142   0.0527479446   0.3159155400   0.2569745913  -0.0376168766
       -0.0802665995  -0.0368762848  -0.0020323474   0.0254511186   0.0276875703
       -0.0228308358  -0.0174685399  -0.0114723086   0.0326210114  -0.0152496581
       -0.0291425308   0.0006525899   0.0029868056  -0.0039130881   0.0006960807
       -0.0000390054  -0.0000075597  -0.0015820503  -0.0009748764   0.0008458869
        0.0012134217   0.0002005787   0.0013678976  -0.0002559312  -0.0003348246
       -0.0003219752  -0.0001096089  -0.0003758792   0.0002125848   0.0000688200
       -0.0000058613   0.0000191958  -0.0000112540   0.0000171850  -0.0000039757
        0.0010261642   0.0002628349  -0.0009604986  -0.0005506908   0.0000187388
       -0.0000466758   0.0019600120  -0.0010068449   0.0009110239  -0.0007979190
        0.0003143273   0.0000990085   0.0673554574  -0.0773127722  -0.0753238450
       -0.0189972590  -0.0045212798  -0.0022671307   0.0000124026  -0.0002586608
        0.0003951187   0.0009019677   0.0029987535  -0.0043608889  -0.0000818944
       -0.0000673861   0.0000444862  -0.0004212723  -0.0002956637  -0.0002319154
       -0.0000102538  -0.0000748913   0.0000091827   0.0001055731   0.0000903544
       -0.0000965126   0.0000086748   0.0000173065   0.0000012027   0.0000566184
        0.0000798805   0.0000954245   0.0000597361   0.0000081132  -0.0001786940
        0.0000278540  -0.0000279794  -0.0000066078   0.0000012131   0.0000089107
        0.0000372164   0.0001511298  -0.0002449399   0.0000407961  -0.0000105997
       -0.0000023405  -0.0000014697   0.0000145497  -0.0000328162   0.0000105073
        0.0000021386  -0.0000004655   0.0000004941   0.0000005268   0.0000020412
       -0.0000044921   0.0000098820   0.0000115007   0.0000039109   0.0002015178
       -0.0000297666  -0.0000475261   0.0001812688  -0.0001542095   0.0001086690
       -0.0003496081   0.0004028405   0.0000136380   0.0000338205  -0.0000234096
        0.0000065935   0.0001528267  -0.0002470957   0.0002298448  -0.0000849330
       -0.0003361623   0.0000873659   0.0001737035   0.0003037919  -0.0001291358
       -0.0001128960  -0.0000835200   0.0000155938   0.0000210728   0.0000033448
        0.0000288191  -0.0001315963   0.0003791960  -0.0001696472   0.0000594580
       -0.0002445968  -0.0000177107  -0.0000062380  -0.0000055459   0.0000004982
       -0.0000006963   0.0000012920   0.0000008658   0.0000037986  -0.0000004635
        0.0000069485  -0.0000056857  -0.0000717230   0.0000161790   0.0000334621
        0.0000207585  -0.0000002091  -0.0000067024  -0.0000104805  -0.0000030010
       -0.0000088657  -0.0000056250   0.0000086711  -0.0000031478   0.0000040407
       -0.0000022205
       -0.0160858343  -0.0050371916  -0.0075967203  -0.0621614206  -0.1229342422
       -0.1921356923  -0.0626678856   0.2569745913   0.4492958756   0.0202976340
       -0.0256897014  -0.0767692430   0.0128867311   0.0189619871   0.0200741160
       -0.0207124563  -0.0096331374  -0.0114929151   0.0284771582  -0.0221395466
       -0.0333378599   0.0034426675  -0.0040166692   0.0000420074  -0.0008603493
       -0.0006084544   0.0001198751   0.0000189170  -0.0010440598   0.0004688837
       -0.0003691015   0.0008241765  -0.0006324691  -0.0002080214   0.0001282587
       -0.0003316143  -0.0000153796   0.0001846296  -0.0000335683  -0.0000100750
       -0.0000708109   0.0000462837  -0.0000203618   0.0000243959  -0.0000170028
       -0.0001498561   0.0003760027  -0.0001555960  -0.0004821203  -0.0000941841
        0.0000211159   0.0012659072  -0.0001037451   0.0006937021   0.0005039450
       -0.0011676280   0.0022425932   0.1134405938  -0.0746071246  -0.1501027959
       -0.0205523860  -0.0061268324  -0.0012072284  -0.0001188078   0.0002264499
        0.0001801337   0.0027659805  -0.0047937357   0.0006786581   0.0010153611
        0.0002223739  -0.0000950747   0.0000523280   0.0000824730  -0.0000215789
       -0.0000727859  -0.0000041272   0.0000082621   0.0000708298   0.0000647675
       -0.0000571776  -0.0000261030   0.0000220541  -0.0000072255   0.0000671324
        0.0000739543   0.0000240423  -0.0000361054   0.0002464385  -0.0002431636
        0.0000554130  -0.0000736733   0.0000126160   0.0000040085   0.0000022580
        0.0000137706   0.0000251984   0.0000100282   0.0000055532  -0.0000083153
        0.0000117158  -0.0000058025   0.0000123052   0.0000034675  -0.0000031383
        0.0000126801   0.0000103514   0.0000027802   0.0000015761   0.0000003915
        0.0000028061   0.0000138182   0.0000049491   0.0000075526   0.0001669770
        0.0000313768  -0.0000703531   0.0001964437  -0.0000359865   0.0000491557
       -0.0004846001   0.0001749713   0.0002171260   0.0000516460   0.0000084978
       -0.0000234284   0.0002184131  -0.0001757827   0.0000409094   0.0000093242
       -0.0002507888   0.0000912609   0.0002253228   0.0000066054   0.0000618735
       -0.0000753032  -0.0000185124   0.0000105989   0.0000203150  -0.0000026406
        0.0000428635  -0.0002337021   0.0004331108  -0.0001561887   0.0001457606
       -0.0002748652  -0.0000418886  -0.0000053562  -0.0000009887   0.0000102060
        0.0000005398   0.0000002818   0.0000017077   0.0000016422  -0.0000019314
        0.0000127617  -0.0001162984  -0.0001810420   0.0000513020   0.0000310789
       -0.0000065207   0.0000016526  -0.0000132064  -0.0000150326  -0.0000019213
       -0.0000125132  -0.0000075946   0.0000104185   0.0000006960   0.0000059916
       -0.0000028173
        0.0029734531  -0.0008374671   0.0044288912  -0.0123307549  -0.0563364962
       -0.0686107636  -0.3284600061  -0.0376168766   0.0202976340   0.6452863714
        0.0817336531  -0.0400258711  -0.1816013589   0.0196457449   0.0675709936
        0.0517791279   0.0381820330   0.0354309766  -0.0542064460   0.0041667021
        0.0183006844  -0.0274199885   0.0082475090   0.0188341282  -0.0004482192
        0.0019498787  -0.0003711849  -0.0005463355   0.0006897329  -0.0004555133
        0.0003261198  -0.0001990727   0.0002155787  -0.0000598018   0.0005964342
       -0.0001509051  -0.0001521407  -0.0001054658  -0.0000717592   0.0000100719
        0.0001338563  -0.0000911858   0.0000300080  -0.0000523399   0.0000271641
        0.0005462238  -0.0003286285   0.0000772589   0.0003749622   0.0001486956
        0.0000611166  -0.0005591794   0.0001566406   0.0000815981  -0.0006022896
        0.0003807989  -0.0009991142  -0.0201420284  -0.0044500208   0.0005334694
       -0.0710247235  -0.0543030344  -0.0557241285   0.0000967789  -0.0021136595
       -0.0012424286  -0.0003692166   0.0006845921   0.0000874055  -0.0046858102
       -0.0013108904   0.0006156270   0.0012861614   0.0009174084   0.0011145523
        0.0001025605  -0.0000133923  -0.0001492636  -0.0002335060  -0.0002128290
        0.0002347091  -0.0000060576  -0.0000345887  -0.0000130599  -0.0000616063
       -0.0000102195   0.0000393176  -0.0000733644  -0.0000217330  -0.0000641974
       -0.0000417186   0.0000285620   0.0000064990  -0.0000163271   0.0000607129
        0.0000241681   0.0000539979   0.0001794442  -0.0001311703   0.0000151582
       -0.0000325958   0.0000197615  -0.0000076473  -0.0000131683   0.0000073411
       -0.0000217328  -0.0000281064  -0.0000094904  -0.0000053064   0.0000022662
       -0.0000022292  -0.0000196310  -0.0000069194  -0.0000205036  -0.0001884967
       -0.0000607309   0.0000157577  -0.0001756310  -0.0000354346  -0.0000547865
        0.0005356737  -0.0001491147  -0.0001415246  -0.0000736453   0.0000218076
        0.0000416635  -0.0002221830   0.0001265793  -0.0000370921   0.0003342804
        0.0007777309  -0.0001314153  -0.0002258845  -0.0003174054   0.0000618469
        0.0000631940  -0.0000073016   0.0000461940  -0.0000249724   0.0000109445
       -0.0000241265   0.0003805359  -0.0010180135   0.0002099910  -0.0002238465
        0.0006342896   0.0001889828   0.0000116949   0.0000046838  -0.0000195541
       -0.0000011478   0.0000026580  -0.0000019245  -0.0000097175  -0.0000020880
       -0.0000145891   0.0000272796   0.0001301177  -0.0000122020  -0.0000131682
       -0.0000087782  -0.0000047513   0.0000075300   0.0000103322   0.0000042785
        0.0000083809   0.0000067067  -0.0000061012   0.0000043252  -0.0000041447
        0.0000032465
       -0.0016316462   0.0011207695  -0.0051325753  -0.0221860992  -0.0054563060
       -0.0009458766  -0.0880412768  -0.0802665995  -0.0256897014   0.0817336531
        0.3385487080   0.2639362267   0.0686192766  -0.0997827278  -0.0840971670
        0.0029136381  -0.0190087656  -0.0264006537   0.0078202072  -0.0010267637
        0.0013133307  -0.0034859972   0.0041596665   0.0050061997  -0.0011368692
       -0.0004781134   0.0003874312  -0.0001609630  -0.0004025768   0.0000585160
        0.0001321840   0.0001209418   0.0001197197  -0.0000304501  -0.0002589847
       -0.0000346958   0.0002350514  -0.0003544986   0.0002393594   0.0000483454
        0.0000167561   0.0000166858  -0.0000105800   0.0000178827   0.0000081397
        0.0000181846   0.0001423091  -0.0000093376  -0.0000843597   0.0000341921
        0.0000247466   0.0004424310  -0.0002355354  -0.0001750093  -0.0003311033
        0.0005366828  -0.0005476869   0.0111510583   0.0027567007   0.0008680873
       -0.0531477857  -0.1421509440  -0.1235929073  -0.0016167706   0.0016365228
       -0.0060569038   0.0000921626   0.0000369908   0.0003191800  -0.0010070441
        0.0000103692  -0.0000158246  -0.0003542706   0.0002496042   0.0003639472
        0.0000316175   0.0001980550   0.0000267753  -0.0000208882  -0.0001053509
       -0.0000220321  -0.0000057758   0.0000258684   0.0000017904   0.0000092190
        0.0000442435   0.0000124284   0.0000248577  -0.0000208672   0.0000067802
        0.0000005883   0.0000345333  -0.0000159265   0.0000218836   0.0000205666
        0.0000185002   0.0000648666   0.0002604747  -0.0001588594  -0.0000115381
       -0.0000015416  -0.0000064074   0.0000073433  -0.0000336050   0.0000128030
       -0.0000015514  -0.0000036176   0.0000043611  -0.0000019620  -0.0000015743
       -0.0000126251   0.0000065832   0.0000065903   0.0000044671   0.0000141899
       -0.0000274931  -0.0000213127   0.0000289037  -0.0000349622  -0.0000000067
        0.0001400036   0.0000650396   0.0000255345  -0.0000184445  -0.0000068150
        0.0000044068  -0.0000415284  -0.0000445452  -0.0000367849  -0.0000135340
       -0.0001759083   0.0001362415   0.0001710460   0.0001482098   0.0001483566
       -0.0002291658  -0.0001068357  -0.0000369957   0.0000163445   0.0000132596
        0.0000560848  -0.0001144602   0.0001546712  -0.0002424455   0.0000238699
       -0.0001354914   0.0000761655   0.0000108970  -0.0000031383   0.0000066431
       -0.0000032599  -0.0000011180   0.0000082045   0.0000044202   0.0000001994
        0.0000030913  -0.0001023770  -0.0002095511   0.0000297448   0.0000356288
       -0.0000080086   0.0000013965  -0.0000151171  -0.0000169256  -0.0000010054
       -0.0000119210  -0.0000071729   0.0000086618  -0.0000017162   0.0000065298
       -0.0000012666
       -0.0001070823  -0.0062075524  -0.0017794840  -0.0262141741   0.0067538871
        0.0126872105  -0.0366337081  -0.0368762848  -0.0767692430  -0.0400258711
        0.2639362267   0.4565276628   0.1248705282  -0.0717607496  -0.1737796407
       -0.0083844705  -0.0349011155  -0.0395839221   0.0219518425   0.0029813294
       -0.0064532096   0.0052795068   0.0014370913  -0.0005885011   0.0000133646
       -0.0008187382   0.0004419314   0.0001014955   0.0000634557   0.0000458586
       -0.0002494166  -0.0000151300  -0.0001635023   0.0000575496   0.0000330329
        0.0000717578  -0.0000687847   0.0001677872  -0.0000322393  -0.0000251904
       -0.0000192679   0.0000202030  -0.0000063799   0.0000036491   0.0000113069
        0.0000072235  -0.0000041976  -0.0000256737  -0.0000790767  -0.0000107156
        0.0000080767   0.0001068301   0.0001358191  -0.0001826682  -0.0011122636
       -0.0005759731   0.0000265154   0.0183120286   0.0042386260   0.0010360710
       -0.0563610432  -0.1225103590  -0.1729579573  -0.0002529478  -0.0059838494
        0.0002300580   0.0001073150   0.0001814857   0.0001192457  -0.0006519906
       -0.0001047974   0.0007248987  -0.0007049102  -0.0000437149   0.0005213361
        0.0000726952   0.0000581404   0.0000681266   0.0001142658   0.0001087211
       -0.0001723548  -0.0000106423   0.0000268828   0.0000189051   0.0000193318
       -0.0000143659   0.0000159223  -0.0000111779   0.0000144913  -0.0000193666
        0.0000023377  -0.0000127384  -0.0000077123   0.0000254622  -0.0000142896
       -0.0000291110  -0.0000879128   0.0001206701  -0.0000154094  -0.0000099857
        0.0000083851  -0.0000140657  -0.0000011437   0.0000142887  -0.0000057519
        0.0000011633   0.0000087353   0.0000028746   0.0000011821  -0.0000069384
       -0.0000124529   0.0000030168  -0.0000000536   0.0000140088   0.0000234175
        0.0000010654  -0.0000106629   0.0000268758  -0.0000070191   0.0000023525
        0.0000442206  -0.0000001179   0.0000260414   0.0000090412   0.0000047774
       -0.0000017413   0.0000029186  -0.0000082245  -0.0000143774  -0.0000539932
       -0.0005223597   0.0001626403   0.0001467172   0.0001979013   0.0000175248
       -0.0000635347  -0.0000870002  -0.0000279221   0.0000227984  -0.0000086627
        0.0000437900  -0.0002851896   0.0006018766  -0.0001591613   0.0001352263
       -0.0003948748  -0.0000931965   0.0000027289  -0.0000021452   0.0000135032
       -0.0000011529  -0.0000019302   0.0000052521   0.0000067894   0.0000003172
        0.0000108351  -0.0000611034  -0.0001706031   0.0000090654   0.0000184795
       -0.0000003485   0.0000136792  -0.0000111897  -0.0000138129  -0.0000017157
       -0.0000104326  -0.0000062625   0.0000050149  -0.0000015842   0.0000055496
       -0.0000006260
       -0.0024975221   0.0002014356  -0.0016671935   0.0054217924   0.0096694275
        0.0103621873  -0.0537220457  -0.0020323474   0.0128867311  -0.1816013589
        0.0686192766   0.1248705282   0.5945956586   0.0814313267  -0.0709923726
       -0.1163046751  -0.0736117055  -0.0689391574  -0.0127903657  -0.0223252651
       -0.0236687837  -0.1977099730  -0.0400946096   0.0001304356  -0.0074017166
       -0.0160694263   0.0094100456  -0.0001807019  -0.0002557050   0.0001501219
        0.0000005056   0.0000615410   0.0000144217   0.0000275280  -0.0001165789
        0.0000493087   0.0000221066  -0.0000429097  -0.0000018506   0.0000239333
        0.0001086152  -0.0000482763   0.0000429499  -0.0000308021   0.0000068404
        0.0001236757   0.0000689420  -0.0000818271  -0.0000504628  -0.0000056553
        0.0000135284   0.0002861116  -0.0002869280   0.0000378354   0.0002139300
       -0.0002166584   0.0004647699  -0.0041570594  -0.0019699302   0.0002834223
        0.0057399810  -0.0025324437  -0.0059699113   0.0052355430   0.0121437926
        0.0133738991  -0.0044848850  -0.0022396781   0.0000520885  -0.0199435134
       -0.0058941782   0.0026616545  -0.0114751573  -0.0060843066  -0.0014080327
        0.0005756841   0.0010572793  -0.0003746272   0.0003431533   0.0005366383
       -0.0000576329   0.0001341821  -0.0000676499   0.0000326489   0.0000134550
        0.0000330905   0.0000065383  -0.0000034086   0.0000298507  -0.0000252429
        0.0000043159   0.0000008515  -0.0000180293  -0.0000034948   0.0000293517
        0.0000261378  -0.0000280923   0.0002809364  -0.0001178455   0.0000160918
       -0.0000271608   0.0000157139  -0.0000120213  -0.0000229730   0.0000056947
       -0.0000165394  -0.0000207407   0.0000038374  -0.0000053333   0.0000036053
        0.0000051195  -0.0000214834  -0.0000130919  -0.0000188478   0.0000092695
       -0.0000056764  -0.0000211187   0.0000158308  -0.0000193753   0.0000035794
        0.0000344625   0.0000624137   0.0000667126  -0.0000281958  -0.0000024294
       -0.0000132663  -0.0000118960  -0.0000378911  -0.0000138032  -0.0012010919
        0.0005507373  -0.0020064674  -0.0003928602  -0.0015509284   0.0007624101
        0.0007136954   0.0004717929  -0.0002155877  -0.0001498702  -0.0000051624
       -0.0002261673   0.0011634365  -0.0010546965   0.0004337645  -0.0005678950
        0.0006614842   0.0001487030  -0.0000401957  -0.0000230690  -0.0000365093
       -0.0000024997   0.0000138479  -0.0000152757  -0.0000178158  -0.0000018396
       -0.0000444584   0.0001335297   0.0006104980  -0.0002602349  -0.0001877999
       -0.0000427090  -0.0000144008   0.0000523807   0.0000580002   0.0000092981
        0.0000613282   0.0000354278  -0.0000485639   0.0000053988  -0.0000356412
        0.0000175075
        0.0005170127   0.0007455484   0.0021968877   0.0087140188  -0.0263777894
       -0.0280834450   0.0354389397   0.0254511186   0.0189619871   0.0196457449
       -0.0997827278  -0.0717607496   0.0814313267   0.3624535960   0.2359396342
       -0.0269193458  -0.1609129361  -0.1283046366  -0.0569246541  -0.0087031938
        0.0029162488  -0.0467494461  -0.0736927397  -0.0073359408  -0.0260134484
       -0.0157347272   0.0055502817  -0.0006877258   0.0003385262   0.0000276835
        0.0002677595   0.0000070374   0.0001919162  -0.0000409411   0.0002422041
       -0.0001318385  -0.0000268622  -0.0000731385   0.0000103844  -0.0000071361
        0.0000643271  -0.0000372648   0.0000199373  -0.0000194150   0.0000136837
        0.0006414547  -0.0001763836  -0.0002550456   0.0000729729   0.0000792647
        0.0000066859  -0.0000464109  -0.0001608347   0.0000717785   0.0000554426
        0.0002134986  -0.0001249478  -0.0027743712   0.0044620583  -0.0029782735
        0.0112756436  -0.0077181388  -0.0130466689  -0.0031349762  -0.0065450807
       -0.0104018679  -0.0018442371   0.0048447190  -0.0032703334   0.0165111517
        0.0063835406  -0.0003259350  -0.0075603180  -0.0031254605  -0.0013221018
       -0.0006518211   0.0010423115  -0.0003080532   0.0002789209   0.0000294124
        0.0000260629  -0.0000574188   0.0000193979   0.0000010368  -0.0000215619
       -0.0000121779   0.0000490709  -0.0000103023  -0.0000212175  -0.0000033823
       -0.0000239342   0.0000233657  -0.0000152552  -0.0000146683   0.0000078798
       -0.0000104667   0.0000159947  -0.0001588585   0.0000545361   0.0000069433
       -0.0000117597   0.0000093594  -0.0000055827  -0.0000053941   0.0000015243
       -0.0000126733  -0.0000133972  -0.0000036243  -0.0000019998   0.0000022795
       -0.0000011710  -0.0000120698  -0.0000008908  -0.0000092559  -0.0000468551
       -0.0000345112   0.0000031968  -0.0000497933  -0.0000545080   0.0000013643
        0.0001570561   0.0000113829  -0.0000751576  -0.0000323780   0.0000009473
        0.0000210026  -0.0000606104  -0.0000004872   0.0000498738  -0.0008853594
        0.0009521384  -0.0007731539   0.0004249219  -0.0038733048   0.0030852758
        0.0001982308   0.0009445028  -0.0006271044  -0.0000950993   0.0000125508
       -0.0000881999   0.0003269099  -0.0004755637   0.0000741703  -0.0001345507
        0.0002673357  -0.0000014359  -0.0000141419   0.0000045395  -0.0000382846
        0.0000001989   0.0000064453   0.0000003602  -0.0000110953  -0.0000033538
       -0.0000257382  -0.0010496090  -0.0006424319   0.0000756480  -0.0000677894
       -0.0002501049   0.0000118641  -0.0000295640  -0.0000210241   0.0000079295
        0.0000043604  -0.0000007489  -0.0000049754   0.0000138089  -0.0000076285
        0.0000048601
       -0.0011539499   0.0015610455   0.0020908915   0.0101546626  -0.0273595055
       -0.0430266661   0.0565153663   0.0276875703   0.0200741160   0.0675709936
       -0.0840971670  -0.1737796407  -0.0709923726   0.2359396342   0.4491358763
       -0.0091985599  -0.1153025570  -0.1813593125  -0.0693696348  -0.0065233474
        0.0130488095   0.0029622508  -0.0068604499  -0.0636572900   0.0141590936
        0.0073332898  -0.0004679889  -0.0003988750  -0.0001057458   0.0000793952
        0.0003542819   0.0000197876   0.0003224588  -0.0000948814   0.0002617033
       -0.0001867893  -0.0000614334   0.0000080540  -0.0000391441   0.0000046008
        0.0000033500  -0.0000060094   0.0000056899  -0.0000105782   0.0000002329
        0.0003157149  -0.0000249881  -0.0001223556  -0.0000507416   0.0000517248
        0.0000374382   0.0000212886  -0.0003158053   0.0001435845   0.0001160078
        0.0001632531  -0.0000790280  -0.0001981663  -0.0034539259   0.0037868548
        0.0131353862  -0.0106103812  -0.0134372519  -0.0045829620  -0.0122884598
       -0.0147794312   0.0009105478  -0.0026860406   0.0035819547   0.0127824827
        0.0035938052  -0.0007406248  -0.0247708450  -0.0096016364   0.0005908177
       -0.0001356304  -0.0006612910   0.0002586280   0.0001486280   0.0001157197
       -0.0002114126   0.0000574993  -0.0000289325   0.0000138688  -0.0000330874
        0.0000260858   0.0000257876  -0.0000420265  -0.0000121012  -0.0000369898
       -0.0000220279   0.0000146213   0.0000014685   0.0000040298  -0.0000168265
        0.0000093947   0.0000274426  -0.0001958759   0.0000842458   0.0000023633
       -0.0000032188   0.0000027728  -0.0000026122   0.0000067534  -0.0000017191
       -0.0000028347  -0.0000010042   0.0000004012   0.0000003927   0.0000008049
        0.0000022025  -0.0000034093  -0.0000006975  -0.0000015427  -0.0000082753
       -0.0000322386  -0.0000255681   0.0000075053  -0.0000444015  -0.0000100666
        0.0001659762   0.0000433905   0.0000380594  -0.0000307499   0.0000034338
       -0.0000040613  -0.0000484050  -0.0000168327  -0.0000308030   0.0014058406
        0.0007130461  -0.0004173307  -0.0004789524   0.0024387137  -0.0010976622
       -0.0000236274  -0.0004699334   0.0002383427   0.0000260971  -0.0000343153
        0.0000340341   0.0001640443   0.0001026582   0.0000897462  -0.0000536431
       -0.0000386698  -0.0000032749  -0.0000042249   0.0000036723  -0.0000132283
       -0.0000037740  -0.0000011624   0.0000002144   0.0000053781  -0.0000016624
        0.0000116342   0.0007146205   0.0005434328  -0.0001174193  -0.0000074505
        0.0001304508  -0.0000378884   0.0000264337   0.0000245854  -0.0000028270
        0.0000164930   0.0000121413  -0.0000093601  -0.0000079595  -0.0000029760
       -0.0000005445
        0.0020912145  -0.0018093756   0.0016061736  -0.0518983749   0.0347663653
        0.0551702386  -0.0332037332  -0.0228308358  -0.0207124563   0.0517791279
        0.0029136381  -0.0083844705  -0.1163046751  -0.0269193458  -0.0091985599
        0.6555227167   0.0572447081  -0.0658871230  -0.3233826542  -0.0843230690
       -0.0403326240  -0.0146447764  -0.0193467192  -0.0203120093   0.0002097286
        0.0005226168  -0.0008100945   0.0006704619   0.0008538011  -0.0002191583
       -0.0006612899  -0.0003576892  -0.0005281358   0.0003124159   0.0001424682
        0.0003915011  -0.0000161554  -0.0001430756   0.0000070825  -0.0000330393
       -0.0000186111  -0.0000023205   0.0000122448  -0.0000132411   0.0000121273
       -0.0004325398  -0.0001863473   0.0001624520   0.0002733214  -0.0001170415
       -0.0001138380  -0.0011263324   0.0008186437  -0.0001658030  -0.0003876428
       -0.0000073101  -0.0002948159   0.0000560378  -0.0000834886  -0.0008043622
       -0.0018646303   0.0010908966   0.0034953964  -0.1534946676   0.0658190307
        0.1096365804  -0.0100162591  -0.0042255461  -0.0013645854   0.0014351323
       -0.0006913765  -0.0009269134  -0.0041302778  -0.0020647885  -0.0005394326
       -0.0000241251  -0.0002769110   0.0000156356   0.0000826178  -0.0003834139
        0.0001070173  -0.0000063104  -0.0000132607   0.0000201001   0.0000298268
       -0.0001189030  -0.0000985885  -0.0000528577   0.0001453434  -0.0000050203
        0.0000056772  -0.0000620479   0.0000013338  -0.0000435508   0.0000056953
       -0.0000446874  -0.0000227065   0.0000246893  -0.0000273090   0.0000025289
        0.0000099727  -0.0000082699  -0.0000049848   0.0000129289  -0.0000069093
       -0.0000039543   0.0000020876  -0.0000177409   0.0000000707  -0.0000012401
       -0.0000059476  -0.0000100589   0.0000075633  -0.0000030012  -0.0000460134
        0.0000845621   0.0000878775  -0.0000936648   0.0001152687   0.0000207763
       -0.0002977837  -0.0002149560  -0.0002120035   0.0000726858   0.0000160302
        0.0000363226   0.0000709185   0.0001202620   0.0001279795  -0.0005353212
       -0.0003488696  -0.0001065065  -0.0002124892  -0.0001410661   0.0000890740
        0.0001348418  -0.0000519263   0.0000650516  -0.0000358730  -0.0000101726
       -0.0000794170   0.0003018698  -0.0001899929   0.0003249709  -0.0000811992
        0.0001599789  -0.0000863097  -0.0000093089   0.0000094177  -0.0000442430
        0.0000027393   0.0000015556  -0.0000071451  -0.0000068476   0.0000055775
       -0.0000077200   0.0000221352   0.0000660516  -0.0000157978  -0.0000100024
       -0.0000091603   0.0000007452   0.0000017264   0.0000004785  -0.0000032320
        0.0000052872   0.0000029739  -0.0000005945  -0.0000012271  -0.0000028245
       -0.0000012903
        0.0018204439   0.0012312113  -0.0060454112   0.0010905971   0.0223595451
        0.0302774749  -0.0252986575  -0.0174685399  -0.0096331374   0.0381820330
       -0.0190087656  -0.0349011155  -0.0736117055  -0.1609129361  -0.1153025570
        0.0572447081   0.3399323956   0.2602546093  -0.0393346407  -0.0767717725
       -0.0368697224  -0.0082643837  -0.0075267891  -0.0076053839   0.0004122475
        0.0006499921   0.0000173909   0.0006493484   0.0000505735  -0.0001697211
       -0.0003634105  -0.0001685790  -0.0002625645   0.0001617743   0.0000043146
        0.0002006236  -0.0000015327  -0.0000333827  -0.0000117978  -0.0000092722
       -0.0000257375   0.0000147632   0.0000041349   0.0000007675  -0.0000019875
       -0.0006020907   0.0000572350   0.0002948619   0.0001505004  -0.0000588181
       -0.0000202300   0.0006411612   0.0007698254  -0.0003528624   0.0000045905
       -0.0001495668   0.0000797296  -0.0000912487  -0.0000603394  -0.0000538560
        0.0003758739   0.0036841938  -0.0047222381   0.0657787384  -0.0810430491
       -0.0734829928  -0.0183754211  -0.0051799783  -0.0018189662   0.0009001544
        0.0004153553   0.0000691073  -0.0005953667   0.0001483634   0.0002303346
       -0.0000348886  -0.0002818185  -0.0000005308   0.0000340782   0.0002340313
        0.0000989965   0.0000184747  -0.0000041945   0.0000374703   0.0000123143
       -0.0000276005  -0.0000745312   0.0000021273   0.0000407829   0.0000349138
        0.0000017423  -0.0000352560   0.0000041523  -0.0000153397   0.0000133961
       -0.0000089735   0.0000080865  -0.0000159246  -0.0000010767  -0.0000039553
        0.0000088166  -0.0000065845  -0.0000031532   0.0000098670  -0.0000045307
        0.0000031616   0.0000068831  -0.0000096093  -0.0000001806  -0.0000002326
       -0.0000019324  -0.0000042708   0.0000081904   0.0000023368  -0.0000304979
        0.0000424965   0.0000338195  -0.0000253436   0.0000804452  -0.0000104066
       -0.0001152726  -0.0001328737  -0.0000669239   0.0000346158   0.0000058432
        0.0000066030   0.0000185363   0.0000772474  -0.0000091364  -0.0007548270
       -0.0010141273  -0.0000237971  -0.0002358648  -0.0000547329   0.0000275791
        0.0001214144  -0.0000239073  -0.0000193864  -0.0000417772  -0.0000329540
       -0.0000716314   0.0000513301   0.0001788234   0.0002019428   0.0000391353
       -0.0001308412  -0.0001932870  -0.0000264776   0.0000109258  -0.0000418111
        0.0000123334   0.0000093390  -0.0000179624  -0.0000050452  -0.0000005351
       -0.0000034047   0.0000680921   0.0001119413  -0.0000663274  -0.0000126862
        0.0000126790   0.0000056479   0.0000063226   0.0000036289  -0.0000018256
        0.0000094678   0.0000067235  -0.0000064104  -0.0000002285  -0.0000025805
        0.0000022660
        0.0035182692  -0.0052112374  -0.0013258675   0.0119647684   0.0217784643
        0.0245741249  -0.0241899017  -0.0114723086  -0.0114929151   0.0354309766
       -0.0264006537  -0.0395839221  -0.0689391574  -0.1283046366  -0.1813593125
       -0.0658871230   0.2602546093   0.4400596900   0.0209962517  -0.0244475084
       -0.0791075513  -0.0056308444  -0.0032587266  -0.0007385960   0.0008558817
        0.0011561343  -0.0010232425   0.0005243824   0.0004159316  -0.0002463861
       -0.0003066575  -0.0002230380  -0.0002951036   0.0001706906   0.0000374139
        0.0002197033   0.0000186706  -0.0000931753  -0.0000116384  -0.0000086671
       -0.0000020730  -0.0000120476   0.0000129330  -0.0000151556  -0.0000000342
       -0.0003251560  -0.0001338030   0.0002401943   0.0002183301  -0.0000383478
       -0.0000219898   0.0003530469  -0.0000942746   0.0003858983  -0.0005085718
       -0.0002825982  -0.0003155202  -0.0002168246   0.0002136089  -0.0000883191
        0.0028721441  -0.0045879466   0.0001141041   0.1093322827  -0.0753599300
       -0.1481423822  -0.0209407779  -0.0055139225  -0.0018609163   0.0008156928
        0.0004969508   0.0003146216  -0.0004747811  -0.0001684555   0.0001360479
        0.0000214013  -0.0001852994  -0.0000017642  -0.0002002066   0.0005041373
        0.0000011952   0.0000137854  -0.0000244350   0.0000173342   0.0000033038
       -0.0000454490  -0.0000426116  -0.0000128807   0.0000495014   0.0000040369
       -0.0000093680  -0.0000183474   0.0000126665  -0.0000301133   0.0000236162
       -0.0000063884  -0.0000066755   0.0000400834  -0.0000430457   0.0000061675
       -0.0000017708   0.0000008196  -0.0000099784   0.0000085736  -0.0000017743
       -0.0000016522   0.0000011078  -0.0000101965  -0.0000008484   0.0000009392
        0.0000021495  -0.0000109291   0.0000004723  -0.0000073628  -0.0000570123
        0.0000362461   0.0000391627  -0.0000675182   0.0000708305  -0.0000161242
       -0.0000477993  -0.0001522847  -0.0000869962   0.0000221909   0.0000109430
        0.0000140084  -0.0000079544   0.0000983692   0.0000004739   0.0006080108
        0.0009303075  -0.0002558594  -0.0002295025  -0.0002281154  -0.0001217392
        0.0002246824   0.0000473925  -0.0000346976  -0.0000338140  -0.0000067460
       -0.0001046421   0.0001811148  -0.0003470416   0.0003215841  -0.0000875484
        0.0002179215  -0.0000838857  -0.0000138238  -0.0000342390   0.0000453992
        0.0000051654   0.0000007066  -0.0000150453  -0.0000075648  -0.0000022930
       -0.0000062514   0.0000999215   0.0002246945  -0.0000467839  -0.0000406863
        0.0000132737   0.0000161520   0.0000174655   0.0000173849   0.0000006390
        0.0000145699   0.0000100488  -0.0000129254   0.0000022387  -0.0000058507
        0.0000038327
       -0.0456603870   0.0172532786   0.0232333741  -0.1740736622   0.0307690938
        0.0600362021   0.0486299352   0.0326210114   0.0284771582  -0.0542064460
        0.0078202072   0.0219518425  -0.0127903657  -0.0569246541  -0.0693696348
       -0.3233826542  -0.0393346407   0.0209962517   0.6562648600   0.0702175020
       -0.0301998902   0.0010533251  -0.0011383339  -0.0001002534  -0.0016138171
       -0.0006969320  -0.0001521524  -0.0010523920  -0.0021452977   0.0009763391
        0.0009620420   0.0007140886   0.0008059346  -0.0004518776  -0.0003763248
       -0.0005542920   0.0000667339   0.0002776091  -0.0000003014   0.0000449011
       -0.0000284243   0.0000322451  -0.0000325246   0.0000440422  -0.0000306614
        0.0004755023   0.0006817729  -0.0004719144  -0.0011056060   0.0000081533
        0.0001249803  -0.0035531054  -0.0022455616  -0.0000394135   0.0025000919
        0.0007907417   0.0019700131  -0.0000471796  -0.0021305909  -0.0009217604
        0.0000263588  -0.0001996093   0.0004644730  -0.0210764611  -0.0035996902
        0.0001177285  -0.0715068627  -0.0522595083  -0.0584962270   0.0000157398
        0.0001784008   0.0000118294  -0.0004013703  -0.0003716073   0.0000845793
        0.0000111975   0.0002850266  -0.0000227868  -0.0003545253  -0.0002509546
        0.0001521931  -0.0000687268   0.0000399624  -0.0000480553   0.0000011700
        0.0002067939   0.0000800762   0.0000352238   0.0001079388  -0.0001701735
        0.0000145552   0.0000308966  -0.0000098567   0.0000635143  -0.0000115534
        0.0000571739   0.0000149218  -0.0000102976   0.0000208995  -0.0000106113
       -0.0000015014   0.0000065285   0.0000183810  -0.0000173020   0.0000045557
        0.0000179344   0.0000064430   0.0000145201   0.0000016731   0.0000031138
        0.0000102507   0.0000234395  -0.0000011714   0.0000054573   0.0002705406
       -0.0001049917  -0.0002175191   0.0003461352  -0.0002001115   0.0000640188
        0.0003076161   0.0006384860   0.0005768017  -0.0001104691  -0.0000248182
       -0.0000796588  -0.0000247738  -0.0003700157  -0.0001993512   0.0005048292
        0.0000544960   0.0005239326   0.0004771853   0.0001481918   0.0001115368
       -0.0002963437  -0.0000764452   0.0000649938   0.0000549189   0.0000257486
        0.0001414895  -0.0004414814   0.0002536472  -0.0004167841   0.0002420202
       -0.0002043991   0.0001471568   0.0000238428  -0.0000081919   0.0000511365
       -0.0000014731  -0.0000020698   0.0000146164   0.0000044859  -0.0000027680
        0.0000191675  -0.0002313247  -0.0003905194   0.0001383884   0.0000734405
       -0.0000160022  -0.0000040887  -0.0000270744  -0.0000284618  -0.0000001134
       -0.0000281255  -0.0000169269   0.0000226429   0.0000031251   0.0000130302
       -0.0000055992
        0.0032294175   0.0038351557   0.0043100319   0.0718243799  -0.1088470003
       -0.0901979976   0.0051967871  -0.0152496581  -0.0221395466   0.0041667021
       -0.0010267637   0.0029813294  -0.0223252651  -0.0087031938  -0.0065233474
       -0.0843230690  -0.0767717725  -0.0244475084   0.0702175020   0.3369708865
        0.2721339967  -0.0019584797   0.0015834870  -0.0053307167   0.0009061707
        0.0004641137   0.0000003117   0.0002388657   0.0003641477  -0.0001901067
       -0.0000945008  -0.0003460144  -0.0000813545   0.0000687136   0.0000756392
        0.0000955864  -0.0000150818  -0.0000315785  -0.0000040116   0.0000057105
        0.0000246934  -0.0000144742   0.0000070362  -0.0000077561   0.0000051371
       -0.0001102171  -0.0000903758   0.0000767206   0.0001387961  -0.0000009911
       -0.0000431102  -0.0018851605   0.0019078730  -0.0008410285  -0.0002687866
        0.0006848959   0.0003895299  -0.0015971272   0.0020609014  -0.0055706939
        0.0000287645  -0.0000433325   0.0004451706   0.0111717447   0.0035265406
       -0.0000341086  -0.0533046969  -0.1397064488  -0.1250956462  -0.0000798031
        0.0000057724   0.0001083288  -0.0011480580  -0.0005609947  -0.0001189312
        0.0000056530  -0.0000137342   0.0000094543  -0.0000316318  -0.0000712709
        0.0000402197   0.0000172042  -0.0000128067  -0.0000011025   0.0000047411
       -0.0000270740  -0.0000232868   0.0000472045  -0.0001708967   0.0001056841
        0.0000008891  -0.0000125846   0.0000023425  -0.0000084994   0.0000054493
        0.0000035054   0.0000053476   0.0000055972  -0.0000104794   0.0000040825
       -0.0000041897   0.0000007991  -0.0000042426  -0.0000016008   0.0000021635
       -0.0000046458  -0.0000047709   0.0000015965  -0.0000013056  -0.0000001520
       -0.0000011137  -0.0000040962  -0.0000035062  -0.0000034347  -0.0000398044
       -0.0000000792   0.0000377782  -0.0000692479   0.0000236537   0.0000040562
        0.0000386960  -0.0000707519  -0.0000757153  -0.0000012870   0.0000031477
        0.0000208226  -0.0000240100   0.0000508006   0.0000272011  -0.0000971101
        0.0000449954  -0.0000707975  -0.0001397081   0.0001024726  -0.0001107365
        0.0000293289  -0.0000126202   0.0000461288  -0.0000118666  -0.0000007715
       -0.0000334189   0.0001756570  -0.0002481835   0.0001358799  -0.0000848021
        0.0001669118   0.0000247696   0.0000087807  -0.0000053167  -0.0000051977
        0.0000005843   0.0000019606  -0.0000011558  -0.0000014814   0.0000025140
       -0.0000073198   0.0000932048   0.0001146884  -0.0000254909  -0.0000115030
        0.0000108528  -0.0000045109   0.0000075044   0.0000082491   0.0000013121
        0.0000060915   0.0000039092  -0.0000049819  -0.0000000728  -0.0000031188
        0.0000014683
        0.0096309049  -0.0013323454   0.0057640315   0.1135611825  -0.0791491008
       -0.1704102995  -0.0057242809  -0.0291425308  -0.0333378599   0.0183006844
        0.0013133307  -0.0064532096  -0.0236687837   0.0029162488   0.0130488095
       -0.0403326240  -0.0368697224  -0.0791075513  -0.0301998902   0.2721339967
        0.4430272451  -0.0001340699  -0.0046075237   0.0001210493  -0.0005812731
       -0.0003128613  -0.0002366508   0.0006926499   0.0008835445  -0.0003672733
       -0.0003758627  -0.0000592545  -0.0003882405   0.0000616655   0.0000031290
        0.0001028072   0.0000038292  -0.0000734759  -0.0000030492  -0.0000040006
       -0.0000072807  -0.0000110295   0.0000051975  -0.0000106822  -0.0000000740
       -0.0004546899  -0.0002699147   0.0003376990   0.0002947502  -0.0000755991
       -0.0000663847  -0.0008088911   0.0001900697   0.0006997253  -0.0014172007
        0.0013184034  -0.0006093091  -0.0006535884  -0.0053182637  -0.0004260282
       -0.0000390938   0.0004049099   0.0001009365   0.0194299193   0.0040268079
        0.0009673987  -0.0574957354  -0.1255808828  -0.1728541711   0.0003750244
        0.0000230815  -0.0001065178  -0.0000972464  -0.0000467365  -0.0000000805
       -0.0000156050  -0.0000464361   0.0000100141  -0.0000862389  -0.0002150760
        0.0000774513  -0.0000158602  -0.0000147019  -0.0000074724  -0.0000565965
       -0.0001059497  -0.0000851930   0.0000306656  -0.0002264236   0.0001167542
       -0.0000187848   0.0000449134   0.0000124872  -0.0000082743   0.0000129714
       -0.0000007763   0.0000026652   0.0000157893  -0.0000199830   0.0000084300
       -0.0000034827   0.0000026633  -0.0000111432   0.0000085268   0.0000014364
       -0.0000020917   0.0000026795   0.0000000936   0.0000002151   0.0000000849
        0.0000038168  -0.0000061691  -0.0000069869  -0.0000059210  -0.0000835116
        0.0000502920   0.0000632211  -0.0001063330   0.0001120286  -0.0000234209
       -0.0000563090  -0.0001988153  -0.0000988983   0.0000240153   0.0000251081
        0.0000122482  -0.0000018072   0.0001356927  -0.0000105546   0.0000181322
        0.0003499555  -0.0001431122  -0.0001590631  -0.0002182899   0.0001065480
        0.0001206782   0.0000358316   0.0000061519  -0.0000124731  -0.0000041841
       -0.0000114654   0.0001356944  -0.0003875560   0.0001304670  -0.0000545150
        0.0002697491   0.0000378483  -0.0000080773  -0.0000291372   0.0000464941
       -0.0000008573  -0.0000062026   0.0000034615  -0.0000043860   0.0000020565
       -0.0000043868   0.0000125662   0.0000508297  -0.0000064206  -0.0000283919
       -0.0000203372  -0.0000027685   0.0000046436   0.0000082928   0.0000023783
        0.0000071064   0.0000045407  -0.0000068076   0.0000030992  -0.0000031112
        0.0000016720
       -0.0000700348   0.0001275862  -0.0001273167  -0.0003975312  -0.0001599363
       -0.0002498765  -0.0001625832   0.0006525899   0.0034426675  -0.0274199885
       -0.0034859972   0.0052795068  -0.1977099730  -0.0467494461   0.0029622508
       -0.0146447764  -0.0082643837  -0.0056308444   0.0010533251  -0.0019584797
       -0.0001340699   0.5094300918  -0.0331721401   0.0114324667  -0.0607199566
        0.0079291692  -0.0017750352   0.0000425245  -0.0000451800  -0.0000090968
        0.0000118402   0.0000059433   0.0000171925  -0.0000029659  -0.0000096872
       -0.0000130827  -0.0000140771   0.0000225932  -0.0000011621   0.0000025973
       -0.0000173564   0.0000030227  -0.0000106129   0.0000022543   0.0000002613
       -0.0000556564   0.0000171652   0.0000199731  -0.0000042822  -0.0000048866
       -0.0000020690   0.0000090391   0.0000282393  -0.0000086208  -0.0000026902
        0.0000193052  -0.0000178946  -0.0007285135  -0.0001953908  -0.0000684361
        0.0008821948  -0.0001590619  -0.0011449530   0.0008792062   0.0011000548
        0.0004321316  -0.0003278559  -0.0001056884   0.0000748532  -0.1350008409
        0.1012804761   0.0613336649  -0.0692110127  -0.0130026768  -0.0731749005
        0.0004310659   0.0146493939  -0.0080617484   0.0003107708  -0.0003717575
        0.0005659541  -0.0004729502   0.0001496716  -0.0000823597   0.0000004094
        0.0000037698  -0.0000043839   0.0000031315  -0.0000012685  -0.0000031164
        0.0000030078  -0.0000015723   0.0000016931   0.0000058704  -0.0000058430
       -0.0000019892   0.0000799308  -0.0000578299   0.0000183707   0.0000039623
        0.0000011395  -0.0000014206   0.0000007286   0.0000034957   0.0000018612
        0.0000009826   0.0000057142   0.0000035278   0.0000020372  -0.0000015741
        0.0000009333   0.0000083845  -0.0000148486   0.0000035455   0.0000049146
        0.0000013717   0.0000014550   0.0000023074   0.0000013955  -0.0000019095
       -0.0000274735  -0.0000022115   0.0000047127   0.0000055822  -0.0000011719
       -0.0000035088   0.0000127683  -0.0000019569  -0.0000016246   0.0004410649
        0.0091482846  -0.0071830932  -0.0012539107  -0.0216350322   0.0124047175
        0.0001141373  -0.0007333808   0.0003407828  -0.0003167875   0.0001554396
       -0.0001304049  -0.0001861115  -0.0002145455  -0.0013577687   0.0001372408
        0.0000159091  -0.0003420300   0.0000104993   0.0000023686  -0.0000000371
        0.0000075399   0.0000092999   0.0000514127  -0.0000415068  -0.0000217088
       -0.0000728275  -0.0048604105  -0.0036954723   0.0010262037  -0.0000317299
       -0.0010451876   0.0001162435  -0.0001994670  -0.0001604949   0.0000249586
       -0.0000790714  -0.0000583833   0.0000455287   0.0000556149   0.0000219203
       -0.0000043112
       -0.0002644309  -0.0005407178   0.0004789330   0.0002094817  -0.0001401445
       -0.0002122675   0.0013156158   0.0029868056  -0.0040166692   0.0082475090
        0.0041596665   0.0014370913  -0.0400946096  -0.0736927397  -0.0068604499
       -0.0193467192  -0.0075267891  -0.0032587266  -0.0011383339   0.0015834870
       -0.0046075237  -0.0331721401   0.4631656165   0.0636145858   0.0009980606
       -0.1543510189   0.0478580158   0.0001245518  -0.0000335174  -0.0000426217
       -0.0000238724  -0.0000197256  -0.0000227432   0.0000043486  -0.0000035353
        0.0000189924   0.0000385503  -0.0000293623  -0.0000161218   0.0000002066
        0.0000150413  -0.0000100099   0.0000128655  -0.0000094278  -0.0000019065
       -0.0001014652   0.0000036816   0.0000775375  -0.0000131766  -0.0000138009
        0.0000139953  -0.0000575132  -0.0000339041   0.0000461837  -0.0000178879
       -0.0000844123   0.0000091951   0.0005108560   0.0001698067  -0.0000924014
        0.0008613530  -0.0011276969   0.0014478321  -0.0001274832  -0.0009396656
        0.0017382523  -0.0008072145   0.0000279173  -0.0002433410   0.1022589367
       -0.1523710476  -0.0721888775  -0.0139796432  -0.0517579331  -0.0474240167
        0.0005759747  -0.0200644091   0.0108425387  -0.0000472355   0.0010731948
       -0.0009739354  -0.0001518687   0.0000370604  -0.0000256628  -0.0000029733
        0.0000029741  -0.0000016328  -0.0000032619   0.0000049123   0.0000015763
       -0.0000076696   0.0000065272  -0.0000012467  -0.0000086660   0.0000097660
        0.0000081166  -0.0001018684   0.0000600985  -0.0000280790   0.0000090046
       -0.0000045074   0.0000009888  -0.0000096486   0.0000030972   0.0000009584
       -0.0000034424   0.0000023620  -0.0000001435  -0.0000021874   0.0000023785
        0.0000040546  -0.0000149053   0.0000036221  -0.0000120828   0.0000011843
        0.0000037234  -0.0000082052   0.0000079727   0.0000103823  -0.0000097909
        0.0000287838  -0.0000096471   0.0000383674  -0.0000027496   0.0000043889
       -0.0000082679  -0.0000061826   0.0000092139  -0.0000372853   0.0021938141
        0.0037576139   0.0048482938  -0.0062792671  -0.0121299030   0.0067598774
        0.0018728433  -0.0005237513   0.0001610340  -0.0002299997  -0.0000468541
       -0.0001420398  -0.0005805883  -0.0005376103  -0.0000644406   0.0000008434
        0.0004886049   0.0002095968  -0.0000213417  -0.0000155103  -0.0000299361
        0.0000080191   0.0000096476  -0.0000082716  -0.0000111579  -0.0000008176
       -0.0000313033  -0.0025094850  -0.0010437865   0.0006148665  -0.0000955695
       -0.0004949047   0.0001229509  -0.0000585711  -0.0000331743   0.0000229249
       -0.0000200610  -0.0000187619  -0.0000028382   0.0000324151  -0.0000025136
        0.0000060794
        0.0000866807   0.0005582705  -0.0002755087  -0.0002796596   0.0000284156
        0.0001052080   0.0022936732  -0.0039130881   0.0000420074   0.0188341282
        0.0050061997  -0.0005885011   0.0001304356  -0.0073359408  -0.0636572900
       -0.0203120093  -0.0076053839  -0.0007385960  -0.0001002534  -0.0053307167
        0.0001210493   0.0114324667   0.0636145858   0.5287128239   0.0043052590
        0.0489576466  -0.0886534242  -0.0000648995  -0.0000077604  -0.0000272951
        0.0000479729   0.0000169271   0.0000251843  -0.0000224490  -0.0000262019
       -0.0000336213  -0.0000229789   0.0000297506   0.0000103109   0.0000037233
        0.0000090185  -0.0000208899  -0.0000174746   0.0000066961   0.0000049422
        0.0000407537   0.0000002556   0.0000021480   0.0000156670   0.0000141402
        0.0000077791  -0.0000041599   0.0000211034  -0.0000660054   0.0000693587
        0.0000644462  -0.0000072612   0.0008490128  -0.0000284123   0.0001790267
        0.0002088259   0.0016736223  -0.0002473352  -0.0010190890   0.0016031519
       -0.0004309669  -0.0008523526  -0.0002930263  -0.0000991890   0.0632009885
       -0.0717754438  -0.0894959433  -0.0751227651  -0.0485138952  -0.2568036364
       -0.0004049479  -0.0077034801   0.0054174397  -0.0001048966   0.0010753958
        0.0015276538  -0.0001187760   0.0000242349  -0.0000982844   0.0000002076
        0.0000083347   0.0000083904  -0.0000031220   0.0000022182   0.0000029821
        0.0000030424   0.0000093934   0.0000008982   0.0000048408  -0.0000005692
        0.0000066147   0.0000120699  -0.0000011220  -0.0000240334   0.0000131823
       -0.0000082495   0.0000077090   0.0000064118  -0.0000066926   0.0000042788
        0.0000005007  -0.0000055492   0.0000009486   0.0000025084   0.0000013724
        0.0000016777   0.0000094675  -0.0000078968  -0.0000132571  -0.0000105261
       -0.0000076441  -0.0000014385  -0.0000074633  -0.0000066364  -0.0000045723
        0.0000539890   0.0000023995  -0.0000056033  -0.0000078698  -0.0000009186
        0.0000030396  -0.0000195326   0.0000006020  -0.0000087950  -0.0059901091
        0.0257670248  -0.0304012265   0.0034612549   0.0054221659  -0.0014511728
       -0.0012406445  -0.0001664746  -0.0003414672  -0.0010883956   0.0002071605
       -0.0002839190   0.0012595878  -0.0021188157  -0.0037009326   0.0002178587
        0.0007694241   0.0011199879  -0.0000561971  -0.0000445881  -0.0000840457
        0.0000309347   0.0000491135   0.0001228884  -0.0001075761  -0.0000529951
       -0.0001648423   0.0003861808  -0.0000882472   0.0002757057   0.0000374150
        0.0001171372   0.0000071675  -0.0000041749  -0.0000121598  -0.0000093172
       -0.0000280685  -0.0000118889   0.0000238741  -0.0000080073   0.0000135904
       -0.0000033651
       -0.0012878341   0.0001607766  -0.0003609248   0.0014281397  -0.0001364083
       -0.0000667218  -0.0005886710   0.0006960807  -0.0008603493  -0.0004482192
       -0.0011368692   0.0000133646  -0.0074017166  -0.0260134484   0.0141590936
        0.0002097286   0.0004122475   0.0008558817  -0.0016138171   0.0009061707
       -0.0005812731  -0.0607199566   0.0009980606   0.0043052590   0.4570996677
       -0.0553732795  -0.0169209947   0.0000942381  -0.0004755241   0.0000758215
        0.0000999321   0.0001700633   0.0000999505  -0.0001637758  -0.0001896284
       -0.0000914381   0.0000895594   0.0000461364  -0.0000181193  -0.0000261541
       -0.0000163786   0.0000244865  -0.0000182454   0.0000252581  -0.0000068138
       -0.0001867070   0.0001598678   0.0000494012  -0.0001364670  -0.0000095405
        0.0000042667   0.0000833664  -0.0001141753   0.0000296838   0.0000410917
       -0.0000763956   0.0000941826  -0.0000247961   0.0000255272  -0.0000040291
        0.0001259305  -0.0003426033   0.0003190381   0.0001493278  -0.0003904270
        0.0002523504  -0.0000745337   0.0000142427  -0.0000718568   0.0003787524
        0.0156413010  -0.0092700839   0.0002975796   0.0066761117  -0.0045930972
       -0.1312167448   0.0981699732   0.0569034707  -0.0005780988   0.0000333891
        0.0061903716   0.0008313829   0.0010719293  -0.0001442405   0.0000123969
        0.0000367763  -0.0000018992   0.0000171255  -0.0000138296  -0.0000033744
        0.0000188149   0.0000046617  -0.0000057667   0.0000146153  -0.0000063943
        0.0000140405  -0.0005428781   0.0001690336  -0.0000171624  -0.0000093071
        0.0000123351  -0.0000008621   0.0000191559  -0.0000016534  -0.0000045083
        0.0000129030   0.0000034040   0.0000047311   0.0000033426  -0.0000016362
       -0.0000018062   0.0000133477   0.0000300327  -0.0000053742   0.0000528242
       -0.0000013157  -0.0000160582   0.0000556379  -0.0000077088   0.0000084089
       -0.0000833108   0.0000742508   0.0000589337   0.0000111838  -0.0000109553
       -0.0000106979   0.0000372297  -0.0000471247  -0.0000150112  -0.0604127856
        0.0016283341  -0.0400717669  -0.1260927059  -0.0268220226   0.0147270443
       -0.0523248655   0.0003935292  -0.0098704664   0.0025786383   0.0030034907
       -0.0027225277  -0.0095144232  -0.0023337959  -0.0170019255  -0.0014181530
       -0.0001491415   0.0012765021   0.0002606134   0.0002780304   0.0005667591
       -0.0000891345  -0.0002995404  -0.0006563389  -0.0000752457  -0.0001183124
       -0.0006355081  -0.0103479582  -0.0172010915   0.0047805930   0.0015728398
        0.0000667161  -0.0006177029  -0.0002951914  -0.0001268294   0.0000390757
       -0.0000513446  -0.0000192467   0.0000218067   0.0001336751   0.0005275459
       -0.0002258181
        0.0000284089  -0.0001885467   0.0000989773   0.0000632635   0.0001365443
        0.0001000096  -0.0006531139  -0.0000390054  -0.0006084544   0.0019498787
       -0.0004781134  -0.0008187382  -0.0160694263  -0.0157347272   0.0073332898
        0.0005226168   0.0006499921   0.0011561343  -0.0006969320   0.0004641137
       -0.0003128613   0.0079291692  -0.1543510189   0.0489576466  -0.0553732795
        0.5169368401   0.0088697016   0.0001955096   0.0002639505  -0.0000332311
       -0.0001719888  -0.0001930448  -0.0001276281   0.0002106028   0.0002434428
        0.0001451872  -0.0000789668  -0.0001196498  -0.0000158506   0.0000225034
       -0.0000035063   0.0000205826   0.0000600761  -0.0000499085   0.0000015369
       -0.0000792517  -0.0000790953   0.0000430941   0.0000143848  -0.0000351106
        0.0000119736  -0.0000062342   0.0000017808  -0.0000009256  -0.0000077858
       -0.0000042146   0.0000185898   0.0000807903   0.0000155917  -0.0000105528
        0.0000944549  -0.0001221056   0.0000603827   0.0001451648  -0.0000973267
        0.0001757253   0.0000581937   0.0000363047   0.0000028289   0.0020545224
       -0.0238380099   0.0122853878   0.0006643833   0.0032467836  -0.0013060781
        0.1028577868  -0.1530864278  -0.0623625470  -0.0095626946  -0.0034428212
       -0.0212480372  -0.0010816781   0.0001311798  -0.0004160365  -0.0000130585
       -0.0000310622  -0.0000151228  -0.0000024524   0.0000074366  -0.0000072658
       -0.0000413771  -0.0000208448  -0.0000034343  -0.0000179245   0.0000140571
       -0.0000180709   0.0003990649   0.0000200028   0.0000603405  -0.0000100462
       -0.0000025319  -0.0000107655  -0.0000449167   0.0000251725  -0.0000045809
       -0.0000160012   0.0000233589  -0.0000108325  -0.0000085592  -0.0000019325
       -0.0000006616  -0.0000307692  -0.0000634446   0.0000379345  -0.0000065551
        0.0000163027  -0.0000045987   0.0000032805   0.0000279021  -0.0000109808
        0.0000210517  -0.0000621607   0.0000341312   0.0000048880   0.0000168993
       -0.0000120562   0.0000028018   0.0000355716  -0.0000391812   0.0004148827
       -0.0832767617  -0.0314969340  -0.0300673282  -0.0758771597   0.0017006930
        0.0204336351   0.0097908627   0.0053384236   0.0032307973  -0.0008396702
        0.0007880662   0.0037679882   0.0052482370   0.0170245277  -0.0005689225
        0.0004510990   0.0021547943   0.0000906380   0.0000900502   0.0002067533
       -0.0000962057  -0.0001374687  -0.0004076754   0.0002981900   0.0001871555
        0.0005166969  -0.0301807690  -0.0229446201   0.0088992334  -0.0002604844
       -0.0026202139   0.0031237662  -0.0000998083  -0.0001022764   0.0000986440
       -0.0006605503  -0.0004005204   0.0000517229   0.0002881519   0.0001626687
       -0.0000136745
       -0.0005308627   0.0001677352  -0.0002947112   0.0004974211   0.0000203786
        0.0001436574   0.0002632062  -0.0000075597   0.0001198751  -0.0003711849
        0.0003874312   0.0004419314   0.0094100456   0.0055502817  -0.0004679889
       -0.0008100945   0.0000173909  -0.0010232425  -0.0001521524   0.0000003117
       -0.0002366508  -0.0017750352   0.0478580158  -0.0886534242  -0.0169209947
        0.0088697016   0.4345324894  -0.0000151611  -0.0003082001   0.0001530249
       -0.0000737541   0.0000785199   0.0000505887   0.0000451078   0.0000340697
        0.0000325753  -0.0000813430   0.0000315499   0.0000536393   0.0000087845
       -0.0000437257   0.0001152165   0.0000274272   0.0000156746   0.0000093505
       -0.0000314132   0.0001203791  -0.0000840285  -0.0000705783   0.0000160032
       -0.0000422310   0.0000514269  -0.0000504875   0.0000319039   0.0000100826
       -0.0000349481   0.0000439494  -0.0000570785  -0.0000134070  -0.0000100635
        0.0000254307   0.0000205615  -0.0001417037   0.0001811144  -0.0001590160
       -0.0001198803  -0.0000978983  -0.0000767812  -0.0000398404  -0.0011478252
       -0.0087177478   0.0056766459  -0.0010019641   0.0231523399  -0.0173604784
        0.0640031730  -0.0644564627  -0.0781753313  -0.0019708733  -0.0004101171
       -0.0099587150   0.0016750279  -0.0005314033  -0.0002009239   0.0000175119
        0.0000029574  -0.0000200144   0.0000501673  -0.0000456184  -0.0000305908
        0.0000067180  -0.0000363046  -0.0000190889   0.0000136980  -0.0000113019
       -0.0000625075   0.0002067000  -0.0000865236   0.0001920784  -0.0000967651
        0.0000438552  -0.0000487249   0.0000065451   0.0000010086  -0.0000155711
        0.0000020056   0.0000176543   0.0000004232  -0.0000042740  -0.0000198721
       -0.0000529270  -0.0000179975   0.0000583751   0.0001208791   0.0000338690
       -0.0000061071   0.0000129909   0.0000205867  -0.0000231775   0.0000331146
       -0.0000907014   0.0000511230  -0.0000558684   0.0000211683  -0.0000099348
        0.0000201484   0.0000329633  -0.0000402034   0.0000714407  -0.0528295751
       -0.0383145041  -0.1784227468   0.0148944541   0.0035295005  -0.0609275715
       -0.0117452880   0.0024858276   0.0122054933  -0.0017502206   0.0012191953
        0.0012093634  -0.0138051493   0.0092512180  -0.0237999785   0.0021739489
       -0.0045761937  -0.0002045539  -0.0000968645  -0.0001755972  -0.0002025952
        0.0000959182   0.0000742383   0.0002582304  -0.0001960053  -0.0002471735
       -0.0003944046   0.0114963928   0.0108528484   0.0013816797   0.0001168348
        0.0041353080   0.0042154821   0.0012115838   0.0006563025  -0.0001649712
       -0.0007376646  -0.0003462272   0.0000591982  -0.0001205945   0.0000288392
        0.0000459583
       -0.0062906505  -0.0032225965   0.0002837604   0.0020664010   0.0013958780
       -0.0004473380   0.0009638145  -0.0015820503   0.0000189170  -0.0005463355
       -0.0001609630   0.0001014955  -0.0001807019  -0.0006877258  -0.0003988750
        0.0006704619   0.0006493484   0.0005243824  -0.0010523920   0.0002388657
        0.0006926499   0.0000425245   0.0001245518  -0.0000648995   0.0000942381
        0.0001955096  -0.0000151611   0.7146755239   0.0243834607  -0.2162212940
       -0.1668360333  -0.0421137882   0.0046590939  -0.0112673322  -0.0326284848
       -0.0321524652   0.0060657294   0.0058899163   0.0027875661   0.0005547259
       -0.0035377158   0.0015367061  -0.0002282801   0.0007569820  -0.0006191891
       -0.4744675910   0.0718177778   0.2340424562  -0.0008643230   0.0062947076
       -0.0034220947   0.0033295190  -0.0023012537   0.0007431915   0.0018163746
       -0.0012953059   0.0014305735   0.0002992008   0.0002250815  -0.0001916872
        0.0000118963   0.0000803051  -0.0000124396   0.0001099105  -0.0000438836
       -0.0001265857  -0.0000309059  -0.0001129230  -0.0001148942   0.0000588509
       -0.0000597063  -0.0000244214   0.0000261920   0.0000227845   0.0000520568
       -0.0000144486  -0.0000439341  -0.0000880115  -0.0001785595  -0.0000160640
        0.0001486207  -0.0002257524  -0.0000147059   0.0000664855  -0.0517201164
       -0.0101211533  -0.0057491039  -0.0162351973  -0.0091133554  -0.0027403267
        0.0001886794   0.0024505595   0.0004992407   0.0012991399  -0.0003439495
        0.0007024087   0.0001506316  -0.0001275379   0.0006182504  -0.0000818965
        0.0003376631  -0.0002920754  -0.0002688689   0.0003731867  -0.0000361556
        0.0004209103   0.0004631368   0.0001040349   0.0000396236  -0.0000048740
        0.0001738141   0.0000509038  -0.0000087754   0.0000803049   0.0004458383
       -0.0015856867   0.0016144289  -0.0030429048  -0.0075809174   0.0040451167
       -0.0053192390   0.0017251909  -0.0103206992   0.0007265258   0.0005533532
        0.0015382077   0.0039581418  -0.0014117322   0.0169556285   0.0005468971
       -0.0001542960  -0.0001043161  -0.0013571947  -0.0002466113  -0.0000219294
        0.0009243072  -0.0001424991   0.0001079227  -0.0000797218  -0.0002040314
       -0.0002510376  -0.0007029495   0.0013874089   0.0012685328   0.0012378373
       -0.0007994285  -0.0012978148  -0.0000348932   0.0000471310   0.0000403520
        0.0000507912  -0.0000198119  -0.0000342817  -0.0000206844   0.0000196761
        0.0000438044   0.0003645326   0.0002691704  -0.0001286096  -0.0002537413
       -0.0000883064   0.0000397263   0.0000362202   0.0000494139  -0.0000005275
        0.0000519851   0.0000368207  -0.0000499188   0.0000223852  -0.0000138132
        0.0000064234
       -0.0116658794   0.0093336088  -0.0084162147   0.0108055874   0.0019053499
        0.0012821035  -0.0016912288  -0.0009748764  -0.0010440598   0.0006897329
       -0.0004025768   0.0000634557  -0.0002557050   0.0003385262  -0.0001057458
        0.0008538011   0.0000505735   0.0004159316  -0.0021452977   0.0003641477
        0.0008835445  -0.0000451800  -0.0000335174  -0.0000077604  -0.0004755241
        0.0002639505  -0.0003082001   0.0243834607   0.3392343475   0.2139748123
       -0.0710809574  -0.1028299796  -0.0185401827  -0.0248142232  -0.0271918391
       -0.0168266431   0.0002530755   0.0073728939  -0.0081515509   0.0017284429
       -0.0004523445   0.0013583968  -0.0002032385   0.0008674951  -0.0006015016
        0.0746910624  -0.0875688675  -0.0671310657   0.0016384979  -0.0015423327
       -0.0001914622  -0.0007214692  -0.0000412707   0.0015226106  -0.0004925373
       -0.0007246737   0.0001302968  -0.0000701086   0.0000405657  -0.0002542254
       -0.0001995227  -0.0001394770  -0.0002229769  -0.0002211086   0.0000153012
        0.0001181031  -0.0000438355   0.0000174476  -0.0001337693  -0.0000624517
       -0.0000430481   0.0000235286  -0.0001224503  -0.0000716353  -0.0000201483
       -0.0000607611  -0.0000081144  -0.0000654743   0.0001259972   0.0002184453
       -0.0001149949  -0.0002095873   0.0001033946   0.0000231983  -0.0087849931
       -0.1398614312  -0.1010935785   0.0081711073   0.0032105098   0.0005658133
        0.0008563283  -0.0023484964   0.0033091528  -0.0010274610  -0.0012060171
       -0.0002950231   0.0000800212  -0.0001796088   0.0003721808  -0.0000795893
        0.0001385669   0.0000155184   0.0000582871  -0.0000242317   0.0000152718
        0.0003671694   0.0003404295   0.0000979298   0.0000237265   0.0000125920
        0.0001243392   0.0001199624   0.0000268109   0.0000835910  -0.0004461463
        0.0005766170   0.0002917166  -0.0012310537   0.0020557861   0.0001203760
        0.0001675974  -0.0023177042   0.0003489252   0.0001674451   0.0003726454
       -0.0002983994   0.0003753055   0.0016699810  -0.0014251076   0.0006604869
       -0.0012381481   0.0007412378  -0.0000096009   0.0007691453  -0.0001943313
        0.0001262023  -0.0004738145   0.0001749373   0.0000523419  -0.0001069224
       -0.0000445508  -0.0014924991   0.0030437282   0.0001143827   0.0013878968
       -0.0020119818  -0.0009635249  -0.0000571145   0.0000431122   0.0000434149
        0.0000423934  -0.0000014718  -0.0000223467  -0.0000074080   0.0000078748
        0.0000916780  -0.0000805314  -0.0005625154   0.0001334015   0.0000169710
       -0.0000131502   0.0000328632  -0.0000322694  -0.0000374964  -0.0000100915
       -0.0000260650  -0.0000106999   0.0000192352   0.0000128975   0.0000243962
       -0.0000090173
        0.0049951619  -0.0036217533  -0.0021464530  -0.0046207502  -0.0003093042
       -0.0005126069   0.0003777589   0.0008458869   0.0004688837  -0.0004555133
        0.0000585160   0.0000458586   0.0001501219   0.0000276835   0.0000793952
       -0.0002191583  -0.0001697211  -0.0002463861   0.0009763391  -0.0001901067
       -0.0003672733  -0.0000090968  -0.0000426217  -0.0000272951   0.0000758215
       -0.0000332311   0.0001530249  -0.2162212940   0.2139748123   0.4707386671
       -0.0321890017  -0.0345801345  -0.0817398197  -0.0200344898  -0.0096586797
       -0.0032374812   0.0011118810  -0.0088650207   0.0033499940  -0.0017457874
       -0.0007178437  -0.0008771910   0.0000043495  -0.0006602973   0.0004043314
        0.2594607670  -0.0679719387  -0.2264716779  -0.0005735497  -0.0028264065
        0.0006196395  -0.0010032997   0.0022846378  -0.0014297965   0.0000218996
       -0.0004418792   0.0007137290  -0.0000697438  -0.0000846985  -0.0000417128
        0.0000483159   0.0000102207   0.0000136326   0.0000744617  -0.0000167315
       -0.0000451873   0.0000122916  -0.0000904232  -0.0000865917   0.0000233313
        0.0000098645  -0.0000069489   0.0000130617   0.0000195547  -0.0000126575
        0.0000030056  -0.0000106571   0.0000054402   0.0000047432  -0.0000507442
        0.0000386070   0.0000691897  -0.0000069024   0.0000238502  -0.0070595556
       -0.1005871229  -0.1528292524   0.0137711067   0.0070478983   0.0013104889
       -0.0015038183   0.0030143935  -0.0027215112   0.0003288470   0.0003321934
        0.0000269752   0.0007028263   0.0002378244  -0.0000867257  -0.0000189091
        0.0000031376  -0.0000762997   0.0000295260  -0.0000180724  -0.0000349465
       -0.0001910760  -0.0001756162  -0.0000589911   0.0000092080   0.0000103726
       -0.0000386270   0.0000100218   0.0000116080  -0.0000060210   0.0002926920
        0.0007709815  -0.0004985066   0.0015679505   0.0032321617  -0.0007805706
        0.0006858127  -0.0006841982   0.0027159392  -0.0000751595  -0.0000031604
       -0.0006993757   0.0012735181  -0.0001925337  -0.0055149635  -0.0002473747
        0.0002945151  -0.0003056443   0.0001278785  -0.0001368729   0.0000645492
       -0.0001136525   0.0001069440  -0.0000809988  -0.0000337245  -0.0000101682
       -0.0001292949   0.0004961634  -0.0004767442   0.0004153687  -0.0003178556
        0.0002492555  -0.0000314023  -0.0000135857  -0.0000317218   0.0000242590
       -0.0000058701   0.0000109021  -0.0000078468   0.0000054945   0.0000142707
       -0.0000232039  -0.0000205433   0.0000826484  -0.0000467495   0.0000178380
        0.0000174663   0.0000052519   0.0000031656   0.0000002376   0.0000015695
        0.0000030070   0.0000007924  -0.0000026282  -0.0000047473  -0.0000034730
        0.0000031837
        0.0039840378  -0.0025345748   0.0025817266  -0.0028901523  -0.0000525836
       -0.0004169693  -0.0006174292   0.0012134217  -0.0003691015   0.0003261198
        0.0001321840  -0.0002494166   0.0000005056   0.0002677595   0.0003542819
       -0.0006612899  -0.0003634105  -0.0003066575   0.0009620420  -0.0000945008
       -0.0003758627   0.0000118402  -0.0000238724   0.0000479729   0.0000999321
       -0.0001719888  -0.0000737541  -0.1668360333  -0.0710809574  -0.0321890017
        0.5378471434   0.0601159631  -0.1135642170  -0.0797440802  -0.0088297982
        0.0082491474  -0.0055072091  -0.0239802825  -0.0175982517  -0.0017490529
        0.0009532100  -0.0022771212   0.0000963723  -0.0011993021   0.0007404069
       -0.0747268074  -0.0154187713   0.0232353351  -0.0001003000  -0.0015441909
        0.0009966706  -0.0005004713   0.0004218252  -0.0003502499  -0.0001914720
        0.0003390850  -0.0002884786  -0.0000790774  -0.0000510514   0.0001587462
        0.0000591389   0.0000363945   0.0000820977   0.0000200609   0.0000195735
        0.0000047915   0.0000172810   0.0000538323   0.0000433482  -0.0000028910
        0.0000286558  -0.0000030458   0.0000290447   0.0000043305   0.0000096918
        0.0000120219   0.0000193785   0.0000568285  -0.0000496932  -0.0000261887
       -0.0000046108   0.0000954461  -0.0000546005  -0.0000687836   0.0006398181
       -0.0048716727   0.0006334766  -0.2095148002   0.0497311715   0.1176795466
        0.0008467096   0.0172521296   0.0188516863  -0.0031919837  -0.0018317711
       -0.0018382763   0.0013837581  -0.0003482938  -0.0011912265   0.0001053115
       -0.0000463149   0.0002006128   0.0001338524  -0.0002369653   0.0000593203
       -0.0004263552  -0.0004176083  -0.0000966775   0.0000136254   0.0000377185
       -0.0000530013  -0.0000297452   0.0000098141  -0.0000807545  -0.0000357258
        0.0002663433  -0.0004439672   0.0006306190   0.0018800800  -0.0009646022
        0.0010410156   0.0001382217   0.0016421682  -0.0001838298  -0.0001515290
       -0.0003181119  -0.0008320349   0.0000496085  -0.0030368590  -0.0000990373
        0.0003764243  -0.0000143567   0.0002277894  -0.0002252461   0.0000636778
       -0.0001979513   0.0001683823  -0.0000441801   0.0000635354   0.0001259610
        0.0002092057   0.0001371798  -0.0014683844  -0.0007808880  -0.0005353439
        0.0011922245   0.0009516661  -0.0000805333   0.0000699210   0.0001329868
        0.0000026123  -0.0000107745   0.0000178914  -0.0000126241  -0.0000261262
       -0.0000001110  -0.0000344238   0.0001460106   0.0000173571   0.0000486610
        0.0000158959  -0.0000341376   0.0000053399   0.0000060789   0.0000050347
       -0.0000022453  -0.0000047732   0.0000061525  -0.0000082211  -0.0000060658
        0.0000008434
        0.0038414903  -0.0067945316   0.0041181850  -0.0028953935  -0.0023121726
        0.0003111261   0.0005538420   0.0002005787   0.0008241765  -0.0001990727
        0.0001209418  -0.0000151300   0.0000615410   0.0000070374   0.0000197876
       -0.0003576892  -0.0001685790  -0.0002230380   0.0007140886  -0.0003460144
       -0.0000592545   0.0000059433  -0.0000197256   0.0000169271   0.0001700633
       -0.0001930448   0.0000785199  -0.0421137882  -0.1028299796  -0.0345801345
        0.0601159631   0.4288409212   0.3203695750  -0.0162090457  -0.2526556677
       -0.2210407311  -0.0119857796  -0.0192423016  -0.0165474039  -0.0007758515
        0.0035446842  -0.0018020783   0.0001695005  -0.0007961434   0.0005602562
       -0.0220391693   0.0163704037   0.0148325381  -0.0002839123  -0.0007846083
        0.0005680630  -0.0003293357   0.0005997741  -0.0005502650  -0.0001071330
        0.0002484380  -0.0002232704  -0.0000394925  -0.0000436507  -0.0000427973
        0.0000798307   0.0000594601   0.0001001937   0.0000583372  -0.0000000383
       -0.0000201605   0.0000203137   0.0000410740   0.0000460858   0.0000139561
        0.0000337602  -0.0000084500   0.0000419528   0.0000219451   0.0000017901
        0.0000174741   0.0000196831   0.0000589331  -0.0000380593  -0.0000865926
        0.0000158241   0.0001448369  -0.0000535135  -0.0000485386  -0.0169292271
       -0.0057086046  -0.0130451639   0.0491901451  -0.0546561654  -0.0420846776
        0.0011405811  -0.0045870927  -0.0090629300  -0.0031143257  -0.0001376411
       -0.0005307332   0.0009548825   0.0008116487  -0.0002153785   0.0000984206
       -0.0002962981   0.0003805920   0.0001475146  -0.0002338431   0.0000106448
       -0.0003467080  -0.0003243213  -0.0001084267  -0.0000059642   0.0000142884
       -0.0000769992  -0.0000491353  -0.0000019566  -0.0000726846   0.0000806331
        0.0002375461  -0.0003402831   0.0006062417   0.0009778343  -0.0005318329
        0.0008739351   0.0000670298   0.0026527828  -0.0001523557  -0.0002457952
       -0.0003023594  -0.0006771377   0.0000262875  -0.0036111535  -0.0003443406
        0.0005891151  -0.0002477736   0.0002973772  -0.0003122437   0.0000936443
       -0.0002615706   0.0002467367  -0.0000888603   0.0000055285   0.0000998624
        0.0001347226   0.0006601582  -0.0017961930  -0.0005120025  -0.0008678845
        0.0012446456   0.0009107231   0.0000735481  -0.0000136945  -0.0000546709
       -0.0000246855   0.0000045356   0.0000236410   0.0000039169  -0.0000127541
       -0.0000444587  -0.0000447292   0.0002044801  -0.0000165948   0.0000551836
        0.0000257137  -0.0000320655   0.0000066494   0.0000071585   0.0000055766
       -0.0000009404  -0.0000043787   0.0000035381  -0.0000111219  -0.0000080381
        0.0000024541
        0.0035397642  -0.0007809755   0.0021201320  -0.0031006875   0.0002127771
       -0.0004248017  -0.0005824891   0.0013678976  -0.0006324691   0.0002155787
        0.0001197197  -0.0001635023   0.0000144217   0.0001919162   0.0003224588
       -0.0005281358  -0.0002625645  -0.0002951036   0.0008059346  -0.0000813545
       -0.0003882405   0.0000171925  -0.0000227432   0.0000251843   0.0000999505
       -0.0001276281   0.0000505887   0.0046590939  -0.0185401827  -0.0817398197
       -0.1135642170   0.3203695750   0.4742395694   0.0015174779  -0.2236806430
       -0.2740505665  -0.0095866641  -0.0177503424  -0.0015176851  -0.0010753413
        0.0033435277  -0.0025192672   0.0001302415  -0.0010327516   0.0007928594
        0.0107857285   0.0106584020   0.0202386102  -0.0002174004  -0.0009330460
        0.0007660195  -0.0002829532   0.0003433028  -0.0003310279  -0.0001710347
        0.0004462016  -0.0003731629  -0.0001509422   0.0001519692  -0.0000749129
        0.0000611887   0.0000354270   0.0000584257   0.0000297120   0.0000111367
       -0.0000090195   0.0000237910   0.0000232689   0.0000505816   0.0000066612
        0.0000235524  -0.0000035025   0.0000250918   0.0000120043  -0.0000013016
        0.0000104652   0.0000177707   0.0000426431   0.0000018286  -0.0000476491
       -0.0000104745   0.0001040883  -0.0000331115  -0.0000410024  -0.0128994685
       -0.0187636833  -0.0001994002   0.1185103225  -0.0427248849  -0.1203142100
        0.0018549435  -0.0142835231  -0.0137323326  -0.0008624485   0.0004653525
       -0.0000156681   0.0008103515   0.0012359008  -0.0001913210  -0.0001027361
       -0.0004797932   0.0002948001   0.0001413017  -0.0002465541  -0.0000017527
       -0.0004147171  -0.0003183986  -0.0001332374   0.0000323380   0.0000577132
       -0.0000777970  -0.0000323554   0.0000061579  -0.0000559487  -0.0000107419
        0.0001190092  -0.0003405952   0.0004821276   0.0007870475  -0.0005268935
        0.0007038373   0.0003610970   0.0009920532  -0.0001710976  -0.0001513993
       -0.0001742403  -0.0005513224  -0.0002573500  -0.0017408039  -0.0002487206
        0.0003170065  -0.0001075023   0.0002875761  -0.0001636819   0.0000539734
       -0.0002276965   0.0001582614  -0.0000558008   0.0000104320   0.0000725881
        0.0001109144   0.0003964410  -0.0010973345  -0.0004902302  -0.0005712730
        0.0007768046   0.0006951297   0.0001087507  -0.0000182376  -0.0001068000
       -0.0000190566   0.0000078365   0.0000217485  -0.0000016140  -0.0000104625
       -0.0000251634  -0.0000537825   0.0001020756   0.0000043658   0.0000531598
        0.0000212750  -0.0000252209   0.0000007321   0.0000011746   0.0000038431
       -0.0000054415  -0.0000059256   0.0000058439  -0.0000081873  -0.0000035289
        0.0000010336
       -0.0018927824   0.0011369078  -0.0011558036   0.0018731983   0.0006327021
        0.0001657296  -0.0000042913  -0.0002559312  -0.0002080214  -0.0000598018
       -0.0000304501   0.0000575496   0.0000275280  -0.0000409411  -0.0000948814
        0.0003124159   0.0001617743   0.0001706906  -0.0004518776   0.0000687136
        0.0000616655  -0.0000029659   0.0000043486  -0.0000224490  -0.0001637758
        0.0002106028   0.0000451078  -0.0112673322  -0.0248142232  -0.0200344898
       -0.0797440802  -0.0162090457   0.0015174779   0.5242772715   0.0707746833
       -0.0741787359  -0.1868807404  -0.0575097023  -0.0319653495  -0.0022252225
       -0.0140915452   0.0046082577   0.0006159208   0.0009391730  -0.0002757686
        0.0031070078  -0.0006776570  -0.0025673940   0.0001834919   0.0004835561
       -0.0001047721   0.0000885449  -0.0003033846   0.0001443069   0.0000175586
       -0.0001733350   0.0001167286   0.0000210199   0.0001061661  -0.0000248727
       -0.0000665203  -0.0000661899  -0.0000882142  -0.0000422266  -0.0000065097
        0.0000202736  -0.0000221863  -0.0000211506  -0.0000149045  -0.0000095526
       -0.0000280421   0.0000096564  -0.0000313925  -0.0000130383  -0.0000120398
        0.0000889415  -0.0000293048  -0.0000603694   0.0000777379   0.0000511502
       -0.0000164714  -0.0001190968   0.0000722630   0.0000707160  -0.0039625377
       -0.0040027776  -0.0015015160   0.0011878973   0.0176154748   0.0180154424
       -0.2154545691   0.0443411483   0.1132897618  -0.0033370880  -0.0054664619
       -0.0018523206  -0.0266561261  -0.0139294834  -0.0033440166   0.0000291442
        0.0009774270  -0.0006534885   0.0002890435   0.0011892177  -0.0003047797
        0.0004095098   0.0002651983   0.0001463894   0.0000267538  -0.0000191238
        0.0001309849   0.0001065615  -0.0000467034   0.0001252150  -0.0001040793
       -0.0002202524   0.0000619650  -0.0002126171  -0.0003800952   0.0000814080
       -0.0000029297   0.0007227033  -0.0010234325  -0.0000925177  -0.0001210309
        0.0003353768  -0.0003871518  -0.0008161461   0.0007774489   0.0001735069
       -0.0005453762   0.0001256255  -0.0001636407   0.0003515161  -0.0000973697
        0.0001760123  -0.0002226927   0.0000620812  -0.0000444508  -0.0001155061
       -0.0001978660  -0.0003033439   0.0018057278   0.0007197990   0.0006145229
       -0.0014704227  -0.0010002910   0.0000111817  -0.0000619336  -0.0000738635
       -0.0000011151   0.0000035395  -0.0000238920   0.0000162388   0.0000240742
        0.0000036903   0.0000157584  -0.0002327082   0.0000073594  -0.0000376387
       -0.0000159617   0.0000372191  -0.0000100310  -0.0000125983  -0.0000066698
       -0.0000024565   0.0000021656  -0.0000009025   0.0000093704   0.0000094917
       -0.0000029812
       -0.0021693964   0.0027831772  -0.0023134005   0.0021734186  -0.0001753287
        0.0005841992  -0.0002333548  -0.0003348246   0.0001282587   0.0005964342
       -0.0002589847   0.0000330329  -0.0001165789   0.0002422041   0.0002617033
        0.0001424682   0.0000043146   0.0000374139  -0.0003763248   0.0000756392
        0.0000031290  -0.0000096872  -0.0000035353  -0.0000262019  -0.0001896284
        0.0002434428   0.0000340697  -0.0326284848  -0.0271918391  -0.0096586797
       -0.0088297982  -0.2526556677  -0.2236806430   0.0707746833   0.4578926356
        0.3108587718  -0.0662946071  -0.0890793186  -0.0252696027  -0.0212221045
       -0.0252575825  -0.0008459489  -0.0009395716  -0.0037936273   0.0014575426
        0.0128683558  -0.0013112780  -0.0074409391   0.0004218450   0.0006927674
       -0.0005836890  -0.0000011330  -0.0002322331   0.0003901919  -0.0000000506
       -0.0002246989   0.0000925563   0.0000903950  -0.0001985363   0.0001946701
       -0.0001140278  -0.0000519318  -0.0001743420  -0.0000718397   0.0000005736
        0.0000354389  -0.0000298888  -0.0000151988  -0.0000237710  -0.0000185623
       -0.0000367253   0.0000169448  -0.0000502646  -0.0000206239  -0.0000199721
       -0.0000684279  -0.0000185567  -0.0000643021   0.0000951012   0.0000802051
       -0.0000343531  -0.0001244381   0.0000624030   0.0000805198  -0.0036792910
       -0.0002626545  -0.0021040868   0.0004911307  -0.0065733905  -0.0083677537
        0.0465112687  -0.0552585846  -0.0349320735  -0.0055563519  -0.0057941583
       -0.0032959405   0.0095231762   0.0059008587   0.0047039667   0.0001061078
        0.0014545473  -0.0012352700  -0.0007447067   0.0010596250  -0.0002789102
       -0.0004883522  -0.0005195244  -0.0000797214   0.0001559007   0.0000819530
        0.0002090735   0.0002459874   0.0001035495   0.0001105680  -0.0000999425
       -0.0000876779   0.0003091691  -0.0005035978  -0.0007366147   0.0004636963
       -0.0005602910  -0.0007805652  -0.0012378448   0.0001592606   0.0002426525
        0.0001676791   0.0002999471   0.0004112116   0.0020018055   0.0001830099
       -0.0006150971   0.0001681975  -0.0001712664   0.0003581762  -0.0000930086
        0.0001757322  -0.0002501670   0.0000615697  -0.0000422935  -0.0001195806
       -0.0002013325  -0.0003444452   0.0019322593   0.0007341680   0.0007349227
       -0.0014670881  -0.0011921951  -0.0000488722  -0.0000422451  -0.0000120145
        0.0000046508   0.0000029464  -0.0000273228   0.0000111209   0.0000215936
        0.0000154707   0.0000024124  -0.0002570799   0.0000097914  -0.0000339354
       -0.0000173806   0.0000400526  -0.0000106781  -0.0000157322  -0.0000079401
       -0.0000029800   0.0000014308   0.0000016084   0.0000078437   0.0000098655
       -0.0000039999
       -0.0028522265   0.0021694296  -0.0020220077   0.0023504188   0.0008707330
        0.0001972685  -0.0000855989  -0.0003219752  -0.0003316143  -0.0001509051
       -0.0000346958   0.0000717578   0.0000493087  -0.0001318385  -0.0001867893
        0.0003915011   0.0002006236   0.0002197033  -0.0005542920   0.0000955864
        0.0001028072  -0.0000130827   0.0000189924  -0.0000336213  -0.0000914381
        0.0001451872   0.0000325753  -0.0321524652  -0.0168266431  -0.0032374812
        0.0082491474  -0.2210407311  -0.2740505665  -0.0741787359   0.3108587718
        0.4885868768  -0.0218370331  -0.0133685906  -0.0731224785   0.0091662222
       -0.0001483692   0.0045838416   0.0003293898   0.0028144305  -0.0009964922
        0.0133430960  -0.0004504314  -0.0080872491   0.0002425612   0.0006866517
       -0.0006239936   0.0001801840  -0.0003656459   0.0004104871   0.0000845378
       -0.0002740545   0.0002423318   0.0000269774   0.0000540023   0.0000258066
       -0.0000584325  -0.0000757153  -0.0000725917  -0.0000385104  -0.0000039381
        0.0000192581  -0.0000105813  -0.0000384746  -0.0000218192  -0.0000127843
       -0.0000198432   0.0000100207  -0.0000296711  -0.0000128731  -0.0000127149
       -0.0000375079  -0.0000080135  -0.0000507440   0.0000639089   0.0000473748
       -0.0000165993  -0.0000840809   0.0000602401   0.0000624017  -0.0009315865
       -0.0020189883   0.0017188054   0.0001951932  -0.0140430896  -0.0145479237
        0.1152188313  -0.0357397493  -0.1152400973  -0.0260542456  -0.0173644610
       -0.0088270640   0.0080731825   0.0036084972   0.0033386976   0.0004656467
        0.0012553177  -0.0002608221   0.0000067458  -0.0002345887   0.0003069649
        0.0006443103   0.0005863731   0.0002698727  -0.0000256577  -0.0000827448
        0.0001187391  -0.0000340232   0.0000090105   0.0000556077  -0.0000272148
       -0.0000724368   0.0003071322  -0.0004514468  -0.0007788216   0.0005250627
       -0.0004790885  -0.0005351199  -0.0013056522   0.0002037211   0.0002663512
        0.0001006247   0.0006616281   0.0006270352   0.0020973690   0.0000896152
       -0.0003881043   0.0000863631  -0.0000960172   0.0002953657  -0.0000785707
        0.0001157635  -0.0001805749   0.0000393965  -0.0000355814  -0.0000819641
       -0.0001527624  -0.0001450978   0.0012729937   0.0005074029   0.0003952840
       -0.0010819933  -0.0007936740  -0.0000553079  -0.0000252535   0.0000139092
        0.0000019435   0.0000035914  -0.0000192490   0.0000071242   0.0000164787
        0.0000115651  -0.0000034837  -0.0002003421   0.0000059819  -0.0000233895
       -0.0000082479   0.0000322787  -0.0000093347  -0.0000133308  -0.0000066044
       -0.0000033578   0.0000005669   0.0000014549   0.0000059363   0.0000080391
       -0.0000031818
        0.0003334642  -0.0005778992   0.0003823824  -0.0004068611  -0.0000390760
       -0.0000451432   0.0000725169  -0.0001096089  -0.0000153796  -0.0001521407
        0.0002350514  -0.0000687847   0.0000221066  -0.0000268622  -0.0000614334
       -0.0000161554  -0.0000015327   0.0000186706   0.0000667339  -0.0000150818
        0.0000038292  -0.0000140771   0.0000385503  -0.0000229789   0.0000895594
       -0.0000789668  -0.0000813430   0.0060657294   0.0002530755   0.0011118810
       -0.0055072091  -0.0119857796  -0.0095866641  -0.1868807404  -0.0662946071
       -0.0218370331   0.5242498325  -0.0287159139  -0.0122154290  -0.0606662747
        0.0171963745  -0.0038173087  -0.0024305654  -0.0229062845   0.0092478786
       -0.0017926052   0.0006989796   0.0011973194  -0.0001360837  -0.0001384999
        0.0001065731   0.0000235829   0.0000094983  -0.0000791008   0.0000188461
        0.0000323251   0.0000142930  -0.0000160009  -0.0000339691   0.0000253587
       -0.0000065109   0.0000500593  -0.0000219442   0.0000143662  -0.0000072518
       -0.0000192983  -0.0000028104   0.0000014913  -0.0000057196   0.0000076087
       -0.0000182373  -0.0000100133   0.0000001486   0.0000065394   0.0000084479
       -0.0007105178   0.0001699827   0.0000174976  -0.0000612328  -0.0000270141
        0.0000130597   0.0000202968  -0.0000745685  -0.0000098012  -0.0000132944
        0.0004463101  -0.0002479552   0.0008656785   0.0013974451  -0.0000769837
       -0.0202150603  -0.0119835803  -0.0027242381  -0.0474377380   0.0029417729
       -0.0096572537  -0.2032917313   0.1026247016   0.0584413987   0.0005562058
       -0.0024367734   0.0013868089  -0.0009852307   0.0221317019  -0.0113489698
       -0.0032023538  -0.0035170895  -0.0009715634   0.0006622200   0.0004425183
        0.0005499401   0.0010243094  -0.0002859189   0.0002500452   0.0000407334
        0.0000217381  -0.0000634151   0.0001171218   0.0001192607  -0.0000765250
        0.0000988170   0.0000589028   0.0004199672  -0.0000243083  -0.0000402745
       -0.0000581577  -0.0000724469   0.0000177257  -0.0004210978   0.0000261897
        0.0002496473  -0.0001337299  -0.0002772811  -0.0002785264   0.0000660938
        0.0000886971   0.0000830189   0.0000038236   0.0000153312   0.0000261998
        0.0000105627   0.0001272720  -0.0006648177   0.0002111843  -0.0003624833
        0.0008019770   0.0002474379   0.0000033103   0.0000118955   0.0000164110
       -0.0000007746  -0.0000044282  -0.0000024346  -0.0000088189  -0.0000104872
       -0.0000123116   0.0000750982   0.0002027955  -0.0000429405  -0.0000259706
       -0.0000154403  -0.0000156119   0.0000163330   0.0000202495   0.0000063000
        0.0000151457   0.0000076159  -0.0000113144   0.0000000223  -0.0000089144
        0.0000047130
        0.0012159278  -0.0011325479   0.0010377300  -0.0013544460  -0.0001190628
       -0.0001693174   0.0002534056  -0.0003758792   0.0001846296  -0.0001054658
       -0.0003544986   0.0001677872  -0.0000429097  -0.0000731385   0.0000080540
       -0.0001430756  -0.0000333827  -0.0000931753   0.0002776091  -0.0000315785
       -0.0000734759   0.0000225932  -0.0000293623   0.0000297506   0.0000461364
       -0.0001196498   0.0000315499   0.0058899163   0.0073728939  -0.0088650207
       -0.0239802825  -0.0192423016  -0.0177503424  -0.0575097023  -0.0890793186
       -0.0133685906  -0.0287159139   0.4370554340   0.0479469197   0.0048793764
       -0.1476348442   0.0467853735  -0.0062961018  -0.0237229203   0.0083297034
       -0.0033092364   0.0001172189   0.0035836510  -0.0002157007  -0.0003332290
        0.0002837873   0.0000263661   0.0000671565  -0.0001681185   0.0000153503
        0.0001272451  -0.0000345285   0.0000047007  -0.0000784960   0.0000394942
        0.0000350036   0.0000217208   0.0000640230   0.0000404800   0.0000002577
       -0.0000213710   0.0000196377   0.0000082273   0.0000195422   0.0000121136
        0.0000308948  -0.0000078724   0.0000291916   0.0000122463   0.0000066897
        0.0003846197  -0.0000538636   0.0000328002  -0.0000419285  -0.0000468408
        0.0000250058   0.0000791957  -0.0000331481  -0.0000559857  -0.0001063411
       -0.0016833330   0.0007736936   0.0006789726  -0.0015344221   0.0032363178
        0.0041305259   0.0059685115  -0.0010787675   0.0013268572  -0.0430995324
       -0.0384812360   0.1016775935  -0.1032948763  -0.0417969265  -0.0000722641
       -0.0008219562   0.0023282584   0.0025950236  -0.0181580395   0.0081689738
       -0.0034686584  -0.0020606381  -0.0013273465   0.0007756823   0.0008371487
        0.0004216974   0.0009026535   0.0009610721  -0.0000028550   0.0000509761
        0.0000431721  -0.0001452210   0.0002352346   0.0003269904  -0.0002110736
        0.0001848728   0.0002300966   0.0004862300  -0.0000533310  -0.0000740905
       -0.0000813996  -0.0001354662  -0.0001576744  -0.0007436828  -0.0001255363
        0.0003031844  -0.0000605148   0.0002268231  -0.0002180830   0.0000729620
       -0.0001737700   0.0001719832  -0.0000654767   0.0000302272   0.0000784048
        0.0001241177   0.0001448497  -0.0009789453  -0.0005082904  -0.0003635308
        0.0006786420   0.0009084301   0.0000220344   0.0000219795   0.0000153978
       -0.0000032767  -0.0000023346   0.0000172235  -0.0000054152  -0.0000104935
       -0.0000019350  -0.0000233400   0.0001419794  -0.0000003178   0.0000355949
        0.0000148472  -0.0000255891   0.0000046052   0.0000060103   0.0000042677
       -0.0000012062  -0.0000031634   0.0000025738  -0.0000072514  -0.0000056730
        0.0000017958
        0.0000233880  -0.0000651246  -0.0000242721  -0.0000791807  -0.0000426358
       -0.0000401821   0.0000038598   0.0002125848  -0.0000335683  -0.0000717592
        0.0002393594  -0.0000322393  -0.0000018506   0.0000103844  -0.0000391441
        0.0000070825  -0.0000117978  -0.0000116384  -0.0000003014  -0.0000040116
       -0.0000030492  -0.0000011621  -0.0000161218   0.0000103109  -0.0000181193
       -0.0000158506   0.0000536393   0.0027875661  -0.0081515509   0.0033499940
       -0.0175982517  -0.0165474039  -0.0015176851  -0.0319653495  -0.0252696027
       -0.0731224785  -0.0122154290   0.0479469197   0.5224172024   0.0018329205
        0.0522936335  -0.0902524871   0.0010139495  -0.0034292043   0.0031997149
       -0.0003457205   0.0010955613  -0.0001252414   0.0000082913   0.0000438289
       -0.0000142136  -0.0000092766   0.0000040121  -0.0000063376  -0.0000058715
       -0.0000077498   0.0000041182   0.0000179792   0.0000208808  -0.0000069639
       -0.0000285499   0.0000445690   0.0000085512  -0.0000002373  -0.0000019366
       -0.0000026030   0.0000024268   0.0000021945   0.0000013923   0.0000013029
        0.0000109810  -0.0000037229  -0.0000010235   0.0000031388  -0.0000063456
        0.0001527212  -0.0000214380   0.0000247848   0.0000115876  -0.0000049795
       -0.0000047746   0.0000301671   0.0000102572   0.0000008442  -0.0012785695
        0.0007599203  -0.0016395943  -0.0013257700   0.0026348159  -0.0011164408
        0.0111798603   0.0060224956   0.0030784291  -0.0107765237  -0.0377909738
       -0.2812693704   0.0600440479  -0.0410878789  -0.0702681414  -0.0005376506
        0.0273277882  -0.0165577308  -0.0003970219  -0.0041521740   0.0030852500
       -0.0007303724  -0.0010855994   0.0004837394  -0.0001851112  -0.0008270456
        0.0006895045   0.0001359343  -0.0000410433   0.0001250443  -0.0000039845
       -0.0000135191   0.0000086137  -0.0000051234  -0.0000344768  -0.0000022026
        0.0000118589   0.0000523553  -0.0000069429   0.0000084772  -0.0000204273
        0.0000498610  -0.0000898903  -0.0001111804  -0.0000433241  -0.0000818779
        0.0000318671  -0.0000035752   0.0001517646   0.0000317357   0.0000174595
       -0.0000831697   0.0000170834  -0.0000326241  -0.0000130111   0.0000135037
        0.0000289073   0.0001645430  -0.0000820494  -0.0002326540   0.0002828345
        0.0000252413  -0.0002222621   0.0000049373  -0.0000033519  -0.0000053061
       -0.0000036184   0.0000036216   0.0000063952  -0.0000006457   0.0000022731
        0.0000006709  -0.0000305421  -0.0000252874  -0.0000039534   0.0000176104
        0.0000103112   0.0000038505  -0.0000038839  -0.0000056182   0.0000001978
       -0.0000041321  -0.0000026917   0.0000019767  -0.0000021300   0.0000014076
        0.0000006171
        0.0001906936  -0.0001787513   0.0001785392  -0.0002385443  -0.0000568962
       -0.0000453942   0.0000006577   0.0000688200  -0.0000100750   0.0000100719
        0.0000483454  -0.0000251904   0.0000239333  -0.0000071361   0.0000046008
       -0.0000330393  -0.0000092722  -0.0000086671   0.0000449011   0.0000057105
       -0.0000040006   0.0000025973   0.0000002066   0.0000037233  -0.0000261541
        0.0000225034   0.0000087845   0.0005547259   0.0017284429  -0.0017457874
       -0.0017490529  -0.0007758515  -0.0010753413  -0.0022252225  -0.0212221045
        0.0091662222  -0.0606662747   0.0048793764   0.0018329205   0.5136616342
       -0.0339979888  -0.0152930991  -0.1542021631  -0.0586651390  -0.0331780688
       -0.0005578035  -0.0000098291   0.0005291743  -0.0000623858  -0.0000421331
        0.0000561820   0.0000171845   0.0000024386  -0.0000344587   0.0000111095
        0.0000197691  -0.0000039219  -0.0000060539  -0.0000058855   0.0000092118
        0.0000215035  -0.0000085158   0.0000376272   0.0000033836   0.0000020545
        0.0000002966   0.0000004496   0.0000005628   0.0000044078   0.0000002050
        0.0000000544   0.0000001176   0.0000032621   0.0000002338   0.0000008158
        0.0001271096  -0.0000597309  -0.0000216215   0.0000080333   0.0000035624
       -0.0000006588   0.0000046029   0.0000200165   0.0000030993   0.0000799514
       -0.0003972829   0.0002832147   0.0001856349  -0.0004239795   0.0005117880
       -0.0005880046   0.0004975816  -0.0007553886   0.0012065232   0.0002657794
       -0.0000732467  -0.0013173684   0.0219081440  -0.0101416341  -0.0469758085
        0.0044120562   0.0158434099  -0.2199950026   0.0995542469   0.0444939142
       -0.0011507202  -0.0020914353  -0.0001959715  -0.0003938989  -0.0009962152
       -0.0021974578  -0.0255791574  -0.0145533430  -0.0080552386   0.0000171592
       -0.0000064003  -0.0000306424   0.0000556755   0.0000470701  -0.0000386798
        0.0000110204   0.0001083439   0.0001025875  -0.0000115383  -0.0000428866
       -0.0000066491   0.0000013340  -0.0000645887  -0.0001577529   0.0000306292
       -0.0000553545   0.0000029954   0.0000035863   0.0001330574  -0.0000337251
        0.0000353074  -0.0000581290   0.0000158344  -0.0000118538  -0.0000376262
       -0.0000228880  -0.0000894539   0.0002408513   0.0000386759  -0.0004247638
       -0.0001180418   0.0000222090  -0.0000014236  -0.0000022529  -0.0000035400
        0.0000009910   0.0000000619  -0.0000011409   0.0000023953   0.0000001388
        0.0000013655  -0.0000016070  -0.0000803584  -0.0000014315  -0.0000066916
       -0.0000000115   0.0000137647  -0.0000045188  -0.0000055704  -0.0000018585
       -0.0000017582  -0.0000002341  -0.0000012678   0.0000039973   0.0000035158
       -0.0000006840
       -0.0003466326   0.0005298051  -0.0003536465   0.0003653020  -0.0000243661
        0.0000646190  -0.0001510251  -0.0000058613  -0.0000708109   0.0001338563
        0.0000167561  -0.0000192679   0.0001086152   0.0000643271   0.0000033500
       -0.0000186111  -0.0000257375  -0.0000020730  -0.0000284243   0.0000246934
       -0.0000072807  -0.0000173564   0.0000150413   0.0000090185  -0.0000163786
       -0.0000035063  -0.0000437257  -0.0035377158  -0.0004523445  -0.0007178437
        0.0009532100   0.0035446842   0.0033435277  -0.0140915452  -0.0252575825
       -0.0001483692   0.0171963745  -0.1476348442   0.0522936335  -0.0339979888
        0.4547372776   0.0287104319  -0.0568774027  -0.1046896272  -0.0245621669
        0.0017693129  -0.0001753651  -0.0007438103   0.0001854198   0.0001889826
       -0.0000864978  -0.0000324278  -0.0000811296   0.0000734761  -0.0000125880
       -0.0000508242   0.0000164704  -0.0000301971  -0.0000196112   0.0000334973
        0.0000059945  -0.0000370909   0.0000108063  -0.0000357262   0.0000133092
        0.0000346262  -0.0000079539   0.0000121565   0.0000135711  -0.0000177924
        0.0000032848   0.0000101741  -0.0000112785  -0.0000113944  -0.0000107050
       -0.0000815600   0.0000696074   0.0000143938   0.0000588825   0.0000325807
       -0.0000329046  -0.0000602568   0.0001159611   0.0000528767   0.0000645060
       -0.0001329795   0.0002577319   0.0001352555  -0.0003504890   0.0004207515
        0.0000817254   0.0003278197  -0.0000990602   0.0002084599  -0.0002813880
        0.0026578057   0.0033660363  -0.0188249000   0.0088897453   0.0036839089
       -0.0486424376  -0.0377717441   0.0993083861  -0.0980865404  -0.0258277472
       -0.0219320747  -0.0173792670  -0.0070290182  -0.0055317693  -0.0041503254
       -0.0036351438   0.0093102618   0.0075018242   0.0042787520  -0.0000788295
       -0.0000699245   0.0000505835  -0.0001534139  -0.0001607862   0.0000644370
        0.0001650394   0.0001447966  -0.0003850403  -0.0000623913  -0.0000016681
        0.0000910728  -0.0001301712  -0.0000804163   0.0003580509  -0.0000064595
       -0.0002936113   0.0001440985   0.0001753272   0.0004862309  -0.0001248492
       -0.0000334498  -0.0001876838   0.0000526069  -0.0000022974  -0.0000289321
       -0.0000439954  -0.0000085920   0.0006682635  -0.0000352291   0.0001119093
       -0.0010296291  -0.0002568147  -0.0000009456  -0.0000217147  -0.0000141967
       -0.0000054201   0.0000077404  -0.0000037050   0.0000129293   0.0000068414
        0.0000025143  -0.0000653452  -0.0003130685   0.0000444819   0.0000157071
        0.0000102827   0.0000305459  -0.0000219142  -0.0000250247  -0.0000065674
       -0.0000173791  -0.0000069797   0.0000087086   0.0000068944   0.0000147844
       -0.0000041457
        0.0003060325  -0.0003175928   0.0002369648  -0.0003307739  -0.0000177483
       -0.0000392649   0.0000844214   0.0000191958   0.0000462837  -0.0000911858
        0.0000166858   0.0000202030  -0.0000482763  -0.0000372648  -0.0000060094
       -0.0000023205   0.0000147632  -0.0000120476   0.0000322451  -0.0000144742
       -0.0000110295   0.0000030227  -0.0000100099  -0.0000208899   0.0000244865
        0.0000205826   0.0001152165   0.0015367061   0.0013583968  -0.0008771910
       -0.0022771212  -0.0018020783  -0.0025192672   0.0046082577  -0.0008459489
        0.0045838416  -0.0038173087   0.0467853735  -0.0902524871  -0.0152930991
        0.0287104319   0.5334274524  -0.0340877565  -0.0257485526  -0.0819990301
       -0.0009490565  -0.0000051983   0.0005219612  -0.0000957857  -0.0001196532
        0.0000457261   0.0000113886   0.0000516701  -0.0000406349   0.0000042492
        0.0000337052  -0.0000094382   0.0000086913   0.0000049888  -0.0000182474
        0.0000108136  -0.0000007946  -0.0000110974   0.0000247000  -0.0000097937
       -0.0000218048   0.0000056163  -0.0000070046  -0.0000062850   0.0000123035
       -0.0000018417  -0.0000043687   0.0000073224   0.0000140508  -0.0000060216
        0.0000069182  -0.0000338818  -0.0000056243  -0.0000349607  -0.0000373908
        0.0000082554   0.0000492478  -0.0000102281   0.0000476346   0.0000591864
       -0.0003007696   0.0001391012   0.0000755672  -0.0001620507   0.0001065215
        0.0000604227  -0.0003247543   0.0002187796  -0.0006866509   0.0282156368
       -0.0177871746  -0.0002503988  -0.0053822943   0.0036602715   0.0159525906
       -0.0378278826  -0.2847015442   0.0458294271  -0.0259842026  -0.0591671036
        0.0103110254   0.0078226523   0.0041575782  -0.0250759981  -0.0177427821
       -0.0116486112   0.0040956884   0.0034467054   0.0022619166   0.0000401475
        0.0000424623  -0.0000257813   0.0000851749   0.0001013280  -0.0000316135
       -0.0000706326  -0.0000882799   0.0001764332   0.0000323479   0.0000135056
       -0.0000439391   0.0000600911   0.0000444341  -0.0001754987  -0.0002209974
        0.0004078373  -0.0002589511   0.0000099168  -0.0001354528   0.0000509310
       -0.0000338141   0.0000713691  -0.0000470142  -0.0000116943   0.0000221402
        0.0000266082   0.0005111708  -0.0011308446   0.0000838516  -0.0004825127
        0.0007952443  -0.0000944296   0.0000042492   0.0000120885   0.0000009152
       -0.0000099889   0.0000043816   0.0000029966   0.0000005730  -0.0000170646
       -0.0000483888   0.0000012715   0.0000791371  -0.0000525546  -0.0000011573
        0.0000059005   0.0000074067   0.0000041568   0.0000025213   0.0000008107
        0.0000055468   0.0000024213  -0.0000059015  -0.0000034866  -0.0000037758
        0.0000015836
       -0.0001428150   0.0000942162  -0.0000841079   0.0001524279   0.0000127195
        0.0000224116  -0.0000294893  -0.0000112540  -0.0000203618   0.0000300080
       -0.0000105800  -0.0000063799   0.0000429499   0.0000199373   0.0000056899
        0.0000122448   0.0000041349   0.0000129330  -0.0000325246   0.0000070362
        0.0000051975  -0.0000106129   0.0000128655  -0.0000174746  -0.0000182454
        0.0000600761   0.0000274272  -0.0002282801  -0.0002032385   0.0000043495
        0.0000963723   0.0001695005   0.0001302415   0.0006159208  -0.0009395716
        0.0003293898  -0.0024305654  -0.0062961018   0.0010139495  -0.1542021631
       -0.0568774027  -0.0340877565   0.4985562161  -0.0349614237  -0.0170228293
        0.0001196369   0.0000725764  -0.0000651245   0.0000083147   0.0000337106
       -0.0000131252   0.0000046930  -0.0000183808   0.0000102071   0.0000026621
       -0.0000122683   0.0000067825  -0.0000052395  -0.0000030551   0.0000059193
       -0.0000020417  -0.0000084167  -0.0000017193  -0.0000089265   0.0000012304
        0.0000065506  -0.0000054609  -0.0000005841  -0.0000013190  -0.0000025873
       -0.0000111968   0.0000039234  -0.0000066517  -0.0000018965  -0.0000051547
       -0.0000175378   0.0001056606  -0.0000115061   0.0000189373   0.0000112233
       -0.0000153645  -0.0001890167   0.0001544505   0.0001466081   0.0000069766
        0.0000192121   0.0000180552  -0.0000025074   0.0000047552   0.0000264150
        0.0000551019   0.0000253242   0.0000417037   0.0002054353   0.0004089493
       -0.0002358802   0.0005004758   0.0005550939  -0.0000652126  -0.0003630570
       -0.0013881598  -0.0017372412  -0.0255420906  -0.0147578064  -0.0085413539
       -0.0438789433   0.0060167750  -0.0018941890  -0.0454285010   0.0034730740
        0.0140155162  -0.2276091397   0.1045488825   0.0482852170  -0.0000040119
       -0.0000154468   0.0000064247  -0.0000135989  -0.0000302322   0.0000113672
        0.0000039146   0.0000459338  -0.0000441249  -0.0000072651  -0.0000124030
        0.0000159593  -0.0000074773  -0.0000319394   0.0000471420  -0.0000253601
       -0.0001016136  -0.0000103167  -0.0000850668   0.0003592578  -0.0001173919
        0.0001294226  -0.0001653201   0.0000641390  -0.0000225831  -0.0000377832
       -0.0000664844   0.0001161682   0.0002797167   0.0002634777  -0.0003611130
       -0.0003428300  -0.0004664171  -0.0000051074  -0.0000095329  -0.0000080565
       -0.0000024242   0.0000040242  -0.0000045050   0.0000017507   0.0000006587
       -0.0000107264   0.0000483634  -0.0002201209   0.0000013921  -0.0000473670
       -0.0000387758   0.0000365851  -0.0000043453  -0.0000042262  -0.0000033685
        0.0000003106   0.0000033427  -0.0000059647   0.0000138134   0.0000072228
       -0.0000015180
        0.0002278329  -0.0002025468   0.0001673570  -0.0002617209  -0.0000233365
       -0.0000341548   0.0000478313   0.0000171850   0.0000243959  -0.0000523399
        0.0000178827   0.0000036491  -0.0000308021  -0.0000194150  -0.0000105782
       -0.0000132411   0.0000007675  -0.0000151556   0.0000440422  -0.0000077561
       -0.0000106822   0.0000022543  -0.0000094278   0.0000066961   0.0000252581
       -0.0000499085   0.0000156746   0.0007569820   0.0008674951  -0.0006602973
       -0.0011993021  -0.0007961434  -0.0010327516   0.0009391730  -0.0037936273
        0.0028144305  -0.0229062845  -0.0237229203  -0.0034292043  -0.0586651390
       -0.1046896272  -0.0257485526  -0.0349614237   0.5211907330  -0.0130187172
       -0.0004828524  -0.0000204990   0.0003317447  -0.0000429710  -0.0000603208
        0.0000353377   0.0000049973   0.0000268343  -0.0000277136   0.0000024888
        0.0000210324  -0.0000057854   0.0000036684   0.0000013668  -0.0000085504
        0.0000107243   0.0000038488   0.0000116738   0.0000119493  -0.0000024102
       -0.0000085301   0.0000058164  -0.0000004294   0.0000014968   0.0000048439
        0.0000102217  -0.0000032454   0.0000069452   0.0000062091   0.0000005079
        0.0000150341  -0.0000488221   0.0000158625  -0.0000186765  -0.0000171571
        0.0000075294   0.0001319092  -0.0000820704  -0.0000772134   0.0000252081
       -0.0001760833   0.0000818782   0.0000723093  -0.0001436173   0.0001565616
       -0.0002355841   0.0000444211  -0.0001509471   0.0000259859   0.0013264111
       -0.0011557836  -0.0004667320   0.0009602739  -0.0003258776  -0.0057413589
       -0.0037743862  -0.0035587732   0.0092232689   0.0069670630   0.0037980186
        0.0054892000  -0.2391261184   0.1063890772   0.0033396175  -0.0516683949
       -0.0381771406   0.1045245949  -0.1028734316  -0.0260235682   0.0000158156
        0.0000162470  -0.0000189851   0.0000426976   0.0000535930  -0.0000257076
       -0.0000124472  -0.0000102293   0.0001065082   0.0000051331  -0.0000062344
       -0.0000223599   0.0000221103   0.0000051672  -0.0001188029  -0.0000925088
        0.0002282040  -0.0000753708   0.0001020493  -0.0002127688   0.0000718785
       -0.0001107628   0.0001133703  -0.0000487328  -0.0000029595   0.0000169336
        0.0000597827   0.0001487194  -0.0006726886  -0.0002979684   0.0000319292
        0.0001607983   0.0000080737   0.0000047145   0.0000045708  -0.0000002940
       -0.0000025909   0.0000010452   0.0000081647  -0.0000007823  -0.0000018791
       -0.0000050967  -0.0000440995   0.0001258234  -0.0000033705   0.0000393884
        0.0000321070  -0.0000225288   0.0000016774  -0.0000008677   0.0000007791
       -0.0000021622  -0.0000033009   0.0000048846  -0.0000094285  -0.0000031868
        0.0000004768
       -0.0001403018   0.0001646483  -0.0001316957   0.0001631778   0.0000121859
        0.0000277943  -0.0000282628  -0.0000039757  -0.0000170028   0.0000271641
        0.0000081397   0.0000113069   0.0000068404   0.0000136837   0.0000002329
        0.0000121273  -0.0000019875  -0.0000000342  -0.0000306614   0.0000051371
       -0.0000000740   0.0000002613  -0.0000019065   0.0000049422  -0.0000068138
        0.0000015369   0.0000093505  -0.0006191891  -0.0006015016   0.0004043314
        0.0007404069   0.0005602562   0.0007928594  -0.0002757686   0.0014575426
       -0.0009964922   0.0092478786   0.0083297034   0.0031997149  -0.0331780688
       -0.0245621669  -0.0819990301  -0.0170228293  -0.0130187172   0.5375964086
        0.0004000805   0.0000523869  -0.0002636188   0.0000471571   0.0000572313
       -0.0000402408  -0.0000083184  -0.0000187493   0.0000269935  -0.0000051473
       -0.0000175203   0.0000048512   0.0000010525  -0.0000040666   0.0000057177
       -0.0000085192  -0.0000136502  -0.0000097335  -0.0000074619   0.0000008245
        0.0000048161  -0.0000012839   0.0000008094  -0.0000000636  -0.0000033417
        0.0000017090   0.0000010644  -0.0000044011  -0.0000011696  -0.0000056804
        0.0000088727  -0.0000200401   0.0000028678   0.0000097398   0.0000023561
       -0.0000038811   0.0000408836  -0.0000168954  -0.0000002334  -0.0000048220
        0.0001170821  -0.0000384789  -0.0000247230   0.0000858554  -0.0000832785
        0.0000505673  -0.0001120261   0.0001083772   0.0006019510   0.0003559195
        0.0009007360   0.0000687533  -0.0003186134   0.0001136490  -0.0243395356
       -0.0172420147  -0.0114225595   0.0043777247   0.0029845020   0.0026212776
       -0.0017387146   0.1071506593  -0.1038113882   0.0136233110  -0.0388351258
       -0.2884198225   0.0478457462  -0.0258301176  -0.0581751550  -0.0000168128
       -0.0000166065   0.0000223626  -0.0000420079  -0.0000516488   0.0000277812
        0.0000118390   0.0000120973  -0.0001294737  -0.0000002462   0.0000057751
        0.0000355649  -0.0000202048  -0.0000169886   0.0001275733  -0.0000232625
       -0.0000124438   0.0000002734   0.0000767957   0.0000079298   0.0000299147
       -0.0000507462   0.0000008864  -0.0000290767  -0.0000108335  -0.0000189288
       -0.0000044922   0.0000372831  -0.0000375181  -0.0001158269   0.0002352846
       -0.0006092954  -0.0003754753  -0.0000018452  -0.0000059699  -0.0000076747
       -0.0000009030   0.0000020546   0.0000000908  -0.0000005351   0.0000056447
        0.0000056697  -0.0000233997  -0.0000110848  -0.0000166533   0.0000112522
        0.0000102641   0.0000090527  -0.0000027729  -0.0000059970   0.0000003833
       -0.0000012245  -0.0000009225  -0.0000000400  -0.0000031918   0.0000008277
        0.0000012177
       -0.0008540375   0.0065243073  -0.0025262113  -0.0002310513   0.0000521233
       -0.0001365357  -0.0009753433   0.0010261642  -0.0001498561   0.0005462238
        0.0000181846   0.0000072235   0.0001236757   0.0006414547   0.0003157149
       -0.0004325398  -0.0006020907  -0.0003251560   0.0004755023  -0.0001102171
       -0.0004546899  -0.0000556564  -0.0001014652   0.0000407537  -0.0001867070
       -0.0000792517  -0.0000314132  -0.4744675910   0.0746910624   0.2594607670
       -0.0747268074  -0.0220391693   0.0107857285   0.0031070078   0.0128683558
        0.0133430960  -0.0017926052  -0.0033092364  -0.0003457205  -0.0005578035
        0.0017693129  -0.0009490565   0.0001196369  -0.0004828524   0.0004000805
        0.5714876946  -0.0818692036  -0.2934755435   0.0017422487  -0.0078544203
        0.0041712448  -0.0024419456   0.0009476856   0.0002166155  -0.0014111810
        0.0006737347  -0.0008339680  -0.0002106541  -0.0001373636   0.0000909813
       -0.0000537237  -0.0000966559  -0.0000418163  -0.0001310608   0.0000345899
        0.0001304587   0.0000165245   0.0001065211   0.0000579799  -0.0000631074
        0.0000370880   0.0000262065  -0.0000520761  -0.0000327836  -0.0000492912
       -0.0000005830   0.0000308572   0.0000518703   0.0001803738   0.0000568805
       -0.0001442115   0.0001360234   0.0000402513  -0.0000368832  -0.0087069763
        0.0153154124   0.0235336288  -0.0073365517  -0.0044172295  -0.0006631766
       -0.0002389755  -0.0008846996  -0.0005967521  -0.0004850269   0.0001971361
       -0.0003681951   0.0000619263   0.0000603699  -0.0003320229   0.0000294346
       -0.0001575870   0.0001441154   0.0001835001  -0.0002321587   0.0000156972
       -0.0002560719  -0.0002949290  -0.0000575883  -0.0000219697   0.0000036666
       -0.0001059109  -0.0000081633   0.0000178071  -0.0000359364  -0.0010228440
        0.0012268106  -0.0014080171   0.0000573928   0.0067599273  -0.0032865440
        0.0060432413  -0.0008248540   0.0049240074  -0.0008715191  -0.0003918296
       -0.0013736505  -0.0062860792   0.0010987166  -0.0102062619  -0.0003170387
       -0.0001530256   0.0002118640   0.0011013047   0.0003840729  -0.0000256876
       -0.0007220966   0.0000044262  -0.0000550101   0.0000632993   0.0001241430
        0.0001607130   0.0003082171  -0.0003606225  -0.0008644770  -0.0006879215
        0.0001066518   0.0007151220   0.0000426095  -0.0000473193  -0.0000601457
       -0.0000358347   0.0000178736   0.0000212133   0.0000232944  -0.0000063145
       -0.0000258971  -0.0003162736  -0.0003546200   0.0001276682   0.0002099295
        0.0000694096  -0.0000208518  -0.0000373230  -0.0000501405  -0.0000030543
       -0.0000478617  -0.0000322480   0.0000446714  -0.0000160594   0.0000172905
       -0.0000078895
        0.0066106605  -0.0038415483   0.0021040179  -0.0033693899  -0.0008954602
       -0.0002443362   0.0006821260   0.0002628349   0.0003760027  -0.0003286285
        0.0001423091  -0.0000041976   0.0000689420  -0.0001763836  -0.0000249881
       -0.0001863473   0.0000572350  -0.0001338030   0.0006817729  -0.0000903758
       -0.0002699147   0.0000171652   0.0000036816   0.0000002556   0.0001598678
       -0.0000790953   0.0001203791   0.0718177778  -0.0875688675  -0.0679719387
       -0.0154187713   0.0163704037   0.0106584020  -0.0006776570  -0.0013112780
       -0.0004504314   0.0006989796   0.0001172189   0.0010955613  -0.0000098291
       -0.0001753651  -0.0000051983   0.0000725764  -0.0000204990   0.0000523869
       -0.0818692036   0.0805998734   0.0751965341  -0.0028209257  -0.0060553218
        0.0044151558  -0.0005038694   0.0002182398  -0.0009144670  -0.0002234916
        0.0003298199  -0.0000140919   0.0000277640  -0.0000437090   0.0000667617
        0.0000718090   0.0000497637   0.0000737557   0.0000890151  -0.0000087680
       -0.0000508326   0.0000115178  -0.0000230452   0.0000452553   0.0000261573
        0.0000116854  -0.0000095298   0.0000408467   0.0000267026   0.0000081926
        0.0000205671  -0.0000015692   0.0000154107  -0.0000509486  -0.0000805777
        0.0000517849   0.0000600642  -0.0000372716   0.0000021133   0.0268870344
        0.0026615015  -0.0237967912  -0.0039044768   0.0002044240  -0.0011611574
       -0.0006083280   0.0004040024  -0.0001934586   0.0001223119   0.0000343050
        0.0000215293  -0.0001615176  -0.0000643367  -0.0000453162   0.0000256825
       -0.0000068452  -0.0000429278  -0.0000841038   0.0000622903   0.0000043586
       -0.0000263321  -0.0000339742  -0.0000009549  -0.0000118145  -0.0000133590
       -0.0000273253  -0.0000517123  -0.0000149718  -0.0000232453   0.0002779498
       -0.0001264717  -0.0009708271   0.0014459971  -0.0002176535  -0.0017041102
        0.0005953034   0.0028952722   0.0029636743  -0.0000516265  -0.0005819090
        0.0004825388  -0.0000078379  -0.0031844663   0.0003984495  -0.0002113519
        0.0004295271  -0.0002900235  -0.0000681165  -0.0002976457   0.0000762038
        0.0000003330   0.0001652338  -0.0000641053  -0.0000271096   0.0000155949
       -0.0000191203   0.0005066376  -0.0009545597   0.0001210871  -0.0004012662
        0.0006333318   0.0001958206   0.0000153547  -0.0000166694  -0.0000128583
       -0.0000122473  -0.0000005388   0.0000034549   0.0000029616  -0.0000001023
       -0.0000319321   0.0000472155   0.0002170336  -0.0000604691  -0.0000199967
       -0.0000013426  -0.0000071943   0.0000136726   0.0000154087   0.0000028618
        0.0000130053   0.0000060344  -0.0000097483  -0.0000041693  -0.0000097467
        0.0000033464
       -0.0029332294  -0.0009079351   0.0020913288   0.0015141266   0.0002506856
        0.0001188672   0.0003692798  -0.0009604986  -0.0001555960   0.0000772589
       -0.0000093376  -0.0000256737  -0.0000818271  -0.0002550456  -0.0001223556
        0.0001624520   0.0002948619   0.0002401943  -0.0004719144   0.0000767206
        0.0003376990   0.0000199731   0.0000775375   0.0000021480   0.0000494012
        0.0000430941  -0.0000840285   0.2340424562  -0.0671310657  -0.2264716779
        0.0232353351   0.0148325381   0.0202386102  -0.0025673940  -0.0074409391
       -0.0080872491   0.0011973194   0.0035836510  -0.0001252414   0.0005291743
       -0.0007438103   0.0005219612  -0.0000651245   0.0003317447  -0.0002636188
       -0.2934755435   0.0751965341   0.2408219408   0.0009648862   0.0068863290
       -0.0006713556   0.0019701638  -0.0019893673  -0.0000037383   0.0006406494
       -0.0001663074   0.0002802609   0.0002585882   0.0001325715   0.0000039783
        0.0000070298   0.0000468529   0.0000247189   0.0000076341  -0.0000001094
       -0.0000199166  -0.0000189966   0.0000117271   0.0000365709   0.0000074017
       -0.0000175774  -0.0000040647   0.0000219815   0.0000022457   0.0000276071
       -0.0000009124  -0.0000026741  -0.0000201031  -0.0000661051   0.0000073919
        0.0000317526  -0.0000838329  -0.0000120602  -0.0000080646   0.0397730037
       -0.0194295264  -0.0210451055   0.0004850302  -0.0007550345   0.0020270577
       -0.0005487422  -0.0005222205   0.0010722896   0.0002949027  -0.0001901296
        0.0002220763  -0.0002541648  -0.0001063667   0.0001674270  -0.0000094494
        0.0000759908  -0.0000227369  -0.0000784061   0.0001048390  -0.0000015780
        0.0001480592   0.0001451440   0.0000463831   0.0000133824   0.0000056030
        0.0000761885   0.0000068650  -0.0000106090   0.0000131810  -0.0005297708
       -0.0021792501   0.0004549431  -0.0009769546  -0.0035877461  -0.0011892177
       -0.0044969562   0.0050629902  -0.0223600076   0.0000490902   0.0005191595
        0.0007014093   0.0006178062  -0.0013317131   0.0111032669   0.0002459874
       -0.0000960476   0.0000929018  -0.0004720105  -0.0000622311  -0.0000383575
        0.0003237166  -0.0000581942   0.0000746270  -0.0000038259  -0.0000283178
        0.0000144107  -0.0003772781   0.0003627644   0.0000596541   0.0004120614
       -0.0001530148  -0.0001934008  -0.0000134321   0.0000330189   0.0000154377
        0.0000149603  -0.0000118086  -0.0000034164  -0.0000139416  -0.0000057542
        0.0000235452   0.0001266416   0.0000878654  -0.0000126275  -0.0000825419
       -0.0000329934  -0.0000012433   0.0000122176   0.0000193093   0.0000006170
        0.0000148826   0.0000107837  -0.0000130804   0.0000086357  -0.0000042685
        0.0000004013
       -0.0098327403  -0.0016695308   0.0003899895   0.0039053086   0.0007750765
        0.0008966457  -0.0006507068  -0.0005506908  -0.0004821203   0.0003749622
       -0.0000843597  -0.0000790767  -0.0000504628   0.0000729729  -0.0000507416
        0.0002733214   0.0001505004   0.0002183301  -0.0011056060   0.0001387961
        0.0002947502  -0.0000042822  -0.0000131766   0.0000156670  -0.0001364670
        0.0000143848  -0.0000705783  -0.0008643230   0.0016384979  -0.0005735497
       -0.0001003000  -0.0002839123  -0.0002174004   0.0001834919   0.0004218450
        0.0002425612  -0.0001360837  -0.0002157007   0.0000082913  -0.0000623858
        0.0001854198  -0.0000957857   0.0000083147  -0.0000429710   0.0000471571
        0.0017422487  -0.0028209257   0.0009648862   0.0238267661   0.0398181784
        0.0529271219  -0.0003605731   0.0000212511   0.0009686486   0.0009450472
       -0.0009186689  -0.0005534340  -0.0000250020   0.0000477593   0.0000126063
       -0.0000790335  -0.0000610305  -0.0000509090  -0.0001296257   0.0000112734
        0.0000723233  -0.0000096913   0.0000155595  -0.0000070924  -0.0000330266
        0.0000051778   0.0000183182  -0.0000325439  -0.0000269798  -0.0000183929
       -0.0000066992   0.0000123782   0.0000064078   0.0000832836   0.0000586802
       -0.0000702036   0.0000168101   0.0000279450  -0.0000098084  -0.0000158411
       -0.0001025074  -0.0000094219  -0.0000158775   0.0000206000  -0.0000308123
       -0.0000200128   0.0000148542  -0.0000325262  -0.0000420225   0.0000122157
       -0.0000179929   0.0000059829   0.0000076283  -0.0000329323  -0.0000021634
       -0.0000208416   0.0000193750   0.0000306644  -0.0000363470   0.0000014353
       -0.0000324031  -0.0000491522  -0.0000006076  -0.0000027625   0.0000013205
       -0.0000160278   0.0000040052   0.0000092888  -0.0000005024  -0.0108388561
       -0.0274240017  -0.0515123557  -0.0054769393  -0.0062240569  -0.0009407289
        0.0003792847  -0.0035734983  -0.0026437929  -0.0006427731  -0.0002875601
        0.0000084925  -0.0010086621   0.0010932272   0.0002986211  -0.0000016786
       -0.0002404758   0.0001908740   0.0003900394   0.0002586811  -0.0000415030
       -0.0002445882  -0.0000738317   0.0000093083   0.0000302714   0.0000218593
        0.0000496144  -0.0001302232   0.0003335873  -0.0002649533  -0.0000237741
       -0.0002518186   0.0000884843   0.0000028814  -0.0000064539  -0.0000108205
       -0.0000052448   0.0000060540   0.0000039064   0.0000088613  -0.0000006725
        0.0000035735  -0.0001259356  -0.0002124960   0.0000678760   0.0000827204
        0.0000242176  -0.0000041675  -0.0000185709  -0.0000244106  -0.0000031396
       -0.0000212674  -0.0000136615   0.0000208172  -0.0000051164   0.0000105024
       -0.0000047043
       -0.0008369605   0.0016722467  -0.0008636721   0.0001041347   0.0000115214
        0.0002038325  -0.0000600352   0.0000187388  -0.0000941841   0.0001486956
        0.0000341921  -0.0000107156  -0.0000056553   0.0000792647   0.0000517248
       -0.0001170415  -0.0000588181  -0.0000383478   0.0000081533  -0.0000009911
       -0.0000755991  -0.0000048866  -0.0000138009   0.0000141402  -0.0000095405
       -0.0000351106   0.0000160032   0.0062947076  -0.0015423327  -0.0028264065
       -0.0015441909  -0.0007846083  -0.0009330460   0.0004835561   0.0006927674
        0.0006866517  -0.0001384999  -0.0003332290   0.0000438289  -0.0000421331
        0.0001889826  -0.0001196532   0.0000337106  -0.0000603208   0.0000572313
       -0.0078544203  -0.0060553218   0.0068863290   0.0398181784   0.4161055293
       -0.0483202885   0.0002743811  -0.0012597554   0.0003473377  -0.0006304155
       -0.0005697513   0.0003739710   0.0000722431  -0.0000233206   0.0000561566
        0.0000010071  -0.0000041027   0.0000107534  -0.0000246264   0.0000074423
        0.0000256955   0.0000053715   0.0000350261   0.0000585070  -0.0000129099
        0.0000106561   0.0000068442  -0.0000011995  -0.0000032086  -0.0000081532
        0.0000039343   0.0000077038   0.0000124674   0.0000277607  -0.0000078744
       -0.0000174592   0.0000386382  -0.0000027910  -0.0000070297  -0.0000731821
        0.0001115284   0.0003955595  -0.0001672920  -0.0000338321   0.0000227494
       -0.0000251257   0.0000801580   0.0000012449  -0.0000470858   0.0000127482
       -0.0000319919  -0.0000362352   0.0000121477  -0.0000365705   0.0000110732
       -0.0000242521   0.0000154209  -0.0000040089  -0.0000137752   0.0000033990
       -0.0000380792  -0.0000488620  -0.0000049925  -0.0000043781  -0.0000013460
       -0.0000161618  -0.0000176003  -0.0000002078  -0.0000117061  -0.0226096659
       -0.1075938100  -0.1370459966  -0.0096859903  -0.2976417247   0.1845148662
       -0.0044185412  -0.0044592448  -0.0041189267   0.0000713086   0.0000671275
        0.0006693741   0.0011185216   0.0014183310   0.0000808400  -0.0001050816
        0.0000597117  -0.0000244341   0.0002138429  -0.0000112569   0.0000182983
       -0.0001552753   0.0000526000  -0.0000290099   0.0000064601   0.0000229077
        0.0000207173   0.0001589405  -0.0002582235  -0.0001097087  -0.0001987474
        0.0001586204   0.0001578567   0.0000085477  -0.0000108774  -0.0000102477
       -0.0000086322   0.0000030688   0.0000039391   0.0000052326  -0.0000000721
       -0.0000112429  -0.0000531856  -0.0000116793   0.0000108256   0.0000365981
        0.0000102923  -0.0000067990  -0.0000037246  -0.0000052082   0.0000000687
       -0.0000058456  -0.0000044146   0.0000069463  -0.0000048054   0.0000008111
       -0.0000012364
        0.0014143149  -0.0004662895   0.0011818932  -0.0005413726  -0.0000010443
       -0.0000118861   0.0001568551  -0.0000466758   0.0000211159   0.0000611166
        0.0000247466   0.0000080767   0.0000135284   0.0000066859   0.0000374382
       -0.0001138380  -0.0000202300  -0.0000219898   0.0001249803  -0.0000431102
       -0.0000663847  -0.0000020690   0.0000139953   0.0000077791   0.0000042667
        0.0000119736  -0.0000422310  -0.0034220947  -0.0001914622   0.0006196395
        0.0009966706   0.0005680630   0.0007660195  -0.0001047721  -0.0005836890
       -0.0006239936   0.0001065731   0.0002837873  -0.0000142136   0.0000561820
       -0.0000864978   0.0000457261  -0.0000131252   0.0000353377  -0.0000402408
        0.0041712448   0.0044151558  -0.0006713556   0.0529271219  -0.0483202885
        0.5958060810   0.0007799749   0.0001905699  -0.0012158644  -0.0009085037
        0.0004293186  -0.0005146312   0.0000705859   0.0000357040   0.0000187854
        0.0000095006   0.0000203245   0.0000095419  -0.0000010382   0.0000051038
        0.0000045830  -0.0000013771   0.0000344774   0.0000413641  -0.0000014595
       -0.0000033592  -0.0000012099   0.0000071851   0.0000015164   0.0000088383
       -0.0000020513   0.0000002777  -0.0000023165  -0.0000142099   0.0000048239
       -0.0000005966  -0.0000206913  -0.0000030890  -0.0000088076  -0.0001369835
        0.0001936530  -0.0000034748   0.0000701896   0.0000518113   0.0000287291
       -0.0000334408   0.0000593360   0.0000058851   0.0000485375  -0.0000020029
        0.0000455602  -0.0000026022  -0.0000057115   0.0000179946  -0.0000010598
        0.0000086396   0.0000041442  -0.0000079172   0.0000096120  -0.0000006909
        0.0000209168   0.0000203258   0.0000045214   0.0000029676   0.0000034380
        0.0000177554   0.0000039067  -0.0000022789   0.0000009302  -0.0549051128
       -0.1808339566  -0.3910522058   0.0029461017   0.2289489513  -0.2013884423
       -0.0043283440  -0.0063161636  -0.0007795847   0.0000661531   0.0004956881
        0.0001460021   0.0004628002   0.0010486361  -0.0024268584   0.0000661727
       -0.0000363479   0.0000527246  -0.0001012808   0.0000035679  -0.0000214164
        0.0000720660  -0.0000218195   0.0000329107   0.0000067849   0.0000022142
        0.0000264920  -0.0001065611   0.0000596687  -0.0000672660   0.0000867663
       -0.0000132593   0.0000022937  -0.0000004532   0.0000090751   0.0000022269
        0.0000019934  -0.0000030959   0.0000009117  -0.0000023887  -0.0000032725
        0.0000051631   0.0000246531   0.0000084323   0.0000088332  -0.0000142996
       -0.0000070608  -0.0000047925   0.0000022373   0.0000044109   0.0000007873
        0.0000021900   0.0000016590  -0.0000001854   0.0000025087  -0.0000002763
       -0.0000001087
       -0.1531130620   0.0373620932   0.1638072323  -0.0237066508   0.0065775105
        0.0245629870   0.0023897079   0.0019600120   0.0012659072  -0.0005591794
        0.0004424310   0.0001068301   0.0002861116  -0.0000464109   0.0000212886
       -0.0011263324   0.0006411612   0.0003530469  -0.0035531054  -0.0018851605
       -0.0008088911   0.0000090391  -0.0000575132  -0.0000041599   0.0000833664
       -0.0000062342   0.0000514269   0.0033295190  -0.0007214692  -0.0010032997
       -0.0005004713  -0.0003293357  -0.0002829532   0.0000885449  -0.0000011330
        0.0001801840   0.0000235829   0.0000263661  -0.0000092766   0.0000171845
       -0.0000324278   0.0000113886   0.0000046930   0.0000049973  -0.0000083184
       -0.0024419456  -0.0005038694   0.0019701638  -0.0003605731   0.0002743811
        0.0007799749   0.1796893135  -0.0415865655  -0.1816200591   0.0044511750
       -0.0036092780  -0.0088995057   0.0000108643  -0.0004362232  -0.0002338592
        0.0001473012   0.0000368464   0.0000376932  -0.0002717663  -0.0000648793
       -0.0000294875   0.0000587573  -0.0002642552  -0.0001061513   0.0000338228
       -0.0000009048  -0.0000134944   0.0000153609   0.0000155516   0.0000080308
        0.0000047186  -0.0000096543  -0.0000001203  -0.0000294307  -0.0000225586
        0.0000312865   0.0000028761  -0.0000143243   0.0000056155  -0.0000713494
        0.0000494154  -0.0000800860  -0.0000292810  -0.0000144530   0.0000185546
       -0.0000017029   0.0000315358   0.0000098661   0.0000057093  -0.0000038130
       -0.0000041891  -0.0000160215  -0.0000023567   0.0000093137   0.0000034194
        0.0000046732  -0.0000045630  -0.0000140883   0.0000133642  -0.0000007519
        0.0000061636   0.0000103766  -0.0000012352  -0.0000001312  -0.0000007069
        0.0000037586  -0.0000063772  -0.0000043226  -0.0000023827  -0.0025028597
        0.0000641039   0.0005570050  -0.0010353380   0.0004927150  -0.0006145898
       -0.0013469159  -0.0001617368  -0.0001837727  -0.0000550433   0.0000800696
        0.0003099152   0.0000777737   0.0015977315  -0.0001261760  -0.0000334584
        0.0001383213  -0.0001133393  -0.0001581026  -0.0001310349   0.0000241056
        0.0000941813   0.0000461796  -0.0000137261  -0.0000154408  -0.0000058445
       -0.0000293753   0.0001177903  -0.0002169562   0.0001289083  -0.0000410029
        0.0001519857  -0.0000175136  -0.0000007747  -0.0000009708   0.0000018860
        0.0000012114  -0.0000011476  -0.0000022246  -0.0000033440   0.0000007867
       -0.0000048208   0.0000537704   0.0001074196  -0.0000343771  -0.0000315902
       -0.0000065235   0.0000009752   0.0000086342   0.0000105562   0.0000013544
        0.0000094997   0.0000060503  -0.0000082588   0.0000012467  -0.0000045715
        0.0000022597
        0.0217126931  -0.0453327866  -0.0711792543   0.0058879221   0.0003946356
        0.0048973377  -0.0012011127  -0.0010068449  -0.0001037451   0.0001566406
       -0.0002355354   0.0001358191  -0.0002869280  -0.0001608347  -0.0003158053
        0.0008186437   0.0007698254  -0.0000942746  -0.0022455616   0.0019078730
        0.0001900697   0.0000282393  -0.0000339041   0.0000211034  -0.0001141753
        0.0000017808  -0.0000504875  -0.0023012537  -0.0000412707   0.0022846378
        0.0004218252   0.0005997741   0.0003433028  -0.0003033846  -0.0002322331
       -0.0003656459   0.0000094983   0.0000671565   0.0000040121   0.0000024386
       -0.0000811296   0.0000516701  -0.0000183808   0.0000268343  -0.0000187493
        0.0009476856   0.0002182398  -0.0019893673   0.0000212511  -0.0012597554
        0.0001905699  -0.0415865655   0.0520801171   0.0876106960   0.0160720153
       -0.0063976215  -0.0219929423  -0.0002332289  -0.0002004991  -0.0002038159
       -0.0000188700   0.0000111724  -0.0000621732   0.0000378469  -0.0000935970
        0.0001014409  -0.0000051608   0.0000797124  -0.0000188518  -0.0000098489
       -0.0000079000  -0.0000058608  -0.0000232316  -0.0000103106  -0.0000060211
       -0.0000060303   0.0000056839  -0.0000053141   0.0000108465   0.0000216884
       -0.0000197939  -0.0000214320   0.0000138178  -0.0000007153   0.0000630920
       -0.0001019144   0.0000632865   0.0000472243  -0.0000114128  -0.0000408193
        0.0000456449  -0.0000588317   0.0000054480   0.0000149541  -0.0000040222
        0.0000078884   0.0000239236  -0.0000044022   0.0000082680  -0.0000074533
        0.0000125583  -0.0000096543   0.0000070554   0.0000036067  -0.0000013621
        0.0000140352   0.0000173427   0.0000032706   0.0000016675  -0.0000007607
        0.0000033305   0.0000120245   0.0000022422   0.0000077111   0.0000318577
        0.0010285756   0.0000738290   0.0006457946   0.0004512449   0.0001637423
       -0.0002293626  -0.0008088280   0.0008285444   0.0000611116   0.0000304920
       -0.0004100220   0.0014631066  -0.0015689941  -0.0001499717   0.0000856455
       -0.0001435450   0.0001121754   0.0000520537   0.0001027681  -0.0000149012
       -0.0000185726  -0.0000590459   0.0000192850   0.0000118312  -0.0000060247
        0.0000199732  -0.0001819682   0.0003026523  -0.0000636496   0.0001290139
       -0.0001983086  -0.0000644406  -0.0000015239   0.0000073602   0.0000031513
        0.0000028222  -0.0000004169   0.0000004529   0.0000010771  -0.0000005280
        0.0000087853  -0.0000277802  -0.0000892997   0.0000234016   0.0000111911
       -0.0000005918   0.0000024215  -0.0000060512  -0.0000067651  -0.0000008969
       -0.0000056883  -0.0000031728   0.0000042558   0.0000008919   0.0000039330
       -0.0000013453
        0.1780635739  -0.0920270256  -0.2793847251  -0.0043960443   0.0027852164
        0.0032091689  -0.0015411161   0.0009110239   0.0006937021   0.0000815981
       -0.0001750093  -0.0001826682   0.0000378354   0.0000717785   0.0001435845
       -0.0001658030  -0.0003528624   0.0003858983  -0.0000394135  -0.0008410285
        0.0006997253  -0.0000086208   0.0000461837  -0.0000660054   0.0000296838
       -0.0000009256   0.0000319039   0.0007431915   0.0015226106  -0.0014297965
       -0.0003502499  -0.0005502650  -0.0003310279   0.0001443069   0.0003901919
        0.0004104871  -0.0000791008  -0.0001681185  -0.0000063376  -0.0000344587
        0.0000734761  -0.0000406349   0.0000102071  -0.0000277136   0.0000269935
        0.0002166155  -0.0009144670  -0.0000037383   0.0009686486   0.0003473377
       -0.0012158644  -0.1816200591   0.0876106960   0.2881568195   0.0083740462
        0.0016999077  -0.0114506608  -0.0001817003  -0.0000377420  -0.0002882846
       -0.0000483222  -0.0000442663   0.0000070747  -0.0001043283   0.0000684483
       -0.0000543667  -0.0000597998   0.0000283076   0.0000305644  -0.0000023245
        0.0000037810   0.0000055349  -0.0000100087  -0.0000046974  -0.0000056450
        0.0000020289  -0.0000016252   0.0000032113   0.0000122030   0.0000010368
       -0.0000026003   0.0000155086  -0.0000003145   0.0000038857   0.0000146159
       -0.0001456411   0.0000227991  -0.0000295234  -0.0000157858  -0.0000067082
        0.0000025712  -0.0000332156  -0.0000030252  -0.0000381496  -0.0000003907
       -0.0000326281  -0.0000028546   0.0000045205  -0.0000143106   0.0000027042
       -0.0000077700   0.0000013348   0.0000051999  -0.0000081475   0.0000005678
       -0.0000152256  -0.0000165674  -0.0000044293  -0.0000021976  -0.0000016951
       -0.0000106556  -0.0000038505   0.0000019270  -0.0000023787   0.0009330771
        0.0001340480   0.0005618071  -0.0010171773   0.0000286492   0.0002952335
       -0.0000300829  -0.0003034161  -0.0011257402   0.0000769895   0.0000551964
       -0.0001883944   0.0000839572  -0.0001128314   0.0011876719  -0.0000545648
        0.0000295752  -0.0000358634   0.0000585331  -0.0000091062   0.0000111141
       -0.0000444148   0.0000195920  -0.0000203306  -0.0000039122   0.0000028018
       -0.0000116390   0.0000834364  -0.0000778034   0.0000171052  -0.0000709392
        0.0000378623   0.0000250152   0.0000000329  -0.0000062001  -0.0000038488
       -0.0000018846   0.0000019003  -0.0000005543   0.0000012321   0.0000007547
       -0.0000040639  -0.0000112324   0.0000056114  -0.0000060126   0.0000081211
        0.0000044840   0.0000005465  -0.0000005146  -0.0000014298  -0.0000000300
       -0.0000007048  -0.0000006362   0.0000008564  -0.0000013391  -0.0000002217
        0.0000003628
       -0.0736118998  -0.0871270854  -0.0362370309  -0.0114315882  -0.0274234621
       -0.0166993396  -0.0042259933  -0.0007979190   0.0005039450  -0.0006022896
       -0.0003311033  -0.0011122636   0.0002139300   0.0000554426   0.0001160078
       -0.0003876428   0.0000045905  -0.0005085718   0.0025000919  -0.0002687866
       -0.0014172007  -0.0000026902  -0.0000178879   0.0000693587   0.0000410917
       -0.0000077858   0.0000100826   0.0018163746  -0.0004925373   0.0000218996
       -0.0001914720  -0.0001071330  -0.0001710347   0.0000175586  -0.0000000506
        0.0000845378   0.0000188461   0.0000153503  -0.0000058715   0.0000111095
       -0.0000125880   0.0000042492   0.0000026621   0.0000024888  -0.0000051473
       -0.0014111810  -0.0002234916   0.0006406494   0.0009450472  -0.0006304155
       -0.0009085037   0.0044511750   0.0160720153   0.0083740462   0.0826130818
        0.1001433479   0.0463025488  -0.0000100058  -0.0000156223   0.0002614426
       -0.0002908223  -0.0000863031  -0.0000207362   0.0001125418   0.0000184470
        0.0000065124  -0.0001124693   0.0001634000   0.0005585173  -0.0000012211
       -0.0000003903  -0.0000043063   0.0000263916   0.0000169178   0.0000132856
        0.0000032920  -0.0000013140   0.0000004439  -0.0000237496  -0.0000259668
        0.0000216603   0.0000001274  -0.0000095510   0.0000003264  -0.0000357104
        0.0001473785  -0.0002048058  -0.0000155141  -0.0000061918   0.0000097688
        0.0000003514   0.0000102741   0.0000034119   0.0000044944  -0.0000001051
        0.0000026408  -0.0000014106   0.0000011209   0.0000025669   0.0000023434
        0.0000008814  -0.0000010807  -0.0000061306   0.0000048054   0.0000001782
        0.0000034482   0.0000049155  -0.0000005390   0.0000000290   0.0000001047
        0.0000026372  -0.0000030008  -0.0000027747  -0.0000024283   0.0002120250
        0.0001447275   0.0002072141  -0.0004329804   0.0006532487   0.0000979636
       -0.0004473792  -0.0001569092   0.0000120098   0.0000462774   0.0000813735
        0.0000454149   0.0001958055   0.0001498518  -0.0000563666  -0.0000162451
        0.0000891321  -0.0000577128  -0.0000814286  -0.0000804558   0.0000121231
        0.0000485788   0.0000314738  -0.0000030285  -0.0000073746  -0.0000017816
       -0.0000083895   0.0000686673  -0.0001568665   0.0000493619  -0.0000275335
        0.0001102973   0.0000103515   0.0000013233  -0.0000000667   0.0000014785
        0.0000003281  -0.0000013424  -0.0000001735  -0.0000019416   0.0000003748
       -0.0000026043   0.0000290169   0.0000623623  -0.0000167878  -0.0000174616
       -0.0000043327  -0.0000000884   0.0000049751   0.0000057181   0.0000006692
        0.0000052734   0.0000031229  -0.0000044464   0.0000008774  -0.0000029431
        0.0000011537
       -0.0990353093  -0.3007007868  -0.1773867159   0.0036546987  -0.0034108574
        0.0012528725  -0.0015814536   0.0003143273  -0.0011676280   0.0003807989
        0.0005366828  -0.0005759731  -0.0002166584   0.0002134986   0.0001632531
       -0.0000073101  -0.0001495668  -0.0002825982   0.0007907417   0.0006848959
        0.0013184034   0.0000193052  -0.0000844123   0.0000644462  -0.0000763956
       -0.0000042146  -0.0000349481  -0.0012953059  -0.0007246737  -0.0004418792
        0.0003390850   0.0002484380   0.0004462016  -0.0001733350  -0.0002246989
       -0.0002740545   0.0000323251   0.0001272451  -0.0000077498   0.0000197691
       -0.0000508242   0.0000337052  -0.0000122683   0.0000210324  -0.0000175203
        0.0006737347   0.0003298199  -0.0001663074  -0.0009186689  -0.0005697513
        0.0004293186  -0.0036092780  -0.0063976215   0.0016999077   0.1001433479
        0.3103483533   0.1745091393  -0.0000143312   0.0000322610   0.0000702705
        0.0000256064  -0.0000952747   0.0000777040   0.0000556841   0.0000460621
       -0.0000045508  -0.0001303966  -0.0002264702   0.0001463940  -0.0000003272
       -0.0000014396  -0.0000007465  -0.0000053188   0.0000035270   0.0000072666
       -0.0000052984   0.0000010044  -0.0000010767  -0.0000004796   0.0000162374
       -0.0000126272  -0.0000168070   0.0000070443  -0.0000034363   0.0000628030
       -0.0000485929   0.0003632301   0.0000113713   0.0000232033  -0.0000060655
        0.0000068166   0.0000032268   0.0000128000   0.0000199633   0.0000023094
        0.0000184868   0.0000120558  -0.0000028517   0.0000063719  -0.0000037983
        0.0000062378  -0.0000022995   0.0000023671   0.0000019706   0.0000000503
        0.0000111963   0.0000123325   0.0000035813   0.0000015353   0.0000007557
        0.0000053159   0.0000073036   0.0000002013   0.0000038308   0.0001309156
        0.0000399218  -0.0001514593   0.0005000132  -0.0001336616  -0.0001223465
        0.0001829161  -0.0000164628   0.0002133477   0.0000004979  -0.0000258996
       -0.0000669399  -0.0000166765  -0.0000963335  -0.0001603034   0.0000666129
       -0.0000896817   0.0000757570   0.0000030514   0.0000585216  -0.0000129422
        0.0000093223  -0.0000402976   0.0000183402   0.0000083405  -0.0000032256
        0.0000209153  -0.0001318292   0.0001730758  -0.0000632775   0.0000892220
       -0.0001054770  -0.0000256524  -0.0000004561   0.0000073326   0.0000038957
        0.0000020382  -0.0000011534   0.0000009932  -0.0000002313  -0.0000013083
        0.0000063742  -0.0000107483  -0.0000501458   0.0000158178   0.0000039851
       -0.0000014212   0.0000005931  -0.0000029728  -0.0000031622  -0.0000005095
       -0.0000027411  -0.0000014833   0.0000018908   0.0000009712   0.0000022316
       -0.0000008673
       -0.0288221986  -0.1491969863  -0.1043397276  -0.0093081651  -0.0031976059
       -0.0050717569  -0.0002052193   0.0000990085   0.0022425932  -0.0009991142
       -0.0005476869   0.0000265154   0.0004647699  -0.0001249478  -0.0000790280
       -0.0002948159   0.0000797296  -0.0003155202   0.0019700131   0.0003895299
       -0.0006093091  -0.0000178946   0.0000091951  -0.0000072612   0.0000941826
        0.0000185898   0.0000439494   0.0014305735   0.0001302968   0.0007137290
       -0.0002884786  -0.0002232704  -0.0003731629   0.0001167286   0.0000925563
        0.0002423318   0.0000142930  -0.0000345285   0.0000041182  -0.0000039219
        0.0000164704  -0.0000094382   0.0000067825  -0.0000057854   0.0000048512
       -0.0008339680  -0.0000140919   0.0002802609  -0.0005534340   0.0003739710
       -0.0005146312  -0.0088995057  -0.0219929423  -0.0114506608   0.0463025488
        0.1745091393   0.1199740392  -0.0000093074  -0.0000519758   0.0001782232
       -0.0001510596   0.0000331263  -0.0000705278   0.0000269365  -0.0000385538
        0.0000067049  -0.0000296929  -0.0001879025  -0.0001654139   0.0000125267
        0.0000007512  -0.0000019266   0.0000251672   0.0000051580  -0.0000023434
        0.0000057612  -0.0000060993  -0.0000031126  -0.0000022382  -0.0000158729
        0.0000242037   0.0000132799  -0.0000070892   0.0000079963  -0.0000892352
        0.0001914756  -0.0005778033   0.0000228724  -0.0000086875  -0.0000066303
       -0.0000039390   0.0000011678  -0.0000208322  -0.0000042033  -0.0000030987
       -0.0000098230  -0.0000015815   0.0000009261   0.0000024865   0.0000008823
       -0.0000009582  -0.0000010358  -0.0000023092  -0.0000004413  -0.0000003654
       -0.0000022847  -0.0000027299  -0.0000013732  -0.0000011561  -0.0000012920
       -0.0000023548  -0.0000040643  -0.0000000915  -0.0000014979   0.0001011784
       -0.0001943644   0.0000127704  -0.0002476200  -0.0000071118   0.0002150029
        0.0002437297  -0.0001542094  -0.0003392273   0.0000185359  -0.0000517630
        0.0000047880  -0.0000817039   0.0000440332   0.0000619218  -0.0000639054
        0.0000975390  -0.0001006179  -0.0000496907  -0.0000662171   0.0000123424
        0.0000233360   0.0000362003  -0.0000193922  -0.0000144169  -0.0000043335
       -0.0000429464   0.0001331813  -0.0001227043   0.0001378831  -0.0000607756
        0.0000682790  -0.0000256905  -0.0000027814  -0.0000073975  -0.0000019292
        0.0000005669   0.0000025143  -0.0000034929  -0.0000016040   0.0000022684
       -0.0000046882   0.0000243922   0.0000623292  -0.0000236097  -0.0000112155
        0.0000011603   0.0000017251   0.0000045374   0.0000043772   0.0000006177
        0.0000048383   0.0000032914  -0.0000034615  -0.0000001133  -0.0000023448
        0.0000015380
        0.0009582692  -0.0000593781  -0.0007379728   0.0055239818  -0.0028664499
       -0.0047210011  -0.1587649312   0.0673554574   0.1134405938  -0.0201420284
        0.0111510583   0.0183120286  -0.0041570594  -0.0027743712  -0.0001981663
        0.0000560378  -0.0000912487  -0.0002168246  -0.0000471796  -0.0015971272
       -0.0006535884  -0.0007285135   0.0005108560   0.0008490128  -0.0000247961
        0.0000807903  -0.0000570785   0.0002992008  -0.0000701086  -0.0000697438
       -0.0000790774  -0.0000394925  -0.0001509422   0.0000210199   0.0000903950
        0.0000269774  -0.0000160009   0.0000047007   0.0000179792  -0.0000060539
       -0.0000301971   0.0000086913  -0.0000052395   0.0000036684   0.0000010525
       -0.0002106541   0.0000277640   0.0002585882  -0.0000250020   0.0000722431
        0.0000705859   0.0000108643  -0.0002332289  -0.0001817003  -0.0000100058
       -0.0000143312  -0.0000093074   0.1766920633  -0.0723827907  -0.1254446331
        0.0012838332   0.0008292561  -0.0000462674  -0.0000167177   0.0001756406
       -0.0000747862   0.0002138075  -0.0001463760  -0.0003440130  -0.0002813790
       -0.0000663714   0.0000541958   0.0000859010   0.0000208483   0.0000122737
        0.0000033321  -0.0000042052  -0.0000009660  -0.0000054606  -0.0000026364
       -0.0000103918  -0.0000076400   0.0000070201  -0.0000003811  -0.0000135724
        0.0000138631   0.0000043800  -0.0000075658  -0.0000007993  -0.0000015285
       -0.0000003465   0.0000567012  -0.0000486090  -0.0000042062  -0.0000102085
       -0.0000131184  -0.0000025476   0.0000033687  -0.0000023976  -0.0000022159
        0.0000076299  -0.0000069017  -0.0000010458   0.0000054925  -0.0000007847
        0.0000022498   0.0000037182   0.0000007743   0.0000002370  -0.0000014190
       -0.0000018472   0.0000022132   0.0000002427   0.0000034834  -0.0000275321
       -0.0001045238  -0.0000587615   0.0000122669  -0.0000198321  -0.0000405288
       -0.0008927240   0.0001636178   0.0001005787   0.0002218126   0.0000253789
        0.0001006462   0.0000772342  -0.0000356187  -0.0002018007   0.0000379174
       -0.0000649575   0.0000599429   0.0000416752   0.0000622516  -0.0000153652
       -0.0000276327  -0.0000392089   0.0000097388   0.0000072241  -0.0000006703
        0.0000144929  -0.0000728809   0.0001110237  -0.0000459890   0.0000405881
       -0.0000730524  -0.0000141876   0.0000021584   0.0000013498   0.0000026144
       -0.0000003874  -0.0000009741   0.0000017616   0.0000017523   0.0000001594
        0.0000026641  -0.0000177288  -0.0000509473   0.0000134746   0.0000112346
        0.0000008828   0.0000012503  -0.0000040583  -0.0000042307  -0.0000003693
       -0.0000042914  -0.0000027362   0.0000029503  -0.0000003999   0.0000021128
       -0.0000007784
        0.0011439438  -0.0006868472   0.0018149458   0.0113967493  -0.0074657127
       -0.0137706227   0.0676871947  -0.0773127722  -0.0746071246  -0.0044500208
        0.0027567007   0.0042386260  -0.0019699302   0.0044620583  -0.0034539259
       -0.0000834886  -0.0000603394   0.0002136089  -0.0021305909   0.0020609014
       -0.0053182637  -0.0001953908   0.0001698067  -0.0000284123   0.0000255272
        0.0000155917  -0.0000134070   0.0002250815   0.0000405657  -0.0000846985
       -0.0000510514  -0.0000436507   0.0001519692   0.0001061661  -0.0001985363
        0.0000540023  -0.0000339691  -0.0000784960   0.0000208808  -0.0000058855
       -0.0000196112   0.0000049888  -0.0000030551   0.0000013668  -0.0000040666
       -0.0001373636  -0.0000437090   0.0001325715   0.0000477593  -0.0000233206
        0.0000357040  -0.0004362232  -0.0002004991  -0.0000377420  -0.0000156223
        0.0000322610  -0.0000519758  -0.0723827907   0.0799899992   0.0881496563
        0.0004312084  -0.0015342808   0.0019877106   0.0002222561  -0.0008383794
        0.0007361632   0.0005796661  -0.0007181462  -0.0003190478  -0.0000797960
       -0.0000386958   0.0000440852   0.0000097190   0.0000063587   0.0000217279
       -0.0000041989  -0.0000039294  -0.0000004261  -0.0000051360   0.0000107140
        0.0000005227  -0.0000048459  -0.0000005178  -0.0000018786  -0.0000055831
       -0.0000036009  -0.0000011605   0.0000005749  -0.0000200252   0.0000243070
        0.0000077225  -0.0000572949   0.0000686955  -0.0000067808  -0.0000589049
        0.0000265285  -0.0000159655  -0.0000118611   0.0000030886   0.0000014533
        0.0000063055  -0.0000027445  -0.0000025556   0.0000056612  -0.0000004706
        0.0000023911   0.0000041925   0.0000008505   0.0000007297   0.0000002285
        0.0000026250   0.0000013386  -0.0000011922   0.0000000756  -0.0000377297
        0.0000248116  -0.0000065050  -0.0000081092   0.0000284973  -0.0000271702
        0.0001636959  -0.0002330006   0.0000525353  -0.0000184707  -0.0000120213
       -0.0000184184   0.0000058080   0.0000435761  -0.0000412396   0.0000225355
       -0.0000010701  -0.0000009619  -0.0000238855   0.0000006847  -0.0000052342
        0.0000177901  -0.0000012590   0.0000081589   0.0000000849  -0.0000015297
        0.0000028493  -0.0000171188  -0.0000051516   0.0000041741   0.0000195151
        0.0000081356  -0.0000075180   0.0000007963   0.0000013514   0.0000014803
        0.0000004145  -0.0000005774   0.0000003664  -0.0000003131  -0.0000000854
        0.0000004848   0.0000072928   0.0000047430   0.0000005156  -0.0000036058
       -0.0000013959  -0.0000008486   0.0000006332   0.0000013063   0.0000004729
        0.0000006854   0.0000006424  -0.0000006749   0.0000007436  -0.0000000463
        0.0000001663
        0.0003468812   0.0019952096   0.0001150050   0.0136731128  -0.0093426220
       -0.0133724277   0.1122208531  -0.0753238450  -0.1501027959   0.0005334694
        0.0008680873   0.0010360710   0.0002834223  -0.0029782735   0.0037868548
       -0.0008043622  -0.0000538560  -0.0000883191  -0.0009217604  -0.0055706939
       -0.0004260282  -0.0000684361  -0.0000924014   0.0001790267  -0.0000040291
       -0.0000105528  -0.0000100635  -0.0001916872  -0.0002542254  -0.0000417128
        0.0001587462  -0.0000427973  -0.0000749129  -0.0000248727   0.0001946701
        0.0000258066   0.0000253587   0.0000394942  -0.0000069639   0.0000092118
        0.0000334973  -0.0000182474   0.0000059193  -0.0000085504   0.0000057177
        0.0000909813   0.0000667617   0.0000039783   0.0000126063   0.0000561566
        0.0000187854  -0.0002338592  -0.0002038159  -0.0002882846   0.0002614426
        0.0000702705   0.0001782232  -0.1254446331   0.0881496563   0.1615481707
       -0.0005914339   0.0018883091  -0.0006548411  -0.0000821250   0.0006930628
       -0.0005648617   0.0006225506  -0.0002716339  -0.0009169427   0.0000132012
        0.0000284483  -0.0000210724   0.0000276715   0.0000119495   0.0000015406
        0.0000079875   0.0000055704  -0.0000005254  -0.0000149142  -0.0000283640
        0.0000102089   0.0000067910  -0.0000038964  -0.0000037733  -0.0000007617
        0.0000329062   0.0000238731  -0.0000171735   0.0000198571  -0.0000022756
       -0.0000321043   0.0000497928  -0.0000347149   0.0000107562   0.0000344448
        0.0000011164   0.0000098754   0.0000104638  -0.0000132495   0.0000026630
       -0.0000093361   0.0000056311  -0.0000004037  -0.0000077566   0.0000024585
       -0.0000055987  -0.0000078876   0.0000011894  -0.0000010153   0.0000003616
       -0.0000012002  -0.0000031849  -0.0000018374  -0.0000036357  -0.0000229723
       -0.0000267999  -0.0000055744  -0.0000138902  -0.0000345825  -0.0000069183
        0.0004455702   0.0000345644  -0.0002918128  -0.0000055011   0.0000080232
        0.0000147302  -0.0002602534  -0.0000330884  -0.0000272190  -0.0000298424
        0.0000587192  -0.0000231593  -0.0000040937  -0.0000380307   0.0000034734
       -0.0000028026   0.0000179506  -0.0000013680  -0.0000020730   0.0000045526
        0.0000036332   0.0000596299  -0.0001415183  -0.0000068526  -0.0000515007
        0.0000912727   0.0000495094   0.0000035113  -0.0000015647   0.0000007696
       -0.0000017984  -0.0000002509   0.0000015160   0.0000001311  -0.0000000372
       -0.0000030678   0.0000043420   0.0000232650  -0.0000027927  -0.0000025424
       -0.0000009315  -0.0000017771   0.0000016275   0.0000022312   0.0000007785
        0.0000013388   0.0000006771  -0.0000011465  -0.0000000269  -0.0000010760
        0.0000004692
       -0.0004524481  -0.0009153364  -0.0011020164  -0.0048066858  -0.0016080971
        0.0010763390  -0.0102794001  -0.0189972590  -0.0205523860  -0.0710247235
       -0.0531477857  -0.0563610432   0.0057399810   0.0112756436   0.0131353862
       -0.0018646303   0.0003758739   0.0028721441   0.0000263588   0.0000287645
       -0.0000390938   0.0008821948   0.0008613530   0.0002088259   0.0001259305
        0.0000944549   0.0000254307   0.0000118963  -0.0001995227   0.0000483159
        0.0000591389   0.0000798307   0.0000611887  -0.0000665203  -0.0001140278
       -0.0000584325  -0.0000065109   0.0000350036  -0.0000285499   0.0000215035
        0.0000059945   0.0000108136  -0.0000020417   0.0000107243  -0.0000085192
       -0.0000537237   0.0000718090   0.0000070298  -0.0000790335   0.0000010071
        0.0000095006   0.0001473012  -0.0000188700  -0.0000483222  -0.0002908223
        0.0000256064  -0.0001510596   0.0012838332   0.0004312084  -0.0005914339
        0.0806512561   0.0608471375   0.0611098535   0.0001933226   0.0005810262
        0.0006310327   0.0000293336   0.0001593469  -0.0002132264   0.0000166847
       -0.0000027563  -0.0000159989  -0.0002980243   0.0000071775  -0.0000030034
       -0.0000350307  -0.0000010771   0.0000249085   0.0000037692   0.0000102296
       -0.0000081313   0.0000036951   0.0000011556  -0.0000047173   0.0000063272
        0.0000135899   0.0000058196   0.0000022680  -0.0000054343   0.0000073741
        0.0000077703   0.0000046496   0.0000022163  -0.0000095776   0.0000312905
        0.0000183131   0.0000003362   0.0000312778  -0.0000535271   0.0000008528
       -0.0000042919   0.0000057896   0.0000030584  -0.0000077297   0.0000025777
        0.0000025529   0.0000005784   0.0000032206  -0.0000001639   0.0000013821
        0.0000033496   0.0000019240   0.0000000347  -0.0000004838   0.0000271497
       -0.0000057756  -0.0000142755   0.0000303961  -0.0000104574   0.0000025481
       -0.0000154385   0.0000601362   0.0000604457  -0.0000075075  -0.0000080643
       -0.0000133355   0.0000148598  -0.0000335300  -0.0000212289  -0.0000136223
       -0.0000153556   0.0000042070   0.0000253481   0.0000266726  -0.0000345117
       -0.0000074567   0.0000011731  -0.0000011211   0.0000036909   0.0000031508
        0.0000085203  -0.0000242466   0.0000056220  -0.0000384210   0.0000016995
       -0.0000024255   0.0000163059   0.0000007812   0.0000015778   0.0000018834
       -0.0000004540  -0.0000005667   0.0000010920   0.0000007568  -0.0000003426
        0.0000003516   0.0000089668   0.0000100723   0.0000004178   0.0000033060
        0.0000037780  -0.0000027609   0.0000006200   0.0000009486   0.0000001108
       -0.0000003585  -0.0000005745   0.0000005845  -0.0000004435  -0.0000000015
       -0.0000002973
       -0.0002364810  -0.0003878094  -0.0003735262  -0.0022520520   0.0050558132
       -0.0035872978  -0.0031136741  -0.0045212798  -0.0061268324  -0.0543030344
       -0.1421509440  -0.1225103590  -0.0025324437  -0.0077181388  -0.0106103812
        0.0010908966   0.0036841938  -0.0045879466  -0.0001996093  -0.0000433325
        0.0004049099  -0.0001590619  -0.0011276969   0.0016736223  -0.0003426033
       -0.0001221056   0.0000205615   0.0000803051  -0.0001394770   0.0000102207
        0.0000363945   0.0000594601   0.0000354270  -0.0000661899  -0.0000519318
       -0.0000757153   0.0000500593   0.0000217208   0.0000445690  -0.0000085158
       -0.0000370909  -0.0000007946  -0.0000084167   0.0000038488  -0.0000136502
       -0.0000966559   0.0000497637   0.0000468529  -0.0000610305  -0.0000041027
        0.0000203245   0.0000368464   0.0000111724  -0.0000442663  -0.0000863031
       -0.0000952747   0.0000331263   0.0008292561  -0.0015342808   0.0018883091
        0.0608471375   0.1505464113   0.1428953548  -0.0001333475  -0.0004868645
       -0.0003779190   0.0001064825  -0.0009103686   0.0006885312   0.0000021372
        0.0000083898   0.0000435897   0.0004581261   0.0002296748   0.0001712539
       -0.0001222370  -0.0000804615   0.0000753880  -0.0000244468  -0.0000173745
        0.0000315604  -0.0000122654  -0.0000019774  -0.0000148065  -0.0000009550
        0.0000105354   0.0000031762  -0.0000024188  -0.0000076769   0.0000097540
       -0.0000022522   0.0000098240   0.0000024867   0.0000264357  -0.0000478706
        0.0000204440   0.0000952641  -0.0001968871   0.0001697911   0.0000015019
        0.0000049126  -0.0000007797  -0.0000022389   0.0000066206  -0.0000020565
        0.0000044227   0.0000036712   0.0000022587   0.0000004811   0.0000037468
        0.0000079906   0.0000030757   0.0000001079  -0.0000036670   0.0000178855
       -0.0000025962  -0.0000170235   0.0000261792  -0.0000014349  -0.0000056025
       -0.0000085770   0.0000346569   0.0000749834  -0.0000106518  -0.0000026405
       -0.0000183534   0.0000087433  -0.0000180591  -0.0000399973   0.0000308787
        0.0000517582  -0.0000161625  -0.0000192103  -0.0000670034  -0.0000355303
        0.0000402049  -0.0000026718   0.0000485988   0.0000035252   0.0000012465
        0.0000107939  -0.0000169788  -0.0000569644  -0.0000029654   0.0000272171
        0.0000511820   0.0000066213   0.0000031421   0.0000013885   0.0000043129
       -0.0000001749  -0.0000015236   0.0000013808  -0.0000006098  -0.0000001145
        0.0000007754  -0.0000036914  -0.0000097443   0.0000219188  -0.0000011990
       -0.0000046364  -0.0000041036   0.0000001120   0.0000011786   0.0000003355
       -0.0000010704  -0.0000008157   0.0000014973   0.0000016863  -0.0000001272
       -0.0000009838
       -0.0002613036   0.0000894629  -0.0002136270   0.0004060080  -0.0034349024
        0.0038941664  -0.0022486371  -0.0022671307  -0.0012072284  -0.0557241285
       -0.1235929073  -0.1729579573  -0.0059699113  -0.0130466689  -0.0134372519
        0.0034953964  -0.0047222381   0.0001141041   0.0004644730   0.0004451706
        0.0001009365  -0.0011449530   0.0014478321  -0.0002473352   0.0003190381
        0.0000603827  -0.0001417037  -0.0000124396  -0.0002229769   0.0000136326
        0.0000820977   0.0001001937   0.0000584257  -0.0000882142  -0.0001743420
       -0.0000725917  -0.0000219442   0.0000640230   0.0000085512   0.0000376272
        0.0000108063  -0.0000110974  -0.0000017193   0.0000116738  -0.0000097335
       -0.0000418163   0.0000737557   0.0000247189  -0.0000509090   0.0000107534
        0.0000095419   0.0000376932  -0.0000621732   0.0000070747  -0.0000207362
        0.0000777040  -0.0000705278  -0.0000462674   0.0019877106  -0.0006548411
        0.0611098535   0.1428953548   0.1863068162  -0.0002134815  -0.0006693650
       -0.0008354745  -0.0001619322   0.0006864528  -0.0005790674  -0.0002464252
       -0.0000267738   0.0000976186   0.0001825631  -0.0000889737  -0.0000611267
        0.0001285488   0.0001198685  -0.0001364777  -0.0000335650  -0.0000517029
        0.0000462323   0.0000043428  -0.0000057510  -0.0000205732   0.0000069946
        0.0000216735   0.0000096765   0.0000018392  -0.0000028306   0.0000122282
        0.0000143614   0.0000088810   0.0000030694  -0.0000175000   0.0000453912
        0.0000161345  -0.0000247119   0.0001133497  -0.0001563890   0.0000026286
       -0.0000048372   0.0000081700   0.0000070122  -0.0000183850   0.0000061854
        0.0000025183  -0.0000045157   0.0000034920   0.0000001201   0.0000029432
        0.0000059746   0.0000040033  -0.0000025621  -0.0000051559   0.0000150456
       -0.0000098415  -0.0000115680   0.0000179447  -0.0000127214   0.0000004197
       -0.0000014697   0.0000575244   0.0000423391  -0.0000129299  -0.0000095417
       -0.0000076803   0.0000003155  -0.0000287858  -0.0000178456  -0.0000063751
        0.0000766511   0.0000017391  -0.0000253125   0.0000518754  -0.0000748292
       -0.0000179319   0.0000138181   0.0000399292   0.0000019723   0.0000088453
        0.0000173658   0.0000504050  -0.0001991886  -0.0000383289  -0.0000341920
        0.0001256703   0.0001111908   0.0000045389   0.0000009829   0.0000028112
       -0.0000009009  -0.0000011755   0.0000030017  -0.0000007411  -0.0000003542
       -0.0000011699   0.0000278048   0.0000443636   0.0000120758   0.0000028433
        0.0000062029  -0.0000085871   0.0000024100   0.0000029612   0.0000001850
        0.0000002570  -0.0000001529   0.0000011363  -0.0000002077  -0.0000014807
       -0.0000007746
       -0.0010723349   0.0007426487   0.0010409023  -0.0044198999  -0.0027337112
       -0.0006820151   0.0001678397   0.0000124026  -0.0001188078   0.0000967789
       -0.0016167706  -0.0002529478   0.0052355430  -0.0031349762  -0.0045829620
       -0.1534946676   0.0657787384   0.1093322827  -0.0210764611   0.0111717447
        0.0194299193   0.0008792062  -0.0001274832  -0.0010190890   0.0001493278
        0.0001451648   0.0001811144   0.0001099105  -0.0002211086   0.0000744617
        0.0000200609   0.0000583372   0.0000297120  -0.0000422266  -0.0000718397
       -0.0000385104   0.0000143662   0.0000404800  -0.0000002373   0.0000033836
       -0.0000357262   0.0000247000  -0.0000089265   0.0000119493  -0.0000074619
       -0.0001310608   0.0000890151   0.0000076341  -0.0001296257  -0.0000246264
       -0.0000010382  -0.0002717663   0.0000378469  -0.0001043283   0.0001125418
        0.0000556841   0.0000269365  -0.0000167177   0.0002222561  -0.0000821250
        0.0001933226  -0.0001333475  -0.0002134815   0.1725184084  -0.0706610546
       -0.1227230991   0.0013113106   0.0007447391  -0.0000966163  -0.0001419768
       -0.0000913915  -0.0001110999  -0.0000582302  -0.0000405500  -0.0000284979
       -0.0000140218  -0.0000231518  -0.0000178628   0.0000212969   0.0001376160
        0.0000286418   0.0000082869   0.0000120784   0.0000162415   0.0000064989
        0.0000085262  -0.0000021182   0.0000076486  -0.0000149703   0.0000054433
        0.0000072354  -0.0000014136   0.0000018751   0.0000071805  -0.0000032363
        0.0000002043  -0.0000005449  -0.0000120389   0.0000117718  -0.0000069168
        0.0000075277  -0.0000059462   0.0000015349   0.0000041565  -0.0000010023
        0.0000066813   0.0000088833   0.0000023403   0.0000009434  -0.0000012863
       -0.0000004861   0.0000045440   0.0000027617   0.0000074278   0.0000475357
        0.0000046439  -0.0000143025   0.0000501329  -0.0000015386   0.0000106947
       -0.0000724432   0.0000548800   0.0000601982   0.0000089108  -0.0000023110
       -0.0000110179   0.0000372249  -0.0000362804  -0.0000123111   0.0000162409
       -0.0005389265   0.0000680690  -0.0000122285   0.0000861555  -0.0000279014
        0.0000108456  -0.0000309598  -0.0000259441  -0.0000013559  -0.0000092058
       -0.0000031884  -0.0002029456   0.0004139931  -0.0000434023   0.0001087573
       -0.0002908983  -0.0001234729  -0.0000113526   0.0000058223   0.0000012370
        0.0000041621   0.0000035206  -0.0000058870   0.0000007905  -0.0000024252
        0.0000054151   0.0000141144  -0.0000116919  -0.0000160662   0.0000053135
        0.0000126081   0.0000067998  -0.0000007902  -0.0000027672  -0.0000009657
       -0.0000008472  -0.0000000681  -0.0000006258  -0.0000005385   0.0000015756
        0.0000007952
       -0.0001655300   0.0001426991   0.0003448908  -0.0021761310   0.0048031024
       -0.0035261827  -0.0005277163  -0.0002586608   0.0002264499  -0.0021136595
        0.0016365228  -0.0059838494   0.0121437926  -0.0065450807  -0.0122884598
        0.0658190307  -0.0810430491  -0.0753599300  -0.0035996902   0.0035265406
        0.0040268079   0.0011000548  -0.0009396656   0.0016031519  -0.0003904270
       -0.0000973267  -0.0001590160  -0.0000438836   0.0000153012  -0.0000167315
        0.0000195735  -0.0000000383   0.0000111367  -0.0000065097   0.0000005736
       -0.0000039381  -0.0000072518   0.0000002577  -0.0000019366   0.0000020545
        0.0000133092  -0.0000097937   0.0000012304  -0.0000024102   0.0000008245
        0.0000345899  -0.0000087680  -0.0000001094   0.0000112734   0.0000074423
        0.0000051038  -0.0000648793  -0.0000935970   0.0000684483   0.0000184470
        0.0000460621  -0.0000385538   0.0001756406  -0.0008383794   0.0006930628
        0.0005810262  -0.0004868645  -0.0006693650  -0.0706610546   0.0825691238
        0.0884932477   0.0003707663  -0.0014363653   0.0020078558  -0.0001752013
       -0.0000998998  -0.0001471383   0.0002314079   0.0001780197   0.0000776736
        0.0000011052   0.0000363047   0.0000119142  -0.0006369862  -0.0009626603
        0.0004042299  -0.0000148123  -0.0000020823  -0.0000181813  -0.0000014664
        0.0000027847   0.0000065947  -0.0000057438   0.0000018091   0.0000016985
       -0.0000019129   0.0000059817  -0.0000006448   0.0000004638   0.0000021778
        0.0000060049   0.0000048621   0.0000079938  -0.0000084457   0.0000044495
       -0.0000041692   0.0000033875  -0.0000001443  -0.0000028000   0.0000013340
       -0.0000019392  -0.0000033245   0.0000010978  -0.0000001400   0.0000010978
        0.0000020680  -0.0000003814  -0.0000033569  -0.0000042864  -0.0000075948
       -0.0000046755  -0.0000023118  -0.0000073791  -0.0000040386  -0.0000042178
        0.0000320044   0.0000032836   0.0000066780  -0.0000079173   0.0000003612
       -0.0000016780  -0.0000133274   0.0000012927  -0.0000074833  -0.0000944736
        0.0000448928   0.0000444802   0.0000869476  -0.0001129722   0.0000323742
       -0.0000138013   0.0000538234   0.0000173411   0.0000116935   0.0000089383
        0.0000113453   0.0001733760  -0.0003042961  -0.0000017374  -0.0000524442
        0.0001964111   0.0001034973   0.0000118282  -0.0000160421   0.0000159411
       -0.0000031507  -0.0000020116   0.0000027134  -0.0000000823   0.0000016156
       -0.0000011788  -0.0000379814  -0.0000217359   0.0000246186   0.0000005267
       -0.0000117172  -0.0000020926  -0.0000016220   0.0000000143   0.0000007920
       -0.0000020693  -0.0000017234   0.0000014389   0.0000011596  -0.0000000262
       -0.0000009407
        0.0002913227  -0.0001067392   0.0000084670   0.0002194747  -0.0036758392
        0.0035833943  -0.0000149817   0.0003951187   0.0001801337  -0.0012424286
       -0.0060569038   0.0002300580   0.0133738991  -0.0104018679  -0.0147794312
        0.1096365804  -0.0734829928  -0.1481423822   0.0001177285  -0.0000341086
        0.0009673987   0.0004321316   0.0017382523  -0.0004309669   0.0002523504
        0.0001757253  -0.0001198803  -0.0001265857   0.0001181031  -0.0000451873
        0.0000047915  -0.0000201605  -0.0000090195   0.0000202736   0.0000354389
        0.0000192581  -0.0000192983  -0.0000213710  -0.0000026030   0.0000002966
        0.0000346262  -0.0000218048   0.0000065506  -0.0000085301   0.0000048161
        0.0001304587  -0.0000508326  -0.0000199166   0.0000723233   0.0000256955
        0.0000045830  -0.0000294875   0.0001014409  -0.0000543667   0.0000065124
       -0.0000045508   0.0000067049  -0.0000747862   0.0007361632  -0.0005648617
        0.0006310327  -0.0003779190  -0.0008354745  -0.1227230991   0.0884932477
        0.1606728380  -0.0006216181   0.0019361865  -0.0006845642  -0.0006050221
       -0.0000550037   0.0001051877   0.0000012012   0.0000484963   0.0000380075
        0.0000033735   0.0000348040   0.0000115800   0.0002124033   0.0000276835
       -0.0000917861   0.0000032866  -0.0000112074  -0.0000173866  -0.0000007010
       -0.0000020036   0.0000078087  -0.0000038168   0.0000068410  -0.0000088692
       -0.0000021030   0.0000023406  -0.0000036108  -0.0000041799   0.0000057019
        0.0000049369   0.0000073595   0.0000122432  -0.0000145687   0.0000055324
       -0.0000072390   0.0000060929   0.0000000302  -0.0000065699   0.0000021959
       -0.0000057482  -0.0000088585   0.0000009097  -0.0000005028   0.0000007678
        0.0000012682  -0.0000028694  -0.0000031037  -0.0000068924  -0.0000308875
       -0.0000098816   0.0000048080  -0.0000325232  -0.0000098343  -0.0000069061
        0.0000747577  -0.0000155953  -0.0000266000  -0.0000146659  -0.0000006670
        0.0000062673  -0.0000308176   0.0000125414   0.0000045009  -0.0000263894
        0.0004413193  -0.0001229953   0.0000629219  -0.0000006579  -0.0000300955
       -0.0000468046   0.0000506547   0.0000329926   0.0000000076   0.0000094604
       -0.0000017111   0.0002033206  -0.0003660743   0.0000267309  -0.0001200955
        0.0002561205   0.0001241307   0.0000087075   0.0000066728  -0.0000132501
       -0.0000054178  -0.0000051319   0.0000068644  -0.0000017662   0.0000021832
       -0.0000067200   0.0000071605   0.0000386558   0.0000094114  -0.0000019912
       -0.0000050775  -0.0000095783   0.0000016745   0.0000038257   0.0000010283
        0.0000012627   0.0000003654  -0.0000002062  -0.0000001394  -0.0000019551
       -0.0000007384
        0.0016852243   0.0005824423   0.0000460193   0.0055706370   0.0111833182
        0.0129151096  -0.0017923495   0.0009019677   0.0027659805  -0.0003692166
        0.0000921626   0.0001073150  -0.0044848850  -0.0018442371   0.0009105478
       -0.0100162591  -0.0183754211  -0.0209407779  -0.0715068627  -0.0533046969
       -0.0574957354  -0.0003278559  -0.0008072145  -0.0008523526  -0.0000745337
        0.0000581937  -0.0000978983  -0.0000309059  -0.0000438355   0.0000122916
        0.0000172810   0.0000203137   0.0000237910  -0.0000221863  -0.0000298888
       -0.0000105813  -0.0000028104   0.0000196377   0.0000024268   0.0000004496
       -0.0000079539   0.0000056163  -0.0000054609   0.0000058164  -0.0000012839
        0.0000165245   0.0000115178  -0.0000189966  -0.0000096913   0.0000053715
       -0.0000013771   0.0000587573  -0.0000051608  -0.0000597998  -0.0001124693
       -0.0001303966  -0.0000296929   0.0002138075   0.0005796661   0.0006225506
        0.0000293336   0.0001064825  -0.0001619322   0.0013113106   0.0003707663
       -0.0006216181   0.0799720623   0.0608133164   0.0628503785   0.0000959180
        0.0000140149  -0.0000007793  -0.0002400373  -0.0001301728  -0.0000367587
       -0.0000079750  -0.0000062950   0.0000034543   0.0000073160  -0.0000059425
       -0.0000316165  -0.0000097134   0.0000090575  -0.0000049878   0.0000088009
       -0.0000016457   0.0000023028  -0.0000014198   0.0000008766  -0.0000026314
        0.0000051576   0.0000003805  -0.0000007693   0.0000031035  -0.0000017011
        0.0000004215   0.0000036270  -0.0000038688   0.0000021387  -0.0000024044
        0.0000025368  -0.0000011411   0.0000031176  -0.0000009893   0.0000002238
        0.0000016967   0.0000011453   0.0000021872   0.0000006801  -0.0000004296
       -0.0000002420   0.0000035829   0.0000006030   0.0000025067   0.0000073095
       -0.0000017851  -0.0000016251   0.0000042699  -0.0000069764   0.0000018173
       -0.0000291616   0.0000138726   0.0000035763   0.0000033584  -0.0000031828
       -0.0000024082   0.0000124368  -0.0000109431   0.0000072929   0.0000566779
       -0.0000988133   0.0001162849   0.0000807663   0.0000862379  -0.0000054121
       -0.0000532231  -0.0000410367   0.0000158246   0.0000122728   0.0000040368
        0.0000334617  -0.0001165898   0.0001549770  -0.0001152535   0.0000513088
       -0.0000970011   0.0000071260   0.0000048020   0.0000034608   0.0000008113
       -0.0000014582  -0.0000010545   0.0000039853   0.0000029691   0.0000000417
        0.0000036429  -0.0000321347  -0.0000744103   0.0000248359   0.0000179072
        0.0000005348  -0.0000006559  -0.0000059919  -0.0000065739  -0.0000008275
       -0.0000062750  -0.0000040603   0.0000048576  -0.0000005958   0.0000029384
       -0.0000016239
       -0.0000145987  -0.0008017969   0.0021368282  -0.0043689245  -0.0069055911
       -0.0095656007   0.0011077730   0.0029987535  -0.0047937357   0.0006845921
        0.0000369908   0.0001814857  -0.0022396781   0.0048447190  -0.0026860406
       -0.0042255461  -0.0051799783  -0.0055139225  -0.0522595083  -0.1397064488
       -0.1255808828  -0.0001056884   0.0000279173  -0.0002930263   0.0000142427
        0.0000363047  -0.0000767812  -0.0001129230   0.0000174476  -0.0000904232
        0.0000538323   0.0000410740   0.0000232689  -0.0000211506  -0.0000151988
       -0.0000384746   0.0000014913   0.0000082273   0.0000021945   0.0000005628
        0.0000121565  -0.0000070046  -0.0000005841  -0.0000004294   0.0000008094
        0.0001065211  -0.0000230452   0.0000117271   0.0000155595   0.0000350261
        0.0000344774  -0.0002642552   0.0000797124   0.0000283076   0.0001634000
       -0.0002264702  -0.0001879025  -0.0001463760  -0.0007181462  -0.0002716339
        0.0001593469  -0.0009103686   0.0006864528   0.0007447391  -0.0014363653
        0.0019361865   0.0608133164   0.1478874694   0.1440355733  -0.0000053023
       -0.0000071453   0.0000082815  -0.0001091153  -0.0000715838   0.0000007736
        0.0000050547   0.0000061194  -0.0000031422   0.0000010521   0.0000144857
       -0.0000141909  -0.0000059271   0.0000006537  -0.0000075235  -0.0000105824
        0.0000155931   0.0000380532  -0.0000076890  -0.0000208151   0.0000042308
       -0.0000029733   0.0000078980   0.0000039813   0.0000017343   0.0000021963
        0.0000051568   0.0000009903   0.0000071748  -0.0000072927   0.0000009311
       -0.0000024532   0.0000031312   0.0000015335  -0.0000030078   0.0000007402
       -0.0000010888  -0.0000030145   0.0000006055   0.0000000275   0.0000007870
        0.0000009501   0.0000010451  -0.0000006013  -0.0000013205  -0.0000227701
       -0.0000147736  -0.0000087943  -0.0000128306  -0.0000174471  -0.0000178686
        0.0000768675  -0.0000028911   0.0000055780  -0.0000143643  -0.0000004310
       -0.0000013164  -0.0000292113   0.0000055290  -0.0000204916   0.0000418866
       -0.0000428750   0.0000542327   0.0000439322   0.0000471941  -0.0000238671
       -0.0000186310  -0.0000187656   0.0000184880   0.0000102540   0.0000053519
        0.0000343908  -0.0000614046   0.0000235740  -0.0001157174   0.0000126704
       -0.0000014749   0.0000469275   0.0000044848   0.0000007755   0.0000024344
       -0.0000012232  -0.0000012792   0.0000032228   0.0000023809  -0.0000005005
        0.0000017408  -0.0000108677  -0.0000272717   0.0000169845   0.0000083662
        0.0000003569  -0.0000018844  -0.0000022956  -0.0000023963  -0.0000001328
       -0.0000030491  -0.0000020005   0.0000026986  -0.0000000300   0.0000010787
       -0.0000009429
       -0.0010256747   0.0017593027   0.0000633488  -0.0053001851  -0.0138126196
       -0.0146206097   0.0034322931  -0.0043608889   0.0006786581   0.0000874055
        0.0003191800   0.0001192457   0.0000520885  -0.0032703334   0.0035819547
       -0.0013645854  -0.0018189662  -0.0018609163  -0.0584962270  -0.1250956462
       -0.1728541711   0.0000748532  -0.0002433410  -0.0000991890  -0.0000718568
        0.0000028289  -0.0000398404  -0.0001148942  -0.0001337693  -0.0000865917
        0.0000433482   0.0000460858   0.0000505816  -0.0000149045  -0.0000237710
       -0.0000218192  -0.0000057196   0.0000195422   0.0000013923   0.0000044078
        0.0000135711  -0.0000062850  -0.0000013190   0.0000014968  -0.0000000636
        0.0000579799   0.0000452553   0.0000365709  -0.0000070924   0.0000585070
        0.0000413641  -0.0001061513  -0.0000188518   0.0000305644   0.0005585173
        0.0001463940  -0.0001654139  -0.0003440130  -0.0003190478  -0.0009169427
       -0.0002132264   0.0006885312  -0.0005790674  -0.0000966163   0.0020078558
       -0.0006845642   0.0628503785   0.1440355733   0.1873087832   0.0000001044
        0.0000183744   0.0000111571  -0.0000132309  -0.0000021540  -0.0000060815
       -0.0000080176   0.0000015304   0.0000066790   0.0000031594  -0.0000139870
       -0.0000195194  -0.0000035154   0.0000045885  -0.0000065321   0.0000063490
        0.0000262840   0.0000180486  -0.0000071133   0.0000315886  -0.0000119031
       -0.0000003608   0.0000042928  -0.0000037743   0.0000054727   0.0000038708
        0.0000068049   0.0000118956  -0.0000008561  -0.0000012174  -0.0000009751
       -0.0000016940   0.0000029467   0.0000037299  -0.0000058171   0.0000012840
       -0.0000009136  -0.0000039862   0.0000016946  -0.0000000069  -0.0000000116
        0.0000003645   0.0000019100   0.0000008379  -0.0000004774  -0.0000187654
       -0.0000265930  -0.0000134113  -0.0000081127  -0.0000326420  -0.0000164839
        0.0001127467   0.0000224343   0.0000164170  -0.0000210329  -0.0000059252
       -0.0000013529  -0.0000457744  -0.0000033630  -0.0000264684   0.0000218462
       -0.0000780544   0.0000848902   0.0000828926   0.0000561776  -0.0000033383
       -0.0000551174  -0.0000158620   0.0000117287   0.0000104720   0.0000050648
        0.0000322547  -0.0000724113   0.0000883371  -0.0001172591   0.0000174090
       -0.0000566769   0.0000321924   0.0000045656   0.0000007613  -0.0000037930
       -0.0000026807  -0.0000013770   0.0000038066   0.0000014622  -0.0000017041
        0.0000022510  -0.0000295284  -0.0000542803   0.0000212168   0.0000145782
       -0.0000001568  -0.0000021641  -0.0000044620  -0.0000046897  -0.0000002961
       -0.0000050277  -0.0000030707   0.0000044752  -0.0000003535   0.0000018702
       -0.0000011291
       -0.0001865911   0.0000589803  -0.0001596192   0.0002433948   0.0001011316
        0.0001113578  -0.0007035840  -0.0000818944   0.0010153611  -0.0046858102
       -0.0010070441  -0.0006519906  -0.0199435134   0.0165111517   0.0127824827
        0.0014351323   0.0009001544   0.0008156928   0.0000157398  -0.0000798031
        0.0003750244  -0.1350008409   0.1022589367   0.0632009885   0.0003787524
        0.0020545224  -0.0011478252   0.0000588509  -0.0000624517   0.0000233313
       -0.0000028910   0.0000139561   0.0000066612  -0.0000095526  -0.0000185623
       -0.0000127843   0.0000076087   0.0000121136   0.0000013029   0.0000002050
       -0.0000177924   0.0000123035  -0.0000025873   0.0000048439  -0.0000033417
       -0.0000631074   0.0000261573   0.0000074017  -0.0000330266  -0.0000129099
       -0.0000014595   0.0000338228  -0.0000098489  -0.0000023245  -0.0000012211
       -0.0000003272   0.0000125267  -0.0002813790  -0.0000797960   0.0000132012
        0.0000166847   0.0000021372  -0.0002464252  -0.0001419768  -0.0001752013
       -0.0006050221   0.0000959180  -0.0000053023   0.0000001044   0.1531126991
       -0.1137748403  -0.0717021173   0.0054906330  -0.0059337119  -0.0041033328
        0.0002706023  -0.0000786863   0.0000344815  -0.0001195020   0.0002213652
       -0.0002868998   0.0000378359   0.0000296043  -0.0000042260   0.0000007107
        0.0000015633  -0.0000048988   0.0000034369  -0.0000032959   0.0000021590
        0.0000020964  -0.0000032509   0.0000017645   0.0000018842  -0.0000031242
       -0.0000033018   0.0000017514  -0.0000124333   0.0000116101  -0.0000046716
        0.0000048642  -0.0000033930   0.0000003133   0.0000031099  -0.0000016024
        0.0000027913   0.0000041221  -0.0000004111  -0.0000000362  -0.0000004800
       -0.0000008979   0.0000004783   0.0000039040   0.0000044533   0.0000149421
        0.0000061842  -0.0000023928   0.0000161251   0.0000049914   0.0000032878
       -0.0000460227   0.0000058499   0.0000122845   0.0000080256   0.0000004157
       -0.0000036636   0.0000183539  -0.0000061622  -0.0000004894   0.0002310294
       -0.0003298418   0.0005059991   0.0007174943  -0.0008185830   0.0001271270
       -0.0006686177  -0.0002114790   0.0001947925   0.0000268247  -0.0000140238
        0.0000261032  -0.0002509082   0.0003995222  -0.0000545183   0.0000695800
       -0.0002528899  -0.0001043001  -0.0000029224   0.0000008126   0.0000037287
        0.0000007091   0.0000004234  -0.0000029932   0.0000047880  -0.0000007648
        0.0000102156  -0.0001497469   0.0003881499  -0.0002129521  -0.0000302789
       -0.0000139136   0.0000030978   0.0000036123   0.0000032565   0.0000018016
        0.0000078551   0.0000034712  -0.0000071620  -0.0000018939  -0.0000172806
        0.0000096980
       -0.0000197626   0.0000169346  -0.0000178112  -0.0000059429   0.0001112200
        0.0000719910  -0.0003550936  -0.0000673861   0.0002223739  -0.0013108904
        0.0000103692  -0.0001047974  -0.0058941782   0.0063835406   0.0035938052
       -0.0006913765   0.0004153553   0.0004969508   0.0001784008   0.0000057724
        0.0000230815   0.1012804761  -0.1523710476  -0.0717754438   0.0156413010
       -0.0238380099  -0.0087177478  -0.0000597063  -0.0000430481   0.0000098645
        0.0000286558   0.0000337602   0.0000235524  -0.0000280421  -0.0000367253
       -0.0000198432  -0.0000182373   0.0000308948   0.0000109810   0.0000000544
        0.0000032848  -0.0000018417  -0.0000111968   0.0000102217   0.0000017090
        0.0000370880   0.0000116854  -0.0000175774   0.0000051778   0.0000106561
       -0.0000033592  -0.0000009048  -0.0000079000   0.0000037810  -0.0000003903
       -0.0000014396   0.0000007512  -0.0000663714  -0.0000386958   0.0000284483
       -0.0000027563   0.0000083898  -0.0000267738  -0.0000913915  -0.0000998998
       -0.0000550037   0.0000140149  -0.0000071453   0.0000183744  -0.1137748403
        0.1762769425   0.0779689458   0.0043022074  -0.0046198303  -0.0035522046
        0.0000112562  -0.0044510732   0.0028811042   0.0002268917   0.0000000587
        0.0003856629   0.0000660097   0.0000548692  -0.0000725758   0.0000029481
        0.0000051335   0.0000031346   0.0000011881  -0.0000031194  -0.0000019191
        0.0000075177   0.0000035476  -0.0000014581   0.0000042089  -0.0000029326
        0.0000020283   0.0000011316  -0.0000109706  -0.0000049631  -0.0000011239
        0.0000003242   0.0000012663   0.0000079758  -0.0000065578   0.0000013635
        0.0000016902  -0.0000050303   0.0000026661   0.0000009535  -0.0000001105
       -0.0000009393   0.0000077006   0.0000030263  -0.0000009720  -0.0000020455
       -0.0000049338   0.0000016474  -0.0000051519  -0.0000084805   0.0000024963
        0.0000043910   0.0000123787  -0.0000112385  -0.0000027847  -0.0000035966
        0.0000034691  -0.0000036832  -0.0000075786   0.0000113685  -0.0006134088
        0.0013862640  -0.0011479492   0.0021180634  -0.0003089825   0.0000215906
       -0.0008800378   0.0008076619  -0.0002359251  -0.0000251371   0.0000177325
        0.0000279014   0.0000823526  -0.0002204801  -0.0003039162   0.0000249863
        0.0000728116   0.0003732603   0.0000028809  -0.0000052946  -0.0000005097
       -0.0000029683   0.0000025074   0.0000109878  -0.0000022017   0.0000000027
       -0.0000030648  -0.0001976176   0.0004630491  -0.0001228895   0.0000059190
        0.0000196059  -0.0000075014   0.0000060529   0.0000070236   0.0000011279
        0.0000011137  -0.0000012546  -0.0000010322  -0.0000053661  -0.0000135004
        0.0000035725
        0.0000400984  -0.0000323959   0.0000489958  -0.0000883381  -0.0000237765
       -0.0000697907   0.0002505757   0.0000444862  -0.0000950747   0.0006156270
       -0.0000158246   0.0007248987   0.0026616545  -0.0003259350  -0.0007406248
       -0.0009269134   0.0000691073   0.0003146216   0.0000118294   0.0001083288
       -0.0001065178   0.0613336649  -0.0721888775  -0.0894959433  -0.0092700839
        0.0122853878   0.0056766459  -0.0000244214   0.0000235286  -0.0000069489
       -0.0000030458  -0.0000084500  -0.0000035025   0.0000096564   0.0000169448
        0.0000100207  -0.0000100133  -0.0000078724  -0.0000037229   0.0000001176
        0.0000101741  -0.0000043687   0.0000039234  -0.0000032454   0.0000010644
        0.0000262065  -0.0000095298  -0.0000040647   0.0000183182   0.0000068442
       -0.0000012099  -0.0000134944  -0.0000058608   0.0000055349  -0.0000043063
       -0.0000007465  -0.0000019266   0.0000541958   0.0000440852  -0.0000210724
       -0.0000159989   0.0000435897   0.0000976186  -0.0001110999  -0.0001471383
        0.0001051877  -0.0000007793   0.0000082815   0.0000111571  -0.0717021173
        0.0779689458   0.0968902591   0.0173323315  -0.0204423022  -0.0137321678
       -0.0001087119   0.0026859974  -0.0008149824   0.0000747427  -0.0001280402
       -0.0001611969  -0.0000034801  -0.0000017919   0.0000153962   0.0000000394
       -0.0000012132   0.0000002309   0.0000002828   0.0000002821  -0.0000028671
       -0.0000010585  -0.0000004067  -0.0000015509  -0.0000008294   0.0000012495
        0.0000009949   0.0000041545   0.0000033608  -0.0000009269  -0.0000003926
       -0.0000012279   0.0000007276  -0.0000004007  -0.0000015710   0.0000004495
       -0.0000018893  -0.0000020915   0.0000005697  -0.0000001042  -0.0000002824
       -0.0000001732  -0.0000014165  -0.0000005402  -0.0000005066  -0.0000079841
       -0.0000029214   0.0000019114  -0.0000089876  -0.0000030284  -0.0000006437
        0.0000217282  -0.0000017796  -0.0000086493  -0.0000041504  -0.0000005716
        0.0000026386  -0.0000090622   0.0000022790   0.0000025132  -0.0000943917
        0.0001549266   0.0014091887   0.0001247615  -0.0004245512   0.0003840360
       -0.0000060142   0.0002495843  -0.0003439752   0.0000401019   0.0000006126
        0.0000056465  -0.0000258807   0.0001631784   0.0000745939  -0.0000817557
       -0.0000329441  -0.0001819722   0.0000029501   0.0000023307   0.0000034907
        0.0000011590  -0.0000022075  -0.0000019962   0.0000036144   0.0000005131
        0.0000041832  -0.0000980204  -0.0000452484   0.0000148426  -0.0000050631
       -0.0000289892   0.0000004793  -0.0000032256  -0.0000018509   0.0000010282
        0.0000003442   0.0000005195  -0.0000017611   0.0000013532  -0.0000013260
       -0.0000007882
       -0.0003249919   0.0001581898  -0.0001232430   0.0003647055  -0.0000243557
       -0.0000745997   0.0001300332  -0.0004212723   0.0000523280   0.0012861614
       -0.0003542706  -0.0007049102  -0.0114751573  -0.0075603180  -0.0247708450
       -0.0041302778  -0.0005953667  -0.0004747811  -0.0004013703  -0.0011480580
       -0.0000972464  -0.0692110127  -0.0139796432  -0.0751227651   0.0002975796
        0.0006643833  -0.0010019641   0.0000261920  -0.0001224503   0.0000130617
        0.0000290447   0.0000419528   0.0000250918  -0.0000313925  -0.0000502646
       -0.0000296711   0.0000001486   0.0000291916  -0.0000010235   0.0000032621
       -0.0000112785   0.0000073224  -0.0000066517   0.0000069452  -0.0000044011
       -0.0000520761   0.0000408467   0.0000219815  -0.0000325439  -0.0000011995
        0.0000071851   0.0000153609  -0.0000232316  -0.0000100087   0.0000263916
       -0.0000053188   0.0000251672   0.0000859010   0.0000097190   0.0000276715
       -0.0002980243   0.0004581261   0.0001825631  -0.0000582302   0.0002314079
        0.0000012012  -0.0002400373  -0.0001091153  -0.0000132309   0.0054906330
        0.0043022074   0.0173323315   0.0778216988   0.0188442326   0.0843938267
       -0.0000190396  -0.0001376342   0.0000028370  -0.0000627829  -0.0000014861
       -0.0000221669   0.0000274587   0.0000331503  -0.0000115112   0.0000024084
        0.0000104626  -0.0000001838   0.0000021552  -0.0000037881   0.0000030601
        0.0000047761   0.0000019451   0.0000014755   0.0000049164  -0.0000012371
        0.0000059428   0.0000055827  -0.0000125712   0.0000038707  -0.0000017104
        0.0000019954  -0.0000003951   0.0000032896  -0.0000011810  -0.0000000514
        0.0000032700   0.0000008805   0.0000016098   0.0000002918   0.0000003944
        0.0000014899   0.0000044870   0.0000019982   0.0000012029   0.0000105147
       -0.0000015931  -0.0000072539   0.0000139318  -0.0000016486  -0.0000009388
       -0.0000069491   0.0000184956   0.0000273546  -0.0000014582  -0.0000023546
       -0.0000062253   0.0000048934  -0.0000107556  -0.0000148107   0.0003568625
       -0.0001273618   0.0000497076   0.0009819480  -0.0006205363   0.0007151495
       -0.0005093957   0.0001766509  -0.0003986994   0.0000196529  -0.0000107889
        0.0000375288  -0.0000309296   0.0000694460  -0.0000312390   0.0000383868
       -0.0000776992   0.0000264303   0.0000023048   0.0000024510   0.0000015104
        0.0000003956  -0.0000004907   0.0000012940   0.0000039683  -0.0000007604
        0.0000093839  -0.0001707422   0.0003255382  -0.0000634107  -0.0000073381
       -0.0000069826   0.0000036326   0.0000039586   0.0000030628   0.0000021931
        0.0000010609   0.0000011023  -0.0000026345  -0.0000015147  -0.0000097632
        0.0000028052
       -0.0001428291   0.0001017804  -0.0000829590   0.0002129740  -0.0000265960
       -0.0000073646   0.0000179826  -0.0002956637   0.0000824730   0.0009174084
        0.0002496042  -0.0000437149  -0.0060843066  -0.0031254605  -0.0096016364
       -0.0020647885   0.0001483634  -0.0001684555  -0.0003716073  -0.0005609947
       -0.0000467365  -0.0130026768  -0.0517579331  -0.0485138952   0.0066761117
        0.0032467836   0.0231523399   0.0000227845  -0.0000716353   0.0000195547
        0.0000043305   0.0000219451   0.0000120043  -0.0000130383  -0.0000206239
       -0.0000128731   0.0000065394   0.0000122463   0.0000031388   0.0000002338
       -0.0000113944   0.0000140508  -0.0000018965   0.0000062091  -0.0000011696
       -0.0000327836   0.0000267026   0.0000022457  -0.0000269798  -0.0000032086
        0.0000015164   0.0000155516  -0.0000103106  -0.0000046974   0.0000169178
        0.0000035270   0.0000051580   0.0000208483   0.0000063587   0.0000119495
        0.0000071775   0.0002296748  -0.0000889737  -0.0000405500   0.0001780197
        0.0000484963  -0.0001301728  -0.0000715838  -0.0000021540  -0.0059337119
       -0.0046198303  -0.0204423022   0.0188442326   0.0587933439   0.0504077187
       -0.0000575388   0.0010932226  -0.0002094620   0.0000083749  -0.0002083345
       -0.0000568061   0.0000592181   0.0000314954   0.0000345263   0.0000014426
        0.0000039437  -0.0000009939   0.0000031902  -0.0000056986   0.0000009683
        0.0000020323  -0.0000015342   0.0000000826   0.0000022423  -0.0000018053
       -0.0000044593  -0.0000036300  -0.0000076327   0.0000104841  -0.0000095405
        0.0000056234  -0.0000048778   0.0000014876   0.0000010920  -0.0000013975
        0.0000020810   0.0000031607   0.0000007193  -0.0000000705  -0.0000019417
       -0.0000038596   0.0000008274   0.0000056610   0.0000081577   0.0000102638
        0.0000011570  -0.0000032223   0.0000114658  -0.0000010714   0.0000020297
       -0.0000199440   0.0000100913   0.0000117627   0.0000032002  -0.0000004941
       -0.0000021485   0.0000091891  -0.0000077582  -0.0000018331   0.0006575625
       -0.0041081386   0.0047978140   0.0005085693   0.0001630534   0.0003406889
       -0.0002292954  -0.0000561592  -0.0001444544   0.0002700706  -0.0000558179
        0.0001290316  -0.0003231901   0.0008181776   0.0006495698   0.0000567077
       -0.0004046740  -0.0002180878   0.0000164642   0.0000110815   0.0000240126
       -0.0000065946  -0.0000118401  -0.0000205068   0.0000286234   0.0000110085
        0.0000500341   0.0000676217   0.0002277929  -0.0001224232  -0.0000005867
        0.0000321228  -0.0000045037   0.0000071198   0.0000047702  -0.0000009313
        0.0000076893   0.0000047606  -0.0000057967  -0.0000028049  -0.0000046377
        0.0000021683
       -0.0000817637   0.0000537201  -0.0000387754   0.0001003538   0.0000319485
        0.0001345731  -0.0001732989  -0.0002319154  -0.0000215789   0.0011145523
        0.0003639472   0.0005213361  -0.0014080327  -0.0013221018   0.0005908177
       -0.0005394326   0.0002303346   0.0001360479   0.0000845793  -0.0001189312
       -0.0000000805  -0.0731749005  -0.0474240167  -0.2568036364  -0.0045930972
       -0.0013060781  -0.0173604784   0.0000520568  -0.0000201483  -0.0000126575
        0.0000096918   0.0000017901  -0.0000013016  -0.0000120398  -0.0000199721
       -0.0000127149   0.0000084479   0.0000066897  -0.0000063456   0.0000008158
       -0.0000107050  -0.0000060216  -0.0000051547   0.0000005079  -0.0000056804
       -0.0000492912   0.0000081926   0.0000276071  -0.0000183929  -0.0000081532
        0.0000088383   0.0000080308  -0.0000060211  -0.0000056450   0.0000132856
        0.0000072666  -0.0000023434   0.0000122737   0.0000217279   0.0000015406
       -0.0000030034   0.0001712539  -0.0000611267  -0.0000284979   0.0000776736
        0.0000380075  -0.0000367587   0.0000007736  -0.0000060815  -0.0041033328
       -0.0035522046  -0.0137321678   0.0843938267   0.0504077187   0.2888109621
       -0.0000056088  -0.0005701170   0.0005582807   0.0000142212   0.0001562546
        0.0002836944  -0.0000810279  -0.0000400851  -0.0000420584  -0.0000021497
        0.0000031637   0.0000011216  -0.0000038825   0.0000033966   0.0000048616
       -0.0000007663   0.0000030408   0.0000035810   0.0000002370   0.0000002684
        0.0000070126  -0.0000009647   0.0000022116  -0.0000100368   0.0000095988
       -0.0000021901   0.0000040154  -0.0000009762   0.0000024422   0.0000014621
        0.0000021706   0.0000018986  -0.0000000738   0.0000011135   0.0000020787
        0.0000073118   0.0000019752  -0.0000072658  -0.0000093579   0.0000058475
        0.0000029079  -0.0000058934   0.0000099844   0.0000049706  -0.0000041991
       -0.0000072675   0.0000013760   0.0000249087   0.0000000902   0.0000009540
       -0.0000066129   0.0000048843  -0.0000003836  -0.0000174291  -0.0006948191
        0.0040148938  -0.0029663049  -0.0012952828   0.0003128028  -0.0004451428
        0.0002972523  -0.0006604285   0.0006400748  -0.0002106959   0.0000643376
       -0.0000997769   0.0003723801  -0.0008857722  -0.0004883657  -0.0000457915
        0.0005082359   0.0002400907  -0.0000105869  -0.0000081804  -0.0000143942
        0.0000061467   0.0000068711   0.0000169668  -0.0000270719  -0.0000101088
       -0.0000444231   0.0000906472  -0.0002566384   0.0001722414   0.0000105909
       -0.0000102188  -0.0000076289  -0.0000056576  -0.0000046509  -0.0000005272
       -0.0000094914  -0.0000062705   0.0000095171   0.0000039833   0.0000069075
       -0.0000060105
       -0.0000678153   0.0000314523  -0.0000351522   0.0000677726   0.0000309214
        0.0000659644  -0.0000966016  -0.0000102538  -0.0000727859   0.0001025605
        0.0000316175   0.0000726952   0.0005756841  -0.0006518211  -0.0001356304
       -0.0000241251  -0.0000348886   0.0000214013   0.0000111975   0.0000056530
       -0.0000156050   0.0004310659   0.0005759747  -0.0004049479  -0.1312167448
        0.1028577868   0.0640031730  -0.0000144486  -0.0000607611   0.0000030056
        0.0000120219   0.0000174741   0.0000104652   0.0000889415  -0.0000684279
       -0.0000375079  -0.0007105178   0.0003846197   0.0001527212   0.0001271096
       -0.0000815600   0.0000069182  -0.0000175378   0.0000150341   0.0000088727
       -0.0000005830   0.0000205671  -0.0000009124  -0.0000066992   0.0000039343
       -0.0000020513   0.0000047186  -0.0000060303   0.0000020289   0.0000032920
       -0.0000052984   0.0000057612   0.0000033321  -0.0000041989   0.0000079875
       -0.0000350307  -0.0001222370   0.0001285488  -0.0000140218   0.0000011052
        0.0000033735  -0.0000079750   0.0000050547  -0.0000080176   0.0002706023
        0.0000112562  -0.0001087119  -0.0000190396  -0.0000575388  -0.0000056088
        0.1461717304  -0.1107933124  -0.0642959170  -0.0002416915  -0.0004080855
       -0.0016295014  -0.0003273334  -0.0000586268   0.0005473131   0.0000024273
        0.0000061263   0.0000016474   0.0000056429  -0.0000033374   0.0000045549
        0.0000198207  -0.0000037602   0.0000126940   0.0000485189  -0.0000256758
       -0.0000116376  -0.0004411042   0.0001213509   0.0000244611  -0.0000078077
        0.0000005221  -0.0000133372   0.0000107291  -0.0000283824   0.0000059713
        0.0000023101   0.0000027691  -0.0000036582   0.0000018391  -0.0000046072
       -0.0000053277  -0.0000363673   0.0000550701   0.0000204902   0.0000027700
       -0.0000018585   0.0000003188   0.0000017535  -0.0000037972   0.0000023849
       -0.0000046712   0.0000101365  -0.0000051533   0.0000006671  -0.0000019053
        0.0000024075   0.0000005283  -0.0000061008   0.0000057425   0.0076703898
       -0.0066139954  -0.0051174496  -0.0172071032   0.0177018723   0.0111297921
       -0.0065379606  -0.0018911751  -0.0020773906  -0.0001095639  -0.0000131821
        0.0001565795   0.0010794730  -0.0003837873  -0.0004581762  -0.0004615703
       -0.0000553682  -0.0005486417  -0.0000030181  -0.0000171661  -0.0000105925
       -0.0000050598   0.0000172377   0.0000416563  -0.0000101388  -0.0000034069
       -0.0000038474   0.0008835105  -0.0003428181  -0.0008859059   0.0000557692
       -0.0001626574  -0.0005180743  -0.0001289149  -0.0000728071  -0.0000106630
        0.0000831650   0.0000535922  -0.0000016031   0.0000141014   0.0000377013
       -0.0000251225
        0.0000901891   0.0000056646   0.0000236829  -0.0001212377   0.0000754840
        0.0001130315  -0.0001674759  -0.0000748913  -0.0000041272  -0.0000133923
        0.0001980550   0.0000581404   0.0010572793   0.0010423115  -0.0006612910
       -0.0002769110  -0.0002818185  -0.0001852994   0.0002850266  -0.0000137342
       -0.0000464361   0.0146493939  -0.0200644091  -0.0077034801   0.0981699732
       -0.1530864278  -0.0644564627  -0.0000439341  -0.0000081144  -0.0000106571
        0.0000193785   0.0000196831   0.0000177707  -0.0000293048  -0.0000185567
       -0.0000080135   0.0001699827  -0.0000538636  -0.0000214380  -0.0000597309
        0.0000696074  -0.0000338818   0.0001056606  -0.0000488221  -0.0000200401
        0.0000308572  -0.0000015692  -0.0000026741   0.0000123782   0.0000077038
        0.0000002777  -0.0000096543   0.0000056839  -0.0000016252  -0.0000013140
        0.0000010044  -0.0000060993  -0.0000042052  -0.0000039294   0.0000055704
       -0.0000010771  -0.0000804615   0.0001198685  -0.0000231518   0.0000363047
        0.0000348040  -0.0000062950   0.0000061194   0.0000015304  -0.0000786863
       -0.0044510732   0.0026859974  -0.0001376342   0.0010932226  -0.0005701170
       -0.1107933124   0.1774274008   0.0762763980   0.0006447464   0.0001272693
       -0.0015963339  -0.0006284587  -0.0001402337   0.0002329299   0.0000020710
        0.0000040417   0.0000044267   0.0000004566  -0.0000004836   0.0000003428
        0.0000067364   0.0000080660  -0.0000050192  -0.0000045433   0.0000015757
        0.0000089009   0.0002157897  -0.0000185436  -0.0000812453   0.0000160763
       -0.0000110706   0.0000125835  -0.0000140072  -0.0000095585   0.0000022277
       -0.0000246043  -0.0000101108   0.0000086515  -0.0000126193   0.0000092459
        0.0000043521   0.0000303229  -0.0000813479  -0.0000607229  -0.0000054989
       -0.0000033679   0.0000008372  -0.0000067540  -0.0000037734  -0.0000008560
        0.0000141197   0.0000043701  -0.0000069863  -0.0000042676  -0.0000016491
        0.0000019330  -0.0000082119  -0.0000006265   0.0000029806   0.0019671185
       -0.0065143548  -0.0095637275  -0.0031712260   0.0058446504   0.0037171771
       -0.0018518646   0.0000645651  -0.0008828522   0.0000911542  -0.0001149397
       -0.0002018176   0.0003411572   0.0000035173   0.0013695751   0.0004961910
       -0.0003339600   0.0013498614   0.0000058532   0.0000109713   0.0000074008
       -0.0000133920  -0.0000171202  -0.0000370316   0.0000055551   0.0000134047
        0.0000322740  -0.0009430731  -0.0006400450   0.0001067156   0.0001152438
        0.0000585215  -0.0000331399  -0.0000369530  -0.0000473178  -0.0000136415
       -0.0000437248  -0.0000155111   0.0000262479  -0.0000061955   0.0000132408
       -0.0000114730
       -0.0000204531   0.0000280932  -0.0000155195   0.0000209652  -0.0000264623
       -0.0000440466   0.0000377106   0.0000091827   0.0000082621  -0.0001492636
        0.0000267753   0.0000681266  -0.0003746272  -0.0003080532   0.0002586280
        0.0000156356  -0.0000005308  -0.0000017642  -0.0000227868   0.0000094543
        0.0000100141  -0.0080617484   0.0108425387   0.0054174397   0.0569034707
       -0.0623625470  -0.0781753313  -0.0000880115  -0.0000654743   0.0000054402
        0.0000568285   0.0000589331   0.0000426431  -0.0000603694  -0.0000643021
       -0.0000507440   0.0000174976   0.0000328002   0.0000247848  -0.0000216215
        0.0000143938  -0.0000056243  -0.0000115061   0.0000158625   0.0000028678
        0.0000518703   0.0000154107  -0.0000201031   0.0000064078   0.0000124674
       -0.0000023165  -0.0000001203  -0.0000053141   0.0000032113   0.0000004439
       -0.0000010767  -0.0000031126  -0.0000009660  -0.0000004261  -0.0000005254
        0.0000249085   0.0000753880  -0.0001364777  -0.0000178628   0.0000119142
        0.0000115800   0.0000034543  -0.0000031422   0.0000066790   0.0000344815
        0.0028811042  -0.0008149824   0.0000028370  -0.0002094620   0.0005582807
       -0.0642959170   0.0762763980   0.0995451850  -0.0000902671  -0.0003863309
       -0.0045848300   0.0005700306   0.0002102386  -0.0002463778   0.0000040455
        0.0000101386   0.0000072533   0.0000016513  -0.0000019700  -0.0000007711
        0.0000137511   0.0000116034  -0.0000033235   0.0000238031  -0.0000135494
        0.0000045192  -0.0000878247  -0.0000470791   0.0000453789  -0.0000027379
       -0.0000011950  -0.0000001690   0.0000148974  -0.0000107600   0.0000013658
       -0.0000000547  -0.0000088480   0.0000029901   0.0000023233  -0.0000002367
       -0.0000040294  -0.0000051527   0.0000536145   0.0000109263  -0.0000031497
       -0.0000055075   0.0000015532  -0.0000061760  -0.0000101435   0.0000020792
        0.0000062010   0.0000150868  -0.0000141633  -0.0000041289  -0.0000037826
        0.0000046264  -0.0000061070  -0.0000091475   0.0000135570   0.0123553246
       -0.0227826710  -0.0231552496   0.0015711931  -0.0027719030  -0.0000344924
        0.0007978160   0.0002457422   0.0001657621  -0.0001369169  -0.0000928459
        0.0003299837   0.0016108966  -0.0040696104   0.0004438211  -0.0004932784
        0.0020546060   0.0000377523  -0.0000157576  -0.0000388962  -0.0000337767
       -0.0000191303   0.0000443528   0.0000453091   0.0000025929   0.0000104797
        0.0000242625  -0.0001431048   0.0003520900   0.0002589396  -0.0000193354
       -0.0000073602  -0.0000192744   0.0000149828   0.0000137413   0.0000047025
        0.0000065840  -0.0000014735  -0.0000075090  -0.0000142294  -0.0000223090
        0.0000065887
        0.0002650416  -0.0000546530   0.0000594188  -0.0002773243  -0.0001569219
       -0.0000878756   0.0001780035   0.0001055731   0.0000708298  -0.0002335060
       -0.0000208882   0.0001142658   0.0003431533   0.0002789209   0.0001486280
        0.0000826178   0.0000340782  -0.0002002066  -0.0003545253  -0.0000316318
       -0.0000862389   0.0003107708  -0.0000472355  -0.0001048966  -0.0005780988
       -0.0095626946  -0.0019708733  -0.0001785595   0.0001259972   0.0000047432
       -0.0000496932  -0.0000380593   0.0000018286   0.0000777379   0.0000951012
        0.0000639089  -0.0000612328  -0.0000419285   0.0000115876   0.0000080333
        0.0000588825  -0.0000349607   0.0000189373  -0.0000186765   0.0000097398
        0.0001803738  -0.0000509486  -0.0000661051   0.0000832836   0.0000277607
       -0.0000142099  -0.0000294307   0.0000108465   0.0000122030  -0.0000237496
       -0.0000004796  -0.0000022382  -0.0000054606  -0.0000051360  -0.0000149142
        0.0000037692  -0.0000244468  -0.0000335650   0.0000212969  -0.0006369862
        0.0002124033   0.0000073160   0.0000010521   0.0000031594  -0.0001195020
        0.0002268917   0.0000747427  -0.0000627829   0.0000083749   0.0000142212
       -0.0002416915   0.0006447464  -0.0000902671   0.0322793962  -0.0786608640
       -0.0126540837  -0.0000123671  -0.0000556447  -0.0001456521   0.0000045812
       -0.0000108199  -0.0000018389   0.0000175301  -0.0000017260  -0.0000260109
       -0.0000020433  -0.0000084340  -0.0000164503  -0.0000059068   0.0000017279
       -0.0000036800   0.0000259182   0.0000177544  -0.0000058765   0.0000044245
       -0.0000055767   0.0000035132  -0.0000020075  -0.0000121156   0.0000015676
       -0.0000109139  -0.0000164696  -0.0000013447  -0.0000025130   0.0000014043
        0.0000008576  -0.0000049672  -0.0000118117  -0.0000175981  -0.0000334578
       -0.0000094003   0.0000122954  -0.0000418520  -0.0000137943   0.0000044587
        0.0000658497  -0.0000129539  -0.0000596877  -0.0000132111   0.0000003323
        0.0000144752  -0.0000330197   0.0000101483   0.0000360951  -0.0282668355
        0.0743177721   0.0068041092   0.0014014940  -0.0004189543  -0.0011564365
       -0.0007242424   0.0006036664   0.0004733366  -0.0005533015  -0.0006507711
        0.0009210355  -0.0057983072   0.0086854570   0.0108757068   0.0030070469
        0.0055593751  -0.0034727063  -0.0004619676  -0.0001366350  -0.0004630154
        0.0000230139   0.0002247047   0.0001946491   0.0000396933  -0.0000535724
        0.0001623322  -0.0002153055  -0.0001953416   0.0003971281  -0.0000321630
       -0.0000682822   0.0000142578   0.0000025438   0.0000155949   0.0000054699
       -0.0000229831  -0.0000169873   0.0000182414   0.0000010958  -0.0000053215
       -0.0000104771
        0.0002978395  -0.0001420292   0.0001096415  -0.0002522738  -0.0001199049
       -0.0000823059   0.0002028614   0.0000903544   0.0000647675  -0.0002128290
       -0.0001053509   0.0001087211   0.0005366383   0.0000294124   0.0001157197
       -0.0003834139   0.0002340313   0.0005041373  -0.0002509546  -0.0000712709
       -0.0002150760  -0.0003717575   0.0010731948   0.0010753958   0.0000333891
       -0.0034428212  -0.0004101171  -0.0000160640   0.0002184453  -0.0000507442
       -0.0000261887  -0.0000865926  -0.0000476491   0.0000511502   0.0000802051
        0.0000473748  -0.0000270141  -0.0000468408  -0.0000049795   0.0000035624
        0.0000325807  -0.0000373908   0.0000112233  -0.0000171571   0.0000023561
        0.0000568805  -0.0000805777   0.0000073919   0.0000586802  -0.0000078744
        0.0000048239  -0.0000225586   0.0000216884   0.0000010368  -0.0000259668
        0.0000162374  -0.0000158729  -0.0000026364   0.0000107140  -0.0000283640
        0.0000102296  -0.0000173745  -0.0000517029   0.0001376160  -0.0009626603
        0.0000276835  -0.0000059425   0.0000144857  -0.0000139870   0.0002213652
        0.0000000587  -0.0001280402  -0.0000014861  -0.0002083345   0.0001562546
       -0.0004080855   0.0001272693  -0.0003863309  -0.0786608640   0.3635182155
        0.1437298537  -0.0000387767  -0.0000464298  -0.0001060244  -0.0000068894
       -0.0000142864  -0.0000002154  -0.0000132901   0.0000146881  -0.0000008559
       -0.0000093608   0.0000045618  -0.0000000623  -0.0000084113   0.0000053080
        0.0000079450   0.0000047966   0.0000287289  -0.0000250764   0.0000066637
       -0.0000106770   0.0000161817  -0.0000081311  -0.0000020023   0.0000021610
       -0.0000071159  -0.0000073409  -0.0000025416  -0.0000008113   0.0000040934
        0.0000091602  -0.0000067460  -0.0000156129  -0.0000183995  -0.0000235703
        0.0000049870   0.0000030057  -0.0000216463   0.0000119230  -0.0000085615
        0.0000478117  -0.0000402189  -0.0000092519  -0.0000067599   0.0000078052
       -0.0000000416  -0.0000196060   0.0000267628  -0.0000100397   0.0755589953
       -0.3392745788  -0.1367839422  -0.0001237434   0.0001529351  -0.0005377806
        0.0001207443  -0.0002065910   0.0002094726  -0.0011903012   0.0007231647
       -0.0008295927   0.0003723945  -0.0191684167  -0.0090097251   0.0046907207
       -0.0021895832   0.0024985238  -0.0001163932  -0.0000697123  -0.0000506313
        0.0000944178   0.0000818946   0.0002523520  -0.0002233618   0.0000108862
       -0.0003683509   0.0000166668  -0.0001525730   0.0002866541  -0.0000561683
       -0.0000547275  -0.0000102895   0.0000063850   0.0000179616   0.0000046177
       -0.0000022094  -0.0000036949   0.0000044841   0.0000102958   0.0000026409
       -0.0000057733
       -0.0003544063   0.0000846437  -0.0001180358   0.0003496027   0.0001003039
        0.0001108603  -0.0002013320  -0.0000965126  -0.0000571776   0.0002347091
       -0.0000220321  -0.0001723548  -0.0000576329   0.0000260629  -0.0002114126
        0.0001070173   0.0000989965   0.0000011952   0.0001521931   0.0000402197
        0.0000774513   0.0005659541  -0.0009739354   0.0015276538   0.0061903716
       -0.0212480372  -0.0099587150   0.0001486207  -0.0001149949   0.0000386070
       -0.0000046108   0.0000158241  -0.0000104745  -0.0000164714  -0.0000343531
       -0.0000165993   0.0000130597   0.0000250058  -0.0000047746  -0.0000006588
       -0.0000329046   0.0000082554  -0.0000153645   0.0000075294  -0.0000038811
       -0.0001442115   0.0000517849   0.0000317526  -0.0000702036  -0.0000174592
       -0.0000005966   0.0000312865  -0.0000197939  -0.0000026003   0.0000216603
       -0.0000126272   0.0000242037  -0.0000103918   0.0000005227   0.0000102089
       -0.0000081313   0.0000315604   0.0000462323   0.0000286418   0.0004042299
       -0.0000917861  -0.0000316165  -0.0000141909  -0.0000195194  -0.0002868998
        0.0003856629  -0.0001611969  -0.0000221669  -0.0000568061   0.0002836944
       -0.0016295014  -0.0015963339  -0.0045848300  -0.0126540837   0.1437298537
        0.1099659256  -0.0001016835   0.0000634783  -0.0000507051   0.0000002143
        0.0000019936  -0.0000088453   0.0000018355  -0.0000033978   0.0000092279
        0.0000023802   0.0000004941   0.0000053318   0.0000010844  -0.0000035129
        0.0000045760   0.0000026323  -0.0000092541  -0.0000150268   0.0000262684
       -0.0000060069  -0.0000034673  -0.0000023624   0.0000077349   0.0000025440
        0.0000056220   0.0000084230   0.0000002808   0.0000021110   0.0000009956
        0.0000065234   0.0000031888  -0.0000100876  -0.0000139286   0.0000292342
        0.0000054884  -0.0000061377   0.0000321008   0.0000063763   0.0000041052
       -0.0000584156   0.0000189544   0.0000336340   0.0000111901  -0.0000019207
       -0.0000072700   0.0000279687  -0.0000142763  -0.0000134009   0.0096956315
       -0.1376835602  -0.1025391951   0.0009824897  -0.0002890241  -0.0003437959
       -0.0001856575   0.0003829115  -0.0000605143   0.0003940722   0.0005379817
        0.0000144344   0.0011988344   0.0122082624   0.0062672524  -0.0041021648
        0.0037266008   0.0005032563  -0.0002453296   0.0001748291   0.0000445740
       -0.0000126607   0.0001966040  -0.0005776467   0.0000112544  -0.0000567286
       -0.0000772910  -0.0000788276  -0.0000530863   0.0000830124   0.0000403840
        0.0000434503   0.0000240067  -0.0000037583  -0.0000086665  -0.0000041979
       -0.0000115955  -0.0000049363   0.0000047613  -0.0000014750  -0.0000023394
        0.0000018162
       -0.0001333829   0.0001000837  -0.0000955034   0.0001389185  -0.0000035566
        0.0000267154  -0.0000422806   0.0000086748  -0.0000261030  -0.0000060576
       -0.0000057758  -0.0000106423   0.0001341821  -0.0000574188   0.0000574993
       -0.0000063104   0.0000184747   0.0000137854  -0.0000687268   0.0000172042
       -0.0000158602  -0.0004729502  -0.0001518687  -0.0001187760   0.0008313829
       -0.0010816781   0.0016750279  -0.0002257524  -0.0002095873   0.0000691897
        0.0000954461   0.0001448369   0.0001040883  -0.0001190968  -0.0001244381
       -0.0000840809   0.0000202968   0.0000791957   0.0000301671   0.0000046029
       -0.0000602568   0.0000492478  -0.0001890167   0.0001319092   0.0000408836
        0.0001360234   0.0000600642  -0.0000838329   0.0000168101   0.0000386382
       -0.0000206913   0.0000028761  -0.0000214320   0.0000155086   0.0000001274
       -0.0000168070   0.0000132799  -0.0000076400  -0.0000048459   0.0000067910
        0.0000036951  -0.0000122654   0.0000043428   0.0000082869  -0.0000148123
        0.0000032866  -0.0000097134  -0.0000059271  -0.0000035154   0.0000378359
        0.0000660097  -0.0000034801   0.0000274587   0.0000592181  -0.0000810279
       -0.0003273334  -0.0006284587   0.0005700306  -0.0000123671  -0.0000387767
       -0.0001016835   0.3217715202  -0.1346114369   0.1048348602   0.0000128615
        0.0000191877   0.0000061693   0.0000149661  -0.0000165713  -0.0000072389
        0.0000196808  -0.0000027253  -0.0000039462   0.0000161417  -0.0000081654
       -0.0000193572  -0.0000264624  -0.0000590616   0.0000720612  -0.0000689616
        0.0000319970  -0.0000194705   0.0000584042  -0.0000025617  -0.0000049631
        0.0000338628  -0.0000095290   0.0000057629   0.0000317555  -0.0000226016
       -0.0000381747  -0.0000167141   0.0001516309   0.0001750351  -0.0000073010
       -0.0000166443   0.0000098595  -0.0000183190  -0.0000315802   0.0000158215
        0.0000098786   0.0000431315  -0.0000564014  -0.0000082103  -0.0000114802
        0.0000188595  -0.0000127786  -0.0000276953   0.0000547859  -0.0016543616
        0.0026962408  -0.0017602068   0.0007738213   0.0048330672  -0.0009836007
        0.0029867311  -0.0029369652   0.0006039127  -0.0003357468   0.0005892894
        0.0006555852   0.0014408977  -0.0093786330  -0.0019876263   0.0001658163
        0.0057567556   0.0015863643   0.0000325521   0.0000023455  -0.0000154684
        0.0000177858   0.0000502106   0.0001474127  -0.0000330919  -0.0000096933
       -0.0000883672  -0.3063076261   0.1259057588  -0.0987350991  -0.0170013831
        0.0099882025  -0.0068921444   0.0008997958   0.0005119592  -0.0001069281
        0.0009495909   0.0005179209  -0.0002210481  -0.0035824205  -0.0022387574
        0.0007189040
        0.0001726523  -0.0000461019   0.0000591103  -0.0001813727  -0.0000178622
       -0.0000171012   0.0000423701   0.0000173065   0.0000220541  -0.0000345887
        0.0000258684   0.0000268828  -0.0000676499   0.0000193979  -0.0000289325
       -0.0000132607  -0.0000041945  -0.0000244350   0.0000399624  -0.0000128067
       -0.0000147019   0.0001496716   0.0000370604   0.0000242349   0.0010719293
        0.0001311798  -0.0005314033  -0.0000147059   0.0001033946  -0.0000069024
       -0.0000546005  -0.0000535135  -0.0000331115   0.0000722630   0.0000624030
        0.0000602401  -0.0000745685  -0.0000331481   0.0000102572   0.0000200165
        0.0001159611  -0.0000102281   0.0001544505  -0.0000820704  -0.0000168954
        0.0000402513  -0.0000372716  -0.0000120602   0.0000279450  -0.0000027910
       -0.0000030890  -0.0000143243   0.0000138178  -0.0000003145  -0.0000095510
        0.0000070443  -0.0000070892   0.0000070201  -0.0000005178  -0.0000038964
        0.0000011556  -0.0000019774  -0.0000057510   0.0000120784  -0.0000020823
       -0.0000112074   0.0000090575   0.0000006537   0.0000045885   0.0000296043
        0.0000548692  -0.0000017919   0.0000331503   0.0000314954  -0.0000400851
       -0.0000586268  -0.0001402337   0.0002102386  -0.0000556447  -0.0000464298
        0.0000634783  -0.1346114369   0.1207323674  -0.0698151206  -0.0000000213
       -0.0000108736  -0.0000029959   0.0000050254  -0.0000032792  -0.0000082167
        0.0000004332   0.0000020604  -0.0000100090  -0.0000008154   0.0000024682
       -0.0000041459   0.0000050639  -0.0000170433   0.0000071553  -0.0000221600
       -0.0000072457   0.0000025846  -0.0000286281  -0.0000266464  -0.0000025728
       -0.0000257013  -0.0000301242   0.0000039209  -0.0000290393   0.0000069478
        0.0000012351  -0.0000574343   0.0000374493  -0.0000166666  -0.0000110763
        0.0000028847   0.0000035751  -0.0000114973   0.0000043394  -0.0000000792
        0.0000210241  -0.0000211892  -0.0000141363  -0.0000022723   0.0000060127
        0.0000024919  -0.0000097187   0.0000132491   0.0000048667   0.0004473676
       -0.0000863915   0.0001792620   0.0238225220  -0.0108515926   0.0054157958
        0.0002325581  -0.0052339967   0.0048727235   0.0000529037   0.0000024142
        0.0000160714  -0.0017849452   0.0003834569  -0.0012190024   0.0002880494
       -0.0018563042   0.0001014613   0.0000154619   0.0000127349   0.0000265823
       -0.0000075601  -0.0000129116  -0.0000075384   0.0000112344   0.0000040528
        0.0000235199   0.1237546940  -0.1085457778   0.0663459673  -0.0114689429
        0.0058162779  -0.0057984802   0.0001250201   0.0002120425  -0.0001291595
        0.0003289991   0.0001790391  -0.0001425043  -0.0023437915  -0.0008538724
        0.0004513260
       -0.0000479347  -0.0000041578  -0.0000242879   0.0000467975   0.0000056258
        0.0000141210   0.0000201332   0.0000012027  -0.0000072255  -0.0000130599
        0.0000017904   0.0000189051   0.0000326489   0.0000010368   0.0000138688
        0.0000201001   0.0000374703   0.0000173342  -0.0000480553  -0.0000011025
       -0.0000074724  -0.0000823597  -0.0000256628  -0.0000982844  -0.0001442405
       -0.0004160365  -0.0002009239   0.0000664855   0.0000231983   0.0000238502
       -0.0000687836  -0.0000485386  -0.0000410024   0.0000707160   0.0000805198
        0.0000624017  -0.0000098012  -0.0000559857   0.0000008442   0.0000030993
        0.0000528767   0.0000476346   0.0001466081  -0.0000772134  -0.0000002334
       -0.0000368832   0.0000021133  -0.0000080646  -0.0000098084  -0.0000070297
       -0.0000088076   0.0000056155  -0.0000007153   0.0000038857   0.0000003264
       -0.0000034363   0.0000079963  -0.0000003811  -0.0000018786  -0.0000037733
       -0.0000047173  -0.0000148065  -0.0000205732   0.0000162415  -0.0000181813
       -0.0000173866  -0.0000049878  -0.0000075235  -0.0000065321  -0.0000042260
       -0.0000725758   0.0000153962  -0.0000115112   0.0000345263  -0.0000420584
        0.0005473131   0.0002329299  -0.0002463778  -0.0001456521  -0.0001060244
       -0.0000507051   0.1048348602  -0.0698151206   0.0570221082   0.0000002016
       -0.0000101660  -0.0000090405   0.0000088178  -0.0000096931  -0.0000053622
       -0.0000058246  -0.0000084164  -0.0000070240  -0.0000036683   0.0000067659
       -0.0000221750  -0.0000183446   0.0000100129   0.0000297779  -0.0000447333
       -0.0000005046  -0.0000233393  -0.0000311993  -0.0000080335  -0.0000074112
       -0.0000239047   0.0000165077   0.0000001449  -0.0000204893  -0.0000028924
       -0.0000290287  -0.0000775006   0.0000428203   0.0000581568   0.0000055884
        0.0000037782   0.0000034905   0.0000051800   0.0000035815   0.0000056725
       -0.0000159599  -0.0000101160  -0.0000105393   0.0000073045   0.0000036133
        0.0000038190   0.0000081515   0.0000026001   0.0000093188  -0.0006050432
        0.0008833869  -0.0009394754  -0.0076707512  -0.0002745108  -0.0087850300
       -0.0011841173   0.0048207829   0.0045398403  -0.0001081007   0.0001219343
        0.0000443190  -0.0002129590  -0.0039746848  -0.0005029744   0.0005326414
        0.0022840662  -0.0006533463   0.0000182252   0.0000281454  -0.0000028353
       -0.0000151448  -0.0000253595   0.0000042818  -0.0000309317  -0.0000149446
       -0.0000317804  -0.1013980048   0.0697712915  -0.0496200346   0.0050222948
       -0.0036063435  -0.0008257011  -0.0002397664  -0.0001536294  -0.0001137942
        0.0001333017  -0.0001886927   0.0000409346   0.0007861931   0.0004913993
        0.0003844982
       -0.0000187067   0.0005766344  -0.0007699114  -0.0004895338  -0.0000177072
       -0.0002072428   0.0000701083   0.0000566184   0.0000671324  -0.0000616063
        0.0000092190   0.0000193318   0.0000134550  -0.0000215619  -0.0000330874
        0.0000298268   0.0000123143   0.0000033038   0.0000011700   0.0000047411
       -0.0000565965   0.0000004094  -0.0000029733   0.0000002076   0.0000123969
       -0.0000130585   0.0000175119  -0.0517201164  -0.0087849931  -0.0070595556
        0.0006398181  -0.0169292271  -0.0128994685  -0.0039625377  -0.0036792910
       -0.0009315865  -0.0000132944  -0.0001063411  -0.0012785695   0.0000799514
        0.0000645060   0.0000591864   0.0000069766   0.0000252081  -0.0000048220
       -0.0087069763   0.0268870344   0.0397730037  -0.0000158411  -0.0000731821
       -0.0001369835  -0.0000713494   0.0000630920   0.0000146159  -0.0000357104
        0.0000628030  -0.0000892352  -0.0000135724  -0.0000055831  -0.0000007617
        0.0000063272  -0.0000009550   0.0000069946   0.0000064989  -0.0000014664
       -0.0000007010   0.0000088009  -0.0000105824   0.0000063490   0.0000007107
        0.0000029481   0.0000000394   0.0000024084   0.0000014426  -0.0000021497
        0.0000024273   0.0000020710   0.0000040455   0.0000045812  -0.0000068894
        0.0000002143   0.0000128615  -0.0000000213   0.0000002016   0.0636320397
        0.0017591369  -0.0156429895   0.0007124364   0.0001371562  -0.0003869909
       -0.0000384666  -0.0000787186   0.0000261001  -0.0002792665  -0.0002102194
       -0.0001356490   0.0000614724  -0.0000013757   0.0000393628   0.0000020680
       -0.0000039846   0.0000090411   0.0000077912  -0.0000178212  -0.0000007445
        0.0000031778  -0.0000107607   0.0000081252  -0.0000030599  -0.0000014430
       -0.0000037369  -0.0000018895  -0.0000008095  -0.0000029736   0.0000494243
        0.0001077913  -0.0000013907   0.0000708287   0.0001380539   0.0001239445
        0.0003056742  -0.0003663728   0.0012041072  -0.0000049812  -0.0000314860
       -0.0001187284  -0.0002833945   0.0004602611  -0.0016077542  -0.0000403389
        0.0000393631  -0.0000266460   0.0000436441  -0.0000083304   0.0000055828
       -0.0000320899   0.0000157078  -0.0000104110   0.0000008746   0.0000070721
       -0.0000024148   0.0000814049  -0.0001008100  -0.0000118952  -0.0000767576
        0.0000489086   0.0000445238   0.0000054548  -0.0000040040  -0.0000042704
       -0.0000024770   0.0000013102   0.0000005347   0.0000020317   0.0000012818
       -0.0000049013  -0.0000098035   0.0000034500  -0.0000014480   0.0000071241
        0.0000037939  -0.0000003064  -0.0000004331  -0.0000010833  -0.0000000794
       -0.0000009153  -0.0000007683   0.0000005851  -0.0000010572  -0.0000000988
       -0.0000000441
        0.0018150514  -0.0023237755   0.0032861822  -0.0007523655  -0.0001856170
       -0.0000560232   0.0001133410   0.0000798805   0.0000739543  -0.0000102195
        0.0000442435  -0.0000143659   0.0000330905  -0.0000121779   0.0000260858
       -0.0001189030  -0.0000276005  -0.0000454490   0.0002067939  -0.0000270740
       -0.0001059497   0.0000037698   0.0000029741   0.0000083347   0.0000367763
       -0.0000310622   0.0000029574  -0.0101211533  -0.1398614312  -0.1005871229
       -0.0048716727  -0.0057086046  -0.0187636833  -0.0040027776  -0.0002626545
       -0.0020189883   0.0004463101  -0.0016833330   0.0007599203  -0.0003972829
       -0.0001329795  -0.0003007696   0.0000192121  -0.0001760833   0.0001170821
        0.0153154124   0.0026615015  -0.0194295264  -0.0001025074   0.0001115284
        0.0001936530   0.0000494154  -0.0001019144  -0.0001456411   0.0001473785
       -0.0000485929   0.0001914756   0.0000138631  -0.0000036009   0.0000329062
        0.0000135899   0.0000105354   0.0000216735   0.0000085262   0.0000027847
       -0.0000020036  -0.0000016457   0.0000155931   0.0000262840   0.0000015633
        0.0000051335  -0.0000012132   0.0000104626   0.0000039437   0.0000031637
        0.0000061263   0.0000040417   0.0000101386  -0.0000108199  -0.0000142864
        0.0000019936   0.0000191877  -0.0000108736  -0.0000101660   0.0017591369
        0.1475122527   0.1362189349   0.0005070818   0.0000022982   0.0004474895
        0.0000488013   0.0003249120  -0.0000634128   0.0001196287   0.0000086229
       -0.0000054544   0.0000972411   0.0000703531  -0.0000182164   0.0000068401
        0.0000037040  -0.0000101120   0.0000016262  -0.0000011850  -0.0000040120
       -0.0000648120  -0.0000618065  -0.0000108426   0.0000016018   0.0000035716
       -0.0000081206  -0.0000078950  -0.0000025754  -0.0000120054  -0.0000166282
       -0.0001313326  -0.0000746095  -0.0000515758  -0.0001876611   0.0000238573
       -0.0001805934   0.0006146775  -0.0013207944  -0.0000555956  -0.0000067045
        0.0001102558   0.0000428576  -0.0005246980   0.0014125642  -0.0000429267
        0.0000937850  -0.0000228621   0.0000228009  -0.0000558147   0.0000123123
       -0.0000248747   0.0000388495  -0.0000089961   0.0000049590   0.0000211904
        0.0000385570   0.0000925292  -0.0003137483  -0.0001380670  -0.0001371994
        0.0002218265   0.0001692212   0.0000046761   0.0000018508  -0.0000021023
       -0.0000041393  -0.0000013754   0.0000048973   0.0000001202  -0.0000046156
       -0.0000060935   0.0000005255   0.0000409609  -0.0000021004   0.0000045167
        0.0000017300  -0.0000062551   0.0000017846   0.0000024564   0.0000009981
        0.0000004983  -0.0000003765  -0.0000001275  -0.0000015089  -0.0000016469
        0.0000001936
       -0.0004237650   0.0021976014  -0.0018096159  -0.0005962383  -0.0000168073
       -0.0002296352  -0.0000330214   0.0000954245   0.0000240423   0.0000393176
        0.0000124284   0.0000159223   0.0000065383   0.0000490709   0.0000257876
       -0.0000985885  -0.0000745312  -0.0000426116   0.0000800762  -0.0000232868
       -0.0000851930  -0.0000043839  -0.0000016328   0.0000083904  -0.0000018992
       -0.0000151228  -0.0000200144  -0.0057491039  -0.1010935785  -0.1528292524
        0.0006334766  -0.0130451639  -0.0001994002  -0.0015015160  -0.0021040868
        0.0017188054  -0.0002479552   0.0007736936  -0.0016395943   0.0002832147
        0.0002577319   0.0001391012   0.0000180552   0.0000818782  -0.0000384789
        0.0235336288  -0.0237967912  -0.0210451055  -0.0000094219   0.0003955595
       -0.0000034748  -0.0000800860   0.0000632865   0.0000227991  -0.0002048058
        0.0003632301  -0.0005778033   0.0000043800  -0.0000011605   0.0000238731
        0.0000058196   0.0000031762   0.0000096765  -0.0000021182   0.0000065947
        0.0000078087   0.0000023028   0.0000380532   0.0000180486  -0.0000048988
        0.0000031346   0.0000002309  -0.0000001838  -0.0000009939   0.0000011216
        0.0000016474   0.0000044267   0.0000072533  -0.0000018389  -0.0000002154
       -0.0000088453   0.0000061693  -0.0000029959  -0.0000090405  -0.0156429895
        0.1362189349   0.1756264878   0.0000594719   0.0005929804  -0.0000197201
        0.0002848358   0.0000521248   0.0002449592  -0.0003712739  -0.0001937978
       -0.0001388827  -0.0000399897  -0.0000354639   0.0000140441   0.0000121457
       -0.0000257621   0.0000323887   0.0000009013  -0.0000195552   0.0000055748
        0.0000136237  -0.0000002337   0.0000110781  -0.0000054342  -0.0000022827
       -0.0000023887  -0.0000074416  -0.0000031988  -0.0000067345  -0.0000243273
       -0.0000801786   0.0000206921  -0.0000221407  -0.0004382746   0.0000504081
        0.0000043624   0.0001563655   0.0001672581  -0.0000016165  -0.0000550426
        0.0001005257   0.0001385853  -0.0003286485   0.0003638105  -0.0000043683
        0.0000118736   0.0000287815   0.0000401720  -0.0000024969   0.0000000536
       -0.0000275820   0.0000094987   0.0000016277   0.0000066014   0.0000145872
        0.0000408991   0.0000014589  -0.0001308963  -0.0001456598  -0.0000608101
        0.0000940504   0.0001130499  -0.0000003281   0.0000046052  -0.0000018177
       -0.0000029092  -0.0000014979   0.0000042101  -0.0000004307  -0.0000047162
       -0.0000011800  -0.0000098185  -0.0000011072   0.0000085632   0.0000077601
        0.0000009875  -0.0000048458  -0.0000008124  -0.0000004721   0.0000003634
       -0.0000017618  -0.0000014011   0.0000020853  -0.0000006854   0.0000000946
       -0.0000004271
        0.0001190901  -0.0001642220   0.0000622094  -0.0000110054   0.0001330731
       -0.0001638049   0.0000697605   0.0000597361  -0.0000361054  -0.0000733644
        0.0000248577  -0.0000111779  -0.0000034086  -0.0000103023  -0.0000420265
       -0.0000528577   0.0000021273  -0.0000128807   0.0000352238   0.0000472045
        0.0000306656   0.0000031315  -0.0000032619  -0.0000031220   0.0000171255
       -0.0000024524   0.0000501673  -0.0162351973   0.0081711073   0.0137711067
       -0.2095148002   0.0491901451   0.1185103225   0.0011878973   0.0004911307
        0.0001951932   0.0008656785   0.0006789726  -0.0013257700   0.0001856349
        0.0001352555   0.0000755672  -0.0000025074   0.0000723093  -0.0000247230
       -0.0073365517  -0.0039044768   0.0004850302  -0.0000158775  -0.0001672920
        0.0000701896  -0.0000292810   0.0000472243  -0.0000295234  -0.0000155141
        0.0000113713   0.0000228724  -0.0000075658   0.0000005749  -0.0000171735
        0.0000022680  -0.0000024188   0.0000018392   0.0000076486  -0.0000057438
       -0.0000038168  -0.0000014198  -0.0000076890  -0.0000071133   0.0000034369
        0.0000011881   0.0000002828   0.0000021552   0.0000031902  -0.0000038825
        0.0000056429   0.0000004566   0.0000016513   0.0000175301  -0.0000132901
        0.0000018355   0.0000149661   0.0000050254   0.0000088178   0.0007124364
        0.0005070818   0.0000594719   0.2292771350  -0.0532053055  -0.1331852715
        0.0010032029  -0.0022595420   0.0017953064  -0.0001276624  -0.0001415730
       -0.0001271412  -0.0000371248   0.0000884890   0.0000551857  -0.0000042905
        0.0000151707  -0.0000125382  -0.0000075527  -0.0000067687   0.0000006682
        0.0000156274   0.0000153973   0.0000062985  -0.0000042814  -0.0000047933
       -0.0000059571  -0.0000012204   0.0000019986   0.0000039332   0.0000075078
        0.0000418530  -0.0000323509   0.0000580650   0.0002121705  -0.0000841079
        0.0000346985  -0.0000698795   0.0001660850   0.0000027638   0.0000041847
       -0.0000445885  -0.0000052215   0.0000559432  -0.0002233652  -0.0000799329
        0.0000439310  -0.0000774596   0.0000495860  -0.0000010332   0.0000065865
       -0.0000330405   0.0000136442  -0.0000140654  -0.0000681346  -0.0000354926
        0.0000286875   0.0000916562  -0.0000013010   0.0001463020  -0.0000884726
       -0.0000831369  -0.0000559901  -0.0000149929  -0.0000266785  -0.0000018200
       -0.0000180901   0.0000230583   0.0000161444   0.0000056124   0.0000171606
       -0.0000222119  -0.0000101775  -0.0000015198  -0.0000067245   0.0000073763
        0.0000052469   0.0000022562  -0.0000011201  -0.0000018737  -0.0000003592
       -0.0000010078  -0.0000006282   0.0000003077  -0.0000011840   0.0000003954
        0.0000000872
        0.0000228027   0.0000220103   0.0000496853  -0.0001624780  -0.0002647438
        0.0003664585   0.0000903089   0.0000081132   0.0002464385  -0.0000217330
       -0.0000208672   0.0000144913   0.0000298507  -0.0000212175  -0.0000121012
        0.0001453434   0.0000407829   0.0000495014   0.0001079388  -0.0001708967
       -0.0002264236  -0.0000012685   0.0000049123   0.0000022182  -0.0000138296
        0.0000074366  -0.0000456184  -0.0091133554   0.0032105098   0.0070478983
        0.0497311715  -0.0546561654  -0.0427248849   0.0176154748  -0.0065733905
       -0.0140430896   0.0013974451  -0.0015344221   0.0026348159  -0.0004239795
       -0.0003504890  -0.0001620507   0.0000047552  -0.0001436173   0.0000858554
       -0.0044172295   0.0002044240  -0.0007550345   0.0000206000  -0.0000338321
        0.0000518113  -0.0000144530  -0.0000114128  -0.0000157858  -0.0000061918
        0.0000232033  -0.0000086875  -0.0000007993  -0.0000200252   0.0000198571
       -0.0000054343  -0.0000076769  -0.0000028306  -0.0000149703   0.0000018091
        0.0000068410   0.0000008766  -0.0000208151   0.0000315886  -0.0000032959
       -0.0000031194   0.0000002821  -0.0000037881  -0.0000056986   0.0000033966
       -0.0000033374  -0.0000004836  -0.0000019700  -0.0000017260   0.0000146881
       -0.0000033978  -0.0000165713  -0.0000032792  -0.0000096931   0.0001371562
        0.0000022982   0.0005929804  -0.0532053055   0.0569715657   0.0545409776
       -0.0019993850   0.0029628109  -0.0078641598   0.0002003109   0.0003107641
        0.0002702520   0.0000059471  -0.0000328479  -0.0000604884  -0.0000133962
       -0.0000475679  -0.0000015798  -0.0000268780   0.0000126700  -0.0000063653
       -0.0000338788  -0.0000356739  -0.0000118309   0.0000103050   0.0000137313
        0.0000122318   0.0000006968   0.0000017712  -0.0000067880  -0.0000175901
       -0.0000098717  -0.0000227642   0.0000084813   0.0000590395  -0.0000561474
        0.0001022311   0.0001026998   0.0000239807  -0.0000285239  -0.0000280739
        0.0000078979  -0.0001029511  -0.0000656450  -0.0001230667   0.0000693635
       -0.0001010957   0.0000851524  -0.0000408612   0.0000117077  -0.0000084994
        0.0000296388  -0.0000199043   0.0000172856   0.0000352804   0.0000335654
        0.0000151147  -0.0002341689   0.0002462306  -0.0000321160   0.0001965468
       -0.0000636499  -0.0000245053  -0.0000334736   0.0000063702   0.0000283957
        0.0000037095  -0.0000117121   0.0000025820  -0.0000131130  -0.0000065162
        0.0000141135   0.0000099706  -0.0000059602   0.0000097060  -0.0000041092
       -0.0000040424  -0.0000017252   0.0000003556   0.0000011181   0.0000003411
        0.0000002606   0.0000002652  -0.0000004163   0.0000012534   0.0000002157
       -0.0000001306
       -0.0001494718   0.0001041448  -0.0000556746   0.0003101420   0.0002531189
       -0.0000417620  -0.0000239177  -0.0001786940  -0.0002431636  -0.0000641974
        0.0000067802  -0.0000193666  -0.0000252429  -0.0000033823  -0.0000369898
       -0.0000050203   0.0000349138   0.0000040369  -0.0001701735   0.0001056841
        0.0001167542  -0.0000031164   0.0000015763   0.0000029821  -0.0000033744
       -0.0000072658  -0.0000305908  -0.0027403267   0.0005658133   0.0013104889
        0.1176795466  -0.0420846776  -0.1203142100   0.0180154424  -0.0083677537
       -0.0145479237  -0.0000769837   0.0032363178  -0.0011164408   0.0005117880
        0.0004207515   0.0001065215   0.0000264150   0.0001565616  -0.0000832785
       -0.0006631766  -0.0011611574   0.0020270577  -0.0000308123   0.0000227494
        0.0000287291   0.0000185546  -0.0000408193  -0.0000067082   0.0000097688
       -0.0000060655  -0.0000066303  -0.0000015285   0.0000243070  -0.0000022756
        0.0000073741   0.0000097540   0.0000122282   0.0000054433   0.0000016985
       -0.0000088692  -0.0000026314   0.0000042308  -0.0000119031   0.0000021590
       -0.0000019191  -0.0000028671   0.0000030601   0.0000009683   0.0000048616
        0.0000045549   0.0000003428  -0.0000007711  -0.0000260109  -0.0000008559
        0.0000092279  -0.0000072389  -0.0000082167  -0.0000053622  -0.0003869909
        0.0004474895  -0.0000197201  -0.1331852715   0.0545409776   0.1307700109
        0.0016855214  -0.0080212261   0.0022450457  -0.0000876287  -0.0000710934
       -0.0000580340  -0.0007146693  -0.0001116834  -0.0000304632   0.0000252547
        0.0000294860   0.0000081171  -0.0000095764   0.0000220680   0.0000066340
        0.0000339497   0.0000315802   0.0000124576  -0.0000056390  -0.0000041841
        0.0000000861  -0.0000158724  -0.0000112788  -0.0000076629   0.0000034709
       -0.0000297025  -0.0000153261   0.0000141026   0.0000054419  -0.0000246847
        0.0000186735   0.0001756592  -0.0000282346  -0.0000270431  -0.0000416622
        0.0000388066  -0.0000600269  -0.0001301781  -0.0000008105   0.0000570596
        0.0000442040  -0.0000193960  -0.0000745941  -0.0000386901   0.0000047816
        0.0000445022   0.0000045736   0.0000073160   0.0000566439   0.0000703187
       -0.0000218557  -0.0000262656  -0.0000731275   0.0000422900   0.0000320256
        0.0000954821   0.0000072097  -0.0000015547  -0.0000100660   0.0000154342
        0.0000043637  -0.0000325813  -0.0000207029   0.0000019440  -0.0000116652
        0.0000079947   0.0000207874   0.0000310480  -0.0000044792  -0.0000116393
       -0.0000047850  -0.0000014676   0.0000030510   0.0000042157   0.0000008627
        0.0000032900   0.0000020034  -0.0000030390   0.0000011066  -0.0000015299
        0.0000007287
        0.0001175730  -0.0000735823   0.0000667948  -0.0001533092  -0.0000400166
       -0.0000075721   0.0000035371   0.0000278540   0.0000554130  -0.0000417186
        0.0000005883   0.0000023377   0.0000043159  -0.0000239342  -0.0000220279
        0.0000056772   0.0000017423  -0.0000093680   0.0000145552   0.0000008891
       -0.0000187848   0.0000030078  -0.0000076696   0.0000030424   0.0000188149
       -0.0000413771   0.0000067180   0.0001886794   0.0008563283  -0.0015038183
        0.0008467096   0.0011405811   0.0018549435  -0.2154545691   0.0465112687
        0.1152188313  -0.0202150603   0.0041305259   0.0111798603  -0.0005880046
        0.0000817254   0.0000604227   0.0000551019  -0.0002355841   0.0000505673
       -0.0002389755  -0.0006083280  -0.0005487422  -0.0000200128  -0.0000251257
       -0.0000334408  -0.0000017029   0.0000456449   0.0000025712   0.0000003514
        0.0000068166  -0.0000039390  -0.0000003465   0.0000077225  -0.0000321043
        0.0000077703  -0.0000022522   0.0000143614   0.0000072354  -0.0000019129
       -0.0000021030   0.0000051576  -0.0000029733  -0.0000003608   0.0000020964
        0.0000075177  -0.0000010585   0.0000047761   0.0000020323  -0.0000007663
        0.0000198207   0.0000067364   0.0000137511  -0.0000020433  -0.0000093608
        0.0000023802   0.0000196808   0.0000004332  -0.0000058246  -0.0000384666
        0.0000488013   0.0002848358   0.0010032029  -0.0019993850   0.0016855214
        0.2371559281  -0.0471043615  -0.1290863150   0.0013400387   0.0006753698
        0.0004898709  -0.0037824177  -0.0026439499  -0.0003268244  -0.0000094740
        0.0000108455  -0.0000062913   0.0001174589  -0.0000409376  -0.0000424675
       -0.0000302186  -0.0000693724  -0.0000126562  -0.0000072820  -0.0000015878
       -0.0000113242   0.0000538544   0.0000131886   0.0000046378   0.0000183212
        0.0000354369   0.0000072734   0.0000054488  -0.0000121874   0.0000432167
       -0.0002517625  -0.0003477936   0.0002354552   0.0000070056   0.0000320544
       -0.0000253139  -0.0001040198  -0.0003526534   0.0003424028  -0.0000455173
        0.0000732923  -0.0000227277   0.0000709126  -0.0000159249   0.0000125995
       -0.0000522681   0.0000272282  -0.0000178267   0.0000045346   0.0000162425
        0.0000169980   0.0000774416  -0.0002372789  -0.0001020668  -0.0001385130
        0.0001224432   0.0001925515   0.0000042710   0.0000004979  -0.0000009266
       -0.0000014062   0.0000006434   0.0000028600   0.0000003048  -0.0000002865
       -0.0000039125  -0.0000144086   0.0000097537  -0.0000000282   0.0000127537
        0.0000066174  -0.0000034362  -0.0000008765  -0.0000013451   0.0000000753
       -0.0000018590  -0.0000015595   0.0000019870  -0.0000021051  -0.0000000817
       -0.0000002527
       -0.0000439205  -0.0000511284   0.0000332463   0.0000184923   0.0000414299
       -0.0000462761  -0.0000278287  -0.0000279794  -0.0000736733   0.0000285620
        0.0000345333  -0.0000127384   0.0000008515   0.0000233657   0.0000146213
       -0.0000620479  -0.0000352560  -0.0000183474   0.0000308966  -0.0000125846
        0.0000449134  -0.0000015723   0.0000065272   0.0000093934   0.0000046617
       -0.0000208448  -0.0000363046   0.0024505595  -0.0023484964   0.0030143935
        0.0172521296  -0.0045870927  -0.0142835231   0.0443411483  -0.0552585846
       -0.0357397493  -0.0119835803   0.0059685115   0.0060224956   0.0004975816
        0.0003278197  -0.0003247543   0.0000253242   0.0000444211  -0.0001120261
       -0.0008846996   0.0004040024  -0.0005222205   0.0000148542   0.0000801580
        0.0000593360   0.0000315358  -0.0000588317  -0.0000332156   0.0000102741
        0.0000032268   0.0000011678   0.0000567012  -0.0000572949   0.0000497928
        0.0000046496   0.0000098240   0.0000088810  -0.0000014136   0.0000059817
        0.0000023406   0.0000003805   0.0000078980   0.0000042928  -0.0000032509
        0.0000035476  -0.0000004067   0.0000019451  -0.0000015342   0.0000030408
       -0.0000037602   0.0000080660   0.0000116034  -0.0000084340   0.0000045618
        0.0000004941  -0.0000027253   0.0000020604  -0.0000084164  -0.0000787186
        0.0003249120   0.0000521248  -0.0022595420   0.0029628109  -0.0080212261
       -0.0471043615   0.0534088053   0.0500190434   0.0004050320   0.0004179886
        0.0003839673  -0.0021586307  -0.0006560081  -0.0008634122  -0.0000263017
        0.0000305252  -0.0000278581   0.0001359719  -0.0002930889   0.0000193480
        0.0000271149   0.0000061949   0.0000325440  -0.0000048214  -0.0000009085
        0.0000009518   0.0000332789  -0.0000137440   0.0000046853  -0.0000369485
       -0.0000745092  -0.0000422603  -0.0000149884  -0.0000411471  -0.0000371121
        0.0001687826   0.0002407184   0.0000116462  -0.0000494149  -0.0000077013
        0.0000726645  -0.0007481209  -0.0008176295   0.0002181780   0.0000319014
       -0.0000083751   0.0000382902   0.0000096662   0.0000179250  -0.0000056305
       -0.0000031395  -0.0000052622   0.0000051726   0.0000118408   0.0000077632
        0.0000273140  -0.0000788214  -0.0000458070  -0.0001120704  -0.0000043223
        0.0000260168   0.0001273165  -0.0000040899   0.0000154837   0.0000127683
        0.0000043622  -0.0000015333   0.0000019041  -0.0000026619  -0.0000026143
        0.0000071642  -0.0000005805  -0.0000070236   0.0000076987   0.0000020879
        0.0000003730  -0.0000022195  -0.0000007603  -0.0000003026   0.0000000262
       -0.0000011879  -0.0000006565   0.0000009806   0.0000000592   0.0000004868
       -0.0000003603
       -0.0000293955   0.0000836798   0.0000095022   0.0000365447   0.0000026513
        0.0000071983  -0.0000136912  -0.0000066078   0.0000126160   0.0000064990
       -0.0000159265  -0.0000077123  -0.0000180293  -0.0000152552   0.0000014685
        0.0000013338   0.0000041523   0.0000126665  -0.0000098567   0.0000023425
        0.0000124872   0.0000016931  -0.0000012467   0.0000008982  -0.0000057667
       -0.0000034343  -0.0000190889   0.0004992407   0.0033091528  -0.0027215112
        0.0188516863  -0.0090629300  -0.0137323326   0.1132897618  -0.0349320735
       -0.1152400973  -0.0027242381  -0.0010787675   0.0030784291  -0.0007553886
       -0.0000990602   0.0002187796   0.0000417037  -0.0001509471   0.0001083772
       -0.0005967521  -0.0001934586   0.0010722896  -0.0000325262   0.0000012449
        0.0000058851   0.0000098661   0.0000054480  -0.0000030252   0.0000034119
        0.0000128000  -0.0000208322  -0.0000486090   0.0000686955  -0.0000347149
        0.0000022163   0.0000024867   0.0000030694   0.0000018751  -0.0000006448
       -0.0000036108  -0.0000007693   0.0000039813  -0.0000037743   0.0000017645
       -0.0000014581  -0.0000015509   0.0000014755   0.0000000826   0.0000035810
        0.0000126940  -0.0000050192  -0.0000033235  -0.0000164503  -0.0000000623
        0.0000053318  -0.0000039462  -0.0000100090  -0.0000070240   0.0000261001
       -0.0000634128   0.0002449592   0.0017953064  -0.0078641598   0.0022450457
       -0.1290863150   0.0500190434   0.1231281415  -0.0004137661   0.0002999389
        0.0007432237  -0.0010345913  -0.0005017125   0.0009690776   0.0000278937
       -0.0000612516   0.0000394057  -0.0000136246   0.0001938095  -0.0000817297
       -0.0000299543  -0.0000472349  -0.0000214556   0.0000048260   0.0000086773
        0.0000004028  -0.0000097282  -0.0000036709  -0.0000113545   0.0000200006
        0.0000009693   0.0000133123   0.0000173422  -0.0000151226  -0.0000107215
       -0.0002040765  -0.0000371173  -0.0003247673   0.0000612974   0.0000009238
        0.0000389335   0.0003328723   0.0000822061   0.0002209414   0.0000365423
        0.0000209874   0.0000040754  -0.0000524794  -0.0000432527   0.0000082039
        0.0000286632   0.0000095507   0.0000036216   0.0000040061   0.0000000140
        0.0000139557  -0.0000618485  -0.0000580754  -0.0000109484   0.0000343762
        0.0001026771   0.0000221983  -0.0000030066   0.0000112480   0.0000132981
        0.0000035562  -0.0000019886   0.0000002327  -0.0000029432  -0.0000026162
        0.0000039894   0.0000148002   0.0000303699  -0.0000023071  -0.0000074258
       -0.0000039854  -0.0000028926   0.0000027146   0.0000035574   0.0000007675
        0.0000026668   0.0000013234  -0.0000020224   0.0000004479  -0.0000015127
        0.0000004314
        0.0002273310  -0.0002241480   0.0001740825  -0.0003002444  -0.0000350498
       -0.0000494922   0.0000463979   0.0000012131   0.0000040085  -0.0000163271
        0.0000218836   0.0000254622  -0.0000034948  -0.0000146683   0.0000040298
       -0.0000435508  -0.0000153397  -0.0000301133   0.0000635143  -0.0000084994
       -0.0000082743   0.0000058704  -0.0000086660   0.0000048408   0.0000146153
       -0.0000179245   0.0000136980   0.0012991399  -0.0010274610   0.0003288470
       -0.0031919837  -0.0031143257  -0.0008624485  -0.0033370880  -0.0055563519
       -0.0260542456  -0.0474377380   0.0013268572  -0.0107765237   0.0012065232
        0.0002084599  -0.0006866509   0.0002054353   0.0000259859   0.0006019510
       -0.0004850269   0.0001223119   0.0002949027  -0.0000420225  -0.0000470858
        0.0000485375   0.0000057093   0.0000149541  -0.0000381496   0.0000044944
        0.0000199633  -0.0000042033  -0.0000042062  -0.0000067808   0.0000107562
       -0.0000095776   0.0000264357  -0.0000175000   0.0000071805   0.0000004638
       -0.0000041799   0.0000031035   0.0000017343   0.0000054727   0.0000018842
        0.0000042089  -0.0000008294   0.0000049164   0.0000022423   0.0000002370
        0.0000485189  -0.0000045433   0.0000238031  -0.0000059068  -0.0000084113
        0.0000010844   0.0000161417  -0.0000008154  -0.0000036683  -0.0002792665
        0.0001196287  -0.0003712739  -0.0001276624   0.0002003109  -0.0000876287
        0.0013400387   0.0004050320  -0.0004137661   0.0500318932   0.0037783060
        0.0133652202   0.0002476251   0.0044222418   0.0246017108   0.0005849159
       -0.0002423208   0.0000326800   0.0000542197  -0.0002308500  -0.0001594326
       -0.0000387071  -0.0000279639   0.0000233026  -0.0000142443  -0.0001601287
        0.0000123008  -0.0000271375   0.0000046453   0.0000126357   0.0000101041
        0.0000052133  -0.0000280730   0.0000429592   0.0000493560  -0.0000374693
        0.0000474893   0.0000574482   0.0001688902  -0.0000218511  -0.0000296487
       -0.0000220479  -0.0000209854  -0.0000244289  -0.0001914784  -0.0000357578
        0.0000667698  -0.0000234355   0.0000403063  -0.0000175206   0.0000074364
       -0.0000249666   0.0000201799  -0.0000105766   0.0000053533   0.0000157979
        0.0000236119   0.0000482979  -0.0002461149  -0.0001105998  -0.0001495848
        0.0001313083   0.0002006744   0.0000041316   0.0000052763   0.0000023653
       -0.0000004490  -0.0000002320   0.0000037397  -0.0000012215  -0.0000020666
       -0.0000009225  -0.0000037238   0.0000111613  -0.0000024767   0.0000062816
        0.0000029402  -0.0000026334   0.0000000499   0.0000000760   0.0000006429
       -0.0000005612  -0.0000008093   0.0000008671  -0.0000011560  -0.0000002508
        0.0000003023
        0.0000059838   0.0000138693  -0.0000008582  -0.0000383921  -0.0000090434
       -0.0000412348  -0.0000599500   0.0000089107   0.0000022580   0.0000607129
        0.0000205666  -0.0000142896   0.0000293517   0.0000078798  -0.0000168265
        0.0000056953   0.0000133961   0.0000236162  -0.0000115534   0.0000054493
        0.0000129714  -0.0000058430   0.0000097660  -0.0000005692  -0.0000063943
        0.0000140571  -0.0000113019  -0.0003439495  -0.0012060171   0.0003321934
       -0.0018317711  -0.0001376411   0.0004653525  -0.0054664619  -0.0057941583
       -0.0173644610   0.0029417729  -0.0430995324  -0.0377909738   0.0002657794
       -0.0002813880   0.0282156368   0.0004089493   0.0013264111   0.0003559195
        0.0001971361   0.0000343050  -0.0001901296   0.0000122157   0.0000127482
       -0.0000020029  -0.0000038130  -0.0000040222  -0.0000003907  -0.0000001051
        0.0000023094  -0.0000030987  -0.0000102085  -0.0000589049   0.0000344448
        0.0000312905  -0.0000478706   0.0000453912  -0.0000032363   0.0000021778
        0.0000057019  -0.0000017011   0.0000021963   0.0000038708  -0.0000031242
       -0.0000029326   0.0000012495  -0.0000012371  -0.0000018053   0.0000002684
       -0.0000256758   0.0000015757  -0.0000135494   0.0000017279   0.0000053080
       -0.0000035129  -0.0000081654   0.0000024682   0.0000067659  -0.0002102194
        0.0000086229  -0.0001937978  -0.0001415730   0.0003107641  -0.0000710934
        0.0006753698   0.0004179886   0.0002999389   0.0037783060   0.0545315281
        0.0395099376  -0.0000419917  -0.0028884569  -0.0160354833   0.0000068420
       -0.0041873963   0.0031367798  -0.0002808284   0.0011349583  -0.0004280778
        0.0001912939   0.0001988942  -0.0000053207  -0.0000905507  -0.0003032027
       -0.0001832553  -0.0000574152  -0.0000802948  -0.0000112595  -0.0000062019
       -0.0000035381   0.0000008716  -0.0000079157  -0.0000093966   0.0000006391
        0.0000355124   0.0000067489   0.0000077346  -0.0000097899  -0.0000006135
        0.0000009664  -0.0000104026   0.0000028393  -0.0000059240   0.0000153420
       -0.0000247599   0.0000117931  -0.0000181575   0.0000253594  -0.0000083394
        0.0000139979  -0.0000182010   0.0000086032  -0.0000008009  -0.0000071629
       -0.0000034708  -0.0000212781   0.0000757163   0.0000360945   0.0000441181
       -0.0000127882  -0.0001206912  -0.0000017353   0.0000007207  -0.0000001610
        0.0000002120   0.0000002990  -0.0000012330  -0.0000000027  -0.0000006077
       -0.0000007903   0.0000014225  -0.0000170020   0.0000006383  -0.0000026131
       -0.0000012859   0.0000028245  -0.0000006363  -0.0000008054  -0.0000001116
       -0.0000000854   0.0000003205  -0.0000002059   0.0000007476   0.0000006732
       -0.0000000477
        0.0001787953  -0.0001385724   0.0001403912  -0.0002150231  -0.0000373885
       -0.0000504947  -0.0000139015   0.0000372164   0.0000137706   0.0000241681
        0.0000185002  -0.0000291110   0.0000261378  -0.0000104667   0.0000093947
       -0.0000446874  -0.0000089735  -0.0000063884   0.0000571739   0.0000035054
       -0.0000007763  -0.0000019892   0.0000081166   0.0000066147   0.0000140405
       -0.0000180709  -0.0000625075   0.0007024087  -0.0002950231   0.0000269752
       -0.0018382763  -0.0005307332  -0.0000156681  -0.0018523206  -0.0032959405
       -0.0088270640  -0.0096572537  -0.0384812360  -0.2812693704  -0.0000732467
        0.0026578057  -0.0177871746  -0.0002358802  -0.0011557836   0.0009007360
       -0.0003681951   0.0000215293   0.0002220763  -0.0000179929  -0.0000319919
        0.0000455602  -0.0000041891   0.0000078884  -0.0000326281   0.0000026408
        0.0000184868  -0.0000098230  -0.0000131184   0.0000265285   0.0000011164
        0.0000183131   0.0000204440   0.0000161345   0.0000002043   0.0000060049
        0.0000049369   0.0000004215   0.0000051568   0.0000068049  -0.0000033018
        0.0000020283   0.0000009949   0.0000059428  -0.0000044593   0.0000070126
       -0.0000116376   0.0000089009   0.0000045192  -0.0000036800   0.0000079450
        0.0000045760  -0.0000193572  -0.0000041459  -0.0000221750  -0.0001356490
       -0.0000054544  -0.0001388827  -0.0001271412   0.0002702520  -0.0000580340
        0.0004898709   0.0003839673   0.0007432237   0.0133652202   0.0395099376
        0.3176064883  -0.0000421464  -0.0019348078  -0.0108505527  -0.0003929284
        0.0033535293  -0.0012911570  -0.0001150987  -0.0005816030   0.0006457783
       -0.0001736842  -0.0001949236   0.0000647147   0.0002250577   0.0002398412
        0.0001607928   0.0000493378   0.0000242786  -0.0000632067  -0.0000002800
        0.0000002915  -0.0000256501   0.0000257542   0.0000389233  -0.0000350909
        0.0000671900   0.0000566574   0.0001394964  -0.0000356575  -0.0000271295
       -0.0000250426  -0.0000326395  -0.0000159699  -0.0001631773   0.0000808158
       -0.0000908008   0.0000753129  -0.0000359936  -0.0000041132  -0.0000176590
        0.0000247060  -0.0000040918   0.0000216826   0.0000030931  -0.0000067656
        0.0000089161  -0.0001660650   0.0002731840  -0.0000233794   0.0002614886
       -0.0001330935  -0.0001001136  -0.0000018860   0.0000051848   0.0000042059
        0.0000035738  -0.0000022237   0.0000000442  -0.0000017961   0.0000005432
        0.0000118016   0.0000092868   0.0000089888   0.0000181733  -0.0000025742
       -0.0000037823  -0.0000067546   0.0000009971   0.0000022573  -0.0000001162
       -0.0000000539  -0.0000000623   0.0000007130   0.0000010053  -0.0000002864
       -0.0000009608
        0.0001988942  -0.0001273866   0.0001209291  -0.0002519278  -0.0001089140
       -0.0001191078  -0.0000209680   0.0001511298   0.0000251984   0.0000539979
        0.0000648666  -0.0000879128  -0.0000280923   0.0000159947   0.0000274426
       -0.0000227065   0.0000080865  -0.0000066755   0.0000149218   0.0000053476
        0.0000026652   0.0000799308  -0.0001018684   0.0000120699  -0.0005428781
        0.0003990649   0.0002067000   0.0001506316   0.0000800212   0.0007028263
        0.0013837581   0.0009548825   0.0008103515  -0.0266561261   0.0095231762
        0.0080731825  -0.2032917313   0.1016775935   0.0600440479  -0.0013173684
        0.0033660363  -0.0002503988   0.0005004758  -0.0004667320   0.0000687533
        0.0000619263  -0.0001615176  -0.0002541648   0.0000059829  -0.0000362352
       -0.0000026022  -0.0000160215   0.0000239236  -0.0000028546  -0.0000014106
        0.0000120558  -0.0000015815  -0.0000025476  -0.0000159655   0.0000098754
        0.0000003362   0.0000952641  -0.0000247119  -0.0000005449   0.0000048621
        0.0000073595   0.0000036270   0.0000009903   0.0000118956   0.0000017514
        0.0000011316   0.0000041545   0.0000055827  -0.0000036300  -0.0000009647
       -0.0004411042   0.0002157897  -0.0000878247   0.0000259182   0.0000047966
        0.0000026323  -0.0000264624   0.0000050639  -0.0000183446   0.0000614724
        0.0000972411  -0.0000399897  -0.0000371248   0.0000059471  -0.0007146693
       -0.0037824177  -0.0021586307  -0.0010345913   0.0002476251  -0.0000419917
       -0.0000421464   0.2338520123  -0.1131924259  -0.0683742667   0.0002049793
       -0.0004024593   0.0000067450   0.0005466720   0.0004976517  -0.0003494533
        0.0000026581  -0.0000542344  -0.0000288690  -0.0000503613   0.0000087526
       -0.0000168305   0.0000263471  -0.0001698594   0.0000340979   0.0000019257
        0.0000240755   0.0000013001   0.0000047783   0.0000259686   0.0000015571
        0.0000032868  -0.0001218304   0.0000765789   0.0000121999   0.0000252941
       -0.0000342970   0.0000369347   0.0000999774  -0.0000396970   0.0000220096
       -0.0002260070   0.0000178754   0.0001274374  -0.0000122765  -0.0000045400
       -0.0000282943   0.0000045134  -0.0000140256  -0.0000521779  -0.0000788060
       -0.0000102875  -0.0003698464   0.0005825316   0.0003174974  -0.0006982164
       -0.0004610746   0.0009775245  -0.0000047859  -0.0000095143  -0.0000250765
        0.0000005233   0.0000047263   0.0000036815   0.0000044102   0.0000019970
       -0.0000020234  -0.0000045882  -0.0000344089   0.0000209760   0.0000109859
        0.0000003806  -0.0000018052  -0.0000023595  -0.0000021654  -0.0000003492
       -0.0000038381  -0.0000023201   0.0000030840  -0.0000000925   0.0000011195
       -0.0000009401
       -0.0000369996   0.0000396090  -0.0000335344   0.0000339871  -0.0000292950
        0.0000280685  -0.0004037031  -0.0002449399   0.0000100282   0.0001794442
        0.0002604747   0.0001206701   0.0002809364  -0.0001588585  -0.0001958759
        0.0000246893  -0.0000159246   0.0000400834  -0.0000102976   0.0000055972
        0.0000157893  -0.0000578299   0.0000600985  -0.0000011220   0.0001690336
        0.0000200028  -0.0000865236  -0.0001275379  -0.0001796088   0.0002378244
       -0.0003482938   0.0008116487   0.0012359008  -0.0139294834   0.0059008587
        0.0036084972   0.1026247016  -0.1032948763  -0.0410878789   0.0219081440
       -0.0188249000  -0.0053822943   0.0005550939   0.0009602739  -0.0003186134
        0.0000603699  -0.0000643367  -0.0001063667   0.0000076283   0.0000121477
       -0.0000057115  -0.0000023567  -0.0000044022   0.0000045205   0.0000011209
       -0.0000028517   0.0000009261   0.0000033687  -0.0000118611   0.0000104638
        0.0000312778  -0.0001968871   0.0001133497  -0.0000120389   0.0000079938
        0.0000122432  -0.0000038688   0.0000071748  -0.0000008561  -0.0000124333
       -0.0000109706   0.0000033608  -0.0000125712  -0.0000076327   0.0000022116
        0.0001213509  -0.0000185436  -0.0000470791   0.0000177544   0.0000287289
       -0.0000092541  -0.0000590616  -0.0000170433   0.0000100129  -0.0000013757
        0.0000703531  -0.0000354639   0.0000884890  -0.0000328479  -0.0001116834
       -0.0026439499  -0.0006560081  -0.0005017125   0.0044222418  -0.0028884569
       -0.0019348078  -0.1131924259   0.1220826410   0.0430270360  -0.0001156492
        0.0014879208  -0.0009117974   0.0004032235  -0.0050904162   0.0025317299
        0.0000528221   0.0002010216   0.0000575743  -0.0000345904  -0.0000510879
        0.0000115714  -0.0002754605  -0.0002046633  -0.0000341061  -0.0000024963
       -0.0000033944   0.0000033678  -0.0000065578  -0.0000110457   0.0000045722
        0.0000027986  -0.0000066703   0.0000016632  -0.0000001642  -0.0000027544
       -0.0000000480   0.0000091010   0.0000148639   0.0000065628   0.0001882976
       -0.0002494453   0.0000558365  -0.0001671538   0.0000076083  -0.0000271372
        0.0001152547  -0.0000531090   0.0000439039  -0.0000222611  -0.0000722874
       -0.0000578281  -0.0001446190   0.0007170600   0.0001764147   0.0003029899
       -0.0002755201  -0.0004774051  -0.0000080477  -0.0000058877  -0.0000077274
        0.0000032818   0.0000020078  -0.0000034408   0.0000004378  -0.0000000019
        0.0000035664   0.0000388378  -0.0000010982  -0.0000013353  -0.0000287856
       -0.0000191394   0.0000056646   0.0000036697   0.0000055214   0.0000006265
        0.0000050388   0.0000036955  -0.0000050006   0.0000046280  -0.0000005363
        0.0000005627
        0.0000600285  -0.0001010090   0.0000578660  -0.0000707642   0.0000245010
       -0.0000043894   0.0002274265   0.0000407961   0.0000055532  -0.0001311703
       -0.0001588594  -0.0000154094  -0.0001178455   0.0000545361   0.0000842458
       -0.0000273090  -0.0000010767  -0.0000430457   0.0000208995  -0.0000104794
       -0.0000199830   0.0000183707  -0.0000280790  -0.0000240334  -0.0000171624
        0.0000603405   0.0001920784   0.0006182504   0.0003721808  -0.0000867257
       -0.0011912265  -0.0002153785  -0.0001913210  -0.0033440166   0.0047039667
        0.0033386976   0.0584413987  -0.0417969265  -0.0702681414  -0.0101416341
        0.0088897453   0.0036602715  -0.0000652126  -0.0003258776   0.0001136490
       -0.0003320229  -0.0000453162   0.0001674270  -0.0000329323  -0.0000365705
        0.0000179946   0.0000093137   0.0000082680  -0.0000143106   0.0000025669
        0.0000063719   0.0000024865  -0.0000023976   0.0000030886  -0.0000132495
       -0.0000535271   0.0001697911  -0.0001563890   0.0000117718  -0.0000084457
       -0.0000145687   0.0000021387  -0.0000072927  -0.0000012174   0.0000116101
       -0.0000049631  -0.0000009269   0.0000038707   0.0000104841  -0.0000100368
        0.0000244611  -0.0000812453   0.0000453789  -0.0000058765  -0.0000250764
       -0.0000150268   0.0000720612   0.0000071553   0.0000297779   0.0000393628
       -0.0000182164   0.0000140441   0.0000551857  -0.0000604884  -0.0000304632
       -0.0003268244  -0.0008634122   0.0009690776   0.0246017108  -0.0160354833
       -0.0108505527  -0.0683742667   0.0430270360   0.0739988239  -0.0004765974
       -0.0001865138   0.0008022198  -0.0004292903   0.0027496958  -0.0003652925
       -0.0000209565  -0.0000637229  -0.0000147570   0.0000136376   0.0000326344
       -0.0000574340   0.0000688535   0.0000159209   0.0000433627   0.0000122609
        0.0000091503  -0.0000111316   0.0000261020   0.0000297488  -0.0000125354
       -0.0000108109  -0.0000033849   0.0000823492  -0.0000013606  -0.0000066439
       -0.0000154500   0.0000078896   0.0000046878  -0.0000726134  -0.0002293564
        0.0004291230  -0.0002742883   0.0000716290  -0.0000734104   0.0000169081
       -0.0000518394   0.0000507698  -0.0000313208   0.0000341941   0.0001021949
        0.0000516740   0.0008400587  -0.0015897458  -0.0007107606   0.0001759594
        0.0009005831  -0.0003625380   0.0000071109   0.0000078460   0.0000187767
       -0.0000077221   0.0000028336   0.0000127664  -0.0000021619  -0.0000046893
       -0.0000085703  -0.0000215236   0.0000302817  -0.0000294898   0.0000100609
        0.0000118495   0.0000011696   0.0000003419  -0.0000017156  -0.0000001579
        0.0000004638  -0.0000003785  -0.0000010508  -0.0000031825  -0.0000011801
        0.0000005826
       -0.0000710608   0.0000431951  -0.0000347693   0.0000815748   0.0000105626
        0.0000081809  -0.0000172372  -0.0000105997  -0.0000083153   0.0000151582
       -0.0000115381  -0.0000099857   0.0000160918   0.0000069433   0.0000023633
        0.0000025289  -0.0000039553   0.0000061675  -0.0000106113   0.0000040825
        0.0000084300   0.0000039623   0.0000090046   0.0000131823  -0.0000093071
       -0.0000100462  -0.0000967651  -0.0000818965  -0.0000795893  -0.0000189091
        0.0001053115   0.0000984206  -0.0001027361   0.0000291442   0.0001061078
        0.0004656467   0.0005562058  -0.0000722641  -0.0005376506  -0.0469758085
        0.0036839089   0.0159525906  -0.0003630570  -0.0057413589  -0.0243395356
        0.0000294346   0.0000256825  -0.0000094494  -0.0000021634   0.0000110732
       -0.0000010598   0.0000034194  -0.0000074533   0.0000027042   0.0000023434
       -0.0000037983   0.0000008823  -0.0000022159   0.0000014533   0.0000026630
        0.0000008528   0.0000015019   0.0000026286  -0.0000069168   0.0000044495
        0.0000055324  -0.0000024044   0.0000009311  -0.0000009751  -0.0000046716
       -0.0000011239  -0.0000003926  -0.0000017104  -0.0000095405   0.0000095988
       -0.0000078077   0.0000160763  -0.0000027379   0.0000044245   0.0000066637
        0.0000262684  -0.0000689616  -0.0000221600  -0.0000447333   0.0000020680
        0.0000068401   0.0000121457  -0.0000042905  -0.0000133962   0.0000252547
       -0.0000094740  -0.0000263017   0.0000278937   0.0005849159   0.0000068420
       -0.0003929284   0.0002049793  -0.0001156492  -0.0004765974   0.0502800508
       -0.0010667194  -0.0153721133  -0.0029289527   0.0048690488   0.0269741617
        0.0007739233   0.0007759719   0.0001953158  -0.0032974740  -0.0029325317
       -0.0024228128   0.0012281364   0.0003986448  -0.0000904536   0.0000006833
       -0.0000046715   0.0000005817  -0.0000020604  -0.0000094797   0.0000024871
       -0.0000031305   0.0000151768  -0.0000072971  -0.0000016479  -0.0000039526
        0.0000018623   0.0000003061  -0.0000087635   0.0000122882   0.0002359484
       -0.0004672434   0.0001695331  -0.0001125637  -0.0000302120  -0.0000105224
        0.0000760678  -0.0000150132   0.0000298656  -0.0000130959  -0.0000620394
       -0.0000730060  -0.0002288445   0.0011609759   0.0002637848  -0.0000515557
       -0.0005656411  -0.0001996752  -0.0000040235  -0.0000037192  -0.0000020329
        0.0000043534  -0.0000010753  -0.0000083927   0.0000060858   0.0000130295
        0.0000270002   0.0000409512   0.0000320680   0.0000243119  -0.0000167147
       -0.0000175296  -0.0000085975   0.0000047024   0.0000080739   0.0000012963
        0.0000031190   0.0000022654  -0.0000017429   0.0000029148  -0.0000016276
       -0.0000004349
        0.0000557882  -0.0000729936   0.0000472094  -0.0000633020   0.0000080073
       -0.0000055117   0.0000326078  -0.0000023405   0.0000117158  -0.0000325958
       -0.0000015416   0.0000083851  -0.0000271608  -0.0000117597  -0.0000032188
        0.0000099727   0.0000088166  -0.0000017708  -0.0000015014  -0.0000041897
       -0.0000034827   0.0000011395  -0.0000045074  -0.0000082495   0.0000123351
       -0.0000025319   0.0000438552   0.0003376631   0.0001385669   0.0000031376
       -0.0000463149  -0.0002962981  -0.0004797932   0.0009774270   0.0014545473
        0.0012553177  -0.0024367734  -0.0008219562   0.0273277882   0.0044120562
       -0.0486424376  -0.0378278826  -0.0013881598  -0.0037743862  -0.0172420147
       -0.0001575870  -0.0000068452   0.0000759908  -0.0000208416  -0.0000242521
        0.0000086396   0.0000046732   0.0000125583  -0.0000077700   0.0000008814
        0.0000062378  -0.0000009582   0.0000076299   0.0000063055  -0.0000093361
       -0.0000042919   0.0000049126  -0.0000048372   0.0000075277  -0.0000041692
       -0.0000072390   0.0000025368  -0.0000024532  -0.0000016940   0.0000048642
        0.0000003242  -0.0000012279   0.0000019954   0.0000056234  -0.0000021901
        0.0000005221  -0.0000110706  -0.0000011950  -0.0000055767  -0.0000106770
       -0.0000060069   0.0000319970  -0.0000072457  -0.0000005046  -0.0000039846
        0.0000037040  -0.0000257621   0.0000151707  -0.0000475679   0.0000294860
        0.0000108455   0.0000305252  -0.0000612516  -0.0002423208  -0.0041873963
        0.0033535293  -0.0004024593   0.0014879208  -0.0001865138  -0.0010667194
        0.0577748981   0.0403948019   0.0017466080  -0.0023192167  -0.0154015234
        0.0005242969   0.0004917814  -0.0000753657  -0.0030090813  -0.0014307579
       -0.0015326814   0.0006388213   0.0004108671   0.0004207042   0.0000096515
        0.0000104153  -0.0000048128   0.0000174544   0.0000196112  -0.0000060385
       -0.0000264842  -0.0000267302   0.0000384178   0.0000108363   0.0000042054
       -0.0000113764   0.0000201292   0.0000132323  -0.0000345198  -0.0001017135
        0.0002396387  -0.0001036958   0.0000222737  -0.0000584130   0.0000162239
       -0.0000282530   0.0000348618  -0.0000156855   0.0000046014   0.0000307724
        0.0000487628   0.0001918672  -0.0006755142  -0.0001147192  -0.0000383587
        0.0002172132   0.0001210034  -0.0000014235   0.0000001975   0.0000020571
       -0.0000014832  -0.0000009516   0.0000055221  -0.0000041756  -0.0000045214
       -0.0000099320  -0.0000105635   0.0000332364  -0.0000090968   0.0000074463
        0.0000050115  -0.0000053497   0.0000014155   0.0000008289   0.0000000653
        0.0000003020  -0.0000006805   0.0000004319  -0.0000022117  -0.0000014159
        0.0000001625
       -0.0000241030   0.0000420332  -0.0000177004   0.0000292597  -0.0000064052
        0.0000006071  -0.0000174278  -0.0000014697  -0.0000058025   0.0000197615
       -0.0000064074  -0.0000140657   0.0000157139   0.0000093594   0.0000027728
       -0.0000082699  -0.0000065845   0.0000008196   0.0000065285   0.0000007991
        0.0000026633  -0.0000014206   0.0000009888   0.0000077090  -0.0000008621
       -0.0000107655  -0.0000487249  -0.0002920754   0.0000155184  -0.0000762997
        0.0002006128   0.0003805920   0.0002948001  -0.0006534885  -0.0012352700
       -0.0002608221   0.0013868089   0.0023282584  -0.0165577308   0.0158434099
       -0.0377717441  -0.2847015442  -0.0017372412  -0.0035587732  -0.0114225595
        0.0001441154  -0.0000429278  -0.0000227369   0.0000193750   0.0000154209
        0.0000041442  -0.0000045630  -0.0000096543   0.0000013348  -0.0000010807
       -0.0000022995  -0.0000010358  -0.0000069017  -0.0000027445   0.0000056311
        0.0000057896  -0.0000007797   0.0000081700  -0.0000059462   0.0000033875
        0.0000060929  -0.0000011411   0.0000031312   0.0000029467  -0.0000033930
        0.0000012663   0.0000007276  -0.0000003951  -0.0000048778   0.0000040154
       -0.0000133372   0.0000125835  -0.0000001690   0.0000035132   0.0000161817
       -0.0000034673  -0.0000194705   0.0000025846  -0.0000233393   0.0000090411
       -0.0000101120   0.0000323887  -0.0000125382  -0.0000015798   0.0000081171
       -0.0000062913  -0.0000278581   0.0000394057   0.0000326800   0.0031367798
       -0.0012911570   0.0000067450  -0.0009117974   0.0008022198  -0.0153721133
        0.0403948019   0.3207659612   0.0012533243  -0.0017971951  -0.0083247607
        0.0004924057   0.0001483862   0.0004877441  -0.0021747542  -0.0014488397
       -0.0000520800   0.0004728343   0.0005490557   0.0004260101  -0.0000099248
       -0.0000091181  -0.0000016251  -0.0000144868  -0.0000099956  -0.0000038328
        0.0000330283   0.0000289343  -0.0000065893  -0.0000161947  -0.0000080657
       -0.0000003553  -0.0000215477  -0.0000081581   0.0000027928   0.0000814944
       -0.0000849552   0.0000941150  -0.0000206808   0.0000214056  -0.0000180670
        0.0000183559  -0.0000148971   0.0000199555   0.0000090118  -0.0000058123
        0.0000238671  -0.0002026976   0.0003155777  -0.0001271459   0.0005675245
       -0.0004113574  -0.0000853389  -0.0000056152  -0.0000031229  -0.0000013402
        0.0000049914  -0.0000030051  -0.0000000910  -0.0000081506   0.0000022628
        0.0000105271   0.0000001807  -0.0000102235   0.0000199740   0.0000003790
       -0.0000026168  -0.0000069246  -0.0000002789   0.0000006467  -0.0000006112
       -0.0000015481  -0.0000009880   0.0000014733   0.0000010543   0.0000004453
       -0.0000010692
        0.0000693611  -0.0000084342   0.0000200939  -0.0000754778  -0.0000149570
       -0.0000062390   0.0000063018   0.0000145497   0.0000123052  -0.0000076473
        0.0000073433  -0.0000011437  -0.0000120213  -0.0000055827  -0.0000026122
       -0.0000049848  -0.0000031532  -0.0000099784   0.0000183810  -0.0000042426
       -0.0000111432   0.0000007286  -0.0000096486   0.0000064118   0.0000191559
       -0.0000449167   0.0000065451  -0.0002688689   0.0000582871   0.0000295260
        0.0001338524   0.0001475146   0.0001413017   0.0002890435  -0.0007447067
        0.0000067458  -0.0009852307   0.0025950236  -0.0003970219  -0.2199950026
        0.0993083861   0.0458294271  -0.0255420906   0.0092232689   0.0043777247
        0.0001835001  -0.0000841038  -0.0000784061   0.0000306644  -0.0000040089
       -0.0000079172  -0.0000140883   0.0000070554   0.0000051999  -0.0000061306
        0.0000023671  -0.0000023092  -0.0000010458  -0.0000025556  -0.0000004037
        0.0000030584  -0.0000022389   0.0000070122   0.0000015349  -0.0000001443
        0.0000000302   0.0000031176   0.0000015335   0.0000037299   0.0000003133
        0.0000079758  -0.0000004007   0.0000032896   0.0000014876  -0.0000009762
        0.0000107291  -0.0000140072   0.0000148974  -0.0000020075  -0.0000081311
       -0.0000023624   0.0000584042  -0.0000286281  -0.0000311993   0.0000077912
        0.0000016262   0.0000009013  -0.0000075527  -0.0000268780  -0.0000095764
        0.0001174589   0.0001359719  -0.0000136246   0.0000542197  -0.0002808284
       -0.0001150987   0.0005466720   0.0004032235  -0.0004292903  -0.0029289527
        0.0017466080   0.0012533243   0.2503635951  -0.1107395337  -0.0495917577
        0.0010134317   0.0005633739   0.0003956863   0.0012995603   0.0007488518
        0.0002793238  -0.0042636749  -0.0031383119  -0.0018410397  -0.0000112207
        0.0000068931   0.0000054565  -0.0000180437   0.0000022639   0.0000038829
        0.0000299415  -0.0000390969  -0.0000319440  -0.0000034450   0.0000210194
       -0.0000026765  -0.0000186848   0.0000275391   0.0000287154  -0.0000613716
        0.0001213218  -0.0000285553   0.0000934698  -0.0000858636   0.0000293665
       -0.0000836609   0.0000580513  -0.0000258379   0.0000068782   0.0000376037
        0.0000451126   0.0000924901  -0.0004111025  -0.0001833716  -0.0001431881
        0.0003915189   0.0003169807   0.0000043480   0.0000024418   0.0000018775
       -0.0000013432   0.0000007739   0.0000064179  -0.0000017238  -0.0000007077
       -0.0000019940  -0.0000243072   0.0000468423   0.0000067313   0.0000281644
        0.0000152169  -0.0000133239   0.0000003904  -0.0000005470   0.0000009887
       -0.0000026363  -0.0000026421   0.0000044264  -0.0000054455  -0.0000009628
        0.0000000604
       -0.0000382855  -0.0000238841  -0.0000000638   0.0000481690   0.0000276861
        0.0000085455   0.0000223823  -0.0000328162   0.0000034675  -0.0000131683
       -0.0000336050   0.0000142887  -0.0000229730  -0.0000053941   0.0000067534
        0.0000129289   0.0000098670   0.0000085736  -0.0000173020  -0.0000016008
        0.0000085268   0.0000034957   0.0000030972  -0.0000066926  -0.0000016534
        0.0000251725   0.0000010086   0.0003731867  -0.0000242317  -0.0000180724
       -0.0002369653  -0.0002338431  -0.0002465541   0.0011892177   0.0010596250
       -0.0002345887   0.0221317019  -0.0181580395  -0.0041521740   0.0995542469
       -0.0980865404  -0.0259842026  -0.0147578064   0.0069670630   0.0029845020
       -0.0002321587   0.0000622903   0.0001048390  -0.0000363470  -0.0000137752
        0.0000096120   0.0000133642   0.0000036067  -0.0000081475   0.0000048054
        0.0000019706  -0.0000004413   0.0000054925   0.0000056612  -0.0000077566
       -0.0000077297   0.0000066206  -0.0000183850   0.0000041565  -0.0000028000
       -0.0000065699  -0.0000009893  -0.0000030078  -0.0000058171   0.0000031099
       -0.0000065578  -0.0000015710  -0.0000011810   0.0000010920   0.0000024422
       -0.0000283824  -0.0000095585  -0.0000107600  -0.0000121156  -0.0000020023
        0.0000077349  -0.0000025617  -0.0000266464  -0.0000080335  -0.0000178212
       -0.0000011850  -0.0000195552  -0.0000067687   0.0000126700   0.0000220680
       -0.0000409376  -0.0002930889   0.0001938095  -0.0002308500   0.0011349583
       -0.0005816030   0.0004976517  -0.0050904162   0.0027496958   0.0048690488
       -0.0023192167  -0.0017971951  -0.1107395337   0.1146073985   0.0273785444
        0.0002544911   0.0007546431   0.0000289876   0.0004229898   0.0004386432
        0.0005320932  -0.0031086885  -0.0008609671  -0.0009268243   0.0000151730
        0.0000029356  -0.0000064292   0.0000240374   0.0000109974  -0.0000060138
       -0.0000408772   0.0000080641   0.0000428643   0.0000103364  -0.0000095412
       -0.0000054024   0.0000267808  -0.0000090254  -0.0000361143   0.0000367976
       -0.0000000809  -0.0000155861  -0.0000983979  -0.0000952741   0.0000194110
        0.0000480854   0.0000202956   0.0000007713  -0.0000039020  -0.0000082308
       -0.0000111018  -0.0000509985   0.0000608076   0.0001248151   0.0001564151
        0.0000630568  -0.0001225113  -0.0000017576   0.0000028578   0.0000023490
        0.0000017258  -0.0000014930  -0.0000021648  -0.0000020947  -0.0000006202
        0.0000005957   0.0000249987   0.0000626103  -0.0000111137  -0.0000130413
       -0.0000066208  -0.0000037842   0.0000054004   0.0000064920   0.0000013883
        0.0000052181   0.0000028535  -0.0000034986  -0.0000001195  -0.0000029725
        0.0000010405
        0.0000047925   0.0000073641   0.0000004383  -0.0000051770  -0.0000061336
       -0.0000053238  -0.0000100463   0.0000105073  -0.0000031383   0.0000073411
        0.0000128030  -0.0000057519   0.0000056947   0.0000015243  -0.0000017191
       -0.0000069093  -0.0000045307  -0.0000017743   0.0000045557   0.0000021635
        0.0000014364   0.0000018612   0.0000009584   0.0000042788  -0.0000045083
       -0.0000045809  -0.0000155711  -0.0000361556   0.0000152718  -0.0000349465
        0.0000593203   0.0000106448  -0.0000017527  -0.0003047797  -0.0002789102
        0.0003069649  -0.0113489698   0.0081689738   0.0030852500   0.0444939142
       -0.0258277472  -0.0591671036  -0.0085413539   0.0037980186   0.0026212776
        0.0000156972   0.0000043586  -0.0000015780   0.0000014353   0.0000033990
       -0.0000006909  -0.0000007519  -0.0000013621   0.0000005678   0.0000001782
        0.0000000503  -0.0000003654  -0.0000007847  -0.0000004706   0.0000024585
        0.0000025777  -0.0000020565   0.0000061854  -0.0000010023   0.0000013340
        0.0000021959   0.0000002238   0.0000007402   0.0000012840  -0.0000016024
        0.0000013635   0.0000004495  -0.0000000514  -0.0000013975   0.0000014621
        0.0000059713   0.0000022277   0.0000013658   0.0000015676   0.0000021610
        0.0000025440  -0.0000049631  -0.0000025728  -0.0000074112  -0.0000007445
       -0.0000040120   0.0000055748   0.0000006682  -0.0000063653   0.0000066340
       -0.0000424675   0.0000193480  -0.0000817297  -0.0001594326  -0.0004280778
        0.0006457783  -0.0003494533   0.0025317299  -0.0003652925   0.0269741617
       -0.0154015234  -0.0083247607  -0.0495917577   0.0273785444   0.0604899742
        0.0004072275   0.0002954665   0.0000042740   0.0000711446   0.0005354642
        0.0005290281  -0.0017675055  -0.0007862229   0.0002765322  -0.0000008227
       -0.0000020506   0.0000002580  -0.0000011119  -0.0000020837  -0.0000001243
        0.0000017801   0.0000029340  -0.0000059689  -0.0000003263  -0.0000003378
        0.0000015267  -0.0000018138  -0.0000027142   0.0000015625   0.0000396670
       -0.0000670304   0.0000395984  -0.0000069585   0.0000168331  -0.0000047624
        0.0000069499  -0.0000077455   0.0000040157   0.0000035569  -0.0000027170
       -0.0000059450  -0.0000820557   0.0001864366   0.0000124579   0.0001603290
       -0.0001629866  -0.0000312618   0.0000001950  -0.0000000504   0.0000011143
        0.0000014415  -0.0000011196  -0.0000012000  -0.0000006009   0.0000022427
        0.0000061107   0.0000008344  -0.0000060887   0.0000057614  -0.0000009217
       -0.0000015215  -0.0000002031  -0.0000001964  -0.0000001681  -0.0000001097
       -0.0000001863  -0.0000004043   0.0000001903   0.0000003243   0.0000001184
       -0.0000000653
        0.0000923663  -0.0001075069   0.0000803502  -0.0001080916  -0.0000061009
       -0.0000156971   0.0000236378   0.0000021386   0.0000126801  -0.0000217328
       -0.0000015514   0.0000011633  -0.0000165394  -0.0000126733  -0.0000028347
       -0.0000039543   0.0000031616  -0.0000016522   0.0000179344  -0.0000046458
       -0.0000020917   0.0000009826  -0.0000034424   0.0000005007   0.0000129030
       -0.0000160012   0.0000020056   0.0004209103   0.0003671694  -0.0001910760
       -0.0004263552  -0.0003467080  -0.0004147171   0.0004095098  -0.0004883522
        0.0006443103  -0.0032023538  -0.0034686584  -0.0007303724  -0.0011507202
       -0.0219320747   0.0103110254  -0.0438789433   0.0054892000  -0.0017387146
       -0.0002560719  -0.0000263321   0.0001480592  -0.0000324031  -0.0000380792
        0.0000209168   0.0000061636   0.0000140352  -0.0000152256   0.0000034482
        0.0000111963  -0.0000022847   0.0000022498   0.0000023911  -0.0000055987
        0.0000025529   0.0000044227   0.0000025183   0.0000066813  -0.0000019392
       -0.0000057482   0.0000016967  -0.0000010888  -0.0000009136   0.0000027913
        0.0000016902  -0.0000018893   0.0000032700   0.0000020810   0.0000021706
        0.0000023101  -0.0000246043  -0.0000000547  -0.0000109139  -0.0000071159
        0.0000056220   0.0000338628  -0.0000257013  -0.0000239047   0.0000031778
       -0.0000648120   0.0000136237   0.0000156274  -0.0000338788   0.0000339497
       -0.0000302186   0.0000271149  -0.0000299543  -0.0000387071   0.0001912939
       -0.0001736842   0.0000026581   0.0000528221  -0.0000209565   0.0007739233
        0.0005242969   0.0004924057   0.0010134317   0.0002544911   0.0004072275
        0.0474085168  -0.0027462087   0.0032294500   0.0002643028  -0.0019309008
        0.0012470206  -0.0013885097   0.0241934455  -0.0133214033   0.0000129996
        0.0000117844  -0.0000115093   0.0000282143   0.0000334719  -0.0000149467
       -0.0000195787  -0.0000192552   0.0000697713   0.0000083962  -0.0000004277
       -0.0000177980   0.0000177179   0.0000127607  -0.0000704382  -0.0000047176
        0.0000605458  -0.0000221200  -0.0000187672  -0.0000642067   0.0000130730
        0.0000003528   0.0000274523  -0.0000070396   0.0000049211   0.0000137833
        0.0000165773   0.0000106845  -0.0001739747  -0.0000297061  -0.0000097921
        0.0001988221   0.0001208094   0.0000018092   0.0000051638   0.0000043687
        0.0000004731  -0.0000012916   0.0000014965  -0.0000021981  -0.0000016820
       -0.0000007959   0.0000019834   0.0000402187  -0.0000019173   0.0000063752
        0.0000035831  -0.0000068494   0.0000027208   0.0000020688   0.0000006776
        0.0000011008  -0.0000000538   0.0000000985  -0.0000020889  -0.0000013373
        0.0000000222
        0.0000806723  -0.0001122574   0.0000774635  -0.0000923349   0.0000011079
       -0.0000137913   0.0000313233  -0.0000004655   0.0000103514  -0.0000281064
       -0.0000036176   0.0000087353  -0.0000207407  -0.0000133972  -0.0000010042
        0.0000020876   0.0000068831   0.0000011078   0.0000064430  -0.0000047709
        0.0000026795   0.0000057142   0.0000023620  -0.0000055492   0.0000034040
        0.0000233589   0.0000176543   0.0004631368   0.0003404295  -0.0001756162
       -0.0004176083  -0.0003243213  -0.0003183986   0.0002651983  -0.0005195244
        0.0005863731  -0.0035170895  -0.0020606381  -0.0010855994  -0.0020914353
       -0.0173792670   0.0078226523   0.0060167750  -0.2391261184   0.1071506593
       -0.0002949290  -0.0000339742   0.0001451440  -0.0000491522  -0.0000488620
        0.0000203258   0.0000103766   0.0000173427  -0.0000165674   0.0000049155
        0.0000123325  -0.0000027299   0.0000037182   0.0000041925  -0.0000078876
        0.0000005784   0.0000036712  -0.0000045157   0.0000088833  -0.0000033245
       -0.0000088585   0.0000011453  -0.0000030145  -0.0000039862   0.0000041221
       -0.0000050303  -0.0000020915   0.0000008805   0.0000031607   0.0000018986
        0.0000027691  -0.0000101108  -0.0000088480  -0.0000164696  -0.0000073409
        0.0000084230  -0.0000095290  -0.0000301242   0.0000165077  -0.0000107607
       -0.0000618065  -0.0000002337   0.0000153973  -0.0000356739   0.0000315802
       -0.0000693724   0.0000061949  -0.0000472349  -0.0000279639   0.0001988942
       -0.0001949236  -0.0000542344   0.0002010216  -0.0000637229   0.0007759719
        0.0004917814   0.0001483862   0.0005633739   0.0007546431   0.0002954665
       -0.0027462087   0.2683920076  -0.1203813122  -0.0000824032   0.0038384292
       -0.0019578937   0.0011315838  -0.0146491054   0.0081462852   0.0000207184
        0.0000183263  -0.0000119911   0.0000383171   0.0000401422  -0.0000143268
       -0.0000400111  -0.0000376297   0.0000785908   0.0000164068   0.0000061280
       -0.0000213025   0.0000315109   0.0000222357  -0.0000744969   0.0000127147
        0.0000459862  -0.0000331582  -0.0000853734  -0.0001263293   0.0000408036
        0.0000337823   0.0000413810  -0.0000149126  -0.0000058954  -0.0000081250
       -0.0000037007  -0.0000137479  -0.0000766029   0.0000668095   0.0000973047
        0.0001299026  -0.0001722360  -0.0000016240   0.0000056295   0.0000018673
        0.0000014063  -0.0000024693  -0.0000010868  -0.0000047018  -0.0000034212
       -0.0000012446   0.0000328782   0.0000863713  -0.0000293215  -0.0000192945
       -0.0000149297  -0.0000000975   0.0000078075   0.0000092331   0.0000029802
        0.0000081592   0.0000039986  -0.0000063369  -0.0000004902  -0.0000048951
        0.0000022320
        0.0000585804  -0.0000223384   0.0000285853  -0.0000620025  -0.0000094306
       -0.0000117942  -0.0000001397   0.0000004941   0.0000027802  -0.0000094904
        0.0000043611   0.0000028746   0.0000038374  -0.0000036243   0.0000004012
       -0.0000177409  -0.0000096093  -0.0000101965   0.0000145201   0.0000015965
        0.0000000936   0.0000035278  -0.0000001435   0.0000009486   0.0000047311
       -0.0000108325   0.0000004232   0.0001040349   0.0000979298  -0.0000589911
       -0.0000966775  -0.0001084267  -0.0001332374   0.0001463894  -0.0000797214
        0.0002698727  -0.0009715634  -0.0013273465   0.0004837394  -0.0001959715
       -0.0070290182   0.0041575782  -0.0018941890   0.1063890772  -0.1038113882
       -0.0000575883  -0.0000009549   0.0000463831  -0.0000006076  -0.0000049925
        0.0000045214  -0.0000012352   0.0000032706  -0.0000044293  -0.0000005390
        0.0000035813  -0.0000013732   0.0000007743   0.0000008505   0.0000011894
        0.0000032206   0.0000022587   0.0000034920   0.0000023403   0.0000010978
        0.0000009097   0.0000021872   0.0000006055   0.0000016946  -0.0000004111
        0.0000026661   0.0000005697   0.0000016098   0.0000007193  -0.0000000738
       -0.0000036582   0.0000086515   0.0000029901  -0.0000013447  -0.0000025416
        0.0000002808   0.0000057629   0.0000039209   0.0000001449   0.0000081252
       -0.0000108426   0.0000110781   0.0000062985  -0.0000118309   0.0000124576
       -0.0000126562   0.0000325440  -0.0000214556   0.0000233026  -0.0000053207
        0.0000647147  -0.0000288690   0.0000575743  -0.0000147570   0.0001953158
       -0.0000753657   0.0004877441   0.0003956863   0.0000289876   0.0000042740
        0.0032294500  -0.1203813122   0.1118547917  -0.0011968218   0.0284297857
       -0.0169322785   0.0003937323  -0.0060859218   0.0035084939  -0.0000006016
        0.0000001717  -0.0000024115   0.0000022662   0.0000054722  -0.0000032511
        0.0000069636   0.0000025433   0.0000128035  -0.0000030027  -0.0000010998
       -0.0000032465  -0.0000029144  -0.0000003160  -0.0000154009  -0.0000218019
        0.0000391508  -0.0000124473   0.0000301537  -0.0000002101  -0.0000000946
       -0.0000207690   0.0000072093  -0.0000036400   0.0000024735   0.0000105342
        0.0000129669   0.0000282273  -0.0001152482  -0.0000374608  -0.0000693439
        0.0001593946   0.0000977528   0.0000015209   0.0000011440   0.0000013275
       -0.0000002540   0.0000000345   0.0000014468  -0.0000000399  -0.0000008478
       -0.0000018031  -0.0000076573  -0.0000015048   0.0000024318   0.0000066707
        0.0000060826  -0.0000005027  -0.0000013372  -0.0000020927  -0.0000012282
       -0.0000014322  -0.0000012320   0.0000004251  -0.0000010429   0.0000004163
       -0.0000007197
        0.0000123413  -0.0000116413   0.0000096205  -0.0000124938   0.0000001617
       -0.0000014902   0.0000047865   0.0000005268   0.0000015761  -0.0000053064
       -0.0000019620   0.0000011821  -0.0000053333  -0.0000019998   0.0000003927
        0.0000000707  -0.0000001806  -0.0000008484   0.0000016731  -0.0000013056
        0.0000002151   0.0000020372  -0.0000021874   0.0000025084   0.0000033426
       -0.0000085592  -0.0000042740   0.0000396236   0.0000237265   0.0000092080
        0.0000136254  -0.0000059642   0.0000323380   0.0000267538   0.0001559007
       -0.0000256577   0.0006622200   0.0007756823  -0.0001851112  -0.0003938989
       -0.0055317693  -0.0250759981  -0.0454285010   0.0033396175   0.0136233110
       -0.0000219697  -0.0000118145   0.0000133824  -0.0000027625  -0.0000043781
        0.0000029676  -0.0000001312   0.0000016675  -0.0000021976   0.0000000290
        0.0000015353  -0.0000011561   0.0000002370   0.0000007297  -0.0000010153
       -0.0000001639   0.0000004811   0.0000001201   0.0000009434  -0.0000001400
       -0.0000005028   0.0000006801   0.0000000275  -0.0000000069  -0.0000000362
        0.0000009535  -0.0000001042   0.0000002918  -0.0000000705   0.0000011135
        0.0000018391  -0.0000126193   0.0000023233  -0.0000025130  -0.0000008113
        0.0000021110   0.0000317555  -0.0000290393  -0.0000204893  -0.0000030599
        0.0000016018  -0.0000054342  -0.0000042814   0.0000103050  -0.0000056390
       -0.0000072820  -0.0000048214   0.0000048260  -0.0000142443  -0.0000905507
        0.0002250577  -0.0000503613  -0.0000345904   0.0000136376  -0.0032974740
       -0.0030090813  -0.0021747542   0.0012995603   0.0004229898   0.0000711446
        0.0002643028  -0.0000824032  -0.0011968218   0.0490763833  -0.0002775086
       -0.0126482359  -0.0022334587   0.0042429103   0.0272157356   0.0000009451
        0.0000014954  -0.0000021862   0.0000024844   0.0000042795  -0.0000032424
       -0.0000001891  -0.0000021794   0.0000100333  -0.0000004555  -0.0000003884
       -0.0000042215   0.0000007685   0.0000034455  -0.0000105535   0.0000105765
        0.0000047390   0.0000059033   0.0000024081  -0.0000531733   0.0000179004
       -0.0000110525   0.0000200792  -0.0000081367   0.0000040918   0.0000118140
        0.0000115190  -0.0000295766  -0.0000154302  -0.0000229986   0.0000524936
        0.0001351938   0.0001219859   0.0000008553   0.0000018943   0.0000027898
        0.0000014487  -0.0000009795   0.0000012923  -0.0000010845   0.0000002919
        0.0000038184  -0.0000011390   0.0000300574  -0.0000042692   0.0000077271
        0.0000040729  -0.0000050788   0.0000017733   0.0000007442   0.0000007962
        0.0000006362  -0.0000004765   0.0000009445  -0.0000019363  -0.0000008988
        0.0000006690
        0.0000014080  -0.0000036496   0.0000048825  -0.0000022766  -0.0000011220
       -0.0000015606  -0.0000014191   0.0000020412   0.0000003915   0.0000022662
       -0.0000015743  -0.0000069384   0.0000036053   0.0000022795   0.0000008049
       -0.0000012401  -0.0000002326   0.0000009392   0.0000031138  -0.0000001520
        0.0000000849  -0.0000015741   0.0000023785   0.0000013724  -0.0000016362
       -0.0000019325  -0.0000198721  -0.0000048740   0.0000125920   0.0000103726
        0.0000377185   0.0000142884   0.0000577132  -0.0000191238   0.0000819530
       -0.0000827448   0.0004425183   0.0008371487  -0.0008270456  -0.0009962152
       -0.0041503254  -0.0177427821   0.0034730740  -0.0516683949  -0.0388351258
        0.0000036666  -0.0000133590   0.0000056030   0.0000013205  -0.0000013460
        0.0000034380  -0.0000007069  -0.0000007607  -0.0000016951   0.0000001047
        0.0000007557  -0.0000012920  -0.0000014190   0.0000002285   0.0000003616
        0.0000013821   0.0000037468   0.0000029432  -0.0000012863   0.0000010978
        0.0000007678  -0.0000004296   0.0000007870  -0.0000000116  -0.0000004800
       -0.0000001105  -0.0000002824   0.0000003944  -0.0000019417   0.0000020787
       -0.0000046072   0.0000092459  -0.0000002367   0.0000014043   0.0000040934
        0.0000009956  -0.0000226016   0.0000069478  -0.0000028924  -0.0000014430
        0.0000035716  -0.0000022827  -0.0000047933   0.0000137313  -0.0000041841
       -0.0000015878  -0.0000009085   0.0000086773  -0.0001601287  -0.0003032027
        0.0002398412   0.0000087526  -0.0000510879   0.0000326344  -0.0029325317
       -0.0014307579  -0.0014488397   0.0007488518   0.0004386432   0.0005354642
       -0.0019309008   0.0038384292   0.0284297857  -0.0002775086   0.0548377881
        0.0457821912   0.0015687178  -0.0024070870  -0.0161075999  -0.0000010869
       -0.0000000650  -0.0000021581  -0.0000002614   0.0000018945  -0.0000029921
        0.0000073122   0.0000024611   0.0000092450  -0.0000033950  -0.0000015272
       -0.0000035455  -0.0000032896   0.0000017980  -0.0000086637   0.0000379322
       -0.0000574984   0.0000363106  -0.0000243806   0.0000162044  -0.0000147173
        0.0000190568  -0.0000094667   0.0000131711  -0.0000003332  -0.0000082934
       -0.0000060915  -0.0000741540   0.0001721642   0.0000046342   0.0001106191
       -0.0001848542  -0.0000759377  -0.0000012820   0.0000003138  -0.0000000946
        0.0000011399  -0.0000002370  -0.0000008733  -0.0000001818   0.0000018336
        0.0000054466   0.0000057708  -0.0000054716   0.0000113814  -0.0000045862
       -0.0000047908  -0.0000018064   0.0000004049   0.0000013423   0.0000004042
       -0.0000000375   0.0000004154   0.0000005748   0.0000012369  -0.0000000255
       -0.0000002449
        0.0000273705  -0.0000444498   0.0000377598  -0.0000318794  -0.0000009335
       -0.0000088836   0.0000022035  -0.0000044921   0.0000028061  -0.0000022292
       -0.0000126251  -0.0000124529   0.0000051195  -0.0000011710   0.0000022025
       -0.0000059476  -0.0000019324   0.0000021495   0.0000102507  -0.0000011137
        0.0000038168   0.0000009333   0.0000040546   0.0000016777  -0.0000018062
       -0.0000006616  -0.0000529270   0.0001738141   0.0001243392  -0.0000386270
       -0.0000530013  -0.0000769992  -0.0000777970   0.0001309849   0.0002090735
        0.0001187391   0.0005499401   0.0004216974   0.0006895045  -0.0021974578
       -0.0036351438  -0.0116486112   0.0140155162  -0.0381771406  -0.2884198225
       -0.0001059109  -0.0000273253   0.0000761885  -0.0000160278  -0.0000161618
        0.0000177554   0.0000037586   0.0000033305  -0.0000106556   0.0000026372
        0.0000053159  -0.0000023548  -0.0000018472   0.0000026250  -0.0000012002
        0.0000033496   0.0000079906   0.0000059746  -0.0000004861   0.0000020680
        0.0000012682  -0.0000002420   0.0000009501   0.0000003645  -0.0000008979
       -0.0000009393  -0.0000001732   0.0000014899  -0.0000038596   0.0000073118
       -0.0000053277   0.0000043521  -0.0000040294   0.0000008576   0.0000091602
        0.0000065234  -0.0000381747   0.0000012351  -0.0000290287  -0.0000037369
       -0.0000081206  -0.0000023887  -0.0000059571   0.0000122318   0.0000000861
       -0.0000113242   0.0000009518   0.0000004028   0.0000123008  -0.0001832553
        0.0001607928  -0.0000168305   0.0000115714  -0.0000574340  -0.0024228128
       -0.0015326814  -0.0000520800   0.0002793238   0.0005320932   0.0005290281
        0.0012470206  -0.0019578937  -0.0169322785  -0.0126482359   0.0457821912
        0.3238922083   0.0009199564  -0.0012601170  -0.0080879745   0.0000049552
        0.0000030853  -0.0000101871   0.0000132898   0.0000163446  -0.0000126639
        0.0000001795   0.0000024678   0.0000555263  -0.0000041518  -0.0000049878
       -0.0000171486   0.0000040551   0.0000062041  -0.0000523564   0.0001023318
       -0.0001421274   0.0000812263  -0.0000787281  -0.0000105471  -0.0000254386
        0.0000547670  -0.0000084874   0.0000316064  -0.0000018893  -0.0000253388
       -0.0000155860  -0.0001805604   0.0004361289   0.0000270815   0.0002550465
       -0.0004722090  -0.0002004155  -0.0000030286  -0.0000003656   0.0000003014
        0.0000034057  -0.0000021802  -0.0000026039   0.0000007984   0.0000030950
        0.0000119404   0.0000181215   0.0000171543   0.0000224412  -0.0000120274
       -0.0000126099  -0.0000100106   0.0000026239   0.0000060448  -0.0000003094
        0.0000009229   0.0000009259   0.0000000459   0.0000031941  -0.0000008124
       -0.0000012910
        0.0000975159  -0.0000511154   0.0000497297  -0.0001065343  -0.0000108101
       -0.0000141255   0.0000148834   0.0000098820   0.0000138182  -0.0000196310
        0.0000065832   0.0000030168  -0.0000214834  -0.0000120698  -0.0000034093
       -0.0000100589  -0.0000042708  -0.0000109291   0.0000234395  -0.0000040962
       -0.0000061691   0.0000083845  -0.0000149053   0.0000094675   0.0000133477
       -0.0000307692  -0.0000179975   0.0000509038   0.0001199624   0.0000100218
       -0.0000297452  -0.0000491353  -0.0000323554   0.0001065615   0.0002459874
       -0.0000340232   0.0010243094   0.0009026535   0.0001359343  -0.0255791574
        0.0093102618   0.0040956884  -0.2276091397   0.1045245949   0.0478457462
       -0.0000081633  -0.0000517123   0.0000068650   0.0000040052  -0.0000176003
        0.0000039067  -0.0000063772   0.0000120245  -0.0000038505  -0.0000030008
        0.0000073036  -0.0000040643   0.0000022132   0.0000013386  -0.0000031849
        0.0000019240   0.0000030757   0.0000040033   0.0000045440  -0.0000003814
       -0.0000028694   0.0000035829   0.0000010451   0.0000019100   0.0000004783
        0.0000077006  -0.0000014165   0.0000044870   0.0000008274   0.0000019752
       -0.0000363673   0.0000303229  -0.0000051527  -0.0000049672  -0.0000067460
        0.0000031888  -0.0000167141  -0.0000574343  -0.0000775006  -0.0000018895
       -0.0000078950  -0.0000074416  -0.0000012204   0.0000006968  -0.0000158724
        0.0000538544   0.0000332789  -0.0000097282  -0.0000271375  -0.0000574152
        0.0000493378   0.0000263471  -0.0002754605   0.0000688535   0.0012281364
        0.0006388213   0.0004728343  -0.0042636749  -0.0031086885  -0.0017675055
       -0.0013885097   0.0011315838   0.0003937323  -0.0022334587   0.0015687178
        0.0009199564   0.2587390613  -0.1156381186  -0.0530048256  -0.0000011702
        0.0000097291  -0.0000014066   0.0000018347   0.0000157562  -0.0000040639
        0.0000075636  -0.0000325698   0.0000136843   0.0000021275   0.0000118440
       -0.0000081006  -0.0000012142   0.0000225595  -0.0000149984  -0.0000245661
        0.0000915315   0.0000092765   0.0000979699  -0.0002028437   0.0000503876
       -0.0000886946   0.0000908833  -0.0000356846   0.0000507091   0.0000231122
        0.0000305567  -0.0001365846  -0.0002421410  -0.0002463413   0.0000520890
        0.0009399166   0.0011380130   0.0000040059   0.0000060742   0.0000074785
       -0.0000045220  -0.0000070287  -0.0000077244  -0.0000013994  -0.0000020631
        0.0000031160  -0.0000339228   0.0001119733   0.0000182304   0.0000373693
        0.0000095374  -0.0000253352   0.0000023762   0.0000015601   0.0000017621
       -0.0000001643  -0.0000028628   0.0000030328  -0.0000045560  -0.0000030063
        0.0000005523
        0.0000197066  -0.0000111814   0.0000074167  -0.0000231531  -0.0000032746
        0.0000008137   0.0000132544   0.0000115007   0.0000049491  -0.0000069194
        0.0000065903  -0.0000000536  -0.0000130919  -0.0000008908  -0.0000006975
        0.0000075633   0.0000081904   0.0000004723  -0.0000011714  -0.0000035062
       -0.0000069869  -0.0000148486   0.0000036221  -0.0000078968   0.0000300327
       -0.0000634446   0.0000583751  -0.0000087754   0.0000268109   0.0000116080
        0.0000098141  -0.0000019566   0.0000061579  -0.0000467034   0.0001035495
        0.0000090105  -0.0002859189   0.0009610721  -0.0000410433  -0.0145533430
        0.0075018242   0.0034467054   0.1045488825  -0.1028734316  -0.0258301176
        0.0000178071  -0.0000149718  -0.0000106090   0.0000092888  -0.0000002078
       -0.0000022789  -0.0000043226   0.0000022422   0.0000019270  -0.0000027747
        0.0000002013  -0.0000000915   0.0000002427  -0.0000011922  -0.0000018374
        0.0000000347   0.0000001079  -0.0000025621   0.0000027617  -0.0000033569
       -0.0000031037   0.0000006030  -0.0000006013   0.0000008379   0.0000039040
        0.0000030263  -0.0000005402   0.0000019982   0.0000056610  -0.0000072658
        0.0000550701  -0.0000813479   0.0000536145  -0.0000118117  -0.0000156129
       -0.0000100876   0.0001516309   0.0000374493   0.0000428203  -0.0000008095
       -0.0000025754  -0.0000031988   0.0000019986   0.0000017712  -0.0000112788
        0.0000131886  -0.0000137440  -0.0000036709   0.0000046453  -0.0000802948
        0.0000242786  -0.0001698594  -0.0002046633   0.0000159209   0.0003986448
        0.0004108671   0.0005490557  -0.0031383119  -0.0008609671  -0.0007862229
        0.0241934455  -0.0146491054  -0.0060859218   0.0042429103  -0.0024070870
       -0.0012601170  -0.1156381186   0.1132881514   0.0312087014  -0.0000035416
        0.0000013679   0.0000017944  -0.0000046835   0.0000004891   0.0000009969
        0.0000073288  -0.0000081466  -0.0000075897  -0.0000007868   0.0000030162
        0.0000006274  -0.0000032836   0.0000057307   0.0000055489  -0.0001819915
        0.0002732768  -0.0000912859   0.0000617392   0.0001508334  -0.0000266957
       -0.0000373564  -0.0000339350  -0.0000041151  -0.0000032350   0.0000980081
        0.0000540599   0.0002798661  -0.0008424900   0.0000021817   0.0001217110
       -0.0006568926  -0.0013211804   0.0000077232   0.0000085549   0.0000148838
        0.0000004078   0.0000051776   0.0000155144  -0.0000023861  -0.0000002457
       -0.0000043038  -0.0000463558  -0.0000918554  -0.0000208792   0.0000097758
        0.0000193753   0.0000138976  -0.0000060397  -0.0000108933  -0.0000026149
       -0.0000050481  -0.0000033999   0.0000027316  -0.0000013382   0.0000028047
       -0.0000006549
        0.0000632589  -0.0000356232   0.0000290993  -0.0000670991  -0.0000051670
       -0.0000064275   0.0000197339   0.0000039109   0.0000075526  -0.0000205036
        0.0000044671   0.0000140088  -0.0000188478  -0.0000092559  -0.0000015427
       -0.0000030012   0.0000023368  -0.0000073628   0.0000054573  -0.0000034347
       -0.0000059210   0.0000035455  -0.0000120828  -0.0000132571  -0.0000053742
        0.0000379345   0.0001208791   0.0000803049   0.0000835910  -0.0000060210
       -0.0000807545  -0.0000726846  -0.0000559487   0.0001252150   0.0001105680
        0.0000556077   0.0002500452  -0.0000028550   0.0001250443  -0.0080552386
        0.0042787520   0.0022619166   0.0482852170  -0.0260235682  -0.0581751550
       -0.0000359364  -0.0000232453   0.0000131810  -0.0000005024  -0.0000117061
        0.0000009302  -0.0000023827   0.0000077111  -0.0000023787  -0.0000024283
        0.0000038308  -0.0000014979   0.0000034834   0.0000000756  -0.0000036357
       -0.0000004838  -0.0000036670  -0.0000051559   0.0000074278  -0.0000042864
       -0.0000068924   0.0000025067  -0.0000013205  -0.0000004774   0.0000044533
       -0.0000009720  -0.0000005066   0.0000012029   0.0000081577  -0.0000093579
        0.0000204902  -0.0000607229   0.0000109263  -0.0000175981  -0.0000183995
       -0.0000139286   0.0001750351  -0.0000166666   0.0000581568  -0.0000029736
       -0.0000120054  -0.0000067345   0.0000039332  -0.0000067880  -0.0000076629
        0.0000046378   0.0000046853  -0.0000113545   0.0000126357  -0.0000112595
       -0.0000632067   0.0000340979  -0.0000341061   0.0000433627  -0.0000904536
        0.0004207042   0.0004260101  -0.0018410397  -0.0009268243   0.0002765322
       -0.0133214033   0.0081462852   0.0035084939   0.0272157356  -0.0161075999
       -0.0080879745  -0.0530048256   0.0312087014   0.0608683184   0.0000009909
        0.0000052571  -0.0000000553   0.0000030280   0.0000096234  -0.0000011984
       -0.0000028495  -0.0000205495   0.0000075296   0.0000039891   0.0000054782
       -0.0000032985   0.0000037890   0.0000115575  -0.0000082390  -0.0002143114
        0.0003719158  -0.0001777221   0.0000910105  -0.0000339518   0.0000332525
       -0.0000687460   0.0000337152  -0.0000387621  -0.0000171911   0.0000846457
        0.0000609193   0.0003052621  -0.0010476373  -0.0001402820   0.0001705013
       -0.0003624907  -0.0010302299   0.0000073393   0.0000093831   0.0000083984
        0.0000000324   0.0000051112   0.0000163042  -0.0000045458  -0.0000033564
       -0.0000085298  -0.0000315445   0.0000009345  -0.0000494149   0.0000153653
        0.0000209723   0.0000058248  -0.0000025304  -0.0000062043  -0.0000010369
       -0.0000011640  -0.0000014779  -0.0000010724  -0.0000059961  -0.0000003969
       -0.0000000076
        0.0013103672   0.0002164398  -0.0002084765  -0.0013956691  -0.0002106753
       -0.0002247854   0.0001775358   0.0002015178   0.0001669770  -0.0001884967
        0.0000141899   0.0000234175   0.0000092695  -0.0000468551  -0.0000082753
       -0.0000460134  -0.0000304979  -0.0000570123   0.0002705406  -0.0000398044
       -0.0000835116   0.0000049146   0.0000011843  -0.0000105261   0.0000528242
       -0.0000065551   0.0000338690   0.0004458383  -0.0004461463   0.0002926920
       -0.0000357258   0.0000806331  -0.0000107419  -0.0001040793  -0.0000999425
       -0.0000272148   0.0000407334   0.0000509761  -0.0000039845   0.0000171592
       -0.0000788295   0.0000401475  -0.0000040119   0.0000158156  -0.0000168128
       -0.0010228440   0.0002779498  -0.0005297708  -0.0108388561  -0.0226096659
       -0.0549051128  -0.0025028597   0.0000318577   0.0009330771   0.0002120250
        0.0001309156   0.0001011784  -0.0000275321  -0.0000377297  -0.0000229723
        0.0000271497   0.0000178855   0.0000150456   0.0000475357  -0.0000075948
       -0.0000308875   0.0000073095  -0.0000227701  -0.0000187654   0.0000149421
       -0.0000020455  -0.0000079841   0.0000105147   0.0000102638   0.0000058475
        0.0000027700  -0.0000054989  -0.0000031497  -0.0000334578  -0.0000235703
        0.0000292342  -0.0000073010  -0.0000110763   0.0000055884   0.0000494243
       -0.0000166282  -0.0000243273   0.0000075078  -0.0000175901   0.0000034709
        0.0000183212  -0.0000369485   0.0000200006   0.0000101041  -0.0000062019
       -0.0000002800   0.0000019257  -0.0000024963   0.0000122609   0.0000006833
        0.0000096515  -0.0000099248  -0.0000112207   0.0000151730  -0.0000008227
        0.0000129996   0.0000207184  -0.0000006016   0.0000009451  -0.0000010869
        0.0000049552  -0.0000011702  -0.0000035416   0.0000009909   0.0122947875
        0.0231067728   0.0534032989   0.0013309560  -0.0005590912   0.0004535735
       -0.0012170232   0.0011955704   0.0002452080   0.0005728289   0.0002010606
       -0.0000011793   0.0004573124  -0.0013437308   0.0004683051  -0.0000005385
        0.0000981406  -0.0000818616  -0.0001600600  -0.0001081261   0.0000203014
        0.0001007108   0.0000306282  -0.0000074380  -0.0000130776  -0.0000098915
       -0.0000238915   0.0000550880  -0.0001274729   0.0001198366   0.0000124783
        0.0000954151  -0.0000458228  -0.0000019049   0.0000022196   0.0000043993
        0.0000022642  -0.0000022846  -0.0000020491  -0.0000039299   0.0000006333
       -0.0000014650   0.0000514585   0.0000870945  -0.0000300629  -0.0000338147
       -0.0000094501   0.0000020697   0.0000075785   0.0000096360   0.0000009396
        0.0000087462   0.0000056455  -0.0000086983   0.0000020362  -0.0000041901
        0.0000017241
       -0.0003054852  -0.0006652038   0.0002997792   0.0003016412   0.0000895942
        0.0000115985  -0.0000216223  -0.0000297666   0.0000313768  -0.0000607309
       -0.0000274931   0.0000010654  -0.0000056764  -0.0000345112  -0.0000322386
        0.0000845621   0.0000424965   0.0000362461  -0.0001049917  -0.0000000792
        0.0000502920   0.0000013717   0.0000037234  -0.0000076441  -0.0000013157
        0.0000163027  -0.0000061071  -0.0015856867   0.0005766170   0.0007709815
        0.0002663433   0.0002375461   0.0001190092  -0.0002202524  -0.0000876779
       -0.0000724368   0.0000217381   0.0000431721  -0.0000135191  -0.0000064003
       -0.0000699245   0.0000424623  -0.0000154468   0.0000162470  -0.0000166065
        0.0012268106  -0.0001264717  -0.0021792501  -0.0274240017  -0.1075938100
       -0.1808339566   0.0000641039   0.0010285756   0.0001340480   0.0001447275
        0.0000399218  -0.0001943644  -0.0001045238   0.0000248116  -0.0000267999
       -0.0000057756  -0.0000025962  -0.0000098415   0.0000046439  -0.0000046755
       -0.0000098816  -0.0000017851  -0.0000147736  -0.0000265930   0.0000061842
       -0.0000049338  -0.0000029214  -0.0000015931   0.0000011570   0.0000029079
       -0.0000018585  -0.0000033679  -0.0000055075  -0.0000094003   0.0000049870
        0.0000054884  -0.0000166443   0.0000028847   0.0000037782   0.0001077913
       -0.0001313326  -0.0000801786   0.0000418530  -0.0000098717  -0.0000297025
        0.0000354369  -0.0000745092   0.0000009693   0.0000052133  -0.0000035381
        0.0000002915   0.0000240755  -0.0000033944   0.0000091503  -0.0000046715
        0.0000104153  -0.0000091181   0.0000068931   0.0000029356  -0.0000020506
        0.0000117844   0.0000183263   0.0000001717   0.0000014954  -0.0000000650
        0.0000030853   0.0000097291   0.0000013679   0.0000052571   0.0231067728
        0.0998884244   0.1510102681   0.0036116163   0.0089669777   0.0300823397
        0.0027302624   0.0005093695   0.0003046819  -0.0003856112  -0.0005850603
       -0.0005823346  -0.0015756719  -0.0020385890   0.0012293396   0.0000450400
       -0.0000338406   0.0000145880  -0.0000871854   0.0000171230  -0.0000100522
        0.0000643833  -0.0000291456   0.0000132937  -0.0000027308  -0.0000109082
       -0.0000103544  -0.0000693643   0.0001293420   0.0000489795   0.0000850458
       -0.0000846054  -0.0000734105  -0.0000036462   0.0000036738   0.0000038466
        0.0000034838  -0.0000015421  -0.0000017872  -0.0000017646  -0.0000001538
        0.0000046176   0.0000198704  -0.0000039534  -0.0000033939  -0.0000132947
       -0.0000035607   0.0000028546   0.0000007815   0.0000015673  -0.0000003817
        0.0000017598   0.0000014471  -0.0000025638   0.0000017167   0.0000003485
        0.0000002280
       -0.0012828681   0.0000711770  -0.0001856623   0.0009305427   0.0001465999
        0.0001527985  -0.0001488433  -0.0000475261  -0.0000703531   0.0000157577
       -0.0000213127  -0.0000106629  -0.0000211187   0.0000031968  -0.0000255681
        0.0000878775   0.0000338195   0.0000391627  -0.0002175191   0.0000377782
        0.0000632211   0.0000014550  -0.0000082052  -0.0000014385  -0.0000160582
       -0.0000045987   0.0000129909   0.0016144289   0.0002917166  -0.0004985066
       -0.0004439672  -0.0003402831  -0.0003405952   0.0000619650   0.0003091691
        0.0003071322  -0.0000634151  -0.0001452210   0.0000086137  -0.0000306424
        0.0000505835  -0.0000257813   0.0000064247  -0.0000189851   0.0000223626
       -0.0014080171  -0.0009708271   0.0004549431  -0.0515123557  -0.1370459966
       -0.3910522058   0.0005570050   0.0000738290   0.0005618071   0.0002072141
       -0.0001514593   0.0000127704  -0.0000587615  -0.0000065050  -0.0000055744
       -0.0000142755  -0.0000170235  -0.0000115680  -0.0000143025  -0.0000023118
        0.0000048080  -0.0000016251  -0.0000087943  -0.0000134113  -0.0000023928
        0.0000016474   0.0000019114  -0.0000072539  -0.0000032223  -0.0000058934
        0.0000003188   0.0000008372   0.0000015532   0.0000122954   0.0000030057
       -0.0000061377   0.0000098595   0.0000035751   0.0000034905  -0.0000013907
       -0.0000746095   0.0000206921  -0.0000323509  -0.0000227642  -0.0000153261
        0.0000072734  -0.0000422603   0.0000133123  -0.0000280730   0.0000008716
       -0.0000256501   0.0000013001   0.0000033678  -0.0000111316   0.0000005817
       -0.0000048128  -0.0000016251   0.0000054565  -0.0000064292   0.0000002580
       -0.0000115093  -0.0000119911  -0.0000024115  -0.0000021862  -0.0000021581
       -0.0000101871  -0.0000014066   0.0000017944  -0.0000000553   0.0534032989
        0.1510102681   0.4118715962  -0.0033862439  -0.0149089426  -0.0207654328
        0.0015400799   0.0019985497  -0.0025050252  -0.0001014582  -0.0006514531
        0.0001666304   0.0003677011   0.0004950317   0.0018796759  -0.0000290462
       -0.0000025546  -0.0000074078   0.0000758126   0.0000157136   0.0000091648
       -0.0000514857   0.0000045274  -0.0000160956  -0.0000009097   0.0000008207
       -0.0000062399   0.0000354827  -0.0000051874   0.0000055313  -0.0000388018
       -0.0000105281   0.0000065723   0.0000005001  -0.0000037253  -0.0000020298
       -0.0000014607   0.0000014222  -0.0000001483   0.0000016631   0.0000008562
       -0.0000019202  -0.0000208453  -0.0000200213   0.0000006239   0.0000125210
        0.0000043056   0.0000007494  -0.0000023197  -0.0000035590  -0.0000003678
       -0.0000025070  -0.0000019158   0.0000021960  -0.0000014045   0.0000007204
       -0.0000001550
        0.0023267611  -0.0001670820   0.0004934408  -0.0018012561  -0.0003290898
       -0.0001946193   0.0002812982   0.0001812688   0.0001964437  -0.0001756310
        0.0000289037   0.0000268758   0.0000158308  -0.0000497933   0.0000075053
       -0.0000936648  -0.0000253436  -0.0000675182   0.0003461352  -0.0000692479
       -0.0001063330   0.0000023074   0.0000079727  -0.0000074633   0.0000556379
        0.0000032805   0.0000205867  -0.0030429048  -0.0012310537   0.0015679505
        0.0006306190   0.0006062417   0.0004821276  -0.0002126171  -0.0005035978
       -0.0004514468   0.0001171218   0.0002352346  -0.0000051234   0.0000556755
       -0.0001534139   0.0000851749  -0.0000135989   0.0000426976  -0.0000420079
        0.0000573928   0.0014459971  -0.0009769546  -0.0054769393  -0.0096859903
        0.0029461017  -0.0010353380   0.0006457946  -0.0010171773  -0.0004329804
        0.0005000132  -0.0002476200   0.0000122669  -0.0000081092  -0.0000138902
        0.0000303961   0.0000261792   0.0000179447   0.0000501329  -0.0000073791
       -0.0000325232   0.0000042699  -0.0000128306  -0.0000081127   0.0000161251
       -0.0000051519  -0.0000089876   0.0000139318   0.0000114658   0.0000099844
        0.0000017535  -0.0000067540  -0.0000061760  -0.0000418520  -0.0000216463
        0.0000321008  -0.0000183190  -0.0000114973   0.0000051800   0.0000708287
       -0.0000515758  -0.0000221407   0.0000580650   0.0000084813   0.0000141026
        0.0000054488  -0.0000149884   0.0000173422   0.0000429592  -0.0000079157
        0.0000257542   0.0000047783  -0.0000065578   0.0000261020  -0.0000020604
        0.0000174544  -0.0000144868  -0.0000180437   0.0000240374  -0.0000011119
        0.0000282143   0.0000383171   0.0000022662   0.0000024844  -0.0000002614
        0.0000132898   0.0000018347  -0.0000046835   0.0000030280   0.0013309560
        0.0036116163  -0.0033862439   0.0068676523   0.0054683150   0.0007213277
       -0.0007390726   0.0002018470   0.0011200254   0.0002950817   0.0001328113
       -0.0000489563   0.0003223153  -0.0009343290  -0.0011309868   0.0000324801
        0.0000820659  -0.0000674571  -0.0002177913  -0.0001113772   0.0000142961
        0.0001399795   0.0000198422   0.0000043426  -0.0000131157  -0.0000156203
       -0.0000230367   0.0000049804  -0.0000723102   0.0001327629   0.0000683939
        0.0000686813  -0.0000777868  -0.0000034757   0.0000066798   0.0000073517
        0.0000046817  -0.0000035428  -0.0000026152  -0.0000052563   0.0000002772
        0.0000016842   0.0000660438   0.0000942319  -0.0000308085  -0.0000437365
       -0.0000130403   0.0000031978   0.0000088780   0.0000119252   0.0000014008
        0.0000105876   0.0000071208  -0.0000104082   0.0000033541  -0.0000045706
        0.0000023013
       -0.0007767054  -0.0011190909   0.0004676194   0.0006741258   0.0001295776
        0.0000652331  -0.0000226005  -0.0001542095  -0.0000359865  -0.0000354346
       -0.0000349622  -0.0000070191  -0.0000193753  -0.0000545080  -0.0000444015
        0.0001152687   0.0000804452   0.0000708305  -0.0002001115   0.0000236537
        0.0001120286   0.0000013955   0.0000103823  -0.0000066364  -0.0000077088
        0.0000279021  -0.0000231775  -0.0075809174   0.0020557861   0.0032321617
        0.0018800800   0.0009778343   0.0007870475  -0.0003800952  -0.0007366147
       -0.0007788216   0.0001192607   0.0003269904  -0.0000344768   0.0000470701
       -0.0001607862   0.0001013280  -0.0000302322   0.0000535930  -0.0000516488
        0.0067599273  -0.0002176535  -0.0035877461  -0.0062240569  -0.2976417247
        0.2289489513   0.0004927150   0.0004512449   0.0000286492   0.0006532487
       -0.0001336616  -0.0000071118  -0.0000198321   0.0000284973  -0.0000345825
       -0.0000104574  -0.0000014349  -0.0000127214  -0.0000015386  -0.0000040386
       -0.0000098343  -0.0000069764  -0.0000174471  -0.0000326420   0.0000049914
       -0.0000084805  -0.0000030284  -0.0000016486  -0.0000010714   0.0000049706
       -0.0000037972  -0.0000037734  -0.0000101435  -0.0000137943   0.0000119230
        0.0000063763  -0.0000315802   0.0000043394   0.0000035815   0.0001380539
       -0.0001876611  -0.0004382746   0.0002121705   0.0000590395   0.0000054419
       -0.0000121874  -0.0000411471  -0.0000151226   0.0000493560  -0.0000093966
        0.0000389233   0.0000259686  -0.0000110457   0.0000297488  -0.0000094797
        0.0000196112  -0.0000099956   0.0000022639   0.0000109974  -0.0000020837
        0.0000334719   0.0000401422   0.0000054722   0.0000042795   0.0000018945
        0.0000163446   0.0000157562   0.0000004891   0.0000096234  -0.0005590912
        0.0089669777  -0.0149089426   0.0054683150   0.2884809775  -0.2127884478
        0.0001341994  -0.0010964935   0.0009989405   0.0000502778   0.0001613068
       -0.0002911468  -0.0010196399  -0.0002714902  -0.0017937530   0.0000909848
       -0.0000773668   0.0000436789  -0.0001413334   0.0000264222  -0.0000179524
        0.0001040534  -0.0000465219   0.0000256828  -0.0000016105  -0.0000171621
       -0.0000114475  -0.0001537960   0.0002554214   0.0000620992   0.0001720027
       -0.0001568881  -0.0001228874  -0.0000068373   0.0000096600   0.0000078290
        0.0000067914  -0.0000019749  -0.0000028930  -0.0000037000   0.0000000539
        0.0000105310   0.0000326958  -0.0000066391  -0.0000017843  -0.0000224555
       -0.0000076765   0.0000044202   0.0000017133   0.0000029134   0.0000002655
        0.0000031351   0.0000026583  -0.0000036580   0.0000034208   0.0000001865
        0.0000005883
        0.0001599940   0.0004154395  -0.0005322308  -0.0002229744  -0.0000509302
       -0.0000593795  -0.0000035499   0.0001086690   0.0000491557  -0.0000547865
       -0.0000000067   0.0000023525   0.0000035794   0.0000013643  -0.0000100666
        0.0000207763  -0.0000104066  -0.0000161242   0.0000640188   0.0000040562
       -0.0000234209  -0.0000019095  -0.0000097909  -0.0000045723   0.0000084089
       -0.0000109808   0.0000331146   0.0040451167   0.0001203760  -0.0007805706
       -0.0009646022  -0.0005318329  -0.0005268935   0.0000814080   0.0004636963
        0.0005250627  -0.0000765250  -0.0002110736  -0.0000022026  -0.0000386798
        0.0000644370  -0.0000316135   0.0000113672  -0.0000257076   0.0000277812
       -0.0032865440  -0.0017041102  -0.0011892177  -0.0009407289   0.1845148662
       -0.2013884423  -0.0006145898   0.0001637423   0.0002952335   0.0000979636
       -0.0001223465   0.0002150029  -0.0000405288  -0.0000271702  -0.0000069183
        0.0000025481  -0.0000056025   0.0000004197   0.0000106947  -0.0000042178
       -0.0000069061   0.0000018173  -0.0000178686  -0.0000164839   0.0000032878
        0.0000024963  -0.0000006437  -0.0000009388   0.0000020297  -0.0000041991
        0.0000023849  -0.0000008560   0.0000020792   0.0000044587  -0.0000085615
        0.0000041052   0.0000158215  -0.0000000792   0.0000056725   0.0001239445
        0.0000238573   0.0000504081  -0.0000841079  -0.0000561474  -0.0000246847
        0.0000432167  -0.0000371121  -0.0000107215  -0.0000374693   0.0000006391
       -0.0000350909   0.0000015571   0.0000045722  -0.0000125354   0.0000024871
       -0.0000060385  -0.0000038328   0.0000038829  -0.0000060138  -0.0000001243
       -0.0000149467  -0.0000143268  -0.0000032511  -0.0000032424  -0.0000029921
       -0.0000126639  -0.0000040639   0.0000009969  -0.0000011984   0.0004535735
        0.0300823397  -0.0207654328   0.0007213277  -0.2127884478   0.2230219638
        0.0018237133   0.0015425908   0.0005787876  -0.0002469721  -0.0003324593
       -0.0002436432  -0.0010411576  -0.0015415349   0.0009322390  -0.0000549317
        0.0000530170  -0.0000544173   0.0000482623  -0.0000200903   0.0000160837
       -0.0000375070   0.0000219684  -0.0000221065  -0.0000073917  -0.0000016834
       -0.0000211376   0.0001022413  -0.0000986009   0.0000606422  -0.0000761474
        0.0000469002   0.0000060010   0.0000015865  -0.0000066417  -0.0000019335
       -0.0000017781   0.0000019333  -0.0000007846   0.0000018711   0.0000020438
       -0.0000052437  -0.0000103035   0.0000088915  -0.0000090496   0.0000072059
        0.0000043465   0.0000009088  -0.0000003398  -0.0000010641  -0.0000000038
       -0.0000003402  -0.0000003612   0.0000002882  -0.0000014593  -0.0000002132
        0.0000004391
        0.0004233408   0.0006904671   0.0013631609  -0.0004179314  -0.0002677528
       -0.0001753014  -0.0001445007  -0.0003496081  -0.0004846001   0.0005356737
        0.0001400036   0.0000442206   0.0000344625   0.0001570561   0.0001659762
       -0.0002977837  -0.0001152726  -0.0000477993   0.0003076161   0.0000386960
       -0.0000563090  -0.0000274735   0.0000287838   0.0000539890  -0.0000833108
        0.0000210517  -0.0000907014  -0.0053192390   0.0001675974   0.0006858127
        0.0010410156   0.0008739351   0.0007038373  -0.0000029297  -0.0005602910
       -0.0004790885   0.0000988170   0.0001848728   0.0000118589   0.0000110204
        0.0001650394  -0.0000706326   0.0000039146  -0.0000124472   0.0000118390
        0.0060432413   0.0005953034  -0.0044969562   0.0003792847  -0.0044185412
       -0.0043283440  -0.0013469159  -0.0002293626  -0.0000300829  -0.0004473792
        0.0001829161   0.0002437297  -0.0008927240   0.0001636959   0.0004455702
       -0.0000154385  -0.0000085770  -0.0000014697  -0.0000724432   0.0000320044
        0.0000747577  -0.0000291616   0.0000768675   0.0001127467  -0.0000460227
        0.0000043910   0.0000217282  -0.0000069491  -0.0000199440  -0.0000072675
       -0.0000046712   0.0000141197   0.0000062010   0.0000658497   0.0000478117
       -0.0000584156   0.0000098786   0.0000210241  -0.0000159599   0.0003056742
       -0.0001805934   0.0000043624   0.0000346985   0.0001022311   0.0000186735
       -0.0002517625   0.0001687826  -0.0002040765   0.0000474893   0.0000355124
        0.0000671900   0.0000032868   0.0000027986  -0.0000108109  -0.0000031305
       -0.0000264842   0.0000330283   0.0000299415  -0.0000408772   0.0000017801
       -0.0000195787  -0.0000400111   0.0000069636  -0.0000001891   0.0000073122
        0.0000001795   0.0000075636   0.0000073288  -0.0000028495  -0.0012170232
        0.0027302624   0.0015400799  -0.0007390726   0.0001341994   0.0018237133
        0.1881644034  -0.1996176628  -0.0856128229  -0.1523847997   0.1607277599
        0.1394076280  -0.0337285412   0.0384976723  -0.0507856458   0.0000167315
       -0.0002147074   0.0001841478   0.0003091598   0.0002250758  -0.0000520174
       -0.0001926572  -0.0000639554   0.0000221528   0.0000293177   0.0000222156
        0.0000580045  -0.0001464378   0.0002801783  -0.0002780636  -0.0000011693
       -0.0002019168   0.0001066221   0.0000023948  -0.0000017016  -0.0000076146
       -0.0000043117   0.0000034705   0.0000045965   0.0000062435  -0.0000016582
        0.0000053377  -0.0000981509  -0.0001737538   0.0000645122   0.0000674403
        0.0000180441  -0.0000075037  -0.0000149167  -0.0000193122  -0.0000029376
       -0.0000180930  -0.0000120511   0.0000177454  -0.0000037516   0.0000080007
       -0.0000048751
        0.0023828985   0.0005544634  -0.0010339519  -0.0024775019  -0.0005523077
       -0.0003990383   0.0003945593   0.0004028405   0.0001749713  -0.0001491147
        0.0000650396  -0.0000001179   0.0000624137   0.0000113829   0.0000433905
       -0.0002149560  -0.0001328737  -0.0001522847   0.0006384860  -0.0000707519
       -0.0001988153  -0.0000022115  -0.0000096471   0.0000023995   0.0000742508
       -0.0000621607   0.0000511230   0.0017251909  -0.0023177042  -0.0006841982
        0.0001382217   0.0000670298   0.0003610970   0.0007227033  -0.0007805652
       -0.0005351199   0.0000589028   0.0002300966   0.0000523553   0.0001083439
        0.0001447966  -0.0000882799   0.0000459338  -0.0000102293   0.0000120973
       -0.0008248540   0.0028952722   0.0050629902  -0.0035734983  -0.0044592448
       -0.0063161636  -0.0001617368  -0.0008088280  -0.0003034161  -0.0001569092
       -0.0000164628  -0.0001542094   0.0001636178  -0.0002330006   0.0000345644
        0.0000601362   0.0000346569   0.0000575244   0.0000548800   0.0000032836
       -0.0000155953   0.0000138726  -0.0000028911   0.0000224343   0.0000058499
        0.0000123787  -0.0000017796   0.0000184956   0.0000100913   0.0000013760
        0.0000101365   0.0000043701   0.0000150868  -0.0000129539  -0.0000402189
        0.0000189544   0.0000431315  -0.0000211892  -0.0000101160  -0.0003663728
        0.0006146775   0.0001563655  -0.0000698795   0.0001026998   0.0001756592
       -0.0003477936   0.0002407184  -0.0000371173   0.0000574482   0.0000067489
        0.0000566574  -0.0001218304  -0.0000066703  -0.0000033849   0.0000151768
       -0.0000267302   0.0000289343  -0.0000390969   0.0000080641   0.0000029340
       -0.0000192552  -0.0000376297   0.0000025433  -0.0000021794   0.0000024611
        0.0000024678  -0.0000325698  -0.0000081466  -0.0000205495   0.0011955704
        0.0005093695   0.0019985497   0.0002018470  -0.0010964935   0.0015425908
       -0.1996176628   0.2441051064   0.0329347291   0.1573832535  -0.1697903578
       -0.1395852166   0.0427285392  -0.0696558098   0.1067255464  -0.0001332591
        0.0002206469  -0.0001315481   0.0000635595  -0.0001587623   0.0000424234
       -0.0000698525   0.0001094248  -0.0000397813  -0.0000056875   0.0000232702
        0.0000074444   0.0002727337  -0.0005581250  -0.0000326178  -0.0002552114
        0.0003768954   0.0002020782   0.0000089607  -0.0000090425  -0.0000058721
       -0.0000075856   0.0000002617   0.0000038462   0.0000009023  -0.0000012664
       -0.0000157662  -0.0000002083   0.0001059329  -0.0000187872   0.0000068499
        0.0000028862  -0.0000102725   0.0000055521   0.0000061228   0.0000012384
        0.0000035866   0.0000008136  -0.0000009928  -0.0000038237  -0.0000046933
        0.0000006198
        0.0029064561  -0.0020439157   0.0006675119  -0.0026559413  -0.0003304847
       -0.0005498461   0.0005791613   0.0000136380   0.0002171260  -0.0001415246
        0.0000255345   0.0000260414   0.0000667126  -0.0000751576   0.0000380594
       -0.0002120035  -0.0000669239  -0.0000869962   0.0005768017  -0.0000757153
       -0.0000988983   0.0000047127   0.0000383674  -0.0000056033   0.0000589337
        0.0000341312  -0.0000558684  -0.0103206992   0.0003489252   0.0027159392
        0.0016421682   0.0026527828   0.0009920532  -0.0010234325  -0.0012378448
       -0.0013056522   0.0004199672   0.0004862300  -0.0000069429   0.0001025875
       -0.0003850403   0.0001764332  -0.0000441249   0.0001065082  -0.0001294737
        0.0049240074   0.0029636743  -0.0223600076  -0.0026437929  -0.0041189267
       -0.0007795847  -0.0001837727   0.0008285444  -0.0011257402   0.0000120098
        0.0002133477  -0.0003392273   0.0001005787   0.0000525353  -0.0002918128
        0.0000604457   0.0000749834   0.0000423391   0.0000601982   0.0000066780
       -0.0000266000   0.0000035763   0.0000055780   0.0000164170   0.0000122845
       -0.0000112385  -0.0000086493   0.0000273546   0.0000117627   0.0000249087
       -0.0000051533  -0.0000069863  -0.0000141633  -0.0000596877  -0.0000092519
        0.0000336340  -0.0000564014  -0.0000141363  -0.0000105393   0.0012041072
       -0.0013207944   0.0001672581   0.0001660850   0.0000239807  -0.0000282346
        0.0002354552   0.0000116462  -0.0003247673   0.0001688902   0.0000077346
        0.0001394964   0.0000765789   0.0000016632   0.0000823492  -0.0000072971
        0.0000384178  -0.0000065893  -0.0000319440   0.0000428643  -0.0000059689
        0.0000697713   0.0000785908   0.0000128035   0.0000100333   0.0000092450
        0.0000555263   0.0000136843  -0.0000075897   0.0000075296   0.0002452080
        0.0003046819  -0.0025050252   0.0011200254   0.0009989405   0.0005787876
       -0.0856128229   0.0329347291   0.5976087511   0.1679621223  -0.1727647882
       -0.2005513371  -0.0799758248   0.1400785496  -0.3729999072   0.0001575880
       -0.0000166304   0.0000283148  -0.0003783734  -0.0000735730  -0.0000374196
        0.0002569146  -0.0000292690   0.0000704349  -0.0000032025  -0.0000190857
        0.0000059408  -0.0002105758   0.0001565874   0.0000695602   0.0002571829
       -0.0000412318  -0.0001282812  -0.0000065968   0.0000206792   0.0000150956
        0.0000096691  -0.0000070753  -0.0000022815  -0.0000091043  -0.0000033486
        0.0000136364   0.0001026472   0.0000894929  -0.0000084591  -0.0000628388
       -0.0000237239  -0.0000049638   0.0000111683   0.0000172944   0.0000020278
        0.0000122922   0.0000086787  -0.0000100984   0.0000077346  -0.0000042657
        0.0000009632
       -0.0001879225  -0.0000285083  -0.0000500318   0.0002934185   0.0000756750
        0.0000465175  -0.0001205790   0.0000338205   0.0000516460  -0.0000736453
       -0.0000184445   0.0000090412  -0.0000281958  -0.0000323780  -0.0000307499
        0.0000726858   0.0000346158   0.0000221909  -0.0001104691  -0.0000012870
        0.0000240153   0.0000055822  -0.0000027496  -0.0000078698   0.0000111838
        0.0000048880   0.0000211683   0.0007265258   0.0001674451  -0.0000751595
       -0.0001838298  -0.0001523557  -0.0001710976  -0.0000925177   0.0001592606
        0.0002037211  -0.0000243083  -0.0000533310   0.0000084772  -0.0000115383
       -0.0000623913   0.0000323479  -0.0000072651   0.0000051331  -0.0000002462
       -0.0008715191  -0.0000516265   0.0000490902  -0.0006427731   0.0000713086
        0.0000661531  -0.0000550433   0.0000611116   0.0000769895   0.0000462774
        0.0000004979   0.0000185359   0.0002218126  -0.0000184707  -0.0000055011
       -0.0000075075  -0.0000106518  -0.0000129299   0.0000089108  -0.0000079173
       -0.0000146659   0.0000033584  -0.0000143643  -0.0000210329   0.0000080256
       -0.0000027847  -0.0000041504  -0.0000014582   0.0000032002   0.0000000902
        0.0000006671  -0.0000042676  -0.0000041289  -0.0000132111  -0.0000067599
        0.0000111901  -0.0000082103  -0.0000022723   0.0000073045  -0.0000049812
       -0.0000555956  -0.0000016165   0.0000027638  -0.0000285239  -0.0000270431
        0.0000070056  -0.0000494149   0.0000612974  -0.0000218511  -0.0000097899
       -0.0000356575   0.0000121999  -0.0000001642  -0.0000013606  -0.0000016479
        0.0000108363  -0.0000161947  -0.0000034450   0.0000103364  -0.0000003263
        0.0000083962   0.0000164068  -0.0000030027  -0.0000004555  -0.0000033950
       -0.0000041518   0.0000021275  -0.0000007868   0.0000039891   0.0005728289
       -0.0003856112  -0.0001014582   0.0002950817   0.0000502778  -0.0002469721
       -0.1523847997   0.1573832535   0.1679621223   0.1495570302  -0.1554427691
       -0.1599552527   0.0029743406  -0.0016581017  -0.0078480090   0.0000149887
        0.0000170107  -0.0000279915  -0.0000847654  -0.0000316223   0.0000095817
        0.0000580799   0.0000008574  -0.0000041806  -0.0000068309  -0.0000100638
       -0.0000173597  -0.0000040722   0.0000248430   0.0000777385   0.0000357842
       -0.0000131042  -0.0000628933  -0.0000017951   0.0000012857   0.0000022702
        0.0000020362  -0.0000009391  -0.0000017616  -0.0000016269   0.0000003421
        0.0000008188   0.0000243924   0.0000271093  -0.0000152492  -0.0000176637
       -0.0000051324   0.0000039421   0.0000029203   0.0000039127   0.0000006588
        0.0000041913   0.0000031248  -0.0000041321   0.0000013124  -0.0000009781
        0.0000012794
       -0.0000610206  -0.0002458821  -0.0001040064   0.0001620793   0.0000266343
       -0.0000128395  -0.0000365935  -0.0000234096   0.0000084978   0.0000218076
       -0.0000068150   0.0000047774  -0.0000024294   0.0000009473   0.0000034338
        0.0000160302   0.0000058432   0.0000109430  -0.0000248182   0.0000031477
        0.0000251081  -0.0000011719   0.0000043889  -0.0000009186  -0.0000109553
        0.0000168993  -0.0000099348   0.0005533532   0.0003726454  -0.0000031604
       -0.0001515290  -0.0002457952  -0.0001513993  -0.0001210309   0.0002426525
        0.0002663512  -0.0000402745  -0.0000740905  -0.0000204273  -0.0000428866
       -0.0000016681   0.0000135056  -0.0000124030  -0.0000062344   0.0000057751
       -0.0003918296  -0.0005819090   0.0005191595  -0.0002875601   0.0000671275
        0.0004956881   0.0000800696   0.0000304920   0.0000551964   0.0000813735
       -0.0000258996  -0.0000517630   0.0000253789  -0.0000120213   0.0000080232
       -0.0000080643  -0.0000026405  -0.0000095417  -0.0000023110   0.0000003612
       -0.0000006670  -0.0000031828  -0.0000004310  -0.0000059252   0.0000004157
       -0.0000035966  -0.0000005716  -0.0000023546  -0.0000004941   0.0000009540
       -0.0000019053  -0.0000016491  -0.0000037826   0.0000003323   0.0000078052
       -0.0000019207  -0.0000114802   0.0000060127   0.0000036133  -0.0000314860
       -0.0000067045  -0.0000550426   0.0000041847  -0.0000280739  -0.0000416622
        0.0000320544  -0.0000077013   0.0000009238  -0.0000296487  -0.0000006135
       -0.0000271295   0.0000252941  -0.0000027544  -0.0000066439  -0.0000039526
        0.0000042054  -0.0000080657   0.0000210194  -0.0000095412  -0.0000003378
       -0.0000004277   0.0000061280  -0.0000010998  -0.0000003884  -0.0000015272
       -0.0000049878   0.0000118440   0.0000030162   0.0000054782   0.0002010606
       -0.0005850603  -0.0006514531   0.0001328113   0.0001613068  -0.0003324593
        0.1607277599  -0.1697903578  -0.1727647882  -0.1554427691   0.1650861881
        0.1614534805  -0.0054027294   0.0056463512   0.0113954454   0.0000303791
       -0.0000456309   0.0000241076  -0.0000327598   0.0000395929  -0.0000126145
        0.0000294940  -0.0000298025   0.0000120254  -0.0000002476  -0.0000067265
       -0.0000050984  -0.0000569656   0.0001279379   0.0000207874   0.0000598793
       -0.0000921105  -0.0000540856  -0.0000020200   0.0000016209   0.0000014252
        0.0000016922  -0.0000000467  -0.0000009634  -0.0000003230   0.0000006759
        0.0000034819   0.0000047838  -0.0000233473   0.0000027577  -0.0000043012
       -0.0000005846   0.0000026332  -0.0000014167  -0.0000006643  -0.0000001325
       -0.0000008151   0.0000003514  -0.0000001738   0.0000009546   0.0000014515
        0.0000000240
       -0.0005070589   0.0002508444  -0.0001176076   0.0004476065   0.0000353659
        0.0000608521  -0.0001032853   0.0000065935  -0.0000234284   0.0000416635
        0.0000044068  -0.0000017413  -0.0000132663   0.0000210026  -0.0000040613
        0.0000363226   0.0000066030   0.0000140084  -0.0000796588   0.0000208226
        0.0000122482  -0.0000035088  -0.0000082679   0.0000030396  -0.0000106979
       -0.0000120562   0.0000201484   0.0015382077  -0.0002983994  -0.0006993757
       -0.0003181119  -0.0003023594  -0.0001742403   0.0003353768   0.0001676791
        0.0001006247  -0.0000581577  -0.0000813996   0.0000498610  -0.0000066491
        0.0000910728  -0.0000439391   0.0000159593  -0.0000223599   0.0000355649
       -0.0013736505   0.0004825388   0.0007014093   0.0000084925   0.0006693741
        0.0001460021   0.0003099152  -0.0004100220  -0.0001883944   0.0000454149
       -0.0000669399   0.0000047880   0.0001006462  -0.0000184184   0.0000147302
       -0.0000133355  -0.0000183534  -0.0000076803  -0.0000110179  -0.0000016780
        0.0000062673  -0.0000024082  -0.0000013164  -0.0000013529  -0.0000036636
        0.0000034691   0.0000026386  -0.0000062253  -0.0000021485  -0.0000066129
        0.0000024075   0.0000019330   0.0000046264   0.0000144752  -0.0000000416
       -0.0000072700   0.0000188595   0.0000024919   0.0000038190  -0.0001187284
        0.0001102558   0.0001005257  -0.0000445885   0.0000078979   0.0000388066
       -0.0000253139   0.0000726645   0.0000389335  -0.0000220479   0.0000009664
       -0.0000250426  -0.0000342970  -0.0000000480  -0.0000154500   0.0000018623
       -0.0000113764  -0.0000003553  -0.0000026765  -0.0000054024   0.0000015267
       -0.0000177980  -0.0000213025  -0.0000032465  -0.0000042215  -0.0000035455
       -0.0000171486  -0.0000081006   0.0000006274  -0.0000032985  -0.0000011793
       -0.0005823346   0.0001666304  -0.0000489563  -0.0002911468  -0.0002436432
        0.1394076280  -0.1395852166  -0.2005513371  -0.1599552527   0.1614534805
        0.2183382747   0.0205154610  -0.0216524805  -0.0177255855  -0.0000544641
        0.0000248050  -0.0000213298   0.0001074781   0.0000062827   0.0000172283
       -0.0000759165   0.0000158576  -0.0000253024  -0.0000006397   0.0000051842
       -0.0000030989   0.0000809566  -0.0000902624  -0.0000111794  -0.0000883717
        0.0000430839   0.0000443498   0.0000026307  -0.0000058368  -0.0000039805
       -0.0000027107   0.0000016701   0.0000006772   0.0000027526   0.0000004277
       -0.0000048252  -0.0000277991  -0.0000157122  -0.0000012315   0.0000174866
        0.0000068212   0.0000012722  -0.0000026504  -0.0000041641  -0.0000001462
       -0.0000028310  -0.0000023604   0.0000026769  -0.0000023639   0.0000007272
        0.0000003752
        0.0001082684  -0.0003228293  -0.0002888100  -0.0003261714   0.0000552644
       -0.0000409840  -0.0000235912   0.0001528267   0.0002184131  -0.0002221830
       -0.0000415284   0.0000029186  -0.0000118960  -0.0000606104  -0.0000484050
        0.0000709185   0.0000185363  -0.0000079544  -0.0000247738  -0.0000240100
       -0.0000018072   0.0000127683  -0.0000061826  -0.0000195326   0.0000372297
        0.0000028018   0.0000329633   0.0039581418   0.0003753055   0.0012735181
       -0.0008320349  -0.0006771377  -0.0005513224  -0.0003871518   0.0002999471
        0.0006616281  -0.0000724469  -0.0001354662  -0.0000898903   0.0000013340
       -0.0001301712   0.0000600911  -0.0000074773   0.0000221103  -0.0000202048
       -0.0062860792  -0.0000078379   0.0006178062  -0.0010086621   0.0011185216
        0.0004628002   0.0000777737   0.0014631066   0.0000839572   0.0001958055
       -0.0000166765  -0.0000817039   0.0000772342   0.0000058080  -0.0002602534
        0.0000148598   0.0000087433   0.0000003155   0.0000372249  -0.0000133274
       -0.0000308176   0.0000124368  -0.0000292113  -0.0000457744   0.0000183539
       -0.0000036832  -0.0000090622   0.0000048934   0.0000091891   0.0000048843
        0.0000005283  -0.0000082119  -0.0000061070  -0.0000330197  -0.0000196060
        0.0000279687  -0.0000127786  -0.0000097187   0.0000081515  -0.0002833945
        0.0000428576   0.0001385853  -0.0000052215  -0.0001029511  -0.0000600269
       -0.0001040198  -0.0007481209   0.0003328723  -0.0000209854  -0.0000104026
       -0.0000326395   0.0000369347   0.0000091010   0.0000078896   0.0000003061
        0.0000201292  -0.0000215477  -0.0000186848   0.0000267808  -0.0000018138
        0.0000177179   0.0000315109  -0.0000029144   0.0000007685  -0.0000032896
        0.0000040551  -0.0000012142  -0.0000032836   0.0000037890   0.0004573124
       -0.0015756719   0.0003677011   0.0003223153  -0.0010196399  -0.0010411576
       -0.0337285412   0.0427285392  -0.0799758248   0.0029743406  -0.0054027294
        0.0205154610   0.0349273826  -0.0360774665   0.0578697039   0.0000201802
        0.0000702928  -0.0000703508  -0.0001747559  -0.0000884991   0.0000148170
        0.0001138903   0.0000158630  -0.0000008009  -0.0000130028  -0.0000157386
       -0.0000286080   0.0000202188  -0.0000448200   0.0001447007   0.0000467199
        0.0000449087  -0.0000903740  -0.0000026702   0.0000030311   0.0000056987
        0.0000034587  -0.0000021086  -0.0000027498  -0.0000033964   0.0000007773
       -0.0000001567   0.0000520656   0.0000738082  -0.0000277077  -0.0000349700
       -0.0000105357   0.0000037087   0.0000068847   0.0000092414   0.0000012002
        0.0000084877   0.0000058141  -0.0000082830   0.0000023676  -0.0000033494
        0.0000019861
       -0.0015949454  -0.0004406091   0.0003962817   0.0015923659   0.0003100917
        0.0002465141  -0.0001664361  -0.0002470957  -0.0001757827   0.0001265793
       -0.0000445452  -0.0000082245  -0.0000378911  -0.0000004872  -0.0000168327
        0.0001202620   0.0000772474   0.0000983692  -0.0003700157   0.0000508006
        0.0001356927  -0.0000019569   0.0000092139   0.0000006020  -0.0000471247
        0.0000355716  -0.0000402034  -0.0014117322   0.0016699810  -0.0001925337
        0.0000496085   0.0000262875  -0.0002573500  -0.0008161461   0.0004112116
        0.0006270352   0.0000177257  -0.0001576744  -0.0001111804  -0.0000645887
       -0.0000804163   0.0000444341  -0.0000319394   0.0000051672  -0.0000169886
        0.0010987166  -0.0031844663  -0.0013317131   0.0010932272   0.0014183310
        0.0010486361   0.0015977315  -0.0015689941  -0.0001128314   0.0001498518
       -0.0000963335   0.0000440332  -0.0000356187   0.0000435761  -0.0000330884
       -0.0000335300  -0.0000180591  -0.0000287858  -0.0000362804   0.0000012927
        0.0000125414  -0.0000109431   0.0000055290  -0.0000033630  -0.0000061622
       -0.0000075786   0.0000022790  -0.0000107556  -0.0000077582  -0.0000003836
       -0.0000061008  -0.0000006265  -0.0000091475   0.0000101483   0.0000267628
       -0.0000142763  -0.0000276953   0.0000132491   0.0000026001   0.0004602611
       -0.0005246980  -0.0003286485   0.0000559432  -0.0000656450  -0.0001301781
       -0.0003526534  -0.0008176295   0.0000822061  -0.0000244289   0.0000028393
       -0.0000159699   0.0000999774   0.0000148639   0.0000046878  -0.0000087635
        0.0000132323  -0.0000081581   0.0000275391  -0.0000090254  -0.0000027142
        0.0000127607   0.0000222357  -0.0000003160   0.0000034455   0.0000017980
        0.0000062041   0.0000225595   0.0000057307   0.0000115575  -0.0013437308
       -0.0020385890   0.0004950317  -0.0009343290  -0.0002714902  -0.0015415349
        0.0384976723  -0.0696558098   0.1400785496  -0.0016581017   0.0056463512
       -0.0216524805  -0.0360774665   0.0694979543  -0.1173154185   0.0000867085
       -0.0001454441   0.0000938500  -0.0000311580   0.0000958750  -0.0000275225
        0.0000360561  -0.0000652209   0.0000272326   0.0000056981  -0.0000124095
        0.0000003668  -0.0001823928   0.0003518886  -0.0000032022   0.0001672967
       -0.0002344586  -0.0001119217  -0.0000053882   0.0000063911   0.0000037314
        0.0000046485  -0.0000004318  -0.0000018282  -0.0000008414   0.0000001722
        0.0000108690  -0.0000018106  -0.0000653465   0.0000150282  -0.0000019963
       -0.0000019013   0.0000041118  -0.0000035140  -0.0000033476  -0.0000005692
       -0.0000025925  -0.0000006791   0.0000013242   0.0000022465   0.0000031252
       -0.0000006219
       -0.0011325304   0.0015916666  -0.0015235444   0.0009799892   0.0001150207
        0.0001955746  -0.0003001654   0.0002298448   0.0000409094  -0.0000370921
       -0.0000367849  -0.0000143774  -0.0000138032   0.0000498738  -0.0000308030
        0.0001279795  -0.0000091364   0.0000004739  -0.0001993512   0.0000272011
       -0.0000105546  -0.0000016246  -0.0000372853  -0.0000087950  -0.0000150112
       -0.0000391812   0.0000714407   0.0169556285  -0.0014251076  -0.0055149635
       -0.0030368590  -0.0036111535  -0.0017408039   0.0007774489   0.0020018055
        0.0020973690  -0.0004210978  -0.0007436828  -0.0000433241  -0.0001577529
        0.0003580509  -0.0001754987   0.0000471420  -0.0001188029   0.0001275733
       -0.0102062619   0.0003984495   0.0111032669   0.0002986211   0.0000808400
       -0.0024268584  -0.0001261760  -0.0001499717   0.0011876719  -0.0000563666
       -0.0001603034   0.0000619218  -0.0002018007  -0.0000412396  -0.0000272190
       -0.0000212289  -0.0000399973  -0.0000178456  -0.0000123111  -0.0000074833
        0.0000045009   0.0000072929  -0.0000204916  -0.0000264684  -0.0000004894
        0.0000113685   0.0000025132  -0.0000148107  -0.0000018331  -0.0000174291
        0.0000057425   0.0000029806   0.0000135570   0.0000360951  -0.0000100397
       -0.0000134009   0.0000547859   0.0000048667   0.0000093188  -0.0016077542
        0.0014125642   0.0003638105  -0.0002233652  -0.0001230667  -0.0000008105
        0.0003424028   0.0002181780   0.0002209414  -0.0001914784  -0.0000059240
       -0.0001631773  -0.0000396970   0.0000065628  -0.0000726134   0.0000122882
       -0.0000345198   0.0000027928   0.0000287154  -0.0000361143   0.0000015625
       -0.0000704382  -0.0000744969  -0.0000154009  -0.0000105535  -0.0000086637
       -0.0000523564  -0.0000149984   0.0000055489  -0.0000082390   0.0004683051
        0.0012293396   0.0018796759  -0.0011309868  -0.0017937530   0.0009322390
       -0.0507856458   0.1067255464  -0.3729999072  -0.0078480090   0.0113954454
       -0.0177255855   0.0578697039  -0.1173154185   0.3843491480  -0.0001657839
        0.0000967731  -0.0000869037   0.0002689633   0.0000082842   0.0000374866
       -0.0001895961   0.0000490061  -0.0000623659  -0.0000051305   0.0000164445
       -0.0000172544   0.0002702957  -0.0002874861  -0.0000030118  -0.0002764030
        0.0001352416   0.0001218925   0.0000076499  -0.0000210101  -0.0000133056
       -0.0000094556   0.0000058933   0.0000014290   0.0000079681   0.0000034740
       -0.0000170190  -0.0000693897  -0.0000318462  -0.0000037461   0.0000461628
        0.0000192805   0.0000011612  -0.0000061024  -0.0000108111  -0.0000011831
       -0.0000070982  -0.0000057706   0.0000069769  -0.0000065619   0.0000018239
       -0.0000004415
        0.0006961865  -0.0003498830   0.0003844531  -0.0007160315   0.0001027464
       -0.0000090559   0.0000079085  -0.0000849330   0.0000093242   0.0003342804
       -0.0000135340  -0.0000539932  -0.0012010919  -0.0008853594   0.0014058406
       -0.0005353212  -0.0007548270   0.0006080108   0.0005048292  -0.0000971101
        0.0000181322   0.0004410649   0.0021938141  -0.0059901091  -0.0604127856
        0.0004148827  -0.0528295751   0.0005468971   0.0006604869  -0.0002473747
       -0.0000990373  -0.0003443406  -0.0002487206   0.0001735069   0.0001830099
        0.0000896152   0.0000261897  -0.0001255363  -0.0000818779   0.0000306292
       -0.0000064595  -0.0002209974  -0.0000253601  -0.0000925088  -0.0000232625
       -0.0003170387  -0.0002113519   0.0002459874  -0.0000016786  -0.0001050816
        0.0000661727  -0.0000334584   0.0000856455  -0.0000545648  -0.0000162451
        0.0000666129  -0.0000639054   0.0000379174   0.0000225355  -0.0000298424
       -0.0000136223   0.0000308787  -0.0000063751   0.0000162409  -0.0000944736
       -0.0000263894   0.0000566779   0.0000418866   0.0000218462   0.0002310294
       -0.0006134088  -0.0000943917   0.0003568625   0.0006575625  -0.0006948191
        0.0076703898   0.0019671185   0.0123553246  -0.0282668355   0.0755589953
        0.0096956315  -0.0016543616   0.0004473676  -0.0006050432  -0.0000403389
       -0.0000429267  -0.0000043683  -0.0000799329   0.0000693635   0.0000570596
       -0.0000455173   0.0000319014   0.0000365423  -0.0000357578   0.0000153420
        0.0000808158   0.0000220096   0.0001882976  -0.0002293564   0.0002359484
       -0.0001017135   0.0000814944  -0.0000613716   0.0000367976   0.0000396670
       -0.0000047176   0.0000127147  -0.0000218019   0.0000105765   0.0000379322
        0.0001023318  -0.0000245661  -0.0001819915  -0.0002143114  -0.0000005385
        0.0000450400  -0.0000290462   0.0000324801   0.0000909848  -0.0000549317
        0.0000167315  -0.0001332591   0.0001575880   0.0000149887   0.0000303791
       -0.0000544641   0.0000201802   0.0000867085  -0.0001657839   0.2172537596
       -0.2135724847   0.1718625116  -0.0112672152  -0.0050829230  -0.0318761300
       -0.0058905591  -0.0000275992   0.0027223108  -0.0061041598   0.0082387862
       -0.0203807555  -0.1107183101   0.0888408004  -0.0847392511  -0.0011404186
        0.0428055352  -0.0000909960   0.0005400550   0.0011068719   0.0007081993
       -0.0001624288   0.0003303104  -0.0012807790  -0.0003284203  -0.0003958146
       -0.0027932227  -0.0000407260  -0.0014737329   0.0009208585   0.0003303750
        0.0005245996   0.0014439680   0.0000505543  -0.0000777470  -0.0000854748
       -0.0004597500  -0.0002051103   0.0002163392   0.0000393272   0.0001482017
       -0.0000290542
       -0.0017396825   0.0006394388  -0.0007367795   0.0017861880   0.0003575342
        0.0003695875  -0.0007164166  -0.0003361623  -0.0002507888   0.0007777309
       -0.0001759083  -0.0005223597   0.0005507373   0.0009521384   0.0007130461
       -0.0003488696  -0.0010141273   0.0009303075   0.0000544960   0.0000449954
        0.0003499555   0.0091482846   0.0037576139   0.0257670248   0.0016283341
       -0.0832767617  -0.0383145041  -0.0001542960  -0.0012381481   0.0002945151
        0.0003764243   0.0005891151   0.0003170065  -0.0005453762  -0.0006150971
       -0.0003881043   0.0002496473   0.0003031844   0.0000318671  -0.0000553545
       -0.0002936113   0.0004078373  -0.0001016136   0.0002282040  -0.0000124438
       -0.0001530256   0.0004295271  -0.0000960476  -0.0002404758   0.0000597117
       -0.0000363479   0.0001383213  -0.0001435450   0.0000295752   0.0000891321
       -0.0000896817   0.0000975390  -0.0000649575  -0.0000010701   0.0000587192
       -0.0000153556   0.0000517582   0.0000766511  -0.0005389265   0.0000448928
        0.0004413193  -0.0000988133  -0.0000428750  -0.0000780544  -0.0003298418
        0.0013862640   0.0001549266  -0.0001273618  -0.0041081386   0.0040148938
       -0.0066139954  -0.0065143548  -0.0227826710   0.0743177721  -0.3392745788
       -0.1376835602   0.0026962408  -0.0000863915   0.0008833869   0.0000393631
        0.0000937850   0.0000118736   0.0000439310  -0.0001010957   0.0000442040
        0.0000732923  -0.0000083751   0.0000209874   0.0000667698  -0.0000247599
       -0.0000908008  -0.0002260070  -0.0002494453   0.0004291230  -0.0004672434
        0.0002396387  -0.0000849552   0.0001213218  -0.0000000809  -0.0000670304
        0.0000605458   0.0000459862   0.0000391508   0.0000047390  -0.0000574984
       -0.0001421274   0.0000915315   0.0002732768   0.0003719158   0.0000981406
       -0.0000338406  -0.0000025546   0.0000820659  -0.0000773668   0.0000530170
       -0.0002147074   0.0002206469  -0.0000166304   0.0000170107  -0.0000456309
        0.0000248050   0.0000702928  -0.0001454441   0.0000967731  -0.2135724847
        0.6989940990   0.0878385384  -0.0068977708  -0.0062474873  -0.0089625082
       -0.0004297106   0.0016501868   0.0000482328   0.0012171661   0.0068758893
        0.0043469126   0.0954695820  -0.1808807613   0.0749462406   0.0444883280
       -0.0955993284   0.0084111886   0.0007697728   0.0002627135   0.0002887428
       -0.0000694519  -0.0002166243   0.0002404899  -0.0004535488   0.0001955548
       -0.0013178857  -0.0004677434   0.0026231935  -0.0007825378   0.0000283577
        0.0005607023   0.0002134269   0.0001637127   0.0001213343   0.0000089686
        0.0000352137   0.0000089169  -0.0000460470  -0.0001114156  -0.0001121112
        0.0000419892
        0.0013345553  -0.0004285906   0.0005756009  -0.0014273300  -0.0000812867
       -0.0001110571   0.0002018349   0.0000873659   0.0000912609  -0.0001314153
        0.0001362415   0.0001626403  -0.0020064674  -0.0007731539  -0.0004173307
       -0.0001065065  -0.0000237971  -0.0002558594   0.0005239326  -0.0000707975
       -0.0001431122  -0.0071830932   0.0048482938  -0.0304012265  -0.0400717669
       -0.0314969340  -0.1784227468  -0.0001043161   0.0007412378  -0.0003056443
       -0.0000143567  -0.0002477736  -0.0001075023   0.0001256255   0.0001681975
        0.0000863631  -0.0001337299  -0.0000605148  -0.0000035752   0.0000029954
        0.0001440985  -0.0002589511  -0.0000103167  -0.0000753708   0.0000002734
        0.0002118640  -0.0002900235   0.0000929018   0.0001908740  -0.0000244341
        0.0000527246  -0.0001133393   0.0001121754  -0.0000358634  -0.0000577128
        0.0000757570  -0.0001006179   0.0000599429  -0.0000009619  -0.0000231593
        0.0000042070  -0.0000161625   0.0000017391   0.0000680690   0.0000444802
       -0.0001229953   0.0001162849   0.0000542327   0.0000848902   0.0005059991
       -0.0011479492   0.0014091887   0.0000497076   0.0047978140  -0.0029663049
       -0.0051174496  -0.0095637275  -0.0231552496   0.0068041092  -0.1367839422
       -0.1025391951  -0.0017602068   0.0001792620  -0.0009394754  -0.0000266460
       -0.0000228621   0.0000287815  -0.0000774596   0.0000851524  -0.0000193960
       -0.0000227277   0.0000382902   0.0000040754  -0.0000234355   0.0000117931
        0.0000753129   0.0000178754   0.0000558365  -0.0002742883   0.0001695331
       -0.0001036958   0.0000941150  -0.0000285553  -0.0000155861   0.0000395984
       -0.0000221200  -0.0000331582  -0.0000124473   0.0000059033   0.0000363106
        0.0000812263   0.0000092765  -0.0000912859  -0.0001777221  -0.0000818616
        0.0000145880  -0.0000074078  -0.0000674571   0.0000436789  -0.0000544173
        0.0001841478  -0.0001315481   0.0000283148  -0.0000279915   0.0000241076
       -0.0000213298  -0.0000703508   0.0000938500  -0.0000869037   0.1718625116
        0.0878385384   0.5163011872  -0.0116239201  -0.0025572589  -0.0111199529
       -0.0042132690  -0.0005465039   0.0009947838  -0.0251629905   0.0173692023
       -0.0310582845  -0.0814449712   0.0671971497  -0.1553133957   0.0030737361
        0.0020131961   0.0208483439  -0.0004096704   0.0009278417  -0.0002273377
       -0.0005278787   0.0010300178   0.0009588278  -0.0029385111  -0.0013640378
       -0.0059090878  -0.0000378982  -0.0017395162   0.0018644317  -0.0001562004
       -0.0003388570   0.0006311377  -0.0000754536  -0.0000935066  -0.0000433621
       -0.0003047024  -0.0001404277   0.0001716928   0.0000590923   0.0000949546
       -0.0000442131
        0.0013229525  -0.0000074572   0.0002880279  -0.0013819378  -0.0001981434
       -0.0001018643   0.0001596113   0.0001737035   0.0002253228  -0.0002258845
        0.0001710460   0.0001467172  -0.0003928602   0.0004249219  -0.0004789524
       -0.0002124892  -0.0002358648  -0.0002295025   0.0004771853  -0.0001397081
       -0.0001590631  -0.0012539107  -0.0062792671   0.0034612549  -0.1260927059
       -0.0300673282   0.0148944541  -0.0013571947  -0.0000096009   0.0001278785
        0.0002277894   0.0002973772   0.0002875761  -0.0001636407  -0.0001712664
       -0.0000960172  -0.0002772811   0.0002268231   0.0001517646   0.0000035863
        0.0001753272   0.0000099168  -0.0000850668   0.0001020493   0.0000767957
        0.0011013047  -0.0000681165  -0.0004720105   0.0003900394   0.0002138429
       -0.0001012808  -0.0001581026   0.0000520537   0.0000585331  -0.0000814286
        0.0000030514  -0.0000496907   0.0000416752  -0.0000238855  -0.0000040937
        0.0000253481  -0.0000192103  -0.0000253125  -0.0000122285   0.0000869476
        0.0000629219   0.0000807663   0.0000439322   0.0000828926   0.0007174943
        0.0021180634   0.0001247615   0.0009819480   0.0005085693  -0.0012952828
       -0.0172071032  -0.0031712260   0.0015711931   0.0014014940  -0.0001237434
        0.0009824897   0.0007738213   0.0238225220  -0.0076707512   0.0000436441
        0.0000228009   0.0000401720   0.0000495860  -0.0000408612  -0.0000745941
        0.0000709126   0.0000096662  -0.0000524794   0.0000403063  -0.0000181575
       -0.0000359936   0.0001274374  -0.0001671538   0.0000716290  -0.0001125637
        0.0000222737  -0.0000206808   0.0000934698  -0.0000983979  -0.0000069585
       -0.0000187672  -0.0000853734   0.0000301537   0.0000024081  -0.0000243806
       -0.0000787281   0.0000979699   0.0000617392   0.0000910105  -0.0001600600
       -0.0000871854   0.0000758126  -0.0002177913  -0.0001413334   0.0000482623
        0.0003091598   0.0000635595  -0.0003783734  -0.0000847654  -0.0000327598
        0.0001074781  -0.0001747559  -0.0000311580   0.0002689633  -0.0112672152
       -0.0068977708  -0.0116239201   0.7379617384  -0.1713675691   0.1335879774
       -0.4783052066   0.2416901709  -0.1455616033   0.0004174646   0.0000750032
        0.0009947455  -0.0031502163   0.0061798747  -0.0029235131   0.0013045853
       -0.0057654237   0.0003270274   0.0001336473   0.0000303447   0.0001115521
       -0.0000138356   0.0000545380   0.0002323694   0.0000956220   0.0000256402
        0.0001808842  -0.0971209391  -0.0169609821  -0.0014203741  -0.0025523586
       -0.0277026941   0.0116655612  -0.0030327292  -0.0021638159   0.0003452504
       -0.0030227585  -0.0017894652   0.0011171396  -0.0003171704  -0.0027665424
        0.0010125512
        0.0012688016  -0.0004339218   0.0005416745  -0.0013409105  -0.0001692320
       -0.0002194646   0.0002625561   0.0003037919   0.0000066054  -0.0003174054
        0.0001482098   0.0001979013  -0.0015509284  -0.0038733048   0.0024387137
       -0.0001410661  -0.0000547329  -0.0002281154   0.0001481918   0.0001024726
       -0.0002182899  -0.0216350322  -0.0121299030   0.0054221659  -0.0268220226
       -0.0758771597   0.0035295005  -0.0002466113   0.0007691453  -0.0001368729
       -0.0002252461  -0.0003122437  -0.0001636819   0.0003515161   0.0003581762
        0.0002953657  -0.0002785264  -0.0002180830   0.0000317357   0.0001330574
        0.0004862309  -0.0001354528   0.0003592578  -0.0002127688   0.0000079298
        0.0003840729  -0.0002976457  -0.0000622311   0.0002586811  -0.0000112569
        0.0000035679  -0.0001310349   0.0001027681  -0.0000091062  -0.0000804558
        0.0000585216  -0.0000662171   0.0000622516   0.0000006847  -0.0000380307
        0.0000266726  -0.0000670034   0.0000518754   0.0000861555  -0.0001129722
       -0.0000006579   0.0000862379   0.0000471941   0.0000561776  -0.0008185830
       -0.0003089825  -0.0004245512  -0.0006205363   0.0001630534   0.0003128028
        0.0177018723   0.0058446504  -0.0027719030  -0.0004189543   0.0001529351
       -0.0002890241   0.0048330672  -0.0108515926  -0.0002745108  -0.0000083304
       -0.0000558147  -0.0000024969  -0.0000010332   0.0000117077  -0.0000386901
       -0.0000159249   0.0000179250  -0.0000432527  -0.0000175206   0.0000253594
       -0.0000041132  -0.0000122765   0.0000076083  -0.0000734104  -0.0000302120
       -0.0000584130   0.0000214056  -0.0000858636  -0.0000952741   0.0000168331
       -0.0000642067  -0.0001263293  -0.0000002101  -0.0000531733   0.0000162044
       -0.0000105471  -0.0002028437   0.0001508334  -0.0000339518  -0.0001081261
        0.0000171230   0.0000157136  -0.0001113772   0.0000264222  -0.0000200903
        0.0002250758  -0.0001587623  -0.0000735730  -0.0000316223   0.0000395929
        0.0000062827  -0.0000884991   0.0000958750   0.0000082842  -0.0050829230
       -0.0062474873  -0.0025572589  -0.1713675691   0.6251900569  -0.2081931916
        0.2371100636  -0.2282505055   0.0953124532   0.0005822489  -0.0005234686
        0.0000493955  -0.0033858449   0.0136073931   0.0007121639  -0.0028610356
       -0.0095446712  -0.0027748092  -0.0000109617  -0.0000030778   0.0000405710
        0.0000192995   0.0000266734  -0.0000680254   0.0001588223   0.0000406702
        0.0001945465  -0.0176089950  -0.2818156108   0.1075615635  -0.0141833575
       -0.0194106822   0.0036971635   0.0003717309   0.0005478047   0.0011968118
        0.0031769520   0.0011196867  -0.0026594557   0.0023524247   0.0017421293
       -0.0001380183
       -0.0001724871   0.0001148628  -0.0001306841   0.0001730871   0.0000658600
        0.0000920978  -0.0000384173  -0.0001291358   0.0000618735   0.0000618469
        0.0001483566   0.0000175248   0.0007624101   0.0030852758  -0.0010976622
        0.0000890740   0.0000275791  -0.0001217392   0.0001115368  -0.0001107365
        0.0001065480   0.0124047175   0.0067598774  -0.0014511728   0.0147270443
        0.0017006930  -0.0609275715  -0.0000219294  -0.0001943313   0.0000645492
        0.0000636778   0.0000936443   0.0000539734  -0.0000973697  -0.0000930086
       -0.0000785707   0.0000660938   0.0000729620   0.0000174595  -0.0000337251
       -0.0001248492   0.0000509310  -0.0001173919   0.0000718785   0.0000299147
       -0.0000256876   0.0000762038  -0.0000383575  -0.0000415030   0.0000182983
       -0.0000214164   0.0000241056  -0.0000149012   0.0000111141   0.0000121231
       -0.0000129422   0.0000123424  -0.0000153652  -0.0000052342   0.0000034734
       -0.0000345117  -0.0000355303  -0.0000748292  -0.0000279014   0.0000323742
       -0.0000300955  -0.0000054121  -0.0000238671  -0.0000033383   0.0001271270
        0.0000215906   0.0003840360   0.0007151495   0.0003406889  -0.0004451428
        0.0111297921   0.0037171771  -0.0000344924  -0.0011564365  -0.0005377806
       -0.0003437959  -0.0009836007   0.0054157958  -0.0087850300   0.0000055828
        0.0000123123   0.0000000536   0.0000065865  -0.0000084994   0.0000047816
        0.0000125995  -0.0000056305   0.0000082039   0.0000074364  -0.0000083394
       -0.0000176590  -0.0000045400  -0.0000271372   0.0000169081  -0.0000105224
        0.0000162239  -0.0000180670   0.0000293665   0.0000194110  -0.0000047624
        0.0000130730   0.0000408036  -0.0000000946   0.0000179004  -0.0000147173
       -0.0000254386   0.0000503876  -0.0000266957   0.0000332525   0.0000203014
       -0.0000100522   0.0000091648   0.0000142961  -0.0000179524   0.0000160837
       -0.0000520174   0.0000424234  -0.0000374196   0.0000095817  -0.0000126145
        0.0000172283   0.0000148170  -0.0000275225   0.0000374866  -0.0318761300
       -0.0089625082  -0.0111199529   0.1335879774  -0.2081931916   0.2798570717
       -0.1448982102   0.0961917397  -0.1156267080   0.0004010940   0.0006360002
       -0.0007789216   0.0002146826  -0.0075623567  -0.0006827397   0.0011023637
        0.0040839361   0.0015618584   0.0000634875   0.0001116295   0.0001016026
       -0.0000294755  -0.0000857025  -0.0001571275  -0.0000596549  -0.0000138102
       -0.0001472595   0.0005655716   0.1006708164  -0.0765020414   0.0061710757
        0.0051459341  -0.0041666291  -0.0024358814  -0.0025981289  -0.0004984178
        0.0005414906   0.0007772638  -0.0001487383  -0.0011792872  -0.0006544363
        0.0009463416
       -0.0007104959  -0.0000468164  -0.0001172010   0.0007589074   0.0001035791
        0.0000202090  -0.0000607749  -0.0001128960  -0.0000753032   0.0000631940
       -0.0002291658  -0.0000635347   0.0007136954   0.0001982308  -0.0000236274
        0.0001348418   0.0001214144   0.0002246824  -0.0002963437   0.0000293289
        0.0001206782   0.0001141373   0.0018728433  -0.0012406445  -0.0523248655
        0.0204336351  -0.0117452880   0.0009243072   0.0001262023  -0.0001136525
       -0.0001979513  -0.0002615706  -0.0002276965   0.0001760123   0.0001757322
        0.0001157635   0.0000886971  -0.0001737700  -0.0000831697   0.0000353074
       -0.0000334498  -0.0000338141   0.0001294226  -0.0001107628  -0.0000507462
       -0.0007220966   0.0000003330   0.0003237166  -0.0002445882  -0.0001552753
        0.0000720660   0.0000941813  -0.0000185726  -0.0000444148   0.0000485788
        0.0000093223   0.0000233360  -0.0000276327   0.0000177901  -0.0000028026
       -0.0000074567   0.0000402049  -0.0000179319   0.0000108456  -0.0000138013
       -0.0000468046  -0.0000532231  -0.0000186310  -0.0000551174  -0.0006686177
       -0.0008800378  -0.0000060142  -0.0005093957  -0.0002292954   0.0002972523
       -0.0065379606  -0.0018518646   0.0007978160  -0.0007242424   0.0001207443
       -0.0001856575   0.0029867311   0.0002325581  -0.0011841173  -0.0000320899
       -0.0000248747  -0.0000275820  -0.0000330405   0.0000296388   0.0000445022
       -0.0000522681  -0.0000031395   0.0000286632  -0.0000249666   0.0000139979
        0.0000247060  -0.0000282943   0.0001152547  -0.0000518394   0.0000760678
       -0.0000282530   0.0000183559  -0.0000836609   0.0000480854   0.0000069499
        0.0000003528   0.0000337823  -0.0000207690  -0.0000110525   0.0000190568
        0.0000547670  -0.0000886946  -0.0000373564  -0.0000687460   0.0001007108
        0.0000643833  -0.0000514857   0.0001399795   0.0001040534  -0.0000375070
       -0.0001926572  -0.0000698525   0.0002569146   0.0000580799   0.0000294940
       -0.0000759165   0.0001138903   0.0000360561  -0.0001895961  -0.0058905591
       -0.0004297106  -0.0042132690  -0.4783052066   0.2371100636  -0.1448982102
        0.5477147071  -0.2966226286   0.1795157310  -0.0000003539  -0.0001124837
       -0.0009163954   0.0017183558  -0.0032554118   0.0016878974  -0.0017467413
        0.0020622612   0.0000291258  -0.0000881807  -0.0000106237  -0.0000419908
       -0.0000025617  -0.0000307548  -0.0002072441  -0.0000239491  -0.0000023024
       -0.0000903864  -0.0099967297   0.0415061592  -0.0169553657  -0.0003577573
       -0.0010258079  -0.0002762659   0.0013598279   0.0005725418   0.0003550528
        0.0016839772   0.0004246403  -0.0006901484   0.0007996009   0.0001377216
        0.0001120698
       -0.0005364138   0.0002590186  -0.0002698187   0.0005724317   0.0000519698
        0.0001137250  -0.0002193393  -0.0000835200  -0.0000185124  -0.0000073016
       -0.0001068357  -0.0000870002   0.0004717929   0.0009445028  -0.0004699334
       -0.0000519263  -0.0000239073   0.0000473925  -0.0000764452  -0.0000126202
        0.0000358316  -0.0007333808  -0.0005237513  -0.0001664746   0.0003935292
        0.0097908627   0.0024858276  -0.0001424991  -0.0004738145   0.0001069440
        0.0001683823   0.0002467367   0.0001582614  -0.0002226927  -0.0002501670
       -0.0001805749   0.0000830189   0.0001719832   0.0000170834  -0.0000581290
       -0.0001876838   0.0000713691  -0.0001653201   0.0001133703   0.0000008864
        0.0000044262   0.0001652338  -0.0000581942  -0.0000738317   0.0000526000
       -0.0000218195   0.0000461796  -0.0000590459   0.0000195920   0.0000314738
       -0.0000402976   0.0000362003  -0.0000392089  -0.0000012590   0.0000179506
        0.0000011731  -0.0000026718   0.0000138181  -0.0000309598   0.0000538234
        0.0000506547  -0.0000410367  -0.0000187656  -0.0000158620  -0.0002114790
        0.0008076619   0.0002495843   0.0001766509  -0.0000561592  -0.0006604285
       -0.0018911751   0.0000645651   0.0002457422   0.0006036664  -0.0002065910
        0.0003829115  -0.0029369652  -0.0052339967   0.0048207829   0.0000157078
        0.0000388495   0.0000094987   0.0000136442  -0.0000199043   0.0000045736
        0.0000272282  -0.0000052622   0.0000095507   0.0000201799  -0.0000182010
       -0.0000040918   0.0000045134  -0.0000531090   0.0000507698  -0.0000150132
        0.0000348618  -0.0000148971   0.0000580513   0.0000202956  -0.0000077455
        0.0000274523   0.0000413810   0.0000072093   0.0000200792  -0.0000094667
       -0.0000084874   0.0000908833  -0.0000339350   0.0000337152   0.0000306282
       -0.0000291456   0.0000045274   0.0000198422  -0.0000465219   0.0000219684
       -0.0000639554   0.0001094248  -0.0000292690   0.0000008574  -0.0000298025
        0.0000158576   0.0000158630  -0.0000652209   0.0000490061  -0.0000275992
        0.0016501868  -0.0005465039   0.2416901709  -0.2282505055   0.0961917397
       -0.2966226286   0.2836433027  -0.1387088097  -0.0001476587   0.0001859351
        0.0002606291   0.0006523712  -0.0032922330  -0.0006539532   0.0016318002
        0.0024375278   0.0009170280   0.0000446564   0.0000145217   0.0000109554
       -0.0000091208  -0.0000063758   0.0000952889  -0.0000412213  -0.0000088145
       -0.0000235916   0.0557494222  -0.0591345575   0.0347858210   0.0032284917
        0.0000869086  -0.0002271683  -0.0004523182  -0.0003626946  -0.0002446308
       -0.0006123304  -0.0002400951   0.0006156419  -0.0004646180  -0.0020985918
        0.0004594279
        0.0001474835  -0.0000999764   0.0001222191  -0.0001579450  -0.0000225100
       -0.0000673553   0.0000252592   0.0000155938   0.0000105989   0.0000461940
       -0.0000369957  -0.0000279221  -0.0002155877  -0.0006271044   0.0002383427
        0.0000650516  -0.0000193864  -0.0000346976   0.0000649938   0.0000461288
        0.0000061519   0.0003407828   0.0001610340  -0.0003414672  -0.0098704664
        0.0053384236   0.0122054933   0.0001079227   0.0001749373  -0.0000809988
       -0.0000441801  -0.0000888603  -0.0000558008   0.0000620812   0.0000615697
        0.0000393965   0.0000038236  -0.0000654767  -0.0000326241   0.0000158344
        0.0000526069  -0.0000470142   0.0000641390  -0.0000487328  -0.0000290767
       -0.0000550101  -0.0000641053   0.0000746270   0.0000093083  -0.0000290099
        0.0000329107  -0.0000137261   0.0000192850  -0.0000203306  -0.0000030285
        0.0000183402  -0.0000193922   0.0000097388   0.0000081589  -0.0000013680
       -0.0000011211   0.0000485988   0.0000399292  -0.0000259441   0.0000173411
        0.0000329926   0.0000158246   0.0000184880   0.0000117287   0.0001947925
       -0.0002359251  -0.0003439752  -0.0003986994  -0.0001444544   0.0006400748
       -0.0020773906  -0.0008828522   0.0001657621   0.0004733366   0.0002094726
       -0.0000605143   0.0006039127   0.0048727235   0.0045398403  -0.0000104110
       -0.0000089961   0.0000016277  -0.0000140654   0.0000172856   0.0000073160
       -0.0000178267   0.0000051726   0.0000036216  -0.0000105766   0.0000086032
        0.0000216826  -0.0000140256   0.0000439039  -0.0000313208   0.0000298656
       -0.0000156855   0.0000199555  -0.0000258379   0.0000007713   0.0000040157
       -0.0000070396  -0.0000149126  -0.0000036400  -0.0000081367   0.0000131711
        0.0000316064  -0.0000356846  -0.0000041151  -0.0000387621  -0.0000074380
        0.0000132937  -0.0000160956   0.0000043426   0.0000256828  -0.0000221065
        0.0000221528  -0.0000397813   0.0000704349  -0.0000041806   0.0000120254
       -0.0000253024  -0.0000008009   0.0000272326  -0.0000623659   0.0027223108
        0.0000482328   0.0009947838  -0.1455616033   0.0953124532  -0.1156267080
        0.1795157310  -0.1387088097   0.1029139812   0.0000177824  -0.0001629381
       -0.0000305404   0.0005093498   0.0009710844   0.0004377249  -0.0008993281
       -0.0004711145  -0.0002224503  -0.0000265867  -0.0000335769  -0.0000271396
        0.0000070601   0.0000178996  -0.0000038805   0.0000193215   0.0000082990
        0.0000209722  -0.0255138381   0.0344924488  -0.0022231487  -0.0011964451
       -0.0011952595  -0.0021307991   0.0000972005   0.0002431017   0.0001298400
        0.0006737539   0.0000934465  -0.0002405992   0.0003475731   0.0006037685
       -0.0009502341
        0.0001681692  -0.0000359147   0.0000659133  -0.0001743066  -0.0000188633
       -0.0000296629   0.0000355972   0.0000210728   0.0000203150  -0.0000249724
        0.0000163445   0.0000227984  -0.0001498702  -0.0000950993   0.0000260971
       -0.0000358730  -0.0000417772  -0.0000338140   0.0000549189  -0.0000118666
       -0.0000124731  -0.0003167875  -0.0002299997  -0.0010883956   0.0025786383
        0.0032307973  -0.0017502206  -0.0000797218   0.0000523419  -0.0000337245
        0.0000635354   0.0000055285   0.0000104320  -0.0000444508  -0.0000422935
       -0.0000355814   0.0000153312   0.0000302272  -0.0000130111  -0.0000118538
       -0.0000022974  -0.0000116943  -0.0000225831  -0.0000029595  -0.0000108335
        0.0000632993  -0.0000271096  -0.0000038259   0.0000302714   0.0000064601
        0.0000067849  -0.0000154408   0.0000118312  -0.0000039122  -0.0000073746
        0.0000083405  -0.0000144169   0.0000072241   0.0000000849  -0.0000020730
        0.0000036909   0.0000035252   0.0000019723  -0.0000013559   0.0000116935
        0.0000000076   0.0000122728   0.0000102540   0.0000104720   0.0000268247
       -0.0000251371   0.0000401019   0.0000196529   0.0002700706  -0.0002106959
       -0.0001095639   0.0000911542  -0.0001369169  -0.0005533015  -0.0011903012
        0.0003940722  -0.0003357468   0.0000529037  -0.0001081007   0.0000008746
        0.0000049590   0.0000066014  -0.0000681346   0.0000352804   0.0000566439
        0.0000045346   0.0000118408   0.0000040061   0.0000053533  -0.0000008009
        0.0000030931  -0.0000521779  -0.0000222611   0.0000341941  -0.0000130959
        0.0000046014   0.0000090118   0.0000068782  -0.0000039020   0.0000035569
        0.0000049211  -0.0000058954   0.0000024735   0.0000040918  -0.0000003332
       -0.0000018893   0.0000507091  -0.0000032350  -0.0000171911  -0.0000130776
       -0.0000027308  -0.0000009097  -0.0000131157  -0.0000016105  -0.0000073917
        0.0000293177  -0.0000056875  -0.0000032025  -0.0000068309  -0.0000002476
       -0.0000006397  -0.0000130028   0.0000056981  -0.0000051305  -0.0061041598
        0.0012171661  -0.0251629905   0.0004174646   0.0005822489   0.0004010940
       -0.0000003539  -0.0001476587   0.0000177824   0.5158451527  -0.0268378653
       -0.0139859355  -0.0847907644  -0.0121436923  -0.0380436394   0.0159043565
        0.0022582030  -0.0006611809  -0.1401585837  -0.1243462968   0.0171177815
       -0.1943366504   0.0597996386   0.1181353676  -0.1081055090   0.0978826850
       -0.0551292661   0.0002173902  -0.0003443392   0.0001423768   0.0000105884
       -0.0000163052  -0.0000266889  -0.0000160143  -0.0000139127   0.0000014020
       -0.0000098350  -0.0000067653   0.0000118359   0.0000034493   0.0000022074
       -0.0000007795
        0.0000032320   0.0000383797  -0.0000134427   0.0000002671  -0.0000059487
       -0.0000009436  -0.0000159835   0.0000033448  -0.0000026406   0.0000109445
        0.0000132596  -0.0000086627  -0.0000051624   0.0000125508  -0.0000343153
       -0.0000101726  -0.0000329540  -0.0000067460   0.0000257486  -0.0000007715
       -0.0000041841   0.0001554396  -0.0000468541   0.0002071605   0.0030034907
       -0.0008396702   0.0012191953  -0.0002040314  -0.0001069224  -0.0000101682
        0.0001259610   0.0000998624   0.0000725881  -0.0001155061  -0.0001195806
       -0.0000819641   0.0000261998   0.0000784048   0.0000135037  -0.0000376262
       -0.0000289321   0.0000221402  -0.0000377832   0.0000169336  -0.0000189288
        0.0001241430   0.0000155949  -0.0000283178   0.0000218593   0.0000229077
        0.0000022142  -0.0000058445  -0.0000060247   0.0000028018  -0.0000017816
       -0.0000032256  -0.0000043335  -0.0000006703  -0.0000015297   0.0000045526
        0.0000031508   0.0000012465   0.0000088453  -0.0000092058   0.0000089383
        0.0000094604   0.0000040368   0.0000053519   0.0000050648  -0.0000140238
        0.0000177325   0.0000006126  -0.0000107889  -0.0000558179   0.0000643376
       -0.0000131821  -0.0001149397  -0.0000928459  -0.0006507711   0.0007231647
        0.0005379817   0.0005892894   0.0000024142   0.0001219343   0.0000070721
        0.0000211904   0.0000145872  -0.0000354926   0.0000335654   0.0000703187
        0.0000162425   0.0000077632   0.0000000140   0.0000157979  -0.0000071629
       -0.0000067656  -0.0000788060  -0.0000722874   0.0001021949  -0.0000620394
        0.0000307724  -0.0000058123   0.0000376037  -0.0000082308  -0.0000027170
        0.0000137833  -0.0000081250   0.0000105342   0.0000118140  -0.0000082934
       -0.0000253388   0.0000231122   0.0000980081   0.0000846457  -0.0000098915
       -0.0000109082   0.0000008207  -0.0000156203  -0.0000171621  -0.0000016834
        0.0000222156   0.0000232702  -0.0000190857  -0.0000100638  -0.0000067265
        0.0000051842  -0.0000157386  -0.0000124095   0.0000164445   0.0082387862
        0.0068758893   0.0173692023   0.0000750032  -0.0005234686   0.0006360002
       -0.0001124837   0.0001859351  -0.0001629381  -0.0268378653   0.5480276349
       -0.0267317742  -0.0087923327  -0.0733673833  -0.0210188641  -0.0065611963
       -0.0277233566  -0.0449492203  -0.1228814539  -0.1990349093   0.0263408770
        0.0572141295  -0.0610305191  -0.0389396093   0.0969699057  -0.1934779965
        0.0854170810  -0.0002392047   0.0002704610  -0.0001502446   0.0000567070
        0.0000531042  -0.0000470778   0.0000022955  -0.0000015082   0.0000048573
        0.0000065941  -0.0000038394   0.0000012960  -0.0000201026  -0.0000102223
        0.0000021733
        0.0003080129  -0.0000443997   0.0001429292  -0.0003143610  -0.0000489508
       -0.0000710606   0.0000344520   0.0000288191   0.0000428635  -0.0000241265
        0.0000560848   0.0000437900  -0.0002261673  -0.0000881999   0.0000340341
       -0.0000794170  -0.0000716314  -0.0001046421   0.0001414895  -0.0000334189
       -0.0000114654  -0.0001304049  -0.0001420398  -0.0002839190  -0.0027225277
        0.0007880662   0.0012093634  -0.0002510376  -0.0000445508  -0.0001292949
        0.0002092057   0.0001347226   0.0001109144  -0.0001978660  -0.0002013325
       -0.0001527624   0.0000105627   0.0001241177   0.0000289073  -0.0000228880
       -0.0000439954   0.0000266082  -0.0000664844   0.0000597827  -0.0000044922
        0.0001607130  -0.0000191203   0.0000144107   0.0000496144   0.0000207173
        0.0000264920  -0.0000293753   0.0000199732  -0.0000116390  -0.0000083895
        0.0000209153  -0.0000429464   0.0000144929   0.0000028493   0.0000036332
        0.0000085203   0.0000107939   0.0000173658  -0.0000031884   0.0000113453
       -0.0000017111   0.0000334617   0.0000343908   0.0000322547   0.0000261032
        0.0000279014   0.0000056465   0.0000375288   0.0001290316  -0.0000997769
        0.0001565795  -0.0002018176   0.0003299837   0.0009210355  -0.0008295927
        0.0000144344   0.0006555852   0.0000160714   0.0000443190  -0.0000024148
        0.0000385570   0.0000408991   0.0000286875   0.0000151147  -0.0000218557
        0.0000169980   0.0000273140   0.0000139557   0.0000236119  -0.0000034708
        0.0000089161  -0.0000102875  -0.0000578281   0.0000516740  -0.0000730060
        0.0000487628   0.0000238671   0.0000451126  -0.0000111018  -0.0000059450
        0.0000165773  -0.0000037007   0.0000129669   0.0000115190  -0.0000060915
       -0.0000155860   0.0000305567   0.0000540599   0.0000609193  -0.0000238915
       -0.0000103544  -0.0000062399  -0.0000230367  -0.0000114475  -0.0000211376
        0.0000580045   0.0000074444   0.0000059408  -0.0000173597  -0.0000050984
       -0.0000030989  -0.0000286080   0.0000003668  -0.0000172544  -0.0203807555
        0.0043469126  -0.0310582845   0.0009947455   0.0000493955  -0.0007789216
       -0.0009163954   0.0002606291  -0.0000305404  -0.0139859355  -0.0267317742
        0.4692636003  -0.0346850857  -0.0282906895  -0.1592868024  -0.0077628400
       -0.0266967416  -0.0175588449   0.0206295896   0.0300303928  -0.0424481594
        0.1136181078  -0.0400422104  -0.1269206936  -0.0558009759   0.0872761536
       -0.0926116907  -0.0005552492  -0.0000306917   0.0000683996   0.0002011164
        0.0000862757  -0.0000162332  -0.0000263796  -0.0000361894  -0.0000010769
       -0.0000520507  -0.0000364853   0.0000464154  -0.0000214788   0.0000159636
       -0.0000094294
       -0.0018213080   0.0007729033  -0.0008864587   0.0018943990   0.0001560075
        0.0002839133  -0.0005147220  -0.0001315963  -0.0002337021   0.0003805359
       -0.0001144602  -0.0002851896   0.0011634365   0.0003269099   0.0001640443
        0.0003018698   0.0000513301   0.0001811148  -0.0004414814   0.0001756570
        0.0001356944  -0.0001861115  -0.0005805883   0.0012595878  -0.0095144232
        0.0037679882  -0.0138051493  -0.0007029495  -0.0014924991   0.0004961634
        0.0001371798   0.0006601582   0.0003964410  -0.0003033439  -0.0003444452
       -0.0001450978   0.0001272720   0.0001448497   0.0001645430  -0.0000894539
       -0.0000085920   0.0005111708   0.0001161682   0.0001487194   0.0000372831
        0.0003082171   0.0005066376  -0.0003772781  -0.0001302232   0.0001589405
       -0.0001065611   0.0001177903  -0.0001819682   0.0000834364   0.0000686673
       -0.0001318292   0.0001331813  -0.0000728809  -0.0000171188   0.0000596299
       -0.0000242466  -0.0000169788   0.0000504050  -0.0002029456   0.0001733760
        0.0002033206  -0.0001165898  -0.0000614046  -0.0000724113  -0.0002509082
        0.0000823526  -0.0000258807  -0.0000309296  -0.0003231901   0.0003723801
        0.0010794730   0.0003411572   0.0016108966  -0.0057983072   0.0003723945
        0.0011988344   0.0014408977  -0.0017849452  -0.0002129590   0.0000814049
        0.0000925292   0.0000014589   0.0000916562  -0.0002341689  -0.0000262656
        0.0000774416  -0.0000788214  -0.0000618485   0.0000482979  -0.0000212781
       -0.0001660650  -0.0003698464  -0.0001446190   0.0008400587  -0.0002288445
        0.0001918672  -0.0002026976   0.0000924901  -0.0000509985  -0.0000820557
        0.0000106845  -0.0000137479   0.0000282273  -0.0000295766  -0.0000741540
       -0.0001805604  -0.0001365846   0.0002798661   0.0003052621   0.0000550880
       -0.0000693643   0.0000354827   0.0000049804  -0.0001537960   0.0001022413
       -0.0001464378   0.0002727337  -0.0002105758  -0.0000040722  -0.0000569656
        0.0000809566   0.0000202188  -0.0001823928   0.0002702957  -0.1107183101
        0.0954695820  -0.0814449712  -0.0031502163  -0.0033858449   0.0002146826
        0.0017183558   0.0006523712   0.0005093498  -0.0847907644  -0.0087923327
       -0.0346850857   0.2946145412  -0.1605095050   0.1175173163  -0.0797760602
        0.0759185263   0.0173178887  -0.0063401170  -0.0068698274  -0.0174856648
        0.0079918362   0.0066355293   0.0217784758  -0.0057854889  -0.0039542366
       -0.0147586722   0.0000432940   0.0023337575  -0.0006739161  -0.0006437322
       -0.0001152788  -0.0001562189   0.0001797749   0.0002243288   0.0000448465
        0.0001908529   0.0000966489  -0.0001315545  -0.0000359484  -0.0001101743
        0.0000282566
        0.0031083831  -0.0013672755   0.0013437150  -0.0033324708  -0.0003676804
       -0.0003987183   0.0010977875   0.0003791960   0.0004331108  -0.0010180135
        0.0001546712   0.0006018766  -0.0010546965  -0.0004755637   0.0001026582
       -0.0001899929   0.0001788234  -0.0003470416   0.0002536472  -0.0002481835
       -0.0003875560  -0.0002145455  -0.0005376103  -0.0021188157  -0.0023337959
        0.0052482370   0.0092512180   0.0013874089   0.0030437282  -0.0004767442
       -0.0014683844  -0.0017961930  -0.0010973345   0.0018057278   0.0019322593
        0.0012729937  -0.0006648177  -0.0009789453  -0.0000820494   0.0002408513
        0.0006682635  -0.0011308446   0.0002797167  -0.0006726886  -0.0000375181
       -0.0003606225  -0.0009545597   0.0003627644   0.0003335873  -0.0002582235
        0.0000596687  -0.0002169562   0.0003026523  -0.0000778034  -0.0001568665
        0.0001730758  -0.0001227043   0.0001110237  -0.0000051516  -0.0001415183
        0.0000056220  -0.0000569644  -0.0001991886   0.0004139931  -0.0003042961
       -0.0003660743   0.0001549770   0.0000235740   0.0000883371   0.0003995222
       -0.0002204801   0.0001631784   0.0000694460   0.0008181776  -0.0008857722
       -0.0003837873   0.0000035173  -0.0040696104   0.0086854570  -0.0191684167
        0.0122082624  -0.0093786330   0.0003834569  -0.0039746848  -0.0001008100
       -0.0003137483  -0.0001308963  -0.0000013010   0.0002462306  -0.0000731275
       -0.0002372789  -0.0000458070  -0.0000580754  -0.0002461149   0.0000757163
        0.0002731840   0.0005825316   0.0007170600  -0.0015897458   0.0011609759
       -0.0006755142   0.0003155777  -0.0004111025   0.0000608076   0.0001864366
       -0.0001739747  -0.0000766029  -0.0001152482  -0.0000154302   0.0001721642
        0.0004361289  -0.0002421410  -0.0008424900  -0.0010476373  -0.0001274729
        0.0001293420  -0.0000051874  -0.0000723102   0.0002554214  -0.0000986009
        0.0002801783  -0.0005581250   0.0001565874   0.0000248430   0.0001279379
       -0.0000902624  -0.0000448200   0.0003518886  -0.0002874861   0.0888408004
       -0.1808807613   0.0671971497   0.0061798747   0.0136073931  -0.0075623567
       -0.0032554118  -0.0032922330   0.0009710844  -0.0121436923  -0.0733673833
       -0.0282906895  -0.1605095050   0.8171010392   0.1472003502   0.0839749654
       -0.5439907719  -0.1843624252  -0.0091587364  -0.0089043739  -0.0207631545
       -0.0014287254  -0.0032012640  -0.0081304312   0.0085576101   0.0068721479
        0.0213533752   0.0013252513  -0.0084997271   0.0036584066   0.0001746834
       -0.0008305570   0.0007967411  -0.0003499945  -0.0003281196  -0.0001069969
       -0.0004938456  -0.0001896474   0.0003183862   0.0003373850   0.0003825767
       -0.0001248913
       -0.0012030157   0.0001396216  -0.0004770865   0.0012530659   0.0002272435
        0.0002416173  -0.0001575563  -0.0001696472  -0.0001561887   0.0002099910
       -0.0002424455  -0.0001591613   0.0004337645   0.0000741703   0.0000897462
        0.0003249709   0.0002019428   0.0003215841  -0.0004167841   0.0001358799
        0.0001304670  -0.0013577687  -0.0000644406  -0.0037009326  -0.0170019255
        0.0170245277  -0.0237999785   0.0012685328   0.0001143827   0.0004153687
       -0.0007808880  -0.0005120025  -0.0004902302   0.0007197990   0.0007341680
        0.0005074029   0.0002111843  -0.0005082904  -0.0002326540   0.0000386759
       -0.0000352291   0.0000838516   0.0002634777  -0.0002979684  -0.0001158269
       -0.0008644770   0.0001210871   0.0000596541  -0.0002649533  -0.0001097087
       -0.0000672660   0.0001289083  -0.0000636496   0.0000171052   0.0000493619
       -0.0000632775   0.0001378831  -0.0000459890   0.0000041741  -0.0000068526
       -0.0000384210  -0.0000029654  -0.0000383289  -0.0000434023  -0.0000017374
        0.0000267309  -0.0001152535  -0.0001157174  -0.0001172591  -0.0000545183
       -0.0003039162   0.0000745939  -0.0000312390   0.0006495698  -0.0004883657
       -0.0004581762   0.0013695751   0.0004438211   0.0108757068  -0.0090097251
        0.0062672524  -0.0019876263  -0.0012190024  -0.0005029744  -0.0000118952
       -0.0001380670  -0.0001456598   0.0001463020  -0.0000321160   0.0000422900
       -0.0001020668  -0.0001120704  -0.0000109484  -0.0001105998   0.0000360945
       -0.0000233794   0.0003174974   0.0001764147  -0.0007107606   0.0002637848
       -0.0001147192  -0.0001271459  -0.0001833716   0.0001248151   0.0000124579
       -0.0000297061   0.0000668095  -0.0000374608  -0.0000229986   0.0000046342
        0.0000270815  -0.0002463413   0.0000021817  -0.0001402820   0.0001198366
        0.0000489795   0.0000055313   0.0001327629   0.0000620992   0.0000606422
       -0.0002780636  -0.0000326178   0.0000695602   0.0000777385   0.0000207874
       -0.0000111794   0.0001447007  -0.0000032022  -0.0000030118  -0.0847392511
        0.0749462406  -0.1553133957  -0.0029235131   0.0007121639  -0.0006827397
        0.0016878974  -0.0006539532   0.0004377249  -0.0380436394  -0.0210188641
       -0.1592868024   0.1175173163   0.1472003502   0.5234046114   0.0229603522
       -0.1979678525  -0.1601661051   0.0017802909  -0.0010537325   0.0035232638
       -0.0047281029  -0.0074635820  -0.0161036940  -0.0057950262  -0.0030494521
       -0.0133739990   0.0014221657   0.0002982266   0.0000189938  -0.0006766271
       -0.0003890157   0.0002279430   0.0001002637   0.0001321751   0.0000001386
        0.0001621126   0.0001244463  -0.0001715847   0.0001027360  -0.0000037931
        0.0000139374
        0.0010237676  -0.0006197920   0.0005765335  -0.0010787781  -0.0000508363
       -0.0001522592   0.0003297839   0.0000594580   0.0001457606  -0.0002238465
        0.0000238699   0.0001352263  -0.0005678950  -0.0001345507  -0.0000536431
       -0.0000811992   0.0000391353  -0.0000875484   0.0002420202  -0.0000848021
       -0.0000545150   0.0001372408   0.0000008434   0.0002178587  -0.0014181530
       -0.0005689225   0.0021739489   0.0012378373   0.0013878968  -0.0003178556
       -0.0005353439  -0.0008678845  -0.0005712730   0.0006145229   0.0007349227
        0.0003952840  -0.0003624833  -0.0003635308   0.0002828345  -0.0004247638
        0.0001119093  -0.0004825127  -0.0003611130   0.0000319292   0.0002352846
       -0.0006879215  -0.0004012662   0.0004120614  -0.0000237741  -0.0001987474
        0.0000867663  -0.0000410029   0.0001290139  -0.0000709392  -0.0000275335
        0.0000892220  -0.0000607756   0.0000405881   0.0000195151  -0.0000515007
        0.0000016995   0.0000272171  -0.0000341920   0.0001087573  -0.0000524442
       -0.0001200955   0.0000513088   0.0000126704   0.0000174090   0.0000695800
        0.0000249863  -0.0000817557   0.0000383868   0.0000567077  -0.0000457915
       -0.0004615703   0.0004961910  -0.0004932784   0.0030070469   0.0046907207
       -0.0041021648   0.0001658163   0.0002880494   0.0005326414  -0.0000767576
       -0.0001371994  -0.0000608101  -0.0000884726   0.0001965468   0.0000320256
       -0.0001385130  -0.0000043223   0.0000343762  -0.0001495848   0.0000441181
        0.0002614886  -0.0006982164   0.0003029899   0.0001759594  -0.0000515557
       -0.0000383587   0.0005675245  -0.0001431881   0.0001564151   0.0001603290
       -0.0000097921   0.0000973047  -0.0000693439   0.0000524936   0.0001106191
        0.0002550465   0.0000520890   0.0001217110   0.0001705013   0.0000124783
        0.0000850458  -0.0000388018   0.0000683939   0.0001720027  -0.0000761474
       -0.0000011693  -0.0002552114   0.0002571829   0.0000357842   0.0000598793
       -0.0000883717   0.0000467199   0.0001672967  -0.0002764030  -0.0011404186
        0.0444883280   0.0030737361   0.0013045853  -0.0028610356   0.0011023637
       -0.0017467413   0.0016318002  -0.0008993281   0.0159043565  -0.0065611963
       -0.0077628400  -0.0797760602   0.0839749654   0.0229603522   0.0709394253
       -0.1259091311  -0.0148074322   0.0000374730   0.0002586495   0.0011392965
       -0.0007558358  -0.0019327881  -0.0034024837   0.0001749467  -0.0003624243
        0.0013864088  -0.0043564922   0.0006552179  -0.0022696362   0.0000696116
        0.0009281402  -0.0003479181  -0.0000164038  -0.0001095776  -0.0000089057
       -0.0000104778  -0.0000419108   0.0000558164  -0.0003116565  -0.0001193565
        0.0000445051
       -0.0020747045   0.0008816512  -0.0008569341   0.0022420155   0.0002495249
        0.0002158403  -0.0006715239  -0.0002445968  -0.0002748652   0.0006342896
       -0.0001354914  -0.0003948748   0.0006614842   0.0002673357  -0.0000386698
        0.0001599789  -0.0001308412   0.0002179215  -0.0002043991   0.0001669118
        0.0002697491   0.0000159091   0.0004886049   0.0007694241  -0.0001491415
        0.0004510990  -0.0045761937  -0.0007994285  -0.0020119818   0.0002492555
        0.0011922245   0.0012446456   0.0007768046  -0.0014704227  -0.0014670881
       -0.0010819933   0.0008019770   0.0006786420   0.0000252413  -0.0001180418
       -0.0010296291   0.0007952443  -0.0003428300   0.0001607983  -0.0006092954
        0.0001066518   0.0006333318  -0.0001530148  -0.0002518186   0.0001586204
       -0.0000132593   0.0001519857  -0.0001983086   0.0000378623   0.0001102973
       -0.0001054770   0.0000682790  -0.0000730524   0.0000081356   0.0000912727
       -0.0000024255   0.0000511820   0.0001256703  -0.0002908983   0.0001964111
        0.0002561205  -0.0000970011  -0.0000014749  -0.0000566769  -0.0002528899
        0.0000728116  -0.0000329441  -0.0000776992  -0.0004046740   0.0005082359
       -0.0000553682  -0.0003339600   0.0020546060   0.0055593751  -0.0021895832
        0.0037266008   0.0057567556  -0.0018563042   0.0022840662   0.0000489086
        0.0002218265   0.0000940504  -0.0000831369  -0.0000636499   0.0000954821
        0.0001224432   0.0000260168   0.0001026771   0.0001313083  -0.0000127882
       -0.0001330935  -0.0004610746  -0.0002755201   0.0009005831  -0.0005656411
        0.0002172132  -0.0004113574   0.0003915189   0.0000630568  -0.0001629866
        0.0001988221   0.0001299026   0.0001593946   0.0001351938  -0.0001848542
       -0.0004722090   0.0009399166  -0.0006568926  -0.0003624907   0.0000954151
       -0.0000846054  -0.0000105281   0.0000686813  -0.0001568881   0.0000469002
       -0.0002019168   0.0003768954  -0.0000412318  -0.0000131042  -0.0000921105
        0.0000430839   0.0000449087  -0.0002344586   0.0001352416   0.0428055352
       -0.0955993284   0.0020131961  -0.0057654237  -0.0095446712   0.0040839361
        0.0020622612   0.0024375278  -0.0004711145   0.0022582030  -0.0277233566
       -0.0266967416   0.0759185263  -0.5439907719  -0.1979678525  -0.1259091311
        0.6734665655   0.2209390724  -0.0001939946  -0.0000784615  -0.0016017258
       -0.0015448097  -0.0012001302  -0.0025117790   0.0002553291   0.0001490514
        0.0011910659  -0.0012960805   0.0065364136  -0.0027131803  -0.0002500513
        0.0005854807  -0.0006025844   0.0002792826   0.0002589669   0.0000786339
        0.0003458656   0.0001250107  -0.0002009396  -0.0002790540  -0.0002957358
        0.0000930239
       -0.0002760205   0.0003640226  -0.0001703633   0.0003095035  -0.0000169221
        0.0000014628  -0.0002627071  -0.0000177107  -0.0000418886   0.0001889828
        0.0000761655  -0.0000931965   0.0001487030  -0.0000014359  -0.0000032749
       -0.0000863097  -0.0001932870  -0.0000838857   0.0001471568   0.0000247696
        0.0000378483  -0.0003420300   0.0002095968   0.0011199879   0.0012765021
        0.0021547943  -0.0002045539  -0.0012978148  -0.0009635249  -0.0000314023
        0.0009516661   0.0009107231   0.0006951297  -0.0010002910  -0.0011921951
       -0.0007936740   0.0002474379   0.0009084301  -0.0002222621   0.0000222090
       -0.0002568147  -0.0000944296  -0.0004664171   0.0000080737  -0.0003754753
        0.0007151220   0.0001958206  -0.0001934008   0.0000884843   0.0001578567
        0.0000022937  -0.0000175136  -0.0000644406   0.0000250152   0.0000103515
       -0.0000256524  -0.0000256905  -0.0000141876  -0.0000075180   0.0000495094
        0.0000163059   0.0000066213   0.0001111908  -0.0001234729   0.0001034973
        0.0001241307   0.0000071260   0.0000469275   0.0000321924  -0.0001043001
        0.0003732603  -0.0001819722   0.0000264303  -0.0002180878   0.0002400907
       -0.0005486417   0.0013498614   0.0000377523  -0.0034727063   0.0024985238
        0.0005032563   0.0015863643   0.0001014613  -0.0006533463   0.0000445238
        0.0001692212   0.0001130499  -0.0000559901  -0.0000245053   0.0000072097
        0.0001925515   0.0001273165   0.0000221983   0.0002006744  -0.0001206912
       -0.0001001136   0.0009775245  -0.0004774051  -0.0003625380  -0.0001996752
        0.0001210034  -0.0000853389   0.0003169807  -0.0001225113  -0.0000312618
        0.0001208094  -0.0001722360   0.0000977528   0.0001219859  -0.0000759377
       -0.0002004155   0.0011380130  -0.0013211804  -0.0010302299  -0.0000458228
       -0.0000734105   0.0000065723  -0.0000777868  -0.0001228874   0.0000060010
        0.0001066221   0.0002020782  -0.0001282812  -0.0000628933  -0.0000540856
        0.0000443498  -0.0000903740  -0.0001119217   0.0001218925  -0.0000909960
        0.0084111886   0.0208483439   0.0003270274  -0.0027748092   0.0015618584
        0.0000291258   0.0009170280  -0.0002224503  -0.0006611809  -0.0449492203
       -0.0175588449   0.0173178887  -0.1843624252  -0.1601661051  -0.0148074322
        0.2209390724   0.1627702853  -0.0016144682  -0.0027123247  -0.0047594902
       -0.0007251429  -0.0014880034  -0.0029692620   0.0018774002  -0.0000811113
        0.0029314666  -0.0019257208   0.0012760765  -0.0003230909  -0.0000112854
        0.0004612240  -0.0005058684   0.0000401564   0.0000289035   0.0000255435
        0.0000092441  -0.0000270851   0.0000517269  -0.0001816930  -0.0001141768
        0.0000239957
        0.0000106778   0.0000208414  -0.0000046379  -0.0000078787   0.0000059182
       -0.0000045757  -0.0000180668  -0.0000062380  -0.0000053562   0.0000116949
        0.0000108970   0.0000027289  -0.0000401957  -0.0000141419  -0.0000042249
       -0.0000093089  -0.0000264776  -0.0000138238   0.0000238428   0.0000087807
       -0.0000080773   0.0000104993  -0.0000213417  -0.0000561971   0.0002606134
        0.0000906380  -0.0000968645  -0.0000348932  -0.0000571145  -0.0000135857
       -0.0000805333   0.0000735481   0.0001087507   0.0000111817  -0.0000488722
       -0.0000553079   0.0000033103   0.0000220344   0.0000049373  -0.0000014236
       -0.0000009456   0.0000042492  -0.0000051074   0.0000047145  -0.0000018452
        0.0000426095   0.0000153547  -0.0000134321   0.0000028814   0.0000085477
       -0.0000004532  -0.0000007747  -0.0000015239   0.0000000329   0.0000013233
       -0.0000004561  -0.0000027814   0.0000021584   0.0000007963   0.0000035113
        0.0000007812   0.0000031421   0.0000045389  -0.0000113526   0.0000118282
        0.0000087075   0.0000048020   0.0000044848   0.0000045656  -0.0000029224
        0.0000028809   0.0000029501   0.0000023048   0.0000164642  -0.0000105869
       -0.0000030181   0.0000058532  -0.0000157576  -0.0004619676  -0.0001163932
       -0.0002453296   0.0000325521   0.0000154619   0.0000182252   0.0000054548
        0.0000046761  -0.0000003281  -0.0000149929  -0.0000334736  -0.0000015547
        0.0000042710  -0.0000040899  -0.0000030066   0.0000041316  -0.0000017353
       -0.0000018860  -0.0000047859  -0.0000080477   0.0000071109  -0.0000040235
       -0.0000014235  -0.0000056152   0.0000043480  -0.0000017576   0.0000001950
        0.0000018092  -0.0000016240   0.0000015209   0.0000008553  -0.0000012820
       -0.0000030286   0.0000040059   0.0000077232   0.0000073393  -0.0000019049
       -0.0000036462   0.0000005001  -0.0000034757  -0.0000068373   0.0000015865
        0.0000023948   0.0000089607  -0.0000065968  -0.0000017951  -0.0000020200
        0.0000026307  -0.0000026702  -0.0000053882   0.0000076499   0.0005400550
        0.0007697728  -0.0004096704   0.0001336473  -0.0000109617   0.0000634875
       -0.0000881807   0.0000446564  -0.0000265867  -0.1401585837  -0.1228814539
        0.0206295896  -0.0063401170  -0.0091587364   0.0017802909   0.0000374730
       -0.0001939946  -0.0016144682   0.1530185969   0.1393509636  -0.0220820306
       -0.0162712769  -0.0198961660   0.0042818039   0.0094074387   0.0119996023
       -0.0022270060  -0.0000269793  -0.0000055638  -0.0000097590   0.0000192378
        0.0000092937  -0.0000036223  -0.0000027611  -0.0000037823  -0.0000003072
       -0.0000029098  -0.0000025726   0.0000024098  -0.0000030529   0.0000002262
       -0.0000010094
        0.0000504014  -0.0000303562   0.0000333983  -0.0000539557   0.0000059527
       -0.0000065723   0.0000031930  -0.0000055459  -0.0000009887   0.0000046838
       -0.0000031383  -0.0000021452  -0.0000230690   0.0000045395   0.0000036723
        0.0000094177   0.0000109258  -0.0000342390  -0.0000081919  -0.0000053167
       -0.0000291372   0.0000023686  -0.0000155103  -0.0000445881   0.0002780304
        0.0000900502  -0.0001755972   0.0000471310   0.0000431122  -0.0000317218
        0.0000699210  -0.0000136945  -0.0000182376  -0.0000619336  -0.0000422451
       -0.0000252535   0.0000118955   0.0000219795  -0.0000033519  -0.0000022529
       -0.0000217147   0.0000120885  -0.0000095329   0.0000045708  -0.0000059699
       -0.0000473193  -0.0000166694   0.0000330189  -0.0000064539  -0.0000108774
        0.0000090751  -0.0000009708   0.0000073602  -0.0000062001  -0.0000000667
        0.0000073326  -0.0000073975   0.0000013498   0.0000013514  -0.0000015647
        0.0000015778   0.0000013885   0.0000009829   0.0000058223  -0.0000160421
        0.0000066728   0.0000034608   0.0000007755   0.0000007613   0.0000008126
       -0.0000052946   0.0000023307   0.0000024510   0.0000110815  -0.0000081804
       -0.0000171661   0.0000109713  -0.0000388962  -0.0001366350  -0.0000697123
        0.0001748291   0.0000023455   0.0000127349   0.0000281454  -0.0000040040
        0.0000018508   0.0000046052  -0.0000266785   0.0000063702  -0.0000100660
        0.0000004979   0.0000154837   0.0000112480   0.0000052763   0.0000007207
        0.0000051848  -0.0000095143  -0.0000058877   0.0000078460  -0.0000037192
        0.0000001975  -0.0000031229   0.0000024418   0.0000028578  -0.0000000504
        0.0000051638   0.0000056295   0.0000011440   0.0000018943   0.0000003138
       -0.0000003656   0.0000060742   0.0000085549   0.0000093831   0.0000022196
        0.0000036738  -0.0000037253   0.0000066798   0.0000096600  -0.0000066417
       -0.0000017016  -0.0000090425   0.0000206792   0.0000012857   0.0000016209
       -0.0000058368   0.0000030311   0.0000063911  -0.0000210101   0.0011068719
        0.0002627135   0.0009278417   0.0000303447  -0.0000030778   0.0001116295
       -0.0000106237   0.0000145217  -0.0000335769  -0.1243462968  -0.1990349093
        0.0300303928  -0.0068698274  -0.0089043739  -0.0010537325   0.0002586495
       -0.0000784615  -0.0027123247   0.1393509636   0.2198975899  -0.0294880642
        0.0051870901   0.0067205612  -0.0011026022  -0.0148474764  -0.0189112020
        0.0034746529   0.0000174581   0.0000042037  -0.0000263349   0.0000057838
        0.0000085628   0.0000004675  -0.0000004291  -0.0000022064  -0.0000005946
        0.0000028045   0.0000011305  -0.0000025555  -0.0000015742  -0.0000014560
        0.0000005957
        0.0000156245  -0.0000119343   0.0000187877  -0.0000077252  -0.0000040873
       -0.0000178316   0.0000089965   0.0000004982   0.0000102060  -0.0000195541
        0.0000066431   0.0000135032  -0.0000365093  -0.0000382846  -0.0000132283
       -0.0000442430  -0.0000418111   0.0000453992   0.0000511365  -0.0000051977
        0.0000464941  -0.0000000371  -0.0000299361  -0.0000840457   0.0005667591
        0.0002067533  -0.0002025952   0.0000403520   0.0000434149   0.0000242590
        0.0001329868  -0.0000546709  -0.0001068000  -0.0000738635  -0.0000120145
        0.0000139092   0.0000164110   0.0000153978  -0.0000053061  -0.0000035400
       -0.0000141967   0.0000009152  -0.0000080565  -0.0000002940  -0.0000076747
       -0.0000601457  -0.0000128583   0.0000154377  -0.0000108205  -0.0000102477
        0.0000022269   0.0000018860   0.0000031513  -0.0000038488   0.0000014785
        0.0000038957  -0.0000019292   0.0000026144   0.0000014803   0.0000007696
        0.0000018834   0.0000043129   0.0000028112   0.0000012370   0.0000159411
       -0.0000132501   0.0000008113   0.0000024344  -0.0000037930   0.0000037287
       -0.0000005097   0.0000034907   0.0000015104   0.0000240126  -0.0000143942
       -0.0000105925   0.0000074008  -0.0000337767  -0.0004630154  -0.0000506313
        0.0000445740  -0.0000154684   0.0000265823  -0.0000028353  -0.0000042704
       -0.0000021023  -0.0000018177  -0.0000018200   0.0000283957   0.0000154342
       -0.0000009266   0.0000127683   0.0000132981   0.0000023653  -0.0000001610
        0.0000042059  -0.0000250765  -0.0000077274   0.0000187767  -0.0000020329
        0.0000020571  -0.0000013402   0.0000018775   0.0000023490   0.0000011143
        0.0000043687   0.0000018673   0.0000013275   0.0000027898  -0.0000000946
        0.0000003014   0.0000074785   0.0000148838   0.0000083984   0.0000043993
        0.0000038466  -0.0000020298   0.0000073517   0.0000078290  -0.0000019335
       -0.0000076146  -0.0000058721   0.0000150956   0.0000022702   0.0000014252
       -0.0000039805   0.0000056987   0.0000037314  -0.0000133056   0.0007081993
        0.0002887428  -0.0002273377   0.0001115521   0.0000405710   0.0001016026
       -0.0000419908   0.0000109554  -0.0000271396   0.0171177815   0.0263408770
       -0.0424481594  -0.0174856648  -0.0207631545   0.0035232638   0.0011392965
       -0.0016017258  -0.0047594902  -0.0220820306  -0.0294880642   0.0482362390
        0.0120050274   0.0144192461  -0.0022581636   0.0084266601   0.0106519256
       -0.0019259597   0.0000080140  -0.0000374830   0.0000019440   0.0000085123
        0.0000038976  -0.0000036504  -0.0000026329  -0.0000029939   0.0000001024
       -0.0000026900  -0.0000019904   0.0000020031  -0.0000007378   0.0000007559
       -0.0000002737
        0.0000023505  -0.0000163418   0.0000084120  -0.0000026649   0.0000025656
       -0.0000010306   0.0000050509  -0.0000006963   0.0000005398  -0.0000011478
       -0.0000032599  -0.0000011529  -0.0000024997   0.0000001989  -0.0000037740
        0.0000027393   0.0000123334   0.0000051654  -0.0000014731   0.0000005843
       -0.0000008573   0.0000075399   0.0000080191   0.0000309347  -0.0000891345
       -0.0000962057   0.0000959182   0.0000507912   0.0000423934  -0.0000058701
        0.0000026123  -0.0000246855  -0.0000190566  -0.0000011151   0.0000046508
        0.0000019435  -0.0000007746  -0.0000032767  -0.0000036184   0.0000009910
       -0.0000054201  -0.0000099889  -0.0000024242  -0.0000025909  -0.0000009030
       -0.0000358347  -0.0000122473   0.0000149603  -0.0000052448  -0.0000086322
        0.0000019934   0.0000012114   0.0000028222  -0.0000018846   0.0000003281
        0.0000020382   0.0000005669  -0.0000003874   0.0000004145  -0.0000017984
       -0.0000004540  -0.0000001749  -0.0000009009   0.0000041621  -0.0000031507
       -0.0000054178  -0.0000014582  -0.0000012232  -0.0000026807   0.0000007091
       -0.0000029683   0.0000011590   0.0000003956  -0.0000065946   0.0000061467
       -0.0000050598  -0.0000133920  -0.0000191303   0.0000230139   0.0000944178
       -0.0000126607   0.0000177858  -0.0000075601  -0.0000151448  -0.0000024770
       -0.0000041393  -0.0000029092  -0.0000180901   0.0000037095   0.0000043637
       -0.0000014062   0.0000043622   0.0000035562  -0.0000004490   0.0000002120
        0.0000035738   0.0000005233   0.0000032818  -0.0000077221   0.0000043534
       -0.0000014832   0.0000049914  -0.0000013432   0.0000017258   0.0000014415
        0.0000004731   0.0000014063  -0.0000002540   0.0000014487   0.0000011399
        0.0000034057  -0.0000045220   0.0000004078   0.0000000324   0.0000022642
        0.0000034838  -0.0000014607   0.0000046817   0.0000067914  -0.0000017781
       -0.0000043117  -0.0000075856   0.0000096691   0.0000020362   0.0000016922
       -0.0000027107   0.0000034587   0.0000046485  -0.0000094556  -0.0001624288
       -0.0000694519  -0.0005278787  -0.0000138356   0.0000192995  -0.0000294755
       -0.0000025617  -0.0000091208   0.0000070601  -0.1943366504   0.0572141295
        0.1136181078   0.0079918362  -0.0014287254  -0.0047281029  -0.0007558358
       -0.0015448097  -0.0007251429  -0.0162712769   0.0051870901   0.0120050274
        0.2158758660  -0.0637272988  -0.1286564679  -0.0122701069   0.0043734255
        0.0089496048  -0.0000105383   0.0000040557   0.0000174599  -0.0000020091
       -0.0000029309   0.0000025256  -0.0000001220   0.0000009917   0.0000003841
       -0.0000000584   0.0000007833   0.0000001618   0.0000010737   0.0000008912
        0.0000001228
       -0.0000025786   0.0000019722  -0.0000062132   0.0000000843  -0.0000014799
        0.0000024230  -0.0000010346   0.0000012920   0.0000002818   0.0000026580
       -0.0000011180  -0.0000019302   0.0000138479   0.0000064453  -0.0000011624
        0.0000015556   0.0000093390   0.0000007066  -0.0000020698   0.0000019606
       -0.0000062026   0.0000092999   0.0000096476   0.0000491135  -0.0002995404
       -0.0001374687   0.0000742383  -0.0000198119  -0.0000014718   0.0000109021
       -0.0000107745   0.0000045356   0.0000078365   0.0000035395   0.0000029464
        0.0000035914  -0.0000044282  -0.0000023346   0.0000036216   0.0000000619
        0.0000077404   0.0000043816   0.0000040242   0.0000010452   0.0000020546
        0.0000178736  -0.0000005388  -0.0000118086   0.0000060540   0.0000030688
       -0.0000030959  -0.0000011476  -0.0000004169   0.0000019003  -0.0000013424
       -0.0000011534   0.0000025143  -0.0000009741  -0.0000005774  -0.0000002509
       -0.0000005667  -0.0000015236  -0.0000011755   0.0000035206  -0.0000020116
       -0.0000051319  -0.0000010545  -0.0000012792  -0.0000013770   0.0000004234
        0.0000025074  -0.0000022075  -0.0000004907  -0.0000118401   0.0000068711
        0.0000172377  -0.0000171202   0.0000443528   0.0002247047   0.0000818946
        0.0001966040   0.0000502106  -0.0000129116  -0.0000253595   0.0000013102
       -0.0000013754  -0.0000014979   0.0000230583  -0.0000117121  -0.0000325813
        0.0000006434  -0.0000015333  -0.0000019886  -0.0000002320   0.0000002990
       -0.0000022237   0.0000047263   0.0000020078   0.0000028336  -0.0000010753
       -0.0000009516  -0.0000030051   0.0000007739  -0.0000014930  -0.0000011196
       -0.0000012916  -0.0000024693   0.0000000345  -0.0000009795  -0.0000002370
       -0.0000021802  -0.0000070287   0.0000051776   0.0000051112  -0.0000022846
       -0.0000015421   0.0000014222  -0.0000035428  -0.0000019749   0.0000019333
        0.0000034705   0.0000002617  -0.0000070753  -0.0000009391  -0.0000000467
        0.0000016701  -0.0000021086  -0.0000004318   0.0000058933   0.0003303104
       -0.0002166243   0.0010300178   0.0000545380   0.0000266734  -0.0000857025
       -0.0000307548  -0.0000063758   0.0000178996   0.0597996386  -0.0610305191
       -0.0400422104   0.0066355293  -0.0032012640  -0.0074635820  -0.0019327881
       -0.0012001302  -0.0014880034  -0.0198961660   0.0067205612   0.0144192461
       -0.0637272988   0.0656982017   0.0468307324   0.0187838910  -0.0067045605
       -0.0135628904  -0.0000430006  -0.0000085650   0.0000345166   0.0000094610
       -0.0000004224  -0.0000074160  -0.0000014948  -0.0000006942   0.0000005219
       -0.0000054819  -0.0000039601   0.0000060722  -0.0000001650   0.0000025513
       -0.0000019067
        0.0000231119   0.0000054893   0.0000073740  -0.0000222697  -0.0000041562
       -0.0000062244  -0.0000034659   0.0000008658   0.0000017077  -0.0000019245
        0.0000082045   0.0000052521  -0.0000152757   0.0000003602   0.0000002144
       -0.0000071451  -0.0000179624  -0.0000150453   0.0000146164  -0.0000011558
        0.0000034615   0.0000514127  -0.0000082716   0.0001228884  -0.0006563389
       -0.0004076754   0.0002582304  -0.0000342817  -0.0000223467  -0.0000078468
        0.0000178914   0.0000236410   0.0000217485  -0.0000238920  -0.0000273228
       -0.0000192490  -0.0000024346   0.0000172235   0.0000063952  -0.0000011409
       -0.0000037050   0.0000029966  -0.0000045050   0.0000081647   0.0000000908
        0.0000212133   0.0000034549  -0.0000034164   0.0000039064   0.0000039391
        0.0000009117  -0.0000022246   0.0000004529  -0.0000005543  -0.0000001735
        0.0000009932  -0.0000034929   0.0000017616   0.0000003664   0.0000015160
        0.0000010920   0.0000013808   0.0000030017  -0.0000058870   0.0000027134
        0.0000068644   0.0000039853   0.0000032228   0.0000038066  -0.0000029932
        0.0000109878  -0.0000019962   0.0000012940  -0.0000205068   0.0000169668
        0.0000416563  -0.0000370316   0.0000453091   0.0001946491   0.0002523520
       -0.0005776467   0.0001474127  -0.0000075384   0.0000042818   0.0000005347
        0.0000048973   0.0000042101   0.0000161444   0.0000025820  -0.0000207029
        0.0000028600   0.0000019041   0.0000002327   0.0000037397  -0.0000012330
        0.0000000442   0.0000036815  -0.0000034408   0.0000127664  -0.0000083927
        0.0000055221  -0.0000000910   0.0000064179  -0.0000021648  -0.0000012000
        0.0000014965  -0.0000010868   0.0000014468   0.0000012923  -0.0000008733
       -0.0000026039  -0.0000077244   0.0000155144   0.0000163042  -0.0000020491
       -0.0000017872  -0.0000001483  -0.0000026152  -0.0000028930  -0.0000007846
        0.0000045965   0.0000038462  -0.0000022815  -0.0000017616  -0.0000009634
        0.0000006772  -0.0000027498  -0.0000018282   0.0000014290  -0.0012807790
        0.0002404899   0.0009588278   0.0002323694  -0.0000680254  -0.0001571275
       -0.0002072441   0.0000952889  -0.0000038805   0.1181353676  -0.0389396093
       -0.1269206936   0.0217784758  -0.0081304312  -0.0161036940  -0.0034024837
       -0.0025117790  -0.0029692620   0.0042818039  -0.0011026022  -0.0022581636
       -0.1286564679   0.0468307324   0.1398996738  -0.0105208048   0.0037506764
        0.0076433746  -0.0001354841   0.0000287722   0.0000205115   0.0000386978
        0.0000112415  -0.0000025270  -0.0000038878  -0.0000044465   0.0000000754
       -0.0000108210  -0.0000082724   0.0000093339  -0.0000042635   0.0000038298
       -0.0000032931
        0.0000306124   0.0000022021   0.0000050041  -0.0000307783  -0.0000032999
       -0.0000034516   0.0000058718   0.0000037986   0.0000016422  -0.0000097175
        0.0000044202   0.0000067894  -0.0000178158  -0.0000110953   0.0000053781
       -0.0000068476  -0.0000050452  -0.0000075648   0.0000044859  -0.0000014814
       -0.0000043860  -0.0000415068  -0.0000111579  -0.0001075761  -0.0000752457
        0.0002981900  -0.0001960053  -0.0000206844  -0.0000074080   0.0000054945
       -0.0000126241   0.0000039169  -0.0000016140   0.0000162388   0.0000111209
        0.0000071242  -0.0000088189  -0.0000054152  -0.0000006457   0.0000023953
        0.0000129293   0.0000005730   0.0000017507  -0.0000007823  -0.0000005351
        0.0000232944   0.0000029616  -0.0000139416   0.0000088613   0.0000052326
       -0.0000023887  -0.0000033440   0.0000010771   0.0000012321  -0.0000019416
       -0.0000002313  -0.0000016040   0.0000017523  -0.0000003131   0.0000001311
        0.0000007568  -0.0000006098  -0.0000007411   0.0000007905  -0.0000000823
       -0.0000017662   0.0000029691   0.0000023809   0.0000014622   0.0000047880
       -0.0000022017   0.0000036144   0.0000039683   0.0000286234  -0.0000270719
       -0.0000101388   0.0000055551   0.0000025929   0.0000396933  -0.0002233618
        0.0000112544  -0.0000330919   0.0000112344  -0.0000309317   0.0000020317
        0.0000001202  -0.0000004307   0.0000056124  -0.0000131130   0.0000019440
        0.0000003048  -0.0000026619  -0.0000029432  -0.0000012215  -0.0000000027
       -0.0000017961   0.0000044102   0.0000004378  -0.0000021619   0.0000060858
       -0.0000041756  -0.0000081506  -0.0000017238  -0.0000020947  -0.0000006009
       -0.0000021981  -0.0000047018  -0.0000000399  -0.0000010845  -0.0000001818
        0.0000007984  -0.0000013994  -0.0000023861  -0.0000045458  -0.0000039299
       -0.0000017646   0.0000016631  -0.0000052563  -0.0000037000   0.0000018711
        0.0000062435   0.0000009023  -0.0000091043  -0.0000016269  -0.0000003230
        0.0000027526  -0.0000033964  -0.0000008414   0.0000079681  -0.0003284203
       -0.0004535488  -0.0029385111   0.0000956220   0.0001588223  -0.0000596549
       -0.0000239491  -0.0000412213   0.0000193215  -0.1081055090   0.0969699057
       -0.0558009759  -0.0057854889   0.0085576101  -0.0057950262   0.0001749467
        0.0002553291   0.0018774002   0.0094074387  -0.0148474764   0.0084266601
       -0.0122701069   0.0187838910  -0.0105208048   0.1169624254  -0.1093848423
        0.0651092598  -0.0000057697  -0.0000791800   0.0000432113   0.0000122219
       -0.0000009352  -0.0000041305  -0.0000053917  -0.0000049540  -0.0000009302
       -0.0000078571  -0.0000038689   0.0000068294   0.0000013127   0.0000037972
       -0.0000019414
       -0.0000098217   0.0000025374  -0.0000064001   0.0000126392   0.0000027592
        0.0000015100   0.0000000695  -0.0000004635  -0.0000019314  -0.0000020880
        0.0000001994   0.0000003172  -0.0000018396  -0.0000033538  -0.0000016624
        0.0000055775  -0.0000005351  -0.0000022930  -0.0000027680   0.0000025140
        0.0000020565  -0.0000217088  -0.0000008176  -0.0000529951  -0.0001183124
        0.0001871555  -0.0002471735   0.0000196761   0.0000078748   0.0000142707
       -0.0000261262  -0.0000127541  -0.0000104625   0.0000240742   0.0000215936
        0.0000164787  -0.0000104872  -0.0000104935   0.0000022731   0.0000001388
        0.0000068414  -0.0000170646   0.0000006587  -0.0000018791   0.0000056447
       -0.0000063145  -0.0000001023  -0.0000057542  -0.0000006725  -0.0000000721
       -0.0000032725   0.0000007867  -0.0000005280   0.0000007547   0.0000003748
       -0.0000013083   0.0000022684   0.0000001594  -0.0000000854  -0.0000000372
       -0.0000003426  -0.0000001145  -0.0000003542  -0.0000024252   0.0000016156
        0.0000021832   0.0000000417  -0.0000005005  -0.0000017041  -0.0000007648
        0.0000000027   0.0000005131  -0.0000007604   0.0000110085  -0.0000101088
       -0.0000034069   0.0000134047   0.0000104797  -0.0000535724   0.0000108862
       -0.0000567286  -0.0000096933   0.0000040528  -0.0000149446   0.0000012818
       -0.0000046156  -0.0000047162   0.0000171606  -0.0000065162  -0.0000116652
       -0.0000002865  -0.0000026143  -0.0000026162  -0.0000020666  -0.0000006077
        0.0000005432   0.0000019970  -0.0000000019  -0.0000046893   0.0000130295
       -0.0000045214   0.0000022628  -0.0000007077  -0.0000006202   0.0000022427
       -0.0000016820  -0.0000034212  -0.0000008478   0.0000002919   0.0000018336
        0.0000030950  -0.0000020631  -0.0000002457  -0.0000033564   0.0000006333
       -0.0000001538   0.0000008562   0.0000002772   0.0000000539   0.0000020438
       -0.0000016582  -0.0000012664  -0.0000033486   0.0000003421   0.0000006759
        0.0000004277   0.0000007773   0.0000001722   0.0000034740  -0.0003958146
        0.0001955548  -0.0013640378   0.0000256402   0.0000406702  -0.0000138102
       -0.0000023024  -0.0000088145   0.0000082990   0.0978826850  -0.1934779965
        0.0872761536  -0.0039542366   0.0068721479  -0.0030494521  -0.0003624243
        0.0001490514  -0.0000811113   0.0119996023  -0.0189112020   0.0106519256
        0.0043734255  -0.0067045605   0.0037506764  -0.1093848423   0.2116507056
       -0.0968017289  -0.0000013114  -0.0000212799   0.0000133180   0.0000000441
       -0.0000012874  -0.0000008694  -0.0000007557  -0.0000007961  -0.0000000042
       -0.0000011714  -0.0000006499   0.0000013016   0.0000010427   0.0000008680
       -0.0000002290
        0.0000770691  -0.0000417086   0.0000422900  -0.0000834047  -0.0000085155
       -0.0000120981   0.0000214696   0.0000069485   0.0000127617  -0.0000145891
        0.0000030913   0.0000108351  -0.0000444584  -0.0000257382   0.0000116342
       -0.0000077200  -0.0000034047  -0.0000062514   0.0000191675  -0.0000073198
       -0.0000043868  -0.0000728275  -0.0000313033  -0.0001648423  -0.0006355081
        0.0005166969  -0.0003944046   0.0000438044   0.0000916780  -0.0000232039
       -0.0000001110  -0.0000444587  -0.0000251634   0.0000036903   0.0000154707
        0.0000115651  -0.0000123116  -0.0000019350   0.0000006709   0.0000013655
        0.0000025143  -0.0000483888  -0.0000107264  -0.0000050967   0.0000056697
       -0.0000258971  -0.0000319321   0.0000235452   0.0000035735  -0.0000112429
        0.0000051631  -0.0000048208   0.0000087853  -0.0000040639  -0.0000026043
        0.0000063742  -0.0000046882   0.0000026641   0.0000004848  -0.0000030678
        0.0000003516   0.0000007754  -0.0000011699   0.0000054151  -0.0000011788
       -0.0000067200   0.0000036429   0.0000017408   0.0000022510   0.0000102156
       -0.0000030648   0.0000041832   0.0000093839   0.0000500341  -0.0000444231
       -0.0000038474   0.0000322740   0.0000242625   0.0001623322  -0.0003683509
       -0.0000772910  -0.0000883672   0.0000235199  -0.0000317804  -0.0000049013
       -0.0000060935  -0.0000011800  -0.0000222119   0.0000141135   0.0000079947
       -0.0000039125   0.0000071642   0.0000039894  -0.0000009225  -0.0000007903
        0.0000118016  -0.0000020234   0.0000035664  -0.0000085703   0.0000270002
       -0.0000099320   0.0000105271  -0.0000019940   0.0000005957   0.0000061107
       -0.0000007959  -0.0000012446  -0.0000018031   0.0000038184   0.0000054466
        0.0000119404   0.0000031160  -0.0000043038  -0.0000085298  -0.0000014650
        0.0000046176  -0.0000019202   0.0000016842   0.0000105310  -0.0000052437
        0.0000053377  -0.0000157662   0.0000136364   0.0000008188   0.0000034819
       -0.0000048252  -0.0000001567   0.0000108690  -0.0000170190  -0.0027932227
       -0.0013178857  -0.0059090878   0.0001808842   0.0001945465  -0.0001472595
       -0.0000903864  -0.0000235916   0.0000209722  -0.0551292661   0.0854170810
       -0.0926116907  -0.0147586722   0.0213533752  -0.0133739990   0.0013864088
        0.0011910659   0.0029314666  -0.0022270060   0.0034746529  -0.0019259597
        0.0089496048  -0.0135628904   0.0076433746   0.0651092598  -0.0968017289
        0.1039921632   0.0000090394  -0.0001168549   0.0000497527   0.0000178047
        0.0000027237   0.0000074629  -0.0000069461  -0.0000077735  -0.0000020384
       -0.0000099913  -0.0000047685   0.0000067971   0.0000021452   0.0000046544
       -0.0000017515
       -0.0004965591   0.0000452431  -0.0001302982   0.0005272901   0.0000472628
        0.0000343184  -0.0001087310  -0.0000056857  -0.0001162984   0.0000272796
       -0.0001023770  -0.0000611034   0.0001335297  -0.0010496090   0.0007146205
        0.0000221352   0.0000680921   0.0000999215  -0.0002313247   0.0000932048
        0.0000125662  -0.0048604105  -0.0025094850   0.0003861808  -0.0103479582
       -0.0301807690   0.0114963928   0.0003645326  -0.0000805314  -0.0000205433
       -0.0000344238  -0.0000447292  -0.0000537825   0.0000157584   0.0000024124
       -0.0000034837   0.0000750982  -0.0000233400  -0.0000305421  -0.0000016070
       -0.0000653452   0.0000012715   0.0000483634  -0.0000440995  -0.0000233997
       -0.0003162736   0.0000472155   0.0001266416  -0.0001259356  -0.0000531856
        0.0000246531   0.0000537704  -0.0000277802  -0.0000112324   0.0000290169
       -0.0000107483   0.0000243922  -0.0000177288   0.0000072928   0.0000043420
        0.0000089668  -0.0000036914   0.0000278048   0.0000141144  -0.0000379814
        0.0000071605  -0.0000321347  -0.0000108677  -0.0000295284  -0.0001497469
       -0.0001976176  -0.0000980204  -0.0001707422   0.0000676217   0.0000906472
        0.0008835105  -0.0009430731  -0.0001431048  -0.0002153055   0.0000166668
       -0.0000788276  -0.3063076261   0.1237546940  -0.1013980048  -0.0000098035
        0.0000005255  -0.0000098185  -0.0000101775   0.0000099706   0.0000207874
       -0.0000144086  -0.0000005805   0.0000148002  -0.0000037238   0.0000014225
        0.0000092868  -0.0000045882   0.0000388378  -0.0000215236   0.0000409512
       -0.0000105635   0.0000001807  -0.0000243072   0.0000249987   0.0000008344
        0.0000019834   0.0000328782  -0.0000076573  -0.0000011390   0.0000057708
        0.0000181215  -0.0000339228  -0.0000463558  -0.0000315445   0.0000514585
        0.0000198704  -0.0000208453   0.0000660438   0.0000326958  -0.0000103035
       -0.0000981509  -0.0000002083   0.0001026472   0.0000243924   0.0000047838
       -0.0000277991   0.0000520656  -0.0000018106  -0.0000693897  -0.0000407260
       -0.0004677434  -0.0000378982  -0.0971209391  -0.0176089950   0.0005655716
       -0.0099967297   0.0557494222  -0.0255138381   0.0002173902  -0.0002392047
       -0.0005552492   0.0000432940   0.0013252513   0.0014221657  -0.0043564922
       -0.0012960805  -0.0019257208  -0.0000269793   0.0000174581   0.0000080140
       -0.0000105383  -0.0000430006  -0.0001354841  -0.0000057697  -0.0000013114
        0.0000090394   0.6788352146  -0.0374018873   0.0871867321  -0.1965790521
       -0.0595902428   0.0181052598  -0.0067486313  -0.0101387395  -0.0016009394
       -0.0125976195  -0.0084719118   0.0090705488  -0.0304359537  -0.0107040395
        0.0025812782
       -0.0011258056   0.0002949365  -0.0004183250   0.0012013807   0.0001044814
        0.0001348977  -0.0002989032  -0.0000717230  -0.0001810420   0.0001301177
       -0.0002095511  -0.0001706031   0.0006104980  -0.0006424319   0.0005434328
        0.0000660516   0.0001119413   0.0002246945  -0.0003905194   0.0001146884
        0.0000508297  -0.0036954723  -0.0010437865  -0.0000882472  -0.0172010915
       -0.0229446201   0.0108528484   0.0002691704  -0.0005625154   0.0000826484
        0.0001460106   0.0002044801   0.0001020756  -0.0002327082  -0.0002570799
       -0.0002003421   0.0002027955   0.0001419794  -0.0000252874  -0.0000803584
       -0.0003130685   0.0000791371  -0.0002201209   0.0001258234  -0.0000110848
       -0.0003546200   0.0002170336   0.0000878654  -0.0002124960  -0.0000116793
        0.0000084323   0.0001074196  -0.0000892997   0.0000056114   0.0000623623
       -0.0000501458   0.0000623292  -0.0000509473   0.0000047430   0.0000232650
        0.0000100723  -0.0000097443   0.0000443636  -0.0000116919  -0.0000217359
        0.0000386558  -0.0000744103  -0.0000272717  -0.0000542803   0.0003881499
        0.0004630491  -0.0000452484   0.0003255382   0.0002277929  -0.0002566384
       -0.0003428181  -0.0006400450   0.0003520900  -0.0001953416  -0.0001525730
       -0.0000530863   0.1259057588  -0.1085457778   0.0697712915   0.0000034500
        0.0000409609  -0.0000011072  -0.0000015198  -0.0000059602   0.0000310480
        0.0000097537  -0.0000070236   0.0000303699   0.0000111613  -0.0000170020
        0.0000089888  -0.0000344089  -0.0000010982   0.0000302817   0.0000320680
        0.0000332364  -0.0000102235   0.0000468423   0.0000626103  -0.0000060887
        0.0000402187   0.0000863713  -0.0000015048   0.0000300574  -0.0000054716
        0.0000171543   0.0001119733  -0.0000918554   0.0000009345   0.0000870945
       -0.0000039534  -0.0000200213   0.0000942319  -0.0000066391   0.0000088915
       -0.0001737538   0.0001059329   0.0000894929   0.0000271093  -0.0000233473
       -0.0000157122   0.0000738082  -0.0000653465  -0.0000318462  -0.0014737329
        0.0026231935  -0.0017395162  -0.0169609821  -0.2818156108   0.1006708164
        0.0415061592  -0.0591345575   0.0344924488  -0.0003443392   0.0002704610
       -0.0000306917   0.0023337575  -0.0084997271   0.0002982266   0.0006552179
        0.0065364136   0.0012760765  -0.0000055638   0.0000042037  -0.0000374830
        0.0000040557  -0.0000085650   0.0000287722  -0.0000791800  -0.0000212799
       -0.0001168549  -0.0374018873   0.5974527306  -0.2516586025  -0.0581982392
       -0.1065441850   0.0251778736  -0.0333153492  -0.0196709364   0.0047754507
       -0.0140958817  -0.0057398728   0.0085418092   0.0120798580   0.0080284174
       -0.0027692668
        0.0003322088  -0.0000775251   0.0001355062  -0.0003516271  -0.0000338956
       -0.0000489846   0.0000544525   0.0000161790   0.0000513020  -0.0000122020
        0.0000297448   0.0000090654  -0.0002602349   0.0000756480  -0.0001174193
       -0.0000157978  -0.0000663274  -0.0000467839   0.0001383884  -0.0000254909
       -0.0000064206   0.0010262037   0.0006148665   0.0002757057   0.0047805930
        0.0088992334   0.0013816797  -0.0001286096   0.0001334015  -0.0000467495
        0.0000173571  -0.0000165948   0.0000043658   0.0000073594   0.0000097914
        0.0000059819  -0.0000429405  -0.0000003178  -0.0000039534  -0.0000014315
        0.0000444819  -0.0000525546   0.0000013921  -0.0000033705  -0.0000166533
        0.0001276682  -0.0000604691  -0.0000126275   0.0000678760   0.0000108256
        0.0000088332  -0.0000343771   0.0000234016  -0.0000060126  -0.0000167878
        0.0000158178  -0.0000236097   0.0000134746   0.0000005156  -0.0000027927
        0.0000004178   0.0000219188   0.0000120758  -0.0000160662   0.0000246186
        0.0000094114   0.0000248359   0.0000169845   0.0000212168  -0.0002129521
       -0.0001228895   0.0000148426  -0.0000634107  -0.0001224232   0.0001722414
       -0.0008859059   0.0001067156   0.0002589396   0.0003971281   0.0002866541
        0.0000830124  -0.0987350991   0.0663459673  -0.0496200346  -0.0000014480
       -0.0000021004   0.0000085632  -0.0000067245   0.0000097060  -0.0000044792
       -0.0000000282   0.0000076987  -0.0000023071  -0.0000024767   0.0000006383
        0.0000181733   0.0000209760  -0.0000013353  -0.0000294898   0.0000243119
       -0.0000090968   0.0000199740   0.0000067313  -0.0000111137   0.0000057614
       -0.0000019173  -0.0000293215   0.0000024318  -0.0000042692   0.0000113814
        0.0000224412   0.0000182304  -0.0000208792  -0.0000494149  -0.0000300629
       -0.0000033939   0.0000006239  -0.0000308085  -0.0000017843  -0.0000090496
        0.0000645122  -0.0000187872  -0.0000084591  -0.0000152492   0.0000027577
       -0.0000012315  -0.0000277077   0.0000150282  -0.0000037461   0.0009208585
       -0.0007825378   0.0018644317  -0.0014203741   0.1075615635  -0.0765020414
       -0.0169553657   0.0347858210  -0.0022231487   0.0001423768  -0.0001502446
        0.0000683996  -0.0006739161   0.0036584066   0.0000189938  -0.0022696362
       -0.0027131803  -0.0003230909  -0.0000097590  -0.0000263349   0.0000019440
        0.0000174599   0.0000345166   0.0000205115   0.0000432113   0.0000133180
        0.0000497527   0.0871867321  -0.2516586025   0.1769624118   0.0149781059
        0.0226175344  -0.0580822394  -0.0101138434  -0.0022524402   0.0062940519
        0.0311195713   0.0180115240  -0.0029154423  -0.0091914041  -0.0051962039
        0.0023560901
        0.0002491505  -0.0000183765   0.0000627893  -0.0002617982  -0.0000369235
       -0.0000285575   0.0000441762   0.0000334621   0.0000310789  -0.0000131682
        0.0000356288   0.0000184795  -0.0001877999  -0.0000677894  -0.0000074505
       -0.0000100024  -0.0000126862  -0.0000406863   0.0000734405  -0.0000115030
       -0.0000283919  -0.0000317299  -0.0000955695   0.0000374150   0.0015728398
       -0.0002604844   0.0001168348  -0.0002537413   0.0000169710   0.0000178380
        0.0000486610   0.0000551836   0.0000531598  -0.0000376387  -0.0000339354
       -0.0000233895  -0.0000259706   0.0000355949   0.0000176104  -0.0000066916
        0.0000157071  -0.0000011573  -0.0000473670   0.0000393884   0.0000112522
        0.0002099295  -0.0000199967  -0.0000825419   0.0000827204   0.0000365981
       -0.0000142996  -0.0000315902   0.0000111911   0.0000081211  -0.0000174616
        0.0000039851  -0.0000112155   0.0000112346  -0.0000036058  -0.0000025424
        0.0000033060  -0.0000011990   0.0000028433   0.0000053135   0.0000005267
       -0.0000019912   0.0000179072   0.0000083662   0.0000145782  -0.0000302789
        0.0000059190  -0.0000050631  -0.0000073381  -0.0000005867   0.0000105909
        0.0000557692   0.0001152438  -0.0000193354  -0.0000321630  -0.0000561683
        0.0000403840  -0.0170013831  -0.0114689429   0.0050222948   0.0000071241
        0.0000045167   0.0000077601   0.0000073763  -0.0000041092  -0.0000116393
        0.0000127537   0.0000020879  -0.0000074258   0.0000062816  -0.0000026131
       -0.0000025742   0.0000109859  -0.0000287856   0.0000100609  -0.0000167147
        0.0000074463   0.0000003790   0.0000281644  -0.0000130413  -0.0000009217
        0.0000063752  -0.0000192945   0.0000066707   0.0000077271  -0.0000045862
       -0.0000120274   0.0000373693   0.0000097758   0.0000153653  -0.0000338147
       -0.0000132947   0.0000125210  -0.0000437365  -0.0000224555   0.0000072059
        0.0000674403   0.0000068499  -0.0000628388  -0.0000176637  -0.0000043012
        0.0000174866  -0.0000349700  -0.0000019963   0.0000461628   0.0003303750
        0.0000283577  -0.0001562004  -0.0025523586  -0.0141833575   0.0061710757
       -0.0003577573   0.0032284917  -0.0011964451   0.0000105884   0.0000567070
        0.0002011164  -0.0006437322   0.0001746834  -0.0006766271   0.0000696116
       -0.0002500513  -0.0000112854   0.0000192378   0.0000057838   0.0000085123
       -0.0000020091   0.0000094610   0.0000386978   0.0000122219   0.0000000441
        0.0000178047  -0.1965790521  -0.0581982392   0.0149781059   0.4786311437
       -0.0401706334   0.0165446251  -0.0422242741   0.0107400326   0.0043282472
       -0.0440966273  -0.0011897873   0.0242827718  -0.1770403919   0.1115063097
       -0.0697552321
        0.0000232188   0.0000029751  -0.0000019986  -0.0000237703  -0.0000109618
       -0.0000034123   0.0000003877   0.0000207585  -0.0000065207  -0.0000087782
       -0.0000080086  -0.0000003485  -0.0000427090  -0.0002501049   0.0001304508
       -0.0000091603   0.0000126790   0.0000132737  -0.0000160022   0.0000108528
       -0.0000203372  -0.0010451876  -0.0004949047   0.0001171372   0.0000667161
       -0.0026202139   0.0041353080  -0.0000883064  -0.0000131502   0.0000174663
        0.0000158959   0.0000257137   0.0000212750  -0.0000159617  -0.0000173806
       -0.0000082479  -0.0000154403   0.0000148472   0.0000103112  -0.0000000115
        0.0000102827   0.0000059005  -0.0000387758   0.0000321070   0.0000102641
        0.0000694096  -0.0000013426  -0.0000329934   0.0000242176   0.0000102923
       -0.0000070608  -0.0000065235  -0.0000005918   0.0000044840  -0.0000043327
       -0.0000014212   0.0000011603   0.0000008828  -0.0000013959  -0.0000009315
        0.0000037780  -0.0000046364   0.0000062029   0.0000126081  -0.0000117172
       -0.0000050775   0.0000005348   0.0000003569  -0.0000001568  -0.0000139136
        0.0000196059  -0.0000289892  -0.0000069826   0.0000321228  -0.0000102188
       -0.0001626574   0.0000585215  -0.0000073602  -0.0000682822  -0.0000547275
        0.0000434503   0.0099882025   0.0058162779  -0.0036063435   0.0000037939
        0.0000017300   0.0000009875   0.0000052469  -0.0000040424  -0.0000047850
        0.0000066174   0.0000003730  -0.0000039854   0.0000029402  -0.0000012859
       -0.0000037823   0.0000003806  -0.0000191394   0.0000118495  -0.0000175296
        0.0000050115  -0.0000026168   0.0000152169  -0.0000066208  -0.0000015215
        0.0000035831  -0.0000149297   0.0000060826   0.0000040729  -0.0000047908
       -0.0000126099   0.0000095374   0.0000193753   0.0000209723  -0.0000094501
       -0.0000035607   0.0000043056  -0.0000130403  -0.0000076765   0.0000043465
        0.0000180441   0.0000028862  -0.0000237239  -0.0000051324  -0.0000005846
        0.0000068212  -0.0000105357  -0.0000019013   0.0000192805   0.0005245996
        0.0005607023  -0.0003388570  -0.0277026941  -0.0194106822   0.0051459341
       -0.0010258079   0.0000869086  -0.0011952595  -0.0000163052   0.0000531042
        0.0000862757  -0.0001152788  -0.0008305570  -0.0003890157   0.0009281402
        0.0005854807   0.0004612240   0.0000092937   0.0000085628   0.0000038976
       -0.0000029309  -0.0000004224   0.0000112415  -0.0000009352  -0.0000012874
        0.0000027237  -0.0595902428  -0.1065441850   0.0226175344  -0.0401706334
        0.5361223033  -0.0070871271   0.0124772500  -0.2342028637  -0.1049511987
       -0.0006194742  -0.0486864742   0.0310258191   0.1066522174  -0.1302822700
        0.0538084994
        0.0000036925  -0.0000116133   0.0000008026  -0.0000066374   0.0000005368
        0.0000032058   0.0000154177  -0.0000002091   0.0000016526  -0.0000047513
        0.0000013965   0.0000136792  -0.0000144008   0.0000118641  -0.0000378884
        0.0000007452   0.0000056479   0.0000161520  -0.0000040887  -0.0000045109
       -0.0000027685   0.0001162435   0.0001229509   0.0000071675  -0.0006177029
        0.0031237662   0.0042154821   0.0000397263   0.0000328632   0.0000052519
       -0.0000341376  -0.0000320655  -0.0000252209   0.0000372191   0.0000400526
        0.0000322787  -0.0000156119  -0.0000255891   0.0000038505   0.0000137647
        0.0000305459   0.0000074067   0.0000365851  -0.0000225288   0.0000090527
       -0.0000208518  -0.0000071943  -0.0000012433  -0.0000041675  -0.0000067990
       -0.0000047925   0.0000009752   0.0000024215   0.0000005465  -0.0000000884
        0.0000005931   0.0000017251   0.0000012503  -0.0000008486  -0.0000017771
       -0.0000027609  -0.0000041036  -0.0000085871   0.0000067998  -0.0000020926
       -0.0000095783  -0.0000006559  -0.0000018844  -0.0000021641   0.0000030978
       -0.0000075014   0.0000004793   0.0000036326  -0.0000045037  -0.0000076289
       -0.0005180743  -0.0000331399  -0.0000192744   0.0000142578  -0.0000102895
        0.0000240067  -0.0068921444  -0.0057984802  -0.0008257011  -0.0000003064
       -0.0000062551  -0.0000048458   0.0000022562  -0.0000017252  -0.0000014676
       -0.0000034362  -0.0000022195  -0.0000028926  -0.0000026334   0.0000028245
       -0.0000067546  -0.0000018052   0.0000056646   0.0000011696  -0.0000085975
       -0.0000053497  -0.0000069246  -0.0000133239  -0.0000037842  -0.0000002031
       -0.0000068494  -0.0000000975  -0.0000005027  -0.0000050788  -0.0000018064
       -0.0000100106  -0.0000253352   0.0000138976   0.0000058248   0.0000020697
        0.0000028546   0.0000007494   0.0000031978   0.0000044202   0.0000009088
       -0.0000075037  -0.0000102725  -0.0000049638   0.0000039421   0.0000026332
        0.0000012722   0.0000037087   0.0000041118   0.0000011612   0.0014439680
        0.0002134269   0.0006311377   0.0116655612   0.0036971635  -0.0041666291
       -0.0002762659  -0.0002271683  -0.0021307991  -0.0000266889  -0.0000470778
       -0.0000162332  -0.0001562189   0.0007967411   0.0002279430  -0.0003479181
       -0.0006025844  -0.0005058684  -0.0000036223   0.0000004675  -0.0000036504
        0.0000025256  -0.0000074160  -0.0000025270  -0.0000041305  -0.0000008694
        0.0000074629   0.0181052598   0.0251778736  -0.0580822394   0.0165446251
       -0.0070871271   0.5276809514   0.0046584188  -0.1044800529  -0.1029357367
        0.0235891668   0.0308138030  -0.2841259515  -0.0672923188   0.0543486391
       -0.0799464959
       -0.0000858538   0.0000171507  -0.0000285823   0.0000905353   0.0000096525
        0.0000104924  -0.0000190821  -0.0000067024  -0.0000132064   0.0000075300
       -0.0000151171  -0.0000111897   0.0000523807  -0.0000295640   0.0000264337
        0.0000017264   0.0000063226   0.0000174655  -0.0000270744   0.0000075044
        0.0000046436  -0.0001994670  -0.0000585711  -0.0000041749  -0.0002951914
       -0.0000998083   0.0012115838   0.0000362202  -0.0000322694   0.0000031656
        0.0000053399   0.0000066494   0.0000007321  -0.0000100310  -0.0000106781
       -0.0000093347   0.0000163330   0.0000046052  -0.0000038839  -0.0000045188
       -0.0000219142   0.0000041568  -0.0000043453   0.0000016774  -0.0000027729
       -0.0000373230   0.0000136726   0.0000122176  -0.0000185709  -0.0000037246
        0.0000022373   0.0000086342  -0.0000060512  -0.0000005146   0.0000049751
       -0.0000029728   0.0000045374  -0.0000040583   0.0000006332   0.0000016275
        0.0000006200   0.0000001120   0.0000024100  -0.0000007902  -0.0000016220
        0.0000016745  -0.0000059919  -0.0000022956  -0.0000044620   0.0000036123
        0.0000060529  -0.0000032256   0.0000039586   0.0000071198  -0.0000056576
       -0.0001289149  -0.0000369530   0.0000149828   0.0000025438   0.0000063850
       -0.0000037583   0.0008997958   0.0001250201  -0.0002397664  -0.0000004331
        0.0000017846  -0.0000008124  -0.0000011201   0.0000003556   0.0000030510
       -0.0000008765  -0.0000007603   0.0000027146   0.0000000499  -0.0000006363
        0.0000009971  -0.0000023595   0.0000036697   0.0000003419   0.0000047024
        0.0000014155  -0.0000002789   0.0000003904   0.0000054004  -0.0000001964
        0.0000027208   0.0000078075  -0.0000013372   0.0000017733   0.0000004049
        0.0000026239   0.0000023762  -0.0000060397  -0.0000025304   0.0000075785
        0.0000007815  -0.0000023197   0.0000088780   0.0000017133  -0.0000003398
       -0.0000149167   0.0000055521   0.0000111683   0.0000029203  -0.0000014167
       -0.0000026504   0.0000068847  -0.0000035140  -0.0000061024   0.0000505543
        0.0001637127  -0.0000754536  -0.0030327292   0.0003717309  -0.0024358814
        0.0013598279  -0.0004523182   0.0000972005  -0.0000160143   0.0000022955
       -0.0000263796   0.0001797749  -0.0003499945   0.0001002637  -0.0000164038
        0.0002792826   0.0000401564  -0.0000027611  -0.0000004291  -0.0000026329
       -0.0000001220  -0.0000014948  -0.0000038878  -0.0000053917  -0.0000007557
       -0.0000069461  -0.0067486313  -0.0333153492  -0.0101138434  -0.0422242741
        0.0124772500   0.0046584188   0.0507922791  -0.0008954698  -0.0052406619
        0.0004222125   0.0022513370   0.0009544756  -0.0010698823   0.0195693706
        0.0110630110
       -0.0000934638   0.0000207348  -0.0000300227   0.0001005087   0.0000114158
        0.0000103958  -0.0000254862  -0.0000104805  -0.0000150326   0.0000103322
       -0.0000169256  -0.0000138129   0.0000580002  -0.0000210241   0.0000245854
        0.0000004785   0.0000036289   0.0000173849  -0.0000284618   0.0000082491
        0.0000082928  -0.0001604949  -0.0000331743  -0.0000121598  -0.0001268294
       -0.0001022764   0.0006563025   0.0000494139  -0.0000374964   0.0000002376
        0.0000060789   0.0000071585   0.0000011746  -0.0000125983  -0.0000157322
       -0.0000133308   0.0000202495   0.0000060103  -0.0000056182  -0.0000055704
       -0.0000250247   0.0000025213  -0.0000042262  -0.0000008677  -0.0000059970
       -0.0000501405   0.0000154087   0.0000193093  -0.0000244106  -0.0000052082
        0.0000044109   0.0000105562  -0.0000067651  -0.0000014298   0.0000057181
       -0.0000031622   0.0000043772  -0.0000042307   0.0000013063   0.0000022312
        0.0000009486   0.0000011786   0.0000029612  -0.0000027672   0.0000000143
        0.0000038257  -0.0000065739  -0.0000023963  -0.0000046897   0.0000032565
        0.0000070236  -0.0000018509   0.0000030628   0.0000047702  -0.0000046509
       -0.0000728071  -0.0000473178   0.0000137413   0.0000155949   0.0000179616
       -0.0000086665   0.0005119592   0.0002120425  -0.0001536294  -0.0000010833
        0.0000024564  -0.0000004721  -0.0000018737   0.0000011181   0.0000042157
       -0.0000013451  -0.0000003026   0.0000035574   0.0000000760  -0.0000008054
        0.0000022573  -0.0000021654   0.0000055214  -0.0000017156   0.0000080739
        0.0000008289   0.0000006467  -0.0000005470   0.0000064920  -0.0000001681
        0.0000020688   0.0000092331  -0.0000020927   0.0000007442   0.0000013423
        0.0000060448   0.0000015601  -0.0000108933  -0.0000062043   0.0000096360
        0.0000015673  -0.0000035590   0.0000119252   0.0000029134  -0.0000010641
       -0.0000193122   0.0000061228   0.0000172944   0.0000039127  -0.0000006643
       -0.0000041641   0.0000092414  -0.0000033476  -0.0000108111  -0.0000777470
        0.0001213343  -0.0000935066  -0.0021638159   0.0005478047  -0.0025981289
        0.0005725418  -0.0003626946   0.0002431017  -0.0000139127  -0.0000015082
       -0.0000361894   0.0002243288  -0.0003281196   0.0001321751  -0.0001095776
        0.0002589669   0.0000289035  -0.0000037823  -0.0000022064  -0.0000029939
        0.0000009917  -0.0000006942  -0.0000044465  -0.0000049540  -0.0000007961
       -0.0000077735  -0.0101387395  -0.0196709364  -0.0022524402   0.0107400326
       -0.2342028637  -0.1044800529  -0.0008954698   0.2674839218   0.1171535886
        0.0002923381   0.0023966823   0.0007689668   0.0013787570  -0.0162495251
       -0.0093558296
       -0.0000097688   0.0000051470  -0.0000043665   0.0000116029   0.0000009879
        0.0000003792  -0.0000063085  -0.0000030010  -0.0000019213   0.0000042785
       -0.0000010054  -0.0000017157   0.0000092981   0.0000079295  -0.0000028270
       -0.0000032320  -0.0000018256   0.0000006390  -0.0000001134   0.0000013121
        0.0000023783   0.0000249586   0.0000229249  -0.0000093172   0.0000390757
        0.0000986440  -0.0001649712  -0.0000005275  -0.0000100915   0.0000015695
        0.0000050347   0.0000055766   0.0000038431  -0.0000066698  -0.0000079401
       -0.0000066044   0.0000063000   0.0000042677   0.0000001978  -0.0000018585
       -0.0000065674   0.0000008107  -0.0000033685   0.0000007791   0.0000003833
       -0.0000030543   0.0000028618   0.0000006170  -0.0000031396   0.0000000687
        0.0000007873   0.0000013544  -0.0000008969  -0.0000000300   0.0000006692
       -0.0000005095   0.0000006177  -0.0000003693   0.0000004729   0.0000007785
        0.0000001108   0.0000003355   0.0000001850  -0.0000009657   0.0000007920
        0.0000010283  -0.0000008275  -0.0000001328  -0.0000002961   0.0000018016
        0.0000011279   0.0000010282   0.0000021931  -0.0000009313  -0.0000005272
       -0.0000106630  -0.0000136415   0.0000047025   0.0000054699   0.0000046177
       -0.0000041979  -0.0001069281  -0.0001291595  -0.0001137942  -0.0000000794
        0.0000009981   0.0000003634  -0.0000003592   0.0000003411   0.0000008627
        0.0000000753   0.0000000262   0.0000007675   0.0000006429  -0.0000001116
       -0.0000001162  -0.0000003492   0.0000006265  -0.0000001579   0.0000012963
        0.0000000653  -0.0000006112   0.0000009887   0.0000013883  -0.0000001097
        0.0000006776   0.0000029802  -0.0000012282   0.0000007962   0.0000004042
       -0.0000003094   0.0000017621  -0.0000026149  -0.0000010369   0.0000009396
       -0.0000003817  -0.0000003678   0.0000014008   0.0000002655  -0.0000000038
       -0.0000029376   0.0000012384   0.0000020278   0.0000006588  -0.0000001325
       -0.0000001462   0.0000012002  -0.0000005692  -0.0000011831  -0.0000854748
        0.0000089686  -0.0000433621   0.0003452504   0.0011968118  -0.0004984178
        0.0003550528  -0.0002446308   0.0001298400   0.0000014020   0.0000048573
       -0.0000010769   0.0000448465  -0.0001069969   0.0000001386  -0.0000089057
        0.0000786339   0.0000255435  -0.0000003072  -0.0000005946   0.0000001024
        0.0000003841   0.0000005219   0.0000000754  -0.0000009302  -0.0000000042
       -0.0000020384  -0.0016009394   0.0047754507   0.0062940519   0.0043282472
       -0.1049511987  -0.1029357367  -0.0052406619   0.1171535886   0.1091764210
        0.0027224533  -0.0279822943  -0.0176044734  -0.0008214832   0.0100802198
        0.0057508046
       -0.0000886246   0.0000151147  -0.0000289015   0.0000938728   0.0000113801
        0.0000112169  -0.0000183785  -0.0000088657  -0.0000125132   0.0000083809
       -0.0000119210  -0.0000104326   0.0000613282   0.0000043604   0.0000164930
        0.0000052872   0.0000094678   0.0000145699  -0.0000281255   0.0000060915
        0.0000071064  -0.0000790714  -0.0000200610  -0.0000280685  -0.0000513446
       -0.0006605503  -0.0007376646   0.0000519851  -0.0000260650   0.0000030070
       -0.0000022453  -0.0000009404  -0.0000054415  -0.0000024565  -0.0000029800
       -0.0000033578   0.0000151457  -0.0000012062  -0.0000041321  -0.0000017582
       -0.0000173791   0.0000055468   0.0000003106  -0.0000021622  -0.0000012245
       -0.0000478617   0.0000130053   0.0000148826  -0.0000212674  -0.0000058456
        0.0000021900   0.0000094997  -0.0000056883  -0.0000007048   0.0000052734
       -0.0000027411   0.0000048383  -0.0000042914   0.0000006854   0.0000013388
       -0.0000003585  -0.0000010704   0.0000002570  -0.0000008472  -0.0000020693
        0.0000012627  -0.0000062750  -0.0000030491  -0.0000050277   0.0000078551
        0.0000011137   0.0000003442   0.0000010609   0.0000076893  -0.0000094914
        0.0000831650  -0.0000437248   0.0000065840  -0.0000229831  -0.0000022094
       -0.0000115955   0.0009495909   0.0003289991   0.0001333017  -0.0000009153
        0.0000004983  -0.0000017618  -0.0000010078   0.0000002606   0.0000032900
       -0.0000018590  -0.0000011879   0.0000026668  -0.0000005612  -0.0000000854
       -0.0000000539  -0.0000038381   0.0000050388   0.0000004638   0.0000031190
        0.0000003020  -0.0000015481  -0.0000026363   0.0000052181  -0.0000001863
        0.0000011008   0.0000081592  -0.0000014322   0.0000006362  -0.0000000375
        0.0000009229  -0.0000001643  -0.0000050481  -0.0000011640   0.0000087462
        0.0000017598  -0.0000025070   0.0000105876   0.0000031351  -0.0000003402
       -0.0000180930   0.0000035866   0.0000122922   0.0000041913  -0.0000008151
       -0.0000028310   0.0000084877  -0.0000025925  -0.0000070982  -0.0004597500
        0.0000352137  -0.0003047024  -0.0030227585   0.0031769520   0.0005414906
        0.0016839772  -0.0006123304   0.0006737539  -0.0000098350   0.0000065941
       -0.0000520507   0.0001908529  -0.0004938456   0.0001621126  -0.0000104778
        0.0003458656   0.0000092441  -0.0000029098   0.0000028045  -0.0000026900
       -0.0000000584  -0.0000054819  -0.0000108210  -0.0000078571  -0.0000011714
       -0.0000099913  -0.0125976195  -0.0140958817   0.0311195713  -0.0440966273
       -0.0006194742   0.0235891668   0.0004222125   0.0002923381   0.0027224533
        0.0547731196   0.0097571724  -0.0356178867   0.0022130707   0.0026136744
       -0.0221847472
       -0.0000551802   0.0000070289  -0.0000166141   0.0000583058   0.0000068769
        0.0000066539  -0.0000115150  -0.0000056250  -0.0000075946   0.0000067067
       -0.0000071729  -0.0000062625   0.0000354278  -0.0000007489   0.0000121413
        0.0000029739   0.0000067235   0.0000100488  -0.0000169269   0.0000039092
        0.0000045407  -0.0000583833  -0.0000187619  -0.0000118889  -0.0000192467
       -0.0004005204  -0.0003462272   0.0000368207  -0.0000106999   0.0000007924
       -0.0000047732  -0.0000043787  -0.0000059256   0.0000021656   0.0000014308
        0.0000005669   0.0000076159  -0.0000031634  -0.0000026917  -0.0000002341
       -0.0000069797   0.0000024213   0.0000033427  -0.0000033009  -0.0000009225
       -0.0000322480   0.0000060344   0.0000107837  -0.0000136615  -0.0000044146
        0.0000016590   0.0000060503  -0.0000031728  -0.0000006362   0.0000031229
       -0.0000014833   0.0000032914  -0.0000027362   0.0000006424   0.0000006771
       -0.0000005745  -0.0000008157  -0.0000001529  -0.0000000681  -0.0000017234
        0.0000003654  -0.0000040603  -0.0000020005  -0.0000030707   0.0000034712
       -0.0000012546   0.0000005195   0.0000011023   0.0000047606  -0.0000062705
        0.0000535922  -0.0000155111  -0.0000014735  -0.0000169873  -0.0000036949
       -0.0000049363   0.0005179209   0.0001790391  -0.0001886927  -0.0000007683
       -0.0000003765  -0.0000014011  -0.0000006282   0.0000002652   0.0000020034
       -0.0000015595  -0.0000006565   0.0000013234  -0.0000008093   0.0000003205
       -0.0000000623  -0.0000023201   0.0000036955  -0.0000003785   0.0000022654
       -0.0000006805  -0.0000009880  -0.0000026421   0.0000028535  -0.0000004043
       -0.0000000538   0.0000039986  -0.0000012320  -0.0000004765   0.0000004154
        0.0000009259  -0.0000028628  -0.0000033999  -0.0000014779   0.0000056455
        0.0000014471  -0.0000019158   0.0000071208   0.0000026583  -0.0000003612
       -0.0000120511   0.0000008136   0.0000086787   0.0000031248   0.0000003514
       -0.0000023604   0.0000058141  -0.0000006791  -0.0000057706  -0.0002051103
        0.0000089169  -0.0001404277  -0.0017894652   0.0011196867   0.0007772638
        0.0004246403  -0.0002400951   0.0000934465  -0.0000067653  -0.0000038394
       -0.0000364853   0.0000966489  -0.0001896474   0.0001244463  -0.0000419108
        0.0001250107  -0.0000270851  -0.0000025726   0.0000011305  -0.0000019904
        0.0000007833  -0.0000039601  -0.0000082724  -0.0000038689  -0.0000006499
       -0.0000047685  -0.0084719118  -0.0057398728   0.0180115240  -0.0011897873
       -0.0486864742   0.0308138030   0.0022513370   0.0023966823  -0.0279822943
        0.0097571724   0.0535012935  -0.0396424720  -0.0013210119  -0.0020202321
        0.0185756315
        0.0000659764  -0.0000124687   0.0000228918  -0.0000709892  -0.0000086200
       -0.0000077440   0.0000156121   0.0000086711   0.0000104185  -0.0000061012
        0.0000086618   0.0000050149  -0.0000485639  -0.0000049754  -0.0000093601
       -0.0000005945  -0.0000064104  -0.0000129254   0.0000226429  -0.0000049819
       -0.0000068076   0.0000455287  -0.0000028382   0.0000238741   0.0000218067
        0.0000517229   0.0000591982  -0.0000499188   0.0000192352  -0.0000026282
        0.0000061525   0.0000035381   0.0000058439  -0.0000009025   0.0000016084
        0.0000014549  -0.0000113144   0.0000025738   0.0000019767  -0.0000012678
        0.0000087086  -0.0000059015  -0.0000059647   0.0000048846  -0.0000000400
        0.0000446714  -0.0000097483  -0.0000130804   0.0000208172   0.0000069463
       -0.0000001854  -0.0000082588   0.0000042558   0.0000008564  -0.0000044464
        0.0000018908  -0.0000034615   0.0000029503  -0.0000006749  -0.0000011465
        0.0000005845   0.0000014973   0.0000011363  -0.0000006258   0.0000014389
       -0.0000002062   0.0000048576   0.0000026986   0.0000044752  -0.0000071620
       -0.0000010322  -0.0000017611  -0.0000026345  -0.0000057967   0.0000095171
       -0.0000016031   0.0000262479  -0.0000075090   0.0000182414   0.0000044841
        0.0000047613  -0.0002210481  -0.0001425043   0.0000409346   0.0000005851
       -0.0000001275   0.0000020853   0.0000003077  -0.0000004163  -0.0000030390
        0.0000019870   0.0000009806  -0.0000020224   0.0000008671  -0.0000002059
        0.0000007130   0.0000030840  -0.0000050006  -0.0000010508  -0.0000017429
        0.0000004319   0.0000014733   0.0000044264  -0.0000034986   0.0000001903
        0.0000000985  -0.0000063369   0.0000004251   0.0000009445   0.0000005748
        0.0000000459   0.0000030328   0.0000027316  -0.0000010724  -0.0000086983
       -0.0000025638   0.0000021960  -0.0000104082  -0.0000036580   0.0000002882
        0.0000177454  -0.0000009928  -0.0000100984  -0.0000041321  -0.0000001738
        0.0000026769  -0.0000082830   0.0000013242   0.0000069769   0.0002163392
       -0.0000460470   0.0001716928   0.0011171396  -0.0026594557  -0.0001487383
       -0.0006901484   0.0006156419  -0.0002405992   0.0000118359   0.0000012960
        0.0000464154  -0.0001315545   0.0003183862  -0.0001715847   0.0000558164
       -0.0002009396   0.0000517269   0.0000024098  -0.0000025555   0.0000020031
        0.0000001618   0.0000060722   0.0000093339   0.0000068294   0.0000013016
        0.0000067971   0.0090705488   0.0085418092  -0.0029154423   0.0242827718
        0.0310258191  -0.2841259515   0.0009544756   0.0007689668  -0.0176044734
       -0.0356178867  -0.0396424720   0.3167441037   0.0008930012   0.0013300947
       -0.0119446682
       -0.0000027300  -0.0000058556   0.0000036589   0.0000027604   0.0000011469
       -0.0000013814  -0.0000015970  -0.0000031478   0.0000006960   0.0000043252
       -0.0000017162  -0.0000015842   0.0000053988   0.0000138089  -0.0000079595
       -0.0000012271  -0.0000002285   0.0000022387   0.0000031251  -0.0000000728
        0.0000030992   0.0000556149   0.0000324151  -0.0000080073   0.0001336751
        0.0002881519  -0.0001205945   0.0000223852   0.0000128975  -0.0000047473
       -0.0000082211  -0.0000111219  -0.0000081873   0.0000093704   0.0000078437
        0.0000059363   0.0000000223  -0.0000072514  -0.0000021300   0.0000039973
        0.0000068944  -0.0000034866   0.0000138134  -0.0000094285  -0.0000031918
       -0.0000160594  -0.0000041693   0.0000086357  -0.0000051164  -0.0000048054
        0.0000025087   0.0000012467   0.0000008919  -0.0000013391   0.0000008774
        0.0000009712  -0.0000001133  -0.0000003999   0.0000007436  -0.0000000269
       -0.0000004435   0.0000016863  -0.0000002077  -0.0000005385   0.0000011596
       -0.0000001394  -0.0000005958  -0.0000000300  -0.0000003535  -0.0000018939
       -0.0000053661   0.0000013532  -0.0000015147  -0.0000028049   0.0000039833
        0.0000141014  -0.0000061955  -0.0000142294   0.0000010958   0.0000102958
       -0.0000014750  -0.0035824205  -0.0023437915   0.0007861931  -0.0000010572
       -0.0000015089  -0.0000006854  -0.0000011840   0.0000012534   0.0000011066
       -0.0000021051   0.0000000592   0.0000004479  -0.0000011560   0.0000007476
        0.0000010053  -0.0000000925   0.0000046280  -0.0000031825   0.0000029148
       -0.0000022117   0.0000010543  -0.0000054455  -0.0000001195   0.0000003243
       -0.0000020889  -0.0000004902  -0.0000010429  -0.0000019363   0.0000012369
        0.0000031941  -0.0000045560  -0.0000013382  -0.0000059961   0.0000020362
        0.0000017167  -0.0000014045   0.0000033541   0.0000034208  -0.0000014593
       -0.0000037516  -0.0000038237   0.0000077346   0.0000013124   0.0000009546
       -0.0000023639   0.0000023676   0.0000022465  -0.0000065619   0.0000393272
       -0.0001114156   0.0000590923  -0.0003171704   0.0023524247  -0.0011792872
        0.0007996009  -0.0004646180   0.0003475731   0.0000034493  -0.0000201026
       -0.0000214788  -0.0000359484   0.0003373850   0.0001027360  -0.0003116565
       -0.0002790540  -0.0001816930  -0.0000030529  -0.0000015742  -0.0000007378
        0.0000010737  -0.0000001650  -0.0000042635   0.0000013127   0.0000010427
        0.0000021452  -0.0304359537   0.0120798580  -0.0091914041  -0.1770403919
        0.1066522174  -0.0672923188  -0.0010698823   0.0013787570  -0.0008214832
        0.0022130707  -0.0013210119   0.0008930012   0.2095185579  -0.1185834364
        0.0766567987
        0.0000469462  -0.0000128779   0.0000174864  -0.0000493705  -0.0000050642
       -0.0000063523   0.0000106050   0.0000040407   0.0000059916  -0.0000041447
        0.0000065298   0.0000055496  -0.0000356412  -0.0000076285  -0.0000029760
       -0.0000028245  -0.0000025805  -0.0000058507   0.0000130302  -0.0000031188
       -0.0000031112   0.0000219203  -0.0000025136   0.0000135904   0.0005275459
        0.0001626687   0.0000288392  -0.0000138132   0.0000243962  -0.0000034730
       -0.0000060658  -0.0000080381  -0.0000035289   0.0000094917   0.0000098655
        0.0000080391  -0.0000089144  -0.0000056730   0.0000014076   0.0000035158
        0.0000147844  -0.0000037758   0.0000072228  -0.0000031868   0.0000008277
        0.0000172905  -0.0000097467  -0.0000042685   0.0000105024   0.0000008111
       -0.0000002763  -0.0000045715   0.0000039330  -0.0000002217  -0.0000029431
        0.0000022316  -0.0000023448   0.0000021128  -0.0000000463  -0.0000010760
       -0.0000000015  -0.0000001272  -0.0000014807   0.0000015756  -0.0000000262
       -0.0000019551   0.0000029384   0.0000010787   0.0000018702  -0.0000172806
       -0.0000135004  -0.0000013260  -0.0000097632  -0.0000046377   0.0000069075
        0.0000377013   0.0000132408  -0.0000223090  -0.0000053215   0.0000026409
       -0.0000023394  -0.0022387574  -0.0008538724   0.0004913993  -0.0000000988
       -0.0000016469   0.0000000946   0.0000003954   0.0000002157  -0.0000015299
       -0.0000000817   0.0000004868  -0.0000015127  -0.0000002508   0.0000006732
       -0.0000002864   0.0000011195  -0.0000005363  -0.0000011801  -0.0000016276
       -0.0000014159   0.0000004453  -0.0000009628  -0.0000029725   0.0000001184
       -0.0000013373  -0.0000048951   0.0000004163  -0.0000008988  -0.0000000255
       -0.0000008124  -0.0000030063   0.0000028047  -0.0000003969  -0.0000041901
        0.0000003485   0.0000007204  -0.0000045706   0.0000001865  -0.0000002132
        0.0000080007  -0.0000046933  -0.0000042657  -0.0000009781   0.0000014515
        0.0000007272  -0.0000033494   0.0000031252   0.0000018239   0.0001482017
       -0.0001121112   0.0000949546  -0.0027665424   0.0017421293  -0.0006544363
        0.0001377216  -0.0020985918   0.0006037685   0.0000022074  -0.0000102223
        0.0000159636  -0.0001101743   0.0003825767  -0.0000037931  -0.0001193565
       -0.0002957358  -0.0001141768   0.0000002262  -0.0000014560   0.0000007559
        0.0000008912   0.0000025513   0.0000038298   0.0000037972   0.0000008680
        0.0000046544  -0.0107040395   0.0080284174  -0.0051962039   0.1115063097
       -0.1302822700   0.0543486391   0.0195693706  -0.0162495251   0.0100802198
        0.0026136744  -0.0020202321   0.0013300947  -0.1185834364   0.1416069118
       -0.0610236625
       -0.0000193035   0.0000051443  -0.0000077889   0.0000206080   0.0000016353
        0.0000021221  -0.0000048263  -0.0000022205  -0.0000028173   0.0000032465
       -0.0000012666  -0.0000006260   0.0000175075   0.0000048601  -0.0000005445
       -0.0000012903   0.0000022660   0.0000038327  -0.0000055992   0.0000014683
        0.0000016720  -0.0000043112   0.0000060794  -0.0000033651  -0.0002258181
       -0.0000136745   0.0000459583   0.0000064234  -0.0000090173   0.0000031837
        0.0000008434   0.0000024541   0.0000010336  -0.0000029812  -0.0000039999
       -0.0000031818   0.0000047130   0.0000017958   0.0000006171  -0.0000006840
       -0.0000041457   0.0000015836  -0.0000015180   0.0000004768   0.0000012177
       -0.0000078895   0.0000033464   0.0000004013  -0.0000047043  -0.0000012364
       -0.0000001087   0.0000022597  -0.0000013453   0.0000003628   0.0000011537
       -0.0000008673   0.0000015380  -0.0000007784   0.0000001663   0.0000004692
       -0.0000002973  -0.0000009838  -0.0000007746   0.0000007952  -0.0000009407
       -0.0000007384  -0.0000016239  -0.0000009429  -0.0000011291   0.0000096980
        0.0000035725  -0.0000007882   0.0000028052   0.0000021683  -0.0000060105
       -0.0000251225  -0.0000114730   0.0000065887  -0.0000104771  -0.0000057733
        0.0000018162   0.0007189040   0.0004513260   0.0003844982  -0.0000000441
        0.0000001936  -0.0000004271   0.0000000872  -0.0000001306   0.0000007287
       -0.0000002527  -0.0000003603   0.0000004314   0.0000003023  -0.0000000477
       -0.0000009608  -0.0000009401   0.0000005627   0.0000005826  -0.0000004349
        0.0000001625  -0.0000010692   0.0000000604   0.0000010405  -0.0000000653
        0.0000000222   0.0000022320  -0.0000007197   0.0000006690  -0.0000002449
       -0.0000012910   0.0000005523  -0.0000006549  -0.0000000076   0.0000017241
        0.0000002280  -0.0000001550   0.0000023013   0.0000005883   0.0000004391
       -0.0000048751   0.0000006198   0.0000009632   0.0000012794   0.0000000240
        0.0000003752   0.0000019861  -0.0000006219  -0.0000004415  -0.0000290542
        0.0000419892  -0.0000442131   0.0010125512  -0.0001380183   0.0009463416
        0.0001120698   0.0004594279  -0.0009502341  -0.0000007795   0.0000021733
       -0.0000094294   0.0000282566  -0.0001248913   0.0000139374   0.0000445051
        0.0000930239   0.0000239957  -0.0000010094   0.0000005957  -0.0000002737
        0.0000001228  -0.0000019067  -0.0000032931  -0.0000019414  -0.0000002290
       -0.0000017515   0.0025812782  -0.0027692668   0.0023560901  -0.0697552321
        0.0538084994  -0.0799464959   0.0110630110  -0.0093558296   0.0057508046
       -0.0221847472   0.0185756315  -0.0119446682   0.0766567987  -0.0610236625
        0.0833817844
