$hessian                                                                        
        0.6077620700   0.0825349019  -0.1230256337  -0.3000911602  -0.0130532791
       -0.0119422178  -0.0359733350  -0.0170727587  -0.0083295679   0.0026195761
       -0.0026217801  -0.0001729750  -0.0016556778   0.0002448573  -0.0000307677
        0.0024018170   0.0021815277   0.0028765428  -0.0439248749   0.0080760093
        0.0102576239   0.0000167435  -0.0002929602  -0.0001965663  -0.0011918518
        0.0001045415   0.0000295657  -0.0087629101  -0.0133889214   0.0165264303
        0.0042008498   0.0065506080   0.0032313146  -0.0016186932  -0.0043549060
       -0.0023791621   0.0000902943   0.0015365353  -0.0000901100   0.0004211454
       -0.0002963050   0.0003242469  -0.0001181055   0.0002048831  -0.0002435388
       -0.0043713568   0.0081549921  -0.0104503678  -0.0097902178  -0.0036127051
       -0.0006496364  -0.1223009722   0.0662886267   0.1344283543  -0.0920558375
       -0.1257111264  -0.0078960212   0.0019778992   0.0017453144  -0.0001409122
       -0.0007994633  -0.0001918311  -0.0000662256  -0.0010041940  -0.0001253142
        0.0002493474   0.0018078673  -0.0001935923  -0.0015363582   0.0000710622
       -0.0000478449  -0.0000813448  -0.0003731591  -0.0002017440   0.0000043620
        0.0000046883   0.0002467179  -0.0000513353   0.0002965607   0.0003652381
       -0.0007458110  -0.0001281020   0.0002018977  -0.0000632651   0.0000393013
        0.0011487162  -0.0022032874   0.0002355881   0.0001327524  -0.0004299498
        0.0002989268  -0.0004047704  -0.0000741082   0.0002264104   0.0002073506
        0.0002310168   0.0003144332  -0.0000486496  -0.0001501009  -0.0000656545
        0.0000139928   0.0000282981   0.0001061838  -0.0001849867  -0.0000059881
        0.0001160192   0.0001080375  -0.0000063456  -0.0000084911   0.0000564166
        0.0000449172  -0.0000057449   0.0000615961  -0.0000267117   0.0014662533
        0.0003785328  -0.0013139572   0.0016427112   0.0001658762   0.0013271420
       -0.0021986323   0.0034920376   0.0026978443  -0.0008960692   0.0000959345
       -0.0003663601   0.0009741411  -0.0016522685  -0.0002478841   0.0002215781
       -0.0018715567   0.0014087454   0.0017410903   0.0011425359  -0.0004772737
       -0.0007086697  -0.0004514385   0.0003359910   0.0004022640  -0.0000484036
        0.0004012270  -0.0012125956   0.0034272638  -0.0017473144   0.0004146496
       -0.0020686738   0.0002402682  -0.0000848998   0.0001231213  -0.0000208324
        0.0000165584   0.0000126075  -0.0000159146   0.0000780636  -0.0001021245
        0.0001823077  -0.0006455191  -0.0009147879   0.0004174425   0.0002250891
       -0.0000286517  -0.0000873830  -0.0001465979  -0.0000857584  -0.0000370701
       -0.0000987766  -0.0000290736   0.0000985769   0.0000417268   0.0000527899
       -0.0000392667
        0.0825349019   0.5211531662   0.2496903487  -0.0342169178  -0.0697084733
       -0.0237278526  -0.0331276088  -0.0054857509  -0.0035537975  -0.0008840930
       -0.0024756008  -0.0060283633   0.0000485834   0.0012525475   0.0011911608
       -0.0010157075  -0.0017715529  -0.0048494696   0.0269027017   0.0016499507
       -0.0039436391   0.0001303010  -0.0001157749   0.0005235534   0.0002077904
       -0.0001621661   0.0000797654  -0.0013945168   0.0014590514  -0.0101449279
       -0.0011799109  -0.0102126762   0.0042911421   0.0007198664   0.0031425102
        0.0020985525  -0.0004810572  -0.0011213931  -0.0004784745  -0.0003117814
        0.0004745536  -0.0002912072   0.0000769801  -0.0001263496   0.0001365089
        0.0052824216  -0.0017450579   0.0036048082  -0.0031191648   0.0009254207
       -0.0007802572   0.0759474528  -0.1182016497  -0.1467964296  -0.1158909822
       -0.3184773008  -0.0650664620  -0.0009776922   0.0002826583   0.0018765318
       -0.0012429823  -0.0003146945   0.0001450158   0.0011681573   0.0000721437
       -0.0002918545   0.0011242058   0.0004303686   0.0014751420  -0.0000712390
       -0.0000069619   0.0000260785   0.0002074495   0.0000660224   0.0000322617
        0.0000380757   0.0000256493  -0.0000123264  -0.0000133953  -0.0001438531
        0.0001651060   0.0001052321  -0.0000591736   0.0000235460  -0.0002128853
        0.0003140388   0.0003601538  -0.0001363417   0.0000323112  -0.0000182877
       -0.0002245944   0.0001772093   0.0003430467  -0.0003519944  -0.0001243386
       -0.0000843119  -0.0000531633  -0.0000033711  -0.0000054360   0.0000604069
        0.0000336792  -0.0000184793  -0.0000384314   0.0000384177  -0.0000013851
       -0.0000594756  -0.0001154310   0.0000228756  -0.0000139020  -0.0000116555
       -0.0000504125   0.0000144157  -0.0000149455  -0.0000150783   0.0004969606
       -0.0007330835   0.0000555275  -0.0003602765  -0.0009948769   0.0005327924
        0.0012860800   0.0005051775  -0.0018338982  -0.0000265238   0.0000174178
        0.0003841923  -0.0007781150  -0.0002142511   0.0011115300  -0.0002351264
        0.0006013424  -0.0003936524  -0.0001109677  -0.0004754771   0.0001133967
       -0.0000437856   0.0002862526  -0.0000936734  -0.0001538549   0.0000653402
       -0.0000887530   0.0005708091  -0.0012048688   0.0004109417  -0.0003370354
        0.0007634782   0.0000964666   0.0001004156  -0.0001250775  -0.0000471699
       -0.0000533134   0.0000097304   0.0000431018   0.0000030279   0.0000467560
       -0.0001041457   0.0000859036   0.0002860969  -0.0001051201  -0.0000224216
        0.0000248231   0.0000087681   0.0000286469   0.0000145849   0.0000096857
        0.0000191208   0.0000003276  -0.0000319476  -0.0000206492  -0.0000052203
        0.0000048115
       -0.1230256337   0.2496903487   0.2993895730   0.0216635920  -0.0203187238
       -0.0509192924  -0.0236230118  -0.0087881654  -0.0003370809   0.0029242317
       -0.0047846371   0.0011272732  -0.0007773042   0.0017330516   0.0009999565
        0.0021351904  -0.0060180426   0.0008676245   0.0219133324   0.0007545529
        0.0017391138  -0.0001640699   0.0003448834  -0.0005369513  -0.0004809924
        0.0001728400  -0.0001430382   0.0041964122  -0.0155399399   0.0075684160
        0.0033018845   0.0125419219  -0.0007700405  -0.0012669010  -0.0059471101
       -0.0027947497   0.0005280384   0.0019517618   0.0001495296   0.0005798509
       -0.0005891993   0.0004051463  -0.0001155436   0.0002149117  -0.0002412057
       -0.0067457595   0.0033775927   0.0002626292   0.0002292510  -0.0014675589
        0.0017410604   0.1198047620  -0.1276994037  -0.2132341646  -0.0213126860
       -0.0868650112  -0.0341145967  -0.0011493707   0.0014732814  -0.0006631075
       -0.0009426168  -0.0003064687  -0.0001357241   0.0009176246   0.0001576163
       -0.0000704117   0.0002504911   0.0019901473  -0.0008208714  -0.0000613752
        0.0000145391   0.0000092940  -0.0002054411  -0.0001161562  -0.0000159383
        0.0000009842   0.0001165324  -0.0000422220   0.0000325942   0.0001918670
       -0.0003013206  -0.0001593809   0.0001091283  -0.0000855290  -0.0020064407
        0.0035322687  -0.0069968541   0.0001679018   0.0000949739  -0.0001836358
        0.0003179598  -0.0002807999  -0.0003255458   0.0004076994   0.0002146537
        0.0002018776   0.0001299644  -0.0000028725  -0.0001024596  -0.0000770444
       -0.0000535446   0.0000761003   0.0000599319  -0.0000901828   0.0000137172
        0.0001039625   0.0001551806  -0.0000154318   0.0000182070   0.0000543716
        0.0000868796  -0.0000122630   0.0000285381  -0.0000076130  -0.0006937427
        0.0008541532  -0.0006270768   0.0008219091   0.0010895628  -0.0005262854
        0.0009572154  -0.0016495958   0.0019188104   0.0000749163   0.0003995698
        0.0000683062   0.0010259615  -0.0002332160  -0.0030538437   0.0003191149
       -0.0010738045   0.0007682424   0.0005024427   0.0007337634  -0.0002621759
       -0.0001126878  -0.0003820485   0.0002176469   0.0002801803  -0.0000766053
        0.0002613136  -0.0009796784   0.0018784663  -0.0010357696   0.0005100969
       -0.0011202972   0.0000779086  -0.0001135047   0.0001574608   0.0000596200
        0.0000626047  -0.0000154105  -0.0000369390   0.0000111509  -0.0000666051
        0.0001500482  -0.0002191577  -0.0004712219   0.0002538008   0.0000632641
       -0.0000439631  -0.0000426167  -0.0000600208  -0.0000302252  -0.0000178493
       -0.0000390339  -0.0000103001   0.0000662219   0.0000309376   0.0000131706
       -0.0000197689
       -0.3000911602  -0.0342169178   0.0216635920   0.6758034658   0.0219731357
       -0.0355783101  -0.1198964572  -0.0928699815  -0.0608211806  -0.0260756590
       -0.0250593932  -0.0159203947   0.0047033112   0.0052752910   0.0024236367
       -0.0441025779   0.0120010931   0.0150887319  -0.1511597785   0.0997408722
        0.0884988485  -0.0006234223   0.0002223495  -0.0000963668   0.0013839793
       -0.0000381279  -0.0000236812  -0.0003419938   0.0107547103  -0.0126508486
       -0.0012997120  -0.0040942370  -0.0030414063   0.0017874837   0.0036447707
        0.0020014334  -0.0002023053  -0.0016894458  -0.0002267810  -0.0005437925
        0.0003344981  -0.0003690343   0.0001261763  -0.0002287397   0.0002632920
       -0.0014249547  -0.0017892272   0.0031371233   0.0041464059   0.0015592221
        0.0003780071  -0.0219712382   0.0099505705   0.0004599788  -0.0166413633
       -0.0043364547  -0.0111301034   0.0048811028   0.0128631469   0.0099448720
       -0.0052295791  -0.0015986160   0.0011868678  -0.0051627601  -0.0015642112
        0.0010944270   0.0059328547  -0.0086899265  -0.0061337623   0.0002093971
       -0.0000746507  -0.0000123275   0.0005655017   0.0002069690   0.0001671381
        0.0000012607  -0.0001444331  -0.0000061792  -0.0004387597  -0.0002632984
        0.0006784570   0.0001143661  -0.0002253025   0.0000643479   0.0002126117
       -0.0009579067   0.0002986207  -0.0001099796  -0.0001317639   0.0005799186
       -0.0004664875   0.0004143420   0.0002135151  -0.0004060850  -0.0004104928
       -0.0002773189  -0.0004949464  -0.0000707961   0.0002115758   0.0000872655
       -0.0000001549  -0.0000321630  -0.0001184769   0.0002235646  -0.0000103807
       -0.0001216158  -0.0001271041   0.0000049075   0.0000014306  -0.0000645996
       -0.0000512979  -0.0000103513  -0.0000705890   0.0000285977  -0.0018368654
       -0.0003436439   0.0005587662  -0.0018637370  -0.0002861641  -0.0008060688
        0.0017321972  -0.0018544084  -0.0015502973   0.0005492807  -0.0002824832
        0.0001173510  -0.0015122614   0.0014307579   0.0003426598  -0.0001317001
        0.0019717988  -0.0015336567  -0.0018308281  -0.0010967221   0.0004570156
        0.0007696629   0.0004203813  -0.0003339517  -0.0004121970   0.0000457708
       -0.0004354181   0.0011830003  -0.0036915905   0.0018404120  -0.0003969342
        0.0021674480  -0.0001826100   0.0001202538  -0.0001309034   0.0000932267
       -0.0000151734  -0.0000068322   0.0000093150  -0.0000465607   0.0001122844
       -0.0001825974   0.0006874073   0.0009761933  -0.0004316403  -0.0002224914
        0.0000455098   0.0000715783   0.0001468443   0.0001019388   0.0000378536
        0.0000953285   0.0000292629  -0.0001172707  -0.0000383834  -0.0000567637
        0.0000389805
       -0.0130532791  -0.0697084733  -0.0203187238   0.0219731357   0.4710247565
        0.2501002493  -0.0362660596  -0.1972496901  -0.1089015838  -0.0691698507
        0.0055814243   0.0158007510   0.0059777111  -0.0432320702  -0.0289311127
        0.0556836250   0.0283761268   0.0140841042   0.0437340947  -0.1656674144
       -0.0901362609  -0.0004200710  -0.0003154213  -0.0002406557  -0.0004061839
        0.0002052064  -0.0001065060   0.0010740019   0.0023730591  -0.0018080669
        0.0001488912  -0.0025026919   0.0008399223   0.0004528787   0.0003046263
        0.0006741417   0.0000134828  -0.0001087259  -0.0000898155  -0.0000580713
        0.0000573507  -0.0000301063   0.0000094206   0.0000092858   0.0000005356
        0.0012649999  -0.0011484757   0.0010582622  -0.0007073876  -0.0001080780
        0.0000598544   0.0151080410   0.0000979798   0.0025292322  -0.0277199268
       -0.0024030316  -0.0020656434  -0.0053782313  -0.0163650835  -0.0115058787
       -0.0008885802   0.0040002058  -0.0033005982  -0.0022348249   0.0037034413
       -0.0033601810   0.0111626570  -0.0166055764  -0.0158687486   0.0000249571
        0.0001326572   0.0000377208  -0.0001271473   0.0000182471   0.0002738922
       -0.0000217635   0.0001613217  -0.0000128780  -0.0001442285  -0.0002377024
        0.0002641614  -0.0000313184  -0.0000048838  -0.0000262026  -0.0001064813
       -0.0000856044   0.0002047666  -0.0001191284  -0.0002165365   0.0009157314
       -0.0000194406   0.0001096804  -0.0000468851  -0.0000282184  -0.0000515700
       -0.0000930220  -0.0002260655  -0.0000202234   0.0001121778   0.0000106404
        0.0000156834   0.0000160142  -0.0000089039   0.0000539982  -0.0000240648
        0.0000058752   0.0000056766  -0.0000024812   0.0000034030  -0.0000065924
       -0.0000005113  -0.0000192527  -0.0000043440   0.0000049943  -0.0002609590
       -0.0000106486   0.0000394971  -0.0001338657  -0.0000829316  -0.0000701344
        0.0002823997  -0.0003671355  -0.0000177580   0.0002624456  -0.0001324273
       -0.0000449206   0.0000554275   0.0001251403  -0.0001370583   0.0002505553
        0.0003151010  -0.0001479947  -0.0001349018  -0.0000932906   0.0001021967
        0.0000639465   0.0000287047   0.0000008970  -0.0000020912  -0.0000242608
       -0.0000168843   0.0000169497  -0.0002776856   0.0001712586   0.0000546541
        0.0002358062  -0.0000078668   0.0000148727   0.0000522417   0.0000315733
        0.0000115443  -0.0000057102  -0.0000007757   0.0000001237   0.0000092993
        0.0000044858   0.0000233966   0.0000425166   0.0000127672  -0.0000097174
       -0.0000098932  -0.0000203101   0.0000062748   0.0000176131   0.0000012187
        0.0000029219  -0.0000009993  -0.0000036183   0.0000026224  -0.0000099785
       -0.0000031583
       -0.0119422178  -0.0237278526  -0.0509192924  -0.0355783101   0.2501002493
        0.3260806000  -0.0171528937  -0.0987709768  -0.1238597914  -0.0484661321
        0.0090857290   0.0122937711   0.0032047722  -0.0292258579  -0.0284007473
        0.0489752980   0.0215964665   0.0066571921   0.0453309576  -0.0997795895
       -0.1288610531  -0.0002623614  -0.0003759690   0.0000880915  -0.0002685375
        0.0000068266   0.0000354832  -0.0018551564  -0.0012183420   0.0012539833
        0.0000497397   0.0020660854  -0.0003218769  -0.0001104487   0.0000067172
       -0.0004090194  -0.0000513062  -0.0000085971  -0.0001242197  -0.0000152791
        0.0000448433  -0.0000213856   0.0000033790   0.0000005319   0.0000134308
       -0.0014433077   0.0011112053  -0.0009492791  -0.0001779172   0.0001655086
       -0.0000544998   0.0226652265   0.0014584103  -0.0005641132  -0.0072939773
        0.0012273040  -0.0037741183  -0.0051183122  -0.0156211885  -0.0091146862
        0.0015805628  -0.0034365087   0.0059548431   0.0004950520  -0.0032228516
        0.0059399106   0.0071977798  -0.0119790765  -0.0094253853  -0.0000407446
        0.0000841308   0.0000800004  -0.0001706416   0.0000873309   0.0002220963
        0.0000162898   0.0001364206  -0.0000297672   0.0000384838  -0.0001429618
        0.0001738582   0.0000500332   0.0000074753  -0.0000084243  -0.0001848301
       -0.0002152340  -0.0008325451   0.0001254154   0.0008263773  -0.0009492633
        0.0000207382  -0.0000842952   0.0000178889   0.0000019156  -0.0000466505
       -0.0000213979   0.0000209941  -0.0000073582   0.0000315541   0.0000000561
        0.0000011902  -0.0000082487   0.0000078132   0.0000038284   0.0000022502
       -0.0000089346  -0.0000252389   0.0000135078  -0.0000015362  -0.0000041692
        0.0000006767   0.0000102453   0.0000056371  -0.0000043408   0.0000719372
       -0.0001408954   0.0000703342  -0.0000811596  -0.0000155369   0.0000284931
        0.0003072929  -0.0000359439  -0.0001549628   0.0002091826  -0.0001800725
       -0.0000981559  -0.0001277616   0.0000008937  -0.0000096118   0.0000274106
        0.0002036668  -0.0000794965   0.0000621540  -0.0001310436   0.0000790699
       -0.0000904261   0.0001069746  -0.0000363576  -0.0000172844   0.0000296178
       -0.0000297464   0.0001345082  -0.0000459702   0.0000980023  -0.0000952835
        0.0000416899  -0.0000289993  -0.0000061116  -0.0000068566  -0.0000353716
       -0.0000141709  -0.0000074922   0.0000133855  -0.0000123716   0.0000125567
       -0.0000148218  -0.0000305160   0.0000432004  -0.0000074052   0.0000113360
       -0.0000012626  -0.0000054352   0.0000025434   0.0000031636   0.0000005143
        0.0000010093  -0.0000016136   0.0000040861  -0.0000041967  -0.0000046259
        0.0000007953
       -0.0359733350  -0.0331276088  -0.0236230118  -0.1198964572  -0.0362660596
       -0.0171528937   0.6809011053   0.0370904482  -0.0621204764  -0.3432861560
       -0.0717387746  -0.0025256615  -0.0453681934   0.0570982490   0.0506077668
       -0.0401513404  -0.0279666818  -0.0149543670   0.0502825274  -0.0064510114
       -0.0140240957   0.0005712324   0.0021454805   0.0019397777  -0.0001127760
       -0.0005319738   0.0002471074   0.0007732523  -0.0018679537   0.0020229698
       -0.0003629317   0.0003287129  -0.0001664278  -0.0000892024  -0.0005652445
       -0.0002075740   0.0002214981   0.0003362632  -0.0001056608   0.0000498825
       -0.0000810264   0.0001180140  -0.0000164635   0.0000393094  -0.0000413887
       -0.0007105090   0.0005479142  -0.0002299906  -0.0013615146  -0.0003645025
       -0.0000400316   0.0016553301  -0.0023968377  -0.0020973274  -0.0051118088
        0.0000087472  -0.0000679724  -0.1256224352   0.0873280816   0.0815110476
       -0.0153910703  -0.0042774324  -0.0011501575   0.0000261481  -0.0008947306
       -0.0002540152  -0.0013873701   0.0022271177   0.0029345124  -0.0005862908
       -0.0003214348   0.0001080522   0.0001397411  -0.0002052646  -0.0002783117
       -0.0001129790  -0.0002200427  -0.0000123122   0.0000011673   0.0002799915
       -0.0003614243  -0.0000236351   0.0000186559   0.0000143131  -0.0000917607
        0.0000478650  -0.0002237904   0.0001896607   0.0001560405  -0.0001262161
        0.0000005475  -0.0001069802   0.0000595824   0.0000777513   0.0001521641
       -0.0000368109   0.0000019109  -0.0001122789   0.0001392867  -0.0000174979
        0.0000030608   0.0000224218  -0.0000075736   0.0000372845  -0.0000236552
        0.0000146973   0.0000160897   0.0000130130   0.0000114220   0.0000136786
        0.0000113611  -0.0000155425   0.0000082711   0.0000076514   0.0003456955
       -0.0000424528  -0.0002266959   0.0003648491   0.0000798392   0.0002102765
       -0.0000890835   0.0004257262   0.0003821626  -0.0001368712   0.0000210500
       -0.0000672260   0.0003172845  -0.0003931958  -0.0001788732   0.0000124528
       -0.0005234416   0.0001295763   0.0000167306   0.0004424367  -0.0001181298
        0.0001095121  -0.0003542954   0.0000456890   0.0000731086  -0.0000408897
        0.0000476229  -0.0004001799   0.0007767560  -0.0000736339   0.0001647254
       -0.0005860754  -0.0001294952  -0.0000439762   0.0000873117   0.0000445662
        0.0000213285   0.0000055206  -0.0000401286   0.0000301004  -0.0000171833
        0.0000373424  -0.0000595197  -0.0002496046   0.0000065367   0.0000660116
       -0.0000003753  -0.0000083012  -0.0000179645  -0.0000155622  -0.0000137763
       -0.0000192433  -0.0000020573   0.0000233225   0.0000240082  -0.0000010941
       -0.0000041394
       -0.0170727587  -0.0054857509  -0.0087881654  -0.0928699815  -0.1972496901
       -0.0987709768   0.0370904482   0.4465849871   0.2546846821  -0.0118833466
       -0.0817117634  -0.0272268806   0.0104480449   0.0287290589   0.0186607579
       -0.0254406496  -0.0168328293  -0.0058841691   0.0300895585  -0.0345143951
       -0.0316946713   0.0021600731   0.0005358510  -0.0046951159   0.0004582151
       -0.0001420291   0.0000648903  -0.0014504305  -0.0010569364   0.0016383505
        0.0003558024   0.0006536096   0.0010395499  -0.0002144090  -0.0002838713
       -0.0002441102  -0.0000344168  -0.0000313220   0.0001127399   0.0000185170
        0.0000575074  -0.0000128003   0.0000050031   0.0000226143   0.0000090938
        0.0014848154   0.0000422067  -0.0010981424  -0.0005494226  -0.0001530741
       -0.0001987847   0.0022065571  -0.0001493422   0.0008390257  -0.0005857664
        0.0007989929   0.0005142625   0.0869954954  -0.1343500438  -0.0930046688
       -0.0234514385  -0.0051859950  -0.0003247985  -0.0003880765   0.0000640919
        0.0004115971   0.0017698530   0.0003109367  -0.0050921661   0.0007290033
        0.0000071926  -0.0001415185  -0.0005437015  -0.0004246372  -0.0003054366
        0.0000723737  -0.0000107091  -0.0001246351   0.0001724780   0.0001027057
       -0.0002417329   0.0000383008   0.0000543162  -0.0000272173  -0.0000595925
       -0.0000053736  -0.0000681958   0.0003478555   0.0000213351  -0.0002591570
        0.0001444240  -0.0001264793  -0.0001057429  -0.0000560759  -0.0001004891
        0.0000235684   0.0000992861  -0.0000433643  -0.0000257585  -0.0000071701
       -0.0000147006  -0.0000002710   0.0000566129  -0.0000502055   0.0000155782
        0.0000019761  -0.0000107165   0.0000157004  -0.0000120796   0.0000076655
       -0.0000067128   0.0000223445   0.0000251094  -0.0000240518   0.0002664824
        0.0000594511  -0.0000387619   0.0001415647  -0.0000627373   0.0002262555
       -0.0005252611  -0.0000130903  -0.0003030883   0.0000108507   0.0001022529
        0.0000673964   0.0001802971  -0.0000872262   0.0004194846  -0.0001904594
       -0.0005063839   0.0003752845   0.0004090755   0.0003305984  -0.0001847551
       -0.0002310703  -0.0000508138   0.0000456769   0.0000549105   0.0000058166
        0.0000946655  -0.0001507826   0.0007481123  -0.0004226794  -0.0000090973
       -0.0004468796   0.0000109869  -0.0000378509  -0.0000138004  -0.0000589364
        0.0000001039  -0.0000018081   0.0000084994   0.0000021291  -0.0000067909
        0.0000133357  -0.0000842773  -0.0001188527   0.0000658140   0.0000479308
        0.0000019442  -0.0000078769  -0.0000188860  -0.0000258503  -0.0000070597
       -0.0000132207  -0.0000074839   0.0000352511  -0.0000001610   0.0000090784
       -0.0000034092
       -0.0083295679  -0.0035537975  -0.0003370809  -0.0608211806  -0.1089015838
       -0.1238597914  -0.0621204764   0.2546846821   0.3159093745   0.0391411842
       -0.0173402834  -0.0611379693   0.0168567089   0.0101230686   0.0049333840
       -0.0125439370  -0.0045744882  -0.0053739122   0.0137009200  -0.0251981650
       -0.0209275139   0.0028396989  -0.0047021640   0.0019199688  -0.0009908499
       -0.0004002113   0.0002528648   0.0002249705   0.0002018638   0.0006474026
       -0.0006020030   0.0001691304  -0.0005882822   0.0000783233   0.0001799610
        0.0000020816  -0.0001170739   0.0000507249  -0.0000548823  -0.0000142512
       -0.0000433138   0.0000186651  -0.0000127815   0.0000206050  -0.0000130252
        0.0001135244  -0.0000973211  -0.0002315883  -0.0002375735  -0.0001748253
       -0.0000198501   0.0008823821   0.0009197534  -0.0000099204   0.0012473070
       -0.0000495119   0.0021127469   0.0820725982  -0.0926518361  -0.1159701070
       -0.0150628260  -0.0036349245   0.0005304664  -0.0003219365   0.0003051445
        0.0002545385   0.0025606510  -0.0051884143   0.0028721224   0.0010889944
        0.0000804779  -0.0000857819   0.0003856978   0.0000914595  -0.0000131555
       -0.0000080128   0.0000688694  -0.0001041104   0.0000683556   0.0000739943
       -0.0000653006  -0.0000322747   0.0000422565  -0.0000273894  -0.0000082183
       -0.0001193605  -0.0000288263  -0.0001703595   0.0001861007  -0.0006745550
        0.0001708941  -0.0001199665  -0.0000640300  -0.0001120931  -0.0003147723
       -0.0000908675  -0.0000320868   0.0000876344  -0.0000237454  -0.0000057422
        0.0000302868  -0.0000474527   0.0000345739  -0.0000099996  -0.0000072256
        0.0000169978   0.0000311670  -0.0000095237  -0.0000125372  -0.0000118972
       -0.0000086495   0.0000008787   0.0000100729  -0.0000031101   0.0000907183
        0.0001197758  -0.0000702479   0.0001096383   0.0000673972   0.0000753814
       -0.0003840224  -0.0002586271   0.0000351532   0.0000526439   0.0001187292
       -0.0000168268   0.0002569559   0.0000294662   0.0000997084  -0.0000020102
       -0.0002852726   0.0002164126   0.0002908950  -0.0000947584  -0.0000037965
       -0.0000663445   0.0000244568   0.0000232543   0.0000436170  -0.0000067110
        0.0000840899  -0.0002192892   0.0005049504  -0.0002548224   0.0000699187
       -0.0003001861  -0.0000054203  -0.0000124472   0.0000089322  -0.0000117611
        0.0000095272  -0.0000058879  -0.0000002082  -0.0000030592  -0.0000126389
        0.0000267379  -0.0001459939  -0.0001209635   0.0001014993   0.0000043878
       -0.0000379712   0.0000038064  -0.0000191603  -0.0000196907  -0.0000018826
       -0.0000109002  -0.0000064651   0.0000275821   0.0000060462   0.0000050483
       -0.0000046284
        0.0026195761  -0.0008840930   0.0029242317  -0.0260756590  -0.0691698507
       -0.0484661321  -0.3432861560  -0.0118833466   0.0391411842   0.6638980393
        0.0567050877  -0.0533643594  -0.1602059908   0.0411308940   0.0535411164
        0.0539159406   0.0342794728   0.0175022508  -0.0490072309   0.0136038551
        0.0184014682  -0.0269341152   0.0153600390   0.0173118973  -0.0006108197
        0.0022348120  -0.0003174139  -0.0005616407   0.0001880924  -0.0010856776
        0.0001108657  -0.0000601620   0.0002312287  -0.0001987610   0.0004825201
       -0.0001151921  -0.0001045950  -0.0002017276   0.0000710316   0.0000013130
        0.0000242730  -0.0000791562   0.0000099538  -0.0000395549   0.0000368149
        0.0003381995   0.0000181100   0.0002518866   0.0002228007   0.0002378941
       -0.0000042327  -0.0004698332   0.0003423359   0.0006203049  -0.0008067307
        0.0003698146  -0.0009602916  -0.0200965144  -0.0007860606   0.0034994034
       -0.0869570806  -0.0804887199  -0.0520791237  -0.0002566854  -0.0026835353
       -0.0009095030  -0.0002873626   0.0008440089   0.0003209643  -0.0060049262
       -0.0006364074   0.0013514905   0.0006887957   0.0010714896   0.0014507041
       -0.0002066698   0.0000967387   0.0000376872  -0.0002221384  -0.0002458339
        0.0005189861  -0.0000741644   0.0000254653   0.0000067251   0.0000892755
        0.0001739647   0.0002049771  -0.0000073404  -0.0000723733  -0.0000849873
       -0.0000570247   0.0000331122  -0.0000270881   0.0000832855   0.0000040820
        0.0000846533   0.0001423842   0.0000968119  -0.0000203864   0.0000124916
       -0.0000215571  -0.0000022015  -0.0000094239  -0.0000233258   0.0000335866
       -0.0000348468  -0.0000070690  -0.0000105809   0.0000015934  -0.0000278802
       -0.0000168995  -0.0000017873  -0.0000256477   0.0000239868  -0.0001166188
        0.0000724707   0.0000555708  -0.0000893169  -0.0001617648  -0.0000498221
        0.0003360986  -0.0000029966  -0.0000425769  -0.0000243871  -0.0000870474
       -0.0000080353  -0.0001457617   0.0000304215  -0.0000117722   0.0006428626
        0.0005655604  -0.0003036230  -0.0001267832  -0.0001800537   0.0000126325
       -0.0000378494  -0.0000882974   0.0001142381  -0.0000397587   0.0000103659
       -0.0000319240   0.0000707960  -0.0005417535   0.0002577780  -0.0000447753
        0.0004427926  -0.0001190476   0.0000677426  -0.0000545741  -0.0000208605
       -0.0000115889  -0.0000013389   0.0000071456  -0.0000305527   0.0000054156
       -0.0000319471  -0.0000820053   0.0000230098   0.0000617034  -0.0000581517
       -0.0000796337   0.0000481633   0.0000034735  -0.0000261484   0.0000192906
        0.0000102111  -0.0000024088   0.0000164340   0.0000193478   0.0000102516
        0.0000032985
       -0.0026217801  -0.0024756008  -0.0047846371  -0.0250593932   0.0055814243
        0.0090857290  -0.0717387746  -0.0817117634  -0.0173402834   0.0567050877
        0.4600172534   0.2560792158   0.1016141983  -0.1554773913  -0.1006823677
       -0.0098119162  -0.0399622959  -0.0290868608   0.0173261996  -0.0036426337
       -0.0034740453   0.0016471442   0.0031804776   0.0014575173  -0.0009693876
       -0.0006754173   0.0005852016  -0.0005481899  -0.0001343654  -0.0000262309
       -0.0000945613  -0.0000437708   0.0001475675   0.0002082515   0.0002018771
        0.0000504162  -0.0001246203  -0.0001758531   0.0000491996  -0.0000411072
        0.0000564485  -0.0000086089  -0.0000129659  -0.0000090053   0.0000211328
        0.0004412518   0.0000517321  -0.0002229488  -0.0000339815   0.0000241519
       -0.0000162966   0.0002987391  -0.0004487517  -0.0004930119  -0.0008815107
        0.0004217353  -0.0006186838   0.0183249801   0.0016528838  -0.0016846429
       -0.0798819332  -0.1853969478  -0.1034204340  -0.0024176421  -0.0012342595
       -0.0058503827   0.0003304618   0.0003876050   0.0003341722  -0.0008816359
        0.0001385350  -0.0003446681  -0.0012026315   0.0003042919   0.0000536791
       -0.0003195873  -0.0001231347   0.0005994929   0.0001475892  -0.0001746733
       -0.0004049755   0.0000128120   0.0000409541   0.0001102775  -0.0000165577
        0.0000643367  -0.0000077407   0.0000193178  -0.0000285116  -0.0001685832
       -0.0000400803  -0.0000365797  -0.0000288730   0.0000972919  -0.0000133871
       -0.0000523375   0.0000812009   0.0000699919   0.0001062661  -0.0000128086
       -0.0000007516  -0.0000374326  -0.0000031508  -0.0000102928  -0.0000021773
       -0.0000153283  -0.0000004726  -0.0000197625   0.0000111725  -0.0000381491
       -0.0000283740  -0.0000069458   0.0000199481   0.0000358704   0.0000235557
       -0.0000207681  -0.0000052576  -0.0000081901  -0.0000564002   0.0000366562
        0.0001032399   0.0000889551  -0.0000494103  -0.0000234967  -0.0000080277
        0.0000178555  -0.0000676865  -0.0000394763   0.0000718875  -0.0004718029
       -0.0004333141   0.0002392866   0.0003952613   0.0003357216   0.0001971451
       -0.0002298574  -0.0001326959  -0.0000225848   0.0000008873  -0.0000113321
        0.0000315246   0.0000201166   0.0008001644  -0.0001755904  -0.0000347162
       -0.0005018874  -0.0001289777  -0.0000339998  -0.0000554242  -0.0000801675
       -0.0000211990  -0.0000102234   0.0000051799   0.0000141201  -0.0000086627
        0.0000115307  -0.0001688131  -0.0003266289  -0.0000744250   0.0000283306
       -0.0000096540   0.0000282499  -0.0000393358  -0.0000299107  -0.0000052010
       -0.0000238319   0.0000003025  -0.0000104467   0.0000082095   0.0000196236
        0.0000013661
       -0.0001729750  -0.0060283633   0.0011272732  -0.0159203947   0.0158007510
        0.0122937711  -0.0025256615  -0.0272268806  -0.0611379693  -0.0533643594
        0.2560792158   0.3225503913   0.0979363352  -0.0900724677  -0.1368336040
       -0.0158361316  -0.0364477022  -0.0238276449   0.0204008738  -0.0020399761
       -0.0089699997   0.0068287648  -0.0007356954  -0.0030282622   0.0002613521
       -0.0005746734   0.0005653269  -0.0003106815   0.0006292190  -0.0003515011
       -0.0002976623  -0.0003437577  -0.0001857817   0.0002915830   0.0003130364
        0.0001677457  -0.0001031911  -0.0001358916  -0.0000492156  -0.0000245346
        0.0000030945   0.0000241826  -0.0000010543  -0.0000211615   0.0000226345
        0.0006778303  -0.0002227660  -0.0001132264  -0.0001126020  -0.0000281592
       -0.0000084578  -0.0000609844  -0.0002095017  -0.0000312108  -0.0012412570
       -0.0008199295   0.0006440117   0.0170941298   0.0014861920  -0.0019216491
       -0.0524532761  -0.1025664543  -0.1049887656  -0.0004809154  -0.0058523680
        0.0032710685   0.0002697470   0.0002611180   0.0000598177   0.0001983666
       -0.0003179089   0.0006647678  -0.0008347333  -0.0001266996   0.0003352296
       -0.0001034492  -0.0004448733   0.0002882866   0.0001585148   0.0001255320
       -0.0004940986  -0.0000071166  -0.0000124323   0.0001069353  -0.0000353058
       -0.0000119594   0.0000745605  -0.0001224442   0.0000076771  -0.0001165317
       -0.0000502290  -0.0000369419   0.0000141201   0.0000930258  -0.0000928282
       -0.0001038484  -0.0000236224   0.0001301278   0.0001443779  -0.0000172959
        0.0000151289  -0.0000523377  -0.0000238337   0.0000233745  -0.0000213759
       -0.0000151296   0.0000171141  -0.0000300166   0.0000127579  -0.0000479144
       -0.0000262902  -0.0000161887   0.0000088415   0.0000487192   0.0000139014
       -0.0000259540  -0.0000113712  -0.0000054056  -0.0000301347   0.0000260838
        0.0000352740   0.0000422478  -0.0000442472  -0.0000084571   0.0000146440
        0.0000154197  -0.0000304529  -0.0000181142   0.0000772467  -0.0001510980
       -0.0004822346   0.0000369911  -0.0000019181   0.0001757010   0.0000105878
        0.0001509283  -0.0001434817  -0.0000098138  -0.0000034451  -0.0000086419
        0.0000072068   0.0000315744   0.0006854741   0.0001066880  -0.0000095853
       -0.0004697668  -0.0001928578  -0.0000400693  -0.0000326123  -0.0000429314
       -0.0000164652  -0.0000149075  -0.0000095973   0.0000062146  -0.0000077859
        0.0000127961  -0.0000303721  -0.0001882153  -0.0000871229   0.0000049525
        0.0000150408   0.0000242774  -0.0000157805  -0.0000080193  -0.0000086271
       -0.0000068102   0.0000039919  -0.0000200272   0.0000087624   0.0000096520
       -0.0000021339
       -0.0016556778   0.0000485834  -0.0007773042   0.0047033112   0.0059777111
        0.0032047722  -0.0453681934   0.0104480449   0.0168567089  -0.1602059908
        0.1016141983   0.0979363352   0.6083933897   0.0538159467  -0.0674302507
       -0.1304673314  -0.1075529227  -0.0632151632  -0.0255634330  -0.0258037197
       -0.0143606516  -0.2038863222  -0.0208592625   0.0127707765  -0.0106480018
       -0.0146846716   0.0107261143  -0.0007293822  -0.0000564002   0.0002454363
       -0.0000902598   0.0000560963   0.0002888304   0.0000147049  -0.0000371107
        0.0000336437   0.0000159839  -0.0001048433   0.0001154884   0.0000050624
        0.0000554017  -0.0000592402   0.0000315775  -0.0000341966   0.0000177302
        0.0008364088  -0.0000616069  -0.0003310437   0.0000073693   0.0000181660
       -0.0000144110   0.0003580701  -0.0002372078  -0.0000494754   0.0003250863
        0.0000258079   0.0003177033  -0.0052289031  -0.0015432895   0.0010732409
        0.0063872701  -0.0067580895  -0.0070710098   0.0052353031   0.0129328909
        0.0082812113  -0.0053576435  -0.0016044649   0.0010088911  -0.0184850395
        0.0001403274   0.0047500574  -0.0187605871  -0.0064408009  -0.0025371673
        0.0006584557   0.0004154988  -0.0004940569   0.0009024010   0.0008273520
        0.0001832729   0.0001036558  -0.0002087588   0.0000858657  -0.0000002507
        0.0000375933   0.0000419472  -0.0000107459   0.0000548271  -0.0002601895
        0.0000499830  -0.0000655535  -0.0000585529  -0.0000475095   0.0000799522
        0.0000102672   0.0001342235   0.0001418751  -0.0001685168   0.0000149708
       -0.0000071491   0.0000232091  -0.0000141178  -0.0000411879   0.0000200326
       -0.0000093131  -0.0000337759   0.0000090833  -0.0000036669   0.0000151232
        0.0000039044   0.0000312506  -0.0000216324  -0.0000119733   0.0000222378
       -0.0000026442  -0.0000175223  -0.0000072779  -0.0000586833   0.0000466889
        0.0000248734   0.0000064172  -0.0000814058  -0.0000236992   0.0000295322
        0.0000125068  -0.0000187845  -0.0000161561   0.0001234016  -0.0016075716
        0.0006318685  -0.0016691908  -0.0013013228  -0.0013281100   0.0010175868
        0.0007545349   0.0002571438  -0.0003861012  -0.0002953340   0.0001432359
       -0.0003732803   0.0011078067  -0.0016183480   0.0005884877  -0.0003859693
        0.0010029345   0.0000200603  -0.0000901220  -0.0000306887  -0.0001149198
       -0.0000347166   0.0000124381   0.0000122422  -0.0000731485  -0.0000150310
       -0.0000880484   0.0003174991   0.0003552326  -0.0002113646  -0.0002072918
        0.0000047082   0.0000246613   0.0000841590   0.0000864749   0.0000230556
        0.0000634147   0.0000262351  -0.0001131349  -0.0000053958  -0.0000353119
        0.0000207609
        0.0002448573   0.0012525475   0.0017330516   0.0052752910  -0.0432320702
       -0.0292258579   0.0570982490   0.0287290589   0.0101230686   0.0411308940
       -0.1554773913  -0.0900724677   0.0538159467   0.4769356448   0.2351043242
       -0.0459354157  -0.2098102862  -0.1097685393  -0.0707359808   0.0009037960
        0.0135146966  -0.0293318278  -0.0656515056  -0.0024777733  -0.0253265870
       -0.0088870933   0.0066841799  -0.0006651909  -0.0000775751  -0.0002266602
        0.0002277531   0.0001536393   0.0001671356  -0.0000891666   0.0001827340
       -0.0001794758   0.0000162715  -0.0000462268  -0.0000256836  -0.0000297742
        0.0000294303  -0.0000295326   0.0000108820  -0.0000103602   0.0000022604
        0.0005533621  -0.0000003659  -0.0000444506  -0.0000009451   0.0001171742
        0.0000140156  -0.0001659879  -0.0000091035   0.0004700277   0.0000993457
        0.0005707302  -0.0002250254  -0.0022119821   0.0037295466  -0.0027748791
        0.0110251900  -0.0165103551  -0.0145805935  -0.0056308642  -0.0158729715
       -0.0125867075  -0.0010428970   0.0038310394  -0.0030656045   0.0208782288
        0.0030695034  -0.0031222559  -0.0076770262  -0.0013302848  -0.0013134323
       -0.0004531307   0.0002063843  -0.0003651803   0.0002042962   0.0002291527
       -0.0000537620  -0.0001111815   0.0000616257  -0.0000084778   0.0000611706
        0.0000565196   0.0001614983  -0.0000918086   0.0000767404   0.0000102684
       -0.0000553154   0.0000440235  -0.0000303090  -0.0000099666   0.0000220264
        0.0000157497   0.0000284719  -0.0000401374   0.0000443402   0.0000078252
       -0.0000038393   0.0000204432  -0.0000095605   0.0000120264  -0.0000037468
       -0.0000133583  -0.0000135059   0.0000082981  -0.0000044745   0.0000066633
       -0.0000013063  -0.0000080523  -0.0000147228  -0.0000034931  -0.0000195288
       -0.0000368563   0.0000080004  -0.0000105348  -0.0001055351  -0.0000146730
        0.0001415265   0.0001059832   0.0000107450  -0.0000349009  -0.0000458463
       -0.0000061862  -0.0000921148  -0.0000208109   0.0000122483  -0.0003639940
        0.0011545151  -0.0003640041   0.0006777809  -0.0042618216   0.0029725421
        0.0003659456   0.0009018390  -0.0006690252  -0.0000934185   0.0000967126
       -0.0000954381  -0.0001689218  -0.0005103759  -0.0000082035   0.0000410457
        0.0001875878  -0.0000527793   0.0000088079   0.0000284447  -0.0000458026
       -0.0000093488  -0.0000095176  -0.0000016054  -0.0000358306  -0.0000091478
       -0.0000406039  -0.0012436770  -0.0003216083   0.0003545197  -0.0002243657
       -0.0003694267   0.0000417964  -0.0000601226  -0.0000018800   0.0000297513
       -0.0000036743  -0.0000018086  -0.0000129707   0.0000477851  -0.0000126597
       -0.0000064548
       -0.0000307677   0.0011911608   0.0009999565   0.0024236367  -0.0289311127
       -0.0284007473   0.0506077668   0.0186607579   0.0049333840   0.0535411164
       -0.1006823677  -0.1368336040  -0.0674302507   0.2351043242   0.3353931528
       -0.0176004074  -0.0997173530  -0.1161590125  -0.0487565003   0.0053012215
        0.0135558010   0.0142896814  -0.0036958671  -0.0609576035   0.0162756235
        0.0064011032  -0.0034072968  -0.0002649428  -0.0002164466  -0.0000217194
        0.0002437546   0.0001219969   0.0001163128  -0.0000574207   0.0000627270
       -0.0001193971  -0.0000140804   0.0000067175  -0.0000638163  -0.0000064606
        0.0000285899  -0.0000237629   0.0000009949  -0.0000027524  -0.0000079532
        0.0001547399   0.0000748173  -0.0000086627  -0.0000406037   0.0000630622
        0.0000113386  -0.0001338155  -0.0000101695   0.0004866858   0.0000860510
        0.0003136018  -0.0001498021   0.0006801985  -0.0032261913   0.0058012478
        0.0076748706  -0.0124612768  -0.0088577222  -0.0048049637  -0.0143866112
       -0.0097512194   0.0015914175  -0.0026591317   0.0056302082   0.0140627892
        0.0005472725  -0.0021417626  -0.0248179957  -0.0055103781   0.0023243869
       -0.0002695653  -0.0006162352   0.0002517416   0.0005032260   0.0002666525
       -0.0010384947   0.0001008993  -0.0000637287  -0.0000206133   0.0000515867
        0.0000441257   0.0001052479  -0.0000736668   0.0000221337   0.0000823418
       -0.0000384367   0.0000412943   0.0000001468   0.0000294496   0.0000112191
        0.0000213629  -0.0000262955  -0.0000420520   0.0000827868   0.0000003116
       -0.0000034007   0.0000128599  -0.0000033427   0.0000030962  -0.0000025416
       -0.0000021039  -0.0000094234   0.0000036789  -0.0000010930   0.0000019123
        0.0000002181  -0.0000048779   0.0000006190  -0.0000003773  -0.0000019650
       -0.0000297923   0.0000048288   0.0000105226  -0.0000566108  -0.0000151785
        0.0000839828   0.0000959768   0.0000364631  -0.0000255442  -0.0000344174
       -0.0000031902  -0.0000599729  -0.0000257317  -0.0000282475   0.0010245923
        0.0006372202  -0.0003858758  -0.0002290631   0.0028850343  -0.0015241695
       -0.0001854910  -0.0003533625   0.0003185796   0.0000735794  -0.0000558878
        0.0001161998   0.0004826532   0.0004448664  -0.0000812985  -0.0001517124
       -0.0001893346   0.0000200082  -0.0000496593  -0.0000290402  -0.0000135733
        0.0000106905  -0.0000147733   0.0000122648   0.0000104444  -0.0000126311
        0.0000353605   0.0009269838   0.0004323710  -0.0002454253   0.0001091409
        0.0002395359  -0.0000743822   0.0000483242   0.0000340528  -0.0000164692
        0.0000238445   0.0000036050   0.0000027877  -0.0000418744  -0.0000049882
       -0.0000054324
        0.0024018170  -0.0010157075   0.0021351904  -0.0441025779   0.0556836250
        0.0489752980  -0.0401513404  -0.0254406496  -0.0125439370   0.0539159406
       -0.0098119162  -0.0158361316  -0.1304673314  -0.0459354157  -0.0176004074
        0.6575962960   0.0399023135  -0.0638425422  -0.3348290287  -0.0699853239
       -0.0038186133  -0.0199205464  -0.0227984761  -0.0134170652  -0.0011207837
        0.0001156589  -0.0009722739   0.0003447526   0.0011491266  -0.0007741187
       -0.0006417341  -0.0006585869  -0.0000985834   0.0003428831   0.0003766009
        0.0002625902  -0.0000114740  -0.0001465529  -0.0000312752  -0.0000570840
        0.0000381001  -0.0000221454   0.0000222779  -0.0000059420   0.0000443908
       -0.0001266215  -0.0002557453   0.0000850965   0.0003657553  -0.0000187675
        0.0000242356  -0.0009606152   0.0005946523  -0.0005753948  -0.0004319724
       -0.0006474409  -0.0001508819  -0.0000553589  -0.0005803243  -0.0008299769
       -0.0012388760   0.0019097079   0.0029337383  -0.1223891232   0.0868907700
        0.0779070482  -0.0148764785  -0.0048466682  -0.0005337069   0.0009303174
       -0.0015807246  -0.0011599069  -0.0041543446  -0.0015319667  -0.0002710279
       -0.0000553957  -0.0002387905   0.0001644281  -0.0000320418  -0.0001410869
        0.0002524186   0.0000034283   0.0000257267  -0.0000198198  -0.0001138916
       -0.0003076999  -0.0001354687   0.0001459386   0.0001940609  -0.0002175503
        0.0000577082  -0.0000970583  -0.0000201625  -0.0000469741  -0.0000693177
       -0.0000794015   0.0000079572   0.0000339637   0.0000203891   0.0000036429
        0.0000030130  -0.0000083996   0.0000133566   0.0000364113  -0.0000017941
       -0.0000130454  -0.0000237921   0.0000177348   0.0000062756  -0.0000130337
        0.0000009966   0.0000075443   0.0000090125  -0.0000012825  -0.0000905776
       -0.0000792220   0.0000054840  -0.0001308016   0.0000889298  -0.0000138001
        0.0000183712  -0.0002719717  -0.0002014385   0.0000374146   0.0000604954
        0.0000185981   0.0000082302   0.0001157899   0.0001286419  -0.0002733410
       -0.0001428329  -0.0002403580  -0.0000145072  -0.0003839051   0.0002997461
        0.0001955185  -0.0000486689  -0.0000311628  -0.0000269983   0.0000232133
       -0.0000192774   0.0000159002  -0.0002626442   0.0002851362   0.0000424293
        0.0001665694  -0.0001163520  -0.0000064375   0.0000144920  -0.0000338679
       -0.0000000790  -0.0000223865   0.0000127815  -0.0000213586   0.0000418940
       -0.0000259192  -0.0001526248  -0.0000193062   0.0000372951  -0.0000043126
       -0.0000750225   0.0000092224   0.0000008657  -0.0000001724   0.0000035890
        0.0000070832  -0.0000061365   0.0000271844   0.0000259730  -0.0000108709
       -0.0000071903
        0.0021815277  -0.0017715529  -0.0060180426   0.0120010931   0.0283761268
        0.0215964665  -0.0279666818  -0.0168328293  -0.0045744882   0.0342794728
       -0.0399622959  -0.0364477022  -0.1075529227  -0.2098102862  -0.0997173530
        0.0399023135   0.4699851329   0.2515390811  -0.0129535926  -0.0802368800
       -0.0272117285  -0.0081305327  -0.0064928434  -0.0038720692   0.0005799728
        0.0005789775  -0.0000174888   0.0010693524  -0.0002747914   0.0001234276
       -0.0002303882  -0.0001122077  -0.0000793190   0.0000310706  -0.0001429082
        0.0000612889   0.0001195592   0.0001208172  -0.0000439389   0.0000185024
       -0.0000206640   0.0000483295   0.0000007815   0.0000176188   0.0000006239
       -0.0012156728   0.0001890838   0.0003156353   0.0000469797  -0.0000450064
        0.0000262562   0.0013142376   0.0005345146  -0.0007882939   0.0000535812
       -0.0002997693  -0.0002729997  -0.0004293026   0.0001342623   0.0001189213
        0.0016398871   0.0005448591  -0.0055988667   0.0866905004  -0.1394438192
       -0.0890285993  -0.0234167581  -0.0055105874  -0.0000230121   0.0017790939
        0.0007248951   0.0002973805   0.0005079499   0.0001254371   0.0001055560
        0.0000082751  -0.0003969215  -0.0001056558  -0.0001755655   0.0007382882
        0.0000069824   0.0000125594  -0.0000105649   0.0000397872  -0.0000432204
       -0.0001136511  -0.0001654504   0.0001701076   0.0000278633   0.0000719876
        0.0000178843  -0.0000282505   0.0000205305  -0.0000228726   0.0000124798
       -0.0000206626  -0.0000224631  -0.0000537042   0.0000222000  -0.0000037139
       -0.0000109214   0.0000033148   0.0000022071   0.0000273462  -0.0000020684
       -0.0000009996   0.0000186150   0.0000066700   0.0000038459  -0.0000018271
        0.0000003348   0.0000026553  -0.0000108201   0.0000099668  -0.0000285995
        0.0000251124   0.0000078541   0.0000146624   0.0001114836  -0.0000426162
        0.0000061389  -0.0001317670   0.0000571170   0.0000488864  -0.0000167864
       -0.0000328227   0.0000654763   0.0000355602  -0.0001546544  -0.0000571594
       -0.0003843518  -0.0000154584  -0.0004753691   0.0000993324   0.0000687555
        0.0002572779  -0.0001887602  -0.0001249438  -0.0000144890  -0.0000140212
       -0.0001245964  -0.0002018786   0.0000110825   0.0002146760   0.0000427008
       -0.0002396056  -0.0002367492  -0.0000904060   0.0000818820   0.0000558619
        0.0000391183   0.0000385535  -0.0000806699  -0.0000037152  -0.0000458886
        0.0000032799   0.0000945459   0.0000533587  -0.0000847080  -0.0000252430
       -0.0000038343   0.0000461351   0.0000287050  -0.0000120300   0.0000013131
        0.0000175473   0.0000128546  -0.0000014939   0.0000130770  -0.0000053903
        0.0000167187
        0.0028765428  -0.0048494696   0.0008676245   0.0150887319   0.0140841042
        0.0066571921  -0.0149543670  -0.0058841691  -0.0053739122   0.0175022508
       -0.0290868608  -0.0238276449  -0.0632151632  -0.1097685393  -0.1161590125
       -0.0638425422   0.2515390811   0.3080234967   0.0411519813  -0.0170966250
       -0.0623751657  -0.0025645875  -0.0009681073   0.0017360747   0.0010050718
        0.0010837778  -0.0015770307   0.0005437145   0.0001899855  -0.0002540373
       -0.0000028892  -0.0001555135  -0.0001834969  -0.0000277507  -0.0000886464
        0.0000423946   0.0000977819   0.0000269768  -0.0000354036   0.0000106702
       -0.0000201470   0.0000226960   0.0000016211   0.0000031235  -0.0000044010
       -0.0003442232  -0.0000828851   0.0003290043  -0.0000100441  -0.0000325444
        0.0000095009   0.0005271221  -0.0003534963   0.0007761367  -0.0003727667
       -0.0006846447  -0.0001785095  -0.0003392354   0.0002648760   0.0001555693
        0.0027698605  -0.0055989985   0.0024773473   0.0776333837  -0.0905968739
       -0.1113723346  -0.0150769225  -0.0031789671  -0.0001397326   0.0012347856
        0.0009304808   0.0002385736  -0.0002350055   0.0000129192  -0.0001312847
        0.0000442976  -0.0002932287   0.0000460214  -0.0004589610  -0.0002021764
        0.0002735932  -0.0000432415  -0.0000414034   0.0000056535   0.0000423276
       -0.0000670297   0.0000020599  -0.0000508338   0.0000330072   0.0001301657
       -0.0000162577   0.0000322846   0.0000401867  -0.0000271143   0.0000356100
        0.0000001087  -0.0000311261  -0.0000531391  -0.0000015108   0.0000080349
       -0.0000110780   0.0000176882  -0.0000142946   0.0000243719   0.0000021912
       -0.0000008569   0.0000152301   0.0000010815   0.0000032714   0.0000066223
        0.0000038543   0.0000006939  -0.0000231934   0.0000048825  -0.0000344083
        0.0000430603   0.0000171833   0.0000042155   0.0000403054  -0.0000377171
       -0.0000088564  -0.0000562051   0.0000566839   0.0000202707  -0.0000172773
       -0.0000111928   0.0000398874   0.0000242226  -0.0000929187   0.0010169682
        0.0011154314  -0.0003338602  -0.0004569760   0.0001012482  -0.0001910997
        0.0002556886  -0.0001425334  -0.0000371450  -0.0000209818  -0.0000500068
       -0.0000868506   0.0000911014  -0.0007243420   0.0005029132   0.0000205322
        0.0004003051  -0.0000743359  -0.0000190165   0.0000389776   0.0000535975
        0.0000161919   0.0000128592  -0.0000419001  -0.0000112118  -0.0000212022
       -0.0000001527   0.0001484550   0.0000630554  -0.0000201493  -0.0000247686
        0.0000196857   0.0000392887   0.0000350927   0.0000052018   0.0000027513
        0.0000112242   0.0000081634  -0.0000059914   0.0000026313  -0.0000056633
        0.0000112753
       -0.0439248749   0.0269027017   0.0219133324  -0.1511597785   0.0437340947
        0.0453309576   0.0502825274   0.0300895585   0.0137009200  -0.0490072309
        0.0173261996   0.0204008738  -0.0255634330  -0.0707359808  -0.0487565003
       -0.3348290287  -0.0129535926   0.0411519813   0.6683237127   0.0509781639
       -0.0492369940   0.0004342554  -0.0015465439  -0.0005261178  -0.0018196279
       -0.0004741394   0.0001859741  -0.0008258901  -0.0018069535   0.0025902361
        0.0005333017   0.0008523392   0.0004717750  -0.0003836868  -0.0004277662
       -0.0003707176   0.0000088642   0.0002037333   0.0000506879   0.0000688024
       -0.0000981335   0.0000570790  -0.0000334546   0.0000193188  -0.0000447141
        0.0004130531   0.0004865847  -0.0009235656  -0.0009181874  -0.0002827657
       -0.0001429701  -0.0053761677  -0.0016254849  -0.0003550759   0.0017736199
        0.0024530733   0.0016787847  -0.0003777871  -0.0029122496  -0.0010365795
       -0.0002326493   0.0003860135   0.0007106951  -0.0205232551  -0.0004570259
        0.0028463414  -0.0870443912  -0.0806821358  -0.0510113680   0.0001594382
        0.0000427638   0.0000069321  -0.0007156290  -0.0003218557   0.0003206177
       -0.0000256541   0.0003112294  -0.0000152603  -0.0004179904  -0.0002499361
        0.0003307362  -0.0001009796   0.0000641665  -0.0000687799   0.0000780257
        0.0001190729   0.0001469911   0.0001104773   0.0001665410  -0.0000672268
        0.0000078596  -0.0000310409  -0.0000467320   0.0000652139   0.0000795208
        0.0000955102   0.0000745019  -0.0000477162  -0.0000494717  -0.0000035648
       -0.0000088514   0.0000137372   0.0000121107  -0.0000374007   0.0000109346
        0.0000167479   0.0000310468  -0.0000062049  -0.0000053607   0.0000227130
        0.0000104728   0.0000021813  -0.0000068572  -0.0000108449   0.0004165543
        0.0001285659  -0.0002135989   0.0004204866  -0.0000501766   0.0002550579
       -0.0004343507   0.0006096200   0.0002378719  -0.0002890888   0.0000928903
        0.0000223358   0.0002102857  -0.0003523088   0.0000963692   0.0006562688
        0.0000470827   0.0000167464   0.0005090761   0.0000445526  -0.0000480034
       -0.0002127842  -0.0000235944   0.0001416297   0.0000621249  -0.0000066097
        0.0001171292  -0.0004102058   0.0002938579  -0.0005079615   0.0001340373
       -0.0000859765   0.0001706413   0.0001143031   0.0000088811   0.0000713748
        0.0000001144   0.0000098081   0.0000207640   0.0000180322  -0.0000006790
        0.0000277292  -0.0002126690  -0.0001760716   0.0002183925  -0.0000057133
       -0.0000655843  -0.0000169570  -0.0000398632  -0.0000344754   0.0000069423
       -0.0000227916  -0.0000144854   0.0000387683   0.0000101116   0.0000122978
       -0.0000116792
        0.0080760093   0.0016499507   0.0007545529   0.0997408722  -0.1656674144
       -0.0997795895  -0.0064510114  -0.0345143951  -0.0251981650   0.0136038551
       -0.0036426337  -0.0020399761  -0.0258037197   0.0009037960   0.0053012215
       -0.0699853239  -0.0802368800  -0.0170966250   0.0509781639   0.4674478725
        0.2532437623  -0.0025211535  -0.0007067050  -0.0051549979   0.0007761882
        0.0002249821  -0.0000724306   0.0008709550   0.0010721482  -0.0002089562
       -0.0002338740  -0.0006079941  -0.0004391918   0.0001576340   0.0001818886
        0.0001393758  -0.0000400575  -0.0001584555  -0.0000418224  -0.0000184596
        0.0000096147   0.0000238584   0.0000029876  -0.0000130004  -0.0000001954
       -0.0006955200  -0.0002813495   0.0001400254   0.0004029015  -0.0000045462
       -0.0000514762  -0.0015971350   0.0019415418  -0.0008265943  -0.0011619612
        0.0004779946   0.0004910619  -0.0023689040  -0.0007981141  -0.0054763138
        0.0003135424   0.0004518963   0.0004243396   0.0183906410   0.0019464193
       -0.0022927175  -0.0808995738  -0.1890323963  -0.1020207601   0.0001109192
       -0.0000662088  -0.0000710929  -0.0013506310  -0.0004145300   0.0000116320
       -0.0000078971   0.0000620653  -0.0000214512  -0.0000127004  -0.0001017380
        0.0002059103   0.0000022022  -0.0000425673   0.0000160906  -0.0001544749
       -0.0001494834  -0.0002257049   0.0002528008  -0.0002900281   0.0003932582
       -0.0000324002  -0.0000188767   0.0000524801  -0.0000427397   0.0000183901
       -0.0000175473  -0.0000355153  -0.0000377052   0.0000149722   0.0000051127
        0.0000023202  -0.0000101841  -0.0000277646   0.0000116239  -0.0000058276
       -0.0000002159   0.0000115818  -0.0000113642  -0.0000020738  -0.0000026771
       -0.0000062529  -0.0000025368  -0.0000174871   0.0000083543  -0.0000845949
        0.0000037123   0.0000332713  -0.0001555805   0.0001204154  -0.0000178189
        0.0000031816  -0.0001498417  -0.0000848938   0.0000285190   0.0000201601
        0.0000360079  -0.0000460351   0.0001072647  -0.0000194369  -0.0001143440
        0.0002911417  -0.0002540911  -0.0003901079  -0.0000366647  -0.0000075501
        0.0001608846   0.0000078044   0.0000066760  -0.0000550687   0.0000185387
       -0.0001509232   0.0002659670  -0.0005941380   0.0004062172  -0.0000414332
        0.0003391067  -0.0000292354   0.0000364596   0.0000167016   0.0000397290
        0.0000021110   0.0000033900  -0.0000043302  -0.0000101544   0.0000000002
       -0.0000081589   0.0001746604   0.0001914248  -0.0000786844  -0.0000405620
        0.0000304136   0.0000047748   0.0000222979   0.0000241159   0.0000053275
        0.0000137016   0.0000069912  -0.0000327006  -0.0000090438  -0.0000094373
        0.0000041609
        0.0102576239  -0.0039436391   0.0017391138   0.0884988485  -0.0901362609
       -0.1288610531  -0.0140240957  -0.0316946713  -0.0209275139   0.0184014682
       -0.0034740453  -0.0089699997  -0.0143606516   0.0135146966   0.0135558010
       -0.0038186133  -0.0272117285  -0.0623751657  -0.0492369940   0.2532437623
        0.3008686321  -0.0001593658  -0.0047280672   0.0032153498  -0.0010871012
       -0.0004988437  -0.0000733682   0.0009326235   0.0009873090  -0.0009732829
       -0.0001484835  -0.0001639455  -0.0008439811   0.0000736328  -0.0000186599
        0.0000948765   0.0000177506  -0.0001037308  -0.0000558598  -0.0000021525
       -0.0000060685   0.0000236961   0.0000050816  -0.0000057872  -0.0000067385
       -0.0009200270  -0.0002231413   0.0005903583   0.0004367911  -0.0000795359
        0.0001019748   0.0003837982   0.0000215016   0.0010466079  -0.0015891624
        0.0005009032  -0.0005109766  -0.0007359136  -0.0053659888   0.0026476857
        0.0002598098   0.0003732116   0.0000657302   0.0172060290   0.0012492193
       -0.0018225303  -0.0503569579  -0.1026222672  -0.0987235035   0.0001877252
       -0.0001119745  -0.0001318153   0.0006220553   0.0002921170   0.0000275823
       -0.0000218963  -0.0000329890   0.0000071626  -0.0001087987  -0.0001015165
        0.0001400902  -0.0000474011  -0.0000295488   0.0000032810  -0.0000124249
        0.0000545064   0.0000035106  -0.0003490124   0.0001843893   0.0002420289
       -0.0000821682   0.0001100851   0.0000423123  -0.0000333018   0.0000345810
       -0.0000086703  -0.0000822903  -0.0000598061   0.0000228550   0.0000086219
       -0.0000052202   0.0000134819  -0.0000309754   0.0000254408  -0.0000067844
        0.0000019881   0.0000173106  -0.0000112859   0.0000018198   0.0000025019
        0.0000018765  -0.0000128051  -0.0000194580   0.0000072860  -0.0001529744
        0.0000413118   0.0000165558  -0.0001069724   0.0001418388  -0.0001155858
        0.0000153273  -0.0002201562   0.0000023220   0.0000703173   0.0000116673
       -0.0000185659  -0.0000354297   0.0001392553  -0.0001062936   0.0000827625
        0.0003780263  -0.0003635261  -0.0002213382  -0.0003686283   0.0002216183
        0.0001877447   0.0000482670  -0.0000569607  -0.0000455216  -0.0000079312
       -0.0000500947   0.0000307721  -0.0005474963   0.0002487770   0.0000559894
        0.0003278234   0.0000152039   0.0000582226   0.0000113056   0.0000646349
        0.0000030565  -0.0000083174   0.0000030639  -0.0000003069   0.0000109749
       -0.0000020280   0.0000133882   0.0000703924  -0.0000066630  -0.0000483033
       -0.0000186984   0.0000050520   0.0000093991   0.0000190132   0.0000061316
        0.0000067827   0.0000039324  -0.0000236150   0.0000020092  -0.0000072224
        0.0000012092
        0.0000167435   0.0001303010  -0.0001640699  -0.0006234223  -0.0004200710
       -0.0002623614   0.0005712324   0.0021600731   0.0028396989  -0.0269341152
        0.0016471442   0.0068287648  -0.2038863222  -0.0293318278   0.0142896814
       -0.0199205464  -0.0081305327  -0.0025645875   0.0004342554  -0.0025211535
       -0.0001593658   0.4967196313  -0.0253248279   0.0140242147  -0.0589613963
       -0.0044870910   0.0063646111   0.0001811772  -0.0001418045   0.0000232847
        0.0000262352   0.0000503782   0.0000021388   0.0000330861  -0.0000368719
        0.0000016599  -0.0000639449  -0.0000161174   0.0000113824   0.0000204149
       -0.0000306324   0.0000222251  -0.0000203235   0.0000127040  -0.0000165630
       -0.0001945170   0.0000709001   0.0000272403  -0.0000163149  -0.0000158636
        0.0000096475   0.0000361525   0.0000530603  -0.0000190839   0.0000279141
        0.0000026599  -0.0000325179  -0.0008605807  -0.0001651117   0.0000411122
        0.0007156106  -0.0007848166  -0.0009578811   0.0011117295   0.0015643127
        0.0005594963  -0.0006426714  -0.0000818720   0.0001474527  -0.0943426519
        0.0849367649   0.0461442913  -0.0821392072  -0.0138437350  -0.0868240900
        0.0013939736   0.0085879204  -0.0049318646   0.0006376519  -0.0001728756
        0.0002778984  -0.0007223735   0.0002157285   0.0000757435   0.0000042618
        0.0000210445   0.0000073219  -0.0000510623  -0.0000381801  -0.0000054865
        0.0000042383   0.0000087952  -0.0000035309   0.0000042671  -0.0000149613
        0.0000073250  -0.0000013179   0.0000345713  -0.0000237305  -0.0000001629
        0.0000134548  -0.0000162132   0.0000008134  -0.0000068130  -0.0000055623
        0.0000103416   0.0000135410  -0.0000125034  -0.0000002609   0.0000007630
        0.0000045461  -0.0000046540  -0.0000021352  -0.0000004181   0.0000177213
       -0.0000153384   0.0000031542   0.0000122612   0.0000103249  -0.0000010037
       -0.0000451551   0.0000012867   0.0000070026   0.0000188069   0.0000170712
        0.0000076063  -0.0000009337   0.0000033777  -0.0000153592   0.0010935759
        0.0130364990  -0.0103354333  -0.0063169076  -0.0189177784   0.0136835174
        0.0001613632  -0.0030862000   0.0012269660  -0.0006297732   0.0005083863
       -0.0002190117  -0.0004909603  -0.0005450081  -0.0026709032   0.0003595410
       -0.0001473739   0.0000855678   0.0000386840  -0.0000050143  -0.0000262004
        0.0000081754  -0.0000045843   0.0001010231  -0.0001306017  -0.0000298863
       -0.0001305729  -0.0059027990  -0.0030262072   0.0022566777  -0.0003795390
       -0.0015093387   0.0001785433  -0.0004141022  -0.0001808876   0.0001031226
       -0.0001880908  -0.0000796877   0.0000838301   0.0002248487   0.0000135361
       -0.0000484335
       -0.0002929602  -0.0001157749   0.0003448834   0.0002223495  -0.0003154213
       -0.0003759690   0.0021454805   0.0005358510  -0.0047021640   0.0153600390
        0.0031804776  -0.0007356954  -0.0208592625  -0.0656515056  -0.0036958671
       -0.0227984761  -0.0064928434  -0.0009681073  -0.0015465439  -0.0007067050
       -0.0047280672  -0.0253248279   0.4717924152   0.0546496457  -0.0093093911
       -0.1462151683   0.0494399308   0.0002322609  -0.0001812308   0.0000640422
        0.0000027850   0.0000465865  -0.0000170235  -0.0000185951  -0.0000664297
       -0.0000101162  -0.0000251643   0.0000433413   0.0000043172   0.0000034701
       -0.0000244389   0.0000214837  -0.0000182911   0.0000141800   0.0000014080
       -0.0002268215   0.0000722920   0.0000825150  -0.0000792043  -0.0000260928
        0.0000072179  -0.0000651476  -0.0000426512   0.0001133975   0.0000421792
       -0.0000853270   0.0000523363   0.0009495220   0.0000884671  -0.0002303434
        0.0009095969  -0.0003691598   0.0014639275  -0.0011927470  -0.0002039864
        0.0016622088  -0.0011998078  -0.0001490548  -0.0001643286   0.0852359511
       -0.1779090444  -0.0794370327  -0.0144719013  -0.0476024628  -0.0373493156
       -0.0019983156  -0.0237083791   0.0133698419  -0.0004241408   0.0009346988
       -0.0012764663  -0.0000167813   0.0002172457  -0.0000219392   0.0000215330
        0.0000165899   0.0000059316  -0.0000260616  -0.0000256861   0.0000173741
        0.0000046263   0.0000138537   0.0000028979   0.0000145048   0.0000102764
        0.0000068610  -0.0000148479  -0.0000257737   0.0000084560  -0.0000020256
       -0.0000034401  -0.0000083274   0.0000075309   0.0000016735  -0.0000007419
        0.0000200243   0.0000040067  -0.0000080038   0.0000018609   0.0000016670
        0.0000091745  -0.0000188839   0.0000119346  -0.0000143907   0.0000215459
        0.0000079520  -0.0000071476   0.0000354775   0.0000130352  -0.0000034867
       -0.0000230206   0.0000308184   0.0000501649  -0.0000040559  -0.0000008190
       -0.0000045942   0.0000211834  -0.0000191050  -0.0000487786   0.0027120440
       -0.0000168502   0.0059301305  -0.0077483518  -0.0057436181   0.0052222574
        0.0020794012  -0.0012138536   0.0000033935  -0.0000891344  -0.0000431000
       -0.0000048372  -0.0009090211  -0.0001125610   0.0000336895   0.0003544126
        0.0003268902   0.0004372062  -0.0000205267  -0.0000026888   0.0000192654
        0.0000356183   0.0000088828  -0.0000317298   0.0000111256   0.0000046212
        0.0000119482  -0.0014611114  -0.0000783601   0.0006327791  -0.0001523820
       -0.0001600211   0.0001352059  -0.0000184995   0.0000140116   0.0000381205
       -0.0000697050  -0.0000198494  -0.0000445807  -0.0000185164  -0.0000603662
        0.0000470419
       -0.0001965663   0.0005235534  -0.0005369513  -0.0000963668  -0.0002406557
        0.0000880915   0.0019397777  -0.0046951159   0.0019199688   0.0173118973
        0.0014575173  -0.0030282622   0.0127707765  -0.0024777733  -0.0609576035
       -0.0134170652  -0.0038720692   0.0017360747  -0.0005261178  -0.0051549979
        0.0032153498   0.0140242147   0.0546496457   0.4998312559   0.0124524314
        0.0484834844  -0.0909133244  -0.0000018564  -0.0000304326  -0.0000463309
        0.0000372385  -0.0000311595   0.0000277923   0.0000091091   0.0000448191
       -0.0000105503   0.0000120917  -0.0000413985   0.0000131460   0.0000015190
        0.0000008161  -0.0000149657   0.0000139388  -0.0000166265   0.0000147635
       -0.0000536735   0.0000238929   0.0000223740   0.0000155670   0.0000070003
        0.0000100571  -0.0000067142   0.0000043522  -0.0001445042   0.0000821021
        0.0001626920  -0.0000594645   0.0009831174  -0.0001166009   0.0000864753
        0.0004587524   0.0016643198  -0.0009893089  -0.0013804206   0.0012525732
       -0.0011683322  -0.0006825224  -0.0002450164   0.0000860211   0.0476912831
       -0.0793034001  -0.0897091394  -0.0891228771  -0.0394625878  -0.2281549389
       -0.0016636052  -0.0076305514   0.0055992500   0.0007693134   0.0015168380
        0.0010880721  -0.0002236226   0.0001368564  -0.0001982980   0.0000048944
        0.0000186875  -0.0000021001   0.0000159013  -0.0000056680  -0.0000251686
       -0.0000202218   0.0000094606   0.0000035243  -0.0000055591   0.0000342929
        0.0000271977  -0.0000010935   0.0000065660  -0.0000638624   0.0000204111
       -0.0000069859   0.0000154121  -0.0000171943   0.0000064275   0.0000073479
       -0.0000019103  -0.0000056806  -0.0000002789  -0.0000048295   0.0000166666
        0.0000168044   0.0000002746  -0.0000276745  -0.0000323218  -0.0000041598
        0.0000010976  -0.0000013990   0.0000009184  -0.0000014639  -0.0000091980
        0.0000384073   0.0000128757   0.0000160970  -0.0000062463  -0.0000069372
       -0.0000051780  -0.0000138604  -0.0000040557  -0.0000198851  -0.0064144104
        0.0263105812  -0.0293952243   0.0057009107   0.0082776526  -0.0044945840
       -0.0014839330   0.0005464874  -0.0000528459  -0.0014485101   0.0009433543
       -0.0006799459   0.0001916827  -0.0045449431  -0.0043497353   0.0008486829
        0.0012276699   0.0015439853  -0.0000166563   0.0000280419  -0.0000245085
        0.0000197079   0.0000491866   0.0001312224  -0.0002872077  -0.0000968102
       -0.0003177100   0.0015469962   0.0001970409  -0.0001108087   0.0001342014
        0.0003655268   0.0000006379   0.0000591124  -0.0000153868  -0.0000449012
       -0.0000336397   0.0000015864   0.0000611112  -0.0000243914   0.0000524285
       -0.0000004022
       -0.0011918518   0.0002077904  -0.0004809924   0.0013839793  -0.0004061839
       -0.0002685375  -0.0001127760   0.0004582151  -0.0009908499  -0.0006108197
       -0.0009693876   0.0002613521  -0.0106480018  -0.0253265870   0.0162756235
       -0.0011207837   0.0005799728   0.0010050718  -0.0018196279   0.0007761882
       -0.0010871012  -0.0589613963  -0.0093093911   0.0124524314   0.4185789511
       -0.0286940263  -0.0031855682   0.0003199565  -0.0004690693   0.0003367540
       -0.0000754193   0.0002347930   0.0001361709  -0.0000237124  -0.0001803584
       -0.0000576174  -0.0000601025   0.0001181293   0.0000342999   0.0000521571
       -0.0000476880   0.0000210598  -0.0000105149  -0.0000006184   0.0000106445
       -0.0002686794   0.0001570732   0.0000168884  -0.0001365774  -0.0000492237
       -0.0000081974   0.0000702824  -0.0001010762   0.0000704156   0.0000732762
       -0.0000347112   0.0001261477  -0.0000136502   0.0000327441  -0.0000087055
        0.0000306758  -0.0004341041   0.0004421507   0.0001493959  -0.0003942345
        0.0002803487  -0.0001970515  -0.0000168355  -0.0001139917   0.0019046766
        0.0106683524  -0.0069667423   0.0012895608   0.0083711319  -0.0070321260
       -0.0682058766   0.0646032884   0.0372138302  -0.0049746220  -0.0018123937
       -0.0025033422   0.0003200400   0.0009099087  -0.0006958969   0.0000085609
        0.0000046974  -0.0000379672  -0.0000771678  -0.0000748630  -0.0000793782
        0.0000436719  -0.0000281891  -0.0000212002   0.0000577815  -0.0000207160
        0.0000262990  -0.0000408251   0.0001229635  -0.0000045703  -0.0000050537
        0.0000036395  -0.0000271979   0.0000081336  -0.0000286636   0.0000104837
        0.0000133597  -0.0000086700   0.0000027082  -0.0000073500   0.0000143659
        0.0000219207   0.0000291337   0.0000158833  -0.0000491998   0.0000442219
        0.0000045866  -0.0000098242   0.0000502928   0.0000247586   0.0000127280
       -0.0000788991   0.0000359534   0.0000451106  -0.0000075770   0.0000068119
        0.0000018085   0.0000396426  -0.0000338340  -0.0000385278  -0.0839175321
       -0.0085180789  -0.0666308415  -0.1146260640  -0.0117761388   0.0222648528
       -0.0481168927   0.0146325918   0.0025847404   0.0038025194   0.0014070181
       -0.0030755744  -0.0130398719   0.0012866874  -0.0127584558   0.0000607381
        0.0021511202   0.0023767424   0.0001371904   0.0002618215   0.0001589940
       -0.0006314361  -0.0001545736  -0.0010029198   0.0001429455  -0.0002467613
       -0.0005679524  -0.0217118893  -0.0177450765   0.0110621032   0.0022766328
       -0.0007447802   0.0005615436  -0.0002466484  -0.0000543393   0.0001338838
       -0.0005894824  -0.0002128596   0.0001517398   0.0006403762   0.0008029461
       -0.0003955702
        0.0001045415  -0.0001621661   0.0001728400  -0.0000381279   0.0002052064
        0.0000068266  -0.0005319738  -0.0001420291  -0.0004002113   0.0022348120
       -0.0006754173  -0.0005746734  -0.0146846716  -0.0088870933   0.0064011032
        0.0001156589   0.0005789775   0.0010837778  -0.0004741394   0.0002249821
       -0.0004988437  -0.0044870910  -0.1462151683   0.0484834844  -0.0286940263
        0.5266407954   0.0109339740  -0.0000241825   0.0002165783  -0.0000773640
       -0.0000907154  -0.0001637117  -0.0000723612   0.0001034045   0.0002097189
        0.0000493332  -0.0000617349  -0.0001550918  -0.0000572101  -0.0000027695
        0.0000324922   0.0000251022  -0.0000152461   0.0000103409  -0.0000216832
        0.0000750530  -0.0000692769  -0.0000230588   0.0000272509  -0.0000092178
        0.0000014681  -0.0000023973   0.0000032673   0.0000037348  -0.0000188945
       -0.0000116268   0.0000138537   0.0000871295  -0.0000355397  -0.0000345890
        0.0002749811  -0.0000488695  -0.0002381085   0.0000164379  -0.0002102736
        0.0001025508   0.0000097045   0.0000283765  -0.0000187281  -0.0001581829
       -0.0281464519   0.0134550790   0.0011803178   0.0012754099   0.0001998387
        0.0683628378  -0.1843544336  -0.0813341358  -0.0131345332  -0.0021500750
       -0.0206967285  -0.0014238033  -0.0004362507   0.0005664870  -0.0000079225
       -0.0000313852   0.0000016172   0.0000111557   0.0000184314   0.0000023840
       -0.0000422489  -0.0000107767   0.0000031691   0.0000241052  -0.0000192471
       -0.0000791381   0.0001236474   0.0000722715   0.0001495378  -0.0000227386
        0.0000025931  -0.0000282766  -0.0000277493   0.0000209358  -0.0000036793
       -0.0000351258   0.0000341101  -0.0000268254   0.0000160925  -0.0000619310
       -0.0000577539  -0.0000001537  -0.0000170674   0.0001384404  -0.0000066654
       -0.0000012341   0.0000004364  -0.0000096556   0.0000055811   0.0000008729
       -0.0000015681  -0.0000269885  -0.0000140478   0.0000144184   0.0000094494
        0.0000004869  -0.0000075771   0.0000188921   0.0000167992  -0.0089369549
       -0.0810435841  -0.0163678862  -0.0138320310  -0.0600390196  -0.0008620190
        0.0331178878  -0.0006208107   0.0016394902   0.0022089413  -0.0025699255
        0.0024178854   0.0095318822   0.0051480334   0.0175420576   0.0004923743
       -0.0007883225   0.0014595858   0.0000450017   0.0000009110  -0.0000753326
       -0.0000220696  -0.0000222617   0.0000352303   0.0006801753   0.0003444841
        0.0009431350  -0.0304240647  -0.0141142793   0.0117679736  -0.0003049492
       -0.0031208799   0.0033741320  -0.0005312083  -0.0002210262   0.0003086986
       -0.0012267576  -0.0004197984   0.0002708819   0.0004241187  -0.0001006075
       -0.0000096130
        0.0000295657   0.0000797654  -0.0001430382  -0.0000236812  -0.0001065060
        0.0000354832   0.0002471074   0.0000648903   0.0002528648  -0.0003174139
        0.0005852016   0.0005653269   0.0107261143   0.0066841799  -0.0034072968
       -0.0009722739  -0.0000174888  -0.0015770307   0.0001859741  -0.0000724306
       -0.0000733682   0.0063646111   0.0494399308  -0.0909133244  -0.0031855682
        0.0109339740   0.4333380252  -0.0001518625  -0.0001033201   0.0001561900
       -0.0000408698   0.0001259121   0.0000537148  -0.0000398086  -0.0000708161
       -0.0000252974  -0.0000073082   0.0000820258   0.0000172682  -0.0000040677
        0.0000161521   0.0000108227  -0.0000070598   0.0000087595   0.0000186550
        0.0001251106   0.0000181490  -0.0000966211   0.0000146408   0.0000188379
       -0.0000342301   0.0000023732   0.0000048514   0.0000334375  -0.0000074792
       -0.0000152847   0.0000158060  -0.0000171086  -0.0000153122   0.0000066152
        0.0002580126   0.0000021442  -0.0003059402   0.0000378245  -0.0001380218
        0.0000344729  -0.0000467767  -0.0001022591   0.0000563462  -0.0021255033
       -0.0078027646   0.0063976450   0.0003113746   0.0222036892  -0.0194397173
        0.0422947510  -0.0820388721  -0.0848490318  -0.0044881148  -0.0042764808
       -0.0104528080   0.0013633003  -0.0005308015   0.0002698035   0.0000083476
       -0.0000219061  -0.0000175474   0.0000250121  -0.0000304578  -0.0000203706
        0.0000409192  -0.0000301304  -0.0000152399   0.0000122868  -0.0000369709
       -0.0000747551   0.0000106775   0.0000258327   0.0001044718  -0.0000303477
       -0.0000094029  -0.0000275920   0.0000525206  -0.0000131926  -0.0000113651
       -0.0000169531  -0.0000008987   0.0000129005   0.0000021370  -0.0000347668
       -0.0000642402  -0.0000379748   0.0000828854   0.0000615000  -0.0000038080
       -0.0000188153   0.0000199791  -0.0000226463  -0.0000159242   0.0000217622
       -0.0000070030   0.0000041388  -0.0000703740   0.0000093907  -0.0000044570
        0.0000213996  -0.0000197671   0.0000015810   0.0000616190  -0.0786996576
       -0.0211347003  -0.1592080830   0.0229205284   0.0011416992  -0.0634222184
        0.0015853238   0.0023378654   0.0128276563  -0.0020247283   0.0016665396
        0.0022654613  -0.0129850152   0.0103776938  -0.0221836455   0.0007514229
       -0.0029291900  -0.0000575213  -0.0000170767   0.0000434433  -0.0002672285
       -0.0000321291   0.0001952642   0.0002334489  -0.0004132367  -0.0004856507
       -0.0006824976   0.0159681928   0.0089089359  -0.0043282982   0.0017320800
        0.0046869774   0.0050538497   0.0018526240   0.0005093843  -0.0005197269
       -0.0008908852  -0.0001599407   0.0002072429  -0.0002960982  -0.0000339412
        0.0001346398
       -0.0087629101  -0.0013945168   0.0041964122  -0.0003419938   0.0010740019
       -0.0018551564   0.0007732523  -0.0014504305   0.0002249705  -0.0005616407
       -0.0005481899  -0.0003106815  -0.0007293822  -0.0006651909  -0.0002649428
        0.0003447526   0.0010693524   0.0005437145  -0.0008258901   0.0008709550
        0.0009326235   0.0001811772   0.0002322609  -0.0000018564   0.0003199565
       -0.0000241825  -0.0001518625   0.7469847343  -0.0021717927  -0.1932244025
       -0.1537446262  -0.0576591157   0.0114544806  -0.0015396857  -0.0330822734
       -0.0160641514   0.0030214767   0.0068174440   0.0026037150   0.0014747056
       -0.0023113934   0.0012902616  -0.0002110135   0.0004797629  -0.0004597706
       -0.5212020423   0.0951857817   0.1641735139  -0.0017751429   0.0063130401
       -0.0036190105   0.0051536401  -0.0032214682   0.0019224824   0.0044235689
       -0.0001466912   0.0025101547   0.0000271586   0.0001126628  -0.0001340783
        0.0000084598   0.0001985419   0.0000216910   0.0001778697  -0.0001558759
       -0.0002428233  -0.0001345418  -0.0001809485  -0.0000301472  -0.0000035412
       -0.0000574607  -0.0000456405   0.0000939365   0.0000392320   0.0000998999
       -0.0000804835  -0.0000760896   0.0000117338  -0.0003329058  -0.0000866369
        0.0003661816  -0.0002308516  -0.0001057275   0.0000309109  -0.0450575790
        0.0084902236   0.0091719207  -0.0207741159  -0.0127022687   0.0014225166
        0.0003931810   0.0026193591   0.0004474567   0.0014596312  -0.0000616456
        0.0003541961  -0.0005843099  -0.0000017056   0.0004074687  -0.0001021988
       -0.0000994859  -0.0002834613  -0.0002693073   0.0002274529   0.0000789672
        0.0001771711   0.0004509872  -0.0001679716   0.0000070598  -0.0001069775
        0.0001469297  -0.0001981747  -0.0000924454   0.0001185978   0.0006302268
       -0.0014515082   0.0020039185  -0.0040478607  -0.0099560633   0.0036095891
       -0.0024268839  -0.0000822629  -0.0107622491   0.0001987599   0.0005779657
        0.0019044376  -0.0026796518   0.0027771584   0.0177472570   0.0004616688
        0.0004034364  -0.0005227313  -0.0013958101  -0.0002164682   0.0002455731
        0.0008055800  -0.0000721164  -0.0001176774   0.0000062817  -0.0000781845
       -0.0003219890  -0.0001789532  -0.0003812019   0.0009995789   0.0006167780
        0.0002339086  -0.0004487020   0.0000065571   0.0001324530   0.0001260117
        0.0000738466  -0.0001289248  -0.0000582421  -0.0000841719   0.0000493237
        0.0001479475   0.0005141160   0.0003129616  -0.0002036152  -0.0001547881
        0.0000158549   0.0000289775   0.0000596270   0.0000951773   0.0000123195
        0.0000381972   0.0000314272  -0.0000881761  -0.0000029144  -0.0000414818
        0.0000229291
       -0.0133889214   0.0014590514  -0.0155399399   0.0107547103   0.0023730591
       -0.0012183420  -0.0018679537  -0.0010569364   0.0002018638   0.0001880924
       -0.0001343654   0.0006292190  -0.0000564002  -0.0000775751  -0.0002164466
        0.0011491266  -0.0002747914   0.0001899855  -0.0018069535   0.0010721482
        0.0009873090  -0.0001418045  -0.0001812308  -0.0000304326  -0.0004690693
        0.0002165783  -0.0001033201  -0.0021717927   0.4285389220   0.1716286653
       -0.0829429044  -0.1212893656  -0.0069274226  -0.0245012678  -0.0434477265
       -0.0110836190   0.0009645495   0.0027890417  -0.0060608344   0.0014855737
       -0.0010807648   0.0011042934  -0.0002867611   0.0004568170  -0.0004884433
        0.0902173694  -0.0938463886  -0.0477204278   0.0021381584  -0.0016281468
        0.0005123405  -0.0020068697   0.0028758143   0.0001287873  -0.0007355337
       -0.0035163054   0.0024451219   0.0001571451  -0.0001265523  -0.0007126055
       -0.0002290117  -0.0002152715  -0.0002641482  -0.0001225702   0.0000678413
        0.0000428217   0.0001606391  -0.0004579373  -0.0003970251   0.0000608701
       -0.0000046314  -0.0000203788  -0.0001569963  -0.0000482469  -0.0000167644
       -0.0000547402   0.0000023445  -0.0000627288   0.0000220407   0.0002448589
       -0.0001810916  -0.0002515397   0.0001197744  -0.0000500634   0.0145325138
       -0.1776730140  -0.0855242260   0.0084055890   0.0048853979  -0.0011507794
        0.0005436625  -0.0012293612   0.0014806132  -0.0004500431  -0.0012017469
        0.0001076197   0.0004332715   0.0000235493  -0.0000270646  -0.0001450358
       -0.0000624602   0.0000382726  -0.0000046359  -0.0001077113   0.0000033593
        0.0002284270   0.0004003246  -0.0000593527   0.0000523332   0.0000823047
        0.0001772146  -0.0000133257   0.0000119159   0.0000293179  -0.0007905330
        0.0003024652   0.0000361197  -0.0016408309   0.0026150099  -0.0002687480
       -0.0000243693  -0.0025677202   0.0006474473   0.0006836070   0.0002957203
       -0.0007608978   0.0014507904   0.0017577296  -0.0017233090   0.0005628185
       -0.0011724562   0.0006815069   0.0000978814   0.0008460544  -0.0002245291
        0.0001506252  -0.0005357977   0.0001624129   0.0004238239  -0.0000978583
       -0.0001162297  -0.0012014518   0.0026937743  -0.0005914776   0.0007697962
       -0.0017571588  -0.0003547329  -0.0001594864   0.0003782552   0.0002614029
        0.0001594891  -0.0000330722  -0.0001174394  -0.0000469310  -0.0001108100
        0.0003042849  -0.0001058259  -0.0004996935   0.0001969787   0.0000179445
       -0.0000502823  -0.0000037995  -0.0000473981  -0.0000267748  -0.0000191661
       -0.0000304719   0.0000044312   0.0000458978   0.0000405805  -0.0000010296
       -0.0000070698
        0.0165264303  -0.0101449279   0.0075684160  -0.0126508486  -0.0018080669
        0.0012539833   0.0020229698   0.0016383505   0.0006474026  -0.0010856776
       -0.0000262309  -0.0003515011   0.0002454363  -0.0002266602  -0.0000217194
       -0.0007741187   0.0001234276  -0.0002540373   0.0025902361  -0.0002089562
       -0.0009732829   0.0000232847   0.0000640422  -0.0000463309   0.0003367540
       -0.0000773640   0.0001561900  -0.1932244025   0.1716286653   0.2682567547
       -0.0111536643  -0.0253889179  -0.0631708288  -0.0099172773  -0.0012679369
        0.0004579527   0.0026116994  -0.0077524531   0.0095160125  -0.0024867544
       -0.0012373121  -0.0006537545   0.0002072418  -0.0007966644   0.0006855257
        0.1844255275  -0.0510337012  -0.1226227079  -0.0012421962  -0.0014139504
       -0.0004015124   0.0001870978   0.0005645027  -0.0049173139   0.0009891747
        0.0017470047   0.0008556822  -0.0001317197  -0.0003471827  -0.0000126772
        0.0001628492   0.0001058703   0.0001161258   0.0001869653  -0.0001440292
       -0.0001220539   0.0000503864  -0.0005197788   0.0000419926   0.0000195793
       -0.0000417338  -0.0000144018   0.0000995800   0.0000394119   0.0000082951
        0.0000006444  -0.0000696782   0.0000142571  -0.0000216201  -0.0001237970
        0.0002348609   0.0001299394  -0.0000732151   0.0000787969   0.0098947717
       -0.0832674036  -0.0905839397   0.0091336153   0.0053192376   0.0000784026
       -0.0015791717   0.0012779929  -0.0043219789   0.0008086554   0.0012237256
        0.0000539804   0.0004032598   0.0001431039  -0.0000152598  -0.0000364940
        0.0000798116  -0.0002631876   0.0000085366   0.0000096729  -0.0000323924
       -0.0002539987  -0.0002696885   0.0000113695   0.0000004714  -0.0000363984
       -0.0000908596   0.0000976930  -0.0000046279   0.0000021588   0.0008549433
        0.0001828654  -0.0004938289   0.0011716899   0.0023093573   0.0005320469
       -0.0007193482   0.0003205889  -0.0011022494  -0.0001973607   0.0002883394
       -0.0001665669   0.0024143433  -0.0011483775   0.0003881947  -0.0002505370
        0.0007899212  -0.0006430584  -0.0002545890  -0.0005014712   0.0001685930
        0.0000295546   0.0002779627  -0.0001515598  -0.0002212876   0.0000269695
       -0.0003218577   0.0007689515  -0.0013185207   0.0009369440  -0.0004264886
        0.0007205952  -0.0001368785   0.0000846130  -0.0000811573   0.0000857082
       -0.0000022979   0.0000476813   0.0000087301   0.0000083638   0.0000378793
       -0.0000909043   0.0001215138   0.0003147044  -0.0001854211  -0.0000316455
        0.0000369825   0.0000330182   0.0000391326   0.0000121247   0.0000098856
        0.0000243821   0.0000061284  -0.0000498069  -0.0000187891  -0.0000067178
        0.0000105914
        0.0042008498  -0.0011799109   0.0033018845  -0.0012997120   0.0001488912
        0.0000497397  -0.0003629317   0.0003558024  -0.0006020030   0.0001108657
       -0.0000945613  -0.0002976623  -0.0000902598   0.0002277531   0.0002437546
       -0.0006417341  -0.0002303882  -0.0000028892   0.0005333017  -0.0002338740
       -0.0001484835   0.0000262352   0.0000027850   0.0000372385  -0.0000754193
       -0.0000907154  -0.0000408698  -0.1537446262  -0.0829429044  -0.0111536643
        0.5369445308   0.0024306813  -0.1293381959  -0.0791624041   0.0383299500
        0.0311645465  -0.0015621729  -0.0263901233  -0.0080158625  -0.0027148466
       -0.0005773309  -0.0018087859   0.0003211344  -0.0010387685   0.0009877193
       -0.0661454089  -0.0198510663   0.0158885179   0.0001273936  -0.0010687568
        0.0006748145  -0.0004711853  -0.0001358469   0.0002866947  -0.0003948707
        0.0000832147  -0.0004092409  -0.0001049128   0.0001164418   0.0002132586
        0.0000882497   0.0000641069   0.0000711053  -0.0000385212   0.0000559787
        0.0000053003   0.0000651324   0.0001089746   0.0000090880  -0.0000210829
        0.0000367246   0.0000027089   0.0000366584   0.0000047703   0.0000221523
        0.0000456477   0.0000115551   0.0000487441  -0.0001828263   0.0000950462
        0.0000072445   0.0000411184  -0.0000589239  -0.0000525503   0.0022243800
       -0.0022362262   0.0026272143  -0.2313184774   0.0711410452   0.0872273819
       -0.0048167495   0.0261073793   0.0127887097  -0.0029997208  -0.0026796872
       -0.0010576919   0.0011383076  -0.0017739864  -0.0013328716   0.0001139279
        0.0000910575   0.0001195664  -0.0000011802  -0.0001298107   0.0001218042
       -0.0003240268  -0.0004521789   0.0001168993   0.0000428439   0.0001304120
        0.0000122323   0.0001910656   0.0000172904  -0.0001170189  -0.0000712086
        0.0001367366  -0.0003115335   0.0004269420   0.0017017134  -0.0005930474
        0.0006715115   0.0004560539   0.0010154106  -0.0000983773  -0.0001663905
       -0.0003346751  -0.0004486401  -0.0006426144  -0.0017239769   0.0001714233
        0.0004159192  -0.0002006360   0.0000982894  -0.0002004644  -0.0000029995
       -0.0000881468   0.0001393913  -0.0000022129   0.0004184354   0.0000950274
        0.0000153241  -0.0002560232  -0.0015350484  -0.0005363867  -0.0002155679
        0.0010022425   0.0005902396  -0.0004712662   0.0001629997   0.0004808774
        0.0000552270  -0.0000045300  -0.0000096224   0.0000048730  -0.0000584326
       -0.0000645262   0.0000134582   0.0001109443   0.0000458382   0.0000056704
       -0.0000035399  -0.0000286038   0.0000105889   0.0000026850   0.0000096094
        0.0000054954  -0.0000096427   0.0000050479  -0.0000112576   0.0000021495
       -0.0000046575
        0.0065506080  -0.0102126762   0.0125419219  -0.0040942370  -0.0025026919
        0.0020660854   0.0003287129   0.0006536096   0.0001691304  -0.0000601620
       -0.0000437708  -0.0003437577   0.0000560963   0.0001536393   0.0001219969
       -0.0006585869  -0.0001122077  -0.0001555135   0.0008523392  -0.0006079941
       -0.0001639455   0.0000503782   0.0000465865  -0.0000311595   0.0002347930
       -0.0001637117   0.0001259121  -0.0576591157  -0.1212893656  -0.0253889179
        0.0024306813   0.6667758517   0.2402262375   0.0249162523  -0.4132223179
       -0.1707962224  -0.0093397895  -0.0341755009  -0.0114123570  -0.0027599306
        0.0030716223  -0.0027710556   0.0003842059  -0.0009693644   0.0010477556
       -0.0188340549   0.0133264463   0.0090156737  -0.0005650828  -0.0008628031
        0.0005395648  -0.0000576710  -0.0000108923  -0.0006818013   0.0000955759
        0.0004582532  -0.0000927411  -0.0001007211  -0.0000909302   0.0000835786
        0.0001660384   0.0000968460   0.0001571902   0.0000574683  -0.0000318084
        0.0000059941  -0.0000222960   0.0002129716   0.0001212734  -0.0000179537
        0.0000145340   0.0000068947   0.0000765907   0.0000189195  -0.0000197203
        0.0000520256  -0.0000056090   0.0000462581   0.0000491122  -0.0001382720
        0.0000429159   0.0002373387  -0.0000586520   0.0000210002  -0.0172002229
       -0.0206598233  -0.0083782162   0.0702025457  -0.0685879559  -0.0356305845
        0.0046778339  -0.0120539040  -0.0083743332  -0.0030926546  -0.0009241872
        0.0000083104   0.0020758229   0.0011871803  -0.0000208701   0.0000457658
        0.0001344153   0.0002458271  -0.0000159095  -0.0001411797  -0.0000685749
       -0.0003672693  -0.0004975247   0.0000487765   0.0000478272   0.0001224219
       -0.0000283212   0.0002547757   0.0000365963  -0.0001187359   0.0001799293
        0.0003102947  -0.0003250475   0.0007990889   0.0010679089  -0.0004458853
       -0.0000255018   0.0005525538   0.0027492278  -0.0001186938  -0.0002218771
       -0.0002808173   0.0007719924  -0.0008327433  -0.0037677261  -0.0004617658
        0.0007265143  -0.0003152509   0.0002974247  -0.0005515495   0.0000821714
       -0.0003260967   0.0003938059  -0.0000785636  -0.0002891824   0.0001605447
        0.0002004699   0.0008695260  -0.0018669866   0.0001637137  -0.0007024613
        0.0012692238   0.0004159722   0.0001908603  -0.0003642721  -0.0002989063
       -0.0001690769   0.0000210157   0.0001041596   0.0000051852   0.0000820240
       -0.0002752197  -0.0000555266   0.0002803373  -0.0000831952   0.0000288501
        0.0000365517  -0.0000055530   0.0000221508  -0.0000111783   0.0000101707
        0.0000155187  -0.0000122475  -0.0000128478  -0.0000293515   0.0000133286
       -0.0000023422
        0.0032313146   0.0042911421  -0.0007700405  -0.0030414063   0.0008399223
       -0.0003218769  -0.0001664278   0.0010395499  -0.0005882822   0.0002312287
        0.0001475675  -0.0001857817   0.0002888304   0.0001671356   0.0001163128
       -0.0000985834  -0.0000793190  -0.0001834969   0.0004717750  -0.0004391918
       -0.0008439811   0.0000021388  -0.0000170235   0.0000277923   0.0001361709
       -0.0000723612   0.0000537148   0.0114544806  -0.0069274226  -0.0631708288
       -0.1293381959   0.2402262375   0.2459310810   0.0260024971  -0.1747290095
       -0.1192636193  -0.0026962856  -0.0096816701   0.0045998520  -0.0009881366
        0.0019572488  -0.0019851233   0.0002893413  -0.0004498381   0.0006347997
        0.0097744303   0.0082695771   0.0117075330  -0.0003332624  -0.0008320816
        0.0006972627  -0.0000816620   0.0000546013  -0.0002577454  -0.0004373835
        0.0005530635  -0.0009373587  -0.0001839164   0.0000228273  -0.0001287391
        0.0000365857   0.0000242158   0.0000516565  -0.0000434256   0.0000037893
        0.0000146322  -0.0000416151   0.0001158426   0.0000659822  -0.0000258223
       -0.0000126544  -0.0000046456   0.0000011539  -0.0000101315  -0.0000020056
        0.0000254096   0.0000431122   0.0000120097   0.0001446484  -0.0000454293
       -0.0001261232   0.0000576935   0.0000045023  -0.0000046985  -0.0071811449
       -0.0166495494   0.0057318435   0.0880521614  -0.0364795083  -0.0738828885
        0.0037363877  -0.0135331757  -0.0057810990  -0.0003002225   0.0004626147
       -0.0000426994   0.0006080975   0.0012759419  -0.0002604850  -0.0000370518
       -0.0001494166   0.0003475314  -0.0000264473  -0.0000503669  -0.0000270487
       -0.0002379688  -0.0002204365  -0.0000195998   0.0000569953   0.0000905153
       -0.0000194374   0.0000465770  -0.0000117938  -0.0000443787   0.0000434861
        0.0000698431  -0.0002835050   0.0008327889   0.0008923134  -0.0003646298
        0.0003193135   0.0005178632   0.0003608682  -0.0001357078  -0.0000813006
       -0.0000594917  -0.0001656450  -0.0006986679  -0.0007030202  -0.0002246964
        0.0000233822   0.0002150511   0.0002110903  -0.0001127832  -0.0000091208
       -0.0001681242   0.0000954843   0.0000107952  -0.0000971259  -0.0000691212
        0.0002168355   0.0001231969  -0.0001828865  -0.0005153025  -0.0001664956
        0.0003020006   0.0002792683   0.0001261094   0.0000561621  -0.0003370872
        0.0000018334   0.0000569802   0.0000455596  -0.0000253792  -0.0001000616
       -0.0000023664  -0.0000689784   0.0000409995   0.0000099666   0.0000167941
        0.0000047094  -0.0000040867  -0.0000014230  -0.0000134443   0.0000038811
       -0.0000022599  -0.0000080743  -0.0000003153  -0.0000077367   0.0000075747
       -0.0000033202
       -0.0016186932   0.0007198664  -0.0012669010   0.0017874837   0.0004528787
       -0.0001104487  -0.0000892024  -0.0002144090   0.0000783233  -0.0001987610
        0.0002082515   0.0002915830   0.0000147049  -0.0000891666  -0.0000574207
        0.0003428831   0.0000310706  -0.0000277507  -0.0003836868   0.0001576340
        0.0000736328   0.0000330861  -0.0000185951   0.0000091091  -0.0000237124
        0.0001034045  -0.0000398086  -0.0015396857  -0.0245012678  -0.0099172773
       -0.0791624041   0.0249162523   0.0260024971   0.5207873289   0.0154934515
       -0.1082606174  -0.1688659390  -0.0732947511  -0.0053517944   0.0025821215
       -0.0087196215   0.0050459432   0.0001908481   0.0011607962  -0.0008957980
        0.0005002643  -0.0011260487  -0.0008102153   0.0000613276   0.0002386835
       -0.0000291491   0.0000626418  -0.0002647159   0.0002479500  -0.0000987193
       -0.0001183703   0.0001123929   0.0002807461   0.0000539520  -0.0002127832
       -0.0001690456  -0.0001761699  -0.0001067717   0.0000109542  -0.0000100899
       -0.0000002120  -0.0000505796  -0.0001177425  -0.0000600182   0.0000350414
        0.0000061379   0.0000130297  -0.0000531725  -0.0000059091  -0.0000163687
       -0.0000159912  -0.0000327345   0.0000024786   0.0000802532  -0.0000354792
       -0.0000003718  -0.0000634547   0.0000511376   0.0000039544  -0.0030973837
       -0.0048062150  -0.0007356388  -0.0051733279   0.0257069731   0.0127868361
       -0.2346204970   0.0663247586   0.0845734174  -0.0038475172  -0.0073769394
       -0.0023525089  -0.0289512835  -0.0162153767   0.0018663486   0.0001905097
        0.0005007343  -0.0002344391   0.0007002155   0.0013140114  -0.0004773821
        0.0004727555   0.0004183350  -0.0000136720  -0.0000003237  -0.0000151301
        0.0001692858  -0.0000979217  -0.0000405182   0.0000545119  -0.0000145594
       -0.0001377410   0.0000558459  -0.0000551978  -0.0002774795  -0.0000624056
        0.0004479393   0.0007781098  -0.0003617562  -0.0002277265  -0.0001803215
        0.0001884064  -0.0003860871  -0.0006304527  -0.0000311214   0.0000634482
       -0.0005339096   0.0001944726  -0.0001556445   0.0002915775   0.0000133115
        0.0001494886  -0.0001998137   0.0000094743  -0.0000959820  -0.0000503054
       -0.0000535191  -0.0001349920   0.0015165071   0.0001519810   0.0003561965
       -0.0011062200  -0.0004658417   0.0000670177   0.0000545751  -0.0001293038
        0.0000378928  -0.0000555622  -0.0000187644  -0.0000595467   0.0000035478
        0.0001551572   0.0000126815  -0.0001571164  -0.0000115493  -0.0000055305
       -0.0000037757   0.0000059111  -0.0000137409   0.0000107513  -0.0000093769
       -0.0000121273   0.0000082132   0.0000114963   0.0000146070  -0.0000096626
        0.0000036359
       -0.0043549060   0.0031425102  -0.0059471101   0.0036447707   0.0003046263
        0.0000067172  -0.0005652445  -0.0002838713   0.0001799610   0.0004825201
        0.0002018771   0.0003130364  -0.0000371107   0.0001827340   0.0000627270
        0.0003766009  -0.0001429082  -0.0000886464  -0.0004277662   0.0001818886
       -0.0000186599  -0.0000368719  -0.0000664297   0.0000448191  -0.0001803584
        0.0002097189  -0.0000708161  -0.0330822734  -0.0434477265  -0.0012679369
        0.0383299500  -0.4132223179  -0.1747290095   0.0154934515   0.6910911535
        0.2325318410  -0.0819187572  -0.1171509842  -0.0115756051  -0.0153004118
       -0.0281347886   0.0066674019  -0.0002246067  -0.0030831438   0.0022962898
        0.0143678180  -0.0010065818  -0.0057260708   0.0006691530   0.0008179098
       -0.0005510108  -0.0003218878   0.0001938735   0.0007262739  -0.0001577123
       -0.0005184419   0.0003113850   0.0001551081   0.0001537847   0.0000881234
       -0.0002622791  -0.0001653784  -0.0002061943  -0.0000651945   0.0000448619
        0.0000701826  -0.0000327271  -0.0001329421  -0.0000372451   0.0000329476
        0.0000038373   0.0000296255  -0.0001066671  -0.0000111033  -0.0000191880
       -0.0000640275   0.0000183093  -0.0000500159   0.0000472012  -0.0000100072
       -0.0000545374  -0.0001269726   0.0000697612   0.0000063353  -0.0037641719
       -0.0022309218  -0.0018293627   0.0049841024  -0.0134666290  -0.0080891454
        0.0686699727  -0.0660902427  -0.0306214178  -0.0109660345  -0.0137027953
       -0.0049209789   0.0067275526   0.0070560745   0.0016977472  -0.0004978125
        0.0008846254  -0.0009350199  -0.0002268406   0.0001014878  -0.0002074463
       -0.0006562165  -0.0004841075   0.0002319491   0.0001293059   0.0000098385
        0.0002303955   0.0000340568  -0.0000177983   0.0001314901  -0.0001734103
       -0.0001539510   0.0003549334  -0.0007546100  -0.0011185573   0.0002795183
        0.0000982385  -0.0008054271  -0.0016930305   0.0002095956   0.0001916158
        0.0000708706  -0.0004141062   0.0009493365   0.0023461648   0.0001071575
       -0.0008348204   0.0002869422  -0.0001543068   0.0006310868  -0.0000401281
        0.0002182050  -0.0003874711   0.0000400718  -0.0000497083  -0.0001561356
       -0.0001700695  -0.0003853280   0.0023603615   0.0002829562   0.0006180773
       -0.0016479564  -0.0007318314  -0.0001544938  -0.0000226557   0.0000820504
        0.0000877195  -0.0000203672  -0.0000493663   0.0000211481   0.0000752808
        0.0001990688  -0.0000346618  -0.0003568667   0.0000382260   0.0000300874
       -0.0000140931  -0.0000001944  -0.0000364982   0.0000085792  -0.0000188781
       -0.0000288357   0.0000105214   0.0000379164   0.0000280698  -0.0000082333
        0.0000038960
       -0.0023791621   0.0020985525  -0.0027947497   0.0020014334   0.0006741417
       -0.0004090194  -0.0002075740  -0.0002441102   0.0000020816  -0.0001151921
        0.0000504162   0.0001677457   0.0000336437  -0.0001794758  -0.0001193971
        0.0002625902   0.0000612889   0.0000423946  -0.0003707176   0.0001393758
        0.0000948765   0.0000016599  -0.0000101162  -0.0000105503  -0.0000576174
        0.0000493332  -0.0000252974  -0.0160641514  -0.0110836190   0.0004579527
        0.0311645465  -0.1707962224  -0.1192636193  -0.1082606174   0.2325318410
        0.2659736047  -0.0013793504  -0.0051625423  -0.0598299956   0.0120602874
        0.0093502677   0.0009769197  -0.0001629245   0.0032432184  -0.0022926261
        0.0067138493   0.0000483477  -0.0026087636   0.0002428043   0.0003756953
       -0.0002644145   0.0000303994  -0.0000203804   0.0003392435  -0.0000253111
       -0.0001997646   0.0001239975   0.0000271734   0.0001615290  -0.0003595537
       -0.0000658415  -0.0000973649  -0.0000377386  -0.0000126976   0.0000177913
        0.0000281309   0.0000282687  -0.0000702834  -0.0000108376   0.0000093497
        0.0000139801   0.0000071786  -0.0000299834  -0.0000021438  -0.0000124100
       -0.0000098416  -0.0000046725  -0.0000181691   0.0000029873   0.0000056519
       -0.0000034144  -0.0000281826   0.0000280890  -0.0000025176   0.0000612394
       -0.0012278942   0.0022849399   0.0037358800  -0.0135857897  -0.0065428591
        0.0855311114  -0.0315748424  -0.0738787057  -0.0216042384  -0.0199079650
       -0.0036434990   0.0078182892   0.0043908127   0.0008649602   0.0006817910
        0.0011881851  -0.0004586328   0.0003418075  -0.0006352547   0.0004067949
        0.0007669777   0.0008631039   0.0000711411  -0.0000860723  -0.0000703695
        0.0000575513  -0.0001252718   0.0000568220  -0.0000021586  -0.0000680718
       -0.0000810009   0.0001454195  -0.0003487738  -0.0004887983   0.0001685482
        0.0000438460  -0.0003051584  -0.0007904929   0.0000486032   0.0000917682
        0.0000479744  -0.0002816009   0.0004347193   0.0010864005   0.0000344255
       -0.0002585631   0.0000736037  -0.0000098322   0.0002057067  -0.0000352661
        0.0000486416  -0.0001107610   0.0000155828  -0.0000457217  -0.0000461611
       -0.0000697875  -0.0000607438   0.0007248053   0.0001100378   0.0001417310
       -0.0005325573  -0.0001836923  -0.0000812370  -0.0001005710   0.0000903710
        0.0000082209   0.0000263699  -0.0000146756   0.0000615960   0.0000820986
        0.0000137693  -0.0000181661  -0.0001170166   0.0000232828   0.0000105264
       -0.0000030394   0.0000004643  -0.0000126035   0.0000000280  -0.0000074537
       -0.0000096733   0.0000046840   0.0000134556   0.0000074912  -0.0000021851
        0.0000018741
        0.0000902943  -0.0004810572   0.0005280384  -0.0002023053   0.0000134828
       -0.0000513062   0.0002214981  -0.0000344168  -0.0001170739  -0.0001045950
       -0.0001246203  -0.0001031911   0.0000159839   0.0000162715  -0.0000140804
       -0.0000114740   0.0001195592   0.0000977819   0.0000088642  -0.0000400575
        0.0000177506  -0.0000639449  -0.0000251643   0.0000120917  -0.0000601025
       -0.0000617349  -0.0000073082   0.0030214767   0.0009645495   0.0026116994
       -0.0015621729  -0.0093397895  -0.0026962856  -0.1688659390  -0.0819187572
       -0.0013793504   0.5205817137  -0.0121702601  -0.0170997467  -0.0652233840
        0.0275572651  -0.0149929208   0.0003718507  -0.0183020022   0.0127168496
       -0.0005038860   0.0002138750  -0.0000384262  -0.0001106906  -0.0000542886
        0.0000405437   0.0000239169  -0.0000331096  -0.0001106587   0.0000892115
        0.0000884614   0.0000272550  -0.0000990854   0.0000044971   0.0001010935
        0.0000741859   0.0000219732   0.0000523705  -0.0000069717  -0.0000014826
       -0.0000154649  -0.0000143192   0.0000486565   0.0000145518  -0.0000070311
       -0.0000186311  -0.0000404871   0.0000338206   0.0000054117   0.0000279083
       -0.0000759141  -0.0000415957  -0.0000628255  -0.0000834654   0.0000727356
        0.0000498499  -0.0000978165  -0.0000700271  -0.0000045777   0.0000495761
        0.0005162958  -0.0002872391   0.0011185142   0.0021551508  -0.0003144951
       -0.0224053529  -0.0149244581   0.0007632821  -0.0470434650  -0.0028724262
       -0.0147890294  -0.2114582122   0.0905202066   0.0505499543   0.0002287676
        0.0019659981  -0.0021001655  -0.0065398354   0.0207562651  -0.0149827318
       -0.0031540890  -0.0040809724   0.0005557787   0.0004688732   0.0001615160
        0.0006096328   0.0008137478  -0.0012034388   0.0004792452   0.0000205343
        0.0000341142  -0.0000477418   0.0000809069   0.0000957650   0.0000245365
       -0.0000950003   0.0000066241   0.0002294509   0.0000231081  -0.0000051959
       -0.0000253484   0.0001127402  -0.0000010023  -0.0002518887   0.0003654060
        0.0002327748  -0.0002052072  -0.0001623793  -0.0001227270  -0.0000151331
        0.0000747477   0.0000387937   0.0000162039   0.0001272677  -0.0000497481
       -0.0002384406  -0.0006523779  -0.0002666242   0.0004683197   0.0002621791
        0.0005218265  -0.0001474990   0.0001215025   0.0001350997   0.0000678245
        0.0001002555  -0.0000206458  -0.0000390775  -0.0000136352  -0.0000909061
        0.0001093660   0.0001160550   0.0001077652   0.0000171920  -0.0000314327
       -0.0000154398  -0.0000019316   0.0000234752   0.0000021619   0.0000115747
        0.0000150736  -0.0000013840  -0.0000223249  -0.0000066697  -0.0000051328
        0.0000018116
        0.0015365353  -0.0011213931   0.0019517618  -0.0016894458  -0.0001087259
       -0.0000085971   0.0003362632  -0.0000313220   0.0000507249  -0.0002017276
       -0.0001758531  -0.0001358916  -0.0001048433  -0.0000462268   0.0000067175
       -0.0001465529   0.0001208172   0.0000269768   0.0002037333  -0.0001584555
       -0.0001037308  -0.0000161174   0.0000433413  -0.0000413985   0.0001181293
       -0.0001550918   0.0000820258   0.0068174440   0.0027890417  -0.0077524531
       -0.0263901233  -0.0341755009  -0.0096816701  -0.0732947511  -0.1171509842
       -0.0051625423  -0.0121702601   0.4604948449   0.0503528554   0.0177077474
       -0.1235938114   0.0525640450  -0.0024710747  -0.0222927556   0.0144714512
       -0.0029194496   0.0007343227   0.0021405554  -0.0004049137  -0.0003334137
        0.0002317601   0.0001505169  -0.0001600870  -0.0002415514   0.0001106753
        0.0003364229  -0.0001172261   0.0000374721  -0.0000391149   0.0000303851
        0.0000528571   0.0000948664   0.0000988982   0.0000328421  -0.0000521795
       -0.0000402928   0.0000062740   0.0000889084   0.0000460060   0.0000073697
       -0.0000031195  -0.0000217742   0.0000667597   0.0000174632   0.0000045334
        0.0000743708  -0.0000199572   0.0000843164  -0.0000343948  -0.0000035774
        0.0000193180   0.0001669818  -0.0000442168   0.0000132280  -0.0007581156
       -0.0015788551   0.0004160806  -0.0007972364   0.0003045657   0.0023562669
        0.0046661378   0.0052131152  -0.0009203007  -0.0049166766  -0.0654271984
       -0.0788698981   0.0904891244  -0.0907299923  -0.0312420452  -0.0008851961
        0.0045070674  -0.0013330581   0.0063878223  -0.0163807405   0.0109571034
       -0.0035286046  -0.0031120086   0.0001072527   0.0006592436   0.0006313657
        0.0004233175   0.0011397292   0.0010339341  -0.0003711925   0.0001062704
        0.0000858507  -0.0001420272   0.0003924319   0.0003832166  -0.0001090426
       -0.0000721495   0.0003029000   0.0006000199  -0.0000598412  -0.0000529675
       -0.0000375944   0.0001535244  -0.0003578444  -0.0008100536  -0.0002275772
        0.0006544050  -0.0002048800   0.0001387731  -0.0004212408   0.0000604951
       -0.0001858822   0.0002783069  -0.0000502188  -0.0000304601   0.0000963435
        0.0002108860   0.0003985871  -0.0020284198  -0.0004016389  -0.0006459668
        0.0012904388   0.0007080975   0.0000974509  -0.0000416277  -0.0000385102
       -0.0000600868   0.0000289613   0.0000434787  -0.0000446441   0.0000181795
       -0.0001508570  -0.0000085195   0.0002285652  -0.0000578998   0.0000015399
        0.0000263675  -0.0000010457   0.0000195419  -0.0000076968   0.0000113244
        0.0000146096  -0.0000086323  -0.0000221774  -0.0000261479   0.0000093990
       -0.0000003135
       -0.0000901100  -0.0004784745   0.0001495296  -0.0002267810  -0.0000898155
       -0.0001242197  -0.0001056608   0.0001127399  -0.0000548823   0.0000710316
        0.0000491996  -0.0000492156   0.0001154884  -0.0000256836  -0.0000638163
       -0.0000312752  -0.0000439389  -0.0000354036   0.0000506879  -0.0000418224
       -0.0000558598   0.0000113824   0.0000043172   0.0000131460   0.0000342999
       -0.0000572101   0.0000172682   0.0026037150  -0.0060608344   0.0095160125
       -0.0080158625  -0.0114123570   0.0045998520  -0.0053517944  -0.0115756051
       -0.0598299956  -0.0170997467   0.0503528554   0.4797314860  -0.0088268967
        0.0577019015  -0.1086628071   0.0014915616   0.0057553815  -0.0021097613
        0.0001825170   0.0005471089  -0.0012672631   0.0000502632   0.0001187602
       -0.0000880757  -0.0000143195   0.0000117470  -0.0000210615   0.0000552708
        0.0000189196   0.0000982106  -0.0000026949   0.0001233004   0.0000390095
       -0.0000029827   0.0000638049   0.0000732341  -0.0000056093   0.0000164512
        0.0000285038  -0.0000059363   0.0000311431   0.0000332613  -0.0000149413
        0.0000065324   0.0000035158  -0.0000066768  -0.0000039801  -0.0000006927
        0.0000988600   0.0000456984   0.0000457765   0.0000659356  -0.0000215777
       -0.0000471339   0.0000479462   0.0000394414   0.0000004922  -0.0007752902
        0.0007034763  -0.0018660435  -0.0018885566   0.0014904832  -0.0031589034
        0.0082258182   0.0055930101   0.0012154382  -0.0165738991  -0.0806954578
       -0.2380291088   0.0516237001  -0.0306642864  -0.0622981890  -0.0053964943
        0.0225380511  -0.0233325511   0.0000019855  -0.0030139950   0.0036213731
        0.0005975351   0.0002464872   0.0008388482  -0.0003526552  -0.0009681068
        0.0008626549  -0.0003326299  -0.0001701943   0.0000964042  -0.0000129169
       -0.0000022722   0.0000448794  -0.0000852244  -0.0001497227   0.0000508171
       -0.0000340441  -0.0000239055   0.0000252788   0.0000101963  -0.0000108607
        0.0000506788   0.0000230616   0.0000101593  -0.0000075532  -0.0001224175
       -0.0000607003   0.0000566967   0.0001639223   0.0000767898  -0.0000046071
       -0.0001047815   0.0000009340   0.0000034847  -0.0000593967   0.0000799238
        0.0001122958   0.0000828078   0.0000993938  -0.0003443220  -0.0000636441
       -0.0001752242   0.0001222264   0.0000250110  -0.0000253439  -0.0000241799
        0.0000037961  -0.0000008723   0.0000056083   0.0000377826  -0.0000049602
        0.0000031127  -0.0000652920  -0.0000567621   0.0000053503   0.0000150232
        0.0000059479   0.0000063446  -0.0000105622  -0.0000123680  -0.0000039804
       -0.0000108791  -0.0000018346   0.0000074941   0.0000003731   0.0000042072
        0.0000013420
        0.0004211454  -0.0003117814   0.0005798509  -0.0005437925  -0.0000580713
       -0.0000152791   0.0000498825   0.0000185170  -0.0000142512   0.0000013130
       -0.0000411072  -0.0000245346   0.0000050624  -0.0000297742  -0.0000064606
       -0.0000570840   0.0000185024   0.0000106702   0.0000688024  -0.0000184596
       -0.0000021525   0.0000204149   0.0000034701   0.0000015190   0.0000521571
       -0.0000027695  -0.0000040677   0.0014747056   0.0014855737  -0.0024867544
       -0.0027148466  -0.0027599306  -0.0009881366   0.0025821215  -0.0153004118
        0.0120602874  -0.0652233840   0.0177077474  -0.0088268967   0.5005288991
       -0.0218374505  -0.0080608740  -0.1512120015  -0.0670803577  -0.0028500535
       -0.0008686128   0.0001125505   0.0005909233  -0.0001854713  -0.0001146484
        0.0000751170   0.0000846906  -0.0000567019  -0.0000996741   0.0000599942
        0.0000846864  -0.0000293335  -0.0000424646   0.0000059625  -0.0000127691
        0.0000374008   0.0000479984   0.0000168292   0.0000168602  -0.0000041483
       -0.0000148949  -0.0000049057   0.0000187538   0.0000048737  -0.0000072854
       -0.0000050869  -0.0000059705   0.0000137016   0.0000063615   0.0000096541
        0.0000133608   0.0000164281  -0.0000115136  -0.0000130125  -0.0000120172
        0.0000095068  -0.0000420015  -0.0000171274   0.0000041083  -0.0000222638
       -0.0004296746   0.0003451013   0.0000626385  -0.0001908827   0.0004696464
       -0.0001340360  -0.0003990989  -0.0005287883   0.0007450154   0.0021710727
       -0.0030582114  -0.0068863335   0.0209325651  -0.0145196343  -0.0479677104
       -0.0057218917  -0.0222650472  -0.1999332039   0.0928342342   0.0519966579
        0.0011970957  -0.0002995666   0.0007102375  -0.0051843814  -0.0053146786
       -0.0032406784  -0.0266588538  -0.0156243160   0.0003554664   0.0000625443
        0.0000147464  -0.0000521490   0.0001573734   0.0001280825  -0.0000352112
       -0.0000752417   0.0001326481   0.0001738560  -0.0000291099  -0.0000271015
       -0.0000035306   0.0001155450  -0.0001441530  -0.0002476326  -0.0000056737
        0.0000225325  -0.0000193969  -0.0001090447  -0.0000064420   0.0000104247
        0.0000571429  -0.0000093146  -0.0000012031  -0.0000636414  -0.0000638043
       -0.0000218197  -0.0000070471   0.0001132484   0.0001011188   0.0000198416
       -0.0000236940  -0.0001031125   0.0000065562  -0.0000063489   0.0000001627
       -0.0000222800   0.0000127187   0.0000109800   0.0001176910   0.0000011218
        0.0000183539   0.0000446894   0.0000264055  -0.0000069931  -0.0000150883
       -0.0000076924   0.0000070211   0.0000082929   0.0000047299   0.0000052945
        0.0000035556   0.0000006968  -0.0000119550   0.0000002780  -0.0000028506
        0.0000013186
       -0.0002963050   0.0004745536  -0.0005891993   0.0003344981   0.0000573507
        0.0000448433  -0.0000810264   0.0000575074  -0.0000433138   0.0000242730
        0.0000564485   0.0000030945   0.0000554017   0.0000294303   0.0000285899
        0.0000381001  -0.0000206640  -0.0000201470  -0.0000981335   0.0000096147
       -0.0000060685  -0.0000306324  -0.0000244389   0.0000008161  -0.0000476880
        0.0000324922   0.0000161521  -0.0023113934  -0.0010807648  -0.0012373121
       -0.0005773309   0.0030716223   0.0019572488  -0.0087196215  -0.0281347886
        0.0093502677   0.0275572651  -0.1235938114   0.0577019015  -0.0218374505
        0.4629809470   0.0386560667  -0.0656581332  -0.1163242056  -0.0055352320
        0.0010924607  -0.0000599604  -0.0002054436   0.0001348108   0.0001127999
       -0.0000416712  -0.0000192146  -0.0000044411   0.0000588018  -0.0000468122
       -0.0000699950   0.0000019948   0.0000166115  -0.0000615989  -0.0000240348
       -0.0000160483  -0.0000649763  -0.0000228780  -0.0000217168   0.0000036401
        0.0000232821   0.0000162734  -0.0000038272   0.0000096840   0.0000080890
        0.0000036072   0.0000065323  -0.0000118230  -0.0000066011  -0.0000283851
       -0.0000024080  -0.0000031030  -0.0000249706   0.0000656565  -0.0000033827
       -0.0000220084  -0.0000047413   0.0000564474   0.0000170557  -0.0000902615
       -0.0002301945   0.0002223138   0.0000884734  -0.0002783776   0.0005346978
        0.0003781920   0.0006325414  -0.0003785817   0.0000431748   0.0047412409
       -0.0013932706   0.0069467159  -0.0155780668   0.0106331512  -0.0062562928
       -0.0704680736  -0.0762988796   0.0925064329  -0.0954322439  -0.0327384219
       -0.0190987590  -0.0181391423   0.0017225768  -0.0121079622  -0.0104226518
       -0.0034561924   0.0080158574   0.0081109103   0.0010126379  -0.0000540478
       -0.0000350317   0.0000222721  -0.0001027274  -0.0000907953   0.0000417301
        0.0001132773  -0.0000059244  -0.0002437979  -0.0000054482   0.0000111502
        0.0000342437  -0.0001585264   0.0000222464   0.0002603061  -0.0000410609
       -0.0002673521   0.0001535056   0.0001185492   0.0001303958  -0.0000576256
       -0.0000252624  -0.0000590513   0.0000225012  -0.0001557771  -0.0000167348
       -0.0000130806   0.0002025684   0.0006566671   0.0000448555   0.0001129375
       -0.0006050584  -0.0001480083   0.0000071188  -0.0001121362  -0.0000261625
       -0.0000298037   0.0000245459   0.0000043591   0.0000942914   0.0000336765
       -0.0000597653  -0.0000620569  -0.0001012136   0.0000147946   0.0000108831
       -0.0000059493   0.0000130999  -0.0000130097  -0.0000125730  -0.0000086670
       -0.0000069201   0.0000046667   0.0000093457   0.0000064825   0.0000026271
        0.0000003950
        0.0003242469  -0.0002912072   0.0004051463  -0.0003690343  -0.0000301063
       -0.0000213856   0.0001180140  -0.0000128003   0.0000186651  -0.0000791562
       -0.0000086089   0.0000241826  -0.0000592402  -0.0000295326  -0.0000237629
       -0.0000221454   0.0000483295   0.0000226960   0.0000570790   0.0000238584
        0.0000236961   0.0000222251   0.0000214837  -0.0000149657   0.0000210598
        0.0000251022   0.0000108227   0.0012902616   0.0011042934  -0.0006537545
       -0.0018087859  -0.0027710556  -0.0019851233   0.0050459432   0.0066674019
        0.0009769197  -0.0149929208   0.0525640450  -0.1086628071  -0.0080608740
        0.0386560667   0.5063515243  -0.0030475395  -0.0058528133  -0.0661417179
       -0.0007117811  -0.0000244467   0.0002222846  -0.0001252673  -0.0001197050
        0.0000151491   0.0000129357   0.0000191683  -0.0000578701   0.0000292598
        0.0000567814  -0.0000098437  -0.0000268701  -0.0000204022   0.0000063102
        0.0000317852   0.0000165553  -0.0000080974   0.0000290675  -0.0000140783
       -0.0000235231  -0.0000159217  -0.0000078312  -0.0000088540  -0.0000009333
       -0.0000132423  -0.0000036280   0.0000035214   0.0000111404   0.0000032059
       -0.0000284815  -0.0000129230  -0.0000242599  -0.0000470506  -0.0000355768
        0.0000686606   0.0000158961  -0.0000152452   0.0000468089   0.0000690457
       -0.0002577188   0.0001031370   0.0001344093  -0.0000946741   0.0000315725
        0.0000608793  -0.0004017860   0.0005804804  -0.0062147439   0.0227479573
       -0.0256112059  -0.0002528603  -0.0026888407   0.0037521076  -0.0221239984
       -0.0764763275  -0.2418867408   0.0521484517  -0.0321677199  -0.0638049740
        0.0146371066   0.0133647823  -0.0004973259  -0.0229338225  -0.0188995407
       -0.0034401457   0.0065509680   0.0047856522   0.0005256773   0.0000496521
        0.0000400153  -0.0000183869   0.0000992595   0.0001026267  -0.0000063832
       -0.0001009776  -0.0000698561   0.0001159766   0.0000262859   0.0000335108
       -0.0000323409   0.0001121430   0.0000158786  -0.0001124217  -0.0000215900
        0.0001471949  -0.0002689793  -0.0000920359  -0.0000922092   0.0000603060
        0.0000217760   0.0000433865  -0.0000364085  -0.0002188172  -0.0000257057
       -0.0000979109   0.0002591459  -0.0002182347   0.0006479603  -0.0000237478
        0.0001238275  -0.0003490490  -0.0000136353  -0.0000249990   0.0000465458
       -0.0000323168   0.0000092656   0.0000215880   0.0002142386  -0.0000214345
       -0.0002106812   0.0000283755   0.0000543928  -0.0000748591   0.0000024246
        0.0000118127   0.0000147386   0.0000069294   0.0000025223  -0.0000006825
        0.0000052656   0.0000025290  -0.0000116094  -0.0000031047  -0.0000009591
        0.0000035358
       -0.0001181055   0.0000769801  -0.0001155436   0.0001261763   0.0000094206
        0.0000033790  -0.0000164635   0.0000050031  -0.0000127815   0.0000099538
       -0.0000129659  -0.0000010543   0.0000315775   0.0000108820   0.0000009949
        0.0000222779   0.0000007815   0.0000016211  -0.0000334546   0.0000029876
        0.0000050816  -0.0000203235  -0.0000182911   0.0000139388  -0.0000105149
       -0.0000152461  -0.0000070598  -0.0002110135  -0.0002867611   0.0002072418
        0.0003211344   0.0003842059   0.0002893413   0.0001908481  -0.0002246067
       -0.0001629245   0.0003718507  -0.0024710747   0.0014915616  -0.1512120015
       -0.0656581332  -0.0030475395   0.4895363728  -0.0336859242  -0.0012999741
        0.0001421784   0.0000072772  -0.0000740957   0.0000273641   0.0000263354
       -0.0000042721  -0.0000079903   0.0000017683   0.0000157366  -0.0000020407
       -0.0000170916   0.0000065942  -0.0000104100  -0.0000050430   0.0000049101
        0.0000064963  -0.0000058385   0.0000008493  -0.0000030982   0.0000051211
        0.0000058138   0.0000017386  -0.0000000439   0.0000014046   0.0000035980
        0.0000031543  -0.0000051734   0.0000016741  -0.0000025646   0.0000031266
       -0.0000071423   0.0000136349  -0.0000222646   0.0000163116  -0.0000096601
       -0.0000183974  -0.0000742224  -0.0000015610  -0.0000198215  -0.0000252598
        0.0000371113  -0.0000201331  -0.0000300899  -0.0000311365  -0.0000471308
        0.0001957424   0.0000189553   0.0000001073   0.0002376960   0.0005545304
       -0.0001872558   0.0009388591   0.0009612241  -0.0004894647  -0.0053445127
       -0.0060245749  -0.0023944353  -0.0267107095  -0.0166400134   0.0005889315
       -0.0483790349   0.0285463058  -0.0235289435  -0.0460930531  -0.0074830600
       -0.0211268147  -0.2140931878   0.1017672392   0.0498054098  -0.0000097702
       -0.0000057485   0.0000010607  -0.0000239565  -0.0000184022   0.0000081209
        0.0000159374  -0.0000041038  -0.0000270070   0.0000049640  -0.0000006698
        0.0000024117  -0.0000241806   0.0000115138   0.0000323683   0.0000797543
       -0.0002123058   0.0002095294  -0.0000389113   0.0000724458  -0.0000246904
        0.0000452401  -0.0000425657   0.0000161298  -0.0000631272  -0.0000992907
       -0.0000800528  -0.0002814061   0.0007129689  -0.0001858829   0.0003980353
       -0.0001934002   0.0000741697  -0.0000124269  -0.0000404757  -0.0000001821
        0.0000261522  -0.0000169647  -0.0000140582   0.0000703504   0.0000428687
        0.0001035841   0.0000290022  -0.0000343284   0.0000251482   0.0000003214
       -0.0000115068  -0.0000043267   0.0000053527   0.0000027136   0.0000004585
       -0.0000019128   0.0000023070  -0.0000010660   0.0000013599  -0.0000043831
        0.0000033208
        0.0002048831  -0.0001263496   0.0002149117  -0.0002287397   0.0000092858
        0.0000005319   0.0000393094   0.0000226143   0.0000206050  -0.0000395549
       -0.0000090053  -0.0000211615  -0.0000341966  -0.0000103602  -0.0000027524
       -0.0000059420   0.0000176188   0.0000031235   0.0000193188  -0.0000130004
       -0.0000057872   0.0000127040   0.0000141800  -0.0000166265  -0.0000006184
        0.0000103409   0.0000087595   0.0004797629   0.0004568170  -0.0007966644
       -0.0010387685  -0.0009693644  -0.0004498381   0.0011607962  -0.0030831438
        0.0032432184  -0.0183020022  -0.0222927556   0.0057553815  -0.0670803577
       -0.1163242056  -0.0058528133  -0.0336859242   0.5022493630  -0.0016953950
       -0.0002553565   0.0000043282   0.0001643786  -0.0000509176  -0.0000422153
        0.0000231954   0.0000289240   0.0000039586  -0.0000468746   0.0000096108
        0.0000225223  -0.0000154463   0.0000064661  -0.0000148478  -0.0000345364
       -0.0000017733   0.0000018393   0.0000067394   0.0000077540  -0.0000129841
       -0.0000060375   0.0000049325   0.0000044840   0.0000036413   0.0000038503
       -0.0000063376   0.0000024757   0.0000058327  -0.0000023962  -0.0000008603
        0.0000013864  -0.0000141347   0.0000152216  -0.0000174931  -0.0000142945
        0.0000272385   0.0000347901  -0.0000680260   0.0000146350  -0.0000328217
       -0.0001432513   0.0001191350  -0.0000211586  -0.0000471151   0.0002220392
       -0.0001359838  -0.0001718273  -0.0001302510   0.0000395101   0.0009536893
       -0.0009312196  -0.0009755030   0.0005327891  -0.0003178417  -0.0117958097
       -0.0097003181  -0.0033006825   0.0082130905   0.0075486937   0.0005406126
        0.0289036995  -0.1768934079   0.1161331741  -0.0070255031  -0.0786405488
       -0.0831188309   0.1010166525  -0.1032320540  -0.0295632098   0.0000212133
        0.0000144976  -0.0000199966   0.0000459655   0.0000453514  -0.0000045457
       -0.0000346592   0.0000021818   0.0000516841   0.0000001481   0.0000051727
       -0.0000030385   0.0000469062  -0.0000266522  -0.0000610317  -0.0000875453
        0.0001615951  -0.0001504088   0.0000107020  -0.0001728504   0.0000565671
       -0.0000493402   0.0000998625  -0.0000310358  -0.0000259990   0.0001160773
        0.0000996019   0.0001762306  -0.0005695426   0.0001289569   0.0003779851
        0.0002324454  -0.0001591441   0.0000132601   0.0000050403  -0.0000031483
       -0.0000173571  -0.0000023100  -0.0000021495   0.0000122880  -0.0000351478
       -0.0000780022   0.0000195407   0.0000859820  -0.0000282617   0.0000052017
        0.0000105536  -0.0000025163   0.0000162025   0.0000002340   0.0000051784
        0.0000114245  -0.0000046540  -0.0000096755  -0.0000070171   0.0000115823
       -0.0000012226
       -0.0002435388   0.0001365089  -0.0002412057   0.0002632920   0.0000005356
        0.0000134308  -0.0000413887   0.0000090938  -0.0000130252   0.0000368149
        0.0000211328   0.0000226345   0.0000177302   0.0000022604  -0.0000079532
        0.0000443908   0.0000006239  -0.0000044010  -0.0000447141  -0.0000001954
       -0.0000067385  -0.0000165630   0.0000014080   0.0000147635   0.0000106445
       -0.0000216832   0.0000186550  -0.0004597706  -0.0004884433   0.0006855257
        0.0009877193   0.0010477556   0.0006347997  -0.0008957980   0.0022962898
       -0.0022926261   0.0127168496   0.0144714512  -0.0021097613  -0.0028500535
       -0.0055352320  -0.0661417179  -0.0012999741  -0.0016953950   0.5251660668
        0.0002745762   0.0000164451  -0.0001754000   0.0000675994   0.0000542124
       -0.0000284335  -0.0000278137   0.0000010950   0.0000533500  -0.0000166557
       -0.0000333942   0.0000209683   0.0000117593   0.0000037360   0.0000236403
       -0.0000160146  -0.0000027973   0.0000004093  -0.0000080700   0.0000037582
        0.0000097135  -0.0000012187  -0.0000041405   0.0000034569   0.0000041427
        0.0000053812  -0.0000025833  -0.0000092875   0.0000009561  -0.0000041598
        0.0000213355  -0.0000119068   0.0000293244   0.0000195549  -0.0000020530
       -0.0000152606   0.0000436774   0.0000058173  -0.0000066951   0.0000095605
        0.0001433237  -0.0000837981  -0.0000286820   0.0000172978  -0.0001249952
        0.0000635282  -0.0000272788   0.0001044974   0.0007273526   0.0006088743
        0.0008343714   0.0003267438  -0.0003393476   0.0002756463  -0.0223774731
       -0.0185824065  -0.0031954895   0.0073846897   0.0047645171   0.0009215663
       -0.0240970144   0.1166420193  -0.1466312653  -0.0202640191  -0.0835812711
       -0.2472435454   0.0497868981  -0.0298522263  -0.0608121894  -0.0000242977
       -0.0000133440   0.0000238388  -0.0000576264  -0.0000539416   0.0000121227
        0.0000392373  -0.0000077070  -0.0000852108   0.0000041047  -0.0000014525
        0.0000190262  -0.0000583387   0.0000213386   0.0000863439  -0.0000308915
       -0.0000150210   0.0000061719   0.0000483590   0.0000456941   0.0000024314
       -0.0000299931  -0.0000124497  -0.0000000370  -0.0000033427   0.0001158821
        0.0000217823  -0.0000018203   0.0000061226  -0.0001770726  -0.0000224158
       -0.0001026683   0.0003234836   0.0000093439  -0.0000195815  -0.0000010678
        0.0000227114  -0.0000139056   0.0000240500   0.0000086454   0.0000080597
        0.0000572179  -0.0000179517  -0.0000383250  -0.0000089652   0.0000068241
        0.0000107113   0.0000036808  -0.0000033529  -0.0000067447  -0.0000031151
       -0.0000085202  -0.0000012073  -0.0000005241  -0.0000014847   0.0000018174
        0.0000042670
       -0.0043713568   0.0052824216  -0.0067457595  -0.0014249547   0.0012649999
       -0.0014433077  -0.0007105090   0.0014848154   0.0001135244   0.0003381995
        0.0004412518   0.0006778303   0.0008364088   0.0005533621   0.0001547399
       -0.0001266215  -0.0012156728  -0.0003442232   0.0004130531  -0.0006955200
       -0.0009200270  -0.0001945170  -0.0002268215  -0.0000536735  -0.0002686794
        0.0000750530   0.0001251106  -0.5212020423   0.0902173694   0.1844255275
       -0.0661454089  -0.0188340549   0.0097744303   0.0005002643   0.0143678180
        0.0067138493  -0.0005038860  -0.0029194496   0.0001825170  -0.0008686128
        0.0010924607  -0.0007117811   0.0001421784  -0.0002553565   0.0002745762
        0.6247040612  -0.1109861843  -0.2034692711   0.0027827797  -0.0067518457
        0.0039877303  -0.0033928010   0.0022353320  -0.0010362534  -0.0034342817
       -0.0000742028  -0.0019011093   0.0000476834  -0.0001383629  -0.0001145227
       -0.0000378496  -0.0001909641  -0.0000638966  -0.0001284367   0.0001161372
        0.0001949061   0.0001256529   0.0000736307  -0.0000475961   0.0000260329
        0.0000358564   0.0000328253  -0.0001305297  -0.0000452996  -0.0000952672
        0.0000560878   0.0000925651  -0.0000151161   0.0003991839   0.0000230798
       -0.0003735186   0.0001852582   0.0001403321  -0.0000146877  -0.0234702645
        0.0247579273   0.0206592433  -0.0059663774  -0.0052344110  -0.0000844881
        0.0005362787  -0.0009060805  -0.0008691374  -0.0002692142   0.0002826819
       -0.0001428659   0.0008130124   0.0001090937  -0.0002417401  -0.0000638869
        0.0000818671   0.0001007831   0.0002464940  -0.0002970549  -0.0000590402
       -0.0000980358  -0.0002894031   0.0001186061  -0.0000035172   0.0000697007
       -0.0000904897   0.0001776825   0.0001033209  -0.0000824770  -0.0010628123
        0.0008794224  -0.0014997453   0.0003503947   0.0076738189  -0.0029798537
        0.0041092932   0.0000696439   0.0112123676  -0.0001217247  -0.0007212698
       -0.0016797768  -0.0021429077  -0.0013655426  -0.0137880521  -0.0004624710
       -0.0006682030   0.0006864711   0.0012823296   0.0003494793  -0.0002331625
       -0.0007172876  -0.0000359377   0.0001238234  -0.0000512734   0.0001164794
        0.0003122002   0.0002401269   0.0011667836  -0.0008210501  -0.0004426571
       -0.0006766296   0.0002171990   0.0000291755  -0.0002334604  -0.0003067605
       -0.0001094086   0.0000555908   0.0000617348   0.0000209806  -0.0000014065
       -0.0001162740  -0.0004999810  -0.0003704278   0.0001729330   0.0001522828
       -0.0000083660  -0.0000199673  -0.0000636962  -0.0000865616  -0.0000182714
       -0.0000398832  -0.0000243218   0.0000806453   0.0000109910   0.0000405159
       -0.0000204110
        0.0081549921  -0.0017450579   0.0033775927  -0.0017892272  -0.0011484757
        0.0011112053   0.0005479142   0.0000422067  -0.0000973211   0.0000181100
        0.0000517321  -0.0002227660  -0.0000616069  -0.0000003659   0.0000748173
       -0.0002557453   0.0001890838  -0.0000828851   0.0004865847  -0.0002813495
       -0.0002231413   0.0000709001   0.0000722920   0.0000238929   0.0001570732
       -0.0000692769   0.0000181490   0.0951857817  -0.0938463886  -0.0510337012
       -0.0198510663   0.0133264463   0.0082695771  -0.0011260487  -0.0010065818
        0.0000483477   0.0002138750   0.0007343227   0.0005471089   0.0001125505
       -0.0000599604  -0.0000244467   0.0000072772   0.0000043282   0.0000164451
       -0.1109861843   0.0946619658   0.0528878940  -0.0021897698  -0.0060293506
        0.0045278175   0.0001903003  -0.0009433148  -0.0000571986  -0.0003531162
        0.0004592246  -0.0000819460  -0.0000222167   0.0000452303   0.0002422795
        0.0000745280   0.0000774698   0.0000779066   0.0000422192  -0.0000152564
       -0.0000124276  -0.0000853905   0.0002026717   0.0001552220  -0.0000275364
        0.0000052847   0.0000098227   0.0000475393   0.0000157176   0.0000071965
        0.0000181135  -0.0000011980   0.0000212903  -0.0000241339  -0.0000918054
        0.0000728126   0.0000736573  -0.0000431802   0.0000162862   0.0354597149
       -0.0053247145  -0.0188898635  -0.0045210724  -0.0014801599  -0.0001163820
       -0.0002176494   0.0014916235   0.0005761211   0.0001022507  -0.0000135683
       -0.0000008085  -0.0002559753  -0.0001078880   0.0000557455   0.0000449966
        0.0000185962  -0.0001310043  -0.0000871650   0.0001630466   0.0000337297
       -0.0000190486  -0.0000447652   0.0000114780  -0.0000183673  -0.0000333860
       -0.0000261369  -0.0000319714  -0.0000211073   0.0000007973   0.0002669796
       -0.0005512972  -0.0009144161   0.0014946807   0.0014932825  -0.0015168685
        0.0005948920   0.0041702262  -0.0002537625  -0.0005438766  -0.0004364423
        0.0007870595  -0.0007272622  -0.0040504165   0.0007952824  -0.0001713269
        0.0003660210  -0.0002386483  -0.0000936524  -0.0002742115   0.0000909745
       -0.0000173277   0.0001696812  -0.0000588233  -0.0001472693   0.0000161903
        0.0000182907   0.0003888952  -0.0008074739   0.0002532454  -0.0002101315
        0.0005267318   0.0000691549   0.0000475407  -0.0001354425  -0.0000824995
       -0.0000506277   0.0000039449   0.0000404979   0.0000217009   0.0000523832
       -0.0000914478   0.0000551865   0.0001697653  -0.0000749527  -0.0000081647
        0.0000203192   0.0000013788   0.0000171627   0.0000138319   0.0000055945
        0.0000108957  -0.0000003272  -0.0000166930  -0.0000133823  -0.0000008575
        0.0000031265
       -0.0104503678   0.0036048082   0.0002626292   0.0031371233   0.0010582622
       -0.0009492791  -0.0002299906  -0.0010981424  -0.0002315883   0.0002518866
       -0.0002229488  -0.0001132264  -0.0003310437  -0.0000444506  -0.0000086627
        0.0000850965   0.0003156353   0.0003290043  -0.0009235656   0.0001400254
        0.0005903583   0.0000272403   0.0000825150   0.0000223740   0.0000168884
       -0.0000230588  -0.0000966211   0.1641735139  -0.0477204278  -0.1226227079
        0.0158885179   0.0090156737   0.0117075330  -0.0008102153  -0.0057260708
       -0.0026087636  -0.0000384262   0.0021405554  -0.0012672631   0.0005909233
       -0.0002054436   0.0002222846  -0.0000740957   0.0001643786  -0.0001754000
       -0.2034692711   0.0528878940   0.1299436257   0.0006072092   0.0057517029
       -0.0007796117   0.0023636303  -0.0015618962   0.0013169711   0.0012471443
       -0.0001195100   0.0000024630   0.0000479902   0.0002856609   0.0001619816
       -0.0000335532   0.0000497830   0.0000068602  -0.0000442082   0.0000095958
       -0.0000129474  -0.0000612871   0.0001857155   0.0000055397  -0.0000222880
        0.0000047113  -0.0000052909   0.0000331720   0.0000053454   0.0000359895
       -0.0000115649   0.0000000992   0.0000042397  -0.0001164250   0.0000306042
        0.0000344870  -0.0000911469  -0.0000287223  -0.0000301335   0.0306211634
       -0.0165911613  -0.0040905262   0.0005851762   0.0001116613   0.0022494165
       -0.0000514653   0.0004872710   0.0011181267   0.0001288734  -0.0001825043
        0.0001289187  -0.0003431095  -0.0000859638   0.0000661336  -0.0000145779
       -0.0000425634   0.0000869851  -0.0000922998   0.0000838384  -0.0000065397
        0.0000550714   0.0000996209  -0.0000270453   0.0000184983   0.0000154950
        0.0000742557  -0.0000626431  -0.0000284998   0.0000144330  -0.0003244531
       -0.0012896079   0.0006894933  -0.0011309051  -0.0034195985  -0.0019428519
        0.0019507320   0.0004201517  -0.0197514131  -0.0001850480   0.0003485169
        0.0005067054  -0.0031095961   0.0010711764   0.0050395154   0.0002038677
        0.0000057996   0.0000048004  -0.0003282212   0.0000147600   0.0000155706
        0.0002063619  -0.0000541125   0.0000182156   0.0000859888  -0.0000260931
        0.0000582102  -0.0002906592  -0.0001062813  -0.0001199617   0.0002415875
        0.0001011895   0.0000600753  -0.0000340295   0.0000776973   0.0000364235
        0.0000213810  -0.0000257963  -0.0000162229  -0.0000137171  -0.0000186727
        0.0000398862   0.0001248753   0.0000432919   0.0000132925  -0.0000416477
       -0.0000101999  -0.0000090219   0.0000097193   0.0000259029   0.0000052602
        0.0000061566   0.0000044441  -0.0000091008   0.0000000329  -0.0000120571
        0.0000021204
       -0.0097902178  -0.0031191648   0.0002292510   0.0041464059  -0.0007073876
       -0.0001779172  -0.0013615146  -0.0005494226  -0.0002375735   0.0002228007
       -0.0000339815  -0.0001126020   0.0000073693  -0.0000009451  -0.0000406037
        0.0003657553   0.0000469797  -0.0000100441  -0.0009181874   0.0004029015
        0.0004367911  -0.0000163149  -0.0000792043   0.0000155670  -0.0001365774
        0.0000272509   0.0000146408  -0.0017751429   0.0021381584  -0.0012421962
        0.0001273936  -0.0005650828  -0.0003332624   0.0000613276   0.0006691530
        0.0002428043  -0.0001106906  -0.0004049137   0.0000502632  -0.0001854713
        0.0001348108  -0.0001252673   0.0000273641  -0.0000509176   0.0000675994
        0.0027827797  -0.0021897698   0.0006072092   0.0221659135  -0.0407490723
       -0.0383804466  -0.0000419526   0.0007186630   0.0010085824   0.0040154504
       -0.0003493680   0.0002977253   0.0000048247   0.0000093904   0.0000050554
       -0.0001490739  -0.0001153615  -0.0000433957  -0.0001490543   0.0000495052
        0.0000746291   0.0001334980  -0.0001358211  -0.0001018939  -0.0000025951
        0.0000250639   0.0000192809  -0.0000539660  -0.0000251293  -0.0000337919
        0.0000145517   0.0000301874  -0.0000100554   0.0001148549   0.0000412366
       -0.0001256777   0.0000536547   0.0000446975  -0.0000111718   0.0002808737
       -0.0004113009  -0.0002598536   0.0000059173  -0.0000093608  -0.0000881469
       -0.0000431104  -0.0000098269  -0.0000283866  -0.0000866244   0.0000147980
       -0.0000248984   0.0000566531   0.0000026611  -0.0000479238   0.0000059979
        0.0000039117   0.0000265668   0.0000458567  -0.0000370672  -0.0000049493
       -0.0000269316  -0.0000799355   0.0000383440  -0.0000062452   0.0000116703
       -0.0000170021   0.0000223439   0.0000221412  -0.0000201735  -0.0125910105
        0.0316672577   0.0433556046  -0.0077883789   0.0145597384  -0.0048711250
        0.0028424948  -0.0003620779  -0.0003011142  -0.0002239985  -0.0008397848
       -0.0004109854  -0.0018972205   0.0003393764   0.0005066169  -0.0001078147
       -0.0002540006   0.0002249650   0.0004460628   0.0001674610  -0.0000915550
       -0.0002342294  -0.0000386204   0.0000498550   0.0000246296   0.0000158530
        0.0000751081  -0.0000104984   0.0004516356  -0.0002900053  -0.0001119532
       -0.0002850057   0.0000673868  -0.0000087182  -0.0000283870  -0.0000477955
       -0.0000197000   0.0000177090   0.0000165237   0.0000175820  -0.0000091468
       -0.0000146525  -0.0001724691  -0.0001532861   0.0000748717   0.0000608485
       -0.0000032068  -0.0000145258  -0.0000246126  -0.0000253092  -0.0000084133
       -0.0000152772  -0.0000070869   0.0000304466   0.0000063471   0.0000167343
       -0.0000082829
       -0.0036127051   0.0009254207  -0.0014675589   0.0015592221  -0.0001080780
        0.0001655086  -0.0003645025  -0.0001530741  -0.0001748253   0.0002378941
        0.0000241519  -0.0000281592   0.0000181660   0.0001171742   0.0000630622
       -0.0000187675  -0.0000450064  -0.0000325444  -0.0002827657  -0.0000045462
       -0.0000795359  -0.0000158636  -0.0000260928   0.0000070003  -0.0000492237
       -0.0000092178   0.0000188379   0.0063130401  -0.0016281468  -0.0014139504
       -0.0010687568  -0.0008628031  -0.0008320816   0.0002386835   0.0008179098
        0.0003756953  -0.0000542886  -0.0003334137   0.0001187602  -0.0001146484
        0.0001127999  -0.0001197050   0.0000263354  -0.0000422153   0.0000542124
       -0.0067518457  -0.0060293506   0.0057517029  -0.0407490723   0.4068031175
       -0.0227873284   0.0008424363  -0.0001170709   0.0006718505  -0.0002112906
       -0.0015609244   0.0001050690   0.0000042387   0.0000417023   0.0000910894
       -0.0000318089  -0.0000224959   0.0000047730  -0.0000663675   0.0000285902
        0.0000526633  -0.0000258749   0.0000688648   0.0001045019  -0.0000110493
        0.0000144199   0.0000165982  -0.0000179585  -0.0000130003  -0.0000147436
        0.0000111558   0.0000236982   0.0000001171   0.0000556936  -0.0000064354
       -0.0000534659   0.0000519702   0.0000092698  -0.0000027693  -0.0000950714
        0.0003894030   0.0004605105  -0.0001978921  -0.0000231734   0.0000294537
       -0.0000562536   0.0001729960  -0.0000139438  -0.0000433447   0.0000223913
       -0.0000224017  -0.0000302502   0.0000064611  -0.0000100670   0.0000165411
        0.0000074218   0.0000073488   0.0000029208   0.0000191496  -0.0000006731
       -0.0000169196  -0.0000558846   0.0000223090   0.0000016155   0.0000060416
       -0.0000164008   0.0000060359   0.0000096136  -0.0000116216   0.0282564310
       -0.1426859432  -0.1553534087   0.0172101848  -0.2527397273   0.1770969099
       -0.0011613370  -0.0044586612  -0.0027179369  -0.0001264477  -0.0000273651
        0.0003819347   0.0004220713   0.0013673526  -0.0004761722  -0.0001116685
       -0.0000149919   0.0000426766   0.0002440941  -0.0000314038  -0.0000149811
       -0.0001535571   0.0000544872   0.0000095448  -0.0000136973   0.0000150056
        0.0000371599   0.0000956259  -0.0000426676  -0.0000879808  -0.0001184656
        0.0000332527   0.0000668950   0.0000113467  -0.0000400357  -0.0000345586
       -0.0000192151   0.0000143433   0.0000189443   0.0000165323   0.0000105391
       -0.0000310944  -0.0000799564  -0.0000182728   0.0000187093   0.0000338931
       -0.0000005207  -0.0000059417  -0.0000042332  -0.0000133240  -0.0000004230
       -0.0000011393  -0.0000076264   0.0000132803   0.0000001100   0.0000058916
       -0.0000028458
       -0.0006496364  -0.0007802572   0.0017410604   0.0003780071   0.0000598544
       -0.0000544998  -0.0000400316  -0.0001987847  -0.0000198501  -0.0000042327
       -0.0000162966  -0.0000084578  -0.0000144110   0.0000140156   0.0000113386
        0.0000242356   0.0000262562   0.0000095009  -0.0001429701  -0.0000514762
        0.0001019748   0.0000096475   0.0000072179   0.0000100571  -0.0000081974
        0.0000014681  -0.0000342301  -0.0036190105   0.0005123405  -0.0004015124
        0.0006748145   0.0005395648   0.0006972627  -0.0000291491  -0.0005510108
       -0.0002644145   0.0000405437   0.0002317601  -0.0000880757   0.0000751170
       -0.0000416712   0.0000151491  -0.0000042721   0.0000231954  -0.0000284335
        0.0039877303   0.0045278175  -0.0007796117  -0.0383804466  -0.0227873284
        0.5649270978   0.0006154552   0.0003207404  -0.0002968153   0.0000781960
        0.0000977678  -0.0014579422  -0.0000074055   0.0000836306   0.0000139809
       -0.0000017023   0.0000146920  -0.0000059933  -0.0000222719   0.0000167778
        0.0000070281  -0.0000213115   0.0000689422   0.0000024980  -0.0000059840
        0.0000037550   0.0000005266   0.0000056341   0.0000031821   0.0000080826
       -0.0000017580   0.0000033999   0.0000003283  -0.0000202513   0.0000076581
       -0.0000088238  -0.0000219731  -0.0000041464  -0.0000163659  -0.0004441667
        0.0000821951   0.0000624407   0.0000447128   0.0000490335  -0.0000149803
       -0.0000072501  -0.0000110202  -0.0000030510   0.0000410544   0.0000161845
        0.0000343528  -0.0000109581   0.0000012869   0.0000022665  -0.0000066884
       -0.0000017600   0.0000248372  -0.0000067629   0.0000012570  -0.0000054975
        0.0000098764   0.0000111460  -0.0000069990   0.0000077525   0.0000095277
        0.0000127897  -0.0000050593  -0.0000002758  -0.0000035354   0.0476970077
       -0.1926034227  -0.3393065484  -0.0097281890   0.2140005150  -0.2231371436
       -0.0006735025  -0.0039902837  -0.0002803833  -0.0002310102   0.0000228724
       -0.0001144851   0.0003875420   0.0003176742  -0.0013768892   0.0000518524
       -0.0000381803   0.0000487087  -0.0000502893   0.0000371230  -0.0000179099
        0.0000405749  -0.0000301905   0.0000213150   0.0000291358   0.0000002959
        0.0000403138  -0.0001007331   0.0000288357  -0.0000978797   0.0000620729
       -0.0000026910   0.0000347530  -0.0000038375   0.0000170229  -0.0000023976
       -0.0000028175  -0.0000101819  -0.0000011486  -0.0000042165  -0.0000117791
        0.0000069206   0.0000160477  -0.0000129775   0.0000170985  -0.0000078161
       -0.0000086900  -0.0000078549   0.0000002117   0.0000024825  -0.0000042097
        0.0000001600  -0.0000037153  -0.0000010929   0.0000009305  -0.0000053490
       -0.0000046503
       -0.1223009722   0.0759474528   0.1198047620  -0.0219712382   0.0151080410
        0.0226652265   0.0016553301   0.0022065571   0.0008823821  -0.0004698332
        0.0002987391  -0.0000609844   0.0003580701  -0.0001659879  -0.0001338155
       -0.0009606152   0.0013142376   0.0005271221  -0.0053761677  -0.0015971350
        0.0003837982   0.0000361525  -0.0000651476  -0.0000067142   0.0000702824
       -0.0000023973   0.0000023732   0.0051536401  -0.0020068697   0.0001870978
       -0.0004711853  -0.0000576710  -0.0000816620   0.0000626418  -0.0003218878
        0.0000303994   0.0000239169   0.0001505169  -0.0000143195   0.0000846906
       -0.0000192146   0.0000129357  -0.0000079903   0.0000289240  -0.0000278137
       -0.0033928010   0.0001903003   0.0023636303  -0.0000419526   0.0008424363
        0.0006154552   0.1439918383  -0.0851381602  -0.1343092370   0.0072673058
       -0.0053235041  -0.0082336496  -0.0002504601  -0.0011702742  -0.0007198882
        0.0001796679   0.0000524525   0.0000102861  -0.0003765125  -0.0001003204
       -0.0000379042  -0.0000092184  -0.0004646596  -0.0001767958   0.0000612872
       -0.0000158854  -0.0000188444   0.0000243253   0.0000141376   0.0000125845
       -0.0000102011  -0.0000225265   0.0000121068  -0.0000215459  -0.0000158816
        0.0000246500  -0.0000095190  -0.0000094314   0.0000067906  -0.0003349405
        0.0003167398  -0.0005303534  -0.0000988862   0.0000483495   0.0000191419
        0.0000593316   0.0001004863  -0.0000853150   0.0000264569  -0.0000633962
       -0.0000125655  -0.0000766195   0.0000097310   0.0000458395  -0.0000068651
        0.0000089648  -0.0000105072  -0.0000157189   0.0000217392  -0.0000045340
        0.0000096595   0.0000254434  -0.0000121955   0.0000028461  -0.0000103859
        0.0000047257  -0.0000145168  -0.0000044993   0.0000093263  -0.0012076578
       -0.0009598845   0.0001784389  -0.0001363776  -0.0000527197  -0.0009014272
       -0.0007937267  -0.0011750935  -0.0005137829   0.0008931504  -0.0000029306
        0.0009726868  -0.0016399303   0.0020194132  -0.0028204900   0.0000193796
        0.0000900461  -0.0000692589  -0.0001464560  -0.0000537592   0.0000366687
        0.0000825395   0.0000063529  -0.0000258430  -0.0000007357  -0.0000073322
       -0.0000287210   0.0000120685  -0.0001059281   0.0001163537   0.0000287464
        0.0000591878  -0.0000478485  -0.0000130892   0.0000154844   0.0000077745
        0.0000096138  -0.0000044600  -0.0000167691  -0.0000121595  -0.0000010398
        0.0000032452   0.0000573576   0.0000537047  -0.0000363098  -0.0000230816
       -0.0000016877   0.0000090805   0.0000119774   0.0000092963   0.0000012621
        0.0000081048   0.0000052538  -0.0000107028   0.0000005932  -0.0000039172
        0.0000021079
        0.0662886267  -0.1182016497  -0.1276994037   0.0099505705   0.0000979798
        0.0014584103  -0.0023968377  -0.0001493422   0.0009197534   0.0003423359
       -0.0004487517  -0.0002095017  -0.0002372078  -0.0000091035  -0.0000101695
        0.0005946523   0.0005345146  -0.0003534963  -0.0016254849   0.0019415418
        0.0000215016   0.0000530603  -0.0000426512   0.0000043522  -0.0001010762
        0.0000032673   0.0000048514  -0.0032214682   0.0028758143   0.0005645027
       -0.0001358469  -0.0000108923   0.0000546013  -0.0002647159   0.0001938735
       -0.0000203804  -0.0000331096  -0.0001600870   0.0000117470  -0.0000567019
       -0.0000044411   0.0000191683   0.0000017683   0.0000039586   0.0000010950
        0.0022353320  -0.0009433148  -0.0015618962   0.0007186630  -0.0001170709
        0.0003207404  -0.0851381602   0.1319563707   0.1458447373   0.0132921445
       -0.0154249958  -0.0214130172  -0.0000578811  -0.0004764518  -0.0004126286
       -0.0001154194  -0.0000226445  -0.0000359126   0.0000605256  -0.0000693392
        0.0000901169  -0.0001285439   0.0002262067   0.0001136802   0.0000084280
       -0.0000140957  -0.0000172907  -0.0000242271   0.0000013114  -0.0000018025
       -0.0000050562   0.0000010275  -0.0000002115   0.0000022309   0.0000188128
       -0.0000288994  -0.0000200210   0.0000134462   0.0000002742   0.0002477626
       -0.0003688442   0.0007691390   0.0000254817  -0.0001207876   0.0000355242
        0.0001335759  -0.0002092690   0.0000568194  -0.0000784114  -0.0000765864
       -0.0000364512   0.0000650457   0.0000118947  -0.0000221781   0.0000022449
        0.0000135094  -0.0000253110   0.0000238512  -0.0000161730  -0.0000024027
        0.0000075249   0.0000155184  -0.0000083742  -0.0000054579  -0.0000069736
       -0.0000087415   0.0000054246   0.0000045568   0.0000007893  -0.0010583335
        0.0005439918   0.0001906919  -0.0002074210   0.0001045988  -0.0002101604
       -0.0014856356  -0.0018301931   0.0004133318   0.0000579092   0.0000428276
       -0.0006739031   0.0022323297   0.0001815494   0.0018226425   0.0000407697
       -0.0001110310   0.0000658156   0.0000615602   0.0000849442  -0.0000283228
       -0.0000074275  -0.0000479915   0.0000210496   0.0000127858  -0.0000120237
        0.0000199941  -0.0000828347   0.0002172636  -0.0000707950   0.0000417919
       -0.0001293397  -0.0000133180  -0.0000009147   0.0000104796   0.0000053844
        0.0000074471  -0.0000002440  -0.0000049843   0.0000049793  -0.0000037034
        0.0000137602  -0.0000275146  -0.0000627759   0.0000233755   0.0000071228
       -0.0000036441  -0.0000005496  -0.0000087068  -0.0000056773  -0.0000012622
       -0.0000051704  -0.0000014886   0.0000046933   0.0000036405   0.0000023183
       -0.0000011787
        0.1344283543  -0.1467964296  -0.2132341646   0.0004599788   0.0025292322
       -0.0005641132  -0.0020973274   0.0008390257  -0.0000099204   0.0006203049
       -0.0004930119  -0.0000312108  -0.0000494754   0.0004700277   0.0004866858
       -0.0005753948  -0.0007882939   0.0007761367  -0.0003550759  -0.0008265943
        0.0010466079  -0.0000190839   0.0001133975  -0.0001445042   0.0000704156
        0.0000037348   0.0000334375   0.0019224824   0.0001287873  -0.0049173139
        0.0002866947  -0.0006818013  -0.0002577454   0.0002479500   0.0007262739
        0.0003392435  -0.0001106587  -0.0002415514  -0.0000210615  -0.0000996741
        0.0000588018  -0.0000578701   0.0000157366  -0.0000468746   0.0000533500
       -0.0010362534  -0.0000571986   0.0013169711   0.0010085824   0.0006718505
       -0.0002968153  -0.1343092370   0.1458447373   0.2222895067   0.0028072612
       -0.0030552763  -0.0058903097   0.0001720440   0.0003134084  -0.0002867486
       -0.0000880602  -0.0000311269   0.0000245765  -0.0000709519   0.0001402674
       -0.0000887067  -0.0000317687   0.0002988968   0.0002586079  -0.0000170888
        0.0000122730   0.0000074311  -0.0000303051  -0.0000079099  -0.0000202025
        0.0000115848  -0.0000011649  -0.0000009072   0.0000148544  -0.0000122030
        0.0000129022   0.0000335844  -0.0000049553   0.0000104593  -0.0001119344
        0.0002466488  -0.0002775353  -0.0001448792  -0.0001076221   0.0000370731
       -0.0001394259   0.0001969355   0.0001246468  -0.0000764389  -0.0000226727
       -0.0000152927  -0.0000260215  -0.0000342910  -0.0000115333   0.0000113263
       -0.0000025427  -0.0000166067  -0.0000060008   0.0000167563   0.0000042316
       -0.0000254389  -0.0000364414   0.0000081727  -0.0000064130  -0.0000069385
       -0.0000120309   0.0000047452  -0.0000056244  -0.0000026490  -0.0003640983
       -0.0001829515   0.0008990120  -0.0008051367  -0.0002171375  -0.0005075069
        0.0001827775   0.0002310274  -0.0008246129   0.0001954033  -0.0005220270
       -0.0005679845  -0.0018129530   0.0013106815   0.0003809710  -0.0000832588
        0.0000670690  -0.0000582189   0.0000401728  -0.0000503397   0.0000096199
       -0.0000480785   0.0000470163  -0.0000209693  -0.0000390853   0.0000070269
       -0.0000116047   0.0001302700  -0.0001667711   0.0000619887  -0.0000911785
        0.0001035946   0.0000072381   0.0000174830  -0.0000331108  -0.0000179515
       -0.0000169206   0.0000064121   0.0000160011   0.0000073236   0.0000141162
       -0.0000249318  -0.0000026019   0.0000306361  -0.0000197538   0.0000042267
        0.0000059841   0.0000045197   0.0000013523  -0.0000023489   0.0000019480
        0.0000010440  -0.0000009184  -0.0000029797  -0.0000057331   0.0000015103
        0.0000024175
       -0.0920558375  -0.1158909822  -0.0213126860  -0.0166413633  -0.0277199268
       -0.0072939773  -0.0051118088  -0.0005857664   0.0012473070  -0.0008067307
       -0.0008815107  -0.0012412570   0.0003250863   0.0000993457   0.0000860510
       -0.0004319724   0.0000535812  -0.0003727667   0.0017736199  -0.0011619612
       -0.0015891624   0.0000279141   0.0000421792   0.0000821021   0.0000732762
       -0.0000188945  -0.0000074792   0.0044235689  -0.0007355337   0.0009891747
       -0.0003948707   0.0000955759  -0.0004373835  -0.0000987193  -0.0001577123
       -0.0000253111   0.0000892115   0.0001106753   0.0000552708   0.0000599942
       -0.0000468122   0.0000292598  -0.0000020407   0.0000096108  -0.0000166557
       -0.0034342817  -0.0003531162   0.0012471443   0.0040154504  -0.0002112906
        0.0000781960   0.0072673058   0.0132921445   0.0028072612   0.1045883713
        0.1313607854   0.0254218307  -0.0000813100   0.0001858800   0.0003606622
       -0.0003684311   0.0000174700   0.0000322197   0.0001576642  -0.0000038319
       -0.0000461955  -0.0002839964   0.0007385229   0.0007373305  -0.0000061613
       -0.0000104211   0.0000035448   0.0000708733   0.0000238403   0.0000283820
        0.0000068117   0.0000142113  -0.0000014464  -0.0000391995  -0.0000392278
        0.0000460711  -0.0000114622  -0.0000104318  -0.0000028107   0.0002086437
        0.0001438820  -0.0002835784  -0.0000914650  -0.0001090241   0.0000244430
       -0.0000003533   0.0000326670  -0.0000194191   0.0000333545   0.0000218510
        0.0000252234  -0.0000068508   0.0000070621  -0.0000063613  -0.0000042332
       -0.0000044558  -0.0000082176  -0.0000173439   0.0000056245   0.0000049463
        0.0000054306   0.0000198427  -0.0000092035   0.0000006031   0.0000004006
        0.0000073101  -0.0000034833  -0.0000074274   0.0000013154  -0.0011987149
        0.0003919592   0.0010143541  -0.0014837915   0.0012607785  -0.0013231152
       -0.0009879969  -0.0009477674  -0.0001459977   0.0000813591   0.0002306555
        0.0000777202   0.0003167214   0.0006642221  -0.0002344580   0.0000124674
        0.0001115553  -0.0000820589  -0.0001423257  -0.0000907917   0.0000346355
        0.0000690814   0.0000351675  -0.0000184780  -0.0000109963  -0.0000026592
       -0.0000210006   0.0000323603  -0.0002047303   0.0000890948   0.0000249263
        0.0001387774  -0.0000099084  -0.0000006937  -0.0000092529   0.0000128547
        0.0000064054  -0.0000048951  -0.0000061038  -0.0000091810   0.0000112330
       -0.0000031715   0.0000644680   0.0000805634  -0.0000253838  -0.0000289534
       -0.0000026732   0.0000054854   0.0000131271   0.0000117166   0.0000033171
        0.0000087995   0.0000041169  -0.0000109148  -0.0000023273  -0.0000048012
        0.0000019939
       -0.1257111264  -0.3184773008  -0.0868650112  -0.0043364547  -0.0024030316
        0.0012273040   0.0000087472   0.0007989929  -0.0000495119   0.0003698146
        0.0004217353  -0.0008199295   0.0000258079   0.0005707302   0.0003136018
       -0.0006474409  -0.0002997693  -0.0006846447   0.0024530733   0.0004779946
        0.0005009032   0.0000026599  -0.0000853270   0.0001626920  -0.0000347112
       -0.0000116268  -0.0000152847  -0.0001466912  -0.0035163054   0.0017470047
        0.0000832147   0.0004582532   0.0005530635  -0.0001183703  -0.0005184419
       -0.0001997646   0.0000884614   0.0003364229   0.0000189196   0.0000846864
       -0.0000699950   0.0000567814  -0.0000170916   0.0000225223  -0.0000333942
       -0.0000742028   0.0004592246  -0.0001195100  -0.0003493680  -0.0015609244
        0.0000977678  -0.0053235041  -0.0154249958  -0.0030552763   0.1313607854
        0.3377071857   0.0860119734  -0.0000053351   0.0003835512   0.0003501094
       -0.0000052823  -0.0000112794   0.0001214951   0.0001365458   0.0000141370
       -0.0000278870  -0.0002110811  -0.0001735373   0.0003916655  -0.0000008618
       -0.0000088684  -0.0000045591   0.0000488681   0.0000185494   0.0000267094
       -0.0000006529   0.0000123679   0.0000010814  -0.0000152439   0.0000177127
       -0.0000131886  -0.0000262508   0.0000070878  -0.0000054343  -0.0001228549
        0.0005220346   0.0002411025   0.0000594928  -0.0000023908  -0.0000252041
       -0.0000182233  -0.0000006023   0.0000087497   0.0000837932   0.0000728546
        0.0000626243   0.0000470292  -0.0000059547  -0.0000111714  -0.0000113443
       -0.0000147109   0.0000059042  -0.0000068369  -0.0000125502   0.0000055769
        0.0000125421   0.0000223047  -0.0000049675   0.0000036956   0.0000097558
        0.0000132811  -0.0000014314  -0.0000012234   0.0000000530   0.0008887081
        0.0002555377  -0.0005066740   0.0013282434   0.0000985265   0.0003775704
       -0.0000574112   0.0003515930   0.0004551582  -0.0001868422   0.0000745887
        0.0000178056   0.0002987864  -0.0004804961  -0.0003625561   0.0000593150
       -0.0000665199   0.0000440989  -0.0000425748   0.0000478333  -0.0000070859
        0.0000406905  -0.0000423050   0.0000140529   0.0000258572  -0.0000096480
        0.0000090674  -0.0000933404   0.0001216322  -0.0000648683   0.0000659429
       -0.0000657306   0.0000031311  -0.0000186134   0.0000091896   0.0000136289
        0.0000116562   0.0000009619  -0.0000079733  -0.0000032510  -0.0000064888
        0.0000153416   0.0000042069  -0.0000230228   0.0000160768  -0.0000076736
       -0.0000043016   0.0000002190  -0.0000002886   0.0000012165  -0.0000005611
       -0.0000007264   0.0000016162   0.0000007793   0.0000024569   0.0000012352
       -0.0000008360
       -0.0078960212  -0.0650664620  -0.0341145967  -0.0111301034  -0.0020656434
       -0.0037741183  -0.0000679724   0.0005142625   0.0021127469  -0.0009602916
       -0.0006186838   0.0006440117   0.0003177033  -0.0002250254  -0.0001498021
       -0.0001508819  -0.0002729997  -0.0001785095   0.0016787847   0.0004910619
       -0.0005109766  -0.0000325179   0.0000523363  -0.0000594645   0.0001261477
        0.0000138537   0.0000158060   0.0025101547   0.0024451219   0.0008556822
       -0.0004092409  -0.0000927411  -0.0009373587   0.0001123929   0.0003113850
        0.0001239975   0.0000272550  -0.0001172261   0.0000982106  -0.0000293335
        0.0000019948  -0.0000098437   0.0000065942  -0.0000154463   0.0000209683
       -0.0019011093  -0.0000819460   0.0000024630   0.0002977253   0.0001050690
       -0.0014579422  -0.0082336496  -0.0214130172  -0.0058903097   0.0254218307
        0.0860119734   0.0450608973   0.0000820191   0.0000440802   0.0001421825
       -0.0001393371   0.0000276699  -0.0001267767   0.0000738820  -0.0000292578
        0.0000052076   0.0001761974  -0.0003117334  -0.0003877514   0.0000001844
        0.0000041281   0.0000153538   0.0000211925  -0.0000066983  -0.0000208832
        0.0000000432  -0.0000199025  -0.0000057240   0.0000098766  -0.0000244646
        0.0000566780   0.0000238304  -0.0000102222   0.0000135536   0.0000970576
        0.0000850159  -0.0012698283   0.0000689323  -0.0000075224  -0.0000090061
       -0.0000179750   0.0000106083  -0.0000649256   0.0000040058  -0.0000059791
       -0.0000229544  -0.0000169513  -0.0000017573   0.0000122104  -0.0000015546
        0.0000001827  -0.0000129059  -0.0000033357   0.0000047648  -0.0000002505
       -0.0000098883  -0.0000085819   0.0000006675  -0.0000028530  -0.0000095247
       -0.0000074487   0.0000008415  -0.0000028700   0.0000041172   0.0009158391
       -0.0006578871  -0.0000698789  -0.0010016221   0.0007131188   0.0001528297
        0.0002411951   0.0001390139  -0.0003950114   0.0000550477  -0.0000919906
        0.0000316995  -0.0002198256   0.0000947959   0.0002031871  -0.0000456053
        0.0001234997  -0.0001018703  -0.0000856640  -0.0000725498   0.0000322362
        0.0000225936   0.0000389630  -0.0000365444  -0.0000279886   0.0000115122
       -0.0000657295   0.0001254432  -0.0001488177   0.0001714717  -0.0000583129
        0.0000664535  -0.0000572901   0.0000024383  -0.0000037057   0.0000015657
       -0.0000028033   0.0000014063  -0.0000011779  -0.0000087790   0.0000022045
       -0.0000079165   0.0000348700   0.0000595080  -0.0000384267  -0.0000133225
        0.0000039393   0.0000115956   0.0000093873   0.0000033776   0.0000014167
        0.0000069696   0.0000031839  -0.0000091360  -0.0000034951  -0.0000018290
        0.0000036023
        0.0019778992  -0.0009776922  -0.0011493707   0.0048811028  -0.0053782313
       -0.0051183122  -0.1256224352   0.0869954954   0.0820725982  -0.0200965144
        0.0183249801   0.0170941298  -0.0052289031  -0.0022119821   0.0006801985
       -0.0000553589  -0.0004293026  -0.0003392354  -0.0003777871  -0.0023689040
       -0.0007359136  -0.0008605807   0.0009495220   0.0009831174  -0.0000136502
        0.0000871295  -0.0000171086   0.0000271586   0.0001571451  -0.0001317197
       -0.0001049128  -0.0001007211  -0.0001839164   0.0002807461   0.0001551081
        0.0000271734  -0.0000990854   0.0000374721  -0.0000026949  -0.0000424646
        0.0000166115  -0.0000268701  -0.0000104100   0.0000064661   0.0000117593
        0.0000476834  -0.0000222167   0.0000479902   0.0000048247   0.0000042387
       -0.0000074055  -0.0002504601  -0.0000578811   0.0001720440  -0.0000813100
       -0.0000053351   0.0000820191   0.1450847894  -0.0956955918  -0.0929572260
        0.0007303929   0.0009096636   0.0000679371  -0.0000666485   0.0000762707
       -0.0001617457   0.0002744875  -0.0003884224  -0.0004278923  -0.0003727710
       -0.0000585366   0.0000767186   0.0001618908   0.0000194893   0.0000498516
       -0.0000109511   0.0000806335   0.0000164924   0.0000126402  -0.0000124187
       -0.0001012773  -0.0000078844   0.0000302286   0.0000070923  -0.0000097461
       -0.0000091734   0.0000392503  -0.0000687967   0.0000268500   0.0000254071
       -0.0000619688   0.0000471973  -0.0000434515   0.0000642283  -0.0002041844
       -0.0000438500  -0.0001154905  -0.0000079899   0.0001108684  -0.0000108377
        0.0000191588  -0.0000393724   0.0000070735   0.0000264685  -0.0000238306
       -0.0000031394   0.0000102959  -0.0000151141  -0.0000012820  -0.0000284292
       -0.0000133252  -0.0000184506   0.0000078887   0.0000141159   0.0000039214
       -0.0000153089   0.0000133827  -0.0000001115  -0.0000103434  -0.0000122683
        0.0002067676   0.0001430931   0.0000406886  -0.0000617956  -0.0000399189
        0.0000226464  -0.0001034637  -0.0000310842  -0.0000996116  -0.0000039889
       -0.0001680006   0.0001124364   0.0001360920   0.0001903514  -0.0000699090
       -0.0000451544  -0.0001108417   0.0000488942   0.0000403640  -0.0000106054
        0.0000339819  -0.0001106017   0.0003889792  -0.0001356181   0.0000427577
       -0.0002457865  -0.0000215477  -0.0000170252   0.0000010560  -0.0000030379
        0.0000008723   0.0000001702  -0.0000128168   0.0000099913  -0.0000118329
        0.0000162970  -0.0000619202  -0.0001015516   0.0000234925   0.0000129316
       -0.0000046236   0.0000050449  -0.0000141237  -0.0000125394  -0.0000053411
       -0.0000070475  -0.0000016928   0.0000082779   0.0000084564   0.0000091793
       -0.0000041233
        0.0017453144   0.0002826583   0.0014732814   0.0128631469  -0.0163650835
       -0.0156211885   0.0873280816  -0.1343500438  -0.0926518361  -0.0007860606
        0.0016528838   0.0014861920  -0.0015432895   0.0037295466  -0.0032261913
       -0.0005803243   0.0001342623   0.0002648760  -0.0029122496  -0.0007981141
       -0.0053659888  -0.0001651117   0.0000884671  -0.0001166009   0.0000327441
       -0.0000355397  -0.0000153122   0.0001126628  -0.0001265523  -0.0003471827
        0.0001164418  -0.0000909302   0.0000228273   0.0000539520   0.0001537847
        0.0001615290   0.0000044971  -0.0000391149   0.0001233004   0.0000059625
       -0.0000615989  -0.0000204022  -0.0000050430  -0.0000148478   0.0000037360
       -0.0001383629   0.0000452303   0.0002856609   0.0000093904   0.0000417023
        0.0000836306  -0.0011702742  -0.0004764518   0.0003134084   0.0001858800
        0.0003835512   0.0000440802  -0.0956955918   0.1478239377   0.1104636181
       -0.0003291189  -0.0003759736   0.0020593171   0.0001031815  -0.0005055162
        0.0008594208   0.0007469481  -0.0009939111  -0.0004836287  -0.0000826131
       -0.0000262874   0.0000661453  -0.0000058160   0.0000061191   0.0000373118
        0.0000094986   0.0000390637  -0.0000041468  -0.0000323720   0.0000028161
        0.0000317409  -0.0000115702  -0.0000088396  -0.0000057486   0.0000453160
        0.0000467913   0.0000756922  -0.0000236593  -0.0001149123   0.0000316499
        0.0000090172   0.0000357293   0.0000619988  -0.0000434749  -0.0001208132
        0.0000907014   0.0000117792   0.0000321945  -0.0000885094   0.0000021114
        0.0000196377  -0.0000337746  -0.0000023729  -0.0000106292   0.0000105038
        0.0000019843   0.0000012839  -0.0000116319  -0.0000059794  -0.0000085656
        0.0000047455  -0.0000004193  -0.0000012819  -0.0000036366  -0.0000589062
       -0.0000328424  -0.0000292817   0.0000063149  -0.0000174909  -0.0000576744
        0.0002785289   0.0001088432   0.0002433487   0.0000003899  -0.0000658759
       -0.0000552079  -0.0000988996  -0.0000043248  -0.0001994518  -0.0000002762
        0.0000688007  -0.0000529298  -0.0000935042  -0.0000560726   0.0000307311
        0.0000379135   0.0000196864  -0.0000012159  -0.0000204246   0.0000029036
       -0.0000028540   0.0000569799  -0.0001966976   0.0000388665   0.0000102500
        0.0001397721   0.0000333256   0.0000175057  -0.0000150487   0.0000010592
       -0.0000054272  -0.0000071718   0.0000086100  -0.0000020767   0.0000101238
       -0.0000042953   0.0000301594   0.0000459660  -0.0000063704  -0.0000156086
        0.0000004712  -0.0000029438   0.0000029751   0.0000095373   0.0000041275
        0.0000017381   0.0000004899  -0.0000081896  -0.0000018386  -0.0000057224
        0.0000007578
       -0.0001409122   0.0018765318  -0.0006631075   0.0099448720  -0.0115058787
       -0.0091146862   0.0815110476  -0.0930046688  -0.1159701070   0.0034994034
       -0.0016846429  -0.0019216491   0.0010732409  -0.0027748791   0.0058012478
       -0.0008299769   0.0001189213   0.0001555693  -0.0010365795  -0.0054763138
        0.0026476857   0.0000411122  -0.0002303434   0.0000864753  -0.0000087055
       -0.0000345890   0.0000066152  -0.0001340783  -0.0007126055  -0.0000126772
        0.0002132586   0.0000835786  -0.0001287391  -0.0002127832   0.0000881234
       -0.0003595537   0.0001010935   0.0000303851   0.0000390095  -0.0000127691
       -0.0000240348   0.0000063102   0.0000049101  -0.0000345364   0.0000236403
       -0.0001145227   0.0002422795   0.0001619816   0.0000050554   0.0000910894
        0.0000139809  -0.0007198882  -0.0004126286  -0.0002867486   0.0003606622
        0.0003501094   0.0001421825  -0.0929572260   0.1104636181   0.1223806625
       -0.0008860972   0.0018413815  -0.0013757414  -0.0002140084   0.0008044347
       -0.0009886909   0.0004470987  -0.0004375198  -0.0007649334   0.0000235874
        0.0000541012  -0.0000707499   0.0000090907   0.0000031080  -0.0000151358
        0.0000191908   0.0000086999  -0.0000065804  -0.0000119697  -0.0000343801
        0.0000335625   0.0000172998  -0.0000153299  -0.0000007442   0.0000606028
        0.0001281894   0.0000329594   0.0000123062  -0.0000361321   0.0000520591
       -0.0001310156   0.0000678622   0.0000746133   0.0000684038   0.0002667982
        0.0001074603   0.0000708326  -0.0000269919  -0.0000621936   0.0000065196
       -0.0000244191   0.0000265235  -0.0000170945  -0.0000058482   0.0000172364
       -0.0000133047  -0.0000280839   0.0000092216   0.0000022026   0.0000142672
        0.0000111286   0.0000078695  -0.0000071593  -0.0000084892  -0.0000236054
       -0.0000610397   0.0000144027  -0.0000144673  -0.0000575211  -0.0000217023
        0.0002483533   0.0002475752   0.0000198420  -0.0000155939  -0.0001049424
        0.0000111210  -0.0001907602  -0.0000657408  -0.0001346476  -0.0000660734
        0.0001270657  -0.0000587435  -0.0000322492  -0.0001171922   0.0000358684
       -0.0000104505   0.0000571625  -0.0000155618  -0.0000206764   0.0000149559
       -0.0000142235   0.0001069858  -0.0002965632   0.0000473390  -0.0000556379
        0.0001791915   0.0000582897   0.0000156419  -0.0000228828  -0.0000005645
       -0.0000122865  -0.0000008073   0.0000145353   0.0000003503   0.0000111960
       -0.0000162412   0.0000161509   0.0000598046  -0.0000147021  -0.0000038867
        0.0000049917  -0.0000030885   0.0000033757   0.0000062406   0.0000039553
        0.0000016353  -0.0000003006  -0.0000072274  -0.0000055344  -0.0000036871
        0.0000017505
       -0.0007994633  -0.0012429823  -0.0009426168  -0.0052295791  -0.0008885802
        0.0015805628  -0.0153910703  -0.0234514385  -0.0150628260  -0.0869570806
       -0.0798819332  -0.0524532761   0.0063872701   0.0110251900   0.0076748706
       -0.0012388760   0.0016398871   0.0027698605  -0.0002326493   0.0003135424
        0.0002598098   0.0007156106   0.0009095969   0.0004587524   0.0000306758
        0.0002749811   0.0002580126   0.0000084598  -0.0002290117   0.0001628492
        0.0000882497   0.0001660384   0.0000365857  -0.0001690456  -0.0002622791
       -0.0000658415   0.0000741859   0.0000528571  -0.0000029827   0.0000374008
       -0.0000160483   0.0000317852   0.0000064963  -0.0000017733  -0.0000160146
       -0.0000378496   0.0000745280  -0.0000335532  -0.0001490739  -0.0000318089
       -0.0000017023   0.0001796679  -0.0001154194  -0.0000880602  -0.0003684311
       -0.0000052823  -0.0001393371   0.0007303929  -0.0003291189  -0.0008860972
        0.1024483449   0.0911172306   0.0561042853   0.0002598300   0.0007119596
        0.0004761690  -0.0000509397   0.0001593087  -0.0001872024  -0.0000135915
       -0.0000794223  -0.0001327575  -0.0002468741   0.0002667901  -0.0001159115
       -0.0000258907  -0.0002655010   0.0004128764  -0.0000053855  -0.0000165979
       -0.0000730377   0.0000341229  -0.0000269965   0.0000261962   0.0000076855
        0.0000453188   0.0000155530  -0.0000324750  -0.0000188975   0.0000440047
        0.0000232418  -0.0000072219   0.0000116636  -0.0000668867   0.0001769481
        0.0000386301   0.0000417101  -0.0000135929  -0.0001230008   0.0000030273
       -0.0000227916   0.0000457748  -0.0000014713  -0.0000240288   0.0000104253
        0.0000053389  -0.0000106732   0.0000169337   0.0000079340   0.0000348837
        0.0000133666   0.0000190257   0.0000020625  -0.0000135022   0.0000576165
       -0.0000097752  -0.0000215818   0.0000518941  -0.0000008615   0.0000218642
       -0.0000327192   0.0000523229   0.0000237042  -0.0000387821   0.0000180486
        0.0000021130   0.0000432773  -0.0000490489   0.0000006256  -0.0001381332
        0.0000466622  -0.0000622163  -0.0000881937  -0.0000435851   0.0000365795
        0.0000084358   0.0000117536  -0.0000423628  -0.0000077971   0.0000040878
       -0.0000069368   0.0000775683  -0.0002024860  -0.0000558674  -0.0000413693
        0.0001119997   0.0000732450  -0.0000143801   0.0000000336  -0.0000045306
       -0.0000039538   0.0000007788   0.0000029056  -0.0000054655  -0.0000024050
       -0.0000082892   0.0000385352   0.0000059535  -0.0000708850  -0.0000026797
        0.0000190800   0.0000104574   0.0000054617   0.0000017903   0.0000002587
        0.0000057717   0.0000039457  -0.0000138738  -0.0000071245   0.0000019814
        0.0000035432
       -0.0001918311  -0.0003146945  -0.0003064687  -0.0015986160   0.0040002058
       -0.0034365087  -0.0042774324  -0.0051859950  -0.0036349245  -0.0804887199
       -0.1853969478  -0.1025664543  -0.0067580895  -0.0165103551  -0.0124612768
        0.0019097079   0.0005448591  -0.0055989985   0.0003860135   0.0004518963
        0.0003732116  -0.0007848166  -0.0003691598   0.0016643198  -0.0004341041
       -0.0000488695   0.0000021442   0.0001985419  -0.0002152715   0.0001058703
        0.0000641069   0.0000968460   0.0000242158  -0.0001761699  -0.0001653784
       -0.0000973649   0.0000219732   0.0000948664   0.0000638049   0.0000479984
       -0.0000649763   0.0000165553  -0.0000058385   0.0000018393  -0.0000027973
       -0.0001909641   0.0000774698   0.0000497830  -0.0001153615  -0.0000224959
        0.0000146920   0.0000524525  -0.0000226445  -0.0000311269   0.0000174700
       -0.0000112794   0.0000276699   0.0009096636  -0.0003759736   0.0018413815
        0.0911172306   0.2042866060   0.1227359103  -0.0003945750  -0.0008941999
       -0.0004931898   0.0001283969  -0.0005146166   0.0008834771  -0.0002380572
        0.0000876040   0.0002668972   0.0007989156   0.0000202765   0.0002572251
       -0.0000634279   0.0004644571   0.0000909429  -0.0000202556  -0.0000396350
        0.0001057247  -0.0000120238   0.0000211170  -0.0000387468   0.0000114224
        0.0000239914   0.0000032440  -0.0000358425  -0.0000559840   0.0000230406
        0.0000158720   0.0000110044   0.0000168261   0.0000547580   0.0000567789
        0.0000506994   0.0000077355   0.0000549216  -0.0000920124  -0.0000034190
       -0.0000014473  -0.0000011273   0.0000061675  -0.0000183540   0.0000101185
        0.0000028151  -0.0000023627  -0.0000064449   0.0000085785   0.0000008689
        0.0000122823   0.0000035489   0.0000093253  -0.0000061868   0.0000319045
        0.0000010971  -0.0000199217   0.0000442989   0.0000112155   0.0000007150
       -0.0000302299   0.0000381091   0.0000620592  -0.0000173237   0.0000006517
       -0.0000105294   0.0000390447  -0.0000304946  -0.0000440168  -0.0000887231
       -0.0000044115   0.0000030484   0.0000960254  -0.0000836825  -0.0000240280
       -0.0000379292   0.0000128046   0.0000620168   0.0000102679  -0.0000162871
        0.0000527680   0.0000178329  -0.0001330563  -0.0001654342   0.0000399958
        0.0001436540   0.0001166123   0.0000165026  -0.0000139196   0.0000065632
        0.0000040004  -0.0000096517   0.0000162839   0.0000000866   0.0000153368
        0.0000098494  -0.0000656309   0.0000315513   0.0000605622  -0.0000230868
       -0.0000264282  -0.0000056976  -0.0000084541   0.0000058468   0.0000079792
       -0.0000044263  -0.0000066659   0.0000089648   0.0000020199  -0.0000099626
       -0.0000042027
       -0.0000662256   0.0001450158  -0.0001357241   0.0011868678  -0.0033005982
        0.0059548431  -0.0011501575  -0.0003247985   0.0005304664  -0.0520791237
       -0.1034204340  -0.1049887656  -0.0070710098  -0.0145805935  -0.0088577222
        0.0029337383  -0.0055988667   0.0024773473   0.0007106951   0.0004243396
        0.0000657302  -0.0009578811   0.0014639275  -0.0009893089   0.0004421507
       -0.0002381085  -0.0003059402   0.0000216910  -0.0002641482   0.0001161258
        0.0000711053   0.0001571902   0.0000516565  -0.0001067717  -0.0002061943
       -0.0000377386   0.0000523705   0.0000988982   0.0000732341   0.0000168292
       -0.0000228780  -0.0000080974   0.0000008493   0.0000067394   0.0000004093
       -0.0000638966   0.0000779066   0.0000068602  -0.0000433957   0.0000047730
       -0.0000059933   0.0000102861  -0.0000359126   0.0000245765   0.0000322197
        0.0001214951  -0.0001267767   0.0000679371   0.0020593171  -0.0013757414
        0.0561042853   0.1227359103   0.1091784396  -0.0003398994  -0.0008006107
       -0.0006081321  -0.0001378542   0.0008288455  -0.0010108118  -0.0003184611
        0.0000888009   0.0001770686   0.0001699957  -0.0002503840   0.0001118041
        0.0005186126   0.0005989724  -0.0005083688   0.0000009414  -0.0000311433
        0.0001093570   0.0000318977   0.0000298515  -0.0000780538   0.0000147886
        0.0000359632   0.0000026302   0.0000261794  -0.0000382636   0.0000112255
        0.0000426756   0.0000087629   0.0000006368  -0.0000517265   0.0000755119
        0.0000663287  -0.0000304493  -0.0000363333  -0.0001702742   0.0000046126
       -0.0000084142   0.0000199503   0.0000223739  -0.0000269060   0.0000143161
        0.0000161368  -0.0000187729   0.0000158859  -0.0000059173   0.0000304870
        0.0000210243   0.0000138305   0.0000097840  -0.0000405027   0.0000144956
       -0.0000026157  -0.0000001589   0.0000154086  -0.0000055769   0.0000048425
       -0.0000141869   0.0000326050   0.0000064608  -0.0000088174  -0.0000078193
        0.0000038157   0.0000126832  -0.0000209217  -0.0000044900  -0.0000529199
       -0.0000063518   0.0000777305   0.0001753506   0.0000583379  -0.0000054357
       -0.0002028390   0.0000889402   0.0000290705   0.0000286229   0.0000111019
        0.0000677643  -0.0000267134  -0.0001310078  -0.0002891100  -0.0000146659
        0.0001111923   0.0002136431   0.0000215639  -0.0000100331   0.0000194489
        0.0000063286   0.0000004871   0.0000271074   0.0000045119   0.0000141464
        0.0000056327  -0.0000309229   0.0000835790   0.0000693281   0.0000074464
       -0.0000014444  -0.0000277323  -0.0000068901   0.0000001151   0.0000067366
       -0.0000085984  -0.0000088044   0.0000136929  -0.0000101585  -0.0000050615
       -0.0000003116
       -0.0010041940   0.0011681573   0.0009176246  -0.0051627601  -0.0022348249
        0.0004950520   0.0000261481  -0.0003880765  -0.0003219365  -0.0002566854
       -0.0024176421  -0.0004809154   0.0052353031  -0.0056308642  -0.0048049637
       -0.1223891232   0.0866905004   0.0776333837  -0.0205232551   0.0183906410
        0.0172060290   0.0011117295  -0.0011927470  -0.0013804206   0.0001493959
        0.0000164379   0.0000378245   0.0001778697  -0.0001225702   0.0001869653
       -0.0000385212   0.0000574683  -0.0000434256   0.0000109542  -0.0000651945
       -0.0000126976  -0.0000069717   0.0000328421  -0.0000056093   0.0000168602
       -0.0000217168   0.0000290675  -0.0000030982   0.0000077540  -0.0000080700
       -0.0001284367   0.0000422192  -0.0000442082  -0.0001490543  -0.0000663675
       -0.0000222719  -0.0003765125   0.0000605256  -0.0000709519   0.0001576642
        0.0001365458   0.0000738820  -0.0000666485   0.0001031815  -0.0002140084
        0.0002598300  -0.0003945750  -0.0003398994   0.1426789048  -0.0949943320
       -0.0888114712   0.0007286615   0.0008717216   0.0000536791  -0.0003762926
       -0.0002380134  -0.0001879344  -0.0001374951   0.0000277069   0.0000384425
       -0.0000179163   0.0000093991  -0.0000489693   0.0002662591   0.0000314600
       -0.0000090560   0.0000107769   0.0000058896   0.0000096409  -0.0000129585
        0.0000253285   0.0000172264  -0.0000420524  -0.0000004292   0.0000627129
        0.0000130730  -0.0000254987  -0.0000002469   0.0000011182  -0.0000147659
       -0.0000050200  -0.0000113930   0.0000000011   0.0000075483  -0.0000065990
        0.0000022956  -0.0000098457  -0.0000000269  -0.0000082263  -0.0000013416
        0.0000056099   0.0000139989  -0.0000077589  -0.0000013445  -0.0000036140
       -0.0000016134   0.0000013216   0.0000011808   0.0000041124   0.0000696922
        0.0000224596  -0.0000165132   0.0000684433   0.0000211906   0.0000303513
       -0.0000933458   0.0000180375   0.0000157422  -0.0000174466   0.0000319800
        0.0000087685   0.0000614700  -0.0000321813   0.0000052095  -0.0001687243
       -0.0000240902   0.0001022767  -0.0000823894  -0.0000402817   0.0000087804
        0.0000203111   0.0000216741   0.0000023815   0.0000050593  -0.0000102412
       -0.0000376695   0.0000588143   0.0001517337   0.0000233135  -0.0000064728
       -0.0001141375  -0.0000545854  -0.0000575121   0.0000489971  -0.0000078000
        0.0000149706   0.0000015444  -0.0000152415  -0.0000177154  -0.0000331390
        0.0000167821   0.0000220696   0.0000457103  -0.0000250094  -0.0000131844
        0.0000133127   0.0000064873   0.0000030256   0.0000052635   0.0000007222
        0.0000004775   0.0000017544  -0.0000076170  -0.0000076831  -0.0000053840
        0.0000030658
       -0.0001253142   0.0000721437   0.0001576163  -0.0015642112   0.0037034413
       -0.0032228516  -0.0008947306   0.0000640919   0.0003051445  -0.0026835353
       -0.0012342595  -0.0058523680   0.0129328909  -0.0158729715  -0.0143866112
        0.0868907700  -0.1394438192  -0.0905968739  -0.0004570259   0.0019464193
        0.0012492193   0.0015643127  -0.0002039864   0.0012525732  -0.0003942345
       -0.0002102736  -0.0001380218  -0.0001558759   0.0000678413  -0.0001440292
        0.0000559787  -0.0000318084   0.0000037893  -0.0000100899   0.0000448619
        0.0000177913  -0.0000014826  -0.0000521795   0.0000164512  -0.0000041483
        0.0000036401  -0.0000140783   0.0000051211  -0.0000129841   0.0000037582
        0.0001161372  -0.0000152564   0.0000095958   0.0000495052   0.0000285902
        0.0000167778  -0.0001003204  -0.0000693392   0.0001402674  -0.0000038319
        0.0000141370  -0.0000292578   0.0000762707  -0.0005055162   0.0008044347
        0.0007119596  -0.0008941999  -0.0008006107  -0.0949943320   0.1528479509
        0.1083751788  -0.0003819237  -0.0002440784   0.0020172043  -0.0010413975
        0.0000064922   0.0000254410   0.0003520091   0.0002470515   0.0001983202
        0.0000375617   0.0002425386  -0.0000125003  -0.0000898084  -0.0007796334
        0.0006470716  -0.0000184400  -0.0000049695  -0.0000468947   0.0000113336
        0.0000294171   0.0000212846  -0.0000149331  -0.0000242553  -0.0000319975
       -0.0000173779   0.0000170603   0.0000016342  -0.0000180788   0.0000437743
        0.0000220837   0.0000169127   0.0000132728  -0.0000536082   0.0000069882
       -0.0000019943   0.0000121940  -0.0000071349  -0.0000001025   0.0000004558
       -0.0000005517  -0.0000097355   0.0000059584  -0.0000026126   0.0000150143
        0.0000064361   0.0000064914  -0.0000055590  -0.0000135668  -0.0000178959
       -0.0000124561  -0.0000011369  -0.0000199967  -0.0000197446  -0.0000096767
        0.0000553264   0.0000152079   0.0000019323  -0.0000090607  -0.0000059947
       -0.0000035420  -0.0000349072   0.0000011783   0.0000000540  -0.0000485555
        0.0001510532  -0.0002029265   0.0001008523  -0.0002891718   0.0000227031
       -0.0000564127   0.0002254926   0.0000316811  -0.0000333802   0.0000444350
       -0.0000026381   0.0001353434  -0.0004698599   0.0000513074  -0.0000062262
        0.0004634311   0.0001213455   0.0000797356  -0.0000347602   0.0000020550
       -0.0000221369  -0.0000067989   0.0000455876  -0.0000074814   0.0000431550
       -0.0000317474   0.0000257581   0.0000916228   0.0000462945   0.0000082319
        0.0000008633  -0.0000352756   0.0000035994   0.0000145486   0.0000002631
        0.0000049248  -0.0000031069   0.0000040104  -0.0000105701   0.0000000890
       -0.0000077029
        0.0002493474  -0.0002918545  -0.0000704117   0.0010944270  -0.0033601810
        0.0059399106  -0.0002540152   0.0004115971   0.0002545385  -0.0009095030
       -0.0058503827   0.0032710685   0.0082812113  -0.0125867075  -0.0097512194
        0.0779070482  -0.0890285993  -0.1113723346   0.0028463414  -0.0022927175
       -0.0018225303   0.0005594963   0.0016622088  -0.0011683322   0.0002803487
        0.0001025508   0.0000344729  -0.0002428233   0.0000428217  -0.0001220539
        0.0000053003   0.0000059941   0.0000146322  -0.0000002120   0.0000701826
        0.0000281309  -0.0000154649  -0.0000402928   0.0000285038  -0.0000148949
        0.0000232821  -0.0000235231   0.0000058138  -0.0000060375   0.0000097135
        0.0001949061  -0.0000124276  -0.0000129474   0.0000746291   0.0000526633
        0.0000070281  -0.0000379042   0.0000901169  -0.0000887067  -0.0000461955
       -0.0000278870   0.0000052076  -0.0001617457   0.0008594208  -0.0009886909
        0.0004761690  -0.0004931898  -0.0006081321  -0.0888114712   0.1083751788
        0.1176421512  -0.0008681531   0.0018101864  -0.0014568841  -0.0008134727
        0.0000270883   0.0002146665  -0.0000557640  -0.0000006110   0.0000809506
        0.0000174113   0.0001770431  -0.0000580607   0.0000833541   0.0001955372
        0.0002372302   0.0000193432  -0.0000047070  -0.0000179918   0.0000264102
        0.0000176520   0.0000207704   0.0000604200  -0.0000583864  -0.0000405956
       -0.0000038201   0.0000045169  -0.0000056676  -0.0000182244   0.0000277452
        0.0000062591   0.0000230831  -0.0000040492  -0.0000420153   0.0000040386
       -0.0000030122   0.0000114435   0.0000023094  -0.0000040866   0.0000000715
       -0.0000022179  -0.0000150249   0.0000080586  -0.0000019134   0.0000075940
       -0.0000012754   0.0000034110   0.0000007125  -0.0000087044  -0.0000277912
       -0.0000257876   0.0000078461  -0.0000375494  -0.0000291935  -0.0000080602
        0.0000713296   0.0000128767  -0.0000266387  -0.0000021577  -0.0000151315
        0.0000030101  -0.0000459818   0.0000048863   0.0000214598  -0.0000086341
       -0.0000242845  -0.0001645179   0.0001196930  -0.0000845549  -0.0000284703
       -0.0001112284   0.0001573667  -0.0000063489  -0.0000010477   0.0000134090
       -0.0000153949   0.0000490358  -0.0001799527   0.0000252633  -0.0000516160
        0.0001665862   0.0000565511   0.0000167519  -0.0000187483   0.0000305785
       -0.0000032339   0.0000187855   0.0000062157   0.0000071902   0.0000083510
       -0.0000205917   0.0000424665   0.0000865493  -0.0000100072   0.0000269045
        0.0000179785  -0.0000220015   0.0000027413   0.0000042720  -0.0000037239
        0.0000044800   0.0000005747   0.0000024383  -0.0000083763   0.0000020789
       -0.0000023391
        0.0018078673   0.0011242058   0.0002504911   0.0059328547   0.0111626570
        0.0071977798  -0.0013873701   0.0017698530   0.0025606510  -0.0002873626
        0.0003304618   0.0002697470  -0.0053576435  -0.0010428970   0.0015914175
       -0.0148764785  -0.0234167581  -0.0150769225  -0.0870443912  -0.0808995738
       -0.0503569579  -0.0006426714  -0.0011998078  -0.0006825224  -0.0001970515
        0.0000097045  -0.0000467767  -0.0001345418   0.0001606391   0.0000503864
        0.0000651324  -0.0000222960  -0.0000416151  -0.0000505796  -0.0000327271
        0.0000282687  -0.0000143192   0.0000062740  -0.0000059363  -0.0000049057
        0.0000162734  -0.0000159217   0.0000017386   0.0000049325  -0.0000012187
        0.0001256529  -0.0000853905  -0.0000612871   0.0001334980  -0.0000258749
       -0.0000213115  -0.0000092184  -0.0001285439  -0.0000317687  -0.0002839964
       -0.0002110811   0.0001761974   0.0002744875   0.0007469481   0.0004470987
       -0.0000509397   0.0001283969  -0.0001378542   0.0007286615  -0.0003819237
       -0.0008681531   0.1014754472   0.0921264529   0.0548870810   0.0001885100
       -0.0000335814  -0.0000531188  -0.0002351011  -0.0000908705   0.0000376600
        0.0000016583   0.0000590409   0.0000149463  -0.0000232969  -0.0000545331
       -0.0001431117  -0.0000033813   0.0000224040  -0.0000124295  -0.0000177576
        0.0000989302  -0.0000832132  -0.0000265820  -0.0000859410  -0.0000003585
        0.0000089172   0.0000100915   0.0000039173  -0.0000102457  -0.0000091642
        0.0000017549  -0.0000108581  -0.0000051371  -0.0000068304  -0.0000001498
        0.0000018782   0.0000048701   0.0000082624  -0.0000055180  -0.0000020464
        0.0000024839  -0.0000063718   0.0000035722  -0.0000025462   0.0000017597
        0.0000005961  -0.0000041679   0.0000070087  -0.0000056958  -0.0000138725
       -0.0000193681   0.0000015715  -0.0000568670   0.0000406741   0.0000005545
       -0.0000099488  -0.0000216448  -0.0000261003   0.0000097510   0.0000085088
        0.0000051523  -0.0000041200   0.0000147394   0.0000271736  -0.0000140693
       -0.0000846494   0.0001231789   0.0001648616   0.0000836451  -0.0000174145
       -0.0000705586  -0.0000535975   0.0000414303   0.0000281305  -0.0000053831
        0.0000690975  -0.0000924286   0.0001867173  -0.0001934497   0.0000325300
       -0.0000981660   0.0000607277   0.0000056806  -0.0000304836  -0.0000037913
       -0.0000063557  -0.0000048305   0.0000072286   0.0000156384   0.0000146587
        0.0000022129  -0.0000690473  -0.0000685111   0.0000413439   0.0000147774
       -0.0000092851  -0.0000106276  -0.0000118655  -0.0000035603  -0.0000037555
       -0.0000074436  -0.0000039095   0.0000105359   0.0000055918   0.0000045244
       -0.0000064539
       -0.0001935923   0.0004303686   0.0019901473  -0.0086899265  -0.0166055764
       -0.0119790765   0.0022271177   0.0003109367  -0.0051884143   0.0008440089
        0.0003876050   0.0002611180  -0.0016044649   0.0038310394  -0.0026591317
       -0.0048466682  -0.0055105874  -0.0031789671  -0.0806821358  -0.1890323963
       -0.1026222672  -0.0000818720  -0.0001490548  -0.0002450164  -0.0000168355
        0.0000283765  -0.0001022591  -0.0001809485  -0.0004579373  -0.0005197788
        0.0001089746   0.0002129716   0.0001158426  -0.0001177425  -0.0001329421
       -0.0000702834   0.0000486565   0.0000889084   0.0000311431   0.0000187538
       -0.0000038272  -0.0000078312  -0.0000000439   0.0000044840  -0.0000041405
        0.0000736307   0.0002026717   0.0001857155  -0.0001358211   0.0000688648
        0.0000689422  -0.0004646596   0.0002262067   0.0002988968   0.0007385229
       -0.0001735373  -0.0003117334  -0.0003884224  -0.0009939111  -0.0004375198
        0.0001593087  -0.0005146166   0.0008288455   0.0008717216  -0.0002440784
        0.0018101864   0.0921264529   0.2080015791   0.1215041452   0.0000198758
        0.0000015415   0.0000165626  -0.0000814285  -0.0000310166   0.0000279371
        0.0000202317   0.0000432968   0.0000026727  -0.0000297797  -0.0000004814
       -0.0000567837  -0.0000077201   0.0000147027  -0.0000213630   0.0001943955
        0.0001615379   0.0002553417  -0.0001203664  -0.0001457057  -0.0000284380
       -0.0000167424   0.0000519630   0.0000128450   0.0000196655   0.0000612920
        0.0000307278   0.0000148648   0.0000092467  -0.0000364517  -0.0000001778
       -0.0000076938   0.0000194402   0.0000035697  -0.0000019381   0.0000006381
        0.0000038451  -0.0000070493   0.0000092851   0.0000017935   0.0000146881
        0.0000062866   0.0000011765   0.0000036842  -0.0000108985   0.0000165625
       -0.0000293023  -0.0000181533   0.0000711486  -0.0000915049  -0.0000319100
        0.0001234641   0.0000748856   0.0000615749  -0.0000451097  -0.0000120155
       -0.0000055940  -0.0000414657  -0.0000396210  -0.0000623298   0.0000353118
       -0.0001033120   0.0000918337   0.0001242488   0.0000678905  -0.0000498125
       -0.0000510449  -0.0000166922   0.0000341700   0.0000209254  -0.0000038121
        0.0000808761  -0.0001060973   0.0000990999  -0.0002124627   0.0000277835
       -0.0000226226   0.0000763641   0.0000003748  -0.0000369384   0.0000001865
       -0.0000000923   0.0000051668   0.0000067093   0.0000125713   0.0000135318
       -0.0000071009  -0.0000332205  -0.0000385587   0.0000438163   0.0000120817
       -0.0000069347  -0.0000100548  -0.0000045363  -0.0000042134  -0.0000026598
       -0.0000024564  -0.0000032475   0.0000132285   0.0000023326   0.0000045848
       -0.0000050467
       -0.0015363582   0.0014751420  -0.0008208714  -0.0061337623  -0.0158687486
       -0.0094253853   0.0029345124  -0.0050921661   0.0028721224   0.0003209643
        0.0003341722   0.0000598177   0.0010088911  -0.0030656045   0.0056302082
       -0.0005337069  -0.0000230121  -0.0001397326  -0.0510113680  -0.1020207601
       -0.0987235035   0.0001474527  -0.0001643286   0.0000860211  -0.0001139917
       -0.0000187281   0.0000563462  -0.0000301472  -0.0003970251   0.0000419926
        0.0000090880   0.0001212734   0.0000659822  -0.0000600182  -0.0000372451
       -0.0000108376   0.0000145518   0.0000460060   0.0000332613   0.0000048737
        0.0000096840  -0.0000088540   0.0000014046   0.0000036413   0.0000034569
       -0.0000475961   0.0001552220   0.0000055397  -0.0001018939   0.0001045019
        0.0000024980  -0.0001767958   0.0001136802   0.0002586079   0.0007373305
        0.0003916655  -0.0003877514  -0.0004278923  -0.0004836287  -0.0007649334
       -0.0001872024   0.0008834771  -0.0010108118   0.0000536791   0.0020172043
       -0.0014568841   0.0548870810   0.1215041452   0.1036322218  -0.0000073781
        0.0000336954   0.0000083397   0.0001084986   0.0000099743  -0.0000008850
        0.0000028693   0.0000217805  -0.0000043401  -0.0000005676  -0.0000364052
       -0.0000036084   0.0000135218   0.0000101132  -0.0000069191  -0.0000171660
        0.0001397459   0.0000515565   0.0000268562  -0.0000870757  -0.0000289187
       -0.0000033442   0.0000050915  -0.0000099276   0.0000094492   0.0000416993
        0.0000108095   0.0000319186  -0.0000027691  -0.0000273932  -0.0000012816
       -0.0000055330   0.0000109168   0.0000070597  -0.0000075955   0.0000012300
       -0.0000003029  -0.0000097896   0.0000078780  -0.0000002021   0.0000064164
       -0.0000009417   0.0000026473   0.0000044388  -0.0000064227   0.0000333902
       -0.0000556708  -0.0000084322   0.0000339493  -0.0000523126   0.0000051733
        0.0000959611   0.0000860429   0.0000075325  -0.0000360135  -0.0000179835
        0.0000042570  -0.0000426520  -0.0000420301  -0.0000156233   0.0000012543
       -0.0000771854   0.0000365968   0.0001316562   0.0000073616  -0.0000110818
       -0.0000732632   0.0000239076   0.0000059192   0.0000163550   0.0000031183
        0.0000157933  -0.0000444770   0.0001109998  -0.0001010947  -0.0000201395
       -0.0000626632   0.0000172738  -0.0000022983  -0.0000117034   0.0000195047
        0.0000027659   0.0000104092   0.0000035173   0.0000064577   0.0000028411
       -0.0000034912  -0.0000413388  -0.0000277989   0.0000247898   0.0000132928
       -0.0000058021  -0.0000044730  -0.0000051566  -0.0000063754  -0.0000026207
       -0.0000016806  -0.0000019791   0.0000094538   0.0000002626   0.0000044685
       -0.0000028793
        0.0000710622  -0.0000712390  -0.0000613752   0.0002093971   0.0000249571
       -0.0000407446  -0.0005862908   0.0007290033   0.0010889944  -0.0060049262
       -0.0008816359   0.0001983666  -0.0184850395   0.0208782288   0.0140627892
        0.0009303174   0.0017790939   0.0012347856   0.0001594382   0.0001109192
        0.0001877252  -0.0943426519   0.0852359511   0.0476912831   0.0019046766
       -0.0001581829  -0.0021255033  -0.0000035412   0.0000608701   0.0000195793
       -0.0000210829  -0.0000179537  -0.0000258223   0.0000350414   0.0000329476
        0.0000093497  -0.0000070311   0.0000073697  -0.0000149413  -0.0000072854
        0.0000080890  -0.0000009333   0.0000035980   0.0000038503   0.0000041427
        0.0000260329  -0.0000275364  -0.0000222880  -0.0000025951  -0.0000110493
       -0.0000059840   0.0000612872   0.0000084280  -0.0000170888  -0.0000061613
       -0.0000008618   0.0000001844  -0.0003727710  -0.0000826131   0.0000235874
       -0.0000135915  -0.0002380572  -0.0003184611  -0.0003762926  -0.0010413975
       -0.0008134727   0.0001885100   0.0000198758  -0.0000073781   0.1106302023
       -0.0966025778  -0.0558863136   0.0060544400  -0.0086037762  -0.0056568486
       -0.0000171472  -0.0007638099   0.0006557551  -0.0002473649   0.0003535201
       -0.0007181835   0.0001643165   0.0000718958  -0.0000374064  -0.0000086974
       -0.0000149846  -0.0000030708  -0.0000123802   0.0000205985   0.0000264057
        0.0000110592  -0.0000125480  -0.0000037634   0.0000007922  -0.0000337280
       -0.0000191709  -0.0000248289  -0.0000104527   0.0000342206  -0.0000033506
        0.0000001237  -0.0000041811   0.0000050641  -0.0000008140   0.0000004883
       -0.0000010413   0.0000005073  -0.0000008413  -0.0000005258  -0.0000078541
       -0.0000048567  -0.0000051484   0.0000073890   0.0000033647   0.0000026485
        0.0000038315  -0.0000017269   0.0000028245   0.0000082557   0.0000042090
       -0.0000192176  -0.0000227536  -0.0000146276   0.0000047599   0.0000059178
        0.0000019459   0.0000131327   0.0000056483   0.0000132113   0.0001190511
        0.0000315696   0.0005604281   0.0008057046  -0.0020111772   0.0002938112
       -0.0004217631   0.0003172302   0.0001988884   0.0000541768  -0.0000332050
        0.0000391451  -0.0001299219   0.0004852812  -0.0002151958  -0.0000672460
       -0.0004583127  -0.0000334741  -0.0000462672   0.0000080684   0.0000072930
        0.0000209375   0.0000024096  -0.0000230451   0.0000079108  -0.0000264978
        0.0000264085  -0.0001409300   0.0009440284  -0.0003357207  -0.0001014451
       -0.0000047726   0.0000190072   0.0000148660   0.0000196526   0.0000055159
        0.0000148909   0.0000079427  -0.0000230534  -0.0000396026  -0.0000556633
        0.0000245873
       -0.0000478449  -0.0000069619   0.0000145391  -0.0000746507   0.0001326572
        0.0000841308  -0.0003214348   0.0000071926   0.0000804779  -0.0006364074
        0.0001385350  -0.0003179089   0.0001403274   0.0030695034   0.0005472725
       -0.0015807246   0.0007248951   0.0009304808   0.0000427638  -0.0000662088
       -0.0001119745   0.0849367649  -0.1779090444  -0.0793034001   0.0106683524
       -0.0281464519  -0.0078027646  -0.0000574607  -0.0000046314  -0.0000417338
        0.0000367246   0.0000145340  -0.0000126544   0.0000061379   0.0000038373
        0.0000139801  -0.0000186311  -0.0000031195   0.0000065324  -0.0000050869
        0.0000036072  -0.0000132423   0.0000031543  -0.0000063376   0.0000053812
        0.0000358564   0.0000052847   0.0000047113   0.0000250639   0.0000144199
        0.0000037550  -0.0000158854  -0.0000140957   0.0000122730  -0.0000104211
       -0.0000088684   0.0000041281  -0.0000585366  -0.0000262874   0.0000541012
       -0.0000794223   0.0000876040   0.0000888009  -0.0002380134   0.0000064922
        0.0000270883  -0.0000335814   0.0000015415   0.0000336954  -0.0966025778
        0.2105711201   0.0900345096   0.0030792180  -0.0060582576  -0.0064528899
       -0.0003637045  -0.0044078158   0.0032931866   0.0006201170   0.0002995007
        0.0005410493   0.0000857121   0.0001598631  -0.0002179929   0.0000064448
        0.0000214720   0.0000118539   0.0000060680  -0.0000156954  -0.0000020910
       -0.0000002477   0.0000073284   0.0000009910  -0.0000201480   0.0000147891
        0.0000277550  -0.0000100131  -0.0000361237  -0.0000402368   0.0000031561
        0.0000006032   0.0000074205   0.0000034760  -0.0000036106  -0.0000017520
        0.0000082704  -0.0000073214   0.0000064499  -0.0000085043   0.0000213325
        0.0000129235   0.0000040796   0.0000023148  -0.0000336702  -0.0000063556
       -0.0000047229   0.0000012073  -0.0000096793  -0.0000107195  -0.0000026898
        0.0000220272   0.0000099250  -0.0000022695  -0.0000028107  -0.0000051876
        0.0000008929  -0.0000148682  -0.0000027383   0.0000032431  -0.0009883454
        0.0009413978  -0.0012469379   0.0017565262  -0.0025654698   0.0001672304
       -0.0006401702   0.0020636859  -0.0003929942  -0.0000699308   0.0000924558
       -0.0000536947   0.0001411051  -0.0009484254  -0.0001638182   0.0000774371
        0.0006850422   0.0004489734   0.0000287521   0.0000059539  -0.0000078423
       -0.0000165855   0.0000072998   0.0000354280  -0.0000402023   0.0000222246
       -0.0000521936   0.0001945982   0.0009393388  -0.0001185287   0.0000257916
        0.0001341441  -0.0000978512   0.0000529855   0.0000537043  -0.0000015094
        0.0000418524   0.0000087924  -0.0000133592  -0.0000805184  -0.0000142979
        0.0000015380
       -0.0000813448   0.0000260785   0.0000092940  -0.0000123275   0.0000377208
        0.0000800004   0.0001080522  -0.0001415185  -0.0000857819   0.0013514905
       -0.0003446681   0.0006647678   0.0047500574  -0.0031222559  -0.0021417626
       -0.0011599069   0.0002973805   0.0002385736   0.0000069321  -0.0000710929
       -0.0001318153   0.0461442913  -0.0794370327  -0.0897091394  -0.0069667423
        0.0134550790   0.0063976450  -0.0000456405  -0.0000203788  -0.0000144018
        0.0000027089   0.0000068947  -0.0000046456   0.0000130297   0.0000296255
        0.0000071786  -0.0000404871  -0.0000217742   0.0000035158  -0.0000059705
        0.0000065323  -0.0000036280  -0.0000051734   0.0000024757  -0.0000025833
        0.0000328253   0.0000098227  -0.0000052909   0.0000192809   0.0000165982
        0.0000005266  -0.0000188444  -0.0000172907   0.0000074311   0.0000035448
       -0.0000045591   0.0000153538   0.0000767186   0.0000661453  -0.0000707499
       -0.0001327575   0.0002668972   0.0001770686  -0.0001879344   0.0000254410
        0.0002146665  -0.0000531188   0.0000165626   0.0000083397  -0.0558863136
        0.0900345096   0.1014799828   0.0118701313  -0.0244579317  -0.0168958609
        0.0002904859   0.0028583742  -0.0011116293  -0.0002858286  -0.0001823950
       -0.0001693478  -0.0000133493  -0.0000243796   0.0000194164   0.0000029725
        0.0000124622   0.0000070085   0.0000065940  -0.0000025226  -0.0000026600
        0.0000006706  -0.0000022765  -0.0000023291  -0.0000052169   0.0000116536
       -0.0000014014   0.0000343968  -0.0000043168  -0.0000078914   0.0000022915
        0.0000001345   0.0000065748   0.0000052770  -0.0000058971   0.0000007502
       -0.0000010652  -0.0000054267   0.0000044804  -0.0000003269  -0.0000002945
       -0.0000068413   0.0000029419  -0.0000002596   0.0000055706  -0.0000050747
       -0.0000088514   0.0000009184  -0.0000097260  -0.0000086516   0.0000004414
        0.0000174118   0.0000162572  -0.0000047803   0.0000008635  -0.0000089735
        0.0000004099  -0.0000150178  -0.0000033291   0.0000073980   0.0006283018
        0.0004361851   0.0012660238   0.0000492204  -0.0002701775   0.0007679407
       -0.0001722607   0.0003032602  -0.0007297074   0.0000248478  -0.0000051032
       -0.0000247238  -0.0001128457   0.0005535793  -0.0000520746  -0.0001702649
       -0.0002618488  -0.0002456517   0.0000076415   0.0000036468   0.0000141318
       -0.0000005055   0.0000123368  -0.0000031150   0.0000253101  -0.0000127891
        0.0000133443  -0.0001476727  -0.0000465375   0.0000137040   0.0000793455
       -0.0000136274  -0.0000096986  -0.0000141720  -0.0000149011  -0.0000094705
       -0.0000096339   0.0000091924   0.0000034027   0.0000018867   0.0000062152
        0.0000111214
       -0.0003731591   0.0002074495  -0.0002054411   0.0005655017  -0.0001271473
       -0.0001706416   0.0001397411  -0.0005437015   0.0003856978   0.0006887957
       -0.0012026315  -0.0008347333  -0.0187605871  -0.0076770262  -0.0248179957
       -0.0041543446   0.0005079499  -0.0002350055  -0.0007156290  -0.0013506310
        0.0006220553  -0.0821392072  -0.0144719013  -0.0891228771   0.0012895608
        0.0011803178   0.0003113746   0.0000939365  -0.0001569963   0.0000995800
        0.0000366584   0.0000765907   0.0000011539  -0.0000531725  -0.0001066671
       -0.0000299834   0.0000338206   0.0000667597  -0.0000066768   0.0000137016
       -0.0000118230   0.0000035214   0.0000016741   0.0000058327  -0.0000092875
       -0.0001305297   0.0000475393   0.0000331720  -0.0000539660  -0.0000179585
        0.0000056341   0.0000243253  -0.0000242271  -0.0000303051   0.0000708733
        0.0000488681   0.0000211925   0.0001618908  -0.0000058160   0.0000090907
       -0.0002468741   0.0007989156   0.0001699957  -0.0001374951   0.0003520091
       -0.0000557640  -0.0002351011  -0.0000814285   0.0001084986   0.0060544400
        0.0030792180   0.0118701313   0.0968304208   0.0197625597   0.1014831505
        0.0001569446   0.0001348277  -0.0002026685  -0.0000938622   0.0000710764
       -0.0000053749   0.0000499137   0.0000453043  -0.0000450414   0.0000118390
        0.0000248856   0.0000004202   0.0000050524  -0.0000186384   0.0000307599
        0.0000107909   0.0000017335   0.0000072793  -0.0000055634   0.0000119843
        0.0000102311  -0.0000231876  -0.0000209180  -0.0000138586   0.0000023716
       -0.0000055662   0.0000138956   0.0000024253  -0.0000068333   0.0000057011
        0.0000052452   0.0000005792   0.0000038756  -0.0000016860   0.0000090624
        0.0000059880  -0.0000025055   0.0000006752  -0.0000080506   0.0000168635
        0.0000117501  -0.0000093202   0.0000294124   0.0000084955  -0.0000003250
       -0.0000146553   0.0000137980   0.0000379042  -0.0000113798   0.0000038277
       -0.0000064223   0.0000251471  -0.0000176016  -0.0000312356   0.0003616952
       -0.0003599763   0.0001958924   0.0009096082  -0.0006343320   0.0005854655
       -0.0003961489   0.0001549964  -0.0003118301   0.0000634231  -0.0000514898
        0.0000733337   0.0000259804   0.0000705028   0.0000105054  -0.0000045505
       -0.0001002069   0.0000425700   0.0000164380   0.0000026360   0.0000252146
        0.0000040450   0.0000026193   0.0000057607   0.0000148548  -0.0000007552
        0.0000224803  -0.0001036235   0.0003120140  -0.0000817599  -0.0000508603
       -0.0000219405   0.0000226066   0.0000074308  -0.0000022535   0.0000029148
       -0.0000016323   0.0000081769  -0.0000155621  -0.0000151011  -0.0000044886
        0.0000231128
       -0.0002017440   0.0000660224  -0.0001161562   0.0002069690   0.0000182471
        0.0000873309  -0.0002052646  -0.0004246372   0.0000914595   0.0010714896
        0.0003042919  -0.0001266996  -0.0064408009  -0.0013302848  -0.0055103781
       -0.0015319667   0.0001254371   0.0000129192  -0.0003218557  -0.0004145300
        0.0002921170  -0.0138437350  -0.0476024628  -0.0394625878   0.0083711319
        0.0012754099   0.0222036892   0.0000392320  -0.0000482469   0.0000394119
        0.0000047703   0.0000189195  -0.0000101315  -0.0000059091  -0.0000111033
       -0.0000021438   0.0000054117   0.0000174632  -0.0000039801   0.0000063615
       -0.0000066011   0.0000111404  -0.0000025646  -0.0000023962   0.0000009561
       -0.0000452996   0.0000157176   0.0000053454  -0.0000251293  -0.0000130003
        0.0000031821   0.0000141376   0.0000013114  -0.0000079099   0.0000238403
        0.0000185494  -0.0000066983   0.0000194893   0.0000061191   0.0000031080
        0.0002667901   0.0000202765  -0.0002503840   0.0000277069   0.0002470515
       -0.0000006110  -0.0000908705  -0.0000310166   0.0000099743  -0.0086037762
       -0.0060582576  -0.0244579317   0.0197625597   0.0571442238   0.0403288386
        0.0005866993   0.0007174685   0.0006618942   0.0000163554  -0.0003090392
        0.0001095913   0.0001158389   0.0000110600   0.0000611043   0.0000048509
        0.0000025235  -0.0000026205  -0.0000048798  -0.0000213379   0.0000107174
        0.0000001245  -0.0000014406   0.0000024741   0.0000118033  -0.0000068213
       -0.0000016394  -0.0000195570   0.0000014185   0.0000190210  -0.0000119627
       -0.0000006078  -0.0000127663  -0.0000001297  -0.0000001487  -0.0000037840
       -0.0000005369   0.0000077858  -0.0000056060   0.0000065204  -0.0000052082
       -0.0000033658   0.0000034354   0.0000134379   0.0000082752   0.0000087915
        0.0000073897  -0.0000035178   0.0000129624   0.0000068797  -0.0000004798
       -0.0000164568  -0.0000016077   0.0000126812   0.0000008070   0.0000035767
       -0.0000020712   0.0000135343  -0.0000036915  -0.0000094393   0.0001319198
       -0.0043083984   0.0046865164  -0.0000138342   0.0000454308   0.0004174215
        0.0000571125   0.0000274981   0.0000468681   0.0003796603  -0.0002687482
        0.0001460419   0.0002397800   0.0006668155   0.0012080767  -0.0001788364
        0.0000712254  -0.0002614436  -0.0000045900  -0.0000157760   0.0000033149
       -0.0000189678  -0.0000175725  -0.0000537257   0.0000572396   0.0000266815
        0.0000640370   0.0001306832  -0.0000511319  -0.0002337387  -0.0000509955
        0.0000421293   0.0000292865   0.0000248196   0.0000003050   0.0000053662
        0.0000268872   0.0000116660  -0.0000380856  -0.0000100526   0.0000117342
        0.0000057352
        0.0000043620   0.0000322617  -0.0000159383   0.0001671381   0.0002738922
        0.0002220963  -0.0002783117  -0.0003054366  -0.0000131555   0.0014507041
        0.0000536791   0.0003352296  -0.0025371673  -0.0013134323   0.0023243869
       -0.0002710279   0.0001055560  -0.0001312847   0.0003206177   0.0000116320
        0.0000275823  -0.0868240900  -0.0373493156  -0.2281549389  -0.0070321260
        0.0001998387  -0.0194397173   0.0000998999  -0.0000167644   0.0000082951
        0.0000221523  -0.0000197203  -0.0000020056  -0.0000163687  -0.0000191880
       -0.0000124100   0.0000279083   0.0000045334  -0.0000006927   0.0000096541
       -0.0000283851   0.0000032059   0.0000031266  -0.0000008603  -0.0000041598
       -0.0000952672   0.0000071965   0.0000359895  -0.0000337919  -0.0000147436
        0.0000080826   0.0000125845  -0.0000018025  -0.0000202025   0.0000283820
        0.0000267094  -0.0000208832   0.0000498516   0.0000373118  -0.0000151358
       -0.0001159115   0.0002572251   0.0001118041   0.0000384425   0.0001983202
        0.0000809506   0.0000376600   0.0000279371  -0.0000008850  -0.0056568486
       -0.0064528899  -0.0168958609   0.1014831505   0.0403288386   0.2642709037
       -0.0002419174  -0.0004952464   0.0005683850   0.0002187269   0.0003321802
        0.0003332121  -0.0002037509  -0.0000699545  -0.0000987706  -0.0000008156
        0.0000060884  -0.0000019652  -0.0000030228   0.0000096497  -0.0000009332
       -0.0000068184   0.0000096481   0.0000101285  -0.0000084660   0.0000160675
        0.0000207755  -0.0000154265   0.0000060628  -0.0000414831   0.0000155150
       -0.0000039133   0.0000097694  -0.0000108157   0.0000049003   0.0000104797
        0.0000045674   0.0000032868  -0.0000031973  -0.0000041006   0.0000115864
        0.0000174981  -0.0000018479  -0.0000217964  -0.0000167490   0.0000087788
        0.0000106849  -0.0000070077   0.0000177242   0.0000110867  -0.0000048796
       -0.0000182714   0.0000011692   0.0000287913  -0.0000037180   0.0000023639
       -0.0000065218   0.0000204925  -0.0000042803  -0.0000261574  -0.0002669308
        0.0043978417  -0.0031466225  -0.0006277032   0.0015600039  -0.0011844030
        0.0004386749  -0.0009276969   0.0010072611  -0.0002810356   0.0002231652
       -0.0001060086  -0.0000436147  -0.0010943403  -0.0007963084   0.0002490775
        0.0004592492   0.0002807251   0.0000549852   0.0000134195   0.0000174546
        0.0000140792  -0.0000007433   0.0000711431  -0.0000539933  -0.0000031937
       -0.0000510494  -0.0000337641  -0.0003248924   0.0004098584  -0.0000742634
       -0.0001268057  -0.0000369270  -0.0000452448   0.0000030931   0.0000195446
       -0.0000319726  -0.0000367328   0.0000573072   0.0000401487  -0.0000143447
       -0.0000346063
        0.0000046883   0.0000380757   0.0000009842   0.0000012607  -0.0000217635
        0.0000162898  -0.0001129790   0.0000723737  -0.0000080128  -0.0002066698
       -0.0003195873  -0.0001034492   0.0006584557  -0.0004531307  -0.0002695653
       -0.0000553957   0.0000082751   0.0000442976  -0.0000256541  -0.0000078971
       -0.0000218963   0.0013939736  -0.0019983156  -0.0016636052  -0.0682058766
        0.0683628378   0.0422947510  -0.0000804835  -0.0000547402   0.0000006444
        0.0000456477   0.0000520256   0.0000254096  -0.0000159912  -0.0000640275
       -0.0000098416  -0.0000759141   0.0000743708   0.0000988600   0.0000133608
       -0.0000024080  -0.0000284815  -0.0000071423   0.0000013864   0.0000213355
        0.0000560878   0.0000181135  -0.0000115649   0.0000145517   0.0000111558
       -0.0000017580  -0.0000102011  -0.0000050562   0.0000115848   0.0000068117
       -0.0000006529   0.0000000432  -0.0000109511   0.0000094986   0.0000191908
       -0.0000258907  -0.0000634279   0.0005186126  -0.0000179163   0.0000375617
        0.0000174113   0.0000016583   0.0000202317   0.0000028693  -0.0000171472
       -0.0003637045   0.0002904859   0.0001569446   0.0005866993  -0.0002419174
        0.0826163717  -0.0708158343  -0.0394183288  -0.0005936608  -0.0004585763
       -0.0032715235  -0.0000916155  -0.0004348848   0.0012519276   0.0000151753
        0.0000132720   0.0000026979   0.0000175528  -0.0000381097  -0.0000269017
        0.0000363307   0.0000205085   0.0000014121  -0.0000171570   0.0000419981
        0.0000533322  -0.0000701835  -0.0000480316  -0.0001811228  -0.0000004826
       -0.0000207595   0.0000013046   0.0000143319  -0.0000382719   0.0000214483
        0.0000156866  -0.0000238257   0.0000123738   0.0000094944   0.0000202244
        0.0000067100   0.0000443451   0.0000432391  -0.0000346656  -0.0000066804
       -0.0000050230   0.0000034800  -0.0000095311  -0.0000085493  -0.0000007783
        0.0000184210   0.0000075088  -0.0000109856  -0.0000041787  -0.0000047194
        0.0000043199  -0.0000146619  -0.0000016379   0.0000095246   0.0045265040
       -0.0134978685  -0.0114233377  -0.0125327571   0.0212345321   0.0140474645
       -0.0077422469  -0.0000190979  -0.0006029938  -0.0002769540   0.0000084891
        0.0003094394   0.0015399117  -0.0010391295  -0.0007142207  -0.0007236719
       -0.0007216923   0.0005973850   0.0000296153  -0.0000333001  -0.0000235597
       -0.0000084995   0.0000185565   0.0001165589  -0.0000121502   0.0000457122
        0.0000254147  -0.0004285752  -0.0000484973  -0.0013478124  -0.0001009918
       -0.0001993577  -0.0002406561  -0.0000612929  -0.0000790009  -0.0000465626
        0.0001533718   0.0000800298  -0.0000954830   0.0001729503   0.0000642025
       -0.0000285389
        0.0002467179   0.0000256493   0.0001165324  -0.0001444331   0.0001613217
        0.0001364206  -0.0002200427  -0.0000107091   0.0000688694   0.0000967387
       -0.0001231347  -0.0004448733   0.0004154988   0.0002063843  -0.0006162352
       -0.0002387905  -0.0003969215  -0.0002932287   0.0003112294   0.0000620653
       -0.0000329890   0.0085879204  -0.0237083791  -0.0076305514   0.0646032884
       -0.1843544336  -0.0820388721  -0.0000760896   0.0000023445  -0.0000696782
        0.0000115551  -0.0000056090   0.0000431122  -0.0000327345   0.0000183093
       -0.0000046725  -0.0000415957  -0.0000199572   0.0000456984   0.0000164281
       -0.0000031030  -0.0000129230   0.0000136349  -0.0000141347  -0.0000119068
        0.0000925651  -0.0000011980   0.0000000992   0.0000301874   0.0000236982
        0.0000033999  -0.0000225265   0.0000010275  -0.0000011649   0.0000142113
        0.0000123679  -0.0000199025   0.0000806335   0.0000390637   0.0000086999
       -0.0002655010   0.0004644571   0.0005989724   0.0000093991   0.0002425386
        0.0001770431   0.0000590409   0.0000432968   0.0000217805  -0.0007638099
       -0.0044078158   0.0028583742   0.0001348277   0.0007174685  -0.0004952464
       -0.0708158343   0.2167670418   0.0978194803   0.0008263283   0.0001203111
       -0.0019603745  -0.0008203067   0.0001863401   0.0002980721   0.0000037383
        0.0000131606   0.0000108043  -0.0000211262  -0.0000269834  -0.0000451778
        0.0000090392  -0.0000001079  -0.0000053995   0.0000268338   0.0000284970
        0.0000002876  -0.0000245445   0.0001142546  -0.0000833824   0.0000022642
       -0.0000070097   0.0000121465  -0.0000039070  -0.0000278515   0.0000124204
       -0.0000212389  -0.0000113107   0.0000023294   0.0000198443  -0.0000126126
       -0.0000116444   0.0000199903   0.0000049592   0.0000345838  -0.0000144710
       -0.0000045632   0.0000013687  -0.0000156556  -0.0000136916  -0.0000040235
        0.0000322669   0.0000119005  -0.0000056658  -0.0000088822  -0.0000093743
       -0.0000005206  -0.0000181591  -0.0000013126   0.0000063246  -0.0039377000
       -0.0062155381  -0.0102849001   0.0034054012  -0.0001762337  -0.0001359678
       -0.0001942766   0.0003885059  -0.0000191021   0.0000378122  -0.0001167589
       -0.0001717477   0.0002688871   0.0002480668   0.0009405083   0.0003434594
       -0.0001595747   0.0002191123   0.0000429691  -0.0000237452  -0.0000016285
       -0.0000268771  -0.0000395033   0.0000454874   0.0000218209   0.0000386242
        0.0000612553  -0.0018401398   0.0000004898   0.0006203160  -0.0000336633
        0.0000179554   0.0001695670  -0.0000539446  -0.0000154901   0.0000003161
       -0.0000982046  -0.0000398861   0.0000788357  -0.0000300766  -0.0000131570
       -0.0000104392
       -0.0000513353  -0.0000123264  -0.0000422220  -0.0000061792  -0.0000128780
       -0.0000297672  -0.0000123122  -0.0001246351  -0.0001041104   0.0000376872
        0.0005994929   0.0002882866  -0.0004940569  -0.0003651803   0.0002517416
        0.0001644281  -0.0001056558   0.0000460214  -0.0000152603  -0.0000214512
        0.0000071626  -0.0049318646   0.0133698419   0.0055992500   0.0372138302
       -0.0813341358  -0.0848490318   0.0000117338  -0.0000627288   0.0000142571
        0.0000487441   0.0000462581   0.0000120097   0.0000024786  -0.0000500159
       -0.0000181691  -0.0000628255   0.0000843164   0.0000457765  -0.0000115136
       -0.0000249706  -0.0000242599  -0.0000222646   0.0000152216   0.0000293244
       -0.0000151161   0.0000212903   0.0000042397  -0.0000100554   0.0000001171
        0.0000003283   0.0000121068  -0.0000002115  -0.0000009072  -0.0000014464
        0.0000010814  -0.0000057240   0.0000164924  -0.0000041468  -0.0000065804
        0.0004128764   0.0000909429  -0.0005083688  -0.0000489693  -0.0000125003
       -0.0000580607   0.0000149463   0.0000026727  -0.0000043401   0.0006557551
        0.0032931866  -0.0011116293  -0.0002026685   0.0006618942   0.0005683850
       -0.0394183288   0.0978194803   0.1104612013  -0.0002131256   0.0004207868
       -0.0051112318   0.0011586620   0.0009813089  -0.0009107274   0.0000051357
        0.0000165439   0.0000021005  -0.0000128004  -0.0000308969  -0.0000170566
        0.0000328966   0.0000179310  -0.0000040891   0.0000512957  -0.0000330545
        0.0000123115  -0.0001641961  -0.0000436515  -0.0000270243   0.0000001528
        0.0000003486  -0.0000097427   0.0000355375  -0.0000146846   0.0000027568
        0.0000390507  -0.0000290486  -0.0000031025   0.0000167608  -0.0000000904
        0.0000185985  -0.0000427918   0.0000759652  -0.0000657002   0.0000031381
        0.0000022771  -0.0000010567   0.0000043218  -0.0000021185   0.0000011641
       -0.0000084833   0.0000028128   0.0000006641   0.0000009897  -0.0000015143
        0.0000005011   0.0000044612  -0.0000035522  -0.0000007463  -0.0012632279
       -0.0250091012  -0.0242688213   0.0046951985  -0.0076091306  -0.0021282387
        0.0019979120   0.0001824427  -0.0000508748  -0.0001113569   0.0000937419
        0.0007153624  -0.0001100835  -0.0051242523  -0.0010856485   0.0007067616
        0.0017545539   0.0014728351   0.0001359650  -0.0000063253   0.0000496660
        0.0000201917   0.0000412584   0.0002007862   0.0000209709   0.0001159793
        0.0001166668   0.0000744292   0.0002780243   0.0003678348  -0.0000933252
        0.0001360373   0.0000661301  -0.0000474802  -0.0000055400   0.0000426324
       -0.0000918231  -0.0000608031   0.0000301102  -0.0001320197  -0.0000212082
        0.0000191271
        0.0002965607  -0.0000133953   0.0000325942  -0.0004387597  -0.0001442285
        0.0000384838   0.0000011673   0.0001724780   0.0000683556  -0.0002221384
        0.0001475892   0.0001585148   0.0009024010   0.0002042962   0.0005032260
       -0.0000320418  -0.0001755655  -0.0004589610  -0.0004179904  -0.0000127004
       -0.0001087987   0.0006376519  -0.0004241408   0.0007693134  -0.0049746220
       -0.0131345332  -0.0044881148  -0.0003329058   0.0000220407  -0.0000216201
       -0.0001828263   0.0000491122   0.0001446484   0.0000802532   0.0000472012
        0.0000029873  -0.0000834654  -0.0000343948   0.0000659356  -0.0000130125
        0.0000656565  -0.0000470506   0.0000163116  -0.0000174931   0.0000195549
        0.0003991839  -0.0000241339  -0.0001164250   0.0001148549   0.0000556936
       -0.0000202513  -0.0000215459   0.0000022309   0.0000148544  -0.0000391995
       -0.0000152439   0.0000098766   0.0000126402  -0.0000323720  -0.0000119697
       -0.0000053855  -0.0000202556   0.0000009414   0.0002662591  -0.0000898084
        0.0000833541  -0.0000232969  -0.0000297797  -0.0000005676  -0.0002473649
        0.0006201170  -0.0002858286  -0.0000938622   0.0000163554   0.0002187269
       -0.0005936608   0.0008263283  -0.0002131256   0.0333621733   0.0611960477
        0.0425794250  -0.0000308679  -0.0001701495  -0.0002590394  -0.0000093219
       -0.0000272236  -0.0000078739  -0.0000515167   0.0000301326  -0.0000672858
        0.0000423730  -0.0000512344  -0.0000459011   0.0000104812  -0.0000000843
       -0.0000207232   0.0000773152   0.0001098225  -0.0000289360   0.0000043275
        0.0000047481   0.0000004104   0.0000043872  -0.0000340913   0.0000116733
       -0.0000047223  -0.0000413533   0.0000131626  -0.0000058955  -0.0000001802
       -0.0000055988   0.0000514927  -0.0000154784  -0.0000238635  -0.0000434430
       -0.0000207410   0.0000175663  -0.0000638507  -0.0000378524   0.0000068020
        0.0000764343   0.0000077553  -0.0000690418  -0.0000062035  -0.0000155855
        0.0000118690  -0.0000672369   0.0000116475   0.0000655382  -0.0286679080
       -0.0587558025  -0.0421969890  -0.0001094046  -0.0012873008  -0.0027229749
       -0.0007687441   0.0009723605   0.0006952674  -0.0005358517   0.0004503003
        0.0004662549  -0.0017073552   0.0048341881   0.0084757336   0.0047391683
        0.0046752325  -0.0035709635  -0.0010810751   0.0001328337  -0.0005524988
        0.0002680443   0.0001843531   0.0002536811  -0.0001837026  -0.0001094557
       -0.0001304271  -0.0001745040  -0.0000475903   0.0006224828  -0.0001198262
       -0.0000834343   0.0000854646   0.0000372877   0.0000771146   0.0000188020
       -0.0000335030  -0.0000422589   0.0000641541  -0.0000137575  -0.0000077741
       -0.0000448249
        0.0003652381  -0.0001438531   0.0001918670  -0.0002632984  -0.0002377024
       -0.0001429618   0.0002799915   0.0001027057   0.0000739943  -0.0002458339
       -0.0001746733   0.0001255320   0.0008273520   0.0002291527   0.0002666525
       -0.0001410869   0.0007382882  -0.0002021764  -0.0002499361  -0.0001017380
       -0.0001015165  -0.0001728756   0.0009346988   0.0015168380  -0.0018123937
       -0.0021500750  -0.0042764808  -0.0000866369   0.0002448589  -0.0001237970
        0.0000950462  -0.0001382720  -0.0000454293  -0.0000354792  -0.0000100072
        0.0000056519   0.0000727356  -0.0000035774  -0.0000215777  -0.0000120172
       -0.0000033827  -0.0000355768  -0.0000096601  -0.0000142945  -0.0000020530
        0.0000230798  -0.0000918054   0.0000306042   0.0000412366  -0.0000064354
        0.0000076581  -0.0000158816   0.0000188128  -0.0000122030  -0.0000392278
        0.0000177127  -0.0000244646  -0.0000124187   0.0000028161  -0.0000343801
       -0.0000165979  -0.0000396350  -0.0000311433   0.0000314600  -0.0007796334
        0.0001955372  -0.0000545331  -0.0000004814  -0.0000364052   0.0003535201
        0.0002995007  -0.0001823950   0.0000710764  -0.0003090392   0.0003321802
       -0.0004585763   0.0001203111   0.0004207868   0.0611960477   0.3778883144
        0.1111791554   0.0000208816   0.0000225191  -0.0001611951  -0.0000072733
        0.0000017537   0.0000101975   0.0001117753   0.0000833251  -0.0000167152
       -0.0000315851   0.0000399160   0.0000239992  -0.0000366053   0.0000346689
        0.0000539268  -0.0000456927  -0.0001298752  -0.0000526788   0.0000184861
       -0.0000142428   0.0000218424  -0.0000135164   0.0000287379  -0.0000012719
        0.0000161378   0.0000018157  -0.0000096765   0.0000102903   0.0000220039
        0.0000300869  -0.0000447975   0.0000137120  -0.0000196980  -0.0000146023
        0.0000094940   0.0000009185  -0.0000109996   0.0000068306  -0.0000099028
        0.0000204354  -0.0000232641   0.0000112620   0.0000023508   0.0000026116
       -0.0000049043  -0.0000082466   0.0000165972  -0.0000151264  -0.0574982661
       -0.3458254406  -0.1046991707  -0.0005363522  -0.0000849096   0.0001310914
        0.0003618053  -0.0002383334  -0.0000140457  -0.0009338655   0.0005813570
       -0.0013414121  -0.0045189531  -0.0266496412  -0.0075115687   0.0029850729
       -0.0050066227   0.0041391982   0.0006720193   0.0003629577   0.0001318238
       -0.0001827054   0.0000149829   0.0003854934  -0.0002799937   0.0002512351
       -0.0003091032   0.0002692450   0.0000396953   0.0002215643  -0.0000686673
        0.0000158449  -0.0000747733   0.0000299666   0.0000449212   0.0000208483
        0.0000099520  -0.0000197067  -0.0000048530  -0.0000266268   0.0000044894
       -0.0000100541
       -0.0007458110   0.0001651060  -0.0003013206   0.0006784570   0.0002641614
        0.0001738582  -0.0003614243  -0.0002417329  -0.0000653006   0.0005189861
       -0.0004049755  -0.0004940986   0.0001832729  -0.0000537620  -0.0010384947
        0.0002524186   0.0000069824   0.0002735932   0.0003307362   0.0002059103
        0.0001400902   0.0002778984  -0.0012764663   0.0010880721  -0.0025033422
       -0.0206967285  -0.0104528080   0.0003661816  -0.0001810916   0.0002348609
        0.0000072445   0.0000429159  -0.0001261232  -0.0000003718  -0.0000545374
       -0.0000034144   0.0000498499   0.0000193180  -0.0000471339   0.0000095068
       -0.0000220084   0.0000686606  -0.0000183974   0.0000272385  -0.0000152606
       -0.0003735186   0.0000728126   0.0000344870  -0.0001256777  -0.0000534659
       -0.0000088238   0.0000246500  -0.0000288994   0.0000129022   0.0000460711
       -0.0000131886   0.0000566780  -0.0001012773   0.0000317409   0.0000335625
       -0.0000730377   0.0001057247   0.0001093570  -0.0000090560   0.0006470716
        0.0002372302  -0.0001431117  -0.0000567837  -0.0000036084  -0.0007181835
        0.0005410493  -0.0001693478  -0.0000053749   0.0001095913   0.0003332121
       -0.0032715235  -0.0019603745  -0.0051112318   0.0425794250   0.1111791554
        0.0805343971  -0.0001847832   0.0002109069  -0.0000459482  -0.0000083939
       -0.0000077283  -0.0000183361   0.0000308867   0.0000049258   0.0001500259
       -0.0000166413  -0.0000026169   0.0000151253  -0.0000158516  -0.0000118596
       -0.0000074750   0.0000025098  -0.0000630654   0.0000322475  -0.0000107005
        0.0000120418  -0.0000135605  -0.0000091842   0.0000189229  -0.0000178521
       -0.0000013245   0.0000355636  -0.0000080095  -0.0000108152  -0.0000043423
       -0.0000067168   0.0000271643  -0.0000506836   0.0000066999   0.0000533538
        0.0000144315  -0.0000104979   0.0000610720   0.0000368677   0.0000128104
       -0.0000861986   0.0000050002   0.0000422835   0.0000066270   0.0000147801
       -0.0000023656   0.0000639374  -0.0000192427  -0.0000408291  -0.0401322709
       -0.1042460998  -0.0696014957  -0.0002976001  -0.0010685993   0.0000179711
        0.0003241768   0.0001839561  -0.0002079054   0.0006974691   0.0004611212
       -0.0006043238   0.0068149321   0.0085113239   0.0043015971  -0.0036086706
        0.0067273680   0.0012388984  -0.0007643618   0.0003227407   0.0002767413
        0.0001225853   0.0003416048  -0.0008096181  -0.0000639844  -0.0001898110
       -0.0001133806   0.0000250472   0.0002961740  -0.0001344061   0.0000721563
        0.0000809936   0.0000717981   0.0000138491  -0.0000068675  -0.0000237719
        0.0000023684   0.0000268545  -0.0000086656   0.0000180553  -0.0000094246
        0.0000149647
       -0.0001281020   0.0001052321  -0.0001593809   0.0001143661  -0.0000313184
        0.0000500332  -0.0000236351   0.0000383008  -0.0000322747  -0.0000741644
        0.0000128120  -0.0000071166   0.0001036558  -0.0001111815   0.0001008993
        0.0000034283   0.0000125594  -0.0000432415  -0.0001009796   0.0000022022
       -0.0000474011  -0.0007223735  -0.0000167813  -0.0002236226   0.0003200400
       -0.0014238033   0.0013633003  -0.0002308516  -0.0002515397   0.0001299394
        0.0000411184   0.0002373387   0.0000576935  -0.0000634547  -0.0001269726
       -0.0000281826  -0.0000978165   0.0001669818   0.0000479462  -0.0000420015
       -0.0000047413   0.0000158961  -0.0000742224   0.0000347901   0.0000436774
        0.0001852582   0.0000736573  -0.0000911469   0.0000536547   0.0000519702
       -0.0000219731  -0.0000095190  -0.0000200210   0.0000335844  -0.0000114622
       -0.0000262508   0.0000238304  -0.0000078844  -0.0000115702   0.0000172998
        0.0000341229  -0.0000120238   0.0000318977   0.0000107769  -0.0000184400
        0.0000193432  -0.0000033813  -0.0000077201   0.0000135218   0.0001643165
        0.0000857121  -0.0000133493   0.0000499137   0.0001158389  -0.0002037509
       -0.0000916155  -0.0008203067   0.0011586620  -0.0000308679   0.0000208816
       -0.0001847832   0.2581271312  -0.1617763219   0.0412802645   0.0000178034
        0.0000197011  -0.0000008212   0.0000175584  -0.0000815010  -0.0000073869
        0.0000713772  -0.0000108075  -0.0000153306   0.0000262767  -0.0000349358
       -0.0000143816  -0.0000327849  -0.0001642063   0.0000735257  -0.0000646499
        0.0000006182  -0.0000505046   0.0001074191  -0.0000459042  -0.0000287515
        0.0000585558  -0.0000437633   0.0000323791   0.0000297126  -0.0000077839
       -0.0000430788  -0.0000587895   0.0002488639  -0.0000347424  -0.0000212560
       -0.0000253552   0.0000139744  -0.0000413414  -0.0000396670   0.0000159595
        0.0000441743   0.0000352837  -0.0000631094  -0.0000085501  -0.0000203842
        0.0000193944  -0.0000488127  -0.0000120220   0.0000607189  -0.0020998371
        0.0040699864  -0.0027007388   0.0049795307   0.0094461248  -0.0047290644
        0.0039318709  -0.0067862200   0.0026364649  -0.0002059231   0.0015125812
        0.0017634965  -0.0018204196  -0.0153335543  -0.0017891829   0.0053762231
        0.0082864257   0.0018877067   0.0000505689   0.0000425554  -0.0000652743
        0.0001930772   0.0001860864   0.0003442470  -0.0001362832   0.0000828080
       -0.0002212516  -0.2449581499   0.1518933347  -0.0386164283  -0.0196695664
        0.0114015050  -0.0028619117   0.0001016450   0.0004687975  -0.0000885302
        0.0004114139   0.0003115611  -0.0003405007  -0.0037462945  -0.0016994130
        0.0014915570
        0.0002018977  -0.0000591736   0.0001091283  -0.0002253025  -0.0000048838
        0.0000074753   0.0000186559   0.0000543162   0.0000422565   0.0000254653
        0.0000409541  -0.0000124323  -0.0002087588   0.0000616257  -0.0000637287
        0.0000257267  -0.0000105649  -0.0000414034   0.0000641665  -0.0000425673
       -0.0000295488   0.0002157285   0.0002172457   0.0001368564   0.0009099087
       -0.0004362507  -0.0005308015  -0.0001057275   0.0001197744  -0.0000732151
       -0.0000589239  -0.0000586520   0.0000045023   0.0000511376   0.0000697612
        0.0000280890  -0.0000700271  -0.0000442168   0.0000394414  -0.0000171274
        0.0000564474  -0.0000152452  -0.0000015610  -0.0000680260   0.0000058173
        0.0001403321  -0.0000431802  -0.0000287223   0.0000446975   0.0000092698
       -0.0000041464  -0.0000094314   0.0000134462  -0.0000049553  -0.0000104318
        0.0000070878  -0.0000102222   0.0000302286  -0.0000088396  -0.0000153299
       -0.0000269965   0.0000211170   0.0000298515   0.0000058896  -0.0000049695
       -0.0000047070   0.0000224040   0.0000147027   0.0000101132   0.0000718958
        0.0001598631  -0.0000243796   0.0000453043   0.0000110600  -0.0000699545
       -0.0004348848   0.0001863401   0.0009813089  -0.0001701495   0.0000225191
        0.0002109069  -0.1617763219   0.1796156573  -0.0530256915  -0.0000013863
       -0.0000134450   0.0000030204  -0.0000100726  -0.0000128527  -0.0000170140
        0.0000148573  -0.0000023365  -0.0000112247   0.0000123604   0.0000105014
       -0.0000212557  -0.0000362486   0.0000404352  -0.0000070502  -0.0000171297
       -0.0000139382  -0.0000138876  -0.0000244869  -0.0000294065   0.0000132504
        0.0000153891  -0.0000333617   0.0000133047   0.0000226966  -0.0000134452
       -0.0000395185   0.0000758122   0.0001366726   0.0000378875  -0.0000165901
        0.0000003008   0.0000046223  -0.0000194961  -0.0000057013   0.0000013070
        0.0000241594  -0.0000136342  -0.0000197447   0.0000030141  -0.0000016778
        0.0000006794  -0.0000186405   0.0000132091   0.0000203188   0.0009765772
       -0.0025719175   0.0000011106   0.0201958730  -0.0200486335   0.0035537923
       -0.0002599320  -0.0061795883   0.0050489376   0.0000796973  -0.0004282133
       -0.0001728805  -0.0028618696   0.0031226931  -0.0019296244  -0.0006522493
       -0.0032077247   0.0002408369   0.0000035116  -0.0000415381   0.0000299474
       -0.0000316716  -0.0000589781  -0.0001292515   0.0001247908   0.0000244257
        0.0001212208   0.1535492838  -0.1562243287   0.0477531419  -0.0058172705
        0.0059047669  -0.0034396679  -0.0011493368  -0.0000601421   0.0000440509
       -0.0002575463   0.0000545949   0.0004064128  -0.0026818905  -0.0002465997
        0.0008560147
       -0.0000632651   0.0000235460  -0.0000855290   0.0000643479  -0.0000262026
       -0.0000084243   0.0000143131  -0.0000272173  -0.0000273894   0.0000067251
        0.0001102775   0.0001069353   0.0000858657  -0.0000084778  -0.0000206133
       -0.0000198198   0.0000397872   0.0000056535  -0.0000687799   0.0000160906
        0.0000032810   0.0000757435  -0.0000219392  -0.0001982980  -0.0006958969
        0.0005664870   0.0002698035   0.0000309109  -0.0000500634   0.0000787969
       -0.0000525503   0.0000210002  -0.0000046985   0.0000039544   0.0000063353
       -0.0000025176  -0.0000045777   0.0000132280   0.0000004922   0.0000041083
        0.0000170557   0.0000468089  -0.0000198215   0.0000146350  -0.0000066951
       -0.0000146877   0.0000162862  -0.0000301335  -0.0000111718  -0.0000027693
       -0.0000163659   0.0000067906   0.0000002742   0.0000104593  -0.0000028107
       -0.0000054343   0.0000135536   0.0000070923  -0.0000057486  -0.0000007442
        0.0000261962  -0.0000387468  -0.0000780538   0.0000096409  -0.0000468947
       -0.0000179918  -0.0000124295  -0.0000213630  -0.0000069191  -0.0000374064
       -0.0002179929   0.0000194164  -0.0000450414   0.0000611043  -0.0000987706
        0.0012519276   0.0002980721  -0.0009107274  -0.0002590394  -0.0001611951
       -0.0000459482   0.0412802645  -0.0530256915   0.0343781701  -0.0000016430
       -0.0000119808  -0.0000107592   0.0000148567  -0.0000188316   0.0000136534
        0.0000073768  -0.0000153700  -0.0000065048   0.0000370887  -0.0000208318
       -0.0000596080   0.0000096381   0.0000108040   0.0000886141  -0.0000516477
       -0.0000147042  -0.0000487634   0.0000161845  -0.0000039760  -0.0000200752
       -0.0000245154   0.0000341519  -0.0000206382   0.0000507763  -0.0000656054
       -0.0000766572  -0.0000182031   0.0000562808   0.0001675036   0.0000049667
        0.0000020463   0.0000062129   0.0000019015   0.0000004344   0.0000121234
       -0.0000149091  -0.0000075680  -0.0000205274   0.0000066411   0.0000040522
        0.0000081783   0.0000031653   0.0000021946   0.0000175341  -0.0006118594
        0.0015795430  -0.0013386373  -0.0080153577   0.0026448781  -0.0068443266
        0.0004496680   0.0051697082   0.0047662824  -0.0001859466   0.0002997923
        0.0001960357  -0.0015949501  -0.0056789114   0.0004813610   0.0020901480
        0.0029587535  -0.0022084126   0.0000606122   0.0000773221  -0.0000602129
       -0.0000086346  -0.0000779650  -0.0000875017  -0.0001052802   0.0000204568
       -0.0000652566  -0.0428381995   0.0517570175  -0.0275127471   0.0061955907
       -0.0069480226  -0.0011008636  -0.0006807889   0.0001413013   0.0002907462
        0.0011584899  -0.0002162374   0.0000818021   0.0024842480   0.0007768245
       -0.0000221064
        0.0000393013  -0.0002128853  -0.0020064407   0.0002126117  -0.0001064813
       -0.0001848301  -0.0000917607  -0.0000595925  -0.0000082183   0.0000892755
       -0.0000165577  -0.0000353058  -0.0000002507   0.0000611706   0.0000515867
       -0.0001138916  -0.0000432204   0.0000423276   0.0000780257  -0.0001544749
       -0.0000124249   0.0000042618   0.0000215330   0.0000048944   0.0000085609
       -0.0000079225   0.0000083476  -0.0450575790   0.0145325138   0.0098947717
        0.0022243800  -0.0172002229  -0.0071811449  -0.0030973837  -0.0037641719
        0.0000612394   0.0000495761  -0.0007581156  -0.0007752902  -0.0000222638
       -0.0000902615   0.0000690457  -0.0000252598  -0.0000328217   0.0000095605
       -0.0234702645   0.0354597149   0.0306211634   0.0002808737  -0.0000950714
       -0.0004441667  -0.0003349405   0.0002477626  -0.0001119344   0.0002086437
       -0.0001228549   0.0000970576  -0.0000097461   0.0000453160   0.0000606028
        0.0000076855   0.0000114224   0.0000147886  -0.0000129585   0.0000113336
        0.0000264102  -0.0000177576   0.0001943955  -0.0000171660  -0.0000086974
        0.0000064448   0.0000029725   0.0000118390   0.0000048509  -0.0000008156
        0.0000151753   0.0000037383   0.0000051357  -0.0000093219  -0.0000072733
       -0.0000083939   0.0000178034  -0.0000013863  -0.0000016430   0.0694272654
       -0.0271950445  -0.0294386732   0.0002234452  -0.0010286470  -0.0007852579
       -0.0002313527  -0.0000551431   0.0000997156  -0.0001969671  -0.0001947760
       -0.0000137308   0.0001930004   0.0000389070  -0.0000072469   0.0000014214
        0.0000233265  -0.0000644378  -0.0000163291   0.0000195560  -0.0000013554
        0.0000017556  -0.0000101484   0.0000145912   0.0000011877   0.0000137460
        0.0000029995   0.0000236451   0.0000036343  -0.0000102463  -0.0000449376
        0.0001522813  -0.0002112383  -0.0006051225   0.0004195959   0.0008767340
        0.0000519870  -0.0001905108   0.0012384131   0.0000018854  -0.0000344265
       -0.0001288473   0.0002416220   0.0001381086  -0.0017478543  -0.0000333660
        0.0000037207  -0.0000106774   0.0000268663  -0.0000172801   0.0000055812
       -0.0000260625   0.0000207861  -0.0000048076  -0.0000291530  -0.0000036041
        0.0000233278   0.0000754416  -0.0000348606  -0.0000186111  -0.0000405815
        0.0000255712   0.0000264052  -0.0000329145  -0.0000693167  -0.0000125425
       -0.0000056089   0.0000180392   0.0000111073   0.0000228251   0.0000214747
       -0.0000264923  -0.0000059938   0.0000078878   0.0000006210   0.0000021168
        0.0000018955  -0.0000021131   0.0000004001  -0.0000013360   0.0000000532
       -0.0000004059  -0.0000013135   0.0000030339  -0.0000020080   0.0000009941
       -0.0000005808
        0.0011487162   0.0003140388   0.0035322687  -0.0009579067  -0.0000856044
       -0.0002152340   0.0000478650  -0.0000053736  -0.0001193605   0.0001739647
        0.0000643367  -0.0000119594   0.0000375933   0.0000565196   0.0000441257
       -0.0003076999  -0.0001136511  -0.0000670297   0.0001190729  -0.0001494834
        0.0000545064   0.0000210445   0.0000165899   0.0000186875   0.0000046974
       -0.0000313852  -0.0000219061   0.0084902236  -0.1776730140  -0.0832674036
       -0.0022362262  -0.0206598233  -0.0166495494  -0.0048062150  -0.0022309218
       -0.0012278942   0.0005162958  -0.0015788551   0.0007034763  -0.0004296746
       -0.0002301945  -0.0002577188   0.0000371113  -0.0001432513   0.0001433237
        0.0247579273  -0.0053247145  -0.0165911613  -0.0004113009   0.0003894030
        0.0000821951   0.0003167398  -0.0003688442   0.0002466488   0.0001438820
        0.0005220346   0.0000850159  -0.0000091734   0.0000467913   0.0001281894
        0.0000453188   0.0000239914   0.0000359632   0.0000253285   0.0000294171
        0.0000176520   0.0000989302   0.0001615379   0.0001397459  -0.0000149846
        0.0000214720   0.0000124622   0.0000248856   0.0000025235   0.0000060884
        0.0000132720   0.0000131606   0.0000165439  -0.0000272236   0.0000017537
       -0.0000077283   0.0000197011  -0.0000134450  -0.0000119808  -0.0271950445
        0.2066740170   0.1120745871   0.0006973731   0.0003619958   0.0002916501
       -0.0001502565   0.0007338636   0.0001586055   0.0000376366   0.0000335696
        0.0000290938   0.0000876004   0.0000652324  -0.0000280798   0.0000038412
        0.0000129633  -0.0000155020  -0.0000174969   0.0000570243  -0.0000053048
       -0.0000469394  -0.0000867838   0.0000281363   0.0000121070   0.0000190788
       -0.0000018161   0.0000109858   0.0000015337  -0.0000168365   0.0000931988
       -0.0001793141  -0.0000008590   0.0002512732  -0.0007725666   0.0000872898
        0.0001872950   0.0005176835  -0.0012422093  -0.0001640456   0.0000048920
        0.0001956473  -0.0005667632  -0.0004768859   0.0015889639  -0.0000288369
        0.0001018273  -0.0000270593   0.0000461873  -0.0000960721   0.0000169463
       -0.0000388110   0.0000659845  -0.0000022609   0.0000009816  -0.0000052126
        0.0001085411   0.0000411458  -0.0004216752  -0.0001477451  -0.0000651396
        0.0002968363   0.0001591408  -0.0000571787  -0.0000370022  -0.0000247649
       -0.0000033504   0.0000208113   0.0000124945   0.0000131847  -0.0000059327
       -0.0000520357   0.0000010391   0.0000520158   0.0000038224   0.0000041246
        0.0000021357  -0.0000103463   0.0000041290   0.0000038198   0.0000021367
        0.0000030484  -0.0000030301   0.0000015797  -0.0000034541   0.0000041818
       -0.0000017826
       -0.0022032874   0.0003601538  -0.0069968541   0.0002986207   0.0002047666
       -0.0008325451  -0.0002237904  -0.0000681958  -0.0000288263   0.0002049771
       -0.0000077407   0.0000745605   0.0000419472   0.0001614983   0.0001052479
       -0.0001354687  -0.0001654504   0.0000020599   0.0001469911  -0.0002257049
        0.0000035106   0.0000073219   0.0000059316  -0.0000021001  -0.0000379672
        0.0000016172  -0.0000175474   0.0091719207  -0.0855242260  -0.0905839397
        0.0026272143  -0.0083782162   0.0057318435  -0.0007356388  -0.0018293627
        0.0022849399  -0.0002872391   0.0004160806  -0.0018660435   0.0003451013
        0.0002223138   0.0001031370  -0.0000201331   0.0001191350  -0.0000837981
        0.0206592433  -0.0188898635  -0.0040905262  -0.0002598536   0.0004605105
        0.0000624407  -0.0005303534   0.0007691390  -0.0002775353  -0.0002835784
        0.0002411025  -0.0012698283   0.0000392503   0.0000756922   0.0000329594
        0.0000155530   0.0000032440   0.0000026302   0.0000172264   0.0000212846
        0.0000207704  -0.0000832132   0.0002553417   0.0000515565  -0.0000030708
        0.0000118539   0.0000070085   0.0000004202  -0.0000026205  -0.0000019652
        0.0000026979   0.0000108043   0.0000021005  -0.0000078739   0.0000101975
       -0.0000183361  -0.0000008212   0.0000030204  -0.0000107592  -0.0294386732
        0.1120745871   0.0970886488   0.0001979490   0.0007322177  -0.0001322637
        0.0001077098   0.0003190431   0.0002280678  -0.0003251903  -0.0002860343
       -0.0000277857  -0.0000258077  -0.0000138906   0.0000290706   0.0000152025
       -0.0000103056   0.0000396065  -0.0000042839   0.0000190952  -0.0000037950
        0.0000421369   0.0000145137   0.0000171812   0.0000003306   0.0000106456
        0.0000011151  -0.0000152028   0.0000028485  -0.0000062351  -0.0000263380
        0.0000516945   0.0002060688   0.0003884135  -0.0009699165  -0.0002690431
       -0.0001687717   0.0000097108   0.0009559281   0.0000318177  -0.0000787745
        0.0001056516   0.0004679344  -0.0000934932  -0.0006793859   0.0000093664
       -0.0000290402   0.0000325519   0.0000586171   0.0000196364  -0.0000153674
       -0.0000216995  -0.0000026246   0.0000134763   0.0000189347  -0.0000055143
        0.0000495831  -0.0000594873  -0.0000480775  -0.0001164259   0.0000059934
        0.0000331874   0.0000605825  -0.0000191172   0.0000052106   0.0000126352
        0.0000054355   0.0000037602  -0.0000012142   0.0000017665  -0.0000033074
       -0.0000071634  -0.0000177757  -0.0000158629   0.0000195754   0.0000075342
       -0.0000030278  -0.0000066269  -0.0000030122  -0.0000000833  -0.0000012995
       -0.0000011158  -0.0000013908   0.0000052488   0.0000011371   0.0000028857
       -0.0000025467
        0.0002355881  -0.0001363417   0.0001679018  -0.0001099796  -0.0001191284
        0.0001254154   0.0001896607   0.0003478555  -0.0001703595  -0.0000073404
        0.0000193178  -0.0001224442  -0.0000107459  -0.0000918086  -0.0000736668
        0.0001459386   0.0001701076  -0.0000508338   0.0001104773   0.0002528008
       -0.0003490124  -0.0000510623  -0.0000260616   0.0000159013  -0.0000771678
        0.0000111557   0.0000250121  -0.0207741159   0.0084055890   0.0091336153
       -0.2313184774   0.0702025457   0.0880521614  -0.0051733279   0.0049841024
        0.0037358800   0.0011185142  -0.0007972364  -0.0018885566   0.0000626385
        0.0000884734   0.0001344093  -0.0000300899  -0.0000211586  -0.0000286820
       -0.0059663774  -0.0045210724   0.0005851762   0.0000059173  -0.0001978921
        0.0000447128  -0.0000988862   0.0000254817  -0.0001448792  -0.0000914650
        0.0000594928   0.0000689323  -0.0000687967  -0.0000236593   0.0000123062
       -0.0000324750  -0.0000358425   0.0000261794  -0.0000420524  -0.0000149331
        0.0000604200  -0.0000265820  -0.0001203664   0.0000268562  -0.0000123802
        0.0000060680   0.0000065940   0.0000050524  -0.0000048798  -0.0000030228
        0.0000175528  -0.0000211262  -0.0000128004  -0.0000515167   0.0001117753
        0.0000308867   0.0000175584  -0.0000100726   0.0000148567   0.0002234452
        0.0006973731   0.0001979490   0.2603551334  -0.0781658165  -0.1022563549
        0.0012441103  -0.0009156741   0.0029002229  -0.0002427901  -0.0003433546
       -0.0002122701   0.0003877338   0.0000808503  -0.0001132780  -0.0000103861
        0.0001061806  -0.0001057804  -0.0000128298  -0.0001250020   0.0000096357
       -0.0000103023   0.0000092583   0.0000008016  -0.0000272359  -0.0000199556
       -0.0000231909   0.0000279685  -0.0000109527  -0.0000001899   0.0000054567
        0.0000856419  -0.0000636736   0.0000725795   0.0002459478  -0.0000092130
       -0.0000386019  -0.0001316129   0.0001250830   0.0000367889   0.0000324659
       -0.0000951438   0.0001495496   0.0000549380  -0.0001216196   0.0000061112
        0.0000577746  -0.0001958006   0.0000521103  -0.0000063483   0.0000097794
       -0.0000219672   0.0000208430  -0.0000102203  -0.0005123950  -0.0002612885
        0.0000547464   0.0000233451  -0.0000724144   0.0002707179  -0.0000316493
       -0.0001116462  -0.0001381120   0.0002152210   0.0000652689   0.0003551493
        0.0000157382   0.0001431195   0.0000175226   0.0001391278   0.0000302812
       -0.0000256654  -0.0000138845  -0.0000074945   0.0000045424   0.0000076623
        0.0000017979   0.0000012580  -0.0000023708  -0.0000058901  -0.0000017506
       -0.0000020973  -0.0000007915   0.0000018194  -0.0000016316   0.0000033145
        0.0000000762
        0.0001327524   0.0000323112   0.0000949739  -0.0001317639  -0.0002165365
        0.0008263773   0.0001560405   0.0000213351   0.0001861007  -0.0000723733
       -0.0000285116   0.0000076771   0.0000548271   0.0000767404   0.0000221337
        0.0001940609   0.0000278633   0.0000330072   0.0001665410  -0.0002900281
        0.0001843893  -0.0000381801  -0.0000256861  -0.0000056680  -0.0000748630
        0.0000184314  -0.0000304578  -0.0127022687   0.0048853979   0.0053192376
        0.0711410452  -0.0685879559  -0.0364795083   0.0257069731  -0.0134666290
       -0.0135857897   0.0021551508   0.0003045657   0.0014904832  -0.0001908827
       -0.0002783776  -0.0000946741  -0.0000311365  -0.0000471151   0.0000172978
       -0.0052344110  -0.0014801599   0.0001116613  -0.0000093608  -0.0000231734
        0.0000490335   0.0000483495  -0.0001207876  -0.0001076221  -0.0001090241
       -0.0000023908  -0.0000075224   0.0000268500  -0.0001149123  -0.0000361321
       -0.0000188975  -0.0000559840  -0.0000382636  -0.0000004292  -0.0000242553
       -0.0000583864  -0.0000859410  -0.0001457057  -0.0000870757   0.0000205985
       -0.0000156954  -0.0000025226  -0.0000186384  -0.0000213379   0.0000096497
       -0.0000381097  -0.0000269834  -0.0000308969   0.0000301326   0.0000833251
        0.0000049258  -0.0000815010  -0.0000128527  -0.0000188316  -0.0010286470
        0.0003619958   0.0007322177  -0.0781658165   0.0814721827   0.0471549531
       -0.0009944964  -0.0027944960  -0.0060910415   0.0000813402   0.0004760748
        0.0003594185  -0.0009283868  -0.0003823680  -0.0000702011   0.0000965797
       -0.0000663844   0.0001272598  -0.0001276108   0.0002663984   0.0000066807
       -0.0000039719   0.0000235320  -0.0000027958   0.0000228474   0.0000331695
        0.0000194649  -0.0001006816  -0.0000437619   0.0000119409   0.0000000168
       -0.0000121985  -0.0000409108   0.0000560943   0.0000408545  -0.0000264479
        0.0001458420   0.0002266659   0.0000128235  -0.0000976267  -0.0000407395
        0.0000415893  -0.0000921855  -0.0002330737  -0.0001049635   0.0001951839
        0.0000147766   0.0000223852  -0.0000786063   0.0000325765  -0.0000166925
        0.0000850213  -0.0000549160   0.0000169806   0.0002419184  -0.0000796270
       -0.0000459942  -0.0005649555   0.0000772685  -0.0001715852   0.0001905105
       -0.0001114265  -0.0000038441  -0.0000240391   0.0006003255   0.0001610568
        0.0001094866  -0.0000199095  -0.0000749782  -0.0000475916  -0.0002271172
        0.0001821004   0.0000354841  -0.0000091752   0.0000307343  -0.0000139797
       -0.0000178893  -0.0000027846   0.0000034399   0.0000023081   0.0000008121
        0.0000019692   0.0000013298  -0.0000008169   0.0000073201  -0.0000012675
       -0.0000009581
       -0.0004299498  -0.0000182877  -0.0001836358   0.0005799186   0.0009157314
       -0.0009492633  -0.0001262161  -0.0002591570  -0.0006745550  -0.0000849873
       -0.0001685832  -0.0001165317  -0.0002601895   0.0000102684   0.0000823418
       -0.0002175503   0.0000719876   0.0001301657  -0.0000672268   0.0003932582
        0.0002420289  -0.0000054865   0.0000173741  -0.0000251686  -0.0000793782
        0.0000023840  -0.0000203706   0.0014225166  -0.0011507794   0.0000784026
        0.0872273819  -0.0356305845  -0.0738828885   0.0127868361  -0.0080891454
       -0.0065428591  -0.0003144951   0.0023562669  -0.0031589034   0.0004696464
        0.0005346978   0.0000315725  -0.0000471308   0.0002220392  -0.0001249952
       -0.0000844881  -0.0001163820   0.0022494165  -0.0000881469   0.0000294537
       -0.0000149803   0.0000191419   0.0000355242   0.0000370731   0.0000244430
       -0.0000252041  -0.0000090061   0.0000254071   0.0000316499   0.0000520591
        0.0000440047   0.0000230406   0.0000112255   0.0000627129  -0.0000319975
       -0.0000405956  -0.0000003585  -0.0000284380  -0.0000289187   0.0000264057
       -0.0000020910  -0.0000026600   0.0000307599   0.0000107174  -0.0000009332
       -0.0000269017  -0.0000451778  -0.0000170566  -0.0000672858  -0.0000167152
        0.0001500259  -0.0000073869  -0.0000170140   0.0000136534  -0.0007852579
        0.0002916501  -0.0001322637  -0.1022563549   0.0471549531   0.0749052251
        0.0026131365  -0.0062111982   0.0082425458  -0.0001417856  -0.0002605176
       -0.0000495700  -0.0007738497  -0.0002314984  -0.0000139372   0.0000047058
       -0.0000150886   0.0000623211  -0.0000658421   0.0001699674  -0.0000404841
        0.0000534724   0.0000737763  -0.0000000721   0.0000061486  -0.0000054916
       -0.0000167137  -0.0000618019  -0.0000159679   0.0000226346   0.0000257278
       -0.0000226308   0.0000210394   0.0000178486  -0.0000418179  -0.0000010622
       -0.0000606056   0.0001169022   0.0000197317  -0.0000250176  -0.0000277654
        0.0000466371   0.0000144709  -0.0001224751  -0.0000085277   0.0001258139
        0.0001830578  -0.0002499972  -0.0000944946  -0.0000705946   0.0000119115
        0.0000564026   0.0000260463  -0.0000190956   0.0002701909   0.0003292162
       -0.0002330738   0.0000491372  -0.0003135835   0.0005528699  -0.0000289791
        0.0000947167  -0.0001654775   0.0003437653  -0.0001482412  -0.0001432993
       -0.0000753624  -0.0001357077  -0.0000311813  -0.0000774116   0.0000690054
       -0.0000292893   0.0000455400   0.0000474228  -0.0000329342  -0.0000079543
        0.0000040589   0.0000049345   0.0000085193   0.0000042102  -0.0000007550
        0.0000083383   0.0000034291  -0.0000075120  -0.0000004973  -0.0000006708
        0.0000007522
        0.0002989268  -0.0002245944   0.0003179598  -0.0004664875  -0.0000194406
        0.0000207382   0.0000005475   0.0001444240   0.0001708941  -0.0000570247
       -0.0000400803  -0.0000502290   0.0000499830  -0.0000553154  -0.0000384367
        0.0000577082   0.0000178843  -0.0000162577   0.0000078596  -0.0000324002
       -0.0000821682   0.0000042383   0.0000046263  -0.0000202218   0.0000436719
       -0.0000422489   0.0000409192   0.0003931810   0.0005436625  -0.0015791717
       -0.0048167495   0.0046778339   0.0037363877  -0.2346204970   0.0686699727
        0.0855311114  -0.0224053529   0.0046661378   0.0082258182  -0.0001340360
        0.0003781920   0.0000608793   0.0001957424  -0.0001359838   0.0000635282
        0.0005362787  -0.0002176494  -0.0000514653  -0.0000431104  -0.0000562536
       -0.0000072501   0.0000593316   0.0001335759  -0.0001394259  -0.0000003533
       -0.0000182233  -0.0000179750  -0.0000619688   0.0000090172  -0.0001310156
        0.0000232418   0.0000158720   0.0000426756   0.0000130730  -0.0000173779
       -0.0000038201   0.0000089172  -0.0000167424  -0.0000033442   0.0000110592
       -0.0000002477   0.0000006706   0.0000107909   0.0000001245  -0.0000068184
        0.0000363307   0.0000090392   0.0000328966   0.0000423730  -0.0000315851
       -0.0000166413   0.0000713772   0.0000148573   0.0000073768  -0.0002313527
       -0.0001502565   0.0001077098   0.0012441103  -0.0009944964   0.0026131365
        0.2621304651  -0.0741645165  -0.0994097665   0.0006341332   0.0005985070
        0.0002333291  -0.0033268503  -0.0031004965   0.0003102790  -0.0001094405
        0.0000671293  -0.0000529032   0.0002667937  -0.0005112259  -0.0000080618
        0.0000862634  -0.0000478874   0.0000163302  -0.0000024709   0.0000497667
       -0.0000074286   0.0002007406   0.0000868316  -0.0000745185   0.0000273701
        0.0000304167   0.0000034403   0.0000425428   0.0000310446   0.0000137699
       -0.0002589045  -0.0001925569   0.0000144437   0.0000205893   0.0000672131
        0.0001122772   0.0002109805  -0.0001220389   0.0000754749  -0.0001257918
        0.0000662396   0.0000002077   0.0001179601  -0.0000652562   0.0000086056
       -0.0000967559   0.0000616400  -0.0000128558  -0.0000309288   0.0000599479
        0.0000493305   0.0002190348  -0.0002618643  -0.0000681537  -0.0001753833
        0.0001291172   0.0001175891  -0.0000139321  -0.0000820401  -0.0000503034
       -0.0000246163   0.0000050274   0.0000114211  -0.0000255990   0.0000279962
       -0.0000751103  -0.0000454197   0.0000253187  -0.0000162096   0.0000123377
        0.0000123076   0.0000023767  -0.0000008078  -0.0000093254  -0.0000017005
        0.0000014958  -0.0000029324   0.0000015677  -0.0000056158   0.0000093131
       -0.0000018918
       -0.0004047704   0.0001772093  -0.0002807999   0.0004143420   0.0001096804
       -0.0000842952  -0.0001069802  -0.0001264793  -0.0001199665   0.0000331122
       -0.0000365797  -0.0000369419  -0.0000655535   0.0000440235   0.0000412943
       -0.0000970583  -0.0000282505   0.0000322846  -0.0000310409  -0.0000188767
        0.0001100851   0.0000087952   0.0000138537   0.0000094606  -0.0000281891
       -0.0000107767  -0.0000301304   0.0026193591  -0.0012293612   0.0012779929
        0.0261073793  -0.0120539040  -0.0135331757   0.0663247586  -0.0660902427
       -0.0315748424  -0.0149244581   0.0052131152   0.0055930101  -0.0003990989
        0.0006325414  -0.0004017860   0.0000189553  -0.0001718273  -0.0000272788
       -0.0009060805   0.0014916235   0.0004872710  -0.0000098269   0.0001729960
       -0.0000110202   0.0001004863  -0.0002092690   0.0001969355   0.0000326670
       -0.0000006023   0.0000106083   0.0000471973   0.0000357293   0.0000678622
       -0.0000072219   0.0000110044   0.0000087629  -0.0000254987   0.0000170603
        0.0000045169   0.0000100915   0.0000519630   0.0000050915  -0.0000125480
        0.0000073284  -0.0000022765   0.0000017335  -0.0000014406   0.0000096481
        0.0000205085  -0.0000001079   0.0000179310  -0.0000512344   0.0000399160
       -0.0000026169  -0.0000108075  -0.0000023365  -0.0000153700  -0.0000551431
        0.0007338636   0.0003190431  -0.0009156741  -0.0027944960  -0.0062111982
       -0.0741645165   0.0760176325   0.0440004536  -0.0003069280   0.0005499210
        0.0002876069  -0.0030468254  -0.0017662002  -0.0003542278   0.0001018372
       -0.0000387910  -0.0001318925   0.0000100205  -0.0002639255   0.0001348448
        0.0000180352  -0.0000124074   0.0000097178  -0.0000217414   0.0000369441
        0.0000243342   0.0001065295  -0.0000334140  -0.0000370372  -0.0000206590
       -0.0001005044   0.0000308243  -0.0000167801  -0.0001764123  -0.0000099566
        0.0002431452   0.0004804376  -0.0001465804  -0.0000913456  -0.0001007128
        0.0001247821  -0.0005234668  -0.0005501546   0.0001475315   0.0000718672
       -0.0000069684   0.0000024599  -0.0000200914   0.0000016781  -0.0000032914
        0.0000155026  -0.0000045349   0.0000076345   0.0000727736  -0.0000020333
        0.0000169898  -0.0000912723  -0.0001432653  -0.0001653779   0.0000021291
        0.0000835990   0.0001167404  -0.0000578893   0.0000530280   0.0000803363
        0.0000168514   0.0000111214  -0.0000027573   0.0000071441  -0.0000142466
       -0.0000054894   0.0000137059   0.0000025002   0.0000165479  -0.0000068419
       -0.0000004790  -0.0000046649   0.0000007485   0.0000023325   0.0000022358
        0.0000005826  -0.0000013822  -0.0000011613  -0.0000007161  -0.0000011198
       -0.0000007026
       -0.0000741082   0.0003430467  -0.0003255458   0.0002135151  -0.0000468851
        0.0000178889   0.0000595824  -0.0001057429  -0.0000640300  -0.0000270881
       -0.0000288730   0.0000141201  -0.0000585529  -0.0000303090   0.0000001468
       -0.0000201625   0.0000205305   0.0000401867  -0.0000467320   0.0000524801
        0.0000423123  -0.0000035309   0.0000028979   0.0000035243  -0.0000212002
        0.0000031691  -0.0000152399   0.0004474567   0.0014806132  -0.0043219789
        0.0127887097  -0.0083743332  -0.0057810990   0.0845734174  -0.0306214178
       -0.0738787057   0.0007632821  -0.0009203007   0.0012154382  -0.0005287883
       -0.0003785817   0.0005804804   0.0000001073  -0.0001302510   0.0001044974
       -0.0008691374   0.0005761211   0.0011181267  -0.0000283866  -0.0000139438
       -0.0000030510  -0.0000853150   0.0000568194   0.0001246468  -0.0000194191
        0.0000087497  -0.0000649256  -0.0000434515   0.0000619988   0.0000746133
        0.0000116636   0.0000168261   0.0000006368  -0.0000002469   0.0000016342
       -0.0000056676   0.0000039173   0.0000128450  -0.0000099276  -0.0000037634
        0.0000009910  -0.0000023291   0.0000072793   0.0000024741   0.0000101285
        0.0000014121  -0.0000053995  -0.0000040891  -0.0000459011   0.0000239992
        0.0000151253  -0.0000153306  -0.0000112247  -0.0000065048   0.0000997156
        0.0001586055   0.0002280678   0.0029002229  -0.0060910415   0.0082425458
       -0.0994097665   0.0440004536   0.0703603675  -0.0003815114   0.0001495286
        0.0005139981  -0.0002897158  -0.0004062899   0.0016993341   0.0000494896
       -0.0000645467  -0.0000371499  -0.0000246963   0.0003313146  -0.0000523959
       -0.0000156406  -0.0000446282  -0.0000150538  -0.0000198564  -0.0000038566
        0.0000121859  -0.0000217665  -0.0000164242  -0.0000074806  -0.0000004454
        0.0000046819   0.0000145303   0.0000315345  -0.0000031809   0.0000116301
       -0.0000939107  -0.0001655269  -0.0001599757   0.0001644474   0.0000441904
       -0.0000710131  -0.0000188324   0.0001002853   0.0003533983   0.0000509851
        0.0000507720  -0.0000526689  -0.0000564788  -0.0000197786   0.0000084991
        0.0000317325  -0.0000005278   0.0000000339   0.0000315107  -0.0000208251
       -0.0000162715  -0.0000481179  -0.0001368903   0.0000301266   0.0000195494
        0.0000818901   0.0000087980  -0.0000003156   0.0000403681   0.0000443479
        0.0000042479  -0.0000037942  -0.0000003531  -0.0000026266  -0.0000023399
        0.0000049357   0.0000250190   0.0000197663   0.0000036475  -0.0000087114
       -0.0000024101  -0.0000017606   0.0000030989   0.0000045396   0.0000020962
        0.0000020905   0.0000005852  -0.0000037089  -0.0000004802  -0.0000028540
        0.0000005109
        0.0002264104  -0.0003519944   0.0004076994  -0.0004060850  -0.0000282184
        0.0000019156   0.0000777513  -0.0000560759  -0.0001120931   0.0000832855
        0.0000972919   0.0000930258  -0.0000475095  -0.0000099666   0.0000294496
       -0.0000469741  -0.0000228726  -0.0000271143   0.0000652139  -0.0000427397
       -0.0000333018   0.0000042671   0.0000145048  -0.0000055591   0.0000577815
        0.0000241052   0.0000122868   0.0014596312  -0.0004500431   0.0008086554
       -0.0029997208  -0.0030926546  -0.0003002225  -0.0038475172  -0.0109660345
       -0.0216042384  -0.0470434650  -0.0049166766  -0.0165738991   0.0007450154
        0.0000431748  -0.0062147439   0.0002376960   0.0000395101   0.0007273526
       -0.0002692142   0.0001022507   0.0001288734  -0.0000866244  -0.0000433447
        0.0000410544   0.0000264569  -0.0000784114  -0.0000764389   0.0000333545
        0.0000837932   0.0000040058   0.0000642283  -0.0000434749   0.0000684038
       -0.0000668867   0.0000547580  -0.0000517265   0.0000011182  -0.0000180788
       -0.0000182244  -0.0000102457   0.0000196655   0.0000094492   0.0000007922
       -0.0000201480  -0.0000052169  -0.0000055634   0.0000118033  -0.0000084660
       -0.0000171570   0.0000268338   0.0000512957   0.0000104812  -0.0000366053
       -0.0000158516   0.0000262767   0.0000123604   0.0000370887  -0.0001969671
        0.0000376366  -0.0003251903  -0.0002427901   0.0000813402  -0.0001417856
        0.0006341332  -0.0003069280  -0.0003815114   0.0511156084   0.0084183455
        0.0201405922   0.0000037453   0.0111809451   0.0251833975   0.0004487977
        0.0006132263  -0.0010197157   0.0000630405  -0.0002302383  -0.0007088576
       -0.0000990510  -0.0000170959  -0.0000461413   0.0001419142  -0.0002675623
       -0.0000333514  -0.0001205020   0.0001255757   0.0001239337   0.0000237510
        0.0000055622  -0.0000311660   0.0000708583   0.0000466519  -0.0000225950
        0.0000449983   0.0001714721   0.0002065975  -0.0000799756  -0.0000507737
       -0.0000108801   0.0000586395  -0.0001034616  -0.0002552030  -0.0000789476
       -0.0000156817   0.0000382095  -0.0000143819  -0.0000538782   0.0000229094
        0.0000036046   0.0000167533  -0.0000115899  -0.0000563082   0.0000123395
        0.0000499192   0.0002537866  -0.0001758192  -0.0000194579  -0.0001216428
        0.0001690090   0.0000397326  -0.0000462025  -0.0000881986  -0.0000460791
       -0.0000369653   0.0000055686   0.0000179972  -0.0000324533   0.0000505888
       -0.0000960174  -0.0000062899   0.0000160828  -0.0000556967  -0.0000075577
        0.0000067285   0.0000156110  -0.0000000832  -0.0000016713   0.0000014406
        0.0000049594   0.0000005804  -0.0000082629  -0.0000005159   0.0000001903
       -0.0000002990
        0.0002073506  -0.0001243386   0.0002146537  -0.0004104928  -0.0000515700
       -0.0000466505   0.0001521641  -0.0001004891  -0.0003147723   0.0000040820
       -0.0000133871  -0.0000928282   0.0000799522   0.0000220264   0.0000112191
       -0.0000693177   0.0000124798   0.0000356100   0.0000795208   0.0000183901
        0.0000345810  -0.0000149613   0.0000102764   0.0000342929  -0.0000207160
       -0.0000192471  -0.0000369709  -0.0000616456  -0.0012017469   0.0012237256
       -0.0026796872  -0.0009241872   0.0004626147  -0.0073769394  -0.0137027953
       -0.0199079650  -0.0028724262  -0.0654271984  -0.0806954578   0.0021710727
        0.0047412409   0.0227479573   0.0005545304   0.0009536893   0.0006088743
        0.0002826819  -0.0000135683  -0.0001825043   0.0000147980   0.0000223913
        0.0000161845  -0.0000633962  -0.0000765864  -0.0000226727   0.0000218510
        0.0000728546  -0.0000059791  -0.0002041844  -0.0001208132   0.0002667982
        0.0001769481   0.0000567789   0.0000755119  -0.0000147659   0.0000437743
        0.0000277452  -0.0000091642   0.0000612920   0.0000416993  -0.0000337280
        0.0000147891   0.0000116536   0.0000119843  -0.0000068213   0.0000160675
        0.0000419981   0.0000284970  -0.0000330545  -0.0000000843   0.0000346689
       -0.0000118596  -0.0000349358   0.0000105014  -0.0000208318  -0.0001947760
        0.0000335696  -0.0002860343  -0.0003433546   0.0004760748  -0.0002605176
        0.0005985070   0.0005499210   0.0001495286   0.0084183455   0.0830702373
        0.0875893276   0.0012411350  -0.0059209684  -0.0154750806   0.0005898048
       -0.0031178011   0.0039255542  -0.0002384551   0.0009342002   0.0002750764
        0.0000899543   0.0001188139  -0.0001040528  -0.0001628939  -0.0003006605
       -0.0001421333  -0.0000392494  -0.0001276701  -0.0001185990  -0.0000135387
       -0.0000078191  -0.0000086990  -0.0000054546  -0.0000195043  -0.0000119678
        0.0001139327   0.0000987767   0.0000845741  -0.0000555981  -0.0000287832
       -0.0000070927  -0.0000245440  -0.0000278140  -0.0000991577   0.0000494731
       -0.0001006990   0.0000586280   0.0000144331   0.0000812171  -0.0000203787
       -0.0000003629  -0.0000389909   0.0000223927   0.0000427903  -0.0000147117
       -0.0000126971  -0.0001503970   0.0002831085  -0.0001316013   0.0000946077
       -0.0002222792  -0.0000228473   0.0000056531   0.0000805589   0.0000238584
        0.0000223557  -0.0000010466  -0.0000005175   0.0000329516  -0.0000693326
        0.0000738443  -0.0000058623  -0.0000363148   0.0000410634  -0.0000026999
       -0.0000095743  -0.0000050185  -0.0000062814   0.0000003950   0.0000002854
       -0.0000056646  -0.0000012494   0.0000056606   0.0000026996  -0.0000025551
       -0.0000010408
        0.0002310168  -0.0000843119   0.0002018776  -0.0002773189  -0.0000930220
       -0.0000213979  -0.0000368109   0.0000235684  -0.0000908675   0.0000846533
       -0.0000523375  -0.0001038484   0.0000102672   0.0000157497   0.0000213629
       -0.0000794015  -0.0000206626   0.0000001087   0.0000955102  -0.0000175473
       -0.0000086703   0.0000073250   0.0000068610   0.0000271977   0.0000262990
       -0.0000791381  -0.0000747551   0.0003541961   0.0001076197   0.0000539804
       -0.0010576919   0.0000083104  -0.0000426994  -0.0023525089  -0.0049209789
       -0.0036434990  -0.0147890294  -0.0788698981  -0.2380291088  -0.0030582114
       -0.0013932706  -0.0256112059  -0.0001872558  -0.0009312196   0.0008343714
       -0.0001428659  -0.0000008085   0.0001289187  -0.0000248984  -0.0000224017
        0.0000343528  -0.0000125655  -0.0000364512  -0.0000152927   0.0000252234
        0.0000626243  -0.0000229544  -0.0000438500   0.0000907014   0.0001074603
        0.0000386301   0.0000506994   0.0000663287  -0.0000050200   0.0000220837
        0.0000062591   0.0000017549   0.0000307278   0.0000108095  -0.0000191709
        0.0000277550  -0.0000014014   0.0000102311  -0.0000016394   0.0000207755
        0.0000533322   0.0000002876   0.0000123115  -0.0000207232   0.0000539268
       -0.0000074750  -0.0000143816  -0.0000212557  -0.0000596080  -0.0000137308
        0.0000290938  -0.0000277857  -0.0002122701   0.0003594185  -0.0000495700
        0.0002333291   0.0002876069   0.0005139981   0.0201405922   0.0875893276
        0.2784277943   0.0017500226  -0.0060103953  -0.0112298848  -0.0011420535
        0.0040189858  -0.0028503413   0.0001161277  -0.0006313616   0.0007834614
       -0.0000757957  -0.0003677759   0.0003532857   0.0003179689   0.0007169776
        0.0004182801   0.0000597577  -0.0000662870  -0.0002405276   0.0000026004
        0.0000011742  -0.0000139259   0.0000299022   0.0000277418  -0.0000301402
        0.0000343522   0.0000823488   0.0001002623  -0.0000334892  -0.0000321522
       -0.0000089500   0.0000128004  -0.0000449801  -0.0001359612   0.0000352932
        0.0000319802   0.0000715999  -0.0000325203  -0.0000420760   0.0000111702
       -0.0000128496   0.0000230613   0.0000075523   0.0000910909   0.0000137488
        0.0000471060  -0.0001819585  -0.0001498850  -0.0003769654   0.0000361933
        0.0000970959   0.0002635375   0.0000262350   0.0001008021   0.0000228781
        0.0000195074   0.0000032993   0.0000257663  -0.0000338870  -0.0000364797
        0.0000870336   0.0000275062   0.0000418211   0.0000505312  -0.0000044894
       -0.0000022308  -0.0000231489   0.0000029166   0.0000077991   0.0000059213
       -0.0000027849  -0.0000014604   0.0000027318  -0.0000071022  -0.0000031707
        0.0000009600
        0.0003144332  -0.0000531633   0.0001299644  -0.0004949464  -0.0002260655
        0.0000209941   0.0000019109   0.0000992861  -0.0000320868   0.0001423842
        0.0000812009  -0.0000236224   0.0001342235   0.0000284719  -0.0000262955
        0.0000079572  -0.0000224631  -0.0000311261   0.0000745019  -0.0000355153
       -0.0000822903  -0.0000013179  -0.0000148479  -0.0000010935  -0.0000408251
        0.0001236474   0.0000106775  -0.0005843099   0.0004332715   0.0004032598
        0.0011383076   0.0020758229   0.0006080975  -0.0289512835   0.0067275526
        0.0078182892  -0.2114582122   0.0904891244   0.0516237001  -0.0068863335
        0.0069467159  -0.0002528603   0.0009388591  -0.0009755030   0.0003267438
        0.0008130124  -0.0002559753  -0.0003431095   0.0000566531  -0.0000302502
       -0.0000109581  -0.0000766195   0.0000650457  -0.0000260215  -0.0000068508
        0.0000470292  -0.0000169513  -0.0001154905   0.0000117792   0.0000708326
        0.0000417101   0.0000077355  -0.0000304493  -0.0000113930   0.0000169127
        0.0000230831  -0.0000108581   0.0000148648   0.0000319186  -0.0000248289
       -0.0000100131   0.0000343968  -0.0000231876  -0.0000195570  -0.0000154265
       -0.0000701835  -0.0000245445  -0.0001641961   0.0000773152  -0.0000456927
        0.0000025098  -0.0000327849  -0.0000362486   0.0000096381   0.0001930004
        0.0000876004  -0.0000258077   0.0003877338  -0.0009283868  -0.0007738497
       -0.0033268503  -0.0030468254  -0.0002897158   0.0000037453   0.0012411350
        0.0017500226   0.2482868902  -0.1034449313  -0.0603249725   0.0000286381
       -0.0002374173   0.0000644004   0.0000608750   0.0010290354  -0.0012241682
       -0.0000608685  -0.0002732711   0.0001098550  -0.0001108670   0.0000745283
       -0.0000044702   0.0004039320  -0.0001562416   0.0000514140  -0.0000146833
        0.0000290598  -0.0000036102  -0.0000240176   0.0000208687   0.0000126390
       -0.0000191606  -0.0001779940  -0.0000202614   0.0000511906   0.0000449171
       -0.0000555416   0.0000403819   0.0001536401   0.0000895021  -0.0002071682
        0.0000683844   0.0000304861   0.0000888035   0.0000195572  -0.0000414912
       -0.0000030518  -0.0000045364   0.0000008028  -0.0001305860   0.0000560061
        0.0001602289   0.0002163574   0.0007899910   0.0006998433  -0.0007689617
       -0.0006087469  -0.0000647123   0.0000445015  -0.0001609161  -0.0000961522
       -0.0001778049   0.0000177270   0.0000018822   0.0001009256   0.0000374278
       -0.0001356434  -0.0000294232  -0.0000384136   0.0000268542   0.0000174005
       -0.0000129028   0.0000036418  -0.0000059768  -0.0000048752  -0.0000056222
       -0.0000039038   0.0000001760   0.0000102505   0.0000071050   0.0000067832
       -0.0000034224
       -0.0000486496  -0.0000033711  -0.0000028725  -0.0000707961  -0.0000202234
       -0.0000073582  -0.0001122789  -0.0000433643   0.0000876344   0.0000968119
        0.0000699919   0.0001301278   0.0001418751  -0.0000401374  -0.0000420520
        0.0000339637  -0.0000537042  -0.0000531391  -0.0000477162  -0.0000377052
       -0.0000598061   0.0000345713  -0.0000257737   0.0000065660   0.0001229635
        0.0000722715   0.0000258327  -0.0000017056   0.0000235493   0.0001431039
       -0.0017739864   0.0011871803   0.0012759419  -0.0162153767   0.0070560745
        0.0043908127   0.0905202066  -0.0907299923  -0.0306642864   0.0209325651
       -0.0155780668  -0.0026888407   0.0009612241   0.0005327891  -0.0003393476
        0.0001090937  -0.0001078880  -0.0000859638   0.0000026611   0.0000064611
        0.0000012869   0.0000097310   0.0000118947  -0.0000342910   0.0000070621
       -0.0000059547  -0.0000017573  -0.0000079899   0.0000321945  -0.0000269919
       -0.0000135929   0.0000549216  -0.0000363333   0.0000000011   0.0000132728
       -0.0000040492  -0.0000051371   0.0000092467  -0.0000027691  -0.0000104527
       -0.0000361237  -0.0000043168  -0.0000209180   0.0000014185   0.0000060628
       -0.0000480316   0.0001142546  -0.0000436515   0.0001098225  -0.0001298752
       -0.0000630654  -0.0001642063   0.0000404352   0.0000108040   0.0000389070
        0.0000652324  -0.0000138906   0.0000808503  -0.0003823680  -0.0002314984
       -0.0031004965  -0.0017662002  -0.0004062899   0.0111809451  -0.0059209684
       -0.0060103953  -0.1034449313   0.1087976181   0.0317337744  -0.0001952845
        0.0007668810  -0.0005925607   0.0012278657  -0.0039393270   0.0036781257
       -0.0001055145   0.0004038656  -0.0001946982   0.0000574548  -0.0001214475
       -0.0001012518  -0.0008302162  -0.0004738519   0.0005471081   0.0000015416
       -0.0000034456  -0.0000089611   0.0000003077  -0.0000022595   0.0000080210
       -0.0000118793   0.0000044792  -0.0000030752  -0.0000014895  -0.0000050086
       -0.0000029985   0.0000253275  -0.0000014588   0.0000129081   0.0000357836
       -0.0007164652   0.0003602788  -0.0001256908   0.0001549401  -0.0000257975
        0.0001030431  -0.0001317539   0.0000321146  -0.0000426442  -0.0000893654
       -0.0002408911  -0.0001016169   0.0019424729   0.0001514375   0.0007097716
       -0.0006764348  -0.0006423269  -0.0000811750  -0.0001499388  -0.0001683966
        0.0000234764  -0.0000880908  -0.0000005839  -0.0000097168   0.0000181838
        0.0001881299   0.0000302957  -0.0000675641  -0.0000006922  -0.0000224090
       -0.0000290490   0.0000193732  -0.0000032833   0.0000014005  -0.0000010775
       -0.0000000454   0.0000041614  -0.0000031244   0.0000191085  -0.0000080141
       -0.0000000427
       -0.0001501009  -0.0000054360  -0.0001024596   0.0002115758   0.0001121778
        0.0000315541   0.0001392867  -0.0000257585  -0.0000237454  -0.0000203864
        0.0001062661   0.0001443779  -0.0001685168   0.0000443402   0.0000827868
        0.0000203891   0.0000222000  -0.0000015108  -0.0000494717   0.0000149722
        0.0000228550  -0.0000237305   0.0000084560  -0.0000638624  -0.0000045703
        0.0001495378   0.0001044718   0.0004074687  -0.0000270646  -0.0000152598
       -0.0013328716  -0.0000208701  -0.0002604850   0.0018663486   0.0016977472
        0.0008649602   0.0505499543  -0.0312420452  -0.0622981890  -0.0145196343
        0.0106331512   0.0037521076  -0.0004894647  -0.0003178417   0.0002756463
       -0.0002417401   0.0000557455   0.0000661336  -0.0000479238  -0.0000100670
        0.0000022665   0.0000458395  -0.0000221781  -0.0000115333  -0.0000063613
       -0.0000111714   0.0000122104   0.0001108684  -0.0000885094  -0.0000621936
       -0.0001230008  -0.0000920124  -0.0001702742   0.0000075483  -0.0000536082
       -0.0000420153  -0.0000068304  -0.0000364517  -0.0000273932   0.0000342206
       -0.0000402368  -0.0000078914  -0.0000138586   0.0000190210  -0.0000414831
       -0.0001811228  -0.0000833824  -0.0000270243  -0.0000289360  -0.0000526788
        0.0000322475   0.0000735257  -0.0000070502   0.0000886141  -0.0000072469
       -0.0000280798   0.0000290706  -0.0001132780  -0.0000702011  -0.0000139372
        0.0003102790  -0.0003542278   0.0016993341   0.0251833975  -0.0154750806
       -0.0112298848  -0.0603249725   0.0317337744   0.0687609430  -0.0006183508
        0.0001621778   0.0006502317  -0.0011737021   0.0035818547  -0.0015434508
       -0.0000735481  -0.0000998744  -0.0000241363   0.0001511312  -0.0001095476
       -0.0002038577   0.0001469702   0.0001870594   0.0001546445   0.0000154952
       -0.0000037833  -0.0000058865   0.0000261354   0.0000125555   0.0000015670
       -0.0000094962   0.0000633997   0.0000273731  -0.0000274868  -0.0000121437
        0.0000125019   0.0000112459  -0.0000580816  -0.0000481925  -0.0000515478
        0.0002370371  -0.0001700035  -0.0000381359  -0.0001434127   0.0000056703
        0.0000277232   0.0000522134  -0.0000278527  -0.0001169689  -0.0000540404
       -0.0001341945   0.0008473199  -0.0010499683   0.0005213665   0.0000196640
        0.0006708075  -0.0002646799  -0.0000974297  -0.0002478596  -0.0000849351
       -0.0000710146   0.0000486644   0.0000190626  -0.0000811592   0.0001655643
       -0.0003585833  -0.0000106654   0.0000401889  -0.0001049974  -0.0000003874
        0.0000198951   0.0000211079   0.0000061339  -0.0000023040  -0.0000010132
        0.0000138150   0.0000036668  -0.0000126154  -0.0000024248   0.0000024935
        0.0000004364
       -0.0000656545   0.0000604069  -0.0000770444   0.0000872655   0.0000106404
        0.0000000561  -0.0000174979  -0.0000071701  -0.0000057422   0.0000124916
       -0.0000128086  -0.0000172959   0.0000149708   0.0000078252   0.0000003116
        0.0000036429  -0.0000037139   0.0000080349  -0.0000035648   0.0000051127
        0.0000086219  -0.0000001629  -0.0000020256   0.0000204111  -0.0000050537
       -0.0000227386  -0.0000303477  -0.0001021988  -0.0001450358  -0.0000364940
        0.0001139279   0.0000457658  -0.0000370518   0.0001905097  -0.0004978125
        0.0006817910   0.0002287676  -0.0008851961  -0.0053964943  -0.0479677104
       -0.0062562928  -0.0221239984  -0.0053445127  -0.0117958097  -0.0223774731
       -0.0000638869   0.0000449966  -0.0000145779   0.0000059979   0.0000165411
       -0.0000066884  -0.0000068651   0.0000022449   0.0000113263  -0.0000042332
       -0.0000113443  -0.0000015546  -0.0000108377   0.0000021114   0.0000065196
        0.0000030273  -0.0000034190   0.0000046126  -0.0000065990   0.0000069882
        0.0000040386  -0.0000001498  -0.0000001778  -0.0000012816  -0.0000033506
        0.0000031561   0.0000022915   0.0000023716  -0.0000119627   0.0000155150
       -0.0000004826   0.0000022642   0.0000001528   0.0000043275   0.0000184861
       -0.0000107005  -0.0000646499  -0.0000171297  -0.0000516477   0.0000014214
        0.0000038412   0.0000152025  -0.0000103861   0.0000965797   0.0000047058
       -0.0001094405   0.0001018372   0.0000494896   0.0004487977   0.0005898048
       -0.0011420535   0.0000286381  -0.0001952845  -0.0006183508   0.0546786311
        0.0110444198   0.0270222292   0.0006375791   0.0111572784   0.0256572383
        0.0005954953   0.0004773501  -0.0001361719  -0.0039021573  -0.0039164343
       -0.0009897938   0.0005549054  -0.0000676388  -0.0007342919  -0.0000024606
       -0.0000056162   0.0000013073  -0.0000064958  -0.0000159251   0.0000083089
        0.0000016222  -0.0000022257  -0.0000227124   0.0000034989   0.0000008206
        0.0000023541  -0.0000080599   0.0000029950   0.0000320813   0.0001064507
       -0.0001100912   0.0001444737  -0.0000549289  -0.0000023533  -0.0000049598
        0.0000438763  -0.0000214166   0.0000138035   0.0000864804   0.0001050637
       -0.0000631804  -0.0003776738   0.0002878334  -0.0004141390   0.0002463824
       -0.0001232999   0.0001919699   0.0000634514   0.0000283831   0.0000215010
        0.0000807873  -0.0000953228   0.0000098750  -0.0001444418   0.0000975798
        0.0003382546   0.0000380859   0.0000175272   0.0000492550  -0.0000089155
       -0.0000115491  -0.0000152603   0.0000055315   0.0000045677   0.0000023044
       -0.0000009848  -0.0000011198   0.0000022179   0.0000044199  -0.0000015070
       -0.0000009486
        0.0000139928   0.0000336792  -0.0000535446  -0.0000001549   0.0000156834
        0.0000011902   0.0000030608  -0.0000147006   0.0000302868  -0.0000215571
       -0.0000007516   0.0000151289  -0.0000071491  -0.0000038393  -0.0000034007
        0.0000030130  -0.0000109214  -0.0000110780  -0.0000088514   0.0000023202
       -0.0000052202   0.0000134548  -0.0000034401  -0.0000069859   0.0000036395
        0.0000025931  -0.0000094029  -0.0000994859  -0.0000624602   0.0000798116
        0.0000910575   0.0001344153  -0.0001494166   0.0005007343   0.0008846254
        0.0011881851   0.0019659981   0.0045070674   0.0225380511  -0.0057218917
       -0.0704680736  -0.0764763275  -0.0060245749  -0.0097003181  -0.0185824065
        0.0000818671   0.0000185962  -0.0000425634   0.0000039117   0.0000074218
       -0.0000017600   0.0000089648   0.0000135094  -0.0000025427  -0.0000044558
       -0.0000147109   0.0000001827   0.0000191588   0.0000196377  -0.0000244191
       -0.0000227916  -0.0000014473  -0.0000084142   0.0000022956  -0.0000019943
       -0.0000030122   0.0000018782  -0.0000076938  -0.0000055330   0.0000001237
        0.0000006032   0.0000001345  -0.0000055662  -0.0000006078  -0.0000039133
       -0.0000207595  -0.0000070097   0.0000003486   0.0000047481  -0.0000142428
        0.0000120418   0.0000006182  -0.0000139382  -0.0000147042   0.0000233265
        0.0000129633  -0.0000103056   0.0001061806  -0.0000663844  -0.0000150886
        0.0000671293  -0.0000387910  -0.0000645467   0.0006132263  -0.0031178011
        0.0040189858  -0.0002374173   0.0007668810   0.0001621778   0.0110444198
        0.0853554465   0.0852746930   0.0008735023  -0.0064592492  -0.0172106848
        0.0002093769   0.0000658696  -0.0004635238  -0.0041198285  -0.0024460224
       -0.0003810300   0.0006175368   0.0005238355   0.0001836724  -0.0000001715
       -0.0000030116  -0.0000042607  -0.0000052417  -0.0000047782   0.0000062155
       -0.0000099914  -0.0000090206  -0.0000074961   0.0000019388   0.0000000587
       -0.0000017281   0.0000033655   0.0000062170   0.0000128581  -0.0000106507
        0.0000099568  -0.0000168529   0.0000099900  -0.0000354448  -0.0000037353
       -0.0000120067   0.0000190714  -0.0000004489  -0.0000418522  -0.0000264948
        0.0000261563   0.0000092004  -0.0000091859   0.0000469121  -0.0000057756
        0.0000775940   0.0000584402   0.0000139993  -0.0001514082   0.0000266147
       -0.0000463752   0.0000239634  -0.0000078025   0.0001064157   0.0001714855
       -0.0000928647   0.0000026743   0.0000197411   0.0000086576   0.0000047897
        0.0000005737  -0.0000097417   0.0000024690  -0.0000006566   0.0000005748
       -0.0000001984  -0.0000006173   0.0000033662  -0.0000013108   0.0000012062
        0.0000000695
        0.0000282981  -0.0000184793   0.0000761003  -0.0000321630   0.0000160142
       -0.0000082487   0.0000224218  -0.0000002710  -0.0000474527  -0.0000022015
       -0.0000374326  -0.0000523377   0.0000232091   0.0000204432   0.0000128599
       -0.0000083996   0.0000033148   0.0000176882   0.0000137372  -0.0000101841
        0.0000134819  -0.0000162132  -0.0000083274   0.0000154121  -0.0000271979
       -0.0000282766  -0.0000275920  -0.0002834613   0.0000382726  -0.0002631876
        0.0001195664   0.0002458271   0.0003475314  -0.0002344391  -0.0009350199
       -0.0004586328  -0.0021001655  -0.0013330581  -0.0233325511  -0.0222650472
       -0.0762988796  -0.2418867408  -0.0023944353  -0.0033006825  -0.0031954895
        0.0001007831  -0.0001310043   0.0000869851   0.0000265668   0.0000073488
        0.0000248372  -0.0000105072  -0.0000253110  -0.0000166067  -0.0000082176
        0.0000059042  -0.0000129059  -0.0000393724  -0.0000337746   0.0000265235
        0.0000457748  -0.0000011273   0.0000199503  -0.0000098457   0.0000121940
        0.0000114435   0.0000048701   0.0000194402   0.0000109168  -0.0000041811
        0.0000074205   0.0000065748   0.0000138956  -0.0000127663   0.0000097694
        0.0000013046   0.0000121465  -0.0000097427   0.0000004104   0.0000218424
       -0.0000135605  -0.0000505046  -0.0000138876  -0.0000487634  -0.0000644378
       -0.0000155020   0.0000396065  -0.0001057804   0.0001272598   0.0000623211
       -0.0000529032  -0.0001318925  -0.0000371499  -0.0010197157   0.0039255542
       -0.0028503413   0.0000644004  -0.0005925607   0.0006502317   0.0270222292
        0.0852746930   0.2814566339   0.0016178781  -0.0067727333  -0.0126921630
        0.0003270206   0.0000468092   0.0006365261  -0.0008932976  -0.0005065459
        0.0010504662   0.0000852330   0.0003371708   0.0002309253  -0.0000124837
       -0.0000022737  -0.0000080175  -0.0000126805  -0.0000015230  -0.0000221409
        0.0000554406   0.0000504459   0.0000447717  -0.0000318977  -0.0000175954
       -0.0000081291  -0.0000264987  -0.0000194679  -0.0000545510   0.0000885787
       -0.0000816893   0.0001035209  -0.0000070048   0.0000074879  -0.0000242930
        0.0000195379  -0.0000118827   0.0000219794   0.0001704612  -0.0000260817
        0.0000126434  -0.0004318094   0.0002121277  -0.0003895161   0.0001972711
       -0.0000159000   0.0002122749  -0.0000041070   0.0000788592   0.0000279000
        0.0000558762  -0.0000118871  -0.0000616328   0.0000242726  -0.0000697164
        0.0002507020   0.0000153272   0.0000076452   0.0000546890  -0.0000009040
       -0.0000117269  -0.0000188691   0.0000024490   0.0000008280  -0.0000002837
        0.0000006830  -0.0000028659   0.0000093120   0.0000023759   0.0000012771
       -0.0000036790
        0.0001061838  -0.0000384314   0.0000599319  -0.0001184769  -0.0000089039
        0.0000078132  -0.0000075736   0.0000566129   0.0000345739  -0.0000094239
       -0.0000031508  -0.0000238337  -0.0000141178  -0.0000095605  -0.0000033427
        0.0000133566   0.0000022071  -0.0000142946   0.0000121107  -0.0000277646
       -0.0000309754   0.0000008134   0.0000075309  -0.0000171943   0.0000081336
       -0.0000277493   0.0000525206  -0.0002693073  -0.0000046359   0.0000085366
       -0.0000011802  -0.0000159095  -0.0000264473   0.0007002155  -0.0002268406
        0.0003418075  -0.0065398354   0.0063878223   0.0000019855  -0.1999332039
        0.0925064329   0.0521484517  -0.0267107095   0.0082130905   0.0073846897
        0.0002464940  -0.0000871650  -0.0000922998   0.0000458567   0.0000029208
       -0.0000067629  -0.0000157189   0.0000238512  -0.0000060008  -0.0000173439
       -0.0000068369  -0.0000033357   0.0000070735  -0.0000023729  -0.0000170945
       -0.0000014713   0.0000061675   0.0000223739  -0.0000000269  -0.0000071349
        0.0000023094   0.0000082624   0.0000035697   0.0000070597   0.0000050641
        0.0000034760   0.0000052770   0.0000024253  -0.0000001297  -0.0000108157
        0.0000143319  -0.0000039070   0.0000355375   0.0000043872  -0.0000135164
       -0.0000091842   0.0001074191  -0.0000244869   0.0000161845  -0.0000163291
       -0.0000174969  -0.0000042839  -0.0000128298  -0.0001276108  -0.0000658421
        0.0002667937   0.0000100205  -0.0000246963   0.0000630405  -0.0002384551
        0.0001161277   0.0000608750   0.0012278657  -0.0011737021   0.0006375791
        0.0008735023   0.0016178781   0.2347658173  -0.1056098406  -0.0602353627
        0.0005299131   0.0003201184   0.0001396681   0.0007262084   0.0007322413
        0.0000093936  -0.0042779563  -0.0040678774  -0.0002407032  -0.0000147335
        0.0000087960   0.0000019390  -0.0000277471  -0.0000043112   0.0000067503
        0.0000134939  -0.0000700199  -0.0000298945   0.0000176272   0.0000241953
       -0.0000032108  -0.0000224765   0.0000459081   0.0000488298  -0.0001179015
        0.0003040311  -0.0001395678   0.0001509190  -0.0001116988   0.0000187510
       -0.0001256471   0.0000979721  -0.0000226546   0.0000368872   0.0000800916
        0.0000787217   0.0000876641  -0.0008033364  -0.0000218013  -0.0002997469
        0.0005763446   0.0001912698  -0.0000011422  -0.0000107963  -0.0000169321
        0.0000008047  -0.0000085100  -0.0000037810  -0.0000583984   0.0000036020
       -0.0000847248  -0.0000496061   0.0000415135  -0.0000237212   0.0000251747
        0.0000233603  -0.0000035146   0.0000025163  -0.0000106529  -0.0000006046
        0.0000038075  -0.0000076202   0.0000018047  -0.0000083450   0.0000134777
       -0.0000036068
       -0.0001849867   0.0000384177  -0.0000901828   0.0002235646   0.0000539982
        0.0000038284   0.0000372845  -0.0000502055  -0.0000099996  -0.0000233258
       -0.0000102928   0.0000233745  -0.0000411879   0.0000120264   0.0000030962
        0.0000364113   0.0000273462   0.0000243719  -0.0000374007   0.0000116239
        0.0000254408  -0.0000068130   0.0000016735   0.0000064275  -0.0000286636
        0.0000209358  -0.0000131926   0.0002274529  -0.0001077113   0.0000096729
       -0.0001298107  -0.0001411797  -0.0000503669   0.0013140114   0.0001014878
       -0.0006352547   0.0207562651  -0.0163807405  -0.0030139950   0.0928342342
       -0.0954322439  -0.0321677199  -0.0166400134   0.0075486937   0.0047645171
       -0.0002970549   0.0001630466   0.0000838384  -0.0000370672   0.0000191496
        0.0000012570   0.0000217392  -0.0000161730   0.0000167563   0.0000056245
       -0.0000125502   0.0000047648   0.0000264685  -0.0000106292  -0.0000058482
       -0.0000240288  -0.0000183540  -0.0000269060  -0.0000082263  -0.0000001025
       -0.0000040866  -0.0000055180  -0.0000019381  -0.0000075955  -0.0000008140
       -0.0000036106  -0.0000058971  -0.0000068333  -0.0000001487   0.0000049003
       -0.0000382719  -0.0000278515  -0.0000146846  -0.0000340913   0.0000287379
        0.0000189229  -0.0000459042  -0.0000294065  -0.0000039760   0.0000195560
        0.0000570243   0.0000190952  -0.0001250020   0.0002663984   0.0001699674
       -0.0005112259  -0.0002639255   0.0003313146  -0.0002302383   0.0009342002
       -0.0006313616   0.0010290354  -0.0039393270   0.0035818547   0.0111572784
       -0.0064592492  -0.0067727333  -0.1056098406   0.1139906159   0.0339764035
       -0.0001664257   0.0006059980  -0.0000822779   0.0000097930   0.0006378843
        0.0004312464  -0.0035909913  -0.0016767870  -0.0000016140   0.0000143275
       -0.0000193616  -0.0000019736   0.0000200093  -0.0000161481   0.0000015882
       -0.0000132908   0.0000786558  -0.0000082203  -0.0000242497  -0.0000282705
        0.0000310032   0.0000211300  -0.0000721101  -0.0000160009   0.0001102045
        0.0000287479  -0.0000380943  -0.0000950629  -0.0000024396   0.0000026229
        0.0000660182  -0.0000155663  -0.0000000230   0.0000671860   0.0000030946
       -0.0000510603  -0.0001600020   0.0001322107   0.0001030006   0.0000695001
       -0.0000602831  -0.0000949970   0.0000230376   0.0000749843   0.0000303383
        0.0000213859  -0.0000173598  -0.0000028697  -0.0000426427  -0.0000291244
        0.0000774526   0.0000479122   0.0000076327   0.0000075776  -0.0000127218
       -0.0000042875  -0.0000020378   0.0000070701   0.0000061188   0.0000049016
        0.0000034735  -0.0000006202  -0.0000067589   0.0000017313  -0.0000027053
        0.0000001924
       -0.0000059881  -0.0000013851   0.0000137172  -0.0000103807  -0.0000240648
        0.0000022502  -0.0000236552   0.0000155782  -0.0000072256   0.0000335866
       -0.0000021773  -0.0000213759   0.0000200326  -0.0000037468  -0.0000025416
       -0.0000017941  -0.0000020684   0.0000021912   0.0000109346  -0.0000058276
       -0.0000067844  -0.0000055623  -0.0000007419   0.0000073479   0.0000104837
       -0.0000036793  -0.0000113651   0.0000789672   0.0000033593  -0.0000323924
        0.0001218042  -0.0000685749  -0.0000270487  -0.0004773821  -0.0002074463
        0.0004067949  -0.0149827318   0.0109571034   0.0036213731   0.0519966579
       -0.0327384219  -0.0638049740   0.0005889315   0.0005406126   0.0009215663
       -0.0000590402   0.0000337297  -0.0000065397  -0.0000049493  -0.0000006731
       -0.0000054975  -0.0000045340  -0.0000024027   0.0000042316   0.0000049463
        0.0000055769  -0.0000002505  -0.0000238306   0.0000105038   0.0000172364
        0.0000104253   0.0000101185   0.0000143161  -0.0000013416   0.0000004558
        0.0000000715  -0.0000020464   0.0000006381   0.0000012300   0.0000004883
       -0.0000017520   0.0000007502   0.0000057011  -0.0000037840   0.0000104797
        0.0000214483   0.0000124204   0.0000027568   0.0000116733  -0.0000012719
       -0.0000178521  -0.0000287515   0.0000132504  -0.0000200752  -0.0000013554
       -0.0000053048  -0.0000037950   0.0000096357   0.0000066807  -0.0000404841
       -0.0000080618   0.0001348448  -0.0000523959  -0.0007088576   0.0002750764
        0.0007834614  -0.0012241682   0.0036781257  -0.0015434508   0.0256572383
       -0.0172106848  -0.0126921630  -0.0602353627   0.0339764035   0.0712072142
        0.0003090125   0.0000334165  -0.0001256967  -0.0007896847   0.0002587065
        0.0003949051  -0.0003102357   0.0003501915   0.0009158840   0.0000005715
        0.0000022776   0.0000032614   0.0000051583  -0.0000005794   0.0000045394
       -0.0000087672  -0.0000153100  -0.0000139729   0.0000140998   0.0000080155
        0.0000011963   0.0000014425   0.0000055442   0.0000162857   0.0000107566
       -0.0000989405   0.0000909203  -0.0000216732   0.0000295375  -0.0000057949
        0.0000239658  -0.0000302087   0.0000111067   0.0000522082  -0.0000174357
       -0.0000338061  -0.0000694328   0.0002512324  -0.0001501426   0.0000629114
       -0.0001733358   0.0000340126   0.0000102047   0.0000367858  -0.0000212356
        0.0000269661  -0.0000377834   0.0000126798  -0.0000931769   0.0000204308
        0.0001245694   0.0000072147  -0.0000066485   0.0000213202  -0.0000076188
       -0.0000064893  -0.0000017184  -0.0000001937   0.0000026711   0.0000010979
       -0.0000019521   0.0000012227  -0.0000008764   0.0000050614  -0.0000037716
        0.0000006875
        0.0001160192  -0.0000594756   0.0001039625  -0.0001216158   0.0000058752
       -0.0000089346   0.0000146973   0.0000019761   0.0000169978  -0.0000348468
       -0.0000153283  -0.0000151296  -0.0000093131  -0.0000133583  -0.0000021039
       -0.0000130454  -0.0000009996  -0.0000008569   0.0000167479  -0.0000002159
        0.0000019881   0.0000103416   0.0000200243  -0.0000019103   0.0000133597
       -0.0000351258  -0.0000169531   0.0001771711   0.0002284270  -0.0002539987
       -0.0003240268  -0.0003672693  -0.0002379688   0.0004727555  -0.0006562165
        0.0007669777  -0.0031540890  -0.0035286046   0.0005975351   0.0011970957
       -0.0190987590   0.0146371066  -0.0483790349   0.0289036995  -0.0240970144
       -0.0000980358  -0.0000190486   0.0000550714  -0.0000269316  -0.0000169196
        0.0000098764   0.0000096595   0.0000075249  -0.0000254389   0.0000054306
        0.0000125421  -0.0000098883  -0.0000031394   0.0000019843  -0.0000133047
        0.0000053389   0.0000028151   0.0000161368   0.0000056099  -0.0000005517
       -0.0000022179   0.0000024839   0.0000038451  -0.0000003029  -0.0000010413
        0.0000082704  -0.0000010652   0.0000052452  -0.0000005369   0.0000045674
        0.0000156866  -0.0000212389   0.0000390507  -0.0000047223   0.0000161378
       -0.0000013245   0.0000585558   0.0000153891  -0.0000245154   0.0000017556
       -0.0000469394   0.0000421369  -0.0000103023  -0.0000039719   0.0000534724
        0.0000862634   0.0000180352  -0.0000156406  -0.0000990510   0.0000899543
       -0.0000757957  -0.0000608685  -0.0001055145  -0.0000735481   0.0005954953
        0.0002093769   0.0003270206   0.0005299131  -0.0001664257   0.0003090125
        0.0552185475  -0.0298026537   0.0278107950   0.0001166829   0.0023958713
       -0.0023335677  -0.0061290938   0.0219335540  -0.0176564005   0.0000110413
        0.0000053040  -0.0000122353   0.0000231165   0.0000185876  -0.0000006519
       -0.0000225134  -0.0000065180   0.0000267645   0.0000027336   0.0000039777
       -0.0000067566   0.0000281243  -0.0000034210  -0.0000266184  -0.0000062883
        0.0001238369  -0.0000496072   0.0000262465  -0.0000353415   0.0000090669
       -0.0000315497   0.0000198821  -0.0000019148   0.0000178474   0.0000433236
        0.0000467433   0.0000622309  -0.0002060262  -0.0000509356  -0.0002861705
        0.0000592107   0.0001613124  -0.0000069054  -0.0000085996   0.0000146360
        0.0000061745   0.0000094591   0.0000135478  -0.0000129384   0.0000312114
       -0.0000489368  -0.0000078286   0.0000158737   0.0000064840  -0.0000000414
        0.0000131074  -0.0000064666  -0.0000020092  -0.0000004691  -0.0000036529
       -0.0000030637   0.0000020377   0.0000036731  -0.0000039049  -0.0000015849
        0.0000017213
        0.0001080375  -0.0001154310   0.0001551806  -0.0001271041   0.0000056766
       -0.0000252389   0.0000160897  -0.0000107165   0.0000311670  -0.0000070690
       -0.0000004726   0.0000171141  -0.0000337759  -0.0000135059  -0.0000094234
       -0.0000237921   0.0000186150   0.0000152301   0.0000310468   0.0000115818
        0.0000173106   0.0000135410   0.0000040067  -0.0000056806  -0.0000086700
        0.0000341101  -0.0000008987   0.0004509872   0.0004003246  -0.0002696885
       -0.0004521789  -0.0004975247  -0.0002204365   0.0004183350  -0.0004841075
        0.0008631039  -0.0040809724  -0.0031120086   0.0002464872  -0.0002995666
       -0.0181391423   0.0133647823   0.0285463058  -0.1768934079   0.1166420193
       -0.0002894031  -0.0000447652   0.0000996209  -0.0000799355  -0.0000558846
        0.0000111460   0.0000254434   0.0000155184  -0.0000364414   0.0000198427
        0.0000223047  -0.0000085819   0.0000102959   0.0000012839  -0.0000280839
       -0.0000106732  -0.0000023627  -0.0000187729   0.0000139989  -0.0000097355
       -0.0000150249  -0.0000063718  -0.0000070493  -0.0000097896   0.0000005073
       -0.0000073214  -0.0000054267   0.0000005792   0.0000077858   0.0000032868
       -0.0000238257  -0.0000113107  -0.0000290486  -0.0000413533   0.0000018157
        0.0000355636  -0.0000437633  -0.0000333617   0.0000341519  -0.0000101484
       -0.0000867838   0.0000145137   0.0000092583   0.0000235320   0.0000737763
       -0.0000478874  -0.0000124074  -0.0000446282  -0.0000170959   0.0001188139
       -0.0003677759  -0.0002732711   0.0004038656  -0.0000998744   0.0004773501
        0.0000658696   0.0000468092   0.0003201184   0.0006059980   0.0000334165
       -0.0298026537   0.2048019970  -0.1360413467  -0.0012620645   0.0079735727
       -0.0064117892   0.0061708569  -0.0150397789   0.0121417283   0.0000322436
        0.0000186978  -0.0000143676   0.0000575482   0.0000461295  -0.0000021352
       -0.0000661175  -0.0000308545   0.0000536664   0.0000105018   0.0000182870
       -0.0000122390   0.0000706914   0.0000018575  -0.0000565046   0.0000249000
        0.0000656523  -0.0001032205  -0.0001023834  -0.0000747462   0.0000388516
        0.0000473709   0.0000268897  -0.0000225281   0.0000164693  -0.0000575898
       -0.0000578238  -0.0000065930  -0.0001264847   0.0002847810   0.0001793289
        0.0001441177  -0.0002720608  -0.0000044365   0.0000804659   0.0000142304
       -0.0000074065   0.0000075717  -0.0000182057   0.0000016199  -0.0001132653
        0.0000077236   0.0000499795   0.0000503912  -0.0000405563  -0.0000105177
       -0.0000027436   0.0000102121   0.0000092844   0.0000073516   0.0000056345
        0.0000090754   0.0000005054  -0.0000147214  -0.0000025768  -0.0000018270
        0.0000008063
       -0.0000063456   0.0000228756  -0.0000154318   0.0000049075  -0.0000024812
        0.0000135078   0.0000130130   0.0000157004  -0.0000095237  -0.0000105809
       -0.0000197625  -0.0000300166   0.0000090833   0.0000082981   0.0000036789
        0.0000177348   0.0000066700   0.0000010815  -0.0000062049  -0.0000113642
       -0.0000112859  -0.0000125034  -0.0000080038  -0.0000002789   0.0000027082
       -0.0000268254   0.0000129005  -0.0001679716  -0.0000593527   0.0000113695
        0.0001168993   0.0000487765  -0.0000195998  -0.0000136720   0.0002319491
        0.0000711411   0.0005557787   0.0001072527   0.0008388482   0.0007102375
        0.0017225768  -0.0004973259  -0.0235289435   0.1161331741  -0.1466312653
        0.0001186061   0.0000114780  -0.0000270453   0.0000383440   0.0000223090
       -0.0000069990  -0.0000121955  -0.0000083742   0.0000081727  -0.0000092035
       -0.0000049675   0.0000006675  -0.0000151141  -0.0000116319   0.0000092216
        0.0000169337  -0.0000064449   0.0000158859  -0.0000077589   0.0000059584
        0.0000080586   0.0000035722   0.0000092851   0.0000078780  -0.0000008413
        0.0000064499   0.0000044804   0.0000038756  -0.0000056060  -0.0000031973
        0.0000123738   0.0000023294  -0.0000031025   0.0000131626  -0.0000096765
       -0.0000080095   0.0000323791   0.0000133047  -0.0000206382   0.0000145912
        0.0000281363   0.0000171812   0.0000008016  -0.0000027958  -0.0000000721
        0.0000163302   0.0000097178  -0.0000150538  -0.0000461413  -0.0001040528
        0.0003532857   0.0001098550  -0.0001946982  -0.0000241363  -0.0001361719
       -0.0004635238   0.0006365261   0.0001396681  -0.0000822779  -0.0001256967
        0.0278107950  -0.1360413467   0.1667191377  -0.0063340582   0.0229885368
       -0.0258193394   0.0006707340  -0.0042899138   0.0044333198  -0.0000161209
       -0.0000038409   0.0000053358  -0.0000237325  -0.0000182476   0.0000037560
        0.0000383829   0.0000142847  -0.0000204223  -0.0000092848  -0.0000074908
        0.0000035633  -0.0000332316  -0.0000034316   0.0000224024  -0.0000381358
        0.0000009711   0.0000141871   0.0000772482   0.0000300256  -0.0000290994
       -0.0000438739  -0.0000009073   0.0000116470   0.0000084314  -0.0000022706
       -0.0000029893  -0.0000063258  -0.0001006373  -0.0001160780  -0.0000578133
        0.0000746463   0.0001589784   0.0000013062  -0.0000077025  -0.0000101336
        0.0000019054  -0.0000050880   0.0000048010   0.0000059454   0.0000083032
        0.0000303547  -0.0000378285  -0.0000195352   0.0000272461   0.0000186583
        0.0000059822  -0.0000070660  -0.0000067985  -0.0000064175  -0.0000058873
       -0.0000042847  -0.0000013387   0.0000124487   0.0000008745   0.0000010158
       -0.0000013693
       -0.0000084911  -0.0000139020   0.0000182070   0.0000014306   0.0000034030
       -0.0000015362   0.0000114220  -0.0000120796  -0.0000125372   0.0000015934
        0.0000111725   0.0000127579  -0.0000036669  -0.0000044745  -0.0000010930
        0.0000062756   0.0000038459   0.0000032714  -0.0000053607  -0.0000020738
        0.0000018198  -0.0000002609   0.0000018609  -0.0000048295  -0.0000073500
        0.0000160925   0.0000021370   0.0000070598   0.0000523332   0.0000004714
        0.0000428439   0.0000478272   0.0000569953  -0.0000003237   0.0001293059
       -0.0000860723   0.0004688732   0.0006592436  -0.0003526552  -0.0051843814
       -0.0121079622  -0.0229338225  -0.0460930531  -0.0070255031  -0.0202640191
       -0.0000035172  -0.0000183673   0.0000184983  -0.0000062452   0.0000016155
        0.0000077525   0.0000028461  -0.0000054579  -0.0000064130   0.0000006031
        0.0000036956  -0.0000028530  -0.0000012820  -0.0000059794   0.0000022026
        0.0000079340   0.0000085785  -0.0000059173  -0.0000013445  -0.0000026126
       -0.0000019134  -0.0000025462   0.0000017935  -0.0000002021  -0.0000005258
       -0.0000085043  -0.0000003269  -0.0000016860   0.0000065204  -0.0000041006
        0.0000094944   0.0000198443   0.0000167608  -0.0000058955   0.0000102903
       -0.0000108152   0.0000297126   0.0000226966   0.0000507763   0.0000011877
        0.0000121070   0.0000003306  -0.0000272359   0.0000228474   0.0000061486
       -0.0000024709  -0.0000217414  -0.0000198564   0.0001419142  -0.0001628939
        0.0003179689  -0.0001108670   0.0000574548   0.0001511312  -0.0039021573
       -0.0041198285  -0.0008932976   0.0007262084   0.0000097930  -0.0007896847
        0.0001166829  -0.0012620645  -0.0063340582   0.0528548482   0.0125398326
        0.0255572019   0.0011484819   0.0111111259   0.0255820392   0.0000024375
       -0.0000030273  -0.0000063826   0.0000047468   0.0000010861  -0.0000041344
        0.0000056648   0.0000180218   0.0000184715  -0.0000111269  -0.0000071914
       -0.0000036638   0.0000060188  -0.0000091937  -0.0000216383  -0.0000047577
        0.0000828814  -0.0000366083  -0.0000041527   0.0000247014   0.0000155721
        0.0000084225  -0.0000160598  -0.0000033129   0.0000471268   0.0000231218
        0.0000315813   0.0000850062  -0.0001513064   0.0000905532  -0.0002198016
        0.0000868862  -0.0000302192  -0.0000231389   0.0000346086  -0.0000094977
       -0.0000012174   0.0000110510  -0.0000138039  -0.0000830454  -0.0000509268
       -0.0000668680  -0.0000165635  -0.0000282122  -0.0000516286  -0.0000031896
        0.0000092433   0.0000183159  -0.0000081460  -0.0000023846   0.0000003639
        0.0000039982  -0.0000018608  -0.0000046676   0.0000009671  -0.0000012739
       -0.0000028999
        0.0000564166  -0.0000116555   0.0000543716  -0.0000645996  -0.0000065924
       -0.0000041692   0.0000136786   0.0000076655  -0.0000118972  -0.0000278802
       -0.0000381491  -0.0000479144   0.0000151232   0.0000066633   0.0000019123
       -0.0000130337  -0.0000018271   0.0000066223   0.0000227130  -0.0000026771
        0.0000025019   0.0000007630   0.0000016670   0.0000166666   0.0000143659
       -0.0000619310  -0.0000347668  -0.0001069775   0.0000823047  -0.0000363984
        0.0001304120   0.0001224219   0.0000905153  -0.0000151301   0.0000098385
       -0.0000703695   0.0001615160   0.0006313657  -0.0009681068  -0.0053146786
       -0.0104226518  -0.0188995407  -0.0074830600  -0.0786405488  -0.0835812711
        0.0000697007  -0.0000333860   0.0000154950   0.0000116703   0.0000060416
        0.0000095277  -0.0000103859  -0.0000069736  -0.0000069385   0.0000004006
        0.0000097558  -0.0000095247  -0.0000284292  -0.0000085656   0.0000142672
        0.0000348837   0.0000008689   0.0000304870  -0.0000036140   0.0000150143
        0.0000075940   0.0000017597   0.0000146881   0.0000064164  -0.0000078541
        0.0000213325  -0.0000002945   0.0000090624  -0.0000052082   0.0000115864
        0.0000202244  -0.0000126126  -0.0000000904  -0.0000001802   0.0000220039
       -0.0000043423  -0.0000077839  -0.0000134452  -0.0000656054   0.0000137460
        0.0000190788   0.0000106456  -0.0000199556   0.0000331695  -0.0000054916
        0.0000497667   0.0000369441  -0.0000038566  -0.0002675623  -0.0003006605
        0.0007169776   0.0000745283  -0.0001214475  -0.0001095476  -0.0039164343
       -0.0024460224  -0.0005065459   0.0007322413   0.0006378843   0.0002587065
        0.0023958713   0.0079735727   0.0229885368   0.0125398326   0.0895782112
        0.0976721940   0.0008658993  -0.0070962893  -0.0177190222  -0.0000055716
       -0.0000040860  -0.0000051228  -0.0000044891  -0.0000038844  -0.0000061929
        0.0000262715   0.0000173290   0.0000156140  -0.0000148323  -0.0000074583
       -0.0000065969  -0.0000088813  -0.0000040344  -0.0000143130   0.0000224701
       -0.0000601459   0.0000932367   0.0000190900   0.0000017576  -0.0000213242
       -0.0000248137   0.0000098100   0.0000124739   0.0000482469   0.0000040899
        0.0000084227  -0.0001297798   0.0000866919  -0.0002791637   0.0001041641
       -0.0000798000   0.0002082586   0.0000073015   0.0000251228   0.0000045216
        0.0000099348   0.0000017532   0.0000204585   0.0000028269  -0.0000027108
        0.0000876867   0.0000086939   0.0000175151   0.0000646571   0.0000043223
       -0.0000037048  -0.0000223876  -0.0000006114   0.0000043577   0.0000013714
       -0.0000064860  -0.0000007247   0.0000091740  -0.0000048737  -0.0000017265
       -0.0000001042
        0.0000449172  -0.0000504125   0.0000868796  -0.0000512979  -0.0000005113
        0.0000006767   0.0000113611  -0.0000067128  -0.0000086495  -0.0000168995
       -0.0000283740  -0.0000262902   0.0000039044  -0.0000013063   0.0000002181
        0.0000009966   0.0000003348   0.0000038543   0.0000104728  -0.0000062529
        0.0000018765   0.0000045461   0.0000091745   0.0000168044   0.0000219207
       -0.0000577539  -0.0000642402   0.0001469297   0.0001772146  -0.0000908596
        0.0000122323  -0.0000283212  -0.0000194374   0.0001692858   0.0002303955
        0.0000575513   0.0006096328   0.0004233175   0.0008626549  -0.0032406784
       -0.0034561924  -0.0034401457  -0.0211268147  -0.0831188309  -0.2472435454
       -0.0000904897  -0.0000261369   0.0000742557  -0.0000170021  -0.0000164008
        0.0000127897   0.0000047257  -0.0000087415  -0.0000120309   0.0000073101
        0.0000132811  -0.0000074487  -0.0000133252   0.0000047455   0.0000111286
        0.0000133666   0.0000122823   0.0000210243  -0.0000016134   0.0000064361
       -0.0000012754   0.0000005961   0.0000062866  -0.0000009417  -0.0000048567
        0.0000129235  -0.0000068413   0.0000059880  -0.0000033658   0.0000174981
        0.0000067100  -0.0000116444   0.0000185985  -0.0000055988   0.0000300869
       -0.0000067168  -0.0000430788  -0.0000395185  -0.0000766572   0.0000029995
       -0.0000018161   0.0000011151  -0.0000231909   0.0000194649  -0.0000167137
       -0.0000074286   0.0000243342   0.0000121859  -0.0000333514  -0.0001421333
        0.0004182801  -0.0000044702  -0.0001012518  -0.0002038577  -0.0009897938
       -0.0003810300   0.0010504662   0.0000093936   0.0004312464   0.0003949051
       -0.0023335677  -0.0064117892  -0.0258193394   0.0255572019   0.0976721940
        0.2847510674   0.0012003624  -0.0052815612  -0.0110077320   0.0000046880
        0.0000040981  -0.0000053089   0.0000147019   0.0000109080  -0.0000102928
       -0.0000007896   0.0000115733   0.0000416954  -0.0000098070  -0.0000055115
       -0.0000081357   0.0000146335  -0.0000082411  -0.0000444526   0.0000657274
       -0.0000611671   0.0001257895  -0.0000665149  -0.0000646896   0.0000081855
        0.0000125058   0.0000245728   0.0000059512   0.0000294568   0.0000352300
        0.0000355190  -0.0001744712   0.0001642777  -0.0003178644   0.0001862658
       -0.0001197846   0.0002390195   0.0000141329   0.0000050136   0.0000163060
        0.0000132686   0.0000041708   0.0000209581   0.0000141020   0.0000458520
        0.0000868390   0.0000474691   0.0000577859   0.0000622023  -0.0000071293
       -0.0000066353  -0.0000296845   0.0000096730   0.0000088614   0.0000085215
       -0.0000029829   0.0000008074   0.0000021954  -0.0000063254  -0.0000007827
        0.0000014491
       -0.0000057449   0.0000144157  -0.0000122630  -0.0000103513  -0.0000192527
        0.0000102453  -0.0000155425   0.0000223445   0.0000008787  -0.0000017873
       -0.0000069458  -0.0000161887   0.0000312506  -0.0000080523  -0.0000048779
        0.0000075443   0.0000026553   0.0000006939   0.0000021813  -0.0000025368
       -0.0000128051  -0.0000046540  -0.0000188839   0.0000002746   0.0000291337
       -0.0000001537  -0.0000379748  -0.0001981747  -0.0000133257   0.0000976930
        0.0001910656   0.0002547757   0.0000465770  -0.0000979217   0.0000340568
       -0.0001252718   0.0008137478   0.0011397292  -0.0003326299  -0.0266588538
        0.0080158574   0.0065509680  -0.2140931878   0.1010166525   0.0497868981
        0.0001776825  -0.0000319714  -0.0000626431   0.0000223439   0.0000060359
       -0.0000050593  -0.0000145168   0.0000054246   0.0000047452  -0.0000034833
       -0.0000014314   0.0000008415  -0.0000184506  -0.0000004193   0.0000078695
        0.0000190257   0.0000035489   0.0000138305   0.0000013216   0.0000064914
        0.0000034110  -0.0000041679   0.0000011765   0.0000026473  -0.0000051484
        0.0000040796   0.0000029419  -0.0000025055   0.0000034354  -0.0000018479
        0.0000443451   0.0000199903  -0.0000427918   0.0000514927  -0.0000447975
        0.0000271643  -0.0000587895   0.0000758122  -0.0000182031   0.0000236451
        0.0000109858  -0.0000152028   0.0000279685  -0.0001006816  -0.0000618019
        0.0002007406   0.0001065295  -0.0000217665  -0.0001205020  -0.0000392494
        0.0000597577   0.0004039320  -0.0008302162   0.0001469702   0.0005549054
        0.0006175368   0.0000852330  -0.0042779563  -0.0035909913  -0.0003102357
       -0.0061290938   0.0061708569   0.0006707340   0.0011484819   0.0008658993
        0.0012003624   0.2492216122  -0.1139269117  -0.0577363487  -0.0000077738
       -0.0000010161  -0.0000002308  -0.0000145159  -0.0000066149   0.0000056782
        0.0000159093  -0.0000217691  -0.0000188593   0.0000038455   0.0000059807
       -0.0000074453  -0.0000162280   0.0000227287   0.0000283625  -0.0000680842
       -0.0005197042  -0.0000183457   0.0000185915   0.0001081802  -0.0000346263
        0.0000068830  -0.0000629001   0.0000185222  -0.0001882036  -0.0001788422
       -0.0000535839   0.0007389808   0.0005728428   0.0004111436  -0.0015876189
        0.0004415856  -0.0000094217  -0.0000608531  -0.0000373745  -0.0000519623
       -0.0000835290   0.0000758696   0.0000288378   0.0000444631  -0.0000988114
       -0.0002377878  -0.0000376270  -0.0000396595   0.0000195229   0.0000005128
       -0.0000187122   0.0000134378  -0.0000161576  -0.0000078842  -0.0000108536
       -0.0000087465   0.0000063729   0.0000145492   0.0000085632  -0.0000027419
        0.0000002373
        0.0000615961  -0.0000149455   0.0000285381  -0.0000705890  -0.0000043440
        0.0000056371   0.0000082711   0.0000251094   0.0000100729  -0.0000256477
        0.0000199481   0.0000088415  -0.0000216324  -0.0000147228   0.0000006190
        0.0000090125  -0.0000108201  -0.0000231934  -0.0000068572  -0.0000174871
       -0.0000194580  -0.0000021352   0.0000119346  -0.0000276745   0.0000158833
       -0.0000170674   0.0000828854  -0.0000924454   0.0000119159  -0.0000046279
        0.0000172904   0.0000365963  -0.0000117938  -0.0000405182  -0.0000177983
        0.0000568220  -0.0012034388   0.0010339341  -0.0001701943  -0.0156243160
        0.0081109103   0.0047856522   0.1017672392  -0.1032320540  -0.0298522263
        0.0001033209  -0.0000211073  -0.0000284998   0.0000221412   0.0000096136
       -0.0000002758  -0.0000044993   0.0000045568  -0.0000056244  -0.0000074274
       -0.0000012234  -0.0000028700   0.0000078887  -0.0000012819  -0.0000071593
        0.0000020625   0.0000093253   0.0000097840   0.0000011808  -0.0000055590
        0.0000007125   0.0000070087   0.0000036842   0.0000044388   0.0000073890
        0.0000023148  -0.0000002596   0.0000006752   0.0000134379  -0.0000217964
        0.0000432391   0.0000049592   0.0000759652  -0.0000154784   0.0000137120
       -0.0000506836   0.0002488639   0.0001366726   0.0000562808   0.0000036343
        0.0000015337   0.0000028485  -0.0000109527  -0.0000437619  -0.0000159679
        0.0000868316  -0.0000334140  -0.0000164242   0.0001255757  -0.0001276701
       -0.0000662870  -0.0001562416  -0.0004738519   0.0001870594  -0.0000676388
        0.0005238355   0.0003371708  -0.0040678774  -0.0016767870   0.0003501915
        0.0219335540  -0.0150397789  -0.0042899138   0.0111111259  -0.0070962893
       -0.0052815612  -0.1139269117   0.1190242450   0.0341321803  -0.0000079009
       -0.0000022351  -0.0000018731  -0.0000120810  -0.0000058072   0.0000017497
        0.0000090839  -0.0000070626  -0.0000105756   0.0000049057  -0.0000017715
       -0.0000034207  -0.0000107576   0.0000103543   0.0000152052  -0.0001677819
        0.0006329705  -0.0001196535   0.0002305673   0.0000868415  -0.0000386943
       -0.0001212674  -0.0000030481   0.0000068588   0.0000631167   0.0001118844
        0.0001535326   0.0001697116  -0.0020167083  -0.0004380331  -0.0000770840
        0.0000325180   0.0004209350  -0.0000240723  -0.0000333711   0.0000107726
       -0.0000041543   0.0000513245   0.0000221947  -0.0000984334   0.0000676758
       -0.0002192346  -0.0001618464  -0.0000875240  -0.0000590844   0.0000179764
        0.0000337640   0.0000128899  -0.0000320367  -0.0000154629  -0.0000138722
       -0.0000155092   0.0000047681   0.0000174663  -0.0000016132  -0.0000073856
        0.0000036279
       -0.0000267117  -0.0000150783  -0.0000076130   0.0000285977   0.0000049943
       -0.0000043408   0.0000076514  -0.0000240518  -0.0000031101   0.0000239868
        0.0000358704   0.0000487192  -0.0000119733  -0.0000034931  -0.0000003773
       -0.0000012825   0.0000099668   0.0000048825  -0.0000108449   0.0000083543
        0.0000072860  -0.0000004181  -0.0000143907  -0.0000323218  -0.0000491998
        0.0001384404   0.0000615000   0.0001185978   0.0000293179   0.0000021588
       -0.0001170189  -0.0001187359  -0.0000443787   0.0000545119   0.0001314901
       -0.0000021586   0.0004792452  -0.0003711925   0.0000964042   0.0003554664
        0.0010126379   0.0005256773   0.0498054098  -0.0295632098  -0.0608121894
       -0.0000824770   0.0000007973   0.0000144330  -0.0000201735  -0.0000116216
       -0.0000035354   0.0000093263   0.0000007893  -0.0000026490   0.0000013154
        0.0000000530   0.0000041172   0.0000141159  -0.0000036366  -0.0000084892
       -0.0000135022  -0.0000061868  -0.0000405027   0.0000041124  -0.0000135668
       -0.0000087044  -0.0000056958  -0.0000108985  -0.0000064227   0.0000033647
       -0.0000336702   0.0000055706  -0.0000080506   0.0000082752  -0.0000167490
       -0.0000346656   0.0000345838  -0.0000657002  -0.0000238635  -0.0000196980
        0.0000066999  -0.0000347424   0.0000378875   0.0001675036  -0.0000102463
       -0.0000168365  -0.0000062351  -0.0000001899   0.0000119409   0.0000226346
       -0.0000745185  -0.0000370372  -0.0000074806   0.0001239337  -0.0001185990
       -0.0002405276   0.0000514140   0.0005471081   0.0001546445  -0.0007342919
        0.0001836724   0.0002309253  -0.0002407032  -0.0000016140   0.0009158840
       -0.0176564005   0.0121417283   0.0044333198   0.0255820392  -0.0177190222
       -0.0110077320  -0.0577363487   0.0341321803   0.0666504502   0.0000076779
        0.0000059582   0.0000002978   0.0000123370   0.0000088228   0.0000020443
       -0.0000165054  -0.0000028609   0.0000096158   0.0000008103   0.0000030530
        0.0000004118   0.0000151562  -0.0000033833  -0.0000126517  -0.0000303363
        0.0001529428  -0.0001454732  -0.0000499339   0.0000424071   0.0000183985
        0.0000636742  -0.0000385783  -0.0000104145   0.0000253163  -0.0000955027
       -0.0000465996   0.0001933374  -0.0002775532   0.0006834865   0.0002339411
       -0.0000556732  -0.0011424881  -0.0000318415   0.0000784152  -0.0000304991
       -0.0000236152   0.0000055701  -0.0000650395  -0.0001625583  -0.0001396443
       -0.0001939620  -0.0000221072  -0.0000477956  -0.0001233361  -0.0000118747
        0.0000000551   0.0000479668  -0.0000028204  -0.0000037811  -0.0000013886
        0.0000180757  -0.0000003666  -0.0000168550   0.0000114968   0.0000003663
       -0.0000051076
        0.0014662533   0.0004969606  -0.0006937427  -0.0018368654  -0.0002609590
        0.0000719372   0.0003456955   0.0002664824   0.0000907183  -0.0001166188
        0.0000235557   0.0000139014   0.0000222378  -0.0000195288  -0.0000019650
       -0.0000905776  -0.0000285995  -0.0000344083   0.0004165543  -0.0000845949
       -0.0001529744   0.0000177213   0.0000215459  -0.0000041598   0.0000442219
       -0.0000066654  -0.0000038080   0.0006302268  -0.0007905330   0.0008549433
       -0.0000712086   0.0001799293   0.0000434861  -0.0000145594  -0.0001734103
       -0.0000680718   0.0000205343   0.0001062704  -0.0000129169   0.0000625443
       -0.0000540478   0.0000496521  -0.0000097702   0.0000212133  -0.0000242977
       -0.0010628123   0.0002669796  -0.0003244531  -0.0125910105   0.0282564310
        0.0476970077  -0.0012076578  -0.0010583335  -0.0003640983  -0.0011987149
        0.0008887081   0.0009158391   0.0000039214  -0.0000589062  -0.0000236054
        0.0000576165   0.0000319045   0.0000144956   0.0000696922  -0.0000178959
       -0.0000277912  -0.0000138725   0.0000165625   0.0000333902   0.0000026485
       -0.0000063556  -0.0000050747   0.0000168635   0.0000087915   0.0000087788
       -0.0000066804  -0.0000144710   0.0000031381  -0.0000434430  -0.0000146023
        0.0000533538  -0.0000212560  -0.0000165901   0.0000049667  -0.0000449376
        0.0000931988  -0.0000263380   0.0000054567   0.0000000168   0.0000257278
        0.0000273701  -0.0000206590  -0.0000004454   0.0000237510  -0.0000135387
        0.0000026004  -0.0000146833   0.0000015416   0.0000154952  -0.0000024606
       -0.0000001715  -0.0000124837  -0.0000147335   0.0000143275   0.0000005715
        0.0000110413   0.0000322436  -0.0000161209   0.0000024375  -0.0000055716
        0.0000046880  -0.0000077738  -0.0000079009   0.0000076779   0.0134697819
       -0.0284342520  -0.0478667361   0.0025547394  -0.0005284034  -0.0006317844
       -0.0022067891   0.0007742411  -0.0001113605   0.0001177028   0.0008975919
        0.0002678170   0.0011211719  -0.0008318605   0.0002587243   0.0000403211
        0.0001007960  -0.0000942346  -0.0001553947  -0.0000805234   0.0000393772
        0.0000831008   0.0000240404  -0.0000237303  -0.0000084390  -0.0000060291
       -0.0000329618   0.0000056291  -0.0001745789   0.0001236830   0.0000427186
        0.0001074361  -0.0000331199   0.0000004887   0.0000117533   0.0000209139
        0.0000088935  -0.0000069418  -0.0000079404  -0.0000074252   0.0000031444
        0.0000061438   0.0000686591   0.0000658966  -0.0000318979  -0.0000256151
       -0.0000018985   0.0000064809   0.0000098390   0.0000105771   0.0000036730
        0.0000062563   0.0000028346  -0.0000124465  -0.0000027913  -0.0000071523
        0.0000037858
        0.0003785328  -0.0007330835   0.0008541532  -0.0003436439  -0.0000106486
       -0.0001408954  -0.0000424528   0.0000594511   0.0001197758   0.0000724707
       -0.0000207681  -0.0000259540  -0.0000026442  -0.0000368563  -0.0000297923
       -0.0000792220   0.0000251124   0.0000430603   0.0001285659   0.0000037123
        0.0000413118  -0.0000153384   0.0000079520   0.0000010976   0.0000045866
       -0.0000012341  -0.0000188153  -0.0014515082   0.0003024652   0.0001828654
        0.0001367366   0.0003102947   0.0000698431  -0.0001377410  -0.0001539510
       -0.0000810009   0.0000341142   0.0000858507  -0.0000022722   0.0000147464
       -0.0000350317   0.0000400153  -0.0000057485   0.0000144976  -0.0000133440
        0.0008794224  -0.0005512972  -0.0012896079   0.0316672577  -0.1426859432
       -0.1926034227  -0.0009598845   0.0005439918  -0.0001829515   0.0003919592
        0.0002555377  -0.0006578871  -0.0000153089  -0.0000328424  -0.0000610397
       -0.0000097752   0.0000010971  -0.0000026157   0.0000224596  -0.0000124561
       -0.0000257876  -0.0000193681  -0.0000293023  -0.0000556708   0.0000038315
       -0.0000047229  -0.0000088514   0.0000117501   0.0000073897   0.0000106849
       -0.0000050230  -0.0000045632   0.0000022771  -0.0000207410   0.0000094940
        0.0000144315  -0.0000253552   0.0000003008   0.0000020463   0.0001522813
       -0.0001793141   0.0000516945   0.0000856419  -0.0000121985  -0.0000226308
        0.0000304167  -0.0001005044   0.0000046819   0.0000055622  -0.0000078191
        0.0000011742   0.0000290598  -0.0000034456  -0.0000037833  -0.0000056162
       -0.0000030116  -0.0000022737   0.0000087960  -0.0000193616   0.0000022776
        0.0000053040   0.0000186978  -0.0000038409  -0.0000030273  -0.0000040860
        0.0000040981  -0.0000010161  -0.0000022351   0.0000059582  -0.0284342520
        0.1262506984   0.1654782635  -0.0033652258   0.0164690560   0.0263205287
        0.0018410295   0.0024857639   0.0007198667   0.0002498238  -0.0001192073
       -0.0006507028  -0.0012725480  -0.0021061226   0.0019006537   0.0000438302
        0.0000155446  -0.0000135309  -0.0000887768   0.0000019111   0.0000101772
        0.0000550626  -0.0000195148  -0.0000016390   0.0000103392  -0.0000057537
       -0.0000053867  -0.0000449578  -0.0000304929   0.0000201497   0.0000613415
        0.0000162545  -0.0000118205  -0.0000036553   0.0000163377   0.0000099302
        0.0000105741  -0.0000020968  -0.0000086133  -0.0000063153   0.0000000514
        0.0000125529   0.0000300785   0.0000119955  -0.0000062633  -0.0000073641
        0.0000035705   0.0000034034   0.0000003854   0.0000051837   0.0000028700
        0.0000005487   0.0000048673  -0.0000015639   0.0000000005   0.0000007852
        0.0000021148
       -0.0013139572   0.0000555275  -0.0006270768   0.0005587662   0.0000394971
        0.0000703342  -0.0002266959  -0.0000387619  -0.0000702479   0.0000555708
       -0.0000052576  -0.0000113712  -0.0000175223   0.0000080004   0.0000048288
        0.0000054840   0.0000078541   0.0000171833  -0.0002135989   0.0000332713
        0.0000165558   0.0000031542  -0.0000071476  -0.0000013990  -0.0000098242
        0.0000004364   0.0000199791   0.0020039185   0.0000361197  -0.0004938289
       -0.0003115335  -0.0003250475  -0.0002835050   0.0000558459   0.0003549334
        0.0001454195  -0.0000477418  -0.0001420272   0.0000448794  -0.0000521490
        0.0000222721  -0.0000183869   0.0000010607  -0.0000199966   0.0000238388
       -0.0014997453  -0.0009144161   0.0006894933   0.0433556046  -0.1553534087
       -0.3393065484   0.0001784389   0.0001906919   0.0008990120   0.0010143541
       -0.0005066740  -0.0000698789   0.0000133827  -0.0000292817   0.0000144027
       -0.0000215818  -0.0000199217  -0.0000001589  -0.0000165132  -0.0000011369
        0.0000078461   0.0000015715  -0.0000181533  -0.0000084322  -0.0000017269
        0.0000012073   0.0000009184  -0.0000093202  -0.0000035178  -0.0000070077
        0.0000034800   0.0000013687  -0.0000010567   0.0000175663   0.0000009185
       -0.0000104979   0.0000139744   0.0000046223   0.0000062129  -0.0002112383
       -0.0000008590   0.0002060688  -0.0000636736  -0.0000409108   0.0000210394
        0.0000034403   0.0000308243   0.0000145303  -0.0000311660  -0.0000086990
       -0.0000139259  -0.0000036102  -0.0000089611  -0.0000058865   0.0000013073
       -0.0000042607  -0.0000080175   0.0000019390  -0.0000019736   0.0000032614
       -0.0000122353  -0.0000143676   0.0000053358  -0.0000063826  -0.0000051228
       -0.0000053089  -0.0000002308  -0.0000018731   0.0000002978  -0.0478667361
        0.1654782635   0.3733744481   0.0042956950  -0.0110183070  -0.0338939420
       -0.0003905066   0.0008566276  -0.0012349363   0.0007482079  -0.0000542210
        0.0001386853   0.0000355805   0.0014084825   0.0003559614  -0.0000321254
       -0.0000063300  -0.0000007931   0.0000637185   0.0000000810  -0.0000017491
       -0.0000390233   0.0000142685  -0.0000048523  -0.0000095429   0.0000018572
       -0.0000007900   0.0000364694   0.0000136262  -0.0000008715  -0.0000379169
       -0.0000109968   0.0000011594   0.0000036330  -0.0000112906  -0.0000096266
       -0.0000042789   0.0000044488   0.0000051557   0.0000030108   0.0000014416
       -0.0000050532  -0.0000202316  -0.0000063395   0.0000001190   0.0000047506
        0.0000032215   0.0000039553  -0.0000045800   0.0000002215   0.0000019595
       -0.0000029980   0.0000033033   0.0000013304  -0.0000015380   0.0000058729
        0.0000009378
        0.0016427112  -0.0003602765   0.0008219091  -0.0018637370  -0.0001338657
       -0.0000811596   0.0003648491   0.0001415647   0.0001096383  -0.0000893169
       -0.0000081901  -0.0000054056  -0.0000072779  -0.0000105348   0.0000105226
       -0.0001308016   0.0000146624   0.0000042155   0.0004204866  -0.0001555805
       -0.0001069724   0.0000122612   0.0000354775   0.0000009184   0.0000502928
       -0.0000096556  -0.0000226463  -0.0040478607  -0.0016408309   0.0011716899
        0.0004269420   0.0007990889   0.0008327889  -0.0000551978  -0.0007546100
       -0.0003487738   0.0000809069   0.0003924319  -0.0000852244   0.0001573734
       -0.0001027274   0.0000992595  -0.0000239565   0.0000459655  -0.0000576264
        0.0003503947   0.0014946807  -0.0011309051  -0.0077883789   0.0172101848
       -0.0097281890  -0.0001363776  -0.0002074210  -0.0008051367  -0.0014837915
        0.0013282434  -0.0010016221  -0.0000001115   0.0000063149  -0.0000144673
        0.0000518941   0.0000442989   0.0000154086   0.0000684433  -0.0000199967
       -0.0000375494  -0.0000568670   0.0000711486   0.0000339493   0.0000028245
       -0.0000096793  -0.0000097260   0.0000294124   0.0000129624   0.0000177242
       -0.0000095311  -0.0000156556   0.0000043218  -0.0000638507  -0.0000109996
        0.0000610720  -0.0000413414  -0.0000194961   0.0000019015  -0.0006051225
        0.0002512732   0.0003884135   0.0000725795   0.0000560943   0.0000178486
        0.0000425428  -0.0000167801   0.0000315345   0.0000708583  -0.0000054546
        0.0000299022  -0.0000240176   0.0000003077   0.0000261354  -0.0000064958
       -0.0000052417  -0.0000126805  -0.0000277471   0.0000200093   0.0000051583
        0.0000231165   0.0000575482  -0.0000237325   0.0000047468  -0.0000044891
        0.0000147019  -0.0000145159  -0.0000120810   0.0000123370   0.0025547394
       -0.0033652258   0.0042956950   0.0097525439  -0.0148867580   0.0057289544
       -0.0013820251  -0.0002342098   0.0003565538   0.0001144980   0.0004708588
        0.0002341891   0.0014531949  -0.0005200792  -0.0008392844   0.0000828321
        0.0000972424  -0.0000918313  -0.0002270163  -0.0000719630   0.0000420043
        0.0001275143   0.0000075641  -0.0000198929   0.0000005358  -0.0000144198
       -0.0000293298  -0.0000444402  -0.0001717506   0.0001186840   0.0000918553
        0.0001144099  -0.0000372496  -0.0000009874   0.0000247526   0.0000293262
        0.0000162682  -0.0000117969  -0.0000133839  -0.0000110266   0.0000038992
        0.0000151062   0.0000933414   0.0000718218  -0.0000318330  -0.0000354713
       -0.0000031176   0.0000070744   0.0000120090   0.0000145832   0.0000052834
        0.0000075724   0.0000044918  -0.0000141181  -0.0000022768  -0.0000089942
        0.0000045185
        0.0001658762  -0.0009948769   0.0010895628  -0.0002861641  -0.0000829316
       -0.0000155369   0.0000798392  -0.0000627373   0.0000673972  -0.0001617648
       -0.0000564002  -0.0000301347  -0.0000586833  -0.0001055351  -0.0000566108
        0.0000889298   0.0001114836   0.0000403054  -0.0000501766   0.0001204154
        0.0001418388   0.0000103249   0.0000130352  -0.0000014639   0.0000247586
        0.0000055811  -0.0000159242  -0.0099560633   0.0026150099   0.0023093573
        0.0017017134   0.0010679089   0.0008923134  -0.0002774795  -0.0011185573
       -0.0004887983   0.0000957650   0.0003832166  -0.0001497227   0.0001280825
       -0.0000907953   0.0001026267  -0.0000184022   0.0000453514  -0.0000539416
        0.0076738189   0.0014932825  -0.0034195985   0.0145597384  -0.2527397273
        0.2140005150  -0.0000527197   0.0001045988  -0.0002171375   0.0012607785
        0.0000985265   0.0007131188  -0.0000103434  -0.0000174909  -0.0000575211
       -0.0000008615   0.0000112155  -0.0000055769   0.0000211906  -0.0000197446
       -0.0000291935   0.0000406741  -0.0000915049  -0.0000523126   0.0000082557
       -0.0000107195  -0.0000086516   0.0000084955   0.0000068797   0.0000110867
       -0.0000085493  -0.0000136916  -0.0000021185  -0.0000378524   0.0000068306
        0.0000368677  -0.0000396670  -0.0000057013   0.0000004344   0.0004195959
       -0.0007725666  -0.0009699165   0.0002459478   0.0000408545  -0.0000418179
        0.0000310446  -0.0001764123  -0.0000031809   0.0000466519  -0.0000195043
        0.0000277418   0.0000208687  -0.0000022595   0.0000125555  -0.0000159251
       -0.0000047782  -0.0000015230  -0.0000043112  -0.0000161481  -0.0000005794
        0.0000185876   0.0000461295  -0.0000182476   0.0000010861  -0.0000038844
        0.0000109080  -0.0000066149  -0.0000058072   0.0000088228  -0.0005284034
        0.0164690560  -0.0110183070  -0.0148867580   0.2358278090  -0.2015850160
       -0.0000964638  -0.0010036406   0.0006217624   0.0000958461   0.0000862023
       -0.0003437243  -0.0003280861  -0.0011455871  -0.0014719779   0.0000870313
        0.0000005700  -0.0000217460  -0.0001700558   0.0000264327   0.0000094441
        0.0001056264  -0.0000428450  -0.0000063429   0.0000184558  -0.0000115919
       -0.0000319335  -0.0000846586   0.0000626249   0.0000626813   0.0000941696
       -0.0000489993  -0.0000563734  -0.0000089345   0.0000365350   0.0000307056
        0.0000141564  -0.0000151837  -0.0000158541  -0.0000153255  -0.0000086277
        0.0000271508   0.0000543603   0.0000074698  -0.0000153053  -0.0000203676
       -0.0000004471   0.0000034234   0.0000026082   0.0000048849  -0.0000036191
        0.0000007193   0.0000021711  -0.0000105633  -0.0000003658  -0.0000053787
       -0.0000003488
        0.0013271420   0.0005327924  -0.0005262854  -0.0008060688  -0.0000701344
        0.0000284931   0.0002102765   0.0002262555   0.0000753814  -0.0000498221
        0.0000366562   0.0000260838   0.0000466889  -0.0000146730  -0.0000151785
       -0.0000138001  -0.0000426162  -0.0000377171   0.0002550579  -0.0000178189
       -0.0001155858  -0.0000010037  -0.0000034867  -0.0000091980   0.0000127280
        0.0000008729   0.0000217622   0.0036095891  -0.0002687480   0.0005320469
       -0.0005930474  -0.0004458853  -0.0003646298  -0.0000624056   0.0002795183
        0.0001685482   0.0000245365  -0.0001090426   0.0000508171  -0.0000352112
        0.0000417301  -0.0000063832   0.0000081209  -0.0000045457   0.0000121227
       -0.0029798537  -0.0015168685  -0.0019428519  -0.0048711250   0.1770969099
       -0.2231371436  -0.0009014272  -0.0002101604  -0.0005075069  -0.0013231152
        0.0003775704   0.0001528297  -0.0000122683  -0.0000576744  -0.0000217023
        0.0000218642   0.0000007150   0.0000048425   0.0000303513  -0.0000096767
       -0.0000080602   0.0000005545  -0.0000319100   0.0000051733   0.0000042090
       -0.0000026898   0.0000004414  -0.0000003250  -0.0000004798  -0.0000048796
       -0.0000007783  -0.0000040235   0.0000011641   0.0000068020  -0.0000099028
        0.0000128104   0.0000159595   0.0000013070   0.0000121234   0.0008767340
        0.0000872898  -0.0002690431  -0.0000092130  -0.0000264479  -0.0000010622
        0.0000137699  -0.0000099566   0.0000116301  -0.0000225950  -0.0000119678
       -0.0000301402   0.0000126390   0.0000080210   0.0000015670   0.0000083089
        0.0000062155  -0.0000221409   0.0000067503   0.0000015882   0.0000045394
       -0.0000006519  -0.0000021352   0.0000037560  -0.0000041344  -0.0000061929
       -0.0000102928   0.0000056782   0.0000017497   0.0000020443  -0.0006317844
        0.0263205287  -0.0338939420   0.0057289544  -0.2015850160   0.2586594103
        0.0012935833   0.0016856838   0.0001237276  -0.0004748447  -0.0002210008
       -0.0000973305  -0.0007238725  -0.0020403699   0.0011363532  -0.0000323635
        0.0000396197  -0.0000470429   0.0000185984  -0.0000271486   0.0000137513
       -0.0000155316   0.0000160433  -0.0000143506  -0.0000235132   0.0000001934
       -0.0000349147   0.0000697721  -0.0000516129   0.0000845037  -0.0000375351
        0.0000222586  -0.0000274149   0.0000050596  -0.0000116754   0.0000081715
        0.0000042790   0.0000067228  -0.0000006456   0.0000039672   0.0000120893
       -0.0000043689  -0.0000044934   0.0000112668  -0.0000153844   0.0000033478
        0.0000014585   0.0000077281   0.0000026193  -0.0000017866   0.0000026116
        0.0000024782   0.0000006867  -0.0000019568   0.0000003648  -0.0000000963
        0.0000027182
       -0.0021986323   0.0012860800   0.0009572154   0.0017321972   0.0002823997
        0.0003072929  -0.0000890835  -0.0005252611  -0.0003840224   0.0003360986
        0.0001032399   0.0000352740   0.0000248734   0.0001415265   0.0000839828
        0.0000183712   0.0000061389  -0.0000088564  -0.0004343507   0.0000031816
        0.0000153273  -0.0000451551  -0.0000230206   0.0000384073  -0.0000788991
       -0.0000015681  -0.0000070030  -0.0024268839  -0.0000243693  -0.0007193482
        0.0006715115  -0.0000255018   0.0003193135   0.0004479393   0.0000982385
        0.0000438460  -0.0000950003  -0.0000721495  -0.0000340441  -0.0000752417
        0.0001132773  -0.0001009776   0.0000159374  -0.0000346592   0.0000392373
        0.0041092932   0.0005948920   0.0019507320   0.0028424948  -0.0011613370
       -0.0006735025  -0.0007937267  -0.0014856356   0.0001827775  -0.0009879969
       -0.0000574112   0.0002411951   0.0002067676   0.0002785289   0.0002483533
       -0.0000327192  -0.0000302299  -0.0000141869  -0.0000933458   0.0000553264
        0.0000713296  -0.0000099488   0.0001234641   0.0000959611  -0.0000192176
        0.0000220272   0.0000174118  -0.0000146553  -0.0000164568  -0.0000182714
        0.0000184210   0.0000322669  -0.0000084833   0.0000764343   0.0000204354
       -0.0000861986   0.0000441743   0.0000241594  -0.0000149091   0.0000519870
        0.0001872950  -0.0001687717  -0.0000386019   0.0001458420  -0.0000606056
       -0.0002589045   0.0002431452  -0.0000939107   0.0000449983   0.0001139327
        0.0000343522  -0.0000191606  -0.0000118793  -0.0000094962   0.0000016222
       -0.0000099914   0.0000554406   0.0000134939  -0.0000132908  -0.0000087672
       -0.0000225134  -0.0000661175   0.0000383829   0.0000056648   0.0000262715
       -0.0000007896   0.0000159093   0.0000090839  -0.0000165054  -0.0022067891
        0.0018410295  -0.0003905066  -0.0013820251  -0.0000964638   0.0012935833
        0.2580916204  -0.2244202446  -0.1148532046  -0.2297556653   0.2084946387
        0.0920924055  -0.0275800179   0.0139001889   0.0194455941  -0.0000945584
       -0.0001313722   0.0001479705   0.0003130887   0.0000783738  -0.0000599329
       -0.0001763565  -0.0000010488   0.0000349204   0.0000103418   0.0000148915
        0.0000662351   0.0000190656   0.0001812731  -0.0002226101  -0.0000931070
       -0.0001060966   0.0000962812  -0.0000010569  -0.0000301239  -0.0000386059
       -0.0000180071   0.0000152697   0.0000183519   0.0000165757  -0.0000007663
       -0.0000187716  -0.0001125793  -0.0000811543   0.0000513626   0.0000482535
        0.0000014562  -0.0000167123  -0.0000150905  -0.0000147711  -0.0000056762
       -0.0000106070  -0.0000059274   0.0000192164   0.0000027626   0.0000089734
       -0.0000070839
        0.0034920376   0.0005051775  -0.0016495958  -0.0018544084  -0.0003671355
       -0.0000359439   0.0004257262  -0.0000130903  -0.0002586271  -0.0000029966
        0.0000889551   0.0000422478   0.0000064172   0.0001059832   0.0000959768
       -0.0002719717  -0.0001317670  -0.0000562051   0.0006096200  -0.0001498417
       -0.0002201562   0.0000012867   0.0000308184   0.0000128757   0.0000359534
       -0.0000269885   0.0000041388  -0.0000822629  -0.0025677202   0.0003205889
        0.0004560539   0.0005525538   0.0005178632   0.0007781098  -0.0008054271
       -0.0003051584   0.0000066241   0.0003029000  -0.0000239055   0.0001326481
       -0.0000059244  -0.0000698561  -0.0000041038   0.0000021818  -0.0000077070
        0.0000696439   0.0041702262   0.0004201517  -0.0003620779  -0.0044586612
       -0.0039902837  -0.0011750935  -0.0018301931   0.0002310274  -0.0009477674
        0.0003515930   0.0001390139   0.0001430931   0.0001088432   0.0002475752
        0.0000523229   0.0000381091   0.0000326050   0.0000180375   0.0000152079
        0.0000128767  -0.0000216448   0.0000748856   0.0000860429  -0.0000227536
        0.0000099250   0.0000162572   0.0000137980  -0.0000016077   0.0000011692
        0.0000075088   0.0000119005   0.0000028128   0.0000077553  -0.0000232641
        0.0000050002   0.0000352837  -0.0000136342  -0.0000075680  -0.0001905108
        0.0005176835   0.0000097108  -0.0001316129   0.0002266659   0.0001169022
       -0.0001925569   0.0004804376  -0.0001655269   0.0001714721   0.0000987767
        0.0000823488  -0.0001779940   0.0000044792   0.0000633997  -0.0000022257
       -0.0000090206   0.0000504459  -0.0000700199   0.0000786558  -0.0000153100
       -0.0000065180  -0.0000308545   0.0000142847   0.0000180218   0.0000173290
        0.0000115733  -0.0000217691  -0.0000070626  -0.0000028609   0.0007742411
        0.0024857639   0.0008566276  -0.0002342098  -0.0010036406   0.0016856838
       -0.2244202446   0.2303480189   0.0235196265   0.2038243565  -0.1903368275
       -0.0749278348   0.0192038607  -0.0388795735   0.0531287328  -0.0000688160
        0.0001002808  -0.0000424353   0.0000603546  -0.0001057467   0.0000189700
       -0.0000660300   0.0000780252  -0.0000094794  -0.0000158348   0.0000118867
        0.0000189534   0.0000906561  -0.0002626213  -0.0000075242  -0.0000884160
        0.0001777700   0.0000709111   0.0000110884  -0.0000254656  -0.0000183095
       -0.0000154378   0.0000030330   0.0000148222   0.0000022101   0.0000062103
       -0.0000291744  -0.0000107321   0.0000541899  -0.0000046489   0.0000065656
        0.0000010739  -0.0000052074   0.0000047949  -0.0000002662   0.0000012251
        0.0000032173  -0.0000041296   0.0000019982  -0.0000047502   0.0000009232
       -0.0000011210
        0.0026978443  -0.0018338982   0.0019188104  -0.0015502973  -0.0000177580
       -0.0001549628   0.0003821626  -0.0003030883   0.0000351532  -0.0000425769
       -0.0000494103  -0.0000442472  -0.0000814058   0.0000107450   0.0000364631
       -0.0002014385   0.0000571170   0.0000566839   0.0002378719  -0.0000848938
        0.0000023220   0.0000070026   0.0000501649   0.0000160970   0.0000451106
       -0.0000140478  -0.0000703740  -0.0107622491   0.0006474473  -0.0011022494
        0.0010154106   0.0027492278   0.0003608682  -0.0003617562  -0.0016930305
       -0.0007904929   0.0002294509   0.0006000199   0.0000252788   0.0001738560
       -0.0002437979   0.0001159766  -0.0000270070   0.0000516841  -0.0000852108
        0.0112123676  -0.0002537625  -0.0197514131  -0.0003011142  -0.0027179369
       -0.0002803833  -0.0005137829   0.0004133318  -0.0008246129  -0.0001459977
        0.0004551582  -0.0003950114   0.0000406886   0.0002433487   0.0000198420
        0.0000237042   0.0000620592   0.0000064608   0.0000157422   0.0000019323
       -0.0000266387  -0.0000261003   0.0000615749   0.0000075325  -0.0000146276
       -0.0000022695  -0.0000047803   0.0000379042   0.0000126812   0.0000287913
       -0.0000109856  -0.0000056658   0.0000006641  -0.0000690418   0.0000112620
        0.0000422835  -0.0000631094  -0.0000197447  -0.0000205274   0.0012384131
       -0.0012422093   0.0009559281   0.0001250830   0.0000128235   0.0000197317
        0.0000144437  -0.0001465804  -0.0001599757   0.0002065975   0.0000845741
        0.0001002623  -0.0000202614  -0.0000030752   0.0000273731  -0.0000227124
       -0.0000074961   0.0000447717  -0.0000298945  -0.0000082203  -0.0000139729
        0.0000267645   0.0000536664  -0.0000204223   0.0000184715   0.0000156140
        0.0000416954  -0.0000188593  -0.0000105756   0.0000096158  -0.0001113605
        0.0007198667  -0.0012349363   0.0003565538   0.0006217624   0.0001237276
       -0.1148532046   0.0235196265   0.4929165651   0.1182220518  -0.1009432054
       -0.0880172625  -0.0072477741   0.0791108594  -0.3839733628   0.0001382473
        0.0000322751  -0.0000089321  -0.0002608829  -0.0000097922   0.0000092796
        0.0001533693  -0.0000311172   0.0000150820   0.0000476679  -0.0000077111
        0.0000111557  -0.0001648536  -0.0000780109  -0.0000187356   0.0001658787
        0.0000641234   0.0000095612  -0.0000050809   0.0000537529   0.0000231202
        0.0000153357  -0.0000194891  -0.0000129222  -0.0000165652  -0.0000151022
        0.0000292453   0.0000957766   0.0000450520   0.0000057089  -0.0000362324
       -0.0000094738  -0.0000034755   0.0000092583   0.0000165694   0.0000036437
        0.0000070728   0.0000029066  -0.0000061315  -0.0000009297  -0.0000098634
        0.0000013386
       -0.0008960692  -0.0000265238   0.0000749163   0.0005492807   0.0002624456
        0.0002091826  -0.0001368712   0.0000108507   0.0000526439  -0.0000243871
       -0.0000234967  -0.0000084571  -0.0000236992  -0.0000349009  -0.0000255442
        0.0000374146   0.0000488864   0.0000202707  -0.0002890888   0.0000285190
        0.0000703173   0.0000188069  -0.0000040559  -0.0000062463  -0.0000075770
        0.0000144184   0.0000093907   0.0001987599   0.0006836070  -0.0001973607
       -0.0000983773  -0.0001186938  -0.0001357078  -0.0002277265   0.0002095956
        0.0000486032   0.0000231081  -0.0000598412   0.0000101963  -0.0000291099
       -0.0000054482   0.0000262859   0.0000049640   0.0000001481   0.0000041047
       -0.0001217247  -0.0005438766  -0.0001850480  -0.0002239985  -0.0001264477
       -0.0002310102   0.0008931504   0.0000579092   0.0001954033   0.0000813591
       -0.0001868422   0.0000550477  -0.0000617956   0.0000003899  -0.0000155939
       -0.0000387821  -0.0000173237  -0.0000088174  -0.0000174466  -0.0000090607
       -0.0000021577   0.0000097510  -0.0000451097  -0.0000360135   0.0000047599
       -0.0000028107   0.0000008635  -0.0000113798   0.0000008070  -0.0000037180
       -0.0000041787  -0.0000088822   0.0000009897  -0.0000062035   0.0000023508
        0.0000066270  -0.0000085501   0.0000030141   0.0000066411   0.0000018854
       -0.0001640456   0.0000318177   0.0000367889  -0.0000976267  -0.0000250176
        0.0000205893  -0.0000913456   0.0001644474  -0.0000799756  -0.0000555981
       -0.0000334892   0.0000511906  -0.0000014895  -0.0000274868   0.0000034989
        0.0000019388  -0.0000318977   0.0000176272  -0.0000242497   0.0000140998
        0.0000027336   0.0000105018  -0.0000092848  -0.0000111269  -0.0000148323
       -0.0000098070   0.0000038455   0.0000049057   0.0000008103   0.0001177028
        0.0002498238   0.0007482079   0.0001144980   0.0000958461  -0.0004748447
       -0.2297556653   0.2038243565   0.1182220518   0.2312008900  -0.2056607247
       -0.1230422335  -0.0013322667   0.0018332621   0.0045539277   0.0000202849
       -0.0000247553  -0.0000059767  -0.0000269232   0.0000174710   0.0000059585
        0.0000228740  -0.0000161764  -0.0000039224   0.0000029865  -0.0000065531
       -0.0000134627  -0.0000222568   0.0000816890   0.0000300733   0.0000211369
       -0.0000596852  -0.0000431685  -0.0000029243   0.0000077609   0.0000065256
        0.0000037405  -0.0000042818  -0.0000041733  -0.0000030684  -0.0000021906
        0.0000082994   0.0000062841  -0.0000084355  -0.0000073897  -0.0000090648
       -0.0000044065   0.0000086891  -0.0000004009  -0.0000018418  -0.0000002203
        0.0000008699   0.0000005389  -0.0000001361  -0.0000001430   0.0000005159
        0.0000017935
        0.0000959345   0.0000174178   0.0003995698  -0.0002824832  -0.0001324273
       -0.0001800725   0.0000210500   0.0001022529   0.0001187292  -0.0000870474
       -0.0000080277   0.0000146440   0.0000295322  -0.0000458463  -0.0000344174
        0.0000604954  -0.0000167864  -0.0000172773   0.0000928903   0.0000201601
        0.0000116673   0.0000170712  -0.0000008190  -0.0000069372   0.0000068119
        0.0000094494  -0.0000044570   0.0005779657   0.0002957203   0.0002883394
       -0.0001663905  -0.0002218771  -0.0000813006  -0.0001803215   0.0001916158
        0.0000917682  -0.0000051959  -0.0000529675  -0.0000108607  -0.0000271015
        0.0000111502   0.0000335108  -0.0000006698   0.0000051727  -0.0000014525
       -0.0007212698  -0.0004364423   0.0003485169  -0.0008397848  -0.0000273651
        0.0000228724  -0.0000029306   0.0000428276  -0.0005220270   0.0002306555
        0.0000745887  -0.0000919906  -0.0000399189  -0.0000658759  -0.0001049424
        0.0000180486   0.0000006517  -0.0000078193   0.0000319800  -0.0000059947
       -0.0000151315   0.0000085088  -0.0000120155  -0.0000179835   0.0000059178
       -0.0000051876  -0.0000089735   0.0000038277   0.0000035767   0.0000023639
       -0.0000047194  -0.0000093743  -0.0000015143  -0.0000155855   0.0000026116
        0.0000147801  -0.0000203842  -0.0000016778   0.0000040522  -0.0000344265
        0.0000048920  -0.0000787745   0.0000324659  -0.0000407395  -0.0000277654
        0.0000672131  -0.0001007128   0.0000441904  -0.0000507737  -0.0000287832
       -0.0000321522   0.0000449171  -0.0000050086  -0.0000121437   0.0000008206
        0.0000000587  -0.0000175954   0.0000241953  -0.0000282705   0.0000080155
        0.0000039777   0.0000182870  -0.0000074908  -0.0000071914  -0.0000074583
       -0.0000055115   0.0000059807  -0.0000017715   0.0000030530   0.0008975919
       -0.0001192073  -0.0000542210   0.0004708588   0.0000862023  -0.0002210008
        0.2084946387  -0.1903368275  -0.1009432054  -0.2056607247   0.1861633793
        0.1019663148  -0.0031523181   0.0046497303  -0.0008513857   0.0000388759
       -0.0000093382  -0.0000099574  -0.0000691869   0.0000160073   0.0000010559
        0.0000508537  -0.0000204259  -0.0000018823   0.0000016707  -0.0000047446
       -0.0000139916  -0.0000287295   0.0000506207   0.0000316048   0.0000389474
       -0.0000339192  -0.0000287837  -0.0000013287   0.0000105142   0.0000113182
        0.0000079213  -0.0000017115  -0.0000070406  -0.0000019586  -0.0000017604
        0.0000125098   0.0000246276   0.0000004102  -0.0000070265  -0.0000068634
        0.0000024349   0.0000032324   0.0000001969   0.0000031757  -0.0000000234
       -0.0000000939   0.0000025413  -0.0000053525   0.0000009553  -0.0000020862
        0.0000003523
       -0.0003663601   0.0003841923   0.0000683062   0.0001173510  -0.0000449206
       -0.0000981559  -0.0000672260   0.0000673964  -0.0000168268  -0.0000080353
        0.0000178555   0.0000154197   0.0000125068  -0.0000061862  -0.0000031902
        0.0000185981  -0.0000328227  -0.0000111928   0.0000223358   0.0000360079
       -0.0000185659   0.0000076063  -0.0000045942  -0.0000051780   0.0000018085
        0.0000004869   0.0000213996   0.0019044376  -0.0007608978  -0.0001665669
       -0.0003346751  -0.0002808173  -0.0000594917   0.0001884064   0.0000708706
        0.0000479744  -0.0000253484  -0.0000375944   0.0000506788  -0.0000035306
        0.0000342437  -0.0000323409   0.0000024117  -0.0000030385   0.0000190262
       -0.0016797768   0.0007870595   0.0005067054  -0.0004109854   0.0003819347
       -0.0001144851   0.0009726868  -0.0006739031  -0.0005679845   0.0000777202
        0.0000178056   0.0000316995   0.0000226464  -0.0000552079   0.0000111210
        0.0000021130  -0.0000105294   0.0000038157   0.0000087685  -0.0000035420
        0.0000030101   0.0000051523  -0.0000055940   0.0000042570   0.0000019459
        0.0000008929   0.0000004099  -0.0000064223  -0.0000020712  -0.0000065218
        0.0000043199  -0.0000005206   0.0000005011   0.0000118690  -0.0000049043
       -0.0000023656   0.0000193944   0.0000006794   0.0000081783  -0.0001288473
        0.0001956473   0.0001056516  -0.0000951438   0.0000415893   0.0000466371
        0.0001122772   0.0001247821  -0.0000710131  -0.0000108801  -0.0000070927
       -0.0000089500  -0.0000555416  -0.0000029985   0.0000125019   0.0000023541
       -0.0000017281  -0.0000081291  -0.0000032108   0.0000310032   0.0000011963
       -0.0000067566  -0.0000122390   0.0000035633  -0.0000036638  -0.0000065969
       -0.0000081357  -0.0000074453  -0.0000034207   0.0000004118   0.0002678170
       -0.0006507028   0.0001386853   0.0002341891  -0.0003437243  -0.0000973305
        0.0920924055  -0.0749278348  -0.0880172625  -0.1230422335   0.1019663148
        0.1064497062   0.0301787009  -0.0262819789  -0.0182113146  -0.0000377541
        0.0000204631  -0.0000222617   0.0000541300  -0.0000149731   0.0000044101
       -0.0000360469   0.0000189617  -0.0000099239  -0.0000159518   0.0000011359
       -0.0000080116   0.0000565591  -0.0000414254   0.0000272770  -0.0000502932
        0.0000216928  -0.0000011335   0.0000045933  -0.0000119869  -0.0000047051
       -0.0000041844   0.0000047450   0.0000046987   0.0000055126   0.0000032781
       -0.0000089536  -0.0000153272   0.0000010489  -0.0000090080   0.0000085894
        0.0000038509   0.0000025470  -0.0000014906  -0.0000024346   0.0000001109
       -0.0000009806   0.0000000279  -0.0000013524  -0.0000010950   0.0000023146
        0.0000004515
        0.0009741411  -0.0007781150   0.0010259615  -0.0015122614   0.0000554275
       -0.0001277616   0.0003172845   0.0001802971   0.0002569559  -0.0001457617
       -0.0000676865  -0.0000304529  -0.0000187845  -0.0000921148  -0.0000599729
        0.0000082302   0.0000654763   0.0000398874   0.0002102857  -0.0000460351
       -0.0000354297  -0.0000009337   0.0000211834  -0.0000138604   0.0000396426
       -0.0000075771  -0.0000197671  -0.0026796518   0.0014507904   0.0024143433
       -0.0004486401   0.0007719924  -0.0001656450  -0.0003860871  -0.0004141062
       -0.0002816009   0.0001127402   0.0001535244   0.0000230616   0.0001155450
       -0.0001585264   0.0001121430  -0.0000241806   0.0000469062  -0.0000583387
       -0.0021429077  -0.0007272622  -0.0031095961  -0.0018972205   0.0004220713
        0.0003875420  -0.0016399303   0.0022323297  -0.0018129530   0.0003167214
        0.0002987864  -0.0002198256  -0.0001034637  -0.0000988996  -0.0001907602
        0.0000432773   0.0000390447   0.0000126832   0.0000614700  -0.0000349072
       -0.0000459818  -0.0000041200  -0.0000414657  -0.0000426520   0.0000131327
       -0.0000148682  -0.0000150178   0.0000251471   0.0000135343   0.0000204925
       -0.0000146619  -0.0000181591   0.0000044612  -0.0000672369  -0.0000082466
        0.0000639374  -0.0000488127  -0.0000186405   0.0000031653   0.0002416220
       -0.0005667632   0.0004679344   0.0001495496  -0.0000921855   0.0000144709
        0.0002109805  -0.0005234668  -0.0000188324   0.0000586395  -0.0000245440
        0.0000128004   0.0000403819   0.0000253275   0.0000112459  -0.0000080599
        0.0000033655  -0.0000264987  -0.0000224765   0.0000211300   0.0000014425
        0.0000281243   0.0000706914  -0.0000332316   0.0000060188  -0.0000088813
        0.0000146335  -0.0000162280  -0.0000107576   0.0000151562   0.0011211719
       -0.0012725480   0.0000355805   0.0014531949  -0.0003280861  -0.0007238725
       -0.0275800179   0.0192038607  -0.0072477741  -0.0013322667  -0.0031523181
        0.0301787009   0.0344136583  -0.0166329723  -0.0208153084   0.0000982854
        0.0001026633  -0.0000992499  -0.0002477228  -0.0000669263   0.0000420843
        0.0001437545  -0.0000016780  -0.0000194792   0.0000064456  -0.0000140322
       -0.0000415024  -0.0000591066  -0.0001631710   0.0001446981   0.0001097160
        0.0001047853  -0.0000542456  -0.0000066465   0.0000334087   0.0000384081
        0.0000219330  -0.0000136469  -0.0000199549  -0.0000148858   0.0000005479
        0.0000212496   0.0000983199   0.0000719282  -0.0000338702  -0.0000357243
       -0.0000023000   0.0000077264   0.0000120120   0.0000153473   0.0000048171
        0.0000077391   0.0000053224  -0.0000163279  -0.0000013751  -0.0000088549
        0.0000041804
       -0.0016522685  -0.0002142511  -0.0002332160   0.0014307579   0.0001251403
        0.0000008937  -0.0003931958  -0.0000872262   0.0000294662   0.0000304215
       -0.0000394763  -0.0000181142  -0.0000161561  -0.0000208109  -0.0000257317
        0.0001157899   0.0000355602   0.0000242226  -0.0003523088   0.0001072647
        0.0001392553   0.0000033777  -0.0000191050  -0.0000040557  -0.0000338340
        0.0000188921   0.0000015810   0.0027771584   0.0017577296  -0.0011483775
       -0.0006426144  -0.0008327433  -0.0006986679  -0.0006304527   0.0009493365
        0.0004347193  -0.0000010023  -0.0003578444   0.0000101593  -0.0001441530
        0.0000222464   0.0000158786   0.0000115138  -0.0000266522   0.0000213386
       -0.0013655426  -0.0040504165   0.0010711764   0.0003393764   0.0013673526
        0.0003176742   0.0020194132   0.0001815494   0.0013106815   0.0006642221
       -0.0004804961   0.0000947959  -0.0000310842  -0.0000043248  -0.0000657408
       -0.0000490489  -0.0000304946  -0.0000209217  -0.0000321813   0.0000011783
        0.0000048863   0.0000147394  -0.0000396210  -0.0000420301   0.0000056483
       -0.0000027383  -0.0000033291  -0.0000176016  -0.0000036915  -0.0000042803
       -0.0000016379  -0.0000013126  -0.0000035522   0.0000116475   0.0000165972
       -0.0000192427  -0.0000120220   0.0000132091   0.0000021946   0.0001381086
       -0.0004768859  -0.0000934932   0.0000549380  -0.0002330737  -0.0001224751
       -0.0001220389  -0.0005501546   0.0001002853  -0.0001034616  -0.0000278140
       -0.0000449801   0.0001536401  -0.0000014588  -0.0000580816   0.0000029950
        0.0000062170  -0.0000194679   0.0000459081  -0.0000721101   0.0000055442
       -0.0000034210   0.0000018575  -0.0000034316  -0.0000091937  -0.0000040344
       -0.0000082411   0.0000227287   0.0000103543  -0.0000033833  -0.0008318605
       -0.0021061226   0.0014084825  -0.0005200792  -0.0011455871  -0.0020403699
        0.0139001889  -0.0388795735   0.0791108594   0.0018332621   0.0046497303
       -0.0262819789  -0.0166329723   0.0404832641  -0.0531455090   0.0000243721
       -0.0000966094   0.0000576386   0.0000258705   0.0000733446  -0.0000192103
        0.0000021095  -0.0000435449   0.0000111763   0.0000132788  -0.0000020017
       -0.0000007594  -0.0000523425   0.0002248206  -0.0000410107   0.0000315273
       -0.0001481972  -0.0000302146  -0.0000061235   0.0000089098   0.0000026013
        0.0000040714  -0.0000008187  -0.0000045239   0.0000002695  -0.0000060728
        0.0000145421  -0.0000187128  -0.0000469116   0.0000114227   0.0000051367
       -0.0000003059   0.0000026796  -0.0000063406  -0.0000052980  -0.0000027135
       -0.0000034126   0.0000004895   0.0000037020   0.0000025922   0.0000027355
       -0.0000007538
       -0.0002478841   0.0011115300  -0.0030538437   0.0003426598  -0.0001370583
       -0.0000096118  -0.0001788732   0.0004194846   0.0000997084  -0.0000117722
        0.0000718875   0.0000772467   0.0001234016   0.0000122483  -0.0000282475
        0.0001286419  -0.0001546544  -0.0000929187   0.0000963692  -0.0000194369
       -0.0001062936  -0.0000153592  -0.0000487786  -0.0000198851  -0.0000385278
        0.0000167992   0.0000616190   0.0177472570  -0.0017233090   0.0003881947
       -0.0017239769  -0.0037677261  -0.0007030202  -0.0000311214   0.0023461648
        0.0010864005  -0.0002518887  -0.0008100536  -0.0000075532  -0.0002476326
        0.0002603061  -0.0001124217   0.0000323683  -0.0000610317   0.0000863439
       -0.0137880521   0.0007952824   0.0050395154   0.0005066169  -0.0004761722
       -0.0013768892  -0.0028204900   0.0018226425   0.0003809710  -0.0002344580
       -0.0003625561   0.0002031871  -0.0000996116  -0.0001994518  -0.0001346476
        0.0000006256  -0.0000440168  -0.0000044900   0.0000052095   0.0000000540
        0.0000214598   0.0000271736  -0.0000623298  -0.0000156233   0.0000132113
        0.0000032431   0.0000073980  -0.0000312356  -0.0000094393  -0.0000261574
        0.0000095246   0.0000063246  -0.0000007463   0.0000655382  -0.0000151264
       -0.0000408291   0.0000607189   0.0000203188   0.0000175341  -0.0017478543
        0.0015889639  -0.0006793859  -0.0001216196  -0.0001049635  -0.0000085277
        0.0000754749   0.0001475315   0.0003533983  -0.0002552030  -0.0000991577
       -0.0001359612   0.0000895021   0.0000129081  -0.0000481925   0.0000320813
        0.0000128581  -0.0000545510   0.0000488298  -0.0000160009   0.0000162857
       -0.0000266184  -0.0000565046   0.0000224024  -0.0000216383  -0.0000143130
       -0.0000444526   0.0000283625   0.0000152052  -0.0000126517   0.0002587243
        0.0019006537   0.0003559614  -0.0008392844  -0.0014719779   0.0011363532
        0.0194455941   0.0531287328  -0.3839733628   0.0045539277  -0.0008513857
       -0.0182113146  -0.0208153084  -0.0531455090   0.3995894392  -0.0001340458
       -0.0000379364   0.0000149939   0.0002377344   0.0000265923  -0.0000140138
       -0.0001361166   0.0000189789  -0.0000057088  -0.0000515177   0.0000076434
       -0.0000107922   0.0001615472   0.0000923707   0.0000176495  -0.0001558618
       -0.0000753031  -0.0000123449   0.0000045215  -0.0000565499  -0.0000224908
       -0.0000142905   0.0000205492   0.0000145197   0.0000182544   0.0000133601
       -0.0000279937  -0.0000931203  -0.0000497289  -0.0000009325   0.0000332456
        0.0000064539   0.0000043538  -0.0000089282  -0.0000149621  -0.0000041655
       -0.0000061861  -0.0000030309   0.0000068484   0.0000013602   0.0000093766
       -0.0000017630
        0.0002215781  -0.0002351264   0.0003191149  -0.0001317001   0.0002505553
        0.0000274106   0.0000124528  -0.0001904594  -0.0000020102   0.0006428626
       -0.0004718029  -0.0001510980  -0.0016075716  -0.0003639940   0.0010245923
       -0.0002733410  -0.0000571594   0.0010169682   0.0006562688  -0.0001143440
        0.0000827625   0.0010935759   0.0027120440  -0.0064144104  -0.0839175321
       -0.0089369549  -0.0786996576   0.0004616688   0.0005628185  -0.0002505370
        0.0001714233  -0.0004617658  -0.0002246964   0.0000634482   0.0001071575
        0.0000344255   0.0003654060  -0.0002275772  -0.0001224175  -0.0000056737
       -0.0000410609  -0.0000215900   0.0000797543  -0.0000875453  -0.0000308915
       -0.0004624710  -0.0001713269   0.0002038677  -0.0001078147  -0.0001116685
        0.0000518524   0.0000193796   0.0000407697  -0.0000832588   0.0000124674
        0.0000593150  -0.0000456053  -0.0000039889  -0.0000002762  -0.0000660734
       -0.0001381332  -0.0000887231  -0.0000529199  -0.0001687243  -0.0000485555
       -0.0000086341  -0.0000140693   0.0000353118   0.0000012543   0.0001190511
       -0.0009883454   0.0006283018   0.0003616952   0.0001319198  -0.0002669308
        0.0045265040  -0.0039377000  -0.0012632279  -0.0286679080  -0.0574982661
       -0.0401322709  -0.0020998371   0.0009765772  -0.0006118594  -0.0000333660
       -0.0000288369   0.0000093664   0.0000061112   0.0001951839   0.0001258139
       -0.0001257918   0.0000718672   0.0000509851  -0.0000789476   0.0000494731
        0.0000352932  -0.0002071682   0.0000357836  -0.0000515478   0.0001064507
       -0.0000106507   0.0000885787  -0.0001179015   0.0001102045   0.0000107566
       -0.0000062883   0.0000249000  -0.0000381358  -0.0000047577   0.0000224701
        0.0000657274  -0.0000680842  -0.0001677819  -0.0000303363   0.0000403211
        0.0000438302  -0.0000321254   0.0000828321   0.0000870313  -0.0000323635
       -0.0000945584  -0.0000688160   0.0001382473   0.0000202849   0.0000388759
       -0.0000377541   0.0000982854   0.0000243721  -0.0001340458   0.2154541305
       -0.0165696529   0.2469437665  -0.0224178093  -0.0046261507  -0.0287930485
       -0.0042333803   0.0007988175   0.0035738139  -0.0106997669   0.0128332642
       -0.0230093948  -0.0827675016   0.0729716674  -0.0711346264   0.0147718121
        0.0016557422   0.0007549040   0.0008368985   0.0013045104   0.0004232635
       -0.0005362105   0.0006809912  -0.0016536314  -0.0017546506  -0.0004143185
       -0.0038415888  -0.0001857621  -0.0004369553  -0.0004417789   0.0007231133
        0.0005352728   0.0019925551   0.0001668067  -0.0000263035  -0.0001912122
       -0.0005098838  -0.0000309199   0.0002974387   0.0003260116   0.0000523120
       -0.0000313817
       -0.0018715567   0.0006013424  -0.0010738045   0.0019717988   0.0003151010
        0.0002036668  -0.0005234416  -0.0005063839  -0.0002852726   0.0005655604
       -0.0004333141  -0.0004822346   0.0006318685   0.0011545151   0.0006372202
       -0.0001428329  -0.0003843518   0.0011154314   0.0000470827   0.0002911417
        0.0003780263   0.0130364990  -0.0000168502   0.0263105812  -0.0085180789
       -0.0810435841  -0.0211347003   0.0004034364  -0.0011724562   0.0007899212
        0.0004159192   0.0007265143   0.0000233822  -0.0005339096  -0.0008348204
       -0.0002585631   0.0002327748   0.0006544050  -0.0000607003   0.0000225325
       -0.0002673521   0.0001471949  -0.0002123058   0.0001615951  -0.0000150210
       -0.0006682030   0.0003660210   0.0000057996  -0.0002540006  -0.0000149919
       -0.0000381803   0.0000900461  -0.0001110310   0.0000670690   0.0001115553
       -0.0000665199   0.0001234997  -0.0001680006   0.0000688007   0.0001270657
        0.0000466622  -0.0000044115  -0.0000063518  -0.0000240902   0.0001510532
       -0.0000242845  -0.0000846494  -0.0001033120  -0.0000771854   0.0000315696
        0.0009413978   0.0004361851  -0.0003599763  -0.0043083984   0.0043978417
       -0.0134978685  -0.0062155381  -0.0250091012  -0.0587558025  -0.3458254406
       -0.1042460998   0.0040699864  -0.0025719175   0.0015795430   0.0000037207
        0.0001018273  -0.0000290402   0.0000577746   0.0000147766   0.0001830578
        0.0000662396  -0.0000069684   0.0000507720  -0.0000156817  -0.0001006990
        0.0000319802   0.0000683844  -0.0007164652   0.0002370371  -0.0001100912
        0.0000099568  -0.0000816893   0.0003040311   0.0000287479  -0.0000989405
        0.0001238369   0.0000656523   0.0000009711   0.0000828814  -0.0000601459
       -0.0000611671  -0.0005197042   0.0006329705   0.0001529428   0.0001007960
        0.0000155446  -0.0000063300   0.0000972424   0.0000005700   0.0000396197
       -0.0001313722   0.0001002808   0.0000322751  -0.0000247553  -0.0000093382
        0.0000204631   0.0001026633  -0.0000966094  -0.0000379364  -0.0165696529
        0.7658550229  -0.0021195878  -0.0074522827  -0.0023539817  -0.0006879355
        0.0011424561   0.0012250726  -0.0008775643   0.0030391509   0.0038284948
        0.0078453747   0.0756680379  -0.2305448369   0.1016083496   0.0079989577
       -0.1035439298   0.0132240830   0.0003063723   0.0003689089  -0.0012042734
       -0.0000694347  -0.0004547539   0.0000894640  -0.0006394805   0.0002138138
       -0.0008782397  -0.0001688474   0.0032825837  -0.0007982504   0.0000210838
        0.0004672972  -0.0001272681   0.0004022289   0.0002037521   0.0000744555
        0.0002811723  -0.0000615775  -0.0002351639  -0.0002283028  -0.0000171807
        0.0000216124
        0.0014087454  -0.0003936524   0.0007682424  -0.0015336567  -0.0001479947
       -0.0000794965   0.0001295763   0.0003752845   0.0002164126  -0.0003036230
        0.0002392866   0.0000369911  -0.0016691908  -0.0003640041  -0.0003858758
       -0.0002403580  -0.0000154584  -0.0003338602   0.0000167464  -0.0002540911
       -0.0003635261  -0.0103354333   0.0059301305  -0.0293952243  -0.0666308415
       -0.0163678862  -0.1592080830  -0.0005227313   0.0006815069  -0.0006430584
       -0.0002006360  -0.0003152509   0.0002150511   0.0001944726   0.0002869422
        0.0000736037  -0.0002052072  -0.0002048800   0.0000566967  -0.0000193969
        0.0001535056  -0.0002689793   0.0002095294  -0.0001504088   0.0000061719
        0.0006864711  -0.0002386483   0.0000048004   0.0002249650   0.0000426766
        0.0000487087  -0.0000692589   0.0000658156  -0.0000582189  -0.0000820589
        0.0000440989  -0.0001018703   0.0001124364  -0.0000529298  -0.0000587435
       -0.0000622163   0.0000030484   0.0000777305   0.0001022767  -0.0002029265
       -0.0001645179   0.0001231789   0.0000918337   0.0000365968   0.0005604281
       -0.0012469379   0.0012660238   0.0001958924   0.0046865164  -0.0031466225
       -0.0114233377  -0.0102849001  -0.0242688213  -0.0421969890  -0.1046991707
       -0.0696014957  -0.0027007388   0.0000011106  -0.0013386373  -0.0000106774
       -0.0000270593   0.0000325519  -0.0001958006   0.0000223852  -0.0002499972
        0.0000002077   0.0000024599  -0.0000526689   0.0000382095   0.0000586280
        0.0000715999   0.0000304861   0.0003602788  -0.0001700035   0.0001444737
       -0.0000168529   0.0001035209  -0.0001395678  -0.0000380943   0.0000909203
       -0.0000496072  -0.0001032205   0.0000141871  -0.0000366083   0.0000932367
        0.0001257895  -0.0000183457  -0.0001196535  -0.0001454732  -0.0000942346
       -0.0000135309  -0.0000007931  -0.0000918313  -0.0000217460  -0.0000470429
        0.0001479705  -0.0000424353  -0.0000089321  -0.0000059767  -0.0000099574
       -0.0000222617  -0.0000992499   0.0000576386   0.0000149939   0.2469437665
       -0.0021195878   0.4488106853  -0.0116838439   0.0010978499  -0.0067773800
       -0.0032232815   0.0005964016   0.0017368128  -0.0232344345   0.0203292446
       -0.0286705599  -0.0712111412   0.1055070955  -0.1409018785   0.0019689386
       -0.0021223826   0.0149572424  -0.0007542925   0.0010984516  -0.0004066731
       -0.0005957344   0.0008680029   0.0003371588  -0.0038911461  -0.0008524908
       -0.0050653795   0.0008447366  -0.0016724002   0.0022300137  -0.0004940848
       -0.0005935997   0.0004729002  -0.0000335665   0.0000512477  -0.0000596889
       -0.0002512698  -0.0000520302   0.0002991581   0.0002268613  -0.0000004964
       -0.0001088009
        0.0017410903  -0.0001109677   0.0005024427  -0.0018308281  -0.0001349018
        0.0000621540   0.0000167306   0.0004090755   0.0002908950  -0.0001267832
        0.0003952613  -0.0000019181  -0.0013013228   0.0006777809  -0.0002290631
       -0.0000145072  -0.0004753691  -0.0004569760   0.0005090761  -0.0003901079
       -0.0002213382  -0.0063169076  -0.0077483518   0.0057009107  -0.1146260640
       -0.0138320310   0.0229205284  -0.0013958101   0.0000978814  -0.0002545890
        0.0000982894   0.0002974247   0.0002110903  -0.0001556445  -0.0001543068
       -0.0000098322  -0.0001623793   0.0001387731   0.0001639223  -0.0001090447
        0.0001185492  -0.0000920359  -0.0000389113   0.0000107020   0.0000483590
        0.0012823296  -0.0000936524  -0.0003282212   0.0004460628   0.0002440941
       -0.0000502893  -0.0001464560   0.0000615602   0.0000401728  -0.0001423257
       -0.0000425748  -0.0000856640   0.0001360920  -0.0000935042  -0.0000322492
       -0.0000881937   0.0000960254   0.0001753506  -0.0000823894   0.0001008523
        0.0001196930   0.0001648616   0.0001242488   0.0001316562   0.0008057046
        0.0017565262   0.0000492204   0.0009096082  -0.0000138342  -0.0006277032
       -0.0125327571   0.0034054012   0.0046951985  -0.0001094046  -0.0005363522
       -0.0002976001   0.0049795307   0.0201958730  -0.0080153577   0.0000268663
        0.0000461873   0.0000586171   0.0000521103  -0.0000786063  -0.0000944946
        0.0001179601  -0.0000200914  -0.0000564788  -0.0000143819   0.0000144331
       -0.0000325203   0.0000888035  -0.0001256908  -0.0000381359  -0.0000549289
        0.0000099900  -0.0000070048   0.0001509190  -0.0000950629  -0.0000216732
        0.0000262465  -0.0001023834   0.0000772482  -0.0000041527   0.0000190900
       -0.0000665149   0.0000185915   0.0002305673  -0.0000499339  -0.0001553947
       -0.0000887768   0.0000637185  -0.0002270163  -0.0001700558   0.0000185984
        0.0003130887   0.0000603546  -0.0002608829  -0.0000269232  -0.0000691869
        0.0000541300  -0.0002477228   0.0000258705   0.0002377344  -0.0224178093
       -0.0074522827  -0.0116838439   0.6415567604  -0.2164740611   0.0103912690
       -0.3758767287   0.2895190673  -0.0591703811   0.0008283882  -0.0002339130
        0.0006676498  -0.0019779061   0.0092576280  -0.0033565476  -0.0028291645
       -0.0072454622   0.0000763322   0.0001767854   0.0000383720   0.0000769564
       -0.0000166616   0.0000665629   0.0001959452   0.0002275670   0.0000792402
        0.0001433999  -0.0900540452  -0.0369393777   0.0227142128  -0.0101439366
       -0.0282566789   0.0111134998  -0.0056029624  -0.0023556598   0.0018356104
       -0.0036568917  -0.0014229674   0.0011949079  -0.0021871068  -0.0027411816
        0.0015098257
        0.0011425359  -0.0004754771   0.0007337634  -0.0010967221  -0.0000932906
       -0.0001310436   0.0004424367   0.0003305984  -0.0000947584  -0.0001800537
        0.0003357216   0.0001757010  -0.0013281100  -0.0042618216   0.0028850343
       -0.0003839051   0.0000993324   0.0001012482   0.0000445526  -0.0000366647
       -0.0003686283  -0.0189177784  -0.0057436181   0.0082776526  -0.0117761388
       -0.0600390196   0.0011416992  -0.0002164682   0.0008460544  -0.0005014712
       -0.0002004644  -0.0005515495  -0.0001127832   0.0002915775   0.0006310868
        0.0002057067  -0.0001227270  -0.0004212408   0.0000767898  -0.0000064420
        0.0001303958  -0.0000922092   0.0000724458  -0.0001728504   0.0000456941
        0.0003494793  -0.0002742115   0.0000147600   0.0001674610  -0.0000314038
        0.0000371230  -0.0000537592   0.0000849442  -0.0000503397  -0.0000907917
        0.0000478333  -0.0000725498   0.0001903514  -0.0000560726  -0.0001171922
       -0.0000435851  -0.0000836825   0.0000583379  -0.0000402817  -0.0002891718
       -0.0000845549   0.0000836451   0.0000678905   0.0000073616  -0.0020111772
       -0.0025654698  -0.0002701775  -0.0006343320   0.0000454308   0.0015600039
        0.0212345321  -0.0001762337  -0.0076091306  -0.0012873008  -0.0000849096
       -0.0010685993   0.0094461248  -0.0200486335   0.0026448781  -0.0000172801
       -0.0000960721   0.0000196364  -0.0000063483   0.0000325765  -0.0000705946
       -0.0000652562   0.0000016781  -0.0000197786  -0.0000538782   0.0000812171
       -0.0000420760   0.0000195572   0.0001549401  -0.0001434127  -0.0000023533
       -0.0000354448   0.0000074879  -0.0001116988  -0.0000024396   0.0000295375
       -0.0000353415  -0.0000747462   0.0000300256   0.0000247014   0.0000017576
       -0.0000646896   0.0001081802   0.0000868415   0.0000424071  -0.0000805234
        0.0000019111   0.0000000810  -0.0000719630   0.0000264327  -0.0000271486
        0.0000783738  -0.0001057467  -0.0000097922   0.0000174710   0.0000160073
       -0.0000149731  -0.0000669263   0.0000733446   0.0000265923  -0.0046261507
       -0.0023539817   0.0010978499  -0.2164740611   0.7444618147  -0.1820271448
        0.2895430569  -0.3523971277   0.0633454197   0.0004021008  -0.0008647932
       -0.0010191246   0.0020668208   0.0135469791   0.0011086613  -0.0079071306
       -0.0082585574  -0.0022980169  -0.0001836159  -0.0001053703   0.0000622980
       -0.0000668858   0.0001510677  -0.0001629143   0.0002490273  -0.0001225066
        0.0001092224  -0.0490641266  -0.2943104084   0.1126151947  -0.0163583012
       -0.0106093402   0.0034788192   0.0012485255   0.0002157690   0.0009837340
        0.0039389046   0.0009021485  -0.0037122224   0.0024200170   0.0023680824
       -0.0007373942
       -0.0004772737   0.0001133967  -0.0002621759   0.0004570156   0.0001021967
        0.0000790699  -0.0001181298  -0.0001847551  -0.0000037965   0.0000126325
        0.0001971451   0.0000105878   0.0010175868   0.0029725421  -0.0015241695
        0.0002997461   0.0000687555  -0.0001910997  -0.0000480034  -0.0000075501
        0.0002216183   0.0136835174   0.0052222574  -0.0044945840   0.0222648528
       -0.0008620190  -0.0634222184   0.0002455731  -0.0002245291   0.0001685930
       -0.0000029995   0.0000821714  -0.0000091208   0.0000133115  -0.0000401281
       -0.0000352661  -0.0000151331   0.0000604951  -0.0000046071   0.0000104247
       -0.0000576256   0.0000603060  -0.0000246904   0.0000565671   0.0000024314
       -0.0002331625   0.0000909745   0.0000155706  -0.0000915550  -0.0000149811
       -0.0000179099   0.0000366687  -0.0000283228   0.0000096199   0.0000346355
       -0.0000070859   0.0000322362  -0.0000699090   0.0000307311   0.0000358684
        0.0000365795  -0.0000240280  -0.0000054357   0.0000087804   0.0000227031
       -0.0000284703  -0.0000174145  -0.0000498125  -0.0000110818   0.0002938112
        0.0001672304   0.0007679407   0.0005854655   0.0004174215  -0.0011844030
        0.0140474645  -0.0001359678  -0.0021282387  -0.0027229749   0.0001310914
        0.0000179711  -0.0047290644   0.0035537923  -0.0068443266   0.0000055812
        0.0000169463  -0.0000153674   0.0000097794  -0.0000166925   0.0000119115
        0.0000086056  -0.0000032914   0.0000084991   0.0000229094  -0.0000203787
        0.0000111702  -0.0000414912  -0.0000257975   0.0000056703  -0.0000049598
       -0.0000037353  -0.0000242930   0.0000187510   0.0000026229  -0.0000057949
        0.0000090669   0.0000388516  -0.0000290994   0.0000155721  -0.0000213242
        0.0000081855  -0.0000346263  -0.0000386943   0.0000183985   0.0000393772
        0.0000101772  -0.0000017491   0.0000420043   0.0000094441   0.0000137513
       -0.0000599329   0.0000189700   0.0000092796   0.0000059585   0.0000010559
        0.0000044101   0.0000420843  -0.0000192103  -0.0000140138  -0.0287930485
       -0.0006879355  -0.0067773800   0.0103912690  -0.1820271448   0.2470137274
       -0.0596840500   0.0639182649  -0.0750262699   0.0004392637   0.0006529877
       -0.0011846260  -0.0038212857  -0.0096416669   0.0008202398   0.0037359595
        0.0048089275   0.0012600602   0.0001283777   0.0001525210   0.0000234328
       -0.0001768910  -0.0001643079  -0.0004363430  -0.0000534853   0.0000312333
       -0.0001526473   0.0270156644   0.1045599696  -0.0781280839   0.0074549118
        0.0075529310  -0.0084441267  -0.0034044952  -0.0024662728  -0.0000563783
        0.0027435831   0.0017418340  -0.0014814342  -0.0005522089  -0.0000329512
        0.0013139614
       -0.0007086697  -0.0000437856  -0.0001126878   0.0007696629   0.0000639465
       -0.0000904261   0.0001095121  -0.0002310703  -0.0000663445  -0.0000378494
       -0.0002298574   0.0001509283   0.0007545349   0.0003659456  -0.0001854910
        0.0001955185   0.0002572779   0.0002556886  -0.0002127842   0.0001608846
        0.0001877447   0.0001613632   0.0020794012  -0.0014839330  -0.0481168927
        0.0331178878   0.0015853238   0.0008055800   0.0001506252   0.0000295546
       -0.0000881468  -0.0003260967  -0.0001681242   0.0001494886   0.0002182050
        0.0000486416   0.0000747477  -0.0001858822  -0.0001047815   0.0000571429
       -0.0000252624   0.0000217760   0.0000452401  -0.0000493402  -0.0000299931
       -0.0007172876  -0.0000173277   0.0002063619  -0.0002342294  -0.0001535571
        0.0000405749   0.0000825395  -0.0000074275  -0.0000480785   0.0000690814
        0.0000406905   0.0000225936  -0.0000451544   0.0000379135  -0.0000104505
        0.0000084358  -0.0000379292  -0.0002028390   0.0000203111  -0.0000564127
       -0.0001112284  -0.0000705586  -0.0000510449  -0.0000732632  -0.0004217631
       -0.0006401702  -0.0001722607  -0.0003961489   0.0000571125   0.0004386749
       -0.0077422469  -0.0001942766   0.0019979120  -0.0007687441   0.0003618053
        0.0003241768   0.0039318709  -0.0002599320   0.0004496680  -0.0000260625
       -0.0000388110  -0.0000216995  -0.0000219672   0.0000850213   0.0000564026
       -0.0000967559   0.0000155026   0.0000317325   0.0000036046  -0.0000003629
       -0.0000128496  -0.0000030518   0.0001030431   0.0000277232   0.0000438763
       -0.0000120067   0.0000195379  -0.0001256471   0.0000660182   0.0000239658
       -0.0000315497   0.0000473709  -0.0000438739   0.0000084225  -0.0000248137
        0.0000125058   0.0000068830  -0.0001212674   0.0000636742   0.0000831008
        0.0000550626  -0.0000390233   0.0001275143   0.0001056264  -0.0000155316
       -0.0001763565  -0.0000660300   0.0001533693   0.0000228740   0.0000508537
       -0.0000360469   0.0001437545   0.0000021095  -0.0001361166  -0.0042333803
        0.0011424561  -0.0032232815  -0.3758767287   0.2895430569  -0.0596840500
        0.4299461816  -0.3493221909   0.0670737019  -0.0000849490  -0.0001710011
       -0.0011222666   0.0004652869  -0.0030269169   0.0017917362  -0.0007441054
        0.0016837078   0.0000220799  -0.0000581497   0.0000267494   0.0000254474
       -0.0000694861  -0.0000118909  -0.0002223453   0.0000121062  -0.0000416727
        0.0000042621  -0.0025944671   0.0256591400  -0.0057448760   0.0005881675
       -0.0010056471  -0.0004803903   0.0016652201   0.0001716519  -0.0000095506
        0.0016064999  -0.0000766647  -0.0007215710   0.0017446113   0.0007595825
       -0.0006923842
       -0.0004514385   0.0002862526  -0.0003820485   0.0004203813   0.0000287047
        0.0001069746  -0.0003542954  -0.0000508138   0.0000244568  -0.0000882974
       -0.0001326959  -0.0001434817   0.0002571438   0.0009018390  -0.0003533625
       -0.0000486689  -0.0001887602  -0.0001425334  -0.0000235944   0.0000078044
        0.0000482670  -0.0030862000  -0.0012138536   0.0005464874   0.0146325918
       -0.0006208107   0.0023378654  -0.0000721164  -0.0005357977   0.0002779627
        0.0001393913   0.0003938059   0.0000954843  -0.0001998137  -0.0003874711
       -0.0001107610   0.0000387937   0.0002783069   0.0000009340  -0.0000093146
       -0.0000590513   0.0000433865  -0.0000425657   0.0000998625  -0.0000124497
       -0.0000359377   0.0001696812  -0.0000541125  -0.0000386204   0.0000544872
       -0.0000301905   0.0000063529  -0.0000479915   0.0000470163   0.0000351675
       -0.0000423050   0.0000389630  -0.0001108417   0.0000196864   0.0000571625
        0.0000117536   0.0000128046   0.0000889402   0.0000216741   0.0002254926
        0.0001573667  -0.0000535975  -0.0000166922   0.0000239076   0.0003172302
        0.0020636859   0.0003032602   0.0001549964   0.0000274981  -0.0009276969
       -0.0000190979   0.0003885059   0.0001824427   0.0009723605  -0.0002383334
        0.0001839561  -0.0067862200  -0.0061795883   0.0051697082   0.0000207861
        0.0000659845  -0.0000026246   0.0000208430  -0.0000549160   0.0000260463
        0.0000616400  -0.0000045349  -0.0000005278   0.0000167533  -0.0000389909
        0.0000230613  -0.0000045364  -0.0001317539   0.0000522134  -0.0000214166
        0.0000190714  -0.0000118827   0.0000979721  -0.0000155663  -0.0000302087
        0.0000198821   0.0000268897  -0.0000009073  -0.0000160598   0.0000098100
        0.0000245728  -0.0000629001  -0.0000030481  -0.0000385783   0.0000240404
       -0.0000195148   0.0000142685   0.0000075641  -0.0000428450   0.0000160433
       -0.0000010488   0.0000780252  -0.0000311172  -0.0000161764  -0.0000204259
        0.0000189617  -0.0000016780  -0.0000435449   0.0000189789   0.0007988175
        0.0012250726   0.0005964016   0.2895190673  -0.3523971277   0.0639182649
       -0.3493221909   0.4329477990  -0.0980176188  -0.0001245191   0.0004605739
        0.0007917340  -0.0004734912  -0.0039887678  -0.0008482975   0.0036221698
        0.0023732053   0.0007433027   0.0001558391   0.0000759488  -0.0000283993
        0.0000460606  -0.0000610369   0.0002012792  -0.0001394762   0.0000794512
       -0.0000744456   0.0484597720  -0.0738280240   0.0250140317   0.0019666327
       -0.0021039184   0.0003610753  -0.0000306797   0.0006492149  -0.0002025569
       -0.0000596704   0.0002214871   0.0001843298  -0.0001512137  -0.0007227713
       -0.0002953062
        0.0003359910  -0.0000936734   0.0002176469  -0.0003339517   0.0000008970
       -0.0000363576   0.0000456890   0.0000456769   0.0000232543   0.0001142381
       -0.0000225848  -0.0000098138  -0.0003861012  -0.0006690252   0.0003185796
       -0.0000311628  -0.0001249438  -0.0000371450   0.0001416297   0.0000066760
       -0.0000569607   0.0012269660   0.0000033935  -0.0000528459   0.0025847404
        0.0016394902   0.0128276563  -0.0001176774   0.0001624129  -0.0001515598
       -0.0000022129  -0.0000785636   0.0000107952   0.0000094743   0.0000400718
        0.0000155828   0.0000162039  -0.0000502188   0.0000034847  -0.0000012031
        0.0000225012  -0.0000364085   0.0000161298  -0.0000310358  -0.0000000370
        0.0001238234  -0.0000588233   0.0000182156   0.0000498550   0.0000095448
        0.0000213150  -0.0000258430   0.0000210496  -0.0000209693  -0.0000184780
        0.0000140529  -0.0000365444   0.0000488942  -0.0000012159  -0.0000155618
       -0.0000423628   0.0000620168   0.0000290705   0.0000023815   0.0000316811
       -0.0000063489   0.0000414303   0.0000341700   0.0000059192   0.0001988884
       -0.0003929942  -0.0007297074  -0.0003118301   0.0000468681   0.0010072611
       -0.0006029938  -0.0000191021  -0.0000508748   0.0006952674  -0.0000140457
       -0.0002079054   0.0026364649   0.0050489376   0.0047662824  -0.0000048076
       -0.0000022609   0.0000134763  -0.0000102203   0.0000169806  -0.0000190956
       -0.0000128558   0.0000076345   0.0000000339  -0.0000115899   0.0000223927
        0.0000075523   0.0000008028   0.0000321146  -0.0000278527   0.0000138035
       -0.0000004489   0.0000219794  -0.0000226546  -0.0000000230   0.0000111067
       -0.0000019148  -0.0000225281   0.0000116470  -0.0000033129   0.0000124739
        0.0000059512   0.0000185222   0.0000068588  -0.0000104145  -0.0000237303
       -0.0000016390  -0.0000048523  -0.0000198929  -0.0000063429  -0.0000143506
        0.0000349204  -0.0000094794   0.0000150820  -0.0000039224  -0.0000018823
       -0.0000099239  -0.0000194792   0.0000111763  -0.0000057088   0.0035738139
       -0.0008775643   0.0017368128  -0.0591703811   0.0633454197  -0.0750262699
        0.0670737019  -0.0980176188   0.0528016719  -0.0000287578  -0.0001895073
        0.0001532984   0.0009488551   0.0020219007  -0.0002949478  -0.0010370588
       -0.0010097938  -0.0001826916  -0.0000348817  -0.0000609383  -0.0000092592
        0.0000593207   0.0000280469   0.0001186333   0.0000303899   0.0000162849
        0.0000439011  -0.0158604595   0.0292595522   0.0047701290  -0.0010912224
        0.0003821147  -0.0013063064  -0.0003476370   0.0002447434   0.0000504126
       -0.0000871817  -0.0005311682   0.0004159333  -0.0003764201  -0.0003097127
       -0.0010819713
        0.0004022640  -0.0001538549   0.0002801803  -0.0004121970  -0.0000020912
       -0.0000172844   0.0000731086   0.0000549105   0.0000436170  -0.0000397587
        0.0000008873  -0.0000034451  -0.0002953340  -0.0000934185   0.0000735794
       -0.0000269983  -0.0000144890  -0.0000209818   0.0000621249  -0.0000550687
       -0.0000455216  -0.0006297732  -0.0000891344  -0.0014485101   0.0038025194
        0.0022089413  -0.0020247283   0.0000062817   0.0004238239  -0.0002212876
        0.0004184354  -0.0002891824  -0.0000971259  -0.0000959820  -0.0000497083
       -0.0000457217   0.0001272677  -0.0000304601  -0.0000593967  -0.0000636414
       -0.0001557771  -0.0002188172  -0.0000631272  -0.0000259990  -0.0000033427
       -0.0000512734  -0.0001472693   0.0000859888   0.0000246296  -0.0000136973
        0.0000291358  -0.0000007357   0.0000127858  -0.0000390853  -0.0000109963
        0.0000258572  -0.0000279886   0.0000403640  -0.0000204246  -0.0000206764
       -0.0000077971   0.0000102679   0.0000286229   0.0000050593  -0.0000333802
       -0.0000010477   0.0000281305   0.0000209254   0.0000163550   0.0000541768
       -0.0000699308   0.0000248478   0.0000634231   0.0003796603  -0.0002810356
       -0.0002769540   0.0000378122  -0.0001113569  -0.0005358517  -0.0009338655
        0.0006974691  -0.0002059231   0.0000796973  -0.0001859466  -0.0000291530
        0.0000009816   0.0000189347  -0.0005123950   0.0002419184   0.0002701909
       -0.0000309288   0.0000727736   0.0000315107  -0.0000563082   0.0000427903
        0.0000910909  -0.0001305860  -0.0000426442  -0.0001169689   0.0000864804
       -0.0000418522   0.0001704612   0.0000368872   0.0000671860   0.0000522082
        0.0000178474   0.0000164693   0.0000084314   0.0000471268   0.0000482469
        0.0000294568  -0.0001882036   0.0000631167   0.0000253163  -0.0000084390
        0.0000103392  -0.0000095429   0.0000005358   0.0000184558  -0.0000235132
        0.0000103418  -0.0000158348   0.0000476679   0.0000029865   0.0000016707
       -0.0000159518   0.0000064456   0.0000132788  -0.0000515177  -0.0106997669
        0.0030391509  -0.0232344345   0.0008283882   0.0004021008   0.0004392637
       -0.0000849490  -0.0001245191  -0.0000287578   0.4847215044  -0.0095433066
       -0.0138846425  -0.1027386504  -0.0131313734  -0.0503413084   0.0029627756
       -0.0135903761  -0.0183281714  -0.1486395762  -0.1148346342   0.0338340729
       -0.1273178634   0.0500668723   0.1112744715  -0.1008958906   0.0965255722
       -0.0367184691   0.0002844836  -0.0003560024   0.0000551054  -0.0000256402
        0.0000042626  -0.0000085832  -0.0000332511  -0.0000187847   0.0000089754
       -0.0000048524  -0.0000135164   0.0000045635  -0.0000007917  -0.0000001600
       -0.0000063559
       -0.0000484036   0.0000653402  -0.0000766053   0.0000457708  -0.0000242608
        0.0000296178  -0.0000408897   0.0000058166  -0.0000067110   0.0000103659
       -0.0000113321  -0.0000086419   0.0001432359   0.0000967126  -0.0000558878
        0.0000232133  -0.0000140212  -0.0000500068  -0.0000066097   0.0000185387
       -0.0000079312   0.0005083863  -0.0000431000   0.0009433543   0.0014070181
       -0.0025699255   0.0016665396  -0.0000781845  -0.0000978583   0.0000269695
        0.0000950274   0.0001605447  -0.0000691212  -0.0000503054  -0.0001561356
       -0.0000461611  -0.0000497481   0.0000963435   0.0000799238  -0.0000638043
       -0.0000167348  -0.0000257057  -0.0000992907   0.0001160773   0.0001158821
        0.0001164794   0.0000161903  -0.0000260931   0.0000158530   0.0000150056
        0.0000002959  -0.0000073322  -0.0000120237   0.0000070269  -0.0000026592
       -0.0000096480   0.0000115122  -0.0000106054   0.0000029036   0.0000149559
        0.0000040878  -0.0000162871   0.0000111019  -0.0000102412   0.0000444350
        0.0000134090  -0.0000053831  -0.0000038121   0.0000031183  -0.0000332050
        0.0000924558  -0.0000051032  -0.0000514898  -0.0002687482   0.0002231652
        0.0000084891  -0.0001167589   0.0000937419   0.0004503003   0.0005813570
        0.0004611212   0.0015125812  -0.0004282133   0.0002997923  -0.0000036041
       -0.0000052126  -0.0000055143  -0.0002612885  -0.0000796270   0.0003292162
        0.0000599479  -0.0000020333  -0.0000208251   0.0000123395  -0.0000147117
        0.0000137488   0.0000560061  -0.0000893654  -0.0000540404   0.0001050637
       -0.0000264948  -0.0000260817   0.0000800916   0.0000030946  -0.0000174357
        0.0000433236  -0.0000575898  -0.0000022706   0.0000231218   0.0000040899
        0.0000352300  -0.0001788422   0.0001118844  -0.0000955027  -0.0000060291
       -0.0000057537   0.0000018572  -0.0000144198  -0.0000115919   0.0000001934
        0.0000148915   0.0000118867  -0.0000077111  -0.0000065531  -0.0000047446
        0.0000011359  -0.0000140322  -0.0000020017   0.0000076434   0.0128332642
        0.0038284948   0.0203292446  -0.0002339130  -0.0008647932   0.0006529877
       -0.0001710011   0.0004605739  -0.0001895073  -0.0095433066   0.5354257514
       -0.0202490188  -0.0088077951  -0.0664921353  -0.0131537336  -0.0263427628
       -0.0263921360  -0.0385236215  -0.1141135597  -0.1667233704   0.0404674620
        0.0474879491  -0.0654416071  -0.0558197049   0.0956278745  -0.2119221381
        0.0630165386  -0.0004225019   0.0006260369  -0.0002283238   0.0000116767
        0.0001349834  -0.0000762113   0.0000379329   0.0000135674   0.0000158501
        0.0000345515  -0.0000233792  -0.0000238053  -0.0000910820   0.0000154611
       -0.0000013594
        0.0004012270  -0.0000887530   0.0002613136  -0.0004354181  -0.0000168843
       -0.0000297464   0.0000476229   0.0000946655   0.0000840899  -0.0000319240
        0.0000315246   0.0000072068  -0.0003732803  -0.0000954381   0.0001161998
       -0.0000192774  -0.0001245964  -0.0000868506   0.0001171292  -0.0001509232
       -0.0000500947  -0.0002190117  -0.0000048372  -0.0006799459  -0.0030755744
        0.0024178854   0.0022654613  -0.0003219890  -0.0001162297  -0.0003218577
        0.0000153241   0.0002004699   0.0002168355  -0.0000535191  -0.0001700695
       -0.0000697875  -0.0002384406   0.0002108860   0.0001122958  -0.0000218197
       -0.0000130806  -0.0000979109  -0.0000800528   0.0000996019   0.0000217823
        0.0003122002   0.0000182907   0.0000582102   0.0000751081   0.0000371599
        0.0000403138  -0.0000287210   0.0000199941  -0.0000116047  -0.0000210006
        0.0000090674  -0.0000657295   0.0000339819  -0.0000028540  -0.0000142235
       -0.0000069368   0.0000527680   0.0000677643  -0.0000376695  -0.0000026381
       -0.0000153949   0.0000690975   0.0000808761   0.0000157933   0.0000391451
       -0.0000536947  -0.0000247238   0.0000733337   0.0001460419  -0.0001060086
        0.0003094394  -0.0001717477   0.0007153624   0.0004662549  -0.0013414121
       -0.0006043238   0.0017634965  -0.0001728805   0.0001960357   0.0000233278
        0.0001085411   0.0000495831   0.0000547464  -0.0000459942  -0.0002330738
        0.0000493305   0.0000169898  -0.0000162715   0.0000499192  -0.0000126971
        0.0000471060   0.0001602289  -0.0002408911  -0.0001341945  -0.0000631804
        0.0000261563   0.0000126434   0.0000787217  -0.0000510603  -0.0000338061
        0.0000467433  -0.0000578238  -0.0000029893   0.0000315813   0.0000084227
        0.0000355190  -0.0000535839   0.0001535326  -0.0000465996  -0.0000329618
       -0.0000053867  -0.0000007900  -0.0000293298  -0.0000319335  -0.0000349147
        0.0000662351   0.0000189534   0.0000111557  -0.0000134627  -0.0000139916
       -0.0000080116  -0.0000415024  -0.0000007594  -0.0000107922  -0.0230093948
        0.0078453747  -0.0286705599   0.0006676498  -0.0010191246  -0.0011846260
       -0.0011222666   0.0007917340   0.0001532984  -0.0138846425  -0.0202490188
        0.4591550081  -0.0467230303  -0.0193797727  -0.1366501203  -0.0185456463
       -0.0192799430  -0.0097240502   0.0363800469   0.0425667174  -0.0504135347
        0.1048809593  -0.0566201067  -0.1685924612  -0.0368665463   0.0638153166
       -0.0657601468  -0.0009341650   0.0006876677   0.0000767504   0.0003057740
        0.0001648781  -0.0001376620  -0.0000514859  -0.0000557551   0.0000100371
       -0.0000941560  -0.0000716180   0.0001123492  -0.0000886352   0.0000383998
       -0.0000093081
       -0.0012125956   0.0005708091  -0.0009796784   0.0011830003   0.0000169497
        0.0001345082  -0.0004001799  -0.0001507826  -0.0002192892   0.0000707960
        0.0000201166   0.0000315744   0.0011078067  -0.0001689218   0.0004826532
        0.0000159002  -0.0002018786   0.0000911014  -0.0004102058   0.0002659670
        0.0000307721  -0.0004909603  -0.0009090211   0.0001916827  -0.0130398719
        0.0095318822  -0.0129850152  -0.0001789532  -0.0012014518   0.0007689515
       -0.0002560232   0.0008695260   0.0001231969  -0.0001349920  -0.0003853280
       -0.0000607438  -0.0006523779   0.0003985871   0.0000828078  -0.0000070471
        0.0002025684   0.0002591459  -0.0002814061   0.0001762306  -0.0000018203
        0.0002401269   0.0003888952  -0.0002906592  -0.0000104984   0.0000956259
       -0.0001007331   0.0000120685  -0.0000828347   0.0001302700   0.0000323603
       -0.0000933404   0.0001254432  -0.0001106017   0.0000569799   0.0001069858
        0.0000775683   0.0000178329  -0.0000267134   0.0000588143   0.0001353434
        0.0000490358  -0.0000924286  -0.0001060973  -0.0000444770  -0.0001299219
        0.0001411051  -0.0001128457   0.0000259804   0.0002397800  -0.0000436147
        0.0015399117   0.0002688871  -0.0001100835  -0.0017073552  -0.0045189531
        0.0068149321  -0.0018204196  -0.0028618696  -0.0015949501   0.0000754416
        0.0000411458  -0.0000594873   0.0000233451  -0.0005649555   0.0000491372
        0.0002190348  -0.0000912723  -0.0000481179   0.0002537866  -0.0001503970
       -0.0001819585   0.0002163574  -0.0001016169   0.0008473199  -0.0003776738
        0.0000092004  -0.0004318094   0.0000876641  -0.0001600020  -0.0000694328
        0.0000622309  -0.0000065930  -0.0000063258   0.0000850062  -0.0001297798
       -0.0001744712   0.0007389808   0.0001697116   0.0001933374   0.0000056291
       -0.0000449578   0.0000364694  -0.0000444402  -0.0000846586   0.0000697721
        0.0000190656   0.0000906561  -0.0001648536  -0.0000222568  -0.0000287295
        0.0000565591  -0.0000591066  -0.0000523425   0.0001615472  -0.0827675016
        0.0756680379  -0.0712111412  -0.0019779061   0.0020668208  -0.0038212857
        0.0004652869  -0.0004734912   0.0009488551  -0.1027386504  -0.0088077951
       -0.0467230303   0.3045130712   0.0452294464   0.1854120191  -0.0908585671
       -0.1095451757  -0.0419523490  -0.0119217709  -0.0078671286  -0.0159746331
        0.0104804265   0.0030465808   0.0132444226  -0.0095685056  -0.0002865165
       -0.0144982133   0.0000097332  -0.0004150786   0.0013781234  -0.0006670603
       -0.0004120642   0.0000489833   0.0001808401   0.0002055125   0.0000537124
        0.0000577147  -0.0000176071   0.0000197833   0.0000813297  -0.0000035575
       -0.0000553702
        0.0034272638  -0.0012048688   0.0018784663  -0.0036915905  -0.0002776856
       -0.0000459702   0.0007767560   0.0007481123   0.0005049504  -0.0005417535
        0.0008001644   0.0006854741  -0.0016183480  -0.0005103759   0.0004448664
       -0.0002626442   0.0000110825  -0.0007243420   0.0002938579  -0.0005941380
       -0.0005474963  -0.0005450081  -0.0001125610  -0.0045449431   0.0012866874
        0.0051480334   0.0103776938  -0.0003812019   0.0026937743  -0.0013185207
       -0.0015350484  -0.0018669866  -0.0001828865   0.0015165071   0.0023603615
        0.0007248053  -0.0002666242  -0.0020284198   0.0000993938   0.0001132484
        0.0006566671  -0.0002182347   0.0007129689  -0.0005695426   0.0000061226
        0.0011667836  -0.0008074739  -0.0001062813   0.0004516356  -0.0000426676
        0.0000288357  -0.0001059281   0.0002172636  -0.0001667711  -0.0002047303
        0.0001216322  -0.0001488177   0.0003889792  -0.0001966976  -0.0002965632
       -0.0002024860  -0.0001330563  -0.0001310078   0.0001517337  -0.0004698599
       -0.0001799527   0.0001867173   0.0000990999   0.0001109998   0.0004852812
       -0.0009484254   0.0005535793   0.0000705028   0.0006668155  -0.0010943403
       -0.0010391295   0.0002480668  -0.0051242523   0.0048341881  -0.0266496412
        0.0085113239  -0.0153335543   0.0031226931  -0.0056789114  -0.0000348606
       -0.0004216752  -0.0000480775  -0.0000724144   0.0000772685  -0.0003135835
       -0.0002618643  -0.0001432653  -0.0001368903  -0.0001758192   0.0002831085
       -0.0001498850   0.0007899910   0.0019424729  -0.0010499683   0.0002878334
       -0.0000091859   0.0002121277  -0.0008033364   0.0001322107   0.0002512324
       -0.0002060262  -0.0001264847  -0.0001006373  -0.0001513064   0.0000866919
        0.0001642777   0.0005728428  -0.0020167083  -0.0002775532  -0.0001745789
       -0.0000304929   0.0000136262  -0.0001717506   0.0000626249  -0.0000516129
        0.0001812731  -0.0002626213  -0.0000780109   0.0000816890   0.0000506207
       -0.0000414254  -0.0001631710   0.0002248206   0.0000923707   0.0729716674
       -0.2305448369   0.1055070955   0.0092576280   0.0135469791  -0.0096416669
       -0.0030269169  -0.0039887678   0.0020219007  -0.0131313734  -0.0664921353
       -0.0193797727   0.0452294464   0.8810722298   0.0633546302  -0.0998208022
       -0.5560587914  -0.1449521826  -0.0139907213  -0.0085003399  -0.0147281706
       -0.0034728467  -0.0024087391  -0.0109992098   0.0154464669   0.0041042651
        0.0207087215   0.0009176732  -0.0093780420   0.0048691684   0.0002786640
       -0.0015791321   0.0010183534  -0.0006926754  -0.0003342631  -0.0002401711
       -0.0008726365   0.0001481827   0.0006830376   0.0010728616   0.0000826394
       -0.0001249441
       -0.0017473144   0.0004109417  -0.0010357696   0.0018404120   0.0001712586
        0.0000980023  -0.0000736339  -0.0004226794  -0.0002548224   0.0002577780
       -0.0001755904   0.0001066880   0.0005884877  -0.0000082035  -0.0000812985
        0.0002851362   0.0002146760   0.0005029132  -0.0005079615   0.0004062172
        0.0002487770  -0.0026709032   0.0000336895  -0.0043497353  -0.0127584558
        0.0175420576  -0.0221836455   0.0009995789  -0.0005914776   0.0009369440
       -0.0005363867   0.0001637137  -0.0005153025   0.0001519810   0.0002829562
        0.0001100378   0.0004683197  -0.0004016389  -0.0003443220   0.0001011188
        0.0000448555   0.0006479603  -0.0001858829   0.0001289569  -0.0001770726
       -0.0008210501   0.0002532454  -0.0001199617  -0.0002900053  -0.0000879808
       -0.0000978797   0.0001163537  -0.0000707950   0.0000619887   0.0000890948
       -0.0000648683   0.0001714717  -0.0001356181   0.0000388665   0.0000473390
       -0.0000558674  -0.0001654342  -0.0002891100   0.0000233135   0.0000513074
        0.0000252633  -0.0001934497  -0.0002124627  -0.0001010947  -0.0002151958
       -0.0001638182  -0.0000520746   0.0000105054   0.0012080767  -0.0007963084
       -0.0007142207   0.0009405083  -0.0010856485   0.0084757336  -0.0075115687
        0.0043015971  -0.0017891829  -0.0019296244   0.0004813610  -0.0000186111
       -0.0001477451  -0.0001164259   0.0002707179  -0.0001715852   0.0005528699
       -0.0000681537  -0.0001653779   0.0000301266  -0.0000194579  -0.0001316013
       -0.0003769654   0.0006998433   0.0001514375   0.0005213665  -0.0004141390
        0.0000469121  -0.0003895161  -0.0000218013   0.0001030006  -0.0001501426
       -0.0000509356   0.0002847810  -0.0001160780   0.0000905532  -0.0002791637
       -0.0003178644   0.0004111436  -0.0004380331   0.0006834865   0.0001236830
        0.0000201497  -0.0000008715   0.0001186840   0.0000626813   0.0000845037
       -0.0002226101  -0.0000075242  -0.0000187356   0.0000300733   0.0000316048
        0.0000272770   0.0001446981  -0.0000410107   0.0000176495  -0.0711346264
        0.1016083496  -0.1409018785  -0.0033565476   0.0011086613   0.0008202398
        0.0017917362  -0.0008482975  -0.0002949478  -0.0503413084  -0.0131537336
       -0.1366501203   0.1854120191   0.0633546302   0.4506028303  -0.0415362867
       -0.1536267071  -0.1216234142   0.0036101057  -0.0016226667   0.0055374980
       -0.0099689819  -0.0084027304  -0.0232643522  -0.0074275647   0.0016817862
       -0.0103761334   0.0008917939   0.0004505476  -0.0004733744  -0.0004717057
       -0.0002483578   0.0003139610   0.0002057237   0.0001525773  -0.0000046395
        0.0003902265   0.0001782079  -0.0003798547   0.0001490435  -0.0000359779
        0.0000072084
        0.0004146496  -0.0003370354   0.0005100969  -0.0003969342   0.0000546541
       -0.0000952835   0.0001647254  -0.0000090973   0.0000699187  -0.0000447753
       -0.0000347162  -0.0000095853  -0.0003859693   0.0000410457  -0.0001517124
        0.0000424293   0.0000427008   0.0000205322   0.0001340373  -0.0000414332
        0.0000559894   0.0003595410   0.0003544126   0.0008486829   0.0000607381
        0.0004923743   0.0007514229   0.0006167780   0.0007697962  -0.0004264886
       -0.0002155679  -0.0007024613  -0.0001664956   0.0003561965   0.0006180773
        0.0001417310   0.0002621791  -0.0006459668  -0.0000636441   0.0000198416
        0.0001129375  -0.0000237478   0.0003980353   0.0003779851  -0.0000224158
       -0.0004426571  -0.0002101315   0.0002415875  -0.0001119532  -0.0001184656
        0.0000620729   0.0000287464   0.0000417919  -0.0000911785   0.0000249263
        0.0000659429  -0.0000583129   0.0000427577   0.0000102500  -0.0000556379
       -0.0000413693   0.0000399958  -0.0000146659  -0.0000064728  -0.0000062262
       -0.0000516160   0.0000325300   0.0000277835  -0.0000201395  -0.0000672460
        0.0000774371  -0.0001702649  -0.0000045505  -0.0001788364   0.0002490775
       -0.0007236719   0.0003434594   0.0007067616   0.0047391683   0.0029850729
       -0.0036086706   0.0053762231  -0.0006522493   0.0020901480  -0.0000405815
       -0.0000651396   0.0000059934  -0.0000316493   0.0001905105  -0.0000289791
       -0.0001753833   0.0000021291   0.0000195494  -0.0001216428   0.0000946077
        0.0000361933  -0.0007689617   0.0007097716   0.0000196640   0.0002463824
       -0.0000057756   0.0001972711  -0.0002997469   0.0000695001   0.0000629114
       -0.0002861705   0.0001793289  -0.0000578133  -0.0002198016   0.0001041641
        0.0001862658  -0.0015876189  -0.0000770840   0.0002339411   0.0000427186
        0.0000613415  -0.0000379169   0.0000918553   0.0000941696  -0.0000375351
       -0.0000931070  -0.0000884160   0.0001658787   0.0000211369   0.0000389474
       -0.0000502932   0.0001097160   0.0000315273  -0.0001558618   0.0147718121
        0.0079989577   0.0019689386  -0.0028291645  -0.0079071306   0.0037359595
       -0.0007441054   0.0036221698  -0.0010370588   0.0029627756  -0.0263427628
       -0.0185456463  -0.0908585671  -0.0998208022  -0.0415362867   0.0797070075
        0.1139749241   0.0630469184  -0.0012462161  -0.0011140341  -0.0023374501
       -0.0022403063  -0.0023264123  -0.0033331638   0.0012168670  -0.0003204252
        0.0024967514  -0.0075298595   0.0053907710  -0.0047477165  -0.0003124061
        0.0022295585  -0.0011302507   0.0002232781  -0.0000558913   0.0000156891
        0.0004187942  -0.0000296716  -0.0001451288  -0.0010593909  -0.0001579316
        0.0002710133
       -0.0020686738   0.0007634782  -0.0011202972   0.0021674480   0.0002358062
        0.0000416899  -0.0005860754  -0.0004468796  -0.0003001861   0.0004427926
       -0.0005018874  -0.0004697668   0.0010029345   0.0001875878  -0.0001893346
        0.0001665694  -0.0002396056   0.0004003051  -0.0000859765   0.0003391067
        0.0003278234  -0.0001473739   0.0003268902   0.0012276699   0.0021511202
       -0.0007883225  -0.0029291900   0.0002339086  -0.0017571588   0.0007205952
        0.0010022425   0.0012692238   0.0003020006  -0.0011062200  -0.0016479564
       -0.0005325573   0.0005218265   0.0012904388  -0.0001752242  -0.0000236940
       -0.0006050584   0.0001238275  -0.0001934002   0.0002324454  -0.0001026683
       -0.0006766296   0.0005267318   0.0001011895  -0.0002850057   0.0000332527
       -0.0000026910   0.0000591878  -0.0001293397   0.0001035946   0.0001387774
       -0.0000657306   0.0000664535  -0.0002457865   0.0001397721   0.0001791915
        0.0001119997   0.0001436540   0.0001111923  -0.0001141375   0.0004634311
        0.0001665862  -0.0000981660  -0.0000226226  -0.0000626632  -0.0004583127
        0.0006850422  -0.0002618488  -0.0001002069   0.0000712254   0.0004592492
       -0.0007216923  -0.0001595747   0.0017545539   0.0046752325  -0.0050066227
        0.0067273680   0.0082864257  -0.0032077247   0.0029587535   0.0000255712
        0.0002968363   0.0000331874  -0.0001116462  -0.0001114265   0.0000947167
        0.0001291172   0.0000835990   0.0000818901   0.0001690090  -0.0002222792
        0.0000970959  -0.0006087469  -0.0006764348   0.0006708075  -0.0001232999
        0.0000775940  -0.0000159000   0.0005763446  -0.0000602831  -0.0001733358
        0.0000592107   0.0001441177   0.0000746463   0.0000868862  -0.0000798000
       -0.0001197846   0.0004415856   0.0000325180  -0.0000556732   0.0001074361
        0.0000162545  -0.0000109968   0.0001144099  -0.0000489993   0.0000222586
       -0.0001060966   0.0001777700   0.0000641234  -0.0000596852  -0.0000339192
        0.0000216928   0.0001047853  -0.0001481972  -0.0000753031   0.0016557422
       -0.1035439298  -0.0021223826  -0.0072454622  -0.0082585574   0.0048089275
        0.0016837078   0.0023732053  -0.0010097938  -0.0135903761  -0.0263921360
       -0.0192799430  -0.1095451757  -0.5560587914  -0.1536267071   0.1139749241
        0.6933195341   0.1671612343  -0.0012588587  -0.0002819894  -0.0035761593
       -0.0014531114  -0.0008896713  -0.0003156312  -0.0000033783   0.0008546679
        0.0011184049   0.0006758057   0.0064381692  -0.0028722788  -0.0001205885
        0.0008185450  -0.0004736524   0.0004454702   0.0002132509   0.0001557477
        0.0005341460  -0.0000930524  -0.0003835740  -0.0006068405  -0.0000761976
        0.0000807665
        0.0002402682   0.0000964666   0.0000779086  -0.0001826100  -0.0000078668
       -0.0000289993  -0.0001294952   0.0000109869  -0.0000054203  -0.0001190476
       -0.0001289777  -0.0001928578   0.0000200603  -0.0000527793   0.0000200082
       -0.0001163520  -0.0002367492  -0.0000743359   0.0001706413  -0.0000292354
        0.0000152039   0.0000855678   0.0004372062   0.0015439853   0.0023767424
        0.0014595858  -0.0000575213  -0.0004487020  -0.0003547329  -0.0001368785
        0.0005902396   0.0004159722   0.0002792683  -0.0004658417  -0.0007318314
       -0.0001836923  -0.0001474990   0.0007080975   0.0001222264  -0.0001031125
       -0.0001480083  -0.0003490490   0.0000741697  -0.0001591441   0.0003234836
        0.0002171990   0.0000691549   0.0000600753   0.0000673868   0.0000668950
        0.0000347530  -0.0000478485  -0.0000133180   0.0000072381  -0.0000099084
        0.0000031311  -0.0000572901  -0.0000215477   0.0000333256   0.0000582897
        0.0000732450   0.0001166123   0.0002136431  -0.0000545854   0.0001213455
        0.0000565511   0.0000607277   0.0000763641   0.0000172738  -0.0000334741
        0.0004489734  -0.0002456517   0.0000425700  -0.0002614436   0.0002807251
        0.0005973850   0.0002191123   0.0014728351  -0.0035709635   0.0041391982
        0.0012388984   0.0018877067   0.0002408369  -0.0022084126   0.0000264052
        0.0001591408   0.0000605825  -0.0001381120  -0.0000038441  -0.0001654775
        0.0001175891   0.0001167404   0.0000087980   0.0000397326  -0.0000228473
        0.0002635375  -0.0000647123  -0.0006423269  -0.0002646799   0.0001919699
        0.0000584402   0.0002122749   0.0001912698  -0.0000949970   0.0000340126
        0.0001613124  -0.0002720608   0.0001589784  -0.0000302192   0.0002082586
        0.0002390195  -0.0000094217   0.0004209350  -0.0011424881  -0.0000331199
       -0.0000118205   0.0000011594  -0.0000372496  -0.0000563734  -0.0000274149
        0.0000962812   0.0000709111   0.0000095612  -0.0000431685  -0.0000287837
       -0.0000011335  -0.0000542456  -0.0000302146  -0.0000123449   0.0007549040
        0.0132240830   0.0149572424   0.0000763322  -0.0022980169   0.0012600602
        0.0000220799   0.0007433027  -0.0001826916  -0.0183281714  -0.0385236215
       -0.0097240502  -0.0419523490  -0.1449521826  -0.1216234142   0.0630469184
        0.1671612343   0.1182017780  -0.0038112283  -0.0028943263  -0.0055328137
       -0.0009847769  -0.0004503590  -0.0011022912   0.0020775285  -0.0003021771
        0.0019201512  -0.0017648670   0.0014085898   0.0005942784  -0.0001641317
        0.0006241932  -0.0006950028   0.0000246286   0.0000232245   0.0000335892
       -0.0000733245  -0.0000591186   0.0001467646  -0.0003907760  -0.0001151609
        0.0000897567
       -0.0000848998   0.0001004156  -0.0001135047   0.0001202538   0.0000148727
       -0.0000061116  -0.0000439762  -0.0000378509  -0.0000124472   0.0000677426
       -0.0000339998  -0.0000400693  -0.0000901220   0.0000088079  -0.0000496593
       -0.0000064375  -0.0000904060  -0.0000190165   0.0001143031   0.0000364596
        0.0000582226   0.0000386840  -0.0000205267  -0.0000166563   0.0001371904
        0.0000450017  -0.0000170767   0.0000065571  -0.0001594864   0.0000846130
       -0.0004712662   0.0001908603   0.0001261094   0.0000670177  -0.0001544938
       -0.0000812370   0.0001215025   0.0000974509   0.0000250110   0.0000065562
        0.0000071188  -0.0000136353  -0.0000124269   0.0000132601   0.0000093439
        0.0000291755   0.0000475407  -0.0000340295  -0.0000087182   0.0000113467
       -0.0000038375  -0.0000130892  -0.0000009147   0.0000174830  -0.0000006937
       -0.0000186134   0.0000024383  -0.0000170252   0.0000175057   0.0000156419
       -0.0000143801   0.0000165026   0.0000215639  -0.0000575121   0.0000797356
        0.0000167519   0.0000056806   0.0000003748  -0.0000022983  -0.0000462672
        0.0000287521   0.0000076415   0.0000164380  -0.0000045900   0.0000549852
        0.0000296153   0.0000429691   0.0001359650  -0.0010810751   0.0006720193
       -0.0007643618   0.0000505689   0.0000035116   0.0000606122  -0.0000329145
       -0.0000571787  -0.0000191172   0.0002152210  -0.0000240391   0.0003437653
       -0.0000139321  -0.0000578893  -0.0000003156  -0.0000462025   0.0000056531
        0.0000262350   0.0000445015  -0.0000811750  -0.0000974297   0.0000634514
        0.0000139993  -0.0000041070  -0.0000011422   0.0000230376   0.0000102047
       -0.0000069054  -0.0000044365   0.0000013062  -0.0000231389   0.0000073015
        0.0000141329  -0.0000608531  -0.0000240723  -0.0000318415   0.0000004887
       -0.0000036553   0.0000036330  -0.0000009874  -0.0000089345   0.0000050596
       -0.0000010569   0.0000110884  -0.0000050809  -0.0000029243  -0.0000013287
        0.0000045933  -0.0000066465  -0.0000061235   0.0000045215   0.0008368985
        0.0003063723  -0.0007542925   0.0001767854  -0.0001836159   0.0001283777
       -0.0000581497   0.0001558391  -0.0000348817  -0.1486395762  -0.1141135597
        0.0363800469  -0.0119217709  -0.0139907213   0.0036101057  -0.0012462161
       -0.0012588587  -0.0038112283   0.1683823380   0.1339127507  -0.0407037070
       -0.0160044529  -0.0151162910   0.0085960621   0.0094167068   0.0095387192
       -0.0030258474   0.0000339298   0.0000130121  -0.0000788619  -0.0000097315
        0.0000146902   0.0000043006   0.0000159883   0.0000019333  -0.0000066330
        0.0000285195   0.0000012978  -0.0000109768  -0.0000016243   0.0000125609
       -0.0000104658
        0.0001231213  -0.0001250775   0.0001574608  -0.0001309034   0.0000522417
       -0.0000068566   0.0000873117  -0.0000138004   0.0000089322  -0.0000545741
       -0.0000554242  -0.0000326123  -0.0000306887   0.0000284447  -0.0000290402
        0.0000144920   0.0000818820   0.0000389776   0.0000088811   0.0000167016
        0.0000113056  -0.0000050143  -0.0000026888   0.0000280419   0.0002618215
        0.0000009110   0.0000434433   0.0001324530   0.0003782552  -0.0000811573
        0.0001629997  -0.0003642721   0.0000561621   0.0000545751  -0.0000226557
       -0.0001005710   0.0001350997  -0.0000416277  -0.0000253439  -0.0000063489
       -0.0001121362  -0.0000249990  -0.0000404757   0.0000050403  -0.0000195815
       -0.0002334604  -0.0001354425   0.0000776973  -0.0000283870  -0.0000400357
        0.0000170229   0.0000154844   0.0000104796  -0.0000331108  -0.0000092529
        0.0000091896  -0.0000037057   0.0000010560  -0.0000150487  -0.0000228828
        0.0000000336  -0.0000139196  -0.0000100331   0.0000489971  -0.0000347602
       -0.0000187483  -0.0000304836  -0.0000369384  -0.0000117034   0.0000080684
        0.0000059539   0.0000036468   0.0000026360  -0.0000157760   0.0000134195
       -0.0000333001  -0.0000237452  -0.0000063253   0.0001328337   0.0003629577
        0.0003227407   0.0000425554  -0.0000415381   0.0000773221  -0.0000693167
       -0.0000370022   0.0000052106   0.0000652689   0.0006003255  -0.0001482412
       -0.0000820401   0.0000530280   0.0000403681  -0.0000881986   0.0000805589
        0.0001008021  -0.0001609161  -0.0001499388  -0.0002478596   0.0000283831
       -0.0001514082   0.0000788592  -0.0000107963   0.0000749843   0.0000367858
       -0.0000085996   0.0000804659  -0.0000077025   0.0000346086   0.0000251228
        0.0000050136  -0.0000373745  -0.0000333711   0.0000784152   0.0000117533
        0.0000163377  -0.0000112906   0.0000247526   0.0000365350  -0.0000116754
       -0.0000301239  -0.0000254656   0.0000537529   0.0000077609   0.0000105142
       -0.0000119869   0.0000334087   0.0000089098  -0.0000565499   0.0013045104
        0.0003689089   0.0010984516   0.0000383720  -0.0001053703   0.0001525210
        0.0000267494   0.0000759488  -0.0000609383  -0.1148346342  -0.1667233704
        0.0425667174  -0.0078671286  -0.0085003399  -0.0016226667  -0.0011140341
       -0.0002819894  -0.0028943263   0.1339127507   0.1906461860  -0.0461523505
        0.0051953475   0.0067688045  -0.0014989229  -0.0170882574  -0.0227569036
        0.0081691518   0.0000523085   0.0000362883  -0.0000680432  -0.0000061846
        0.0000183038   0.0000025848   0.0000120416  -0.0000031967  -0.0000027419
        0.0000262403  -0.0000012993  -0.0000193819  -0.0000061827   0.0000112632
       -0.0000034580
       -0.0000208324  -0.0000471699   0.0000596200   0.0000932267   0.0000315733
       -0.0000353716   0.0000445662  -0.0000589364  -0.0000117611  -0.0000208605
       -0.0000801675  -0.0000429314  -0.0001149198  -0.0000458026  -0.0000135733
       -0.0000338679   0.0000558619   0.0000535975   0.0000713748   0.0000397290
        0.0000646349  -0.0000262004   0.0000192654  -0.0000245085   0.0001589940
       -0.0000753326  -0.0002672285   0.0001260117   0.0002614029   0.0000857082
        0.0004808774  -0.0002989063  -0.0003370872  -0.0001293038   0.0000820504
        0.0000903710   0.0000678245  -0.0000385102  -0.0000241799   0.0000001627
       -0.0000261625   0.0000465458  -0.0000001821  -0.0000031483  -0.0000010678
       -0.0003067605  -0.0000824995   0.0000364235  -0.0000477955  -0.0000345586
       -0.0000023976   0.0000077745   0.0000053844  -0.0000179515   0.0000128547
        0.0000136289   0.0000015657  -0.0000030379   0.0000010592  -0.0000005645
       -0.0000045306   0.0000065632   0.0000194489  -0.0000078000   0.0000020550
        0.0000305785  -0.0000037913   0.0000001865   0.0000195047   0.0000072930
       -0.0000078423   0.0000141318   0.0000252146   0.0000033149   0.0000174546
       -0.0000235597  -0.0000016285   0.0000496660  -0.0005524988   0.0001318238
        0.0002767413  -0.0000652743   0.0000299474  -0.0000602129  -0.0000125425
       -0.0000247649   0.0000126352   0.0003551493   0.0001610568  -0.0001432993
       -0.0000503034   0.0000803363   0.0000443479  -0.0000460791   0.0000238584
        0.0000228781  -0.0000961522  -0.0001683966  -0.0000849351   0.0000215010
        0.0000266147   0.0000279000  -0.0000169321   0.0000303383  -0.0000212356
        0.0000146360   0.0000142304  -0.0000101336  -0.0000094977   0.0000045216
        0.0000163060  -0.0000519623   0.0000107726  -0.0000304991   0.0000209139
        0.0000099302  -0.0000096266   0.0000293262   0.0000307056   0.0000081715
       -0.0000386059  -0.0000183095   0.0000231202   0.0000065256   0.0000113182
       -0.0000047051   0.0000384081   0.0000026013  -0.0000224908   0.0004232635
       -0.0012042734  -0.0004066731   0.0000769564   0.0000622980   0.0000234328
        0.0000254474  -0.0000283993  -0.0000092592   0.0338340729   0.0404674620
       -0.0504135347  -0.0159746331  -0.0147281706   0.0055374980  -0.0023374501
       -0.0035761593  -0.0055328137  -0.0407037070  -0.0461523505   0.0598314830
        0.0181282708   0.0167899511  -0.0066711670   0.0066042105   0.0083718985
       -0.0022098749   0.0000690342  -0.0000865931  -0.0000232062  -0.0000621846
       -0.0000031561   0.0000227338   0.0000089709   0.0000067470   0.0000071361
       -0.0000024088  -0.0000002435  -0.0000112857   0.0000108127   0.0000029954
       -0.0000000597
        0.0000165584  -0.0000533134   0.0000626047  -0.0000151734   0.0000115443
       -0.0000141709   0.0000213285   0.0000001039   0.0000095272  -0.0000115889
       -0.0000211990  -0.0000164652  -0.0000347166  -0.0000093488   0.0000106905
       -0.0000000790   0.0000391183   0.0000161919   0.0000001144   0.0000021110
        0.0000030565   0.0000081754   0.0000356183   0.0000197079  -0.0006314361
       -0.0000220696  -0.0000321291   0.0000738466   0.0001594891  -0.0000022979
        0.0000552270  -0.0001690769   0.0000018334   0.0000378928   0.0000877195
        0.0000082209   0.0001002555  -0.0000600868   0.0000037961  -0.0000222800
       -0.0000298037  -0.0000323168   0.0000261522  -0.0000173571   0.0000227114
       -0.0001094086  -0.0000506277   0.0000213810  -0.0000197000  -0.0000192151
       -0.0000028175   0.0000096138   0.0000074471  -0.0000169206   0.0000064054
        0.0000116562  -0.0000028033   0.0000008723  -0.0000054272  -0.0000122865
       -0.0000039538   0.0000040004   0.0000063286   0.0000149706  -0.0000221369
       -0.0000032339  -0.0000063557  -0.0000000923   0.0000027659   0.0000209375
       -0.0000165855  -0.0000005055   0.0000040450  -0.0000189678   0.0000140792
       -0.0000084995  -0.0000268771   0.0000201917   0.0002680443  -0.0001827054
        0.0001225853   0.0001930772  -0.0000316716  -0.0000086346  -0.0000056089
       -0.0000033504   0.0000054355   0.0000157382   0.0001094866  -0.0000753624
       -0.0000246163   0.0000168514   0.0000042479  -0.0000369653   0.0000223557
        0.0000195074  -0.0001778049   0.0000234764  -0.0000710146   0.0000807873
       -0.0000463752   0.0000558762   0.0000008047   0.0000213859   0.0000269661
        0.0000061745  -0.0000074065   0.0000019054  -0.0000012174   0.0000099348
        0.0000132686  -0.0000835290  -0.0000041543  -0.0000236152   0.0000088935
        0.0000105741  -0.0000042789   0.0000162682   0.0000141564   0.0000042790
       -0.0000180071  -0.0000154378   0.0000153357   0.0000037405   0.0000079213
       -0.0000041844   0.0000219330   0.0000040714  -0.0000142905  -0.0005362105
       -0.0000694347  -0.0005957344  -0.0000166616  -0.0000668858  -0.0001768910
       -0.0000694861   0.0000460606   0.0000593207  -0.1273178634   0.0474879491
        0.1048809593   0.0104804265  -0.0034728467  -0.0099689819  -0.0022403063
       -0.0014531114  -0.0009847769  -0.0160044529   0.0051953475   0.0181282708
        0.1473898478  -0.0555268708  -0.1236269295  -0.0113747334   0.0080130133
        0.0120515863  -0.0000754056   0.0000877098   0.0000676365  -0.0000003417
        0.0000111129  -0.0000227632  -0.0000000957   0.0000069049   0.0000219715
       -0.0000223454  -0.0000295156   0.0000158278  -0.0000132882   0.0000048315
       -0.0000046619
        0.0000126075   0.0000097304  -0.0000154105  -0.0000068322  -0.0000057102
       -0.0000074922   0.0000055206  -0.0000018081  -0.0000058879  -0.0000013389
       -0.0000102234  -0.0000149075   0.0000124381  -0.0000095176  -0.0000147733
       -0.0000223865   0.0000385535   0.0000128592   0.0000098081   0.0000033900
       -0.0000083174  -0.0000045843   0.0000088828   0.0000491866  -0.0001545736
       -0.0000222617   0.0001952642  -0.0001289248  -0.0000330722   0.0000476813
       -0.0000045300   0.0000210157   0.0000569802  -0.0000555622  -0.0000203672
        0.0000263699  -0.0000206458   0.0000289613  -0.0000008723   0.0000127187
        0.0000245459   0.0000092656  -0.0000169647  -0.0000023100  -0.0000139056
        0.0000555908   0.0000039449  -0.0000257963   0.0000177090   0.0000143433
       -0.0000101819  -0.0000044600  -0.0000002440   0.0000064121  -0.0000048951
        0.0000009619   0.0000014063   0.0000001702  -0.0000071718  -0.0000008073
        0.0000007788  -0.0000096517   0.0000004871   0.0000015444  -0.0000067989
        0.0000187855  -0.0000048305   0.0000051668   0.0000104092   0.0000024096
        0.0000072998   0.0000123368   0.0000026193  -0.0000175725  -0.0000007433
        0.0000185565  -0.0000395033   0.0000412584   0.0001843531   0.0000149829
        0.0003416048   0.0001860864  -0.0000589781  -0.0000779650   0.0000180392
        0.0000208113   0.0000037602   0.0001431195  -0.0000199095  -0.0001357077
        0.0000050274   0.0000111214  -0.0000037942   0.0000055686  -0.0000010466
        0.0000032993   0.0000177270  -0.0000880908   0.0000486644  -0.0000953228
        0.0000239634  -0.0000118871  -0.0000085100  -0.0000173598  -0.0000377834
        0.0000094591   0.0000075717  -0.0000050880   0.0000110510   0.0000017532
        0.0000041708   0.0000758696   0.0000513245   0.0000055701  -0.0000069418
       -0.0000020968   0.0000044488  -0.0000117969  -0.0000151837   0.0000067228
        0.0000152697   0.0000030330  -0.0000194891  -0.0000042818  -0.0000017115
        0.0000047450  -0.0000136469  -0.0000008187   0.0000205492   0.0006809912
       -0.0004547539   0.0008680029   0.0000665629   0.0001510677  -0.0001643079
       -0.0000118909  -0.0000610369   0.0000280469   0.0500668723  -0.0654416071
       -0.0566201067   0.0030465808  -0.0024087391  -0.0084027304  -0.0023264123
       -0.0008896713  -0.0004503590  -0.0151162910   0.0067688045   0.0167899511
       -0.0555268708   0.0734893552   0.0661292925   0.0190087693  -0.0110419425
       -0.0188358365  -0.0001066225  -0.0000006922   0.0001647518   0.0000134446
       -0.0000083116  -0.0000717927  -0.0000080078  -0.0000044614   0.0000081033
       -0.0000424078  -0.0000131857   0.0000289329   0.0000022681   0.0000052245
        0.0000066238
       -0.0000159146   0.0000431018  -0.0000369390   0.0000093150  -0.0000007757
        0.0000133855  -0.0000401286   0.0000084994  -0.0000002082   0.0000071456
        0.0000051799  -0.0000095973   0.0000122422  -0.0000016054   0.0000122648
        0.0000127815  -0.0000806699  -0.0000419001   0.0000207640  -0.0000043302
        0.0000030639   0.0001010231  -0.0000317298   0.0001312224  -0.0010029198
        0.0000352303   0.0002334489  -0.0000582421  -0.0001174394   0.0000087301
       -0.0000096224   0.0001041596   0.0000455596  -0.0000187644  -0.0000493663
       -0.0000146756  -0.0000390775   0.0000434787   0.0000056083   0.0000109800
        0.0000043591   0.0000215880  -0.0000140582  -0.0000021495   0.0000240500
        0.0000617348   0.0000404979  -0.0000162229   0.0000165237   0.0000189443
       -0.0000011486  -0.0000167691  -0.0000049843   0.0000160011  -0.0000061038
       -0.0000079733  -0.0000011779  -0.0000128168   0.0000086100   0.0000145353
        0.0000029056   0.0000162839   0.0000271074  -0.0000152415   0.0000455876
        0.0000062157   0.0000072286   0.0000067093   0.0000035173  -0.0000230451
        0.0000354280  -0.0000031150   0.0000057607  -0.0000537257   0.0000711431
        0.0001165589   0.0000454874   0.0002007862   0.0002536811   0.0003854934
       -0.0008096181   0.0003442470  -0.0001292515  -0.0000875017   0.0000111073
        0.0000124945  -0.0000012142   0.0000175226  -0.0000749782  -0.0000311813
        0.0000114211  -0.0000027573  -0.0000003531   0.0000179972  -0.0000005175
        0.0000257663   0.0000018822  -0.0000005839   0.0000190626   0.0000098750
       -0.0000078025  -0.0000616328  -0.0000037810  -0.0000028697   0.0000126798
        0.0000135478  -0.0000182057   0.0000048010  -0.0000138039   0.0000204585
        0.0000209581   0.0000288378   0.0000221947  -0.0000650395  -0.0000079404
       -0.0000086133   0.0000051557  -0.0000133839  -0.0000158541  -0.0000006456
        0.0000183519   0.0000148222  -0.0000129222  -0.0000041733  -0.0000070406
        0.0000046987  -0.0000199549  -0.0000045239   0.0000145197  -0.0016536314
        0.0000894640   0.0003371588   0.0001959452  -0.0001629143  -0.0004363430
       -0.0002223453   0.0002012792   0.0001186333   0.1112744715  -0.0558197049
       -0.1685924612   0.0132444226  -0.0109992098  -0.0232643522  -0.0033331638
       -0.0003156312  -0.0011022912   0.0085960621  -0.0014989229  -0.0066711670
       -0.1236269295   0.0661292925   0.1929147192  -0.0040229831   0.0019477396
        0.0066948575  -0.0001941348   0.0001796080   0.0003028543   0.0000181389
       -0.0000234796  -0.0000990508   0.0000014355   0.0000078373   0.0000108280
       -0.0000384916  -0.0000422537   0.0000537276  -0.0000164893   0.0000176230
       -0.0000178897
        0.0000780636   0.0000030279   0.0000111509  -0.0000465607   0.0000001237
       -0.0000123716   0.0000301004   0.0000021291  -0.0000030592  -0.0000305527
        0.0000141201   0.0000062146  -0.0000731485  -0.0000358306   0.0000104444
       -0.0000213586  -0.0000037152  -0.0000112118   0.0000180322  -0.0000101544
       -0.0000003069  -0.0001306017   0.0000111256  -0.0002872077   0.0001429455
        0.0006801753  -0.0004132367  -0.0000841719  -0.0000469310   0.0000083638
        0.0000048730   0.0000051852  -0.0000253792  -0.0000595467   0.0000211481
        0.0000615960  -0.0000136352  -0.0000446441   0.0000377826   0.0001176910
        0.0000942914   0.0002142386   0.0000703504   0.0000122880   0.0000086454
        0.0000209806   0.0000217009  -0.0000137171   0.0000175820   0.0000165323
       -0.0000042165  -0.0000121595   0.0000049793   0.0000073236  -0.0000091810
       -0.0000032510  -0.0000087790   0.0000099913  -0.0000020767   0.0000003503
       -0.0000054655   0.0000000866   0.0000045119  -0.0000177154  -0.0000074814
        0.0000071902   0.0000156384   0.0000125713   0.0000064577   0.0000079108
       -0.0000402023   0.0000253101   0.0000148548   0.0000572396  -0.0000539933
       -0.0000121502   0.0000218209   0.0000209709  -0.0001837026  -0.0002799937
       -0.0000639844  -0.0001362832   0.0001247908  -0.0001052802   0.0000228251
        0.0000131847   0.0000017665   0.0001391278  -0.0000475916  -0.0000774116
       -0.0000255990   0.0000071441  -0.0000026266  -0.0000324533   0.0000329516
       -0.0000338870   0.0001009256  -0.0000097168  -0.0000811592  -0.0001444418
        0.0001064157   0.0000242726  -0.0000583984  -0.0000426427  -0.0000931769
       -0.0000129384   0.0000016199   0.0000059454  -0.0000830454   0.0000028269
        0.0000141020   0.0000444631  -0.0000984334  -0.0001625583  -0.0000074252
       -0.0000063153   0.0000030108  -0.0000110266  -0.0000153255   0.0000039672
        0.0000165757   0.0000022101  -0.0000165652  -0.0000030684  -0.0000019586
        0.0000055126  -0.0000148858   0.0000002695   0.0000182544  -0.0017546506
       -0.0006394805  -0.0038911461   0.0002275670   0.0002490273  -0.0000534853
        0.0000121062  -0.0001394762   0.0000303899  -0.1008958906   0.0956278745
       -0.0368665463  -0.0095685056   0.0154464669  -0.0074275647   0.0012168670
       -0.0000033783   0.0020775285   0.0094167068  -0.0170882574   0.0066042105
       -0.0113747334   0.0190087693  -0.0040229831   0.1130772428  -0.1128695831
        0.0444369838   0.0000068377  -0.0001387183   0.0000707857   0.0000104540
       -0.0000215740  -0.0000140150  -0.0000169965  -0.0000162559  -0.0000129500
       -0.0000294299   0.0000121819   0.0000255891   0.0000290093  -0.0000012907
        0.0000059490
       -0.0001021245   0.0000467560  -0.0000666051   0.0001122844   0.0000092993
        0.0000125567  -0.0000171833  -0.0000067909  -0.0000126389   0.0000054156
       -0.0000086627  -0.0000077859  -0.0000150310  -0.0000091478  -0.0000126311
        0.0000418940  -0.0000458886  -0.0000212022  -0.0000006790   0.0000000002
        0.0000109749  -0.0000298863   0.0000046212  -0.0000968102  -0.0002467613
        0.0003444841  -0.0004856507   0.0000493237  -0.0001108100   0.0000378793
       -0.0000584326   0.0000820240  -0.0001000616   0.0000035478   0.0000752808
        0.0000820986  -0.0000909061   0.0000181795  -0.0000049602   0.0000011218
        0.0000336765  -0.0000214345   0.0000428687  -0.0000351478   0.0000080597
       -0.0000014065   0.0000523832  -0.0000186727  -0.0000091468   0.0000105391
       -0.0000117791  -0.0000010398  -0.0000037034   0.0000141162   0.0000112330
       -0.0000064888   0.0000022045  -0.0000118329   0.0000101238   0.0000111960
       -0.0000024050   0.0000153368   0.0000141464  -0.0000331390   0.0000431550
        0.0000083510   0.0000146587   0.0000135318   0.0000028411  -0.0000264978
        0.0000222246  -0.0000127891  -0.0000007552   0.0000266815  -0.0000031937
        0.0000457122   0.0000386242   0.0001159793  -0.0001094557   0.0002512351
       -0.0001898110   0.0000828080   0.0000244257   0.0000204568   0.0000214747
       -0.0000059327  -0.0000033074   0.0000302812  -0.0002271172   0.0000690054
        0.0000279962  -0.0000142466  -0.0000023399   0.0000505888  -0.0000693326
       -0.0000364797   0.0000374278   0.0000181838   0.0001655643   0.0000975798
        0.0001714855  -0.0000697164   0.0000036020  -0.0000291244   0.0000204308
        0.0000312114  -0.0001132653   0.0000083032  -0.0000509268  -0.0000027108
        0.0000458520  -0.0000988114   0.0000676758  -0.0001396443   0.0000031444
        0.0000000514   0.0000014416   0.0000038992  -0.0000086277   0.0000120893
       -0.0000007663   0.0000062103  -0.0000151022  -0.0000021906  -0.0000017604
        0.0000032781   0.0000005479  -0.0000060728   0.0000133601  -0.0004143185
        0.0002138138  -0.0008524908   0.0000792402  -0.0001225066   0.0000312333
       -0.0000416727   0.0000794512   0.0000162849   0.0965255722  -0.2119221381
        0.0638153166  -0.0002865165   0.0041042651   0.0016817862  -0.0003204252
        0.0008546679  -0.0003021771   0.0095387192  -0.0227569036   0.0083718985
        0.0080130133  -0.0110419425   0.0019477396  -0.1128695831   0.2398697518
       -0.0740233818  -0.0000151692   0.0000255716  -0.0000449077  -0.0000234331
        0.0000075788   0.0000104241   0.0000051144   0.0000114531   0.0000062271
        0.0000090045  -0.0000001626  -0.0000031848  -0.0000087889  -0.0000042586
       -0.0000023376
        0.0001823077  -0.0001041457   0.0001500482  -0.0001825974   0.0000044858
       -0.0000148218   0.0000373424   0.0000133357   0.0000267379  -0.0000319471
        0.0000115307   0.0000127961  -0.0000880484  -0.0000406039   0.0000353605
       -0.0000259192   0.0000032799  -0.0000001527   0.0000277292  -0.0000081589
       -0.0000020280  -0.0001305729   0.0000119482  -0.0003177100  -0.0005679524
        0.0009431350  -0.0006824976   0.0001479475   0.0003042849  -0.0000909043
       -0.0000645262  -0.0002752197  -0.0000023664   0.0001551572   0.0001990688
        0.0000137693   0.0001093660  -0.0001508570   0.0000031127   0.0000183539
       -0.0000597653  -0.0002106812   0.0001035841  -0.0000780022   0.0000572179
       -0.0001162740  -0.0000914478   0.0000398862  -0.0000146525  -0.0000310944
        0.0000069206   0.0000032452   0.0000137602  -0.0000249318  -0.0000031715
        0.0000153416  -0.0000079165   0.0000162970  -0.0000042953  -0.0000162412
       -0.0000082892   0.0000098494   0.0000056327   0.0000167821  -0.0000317474
       -0.0000205917   0.0000022129  -0.0000071009  -0.0000034912   0.0000264085
       -0.0000521936   0.0000133443   0.0000224803   0.0000640370  -0.0000510494
        0.0000254147   0.0000612553   0.0001166668  -0.0001304271  -0.0003091032
       -0.0001133806  -0.0002212516   0.0001212208  -0.0000652566  -0.0000264923
       -0.0000520357  -0.0000071634  -0.0000256654   0.0001821004  -0.0000292893
       -0.0000751103  -0.0000054894   0.0000049357  -0.0000960174   0.0000738443
        0.0000870336  -0.0001356434   0.0001881299  -0.0003585833   0.0003382546
       -0.0000928647   0.0002507020  -0.0000847248   0.0000774526   0.0001245694
       -0.0000489368   0.0000077236   0.0000303547  -0.0000668680   0.0000876867
        0.0000868390  -0.0002377878  -0.0002192346  -0.0001939620   0.0000061438
        0.0000125529  -0.0000050532   0.0000151062   0.0000271508  -0.0000043689
       -0.0000187716  -0.0000291744   0.0000292453   0.0000082994   0.0000125098
       -0.0000089536   0.0000212496   0.0000145421  -0.0000279937  -0.0038415888
       -0.0008782397  -0.0050653795   0.0001433999   0.0001092224  -0.0001526473
        0.0000042621  -0.0000744456   0.0000439011  -0.0367184691   0.0630165386
       -0.0657601468  -0.0144982133   0.0207087215  -0.0103761334   0.0024967514
        0.0011184049   0.0019201512  -0.0030258474   0.0081691518  -0.0022098749
        0.0120515863  -0.0188358365   0.0066948575   0.0444369838  -0.0740233818
        0.0760140958   0.0000789721  -0.0001063236   0.0000303218  -0.0000169239
       -0.0000163741   0.0000258041  -0.0000052407  -0.0000072781  -0.0000080528
       -0.0000103816   0.0000008460   0.0000103376   0.0000226738   0.0000013021
       -0.0000030189
       -0.0006455191   0.0000859036  -0.0002191577   0.0006874073   0.0000233966
       -0.0000305160  -0.0000595197  -0.0000842773  -0.0001459939  -0.0000820053
       -0.0001688131  -0.0000303721   0.0003174991  -0.0012436770   0.0009269838
       -0.0001526248   0.0000945459   0.0001484550  -0.0002126690   0.0001746604
        0.0000133882  -0.0059027990  -0.0014611114   0.0015469962  -0.0217118893
       -0.0304240647   0.0159681928   0.0005141160  -0.0001058259   0.0001215138
        0.0000134582  -0.0000555266  -0.0000689784   0.0000126815  -0.0000346618
       -0.0000181661   0.0001160550  -0.0000085195  -0.0000652920   0.0000446894
       -0.0000620569   0.0000283755   0.0000290022   0.0000195407  -0.0000179517
       -0.0004999810   0.0000551865   0.0001248753  -0.0001724691  -0.0000799564
        0.0000160477   0.0000573576  -0.0000275146  -0.0000026019   0.0000644680
        0.0000042069   0.0000348700  -0.0000619202   0.0000301594   0.0000161509
        0.0000385352  -0.0000656309  -0.0000309229   0.0000220696   0.0000257581
        0.0000424665  -0.0000690473  -0.0000332205  -0.0000413388  -0.0001409300
        0.0001945982  -0.0001476727  -0.0001036235   0.0001306832  -0.0000337641
       -0.0004285752  -0.0018401398   0.0000744292  -0.0001745040   0.0002692450
        0.0000250472  -0.2449581499   0.1535492838  -0.0428381995  -0.0000059938
        0.0000010391  -0.0000177757  -0.0000138845   0.0000354841   0.0000455400
       -0.0000454197   0.0000137059   0.0000250190  -0.0000062899  -0.0000058623
        0.0000275062  -0.0000294232   0.0000302957  -0.0000106654   0.0000380859
        0.0000026743   0.0000153272  -0.0000496061   0.0000479122   0.0000072147
       -0.0000078286   0.0000499795  -0.0000378285  -0.0000165635   0.0000086939
        0.0000474691  -0.0000376270  -0.0001618464  -0.0000221072   0.0000686591
        0.0000300785  -0.0000202316   0.0000933414   0.0000543603  -0.0000044934
       -0.0001125793  -0.0000107321   0.0000957766   0.0000062841   0.0000246276
       -0.0000153272   0.0000983199  -0.0000187128  -0.0000931203  -0.0001857621
       -0.0001688474   0.0008447366  -0.0900540452  -0.0490641266   0.0270156644
       -0.0025944671   0.0484597720  -0.0158604595   0.0002844836  -0.0004225019
       -0.0009341650   0.0000097332   0.0009176732   0.0008917939  -0.0075298595
        0.0006758057  -0.0017648670   0.0000339298   0.0000523085   0.0000690342
       -0.0000754056  -0.0001066225  -0.0001941348   0.0000068377  -0.0000151692
        0.0000789721   0.6438314079  -0.0634947399  -0.0547302974  -0.2064841619
       -0.0356940218   0.0464789595  -0.0190611977  -0.0135382127   0.0015807773
       -0.0110756779  -0.0052690760   0.0144130286  -0.0336264027  -0.0013961109
        0.0066717892
       -0.0009147879   0.0002860969  -0.0004712219   0.0009761933   0.0000425166
        0.0000432004  -0.0002496046  -0.0001188527  -0.0001209635   0.0000230098
       -0.0003266289  -0.0001882153   0.0003552326  -0.0003216083   0.0004323710
       -0.0000193062   0.0000533587   0.0000630554  -0.0001760716   0.0001914248
        0.0000703924  -0.0030262072  -0.0000783601   0.0001970409  -0.0177450765
       -0.0141142793   0.0089089359   0.0003129616  -0.0004996935   0.0003147044
        0.0001109443   0.0002803373   0.0000409995  -0.0001571164  -0.0003568667
       -0.0001170166   0.0001077652   0.0002285652  -0.0000567621   0.0000264055
       -0.0001012136   0.0000543928  -0.0000343284   0.0000859820  -0.0000383250
       -0.0003704278   0.0001697653   0.0000432919  -0.0001532861  -0.0000182728
       -0.0000129775   0.0000537047  -0.0000627759   0.0000306361   0.0000805634
       -0.0000230228   0.0000595080  -0.0001015516   0.0000459660   0.0000598046
        0.0000059535   0.0000315513   0.0000835790   0.0000457103   0.0000916228
        0.0000865493  -0.0000685111  -0.0000385587  -0.0000277989   0.0009440284
        0.0009393388  -0.0000465375   0.0003120140  -0.0000511319  -0.0003248924
       -0.0000484973   0.0000004898   0.0002780243  -0.0000475903   0.0000396953
        0.0002961740   0.1518933347  -0.1562243287   0.0517570175   0.0000078878
        0.0000520158  -0.0000158629  -0.0000074945  -0.0000091752   0.0000474228
        0.0000253187   0.0000025002   0.0000197663   0.0000160828  -0.0000363148
        0.0000418211  -0.0000384136  -0.0000675641   0.0000401889   0.0000175272
        0.0000197411   0.0000076452   0.0000415135   0.0000076327  -0.0000066485
        0.0000158737   0.0000503912  -0.0000195352  -0.0000282122   0.0000175151
        0.0000577859  -0.0000396595  -0.0000875240  -0.0000477956   0.0000658966
        0.0000119955  -0.0000063395   0.0000718218   0.0000074698   0.0000112668
       -0.0000811543   0.0000541899   0.0000450520  -0.0000084355   0.0000004102
        0.0000010489   0.0000719282  -0.0000469116  -0.0000497289  -0.0004369553
        0.0032825837  -0.0016724002  -0.0369393777  -0.2943104084   0.1045599696
        0.0256591400  -0.0738280240   0.0292595522  -0.0003560024   0.0006260369
        0.0006876677  -0.0004150786  -0.0093780420   0.0004505476   0.0053907710
        0.0064381692   0.0014085898   0.0000130121   0.0000362883  -0.0000865931
        0.0000877098  -0.0000006922   0.0001796080  -0.0001387183   0.0000255716
       -0.0001063236  -0.0634947399   0.6339283195  -0.2352294715  -0.0358381875
       -0.0879550626   0.0261140375  -0.0325462319  -0.0121966642   0.0084844016
       -0.0141439381  -0.0029521733   0.0105366579   0.0208926580   0.0061566089
       -0.0061272974
        0.0004174425  -0.0001051201   0.0002538008  -0.0004316403   0.0000127672
       -0.0000074052   0.0000065367   0.0000658140   0.0001014993   0.0000617034
       -0.0000744250  -0.0000871229  -0.0002113646   0.0003545197  -0.0002454253
        0.0000372951  -0.0000847080  -0.0000201493   0.0002183925  -0.0000786844
       -0.0000066630   0.0022566777   0.0006327791  -0.0001108087   0.0110621032
        0.0117679736  -0.0043282982  -0.0002036152   0.0001969787  -0.0001854211
        0.0000458382  -0.0000831952   0.0000099666  -0.0000115493   0.0000382260
        0.0000232828   0.0000171920  -0.0000578998   0.0000053503  -0.0000069931
        0.0000147946  -0.0000748591   0.0000251482  -0.0000282617  -0.0000089652
        0.0001729330  -0.0000749527   0.0000132925   0.0000748717   0.0000187093
        0.0000170985  -0.0000363098   0.0000233755  -0.0000197538  -0.0000253838
        0.0000160768  -0.0000384267   0.0000234925  -0.0000063704  -0.0000147021
       -0.0000708850   0.0000605622   0.0000693281  -0.0000250094   0.0000462945
       -0.0000100072   0.0000413439   0.0000438163   0.0000247898  -0.0003357207
       -0.0001185287   0.0000137040  -0.0000817599  -0.0002337387   0.0004098584
       -0.0013478124   0.0006203160   0.0003678348   0.0006224828   0.0002215643
       -0.0001344061  -0.0386164283   0.0477531419  -0.0275127471   0.0000006210
        0.0000038224   0.0000195754   0.0000045424   0.0000307343  -0.0000329342
       -0.0000162096   0.0000165479   0.0000036475  -0.0000556967   0.0000410634
        0.0000505312   0.0000268542  -0.0000006922  -0.0001049974   0.0000492550
        0.0000086576   0.0000546890  -0.0000237212   0.0000075776   0.0000213202
        0.0000064840  -0.0000405563   0.0000272461  -0.0000516286   0.0000646571
        0.0000622023   0.0000195229  -0.0000590844  -0.0001233361  -0.0000318979
       -0.0000062633   0.0000001190  -0.0000318330  -0.0000153053  -0.0000153844
        0.0000513626  -0.0000046489   0.0000057089  -0.0000073897  -0.0000070265
       -0.0000090080  -0.0000338702   0.0000114227  -0.0000009325  -0.0004417789
       -0.0007982504   0.0022300137   0.0227142128   0.1126151947  -0.0781280839
       -0.0057448760   0.0250140317   0.0047701290   0.0000551054  -0.0002283238
        0.0000767504   0.0013781234   0.0048691684  -0.0004733744  -0.0047477165
       -0.0028722788   0.0005942784  -0.0000788619  -0.0000680432  -0.0000232062
        0.0000676365   0.0001647518   0.0003028543   0.0000707857  -0.0000449077
        0.0000303218  -0.0547302974  -0.2352294715   0.1700947851   0.0439854631
        0.0240310681  -0.0670749979  -0.0050154273   0.0018152071   0.0074978731
        0.0328966464   0.0121573275  -0.0109241544  -0.0039943919  -0.0024182050
        0.0025637193
        0.0002250891  -0.0000224216   0.0000632641  -0.0002224914  -0.0000097174
        0.0000113360   0.0000660116   0.0000479308   0.0000043878  -0.0000581517
        0.0000283306   0.0000049525  -0.0002072918  -0.0002243657   0.0001091409
       -0.0000043126  -0.0000252430  -0.0000247686  -0.0000057133  -0.0000405620
       -0.0000483033  -0.0003795390  -0.0001523820   0.0001342014   0.0022766328
       -0.0003049492   0.0017320800  -0.0001547881   0.0000179445  -0.0000316455
        0.0000056704   0.0000288501   0.0000167941  -0.0000055305   0.0000300874
        0.0000105264  -0.0000314327   0.0000015399   0.0000150232  -0.0000150883
        0.0000108831   0.0000024246   0.0000003214   0.0000052017   0.0000068241
        0.0001522828  -0.0000081647  -0.0000416477   0.0000608485   0.0000338931
       -0.0000078161  -0.0000230816   0.0000071228   0.0000042267  -0.0000289534
       -0.0000076736  -0.0000133225   0.0000129316  -0.0000156086  -0.0000038867
       -0.0000026797  -0.0000230868   0.0000074464  -0.0000131844   0.0000082319
        0.0000269045   0.0000147774   0.0000120817   0.0000132928  -0.0001014451
        0.0000257916   0.0000793455  -0.0000508603  -0.0000509955  -0.0000742634
       -0.0001009918  -0.0000336633  -0.0000933252  -0.0001198262  -0.0000686673
        0.0000721563  -0.0196695664  -0.0058172705   0.0061955907   0.0000021168
        0.0000041246   0.0000075342   0.0000076623  -0.0000139797  -0.0000079543
        0.0000123377  -0.0000068419  -0.0000087114  -0.0000075577  -0.0000026999
       -0.0000044894   0.0000174005  -0.0000224090  -0.0000003874  -0.0000089155
        0.0000047897  -0.0000009040   0.0000251747  -0.0000127218  -0.0000076188
       -0.0000000414  -0.0000105177   0.0000186583  -0.0000031896   0.0000043223
       -0.0000071293   0.0000005128   0.0000179764  -0.0000118747  -0.0000256151
       -0.0000073641   0.0000047506  -0.0000354713  -0.0000203676   0.0000033478
        0.0000482535   0.0000065656  -0.0000362324  -0.0000090648  -0.0000068634
        0.0000085894  -0.0000357243   0.0000051367   0.0000332456   0.0007231133
        0.0000210838  -0.0004940848  -0.0101439366  -0.0163583012   0.0074549118
        0.0005881675   0.0019666327  -0.0010912224  -0.0000256402   0.0000116767
        0.0003057740  -0.0006670603   0.0002786640  -0.0004717057  -0.0003124061
       -0.0001205885  -0.0001641317  -0.0000097315  -0.0000061846  -0.0000621846
       -0.0000003417   0.0000134446   0.0000181389   0.0000104540  -0.0000234331
       -0.0000169239  -0.2064841619  -0.0358381875   0.0439854631   0.4615905626
       -0.0187242745   0.0149171717  -0.0503401146  -0.0420578765  -0.0268917729
       -0.0389093700   0.0020576023  -0.0082421296  -0.1376270505   0.1153874735
       -0.0374090670
       -0.0000286517   0.0000248231  -0.0000439631   0.0000455098  -0.0000098932
       -0.0000012626  -0.0000003753   0.0000019442  -0.0000379712  -0.0000796337
       -0.0000096540   0.0000150408   0.0000047082  -0.0003694267   0.0002395359
       -0.0000750225  -0.0000038343   0.0000196857  -0.0000655843   0.0000304136
       -0.0000186984  -0.0015093387  -0.0001600211   0.0003655268  -0.0007447802
       -0.0031208799   0.0046869774   0.0000158549  -0.0000502823   0.0000369825
       -0.0000035399   0.0000365517   0.0000047094  -0.0000037757  -0.0000140931
       -0.0000030394  -0.0000154398   0.0000263675   0.0000059479  -0.0000076924
       -0.0000059493   0.0000118127  -0.0000115068   0.0000105536   0.0000107113
       -0.0000083660   0.0000203192  -0.0000101999  -0.0000032068  -0.0000005207
       -0.0000086900  -0.0000016877  -0.0000036441   0.0000059841  -0.0000026732
       -0.0000043016   0.0000039393  -0.0000046236   0.0000004712   0.0000049917
        0.0000190800  -0.0000264282  -0.0000014444   0.0000133127   0.0000008633
        0.0000179785  -0.0000092851  -0.0000069347  -0.0000058021  -0.0000047726
        0.0001341441  -0.0000136274  -0.0000219405   0.0000421293  -0.0001268057
       -0.0001993577   0.0000179554   0.0001360373  -0.0000834343   0.0000158449
        0.0000809936   0.0114015050   0.0059047669  -0.0069480226   0.0000018955
        0.0000021357  -0.0000030278   0.0000017979  -0.0000178893   0.0000040589
        0.0000123076  -0.0000004790  -0.0000024101   0.0000067285  -0.0000095743
       -0.0000022308  -0.0000129028  -0.0000290490   0.0000198951  -0.0000115491
        0.0000005737  -0.0000117269   0.0000233603  -0.0000042875  -0.0000064893
        0.0000131074  -0.0000027436   0.0000059822   0.0000092433  -0.0000037048
       -0.0000066353  -0.0000187122   0.0000337640   0.0000000551  -0.0000018985
        0.0000035705   0.0000032215  -0.0000031176  -0.0000004471   0.0000014585
        0.0000014562   0.0000010739  -0.0000094738  -0.0000044065   0.0000024349
        0.0000038509  -0.0000023000  -0.0000003059   0.0000064539   0.0005352728
        0.0004672972  -0.0005935997  -0.0282566789  -0.0106093402   0.0075529310
       -0.0010056471  -0.0021039184   0.0003821147   0.0000042626   0.0001349834
        0.0001648781  -0.0004120642  -0.0015791321  -0.0002483578   0.0022295585
        0.0008185450   0.0006241932   0.0000146902   0.0000183038  -0.0000031561
        0.0000111129  -0.0000083116  -0.0000234796  -0.0000215740   0.0000075788
       -0.0000163741  -0.0356940218  -0.0879550626   0.0240310681  -0.0187242745
        0.5268760361  -0.0090982876  -0.0409122190  -0.2052470087  -0.0957925570
        0.0033300398  -0.0494263376   0.0338462757   0.1102712508  -0.1738499902
        0.0407440406
       -0.0000873830   0.0000087681  -0.0000426167   0.0000715783  -0.0000203101
       -0.0000054352  -0.0000083012  -0.0000078769   0.0000038064   0.0000481633
        0.0000282499   0.0000242774   0.0000246613   0.0000417964  -0.0000743822
        0.0000092224   0.0000461351   0.0000392887  -0.0000169570   0.0000047748
        0.0000050520   0.0001785433   0.0001352059   0.0000006379   0.0005615436
        0.0033741320   0.0050538497   0.0000289775  -0.0000037995   0.0000330182
       -0.0000286038  -0.0000055530  -0.0000040867   0.0000059111  -0.0000001944
        0.0000004643  -0.0000019316  -0.0000010457   0.0000063446   0.0000070211
        0.0000130999   0.0000147386  -0.0000043267  -0.0000025163   0.0000036808
       -0.0000199673   0.0000013788  -0.0000090219  -0.0000145258  -0.0000059417
       -0.0000078549   0.0000090805  -0.0000005496   0.0000045197   0.0000054854
        0.0000002190   0.0000115956   0.0000050449  -0.0000029438  -0.0000030885
        0.0000104574  -0.0000056976  -0.0000277323   0.0000064873  -0.0000352756
       -0.0000220015  -0.0000106276  -0.0000100548  -0.0000044730   0.0000190072
       -0.0000978512  -0.0000096986   0.0000226066   0.0000292865  -0.0000369270
       -0.0002406561   0.0001695670   0.0000661301   0.0000854646  -0.0000747733
        0.0000717981  -0.0028619117  -0.0034396679  -0.0011008636  -0.0000021131
       -0.0000103463  -0.0000066269   0.0000012580  -0.0000027846   0.0000049345
        0.0000023767  -0.0000046649  -0.0000017606   0.0000156110  -0.0000050185
       -0.0000231489   0.0000036418   0.0000193732   0.0000211079  -0.0000152603
       -0.0000097417  -0.0000188691  -0.0000035146  -0.0000020378  -0.0000017184
       -0.0000064666   0.0000102121  -0.0000070660   0.0000183159  -0.0000223876
       -0.0000296845   0.0000134378   0.0000128899   0.0000479668   0.0000064809
        0.0000034034   0.0000039553   0.0000070744   0.0000034234   0.0000077281
       -0.0000167123  -0.0000052074  -0.0000034755   0.0000086891   0.0000032324
        0.0000025470   0.0000077264   0.0000026796   0.0000043538   0.0019925551
       -0.0001272681   0.0004729002   0.0111134998   0.0034788192  -0.0084441267
       -0.0004803903   0.0003610753  -0.0013063064  -0.0000085832  -0.0000762113
       -0.0001376620   0.0000489833   0.0010183534   0.0003139610  -0.0011302507
       -0.0004736524  -0.0006950028   0.0000043006   0.0000025848   0.0000227338
       -0.0000227632  -0.0000717927  -0.0000990508  -0.0000140150   0.0000104241
        0.0000258041   0.0464789595   0.0261140375  -0.0670749979   0.0149171717
       -0.0090982876   0.4946864011  -0.0277263244  -0.0959471461  -0.0997994722
       -0.0079226592   0.0346732448  -0.2646814420  -0.0350950931   0.0400042322
       -0.0572750029
       -0.0001465979   0.0000286469  -0.0000600208   0.0001468443   0.0000062748
        0.0000025434  -0.0000179645  -0.0000188860  -0.0000191603   0.0000034735
       -0.0000393358  -0.0000157805   0.0000841590  -0.0000601226   0.0000483242
        0.0000008657   0.0000287050   0.0000350927  -0.0000398632   0.0000222979
        0.0000093991  -0.0004141022  -0.0000184995   0.0000591124  -0.0002466484
       -0.0005312083   0.0018526240   0.0000596270  -0.0000473981   0.0000391326
        0.0000105889   0.0000221508  -0.0000014230  -0.0000137409  -0.0000364982
       -0.0000126035   0.0000234752   0.0000195419  -0.0000105622   0.0000082929
       -0.0000130097   0.0000069294   0.0000053527   0.0000162025  -0.0000033529
       -0.0000636962   0.0000171627   0.0000097193  -0.0000246126  -0.0000042332
        0.0000002117   0.0000119774  -0.0000087068   0.0000013523   0.0000131271
       -0.0000002886   0.0000093873  -0.0000141237   0.0000029751   0.0000033757
        0.0000054617  -0.0000084541  -0.0000068901   0.0000030256   0.0000035994
        0.0000027413  -0.0000118655  -0.0000045363  -0.0000051566   0.0000148660
        0.0000529855  -0.0000141720   0.0000074308   0.0000248196  -0.0000452448
       -0.0000612929  -0.0000539446  -0.0000474802   0.0000372877   0.0000299666
        0.0000138491   0.0001016450  -0.0011493368  -0.0006807889   0.0000004001
        0.0000041290  -0.0000030122  -0.0000023708   0.0000034399   0.0000085193
       -0.0000008078   0.0000007485   0.0000030989  -0.0000000832  -0.0000062814
        0.0000029166  -0.0000059768  -0.0000032833   0.0000061339   0.0000055315
        0.0000024690   0.0000024490   0.0000025163   0.0000070701  -0.0000001937
       -0.0000020092   0.0000092844  -0.0000067985  -0.0000081460  -0.0000006114
        0.0000096730  -0.0000161576  -0.0000320367  -0.0000028204   0.0000098390
        0.0000003854  -0.0000045800   0.0000120090   0.0000026082   0.0000026193
       -0.0000150905   0.0000047949   0.0000092583  -0.0000004009   0.0000001969
       -0.0000014906   0.0000120120  -0.0000063406  -0.0000089282   0.0001668067
        0.0004022289  -0.0000335665  -0.0056029624   0.0012485255  -0.0034044952
        0.0016652201  -0.0000306797  -0.0003476370  -0.0000332511   0.0000379329
       -0.0000514859   0.0001808401  -0.0006926754   0.0002057237   0.0002232781
        0.0004454702   0.0000246286   0.0000159883   0.0000120416   0.0000089709
       -0.0000000957  -0.0000080078   0.0000014355  -0.0000169965   0.0000051144
       -0.0000052407  -0.0190611977  -0.0325462319  -0.0050154273  -0.0503401146
       -0.0409122190  -0.0277263244   0.0675166393   0.0592925120   0.0289883219
        0.0012067389  -0.0020835689  -0.0033505161   0.0046048487   0.0165621144
        0.0095176092
       -0.0000857584   0.0000145849  -0.0000302252   0.0001019388   0.0000176131
        0.0000031636  -0.0000155622  -0.0000258503  -0.0000196907  -0.0000261484
       -0.0000299107  -0.0000080193   0.0000864749  -0.0000018800   0.0000340528
       -0.0000001724  -0.0000120300   0.0000052018  -0.0000344754   0.0000241159
        0.0000190132  -0.0001808876   0.0000140116  -0.0000153868  -0.0000543393
       -0.0002210262   0.0005093843   0.0000951773  -0.0000267748   0.0000121247
        0.0000026850  -0.0000111783  -0.0000134443   0.0000107513   0.0000085792
        0.0000000280   0.0000021619  -0.0000076968  -0.0000123680   0.0000047299
       -0.0000125730   0.0000025223   0.0000027136   0.0000002340  -0.0000067447
       -0.0000865616   0.0000138319   0.0000259029  -0.0000253092  -0.0000133240
        0.0000024825   0.0000092963  -0.0000056773  -0.0000023489   0.0000117166
        0.0000012165   0.0000033776  -0.0000125394   0.0000095373   0.0000062406
        0.0000017903   0.0000058468   0.0000001151   0.0000052635   0.0000145486
        0.0000042720  -0.0000035603  -0.0000042134  -0.0000063754   0.0000196526
        0.0000537043  -0.0000149011  -0.0000022535   0.0000003050   0.0000030931
       -0.0000790009  -0.0000154901  -0.0000055400   0.0000771146   0.0000449212
       -0.0000068675   0.0004687975  -0.0000601421   0.0001413013  -0.0000013360
        0.0000038198  -0.0000000833  -0.0000058901   0.0000023081   0.0000042102
       -0.0000093254   0.0000023325   0.0000045396  -0.0000016713   0.0000003950
        0.0000077991  -0.0000048752   0.0000014005  -0.0000023040   0.0000045677
       -0.0000006566   0.0000008280  -0.0000106529   0.0000061188   0.0000026711
       -0.0000004691   0.0000073516  -0.0000064175  -0.0000023846   0.0000043577
        0.0000088614  -0.0000078842  -0.0000154629  -0.0000037811   0.0000105771
        0.0000051837   0.0000002215   0.0000145832   0.0000048849  -0.0000017866
       -0.0000147711  -0.0000002662   0.0000165694  -0.0000018418   0.0000031757
       -0.0000024346   0.0000153473  -0.0000052980  -0.0000149621  -0.0000263035
        0.0002037521   0.0000512477  -0.0023556598   0.0002157690  -0.0024662728
        0.0001716519   0.0006492149   0.0002447434  -0.0000187847   0.0000135674
       -0.0000557551   0.0002055125  -0.0003342631   0.0001525773  -0.0000558913
        0.0002132509   0.0000232245   0.0000019333  -0.0000031967   0.0000067470
        0.0000069049  -0.0000044614   0.0000078373  -0.0000162559   0.0000114531
       -0.0000072781  -0.0135382127  -0.0121966642   0.0018152071  -0.0420578765
       -0.2052470087  -0.0959471461   0.0592925120   0.2386136965   0.1090760302
        0.0010791543   0.0018633381  -0.0007166836  -0.0029663537  -0.0237933758
       -0.0128287738
       -0.0000370701   0.0000096857  -0.0000178493   0.0000378536   0.0000012187
        0.0000005143  -0.0000137763  -0.0000070597  -0.0000018826   0.0000192906
       -0.0000052010  -0.0000086271   0.0000230556   0.0000297513  -0.0000164692
        0.0000035890   0.0000013131   0.0000027513   0.0000069423   0.0000053275
        0.0000061316   0.0001031226   0.0000381205  -0.0000449012   0.0001338838
        0.0003086986  -0.0005197269   0.0000123195  -0.0000191661   0.0000098856
        0.0000096094   0.0000101707   0.0000038811  -0.0000093769  -0.0000188781
       -0.0000074537   0.0000115747   0.0000113244  -0.0000039804   0.0000052945
       -0.0000086670  -0.0000006825   0.0000004585   0.0000051784  -0.0000031151
       -0.0000182714   0.0000055945   0.0000052602  -0.0000084133  -0.0000004230
       -0.0000042097   0.0000012621  -0.0000012622   0.0000019480   0.0000033171
       -0.0000005611   0.0000014167  -0.0000053411   0.0000041275   0.0000039553
        0.0000002587   0.0000079792   0.0000067366   0.0000007222   0.0000002631
       -0.0000037239  -0.0000037555  -0.0000026598  -0.0000026207   0.0000055159
       -0.0000015094  -0.0000094705   0.0000029148   0.0000053662   0.0000195446
       -0.0000465626   0.0000003161   0.0000426324   0.0000188020   0.0000208483
       -0.0000237719  -0.0000885302   0.0000440509   0.0002907462   0.0000000532
        0.0000021367  -0.0000012995  -0.0000017506   0.0000008121  -0.0000007550
       -0.0000017005   0.0000022358   0.0000020962   0.0000014406   0.0000002854
        0.0000059213  -0.0000056222  -0.0000010775  -0.0000010132   0.0000023044
        0.0000005748  -0.0000002837  -0.0000006046   0.0000049016   0.0000010979
       -0.0000036529   0.0000056345  -0.0000058873   0.0000003639   0.0000013714
        0.0000085215  -0.0000108536  -0.0000138722  -0.0000013886   0.0000036730
        0.0000028700   0.0000019595   0.0000052834  -0.0000036191   0.0000026116
       -0.0000056762   0.0000012251   0.0000036437  -0.0000002203  -0.0000000234
        0.0000001109   0.0000048171  -0.0000027135  -0.0000041655  -0.0001912122
        0.0000744555  -0.0000596889   0.0018356104   0.0009837340  -0.0000563783
       -0.0000095506  -0.0002025569   0.0000504126   0.0000089754   0.0000158501
        0.0000100371   0.0000537124  -0.0002401711  -0.0000046395   0.0000156891
        0.0001557477   0.0000335892  -0.0000066330  -0.0000027419   0.0000071361
        0.0000219715   0.0000081033   0.0000108280  -0.0000129500   0.0000062271
       -0.0000080528   0.0015807773   0.0084844016   0.0074978731  -0.0268917729
       -0.0957925570  -0.0997994722   0.0289883219   0.1090760302   0.1109702647
       -0.0066831139  -0.0280223976  -0.0220299379   0.0011336302   0.0050111860
        0.0036399400
       -0.0000987766   0.0000191208  -0.0000390339   0.0000953285   0.0000029219
        0.0000010093  -0.0000192433  -0.0000132207  -0.0000109002   0.0000102111
       -0.0000238319  -0.0000068102   0.0000634147  -0.0000036743   0.0000238445
        0.0000070832   0.0000175473   0.0000112242  -0.0000227916   0.0000137016
        0.0000067827  -0.0001880908  -0.0000697050  -0.0000336397  -0.0005894824
       -0.0012267576  -0.0008908852   0.0000381972  -0.0000304719   0.0000243821
        0.0000054954   0.0000155187  -0.0000022599  -0.0000121273  -0.0000288357
       -0.0000096733   0.0000150736   0.0000146096  -0.0000108791   0.0000035556
       -0.0000069201   0.0000052656  -0.0000019128   0.0000114245  -0.0000085202
       -0.0000398832   0.0000108957   0.0000061566  -0.0000152772  -0.0000011393
        0.0000001600   0.0000081048  -0.0000051704   0.0000010440   0.0000087995
       -0.0000007264   0.0000069696  -0.0000070475   0.0000017381   0.0000016353
        0.0000057717  -0.0000044263  -0.0000085984   0.0000004775   0.0000049248
        0.0000044800  -0.0000074436  -0.0000024564  -0.0000016806   0.0000148909
        0.0000418524  -0.0000096339  -0.0000016323   0.0000268872  -0.0000319726
        0.0001533718  -0.0000982046  -0.0000918231  -0.0000335030   0.0000099520
        0.0000023684   0.0004114139  -0.0002575463   0.0011584899  -0.0000004059
        0.0000030484  -0.0000011158  -0.0000020973   0.0000019692   0.0000083383
        0.0000014958   0.0000005826   0.0000020905   0.0000049594  -0.0000056646
       -0.0000027849  -0.0000039038  -0.0000000454   0.0000138150  -0.0000009848
       -0.0000001984   0.0000006830   0.0000038075   0.0000034735  -0.0000019521
       -0.0000030637   0.0000090754  -0.0000042847   0.0000039982  -0.0000064860
       -0.0000029829  -0.0000087465  -0.0000155092   0.0000180757   0.0000062563
        0.0000005487  -0.0000029980   0.0000075724   0.0000007193   0.0000024782
       -0.0000106070   0.0000032173   0.0000070728   0.0000008699  -0.0000000939
       -0.0000009806   0.0000077391  -0.0000034126  -0.0000061861  -0.0005098838
        0.0002811723  -0.0002512698  -0.0036568917   0.0039389046   0.0027435831
        0.0016064999  -0.0000596704  -0.0000871817  -0.0000048524   0.0000345515
       -0.0000941560   0.0000577147  -0.0008726365   0.0003902265   0.0004187942
        0.0005341460  -0.0000733245   0.0000285195   0.0000262403  -0.0000024088
       -0.0000223454  -0.0000424078  -0.0000384916  -0.0000294299   0.0000090045
       -0.0000103816  -0.0110756779  -0.0141439381   0.0328966464  -0.0389093700
        0.0033300398  -0.0079226592   0.0012067389   0.0010791543  -0.0066831139
        0.0517341673   0.0037974899  -0.0008875040  -0.0006548506   0.0036787177
       -0.0201067352
       -0.0000290736   0.0000003276  -0.0000103001   0.0000292629  -0.0000009993
       -0.0000016136  -0.0000020573  -0.0000074839  -0.0000064651  -0.0000024088
        0.0000003025   0.0000039919   0.0000262351  -0.0000018086   0.0000036050
       -0.0000061365   0.0000128546   0.0000081634  -0.0000144854   0.0000069912
        0.0000039324  -0.0000796877  -0.0000198494   0.0000015864  -0.0002128596
       -0.0004197984  -0.0001599407   0.0000314272   0.0000044312   0.0000061284
       -0.0000096427  -0.0000122475  -0.0000080743   0.0000082132   0.0000105214
        0.0000046840  -0.0000013840  -0.0000086323  -0.0000018346   0.0000006968
        0.0000046667   0.0000025290   0.0000023070  -0.0000046540  -0.0000012073
       -0.0000243218  -0.0000003272   0.0000044441  -0.0000070869  -0.0000076264
       -0.0000037153   0.0000052538  -0.0000014886  -0.0000009184   0.0000041169
        0.0000016162   0.0000031839  -0.0000016928   0.0000004899  -0.0000003006
        0.0000039457  -0.0000066659  -0.0000088044   0.0000017544  -0.0000031069
        0.0000005747  -0.0000039095  -0.0000032475  -0.0000019791   0.0000079427
        0.0000087924   0.0000091924   0.0000081769   0.0000116660  -0.0000367328
        0.0000800298  -0.0000398861  -0.0000608031  -0.0000422589  -0.0000197067
        0.0000268545   0.0003115611   0.0000545949  -0.0002162374  -0.0000013135
       -0.0000030301  -0.0000013908  -0.0000007915   0.0000013298   0.0000034291
       -0.0000029324  -0.0000013822   0.0000005852   0.0000005804  -0.0000012494
       -0.0000014604   0.0000001760   0.0000041614   0.0000036668  -0.0000011198
       -0.0000006173  -0.0000028659  -0.0000076202  -0.0000006202   0.0000012227
        0.0000020377   0.0000005054  -0.0000013387  -0.0000018608  -0.0000007247
        0.0000008074   0.0000063729   0.0000047681  -0.0000003666   0.0000028346
        0.0000048673   0.0000033033   0.0000044918   0.0000021711   0.0000006867
       -0.0000059274  -0.0000041296   0.0000029066   0.0000005389   0.0000025413
        0.0000000279   0.0000053224   0.0000004895  -0.0000030309  -0.0000309199
       -0.0000615775  -0.0000520302  -0.0014229674   0.0009021485   0.0017418340
       -0.0000766647   0.0002214871  -0.0005311682  -0.0000135164  -0.0000233792
       -0.0000716180  -0.0000176071   0.0001481827   0.0001782079  -0.0000296716
       -0.0000930524  -0.0000591186   0.0000012978  -0.0000012993  -0.0000002435
       -0.0000295156  -0.0000131857  -0.0000422537   0.0000121819  -0.0000001626
        0.0000008460  -0.0052690760  -0.0029521733   0.0121573275   0.0020576023
       -0.0494263376   0.0346732448  -0.0020835689   0.0018633381  -0.0280223976
        0.0037974899   0.0543801887  -0.0440020326   0.0030202286  -0.0045129842
        0.0244632768
        0.0000985769  -0.0000319476   0.0000662219  -0.0001172707  -0.0000036183
        0.0000040861   0.0000233225   0.0000352511   0.0000275821   0.0000164340
       -0.0000104467  -0.0000200272  -0.0001131349  -0.0000129707   0.0000027877
        0.0000271844  -0.0000014939  -0.0000059914   0.0000387683  -0.0000327006
       -0.0000236150   0.0000838301  -0.0000445807   0.0000611112   0.0001517398
        0.0002708819   0.0002072429  -0.0000881761   0.0000458978  -0.0000498069
        0.0000050479  -0.0000128478  -0.0000003153   0.0000114963   0.0000379164
        0.0000134556  -0.0000223249  -0.0000221774   0.0000074941  -0.0000119550
        0.0000093457  -0.0000116094  -0.0000010660  -0.0000096755  -0.0000005241
        0.0000806453  -0.0000166930  -0.0000091008   0.0000304466   0.0000132803
       -0.0000010929  -0.0000107028   0.0000046933  -0.0000029797  -0.0000109148
        0.0000007793  -0.0000091360   0.0000082779  -0.0000081896  -0.0000072274
       -0.0000138738   0.0000089648   0.0000136929  -0.0000076170   0.0000040104
        0.0000024383   0.0000105359   0.0000132285   0.0000094538  -0.0000230534
       -0.0000133592   0.0000034027  -0.0000155621  -0.0000380856   0.0000573072
       -0.0000954830   0.0000788357   0.0000301102   0.0000641541  -0.0000048530
       -0.0000086656  -0.0003405007   0.0004064128   0.0000818021   0.0000030339
        0.0000015797   0.0000052488   0.0000018194  -0.0000008169  -0.0000075120
        0.0000015677  -0.0000011613  -0.0000037089  -0.0000082629   0.0000056606
        0.0000027318   0.0000102505  -0.0000031244  -0.0000126154   0.0000022179
        0.0000033662   0.0000093120   0.0000018047  -0.0000067589  -0.0000008764
        0.0000036731  -0.0000147214   0.0000124487  -0.0000046676   0.0000091740
        0.0000021954   0.0000145492   0.0000174663  -0.0000168550  -0.0000124465
       -0.0000015639   0.0000013304  -0.0000141181  -0.0000105633  -0.0000019568
        0.0000192164   0.0000019982  -0.0000061315  -0.0000001361  -0.0000053525
       -0.0000013524  -0.0000163279   0.0000037020   0.0000068484   0.0002974387
       -0.0002351639   0.0002991581   0.0011949079  -0.0037122224  -0.0014814342
       -0.0007215710   0.0001843298   0.0004159333   0.0000045635  -0.0000238053
        0.0001123492   0.0000197833   0.0006830376  -0.0003798547  -0.0001451288
       -0.0003835740   0.0001467646  -0.0000109768  -0.0000193819  -0.0000112857
        0.0000158278   0.0000289329   0.0000537276   0.0000255891  -0.0000031848
        0.0000103376   0.0144130286   0.0105366579  -0.0109241544  -0.0082421296
        0.0338462757  -0.2646814420  -0.0033505161  -0.0007166836  -0.0220299379
       -0.0008875040  -0.0440020326   0.3085559995  -0.0023943109   0.0031520717
       -0.0105133651
        0.0000417268  -0.0000206492   0.0000309376  -0.0000383834   0.0000026224
       -0.0000041967   0.0000240082  -0.0000001610   0.0000060462   0.0000193478
        0.0000082095   0.0000087624  -0.0000053958   0.0000477851  -0.0000418744
        0.0000259730   0.0000130770   0.0000026313   0.0000101116  -0.0000090438
        0.0000020092   0.0002248487  -0.0000185164  -0.0000243914   0.0006403762
        0.0004241187  -0.0002960982  -0.0000029144   0.0000405805  -0.0000187891
       -0.0000112576  -0.0000293515  -0.0000077367   0.0000146070   0.0000280698
        0.0000074912  -0.0000066697  -0.0000261479   0.0000003731   0.0000002780
        0.0000064825  -0.0000031047   0.0000013599  -0.0000070171  -0.0000014847
        0.0000109910  -0.0000133823   0.0000000329   0.0000063471   0.0000001100
        0.0000009305   0.0000005932   0.0000036405  -0.0000057331  -0.0000023273
        0.0000024569  -0.0000034951   0.0000084564  -0.0000018386  -0.0000055344
       -0.0000071245   0.0000020199  -0.0000101585  -0.0000076831  -0.0000105701
       -0.0000083763   0.0000055918   0.0000023326   0.0000002626  -0.0000396026
       -0.0000805184   0.0000018867  -0.0000151011  -0.0000100526   0.0000401487
        0.0001729503  -0.0000300766  -0.0001320197  -0.0000137575  -0.0000266268
        0.0000180553  -0.0037462945  -0.0026818905   0.0024842480  -0.0000020080
       -0.0000034541   0.0000011371  -0.0000016316   0.0000073201  -0.0000004973
       -0.0000056158  -0.0000007161  -0.0000004802  -0.0000005159   0.0000026996
       -0.0000071022   0.0000071050   0.0000191085  -0.0000024248   0.0000044199
       -0.0000013108   0.0000023759  -0.0000083450   0.0000017313   0.0000050614
       -0.0000039049  -0.0000025768   0.0000008745   0.0000009671  -0.0000048737
       -0.0000063254   0.0000085632  -0.0000016132   0.0000114968  -0.0000027913
        0.0000000005  -0.0000015380  -0.0000022768  -0.0000003658   0.0000003648
        0.0000027626  -0.0000047502  -0.0000009297  -0.0000001430   0.0000009553
       -0.0000010950  -0.0000013751   0.0000025922   0.0000013602   0.0003260116
       -0.0002283028   0.0002268613  -0.0021871068   0.0024200170  -0.0005522089
        0.0017446113  -0.0001512137  -0.0003764201  -0.0000007917  -0.0000910820
       -0.0000886352   0.0000813297   0.0010728616   0.0001490435  -0.0010593909
       -0.0006068405  -0.0003907760  -0.0000016243  -0.0000061827   0.0000108127
       -0.0000132882   0.0000022681  -0.0000164893   0.0000290093  -0.0000087889
        0.0000226738  -0.0336264027   0.0208926580  -0.0039943919  -0.1376270505
        0.1102712508  -0.0350950931   0.0046048487  -0.0029663537   0.0011336302
       -0.0006548506   0.0030202286  -0.0023943109   0.1710784292  -0.1312509290
        0.0393222033
        0.0000527899  -0.0000052203   0.0000131706  -0.0000567637  -0.0000099785
       -0.0000046259  -0.0000010941   0.0000090784   0.0000050483   0.0000102516
        0.0000196236   0.0000096520  -0.0000353119  -0.0000126597  -0.0000049882
       -0.0000108709  -0.0000053903  -0.0000056633   0.0000122978  -0.0000094373
       -0.0000072224   0.0000135361  -0.0000603662   0.0000524285   0.0008029461
       -0.0001006075  -0.0000339412  -0.0000414818  -0.0000010296  -0.0000067178
        0.0000021495   0.0000133286   0.0000075747  -0.0000096626  -0.0000082333
       -0.0000021851  -0.0000051328   0.0000093990   0.0000042072  -0.0000028506
        0.0000026271  -0.0000009591  -0.0000043831   0.0000115823   0.0000018174
        0.0000405159  -0.0000008575  -0.0000120571   0.0000167343   0.0000058916
       -0.0000053490  -0.0000039172   0.0000023183   0.0000015103  -0.0000048012
        0.0000012352  -0.0000018290   0.0000091793  -0.0000057224  -0.0000036871
        0.0000019814  -0.0000099626  -0.0000050615  -0.0000053840   0.0000000890
        0.0000020789   0.0000045244   0.0000045848   0.0000044685  -0.0000556633
       -0.0000142979   0.0000062152  -0.0000044886   0.0000117342  -0.0000143447
        0.0000642025  -0.0000131570  -0.0000212082  -0.0000077741   0.0000044894
       -0.0000094246  -0.0016994130  -0.0002465997   0.0007768245   0.0000009941
        0.0000041818   0.0000028857   0.0000033145  -0.0000012675  -0.0000006708
        0.0000093131  -0.0000011198  -0.0000028540   0.0000001903  -0.0000025551
       -0.0000031707   0.0000067832  -0.0000080141   0.0000024935  -0.0000015070
        0.0000012062   0.0000012771   0.0000134777  -0.0000027053  -0.0000037716
       -0.0000015849  -0.0000018270   0.0000010158  -0.0000012739  -0.0000017265
       -0.0000007827  -0.0000027419  -0.0000073856   0.0000003663  -0.0000071523
        0.0000007852   0.0000058729  -0.0000089942  -0.0000053787  -0.0000000963
        0.0000089734   0.0000009232  -0.0000098634   0.0000005159  -0.0000020862
        0.0000023146  -0.0000088549   0.0000027355   0.0000093766   0.0000523120
       -0.0000171807  -0.0000004964  -0.0027411816   0.0023680824  -0.0000329512
        0.0007595825  -0.0007227713  -0.0003097127  -0.0000001600   0.0000154611
        0.0000383998  -0.0000035575   0.0000826394  -0.0000359779  -0.0001579316
       -0.0000761976  -0.0001151609   0.0000125609   0.0000112632   0.0000029954
        0.0000048315   0.0000052245   0.0000176230  -0.0000012907  -0.0000042586
        0.0000013021  -0.0013961109   0.0061566089  -0.0024182050   0.1153874735
       -0.1738499902   0.0400042322   0.0165621144  -0.0237933758   0.0050111860
        0.0036787177  -0.0045129842   0.0031520717  -0.1312509290   0.1947692514
       -0.0460654308
       -0.0000392667   0.0000048115  -0.0000197689   0.0000389805  -0.0000031583
        0.0000007953  -0.0000041394  -0.0000034092  -0.0000046284   0.0000032985
        0.0000013661  -0.0000021339   0.0000207609  -0.0000064548  -0.0000054324
       -0.0000071903   0.0000167187   0.0000112753  -0.0000116792   0.0000041609
        0.0000012092  -0.0000484335   0.0000470419  -0.0000004022  -0.0003955702
       -0.0000096130   0.0001346398   0.0000229291  -0.0000070698   0.0000105914
       -0.0000046575  -0.0000023422  -0.0000033202   0.0000036359   0.0000038960
        0.0000018741   0.0000018116  -0.0000003135   0.0000013420   0.0000013186
        0.0000003950   0.0000035358   0.0000033208  -0.0000012226   0.0000042670
       -0.0000204110   0.0000031265   0.0000021204  -0.0000082829  -0.0000028458
       -0.0000046503   0.0000021079  -0.0000011787   0.0000024175   0.0000019939
       -0.0000008360   0.0000036023  -0.0000041233   0.0000007578   0.0000017505
        0.0000035432  -0.0000042027  -0.0000003116   0.0000030658  -0.0000077029
       -0.0000023391  -0.0000064539  -0.0000050467  -0.0000028793   0.0000245873
        0.0000015380   0.0000111214   0.0000231128   0.0000057352  -0.0000346063
       -0.0000285389  -0.0000104392   0.0000191271  -0.0000448249  -0.0000100541
        0.0000149647   0.0014915570   0.0008560147  -0.0000221064  -0.0000005808
       -0.0000017826  -0.0000025467   0.0000000762  -0.0000009581   0.0000007522
       -0.0000018918  -0.0000007026   0.0000005109  -0.0000002990  -0.0000010408
        0.0000009600  -0.0000034224  -0.0000000427   0.0000004364  -0.0000009486
        0.0000000695  -0.0000036790  -0.0000036068   0.0000001924   0.0000006875
        0.0000017213   0.0000008063  -0.0000013693  -0.0000028999  -0.0000001042
        0.0000014491   0.0000002373   0.0000036279  -0.0000051076   0.0000037858
        0.0000021148   0.0000009378   0.0000045185  -0.0000003488   0.0000027182
       -0.0000070839  -0.0000011210   0.0000013386   0.0000017935   0.0000003523
        0.0000004515   0.0000041804  -0.0000007538  -0.0000017630  -0.0000313817
        0.0000216124  -0.0001088009   0.0015098257  -0.0007373942   0.0013139614
       -0.0006923842  -0.0002953062  -0.0010819713  -0.0000063559  -0.0000013594
       -0.0000093081  -0.0000553702  -0.0001249441   0.0000072084   0.0002710133
        0.0000807665   0.0000897567  -0.0000104658  -0.0000034580  -0.0000000597
       -0.0000046619   0.0000066238  -0.0000178897   0.0000059490  -0.0000023376
       -0.0000030189   0.0066717892  -0.0061272974   0.0025637193  -0.0374090670
        0.0407440406  -0.0572750029   0.0095176092  -0.0128287738   0.0036399400
       -0.0201067352   0.0244632768  -0.0105133651   0.0393222033  -0.0460654308
        0.0612769995
