76
 energy: -109.951301230667 gnorm: 0.278812978092 xtb: 6.7.1pre (5071a88)
N            0.00000000000000        0.00000000000000        0.00000000000000
C            1.46000000000000        0.00000000000000        0.00000000000000
C            2.15500000000000        0.77400000000000        0.92200000000000
C            3.54500000000000        0.77400000000000        0.92200000000000
C            4.24000000000000        0.00000000000000        0.00000000000000
C            3.54500000000000       -0.77400000000000       -0.92200000000000
C            2.15500000000000       -0.77400000000000       -0.92200000000000
C            5.74000000000000        0.00000000000000        0.00000000000000
C            6.24000000000000        1.08300000000000       -0.90900000000000
C           -0.70700000000000        1.16200000000000        0.00000000000000
C            0.00400000000000        2.38600000000000        0.00000000000000
C           -0.73300000000000        3.72200000000000        0.00000000000000
C            0.02000000000000        5.02000000000000        0.00000000000000
C            0.27000000000000        5.45300000000000       -1.41400000000000
C            1.02200000000000        6.75000000000000       -1.41400000000000
O           -0.68400000000000        1.12500000000000       -2.80000000000000
N           -1.72600000000000        3.42900000000000        3.60000000000000
C           -2.86700000000000        3.71600000000000        2.88000000000000
C           -2.47100000000000        3.83500000000000        1.51200000000000
C           -1.05700000000000        3.60600000000000        1.46900000000000
C           -4.19400000000000        3.88200000000000        3.29100000000000
C           -3.45000000000000        4.12900000000000        0.54900000000000
C           -0.63900000000000        3.36100000000000        2.76200000000000
C           -5.13300000000000        4.17200000000000        2.29900000000000
C           -4.77300000000000        4.29400000000000        0.95800000000000
C            0.72400000000000        3.06000000000000        3.31200000000000
O           -1.21600000000000        3.13000000000000       -2.25200000000000
H           -0.46900000000000       -0.90400000000000        0.00000000000000
H           -0.68400000000000        1.12500000000000       -3.77000000000000
H            1.61400000000000        1.37600000000000        1.64000000000000
H            4.08600000000000        1.37600000000000        1.64000000000000
H            4.08600000000000       -1.37600000000000       -1.64000000000000
H            1.61400000000000       -1.37600000000000       -1.64000000000000
H            6.10300000000000       -0.96600000000000       -0.35100000000000
H            6.10300000000000        0.17800000000000        1.01200000000000
H            5.87600000000000        2.04900000000000       -0.55800000000000
H            6.37400000000000        0.46000000000000       -2.96300000000000
H            7.93000000000000        3.09600000000000       -1.26500000000000
H           -1.78500000000000        1.11200000000000        0.00000000000000
H            0.91200000000000        2.36000000000000       -0.40100000000000
H           -1.60200000000000        3.79100000000000       -0.43100000000000
H           -0.56800000000000        5.78100000000000        0.51400000000000
H            0.97200000000000        4.88800000000000        0.51400000000000
H            0.85800000000000        4.69200000000000       -1.92800000000000
H           -0.68200000000000        5.58500000000000       -1.92800000000000
H            1.20500000000000        7.06500000000000       -2.44200000000000
H            0.43500000000000        7.51100000000000       -0.90000000000000
H            1.97500000000000        6.61900000000000       -0.90000000000000
H           -1.65800000000000        3.28200000000000        4.60300000000000
H           -0.48900000000000        7.08400000000000        2.20100000000000
H           -4.48600000000000        3.79000000000000        4.32800000000000
H           -3.18300000000000        4.22500000000000       -0.49400000000000
H           -6.17100000000000        4.30700000000000        2.57700000000000
H           -5.53500000000000        4.52000000000000        0.22400000000000
H            1.44900000000000        3.04900000000000        2.49800000000000
H            1.00000000000000        3.82600000000000        4.03600000000000
H            0.71100000000000        2.08600000000000        3.80000000000000
H           -0.60600000000000        2.75800000000000       -1.12600000000000
H           -1.85200000000000        3.80500000000000       -2.53800000000000
O           -0.64300000000000        6.18900000000000        1.86100000000000
H           -0.21300000000000        1.93700000000000       -2.55700000000000
H           -0.89700000000000        5.67300000000000        2.64300000000000
N            5.75400000000000        0.84400000000000       -2.26500000000000
C            7.76000000000000        1.08300000000000       -0.90900000000000
O            8.37500000000000        0.03400000000000       -0.72400000000000
C            3.97200000000000        0.88900000000000       -3.98700000000000
C            4.47500000000000        1.13700000000000       -2.58500000000000
O            3.72000000000000        1.60500000000000       -1.73400000000000
H            4.30500000000000       -0.09200000000000       -4.32400000000000
H            4.36600000000000        1.65600000000000       -4.65500000000000
H            2.88300000000000        0.92600000000000       -3.99400000000000
N            8.43500000000000        2.23400000000000       -1.11200000000000
C            9.88500000000000        2.23400000000000       -1.11200000000000
H           10.24800000000000        3.26200000000000       -1.11200000000000
H           10.24800000000000        1.72000000000000       -2.00200000000000
H           10.24800000000000        1.72000000000000       -0.22200000000000
76
 energy: -110.043931276105 gnorm: 0.181595036800 xtb: 6.7.1pre (5071a88)
N            0.01618918827245        0.00418702887662        0.00527448036392
C            1.45237221016069       -0.01358301232231        0.00627674148636
C            2.15474528702513        0.75975332302216        0.92234866857685
C            3.53776829901404        0.75542488601865        0.93088738970361
C            4.23344296853000       -0.03237717623816        0.02471601959078
C            3.53313336691931       -0.80227857205056       -0.89695269318458
C            2.14878463551061       -0.79028040559566       -0.90936879678852
C            5.73372085600436       -0.00792227392982        0.00414452173100
C            6.24409538200064        1.07731872079010       -0.92388132136382
C           -0.68414695487477        1.16529796135448       -0.00774627530045
C           -0.01239387390642        2.36995747104163       -0.00786517856172
C           -0.70468906312263        3.71657921616439        0.02247024391149
C            0.06147055486720        4.99978665289847       -0.02813322997113
C            0.29111348031370        5.45407751589593       -1.43977396724400
C            1.03300625224250        6.76390376252196       -1.42794278686452
O           -0.58252981178834        1.01565222731605       -2.82782734754691
N           -1.74176833355237        3.43237829447516        3.60855006443548
C           -2.88711864767242        3.71548721739058        2.90306470666495
C           -2.51303795575784        3.83725939499325        1.54733978542889
C           -1.10840690382623        3.61381250906696        1.48230261917303
C           -4.20394630181830        3.88251051774098        3.29945784292505
C           -3.47030530615581        4.13058808898307        0.57212209608522
C           -0.65931676976370        3.36260364597822        2.75162733389019
C           -5.13479836135738        4.17154708725604        2.31162054620968
C           -4.77741054711795        4.29402209081207        0.97055771801120
C            0.70642633938547        3.06728460463274        3.30319907955502
O           -1.20027413905683        3.14293870775156       -2.28922428026617
H           -0.46020857547970       -0.88862817651801        0.00291204049038
H           -0.72269954359160        1.09070063195851       -3.78572987814677
H            1.61625406479132        1.36069970124682        1.63519366895745
H            4.07999400833634        1.37088965152696        1.63714587088844
H            4.07719545139846       -1.38085353700124       -1.63273256964088
H            1.60988985522270       -1.37534248028741       -1.63978587841152
H            6.11106466814549       -0.96852312144060       -0.34682250379954
H            6.10951310383198        0.17482468392956        1.01160000389840
H            5.86915376361218        2.04728020463871       -0.57318576573899
H            6.36870093830351        0.45611767546858       -2.96503115381827
H            7.92680513097923        3.10015787400938       -1.26761042755089
H           -1.76452581848689        1.10752542143186       -0.02806889520421
H            0.97940474834736        2.35124161011102       -0.36746644929686
H           -1.62326270670574        3.80526510520891       -0.45689614780446
H           -0.54392454562066        5.75393973919993        0.46968749522097
H            0.99787796062368        4.88855438806881        0.51142647526158
H            0.86536251218703        4.69096869826653       -1.95840293028865
H           -0.67170082267839        5.58105356298432       -1.93684140379418
H            1.21686713951915        7.08679246401885       -2.44771533009841
H            0.44411542755599        7.51680372444648       -0.90531265046917
H            1.98001214086597        6.63285651579340       -0.90725960316913
H           -1.66575676373180        3.28073701448657        4.60254555404631
H           -0.49309556806645        7.13592436773604        2.26231344371709
H           -4.49229420325078        3.79016562117062        4.33414782532060
H           -3.20921813752891        4.22789152573783       -0.47483160936723
H           -6.17119402669294        4.30623893013726        2.58512353634564
H           -5.53418060546910        4.51915314461504        0.23182774158462
H            1.44166536032564        3.06265580928738        2.50310859510933
H            0.99834296091022        3.82293486627163        4.03435935601620
H            0.71243227371218        2.09331235856634        3.79752869079854
H           -0.63870482208492        2.77105841349386       -1.20290817820556
H           -1.84511201135779        3.82599166693205       -2.50010196504072
O           -0.67182154409465        6.24908266460884        1.94091095191948
H           -0.22828902447757        1.90107619132561       -2.59527647099807
H           -0.90741488134938        5.69849138209229        2.69668691413163
N            5.75127590979198        0.85951000484266       -2.27784607370066
C            7.76882811864404        1.08638817832183       -0.90323386866276
O            8.38179248361184        0.04410812103656       -0.72978762486771
C            3.98172617758464        0.88519409355692       -3.99060347383863
C            4.46791746434397        1.16459909264131       -2.59085286894273
O            3.72742105898486        1.66752215999399       -1.76401628792145
H            4.30753993771883       -0.09506977878055       -4.32974648672524
H            4.36752735489145        1.65047783996920       -4.66161537965948
H            2.89399849683281        0.92798761211813       -3.99141219583901
N            8.42949122800623        2.24170456448427       -1.11371232618723
C            9.87936431173334        2.23660813646501       -1.11509124066174
H           10.24528378215357        3.26114794313695       -1.10934272289305
H           10.25041266936121        1.71941305628237       -2.00127481361110
H           10.24404724786529        1.71744119756447       -0.22824697000315
76
 energy: -110.122920679819 gnorm: 0.119936527479 xtb: 6.7.1pre (5071a88)
N            0.03981706145675        0.00526607911744        0.01478269253634
C            1.43990215390527       -0.02426107655614        0.00958430877073
C            2.15586321973491        0.74516632952615        0.92458699439518
C            3.53035677383828        0.74168843201931        0.93435495184644
C            4.23002154698775       -0.05229478734072        0.04109090840957
C            3.52172069791603       -0.81987573733719       -0.87614583963318
C            2.14329695133141       -0.80058076812085       -0.90192351286445
C            5.72823403024274       -0.01685458174252        0.01141620465584
C            6.24976993660591        1.08763272960449       -0.93389124814925
C           -0.65168767475282        1.17168149840910       -0.01986711487369
C           -0.03750750980257        2.34936756330244       -0.12162198411553
C           -0.66292235078533        3.70407009766391        0.13156107494871
C            0.10680558904393        4.97517258871654       -0.06688328808298
C            0.31066177041672        5.45128885958372       -1.47299675400106
C            1.04339569457287        6.77619005817455       -1.44192704222143
O           -0.50943908886857        0.91653072545615       -2.86738769925276
N           -1.75801450671047        3.43602499633602        3.62748614498470
C           -2.90715243429367        3.71316204003899        2.93556818509606
C           -2.56211933179973        3.83836274274200        1.59767354514757
C           -1.17281577231593        3.62117156320435        1.52584886063170
C           -4.21729108286116        3.88343312024108        3.30719320580376
C           -3.48891570178814        4.13093450905802        0.59859365013914
C           -0.67621505847466        3.36331381451831        2.75258965618367
C           -5.13747923851706        4.17061616306090        2.32453801566073
C           -4.78112513632767        4.29334938835882        0.98095948707285
C            0.68916446803988        3.07410590077153        3.29675256664017
O           -1.16914578567661        3.14323161561228       -2.34651125085359
H           -0.44972935770480       -0.87202405553578       -0.01941850649418
H           -0.72710677199209        1.07535560202155       -3.79735603247367
H            1.61907714225056        1.34573572617689        1.63165940924116
H            4.07421927221312        1.36521215290697        1.63384935356290
H            4.07009631471131       -1.38514663367206       -1.62125940237268
H            1.60708445909088       -1.37466215649036       -1.63955764611161
H            6.12081458565918       -0.97086773848533       -0.34295503771119
H            6.11755273281358        0.17183764010493        1.01336201233620
H            5.86181019104926        2.05860897037359       -0.58178217377054
H            6.36359285051111        0.44961493790276       -2.95723681522586
H            7.92291210871509        3.09262723042778       -1.26741618641849
H           -1.73827867297584        1.10019525186122        0.01348497997082
H            1.05787256380833        2.35224121284398       -0.38162279495706
H           -1.62758291780001        3.82454307853423       -0.43273366776257
H           -0.51811100886091        5.72240873155194        0.40231500779419
H            1.02539446364771        4.89865910594225        0.50350561190074
H            0.87249143248952        4.68890624518096       -1.99519078877734
H           -0.66408048847242        5.57762454802716       -1.94786980721307
H            1.22868387808509        7.10780778114024       -2.45224279456743
H            0.45128085784620        7.51980085641756       -0.91109203751146
H            1.98372630227528        6.64569571121886       -0.91388213925770
H           -1.67661046389637        3.27782328808043        4.60903267135367
H           -0.49341701226380        7.18521824102939        2.31467587473584
H           -4.50274242732504        3.79101163449346        4.33982306391290
H           -3.23377661720474        4.23091466588846       -0.45313766650639
H           -6.17262921922373        4.30568117632636        2.59118462660450
H           -5.53381207764505        4.51813428383757        0.23813798385427
H            1.43242986189323        3.07498659686327        2.50785688176539
H            0.99625015287125        3.82108095871194        4.03450084722643
H            0.71282053967195        2.09941812258149        3.79670069993557
H           -0.72637241546973        2.82793219034088       -1.36100621999664
H           -1.83214780190174        3.83137014150069       -2.44613878886397
O           -0.70177648469557        6.31171199315547        2.02684135428911
H           -0.25504379664869        1.84723051992638       -2.61877116236719
H           -0.91553136586802        5.70924846818431        2.73533812752201
N            5.74910504198593        0.88231486889581       -2.28552466690143
C            7.78225133874436        1.06521043912537       -0.91364704537758
O            8.38900316291494        0.03567943497518       -0.73363925464659
C            3.99418592885727        0.87935157003988       -3.98935387943924
C            4.45427242062950        1.18963897451525       -2.58545814552820
O            3.73146784303052        1.72881477554863       -1.78831211263151
H            4.31352590513287       -0.09710343974828       -4.33422599879961
H            4.36896100186528        1.64543125299107       -4.66334005173090
H            2.90655348347482        0.92728060973525       -3.98846783259139
N            8.42178820458654        2.23556406083815       -1.11256450031042
C            9.87193091515475        2.24331783783775       -1.11620348325939
H           10.24039322462562        3.26337279884419       -1.11002562318457
H           10.25302769062213        1.72071708291157       -1.99761787565290
H           10.24099380760375        1.71657938970255       -0.23364308646779
76
 energy: -110.161206109849 gnorm: 0.088191682408 xtb: 6.7.1pre (5071a88)
N            0.05053946755968        0.00412643316772        0.02057671351015
C            1.44155826617507       -0.04191765084299        0.01663340014895
C            2.15908227735242        0.72289143469023        0.93457510561714
C            3.53219138311705        0.72148063485452        0.94346238757354
C            4.23437080051292       -0.07083108763171        0.04894582363258
C            3.52235080802575       -0.84033139186318       -0.86358105209575
C            2.14407922743007       -0.82086821760640       -0.89249017898798
C            5.73045811044303       -0.02426084826415        0.01155520426689
C            6.24835322113812        1.08949636478192       -0.93660704831381
C           -0.63170065805148        1.18271523974935       -0.01396273262490
C           -0.02974839390730        2.36846193393858       -0.18380812375720
C           -0.64400792416870        3.70057723887696        0.15239397540220
C            0.13381285294580        4.97124648925086       -0.06764233456440
C            0.33288580401523        5.44076301609903       -1.48706867315135
C            1.05510361870312        6.77784754883011       -1.45423901153928
O           -0.47329377903306        0.84093030551590       -2.91933295433116
N           -1.77118600868383        3.43541700936672        3.64515490888756
C           -2.92347339710199        3.71131507285471        2.96052659870205
C           -2.58284794223572        3.83989240942024        1.61467673215464
C           -1.18996779366401        3.62494835919753        1.52532859007171
C           -4.24262355435955        3.88291338521763        3.33274635314554
C           -3.51329099560535        4.13294539909969        0.62082481006946
C           -0.69198046098978        3.36610170723303        2.75893001536393
C           -5.16260319520375        4.17067166016407        2.34967206671263
C           -4.80899800191655        4.29484368784376        1.00352727370243
C            0.67159402621349        3.08279707806341        3.29616613126040
O           -1.12000758410128        3.13365704635665       -2.40144576203341
H           -0.45199288173653       -0.86459555507339       -0.05900323036856
H           -0.73597980502037        1.01452400589728       -3.83211990462579
H            1.61694129622606        1.32827947407784        1.63467106917233
H            4.07241973416719        1.35390160058163        1.63665312527634
H            4.06766053121157       -1.40616077988380       -1.60762654110982
H            1.60418553020749       -1.38130292006106       -1.63949911204402
H            6.13266453366421       -0.97435148014106       -0.34227694782214
H            6.12630508664891        0.16954107559650        1.01021446692716
H            5.86246028730931        2.05919396636917       -0.58551082593959
H            6.35180630418488        0.43462147928172       -2.95047270304312
H            7.91613520937605        3.08910089982388       -1.26831796806966
H           -1.71611323741367        1.10062468472358        0.04464151134410
H            1.07450011115976        2.37320005121578       -0.40619258533185
H           -1.60793859992640        3.83141521083606       -0.42705496598498
H           -0.49121927584770        5.72646463786598        0.39381925117136
H            1.06381989910552        4.91324002487483        0.49067022422291
H            0.89378929071699        4.69489886137379       -2.04107052548139
H           -0.64358038935545        5.57565027633347       -1.95734351315946
H            1.24288076568778        7.13009343915861       -2.46024910431284
H            0.45772218142090        7.51536023473473       -0.92006391286497
H            1.99661771977628        6.66129243789216       -0.92545417193688
H           -1.68927857527327        3.26887240745867        4.62797120234923
H           -0.48552546064912        7.23578679832854        2.38391033923759
H           -4.53039154459213        3.79070124805824        4.36558953187393
H           -3.26218150615386        4.23580472138162       -0.42824130019332
H           -6.19649681009595        4.30623948936385        2.61374570174552
H           -5.55825423770247        4.51974301148646        0.25875056798286
H            1.41291227816673        3.09413839748665        2.50463104692161
H            0.97717362896853        3.82685496508672        4.03636823219877
H            0.70303878334200        2.10617757062783        3.79000401640877
H           -0.77587066795586        2.87358509552236       -1.48827600864994
H           -1.81451914808065        3.81908202621793       -2.40026261410380
O           -0.74418426789076        6.37159817538855        2.08540349371344
H           -0.23911124780798        1.75733833332109       -2.66169786137525
H           -0.91791017303038        5.74168926687361        2.78462103201715
N            5.74747360719451        0.89956862894662       -2.28948285278898
C            7.78325560048878        1.05551944741989       -0.91775375587498
O            8.39421595874230        0.02589531933426       -0.74350415778502
C            4.00150524657672        0.88056929306072       -3.99221456847848
C            4.45570787372543        1.22373095541514       -2.59124676443869
O            3.74204506144315        1.80786072918578       -1.80975006832048
H            4.32474658250601       -0.09883160782012       -4.32641299033394
H            4.37588857146071        1.63917251694935       -4.67532834499790
H            2.91413615647994        0.92583677194782       -3.99342917157345
N            8.41570004003417        2.23195746662327       -1.11249471759005
C            9.86605065138641        2.24725166798702       -1.11727790181885
H           10.23254449293629        3.26792623939685       -1.10855481207926
H           10.25210618915545        1.72560169335672       -1.99741432119346
H           10.23548845045332        1.71750748775341       -0.23658480769338
76
 energy: -110.188505694114 gnorm: 0.056666082096 xtb: 6.7.1pre (5071a88)
N            0.05839990834350        0.00618435678882        0.02040502139959
C            1.44982097242641       -0.05682932699307        0.02057187565631
C            2.16395663243398        0.70321395821614        0.94405756634016
C            3.53803342358125        0.70333106085986        0.95031655274992
C            4.24192233783458       -0.08493928307161        0.05008242913011
C            3.52876325015147       -0.85692038175660       -0.85852995941414
C            2.14844389892495       -0.84093133221997       -0.88633725093807
C            5.73630938394564       -0.03115382346536        0.00903579095891
C            6.24525636414235        1.09027035386545       -0.93372947731583
C           -0.60840230732938        1.20167841418400       -0.00476965946296
C           -0.00039225616690        2.38533812804281       -0.20886203681819
C           -0.63067790684053        3.69138547935249        0.15740993321923
C            0.15670308687638        4.96954264230552       -0.06006990421336
C            0.35620963437041        5.43171964663175       -1.49420031134778
C            1.06955659871474        6.77770363092269       -1.46647822576487
O           -0.43961838100815        0.76332355403449       -2.97884290674257
N           -1.78829113684941        3.43680057524037        3.66464380371105
C           -2.94214708809036        3.71107775739967        2.98291837741889
C           -2.59626055978266        3.84087956359776        1.62646603019103
C           -1.19542750351662        3.62506993559693        1.52563724009339
C           -4.26869381891356        3.88168664256507        3.36328897172265
C           -3.54076048131724        4.13419013729843        0.64656177371688
C           -0.71333094765717        3.37232128701218        2.77609584770153
C           -5.19327712009180        4.17038372864421        2.38069291427863
C           -4.84353979412294        4.29619181063304        1.03397869735061
C            0.65232098588990        3.09360102185645        3.30021943917973
O           -1.10705262054216        3.13431955012640       -2.49540796642416
H           -0.45764313597059       -0.85275745758051       -0.12385750389813
H           -0.73675612971156        0.94229173821363       -3.87623548810270
H            1.61438605802635        1.30983106187252        1.64083542542714
H            4.07339657503217        1.33738518423187        1.64331716815972
H            4.06873443798330       -1.43502586798590       -1.59348231481263
H            1.60344530366758       -1.39474921790735       -1.63601217787648
H            6.14635946182687       -0.97808809938738       -0.34391435758529
H            6.13567499207547        0.16683385960320        1.00551422310499
H            5.86678531550280        2.05809663338009       -0.58270089049315
H            6.33126255175623        0.41153698707812       -2.93887179076796
H            7.90700930724316        3.08155332037465       -1.27015647762381
H           -1.68745688162139        1.11733755628196        0.09711949240424
H            1.07257039046999        2.38698284584339       -0.42510354164320
H           -1.57426007347766        3.83014577840070       -0.41494486321502
H           -0.45421743122787        5.74152835044360        0.40015159686946
H            1.10611378337721        4.91960640422941        0.47105712138805
H            0.91977762562022        4.70297948953575       -2.07696724031562
H           -0.61895395721125        5.57229140478716       -1.96714176431152
H            1.25708992330596        7.14789103068619       -2.47085158394493
H            0.46474626545901        7.50998931295110       -0.93230384341091
H            2.01596468358563        6.67893588828619       -0.94096433750018
H           -1.70849583556931        3.26019415319995        4.65074109434316
H           -0.47069762596869        7.27842013457613        2.46854071882091
H           -4.55959043357277        3.78994664658405        4.39684430108979
H           -3.29040649607939        4.24070316310599       -0.39838108836644
H           -6.22686369253183        4.30650053914230        2.64619684125258
H           -5.59035344765106        4.52173717169255        0.28826462005347
H            1.38511685691588        3.11679482832796        2.49860300053640
H            0.95389521423156        3.83583185645003        4.04176286686249
H            0.69151927028734        2.11381777968012        3.78263223079100
H           -0.81490534439772        2.91000435606705       -1.60136908105978
H           -1.79478846769752        3.80916420360357       -2.44265138240391
O           -0.80880798764603        6.43848683659683        2.13185224870874
H           -0.22643378411673        1.65989988781378       -2.68991157969770
H           -0.91003955077231        5.78380651308240        2.83499072905803
N            5.74474289129490        0.91589608380290       -2.28797869922418
C            7.77978436297853        1.04591454985709       -0.92705761741647
O            8.39647349186484        0.01396292034014       -0.75938021887878
C            4.00665901438474        0.88653033621617       -3.99241781971051
C            4.46252411677093        1.26007851176450       -2.59772727875452
O            3.75798112120982        1.88522126868724       -1.83106103386318
H            4.34125939170541       -0.09729385962977       -4.30826017632571
H            4.38197664669762        1.63371747087041       -4.68931767100329
H            2.91986482596479        0.92223144289946       -4.00019875876265
N            8.41057433217128        2.22496794475413       -1.11406987544036
C            9.86058374675687        2.25074934914073       -1.11876988839941
H           10.22059108210436        3.27469332968285       -1.10742346057552
H           10.24988844311673        1.73408846816022       -1.99967428816419
H           10.23009423642968        1.71989882252594       -0.23942015169659
76
 energy: -110.205810497725 gnorm: 0.044963977235 xtb: 6.7.1pre (5071a88)
N            0.06657130857926        0.00812511608349        0.01394076763169
C            1.46018858333299       -0.06722218161763        0.01885054677825
C            2.17052085951323        0.68570310572884        0.95107881929868
C            3.54559598813420        0.68625054854218        0.95485694377095
C            4.24994548169226       -0.09618990025916        0.04777088173597
C            3.53792282618776       -0.87227166230162       -0.85696659455717
C            2.15557398931003       -0.85869695002929       -0.88378834861632
C            5.74365240651760       -0.03768513729844        0.00588098196451
C            6.24374487212903        1.08924526104781       -0.92825631314084
C           -0.58409738445478        1.21775887846327       -0.00253435826710
C            0.03246674297725        2.39650187474812       -0.21015508864060
C           -0.62407546539586        3.68843979844923        0.15864652177276
C            0.17936340313255        4.97128753721996       -0.04904432947876
C            0.37781235018112        5.42732334837221       -1.49407492129536
C            1.08539279772541        6.77753640966205       -1.47733365333875
O           -0.40302467883293        0.68535983111861       -3.03798746391044
N           -1.80727929090634        3.44150062146571        3.67909257505786
C           -2.96238641789563        3.71337955915170        2.99786584420477
C           -2.61085849592402        3.84259754776983        1.63535059473903
C           -1.20422052577112        3.62534644513039        1.52966966737113
C           -4.28883558907038        3.88097672714808        3.39155154204581
C           -3.57087472051645        4.13617548763327        0.67131145842038
C           -0.73819845866831        3.38007839139472        2.79264619587798
C           -5.22199221475821        4.16977336667658        2.41428812714456
C           -4.87683952913302        4.29720276772049        1.06803894161088
C            0.63251665614710        3.10688272231430        3.30492703417924
O           -1.11057376677684        3.14432960374328       -2.62002608175761
H           -0.45696491233123       -0.83724984971888       -0.20034289133111
H           -0.74033895876564        0.86771434915709       -3.92331646336255
H            1.61604937003604        1.28751022355034        1.65026612800932
H            4.07812448063320        1.31556295198884        1.65303555940398
H            4.07415896683195       -1.46717481541191       -1.58069100707151
H            1.60726255322984       -1.41506110110702       -1.62901832972120
H            6.16002480393748       -0.98146951119459       -0.34821814525058
H            6.14442686393321        0.16168576999333        1.00152880191768
H            5.87374594993938        2.05545676249792       -0.57225478468731
H            6.30425912732802        0.38291078514630       -2.92389736471213
H            7.89613441994595        3.07052944960243       -1.27167654307702
H           -1.65719245420750        1.13976448405907        0.15554790089534
H            1.07694288340997        2.40231924476710       -0.42182872900423
H           -1.53680641720853        3.83406677750528       -0.41344055769129
H           -0.40569139930440        5.75874467505891        0.42282565075620
H            1.14542788708753        4.91126124970375        0.45297647680277
H            0.94470723338231        4.70766662333063       -2.08808050192632
H           -0.59555897506073        5.56653845549518       -1.97185624268495
H            1.26695264112425        7.15157347554618       -2.48339965214447
H            0.47463166087038        7.50699309846163       -0.94599193785922
H            2.03828031177022        6.69424518552709       -0.95916309758199
H           -1.72956756318291        3.25612709544669        4.66665417823139
H           -0.48632171142515        7.31545602739822        2.53869610617357
H           -4.57990432061257        3.78920544593615        4.42671241316850
H           -3.32022733897486        4.24596992836812       -0.37190603988336
H           -6.25574406761046        4.30558347370971        2.68693378132572
H           -5.62601831624172        4.52382941964418        0.32531455662038
H            1.35371847179786        3.14337774354334        2.49189252319959
H            0.93005189557701        3.84663415582178        4.04960335425886
H            0.68148164691003        2.12290707949508        3.77525389037747
H           -0.83307060850922        2.93167545458505       -1.68737347356091
H           -1.80721651893898        3.80253937224831       -2.51982087578919
O           -0.84237088560797        6.49873447581940        2.17636255674965
H           -0.21804518515122        1.57395801110840       -2.71563403591531
H           -0.91369712802053        5.83971282419928        2.87321512264574
N            5.74131945201074        0.92913913475039       -2.28311310530179
C            7.77602445899534        1.03666682330288       -0.93672667302560
O            8.39529547066105        0.00206498584540       -0.78205242158879
C            4.01179589193687        0.89624553342419       -3.98991471575395
C            4.47099137335691        1.29689602881576       -2.60288583368304
O            3.77631441343013        1.94988655444066       -1.84907950934007
H            4.36004834364904       -0.09223792348166       -4.28199455780257
H            4.38591412824017        1.62924173520739       -4.70410608770968
H            2.92539258940000        0.91904842234542       -4.00500885389328
N            8.40631698087435        2.21652080964884       -1.11624633173497
C            9.85538706643727        2.25470124963666       -1.12193828335279
H           10.20492362429914        3.28292467691671       -1.10782967052036
H           10.24766406845704        1.74533825975614       -2.00504005372269
H           10.22695600420535        1.72455580003229       -0.24357252045042
76
 energy: -110.217289260225 gnorm: 0.052785491223 xtb: 6.7.1pre (5071a88)
N            0.07746618214180        0.01412924905876        0.00278079171500
C            1.46911492477955       -0.07164176539143        0.01005537737879
C            2.17863032984230        0.67167153103066        0.95273939444804
C            3.55338951207152        0.66917093375113        0.95649915157512
C            4.25795378601469       -0.10856402539139        0.04488055784999
C            3.54735257598464       -0.88731920710104       -0.85724883327704
C            2.16415029115547       -0.87308757153030       -0.88492148180423
C            5.75120541753004       -0.04713311640364        0.00408281912552
C            6.24533927734806        1.08589464061497       -0.92286421564128
C           -0.55850288911296        1.23534422289327       -0.00859831610382
C            0.05513215817455        2.40757323111576       -0.21770690395663
C           -0.61932770068763        3.69389506483048        0.16312885818624
C            0.20440690088603        4.97475749727138       -0.03838381717356
C            0.39935979787716        5.42682901549347       -1.48829393257285
C            1.10318352021637        6.77921206330547       -1.48640535404882
O           -0.38979911307053        0.60942386338285       -3.09665023496027
N           -1.82559284905533        3.44941953398373        3.68456595364581
C           -2.98303685565719        3.71682234749169        3.00565621658791
C           -2.63305969447159        3.84545233443320        1.64213449064509
C           -1.22477837955310        3.62965146386997        1.53216835944627
C           -4.30272466672752        3.88016400871101        3.41501319835086
C           -3.60585865034748        4.13921046640337        0.69246612927655
C           -0.76356709132423        3.39002914500287        2.79792763461884
C           -5.24719398213806        4.16849023568036        2.44895059158160
C           -4.90906854831883        4.29807045285041        1.10222193408274
C            0.61129683884100        3.12209286270701        3.30375831083815
O           -1.15657798051961        3.13142104285037       -2.69100928873279
H           -0.44805452691996       -0.81109065906147       -0.28716076367599
H           -0.71297108890586        0.78682825228657       -3.96320415323954
H            1.62251813540722        1.26379477107783        1.65944366424191
H            4.08585058334227        1.28746101921485        1.66476654015082
H            4.08223997860849       -1.49967084270779       -1.56939551837049
H            1.61507807668626       -1.43905867754663       -1.62121662242889
H            6.17385827808291       -0.98670556494104       -0.35421482929641
H            6.15283555386448        0.15159156531386        0.99956845795849
H            5.88110927569397        2.05036599732374       -0.55709887383934
H            6.27122456600708        0.34654583575696       -2.90391949050678
H            7.88388912668531        3.05853345018281       -1.27184298962626
H           -1.62469828986912        1.16778962301544        0.19756493133103
H            1.10300753413666        2.42520334556333       -0.40009268938028
H           -1.50720152938163        3.85078565094188       -0.43025080001473
H           -0.35416446465758        5.77496620675258        0.44475001123987
H            1.17895383912730        4.89211287523218        0.44327813313665
H            0.96910186738044        4.70678204082015       -2.07555525110311
H           -0.57317205770909        5.55782994980010       -1.97020273516542
H            1.27454371121407        7.14349193342347       -2.49698748887544
H            0.48998213860265        7.50891194860224       -0.95939369852739
H            2.06207341381118        6.70761978237290       -0.97734976155885
H           -1.74884240022505        3.25567890512629        4.67048986980078
H           -0.49284805962376        7.35127580147033        2.61497936255904
H           -4.58834872731383        3.78740809605953        4.45278627097190
H           -3.35663019915173        4.25247056774583       -0.35171394647453
H           -6.28020068890095        4.30265063189288        2.73350448342364
H           -5.66585592252668        4.52625602308509        0.36725577562354
H            1.32299820011336        3.17155238986817        2.48367493560881
H            0.90502678512036        3.85734092611866        4.05501123747038
H            0.67098314189680        2.13398750375325        3.76430740646621
H           -0.83143719266108        2.96054597017142       -1.81272492952105
H           -1.81546671112801        3.79526160596652       -2.59058982584733
O           -0.88788135461475        6.56549947106777        2.22484053628769
H           -0.22848659605230        1.48224957079824       -2.71938290222981
H           -0.91531112988544        5.88517748429751        2.90638607358035
N            5.73729062200468        0.93818383235594       -2.27615394350546
C            7.77547721564083        1.02688125808278       -0.94662126317866
O            8.39420980905666       -0.00901066650721       -0.81012270647034
C            4.01870002569000        0.90730657941277       -3.98390685744665
C            4.47673724787707        1.32941416920196       -2.60309685893347
O            3.79721645085936        2.01144653342242       -1.86504638262640
H            4.37922596953957       -0.08413267524915       -4.25202054092394
H            4.38885564059444        1.62619150100668       -4.71512559136228
H            2.93246553623188        0.91784605542208       -4.00600760294654
N            8.40191280575906        2.20909269534881       -1.11753452538762
C            9.84976604349650        2.26077621124325       -1.12622677833877
H           10.18715130317634        3.29280765627422       -1.10809993451801
H           10.24581545271037        1.75989938857063       -2.01243757772948
H           10.22657949923035        1.73087448965683       -0.24985724787891
76
 energy: -110.223207548245 gnorm: 0.078573212328 xtb: 6.7.1pre (5071a88)
N            0.08809685441137        0.01908807305633       -0.00988113474812
C            1.47889746664020       -0.07379327163533       -0.00112527392044
C            2.18787535813404        0.65809579919660        0.95310835013312
C            3.56236061930487        0.65162985229669        0.95810934869155
C            4.26679510338662       -0.12013266684340        0.04152029403638
C            3.55808083986076       -0.90191346141801       -0.85847561724314
C            2.17443750788403       -0.88450445285887       -0.88826423867498
C            5.76012728268974       -0.05774670049299        0.00402397181219
C            6.24837660880131        1.08050087057322       -0.91547802661113
C           -0.53659268847318        1.24865128573900       -0.00288916782880
C            0.07403653681477        2.42207460048989       -0.20780382183318
C           -0.62078562504624        3.70747064958225        0.16662210091854
C            0.22716739933016        4.98073375159697       -0.02386498692826
C            0.41820648733654        5.42648181880483       -1.47643078219370
C            1.11956130197551        6.77951209960763       -1.49450649311567
O           -0.30524347544492        0.51991557772821       -3.14375505987633
N           -1.84182616883054        3.45802863720391        3.68617311045859
C           -3.00200380977682        3.72099553355993        3.00876462294933
C           -2.65516669477129        3.85050989266242        1.64473812875926
C           -1.24537929950598        3.64058645385360        1.53328083670675
C           -4.31389456609845        3.87904041548525        3.43599539739949
C           -3.64149136481291        4.14337311800762        0.70828512939434
C           -0.78568566251372        3.40223321401194        2.79887573539580
C           -5.27101858445115        4.16707887506658        2.48193235143344
C           -4.94061774301851        4.29895397734637        1.13371024249256
C            0.59209713354062        3.13807261036151        3.30077259562536
O           -1.18606312400249        3.10918238333612       -2.78522269255255
H           -0.43181793944453       -0.78225024614949       -0.36886575022414
H           -0.80708361728986        0.76260754431287       -4.00761700659953
H            1.63222128733870        1.24082783368750        1.66859008533314
H            4.09628104537387        1.25702468206578        1.67762769399106
H            4.09271458974736       -1.52934338562085       -1.55980268588195
H            1.62600064465215       -1.46241287190570       -1.61592363575784
H            6.18615207103260       -0.99370448052357       -0.35997752481520
H            6.16049755186591        0.13713000851901        1.00070085643065
H            5.88943681087925        2.04367651853395       -0.53909983949703
H            6.23712349665068        0.30924090003159       -2.87996772373900
H            7.87110767369447        3.04577287417458       -1.26895808734661
H           -1.59446613267706        1.19471845527383        0.22868580444166
H            1.12644601309333        2.45593940569152       -0.37533792964803
H           -1.48285700703151        3.86895799416819       -0.45739056430498
H           -0.30100023709103        5.79144377811875        0.47786527724378
H            1.20783430115354        4.86541722858964        0.43954910181728
H            0.99289877958304        4.70116342358991       -2.05048619696262
H           -0.55404987856589        5.54655024462124       -1.96174533868469
H            1.27916919451230        7.12871277678033       -2.51192314912520
H            0.50860488699707        7.51279420587860       -0.97145200548571
H            2.08447125577105        6.71683180269128       -0.99603764781592
H           -1.76594902318213        3.25675029212868        4.67009289301848
H           -0.50239324848514        7.38617681224431        2.67904779279794
H           -4.59059910630094        3.78459439297162        4.47697934854266
H           -3.39557427284698        4.25816794179595       -0.33769244113089
H           -6.30219154631270        4.29856533737809        2.78004051485267
H           -5.70849525036181        4.52851350032111        0.40948698414281
H            1.29647842979807        3.20036580376351        2.47656016810482
H            0.87936529338666        3.86836109241116        4.05988187139524
H            0.65900512081391        2.14580412337967        3.75142590601734
H           -0.81004474462643        2.97860019145767       -1.91406561916557
H           -1.86669791354629        3.76621597162827       -2.64646220524995
O           -0.91722796103969        6.62455824979018        2.26687209955018
H           -0.19885987162179        1.40616787448162       -2.75557530444964
H           -0.93251223580264        5.92721657667551        2.92583143178549
N            5.73380474884490        0.94044419883389       -2.26585728576334
C            7.77658902534283        1.01655792753869       -0.95699346358716
O            8.39375136623939       -0.02181566606179       -0.83988029298249
C            4.02648851001224        0.91798994182690       -3.97593505084290
C            4.48280708633399        1.35594022766279       -2.60026333714205
O            3.81987063837814        2.06997117316675       -1.87686247208961
H            4.39510587523875       -0.07592021789026       -4.22192494516862
H            4.39375131583304        1.62321653476479       -4.72161968392834
H            2.94037536253461        0.91990896099271       -4.00350680764015
N            8.39870472418503        2.20190158031142       -1.11719143878125
C            9.84517327575097        2.26781149404840       -1.13001891438664
H           10.16953267202768        3.30379841560192       -1.10723265260737
H           10.24441828840511        1.77675402882142       -2.02032164543334
H           10.22929095739076        1.73816561111002       -0.25646410390178
76
 energy: -110.230000890515 gnorm: 0.064843530229 xtb: 6.7.1pre (5071a88)
N            0.09572410632733        0.02346752154606       -0.02269885025409
C            1.48493418079386       -0.07520524273723       -0.01058455590503
C            2.19477373876784        0.64689729587666        0.95135861997614
C            3.56844682436356        0.63503180308810        0.96027840298826
C            4.27234090412407       -0.13365568861489        0.04193423056865
C            3.56413907444245       -0.91761203268346       -0.85656000656012
C            2.18126376856466       -0.89313623738377       -0.89044538588469
C            5.76655934097051       -0.06755127735790        0.00411677041669
C            6.25135225809771        1.07341318392762       -0.91270114121557
C           -0.52385950908788        1.25557790203084        0.00875326838094
C            0.08033696255115        2.43581901978012       -0.17964413179203
C           -0.62552956741444        3.72779248919591        0.17028616865727
C            0.24647527497170        4.98706655639368       -0.01025107344810
C            0.43239949110171        5.42800685398948       -1.46297909071741
C            1.13183882291620        6.78158910089435       -1.49995958047188
O           -0.36147640137029        0.48411224897817       -3.18853826553354
N           -1.85282562168489        3.46431754787580        3.68564998836168
C           -3.01614041055329        3.72413158554436        3.01100113331818
C           -2.67602877375719        3.85686131765668        1.64802185795994
C           -1.26616091750240        3.65620876623870        1.53396966787573
C           -4.32056935050353        3.87754788522355        3.45203672436472
C           -3.67055935247876        4.14823629097331        0.71905668182748
C           -0.80037302147200        3.41292112462315        2.79423844066986
C           -5.28693029446390        4.16574919590826        2.50766265723043
C           -4.96348090231439        4.29975523002528        1.15729479734467
C            0.57880473312263        3.15069995572906        3.29553667191428
O           -1.19385428414952        3.11793400098172       -2.87722723792815
H           -0.41325155917527       -0.75445414038514       -0.42071130642543
H           -0.72651574574288        0.66230300015815       -4.04256501147658
H            1.64210655455612        1.22422043553634        1.67293467647217
H            4.10509296004728        1.23256624623644        1.68591870176450
H            4.09946552699996       -1.54853774579827       -1.55469137108095
H            1.63465676976254       -1.47761824146109       -1.61544650316089
H            6.19426777715279       -1.00081888963406       -0.36505561820929
H            6.16615920922126        0.12230217546978        1.00215550837995
H            5.89409722409905        2.03633863028966       -0.52866430937692
H            6.21019596689494        0.28313851752418       -2.86213921240699
H            7.86073411568226        3.03855988376343       -1.26653378380559
H           -1.57542046301472        1.21286848943398        0.23088284952594
H            1.14349837845949        2.48577942146448       -0.35204283736041
H           -1.47420802365054        3.88780175908894       -0.48914595305917
H           -0.25767187605054        5.80161772329132        0.51212842562945
H            1.22769895984627        4.83988878222170        0.44421523671638
H            1.01105721933164        4.69435541766133       -2.02397429746351
H           -0.54108245759273        5.53739957567525       -1.94863294747768
H            1.28177424276199        7.11668475375129       -2.52342580729854
H            0.52664508424755        7.51967287345887       -0.97824850297487
H            2.10048502925639        6.72288643185558       -1.00981353894190
H           -1.77598575131874        3.25786555805595        4.66688863112378
H           -0.51378673279416        7.41802736514109        2.72468871798546
H           -4.58645657326520        3.78088135651802        4.49559103669420
H           -3.43026528407476        4.26258084582695       -0.32926570693355
H           -6.31520741439350        4.29439168227851        2.81631642941718
H           -5.74181286923159        4.52999621486266        0.44312318979523
H            1.28164809662239        3.22286536896295        2.47312757150869
H            0.86116272820673        3.87550827806820        4.06219616775683
H            0.64984539465262        2.15553269065805        3.73971087776788
H           -0.78154101026647        2.98837934194516       -1.96721494479842
H           -1.91691340071603        3.77124068991540       -2.69392256876464
O           -0.92866573389833        6.66949130655515        2.30267501919215
H           -0.20580109898920        1.31922612314934       -2.77129009993548
H           -0.95386109277463        5.95645314375815        2.93680576688292
N            5.73105995668065        0.93814211720125       -2.25992798122878
C            7.77915701501113        1.01167393250481       -0.96474761559639
O            8.39459581658308       -0.02897477641438       -0.86541244032200
C            4.03250416964175        0.92513906662435       -3.97132029381251
C            4.48720831252276        1.37560676693510       -2.59998263514257
O            3.83899732261956        2.11617962256084       -1.88786776241460
H            4.40240370996335       -0.06990379964072       -4.20349037526579
H            4.39675870884227        1.62109324554949       -4.72533992919900
H            2.94651900987389        0.92418699746434       -3.99906289659316
N            8.39635690766990        2.20000507491842       -1.11741064832344
C            9.84164252316567        2.27429827303727       -1.13521241139158
H           10.15728805381288        3.31245282462325       -1.10752953292928
H           10.24290747946337        1.79074841633243       -2.02889542690376
H           10.23285578893411        1.74398077530461       -0.26498129867633
76
 energy: -110.235469014905 gnorm: 0.047797390670 xtb: 6.7.1pre (5071a88)
N            0.10350433492783        0.03361956600075       -0.03566801192009
C            1.49155015290008       -0.07419290075168       -0.01677923250114
C            2.20326026402905        0.63900244175960        0.95025086715374
C            3.57668215857336        0.61877282137563        0.96394879739132
C            4.27978883672825       -0.14942305322434        0.04444114462891
C            3.56939512993871       -0.92956824036391       -0.85577839771643
C            2.18673132002743       -0.89723936105335       -0.89321569416171
C            5.77385260189694       -0.08215582700037        0.00516811600002
C            6.25444453576128        1.06400629181176       -0.90906300921577
C           -0.51614817160250        1.26737847562908        0.01419929855615
C            0.07948395990453        2.45329921192849       -0.16532229070942
C           -0.63146914660320        3.74409768537962        0.17464564566107
C            0.25772918980523        4.99230363270950        0.00510464402049
C            0.44464271319333        5.42618658573995       -1.44866602668213
C            1.14410857641607        6.77992605390613       -1.50395376744118
O           -0.33135848670423        0.41820044175169       -3.21870811098902
N           -1.85899191760915        3.47148478547013        3.68544399683086
C           -3.02553003169641        3.72885689088041        3.01628909124752
C           -2.69387368038446        3.86752354000043        1.65091510538352
C           -1.28264465307838        3.67422575644912        1.53026149606471
C           -4.32763540585750        3.87701731963451        3.46821497190247
C           -3.69677499845100        4.15533537368343        0.72854983605423
C           -0.80960612314671        3.42726177516882        2.78831437606181
C           -5.30102155429575        4.16491177677256        2.53115792861623
C           -4.98712222949797        4.30149113429429        1.17781936178985
C            0.56969398608243        3.16480461926957        3.28652730594679
O           -1.22792696774325        3.08572338437115       -2.90248618433201
H           -0.40263724670675       -0.72948128210831       -0.47813141420658
H           -0.70613256378361        0.63767919598052       -4.06760661898415
H            1.65244702211750        1.21617186488490        1.67321346551923
H            4.11490884480320        1.21004583645068        1.69299509719788
H            4.10340843165734       -1.56169603928137       -1.55262308309731
H            1.64051824820878       -1.48206791662464       -1.61905346022821
H            6.20217892587370       -1.01305301715264       -0.36922019412399
H            6.17418776101330        0.10300387641239        1.00379578996952
H            5.89833305035655        2.02531901536536       -0.52080592824688
H            6.19048727041230        0.25676172267748       -2.84736805902751
H            7.85131841457779        3.03436761475563       -1.26020297358099
H           -1.56909083539326        1.22251334287508        0.23520055719124
H            1.13680592541353        2.51396122690925       -0.35277713395116
H           -1.47286835284437        3.90332958003334       -0.50176702629621
H           -0.22924380554259        5.81387855227737        0.53459810282650
H            1.23871633053321        4.82368893266794        0.45476274629359
H            1.02464862514088        4.68666968964813       -2.00322814190113
H           -0.52947074072994        5.52890991693489       -1.93435236814860
H            1.28618591247199        7.10415652725417       -2.53267378593663
H            0.54515713905230        7.52546858547630       -0.98544040256513
H            2.11689223213551        6.72584705939561       -1.02112223280624
H           -1.77969904562761        3.25941547156266        4.66551404274780
H           -0.50768312160326        7.44022577697829        2.77342535462912
H           -4.58222516783612        3.77696158248355        4.51405501898166
H           -3.46491176606235        4.26870409353859       -0.32132308535413
H           -6.32626846139385        4.29066861945236        2.84770114246280
H           -5.77318479467413        4.53054136462269        0.47183153954788
H            1.27484876220464        3.24465409407508        2.46678289069182
H            0.84806630951823        3.88406138065224        4.05967198660310
H            0.64123226883947        2.16679018000403        3.72367620275377
H           -0.79140606212740        2.99724849694183       -2.01190817657973
H           -1.88850474484177        3.75019920962609       -2.79601221728020
O           -0.95966624204321        6.71110208448620        2.32783432222982
H           -0.21616925512778        1.26228661481896       -2.75629009605577
H           -0.96387724725969        5.96759224447729        2.94361490120407
N            5.72955718053994        0.93518921948643       -2.25441084120343
C            7.78294797133766        1.00629262661812       -0.97095145484573
O            8.40129963154518       -0.03544331337313       -0.88978122633842
C            4.03416067786260        0.93065392133089       -3.96471880321123
C            4.49286430865979        1.39271525986490       -2.59826441298364
O            3.85490702938708        2.14574665445614       -1.89270372450479
H            4.40373175394597       -0.06536200112733       -4.19108434613844
H            4.39692226949686        1.62233999744119       -4.72272649966519
H            2.94825465311860        0.92942407988130       -3.99057670357033
N            8.39378119243684        2.19907233720717       -1.11666007380213
C            9.83856919708241        2.28220201909157       -1.14277328791772
H           10.14753177292113        3.32239620173384       -1.10984812444984
H           10.23925354583744        1.80674283479053       -2.04109013959837
H           10.23815240158179        1.74925448245600       -0.27778838188391
76
 energy: -110.238369970243 gnorm: 0.055967394122 xtb: 6.7.1pre (5071a88)
N            0.11442532081569        0.04623923826961       -0.05924565220716
C            1.50009886165609       -0.06993384815559       -0.02730144095093
C            2.21361758394139        0.63549872928705        0.94392135396410
C            3.58717751839166        0.60065055738352        0.96710823490182
C            4.29054080869278       -0.16957661359055        0.04850279855046
C            3.57710297387965       -0.94262693119417       -0.85586540411927
C            2.19480620838076       -0.90153434703114       -0.89742910525110
C            5.78435298379925       -0.10311507165796        0.00859084441696
C            6.25895077210096        1.05102296015493       -0.90203970404541
C           -0.50709193602276        1.28096125315414        0.00893914737563
C            0.07982997702592        2.46622114407086       -0.15078197009217
C           -0.63278348801409        3.75532778332889        0.17764004789136
C            0.27523418490970        4.99054445729105        0.02441425242556
C            0.46082267060559        5.42377239289739       -1.42859346784552
C            1.16094385670445        6.77662997726527       -1.50722542827662
O           -0.30271200240406        0.35282770188031       -3.23957547783266
N           -1.86653489698063        3.48128803377517        3.68032808634185
C           -3.03667919756585        3.73473596107661        3.01913876373796
C           -2.71674319873833        3.87941636996393        1.65081696333285
C           -1.30479752181830        3.69050648253987        1.52003695036983
C           -4.33587093503560        3.87646211853163        3.48489445391722
C           -3.73034596721642        4.16363543729774        0.73793868036871
C           -0.82170333015718        3.44393080975238        2.77576135688167
C           -5.31820823363590        4.16299767999984        2.55826801767823
C           -5.01759023453549        4.30293145881333        1.20136729338381
C            0.55740516037182        3.18292898641716        3.27118594710489
O           -1.21082877401332        3.08197215158267       -2.93634547353768
H           -0.38613295326828       -0.69373713299935       -0.54555068268777
H           -0.73457077066137        0.58828976476619       -4.08045534830887
H            1.66477501110817        1.21405407905986        1.66768049453716
H            4.12675233683625        1.18147383125690        1.70259223113254
H            4.10941585750613       -1.57888991839018       -1.54922326875907
H            1.64969586673880       -1.48618609438891       -1.62445471860034
H            6.21381589256009       -1.03067649743078       -0.37293341066036
H            6.18625919168202        0.07686863000611        1.00744461129052
H            5.90234480474605        2.00904415510032       -0.50873808562672
H            6.16467482414509        0.22043050229528       -2.82426574464702
H            7.83963358703817        3.03081826749040       -1.24805018246264
H           -1.56526141555981        1.23065216217538        0.24044826774311
H            1.13103525844547        2.53764531754624       -0.35483125652464
H           -1.46502226685088        3.91313443593786       -0.51964162660402
H           -0.18521883449879        5.81775062165147        0.56850071051956
H            1.25523386535419        4.79517799539176        0.46640403966461
H            1.04193785120193        4.67881155001759       -1.97678267378628
H           -0.51467702915212        5.51922070501842       -1.91297930670244
H            1.29139139885315        7.08579933146209       -2.54272984146369
H            0.56907689998237        7.53181127245261       -0.99360309066603
H            2.14001488978078        6.72843846279171       -1.03559972865741
H           -1.78375088658821        3.26381380407583        4.65900027681549
H           -0.55615484585280        7.48484485566327        2.81198007711459
H           -4.57490013378445        3.77121079985741        4.53372806320828
H           -3.51020115386328        4.27706090996331       -0.31366639016461
H           -6.33999812028288        4.28468027198292        2.88494704131728
H           -5.81361273400823        4.52937784257028        0.50618450327735
H            1.26666043616903        3.26993403206908        2.45541735034811
H            0.83099350248833        3.89601161186783        4.05161504544141
H            0.62921292018784        2.18189293122725        3.70046865580856
H           -0.79303932049160        2.99944205800247       -2.09862433755528
H           -1.89881584973086        3.72086901362947       -2.83047702467591
O           -0.94710566037247        6.75731900310635        2.37244964859741
H           -0.19840176128298        1.19152522829111       -2.78169250219301
H           -1.01046515430424        6.00997459801753        2.95138303716632
N            5.72847157602182        0.92816068912820       -2.24465540366684
C            7.78852097618531        1.00083523586770       -0.97722863084639
O            8.41127256466781       -0.03992732938889       -0.91769672722372
C            4.03580345955371        0.93808481795261       -3.95360677002064
C            4.50140531737575        1.40786613659596       -2.59282779943318
O            3.87952806347318        2.18023845229879       -1.89815659125726
H            4.40427850111244       -0.05866547057625       -4.17558973402552
H            4.39707214544858        1.62608857210285       -4.71530893997293
H            2.94980253990461        0.93737550979016       -3.97697324163701
N            8.39048232650574        2.19954251103441       -1.11211022483954
C            9.83450587901759        2.29439206805701       -1.15066633721278
H           10.13539927296416        3.33689042188266       -1.11036679176162
H           10.23238572243612        1.83055510415837       -2.05638669277252
H           10.24605698592370        1.75696000646041       -0.29382101704155
76
 energy: -110.240448609694 gnorm: 0.059689296846 xtb: 6.7.1pre (5071a88)
N            0.12346904423246        0.05889860018763       -0.08207737324632
C            1.50744089838601       -0.06356282373279       -0.03856906405316
C            2.22206698708644        0.63396056007508        0.93740379356419
C            3.59569878903779        0.58539194363936        0.96909868244322
C            4.29871228578211       -0.18657096276932        0.05124417830632
C            3.58277200073304       -0.95369061581433       -0.85678127427812
C            2.20102805397300       -0.90307363655719       -0.90306784988195
C            5.79300851437531       -0.12184322712113        0.01093055411708
C            6.26248008799249        1.03781654264049       -0.89606577952262
C           -0.49915140811680        1.29384962370237        0.00487237678813
C            0.08469144859476        2.48186928066438       -0.12977634346389
C           -0.63583706829646        3.77217249745767        0.17989220305257
C            0.28123252915940        5.00032594629222        0.04058791838955
C            0.47441149110729        5.42560687768636       -1.41262642841236
C            1.17693576665853        6.77561772014347       -1.50796484072677
O           -0.28283112228045        0.29644424975999       -3.26452406545751
N           -1.87404045891628        3.49084428206887        3.67706478992644
C           -3.04737981404124        3.74087552297260        3.02196176505317
C           -2.73616840780716        3.88989791674735        1.65192410781068
C           -1.32372929089738        3.70748354500237        1.51431473827209
C           -4.34345477963641        3.87630094946980        3.49874151952184
C           -3.75824291293280        4.17097437668873        0.74701372213414
C           -0.83340426443013        3.45999560854526        2.76732489333248
C           -5.33314122871133        4.16148399639207        2.58055105305376
C           -5.04239797044615        4.30444215675794        1.22153426074600
C            0.54657197508584        3.19827248395907        3.25895006458529
O           -1.21880268381299        3.06461528136885       -2.98741332169771
H           -0.36957867074624       -0.65971166864386       -0.59509919963331
H           -0.72793192062077        0.53157532473783       -4.09745767544657
H            1.67568776603927        1.21535956792469        1.66099169381215
H            4.13658201041828        1.15754932819805        1.71024425851636
H            4.11338588214773       -1.59372920656095       -1.54790562365846
H            1.65641758942343       -1.48586091110540       -1.63210603367427
H            6.22256628632457       -1.04694067042478       -0.37669907396659
H            6.19648620830404        0.05309485127597        1.01000111350318
H            5.90434636140535        1.99318206528588       -0.49826040151686
H            6.14308045391705        0.19108827039496       -2.80521110085819
H            7.82941753433254        3.02662002105145       -1.23568315112401
H           -1.55937739512169        1.23872081701734        0.23701354217532
H            1.13488564929360        2.56154352860644       -0.34833334282768
H           -1.45754727218640        3.92243428993903       -0.53519415935732
H           -0.16630832829540        5.83449187102277        0.58466611001415
H            1.25677761568401        4.78586970517873        0.48346815803934
H            1.05684144521951        4.67355841302821       -1.95038246474200
H           -0.50004433051507        5.51404085269831       -1.89990520247934
H            1.30038968950484        7.07142562330361       -2.54834448625186
H            0.59066633793169        7.53859125713281       -0.99900082562375
H            2.15950422082432        6.72996287053166       -1.04371883504959
H           -1.78772287672577        3.26890406095886        4.65429755393472
H           -0.49752259787991        7.49068712526371        2.88902317956078
H           -4.57054996659714        3.76613047828055        4.54969988441740
H           -3.54676206857331        4.28661314434742       -0.30599195811373
H           -6.35272817636187        4.27927026321990        2.91532010721763
H           -5.84628252087914        4.52867162386028        0.53470790355221
H            1.25724862318477        3.29162396020169        2.44513118596991
H            0.81807305464428        3.90569005986428        4.04518382633209
H            0.61928064403315        2.19387627800334        3.68049774510772
H           -0.77008063897209        3.00965183758669       -2.15728810693428
H           -1.94362225928285        3.69508093712292       -2.85491993013095
O           -1.02488997094063        6.81023784520704        2.38597657842342
H           -0.19024242957327        1.13170397237921       -2.80673239090304
H           -1.01492291872921        6.00650713182527        2.94652476476646
N            5.72751575345008        0.91687741569793       -2.23618868352449
C            7.79244510029101        0.99575339590953       -0.98187606134412
O            8.41871187991545       -0.04328258340155       -0.93872663854996
C            4.03675470217219        0.94433970471188       -3.94501832959988
C            4.50874340280219        1.41422910839093       -2.58785672289493
O            3.90311011096265        2.21173688105859       -1.90305019884908
H            4.40084637635519       -0.05377719382677       -4.16500810903391
H            4.39808447957255        1.62886200264161       -4.70965484171889
H            2.95076703113373        0.94741596030776       -3.96510064839866
N            8.38739934279013        2.19885956316329       -1.10702210973809
C            9.83045693331881        2.30332174698568       -1.15692102833650
H           10.12440907119840        3.34768270739734       -1.10986002012451
H           10.22450202763393        1.85040251901191       -2.06998956114756
H           10.25279229589178        1.76166515701366       -0.30778497013723
76
 energy: -110.242223887783 gnorm: 0.051067645791 xtb: 6.7.1pre (5071a88)
N            0.12891334626268        0.06751284410973       -0.09685467849332
C            1.51299555643592       -0.05874932269464       -0.04562313373413
C            2.22820470303607        0.63169304714812        0.93436308482983
C            3.60178713071390        0.57435618573631        0.97057761677110
C            4.30363037273991       -0.19849000703372        0.05276965225298
C            3.58563704206072       -0.96145217161858       -0.85784560892346
C            2.20453401664626       -0.90161391560719       -0.90860868018392
C            5.79893182747152       -0.13536655950154        0.01106975788092
C            6.26436209115327        1.02655886705024       -0.89321423612174
C           -0.49630638006697        1.30059598797268        0.00853379436630
C            0.09080048033939        2.49610114063163       -0.10608050619866
C           -0.63856790468199        3.78867176453998        0.18250308277171
C            0.28889908244713        5.00782317382393        0.05344336086862
C            0.48284766421251        5.42866941501217       -1.40171196191129
C            1.18890791724573        6.77482763152057       -1.50560462345059
O           -0.27394570389735        0.24722194565665       -3.28885908614928
N           -1.87784497486694        3.49632331969547        3.67835957632542
C           -3.05314523570834        3.74567116034863        3.02664266548201
C           -2.74570982967967        3.89763265788908        1.65540167955589
C           -1.33255725105374        3.71898430739583        1.51476066806869
C           -4.34777743534835        3.87666026539002        3.50957572818785
C           -3.77345762084668        4.17710726081627        0.75578858174050
C           -0.84010122633511        3.46813808501633        2.76609039969068
C           -5.34187258990782        4.16055912111887        2.59584295166328
C           -5.05613861543177        4.30603621471442        1.23625259071088
C            0.54171085680710        3.20701544260433        3.25319908588825
O           -1.27179142488506        3.01115733142638       -3.02281601164597
H           -0.35800742389699       -0.63871855568288       -0.62772307890951
H           -0.68334388827486        0.48584579365389       -4.11667282732542
H            1.68435891155895        1.21902028204172        1.65508599781509
H            4.14348356759928        1.14304240985601        1.71384109579180
H            4.11439330625948       -1.60280934052155       -1.54929630779955
H            1.65924443428980       -1.47958481269542       -1.64130426375828
H            6.22708968602470       -1.05942809760362       -0.38056902817851
H            6.20429765609874        0.03530993853840        1.01010836170308
H            5.90409986810306        1.98029583948610       -0.49282394101430
H            6.13090893768576        0.17454892627928       -2.79579888389938
H            7.82202817425025        3.02439257874094       -1.22577162659139
H           -1.55521818410087        1.23982915847192        0.22026985906768
H            1.14002978715787        2.57767303833883       -0.34275208053411
H           -1.45292512545338        3.93153208917561       -0.53854688245978
H           -0.14703962439969        5.83948387451391        0.61053283587458
H            1.26303414224007        4.77957778842457        0.49298690769153
H            1.06244383430919        4.67240481082464       -1.93772843987700
H           -0.49178646161365        5.51551200058504       -1.88824295484736
H            1.30831158319272        7.06460263048879       -2.54800916381077
H            0.60749544460554        7.54201323358346       -0.99764801237076
H            2.17338372491476        6.72820771303630       -1.04665752432378
H           -1.78824647068681        3.27310233301486        4.65505519785562
H           -0.55521499489470        7.52800444298853        2.89628153627078
H           -4.56870430912404        3.76281383445579        4.56136431772758
H           -3.56774889162703        4.29568490943303       -0.29813854119622
H           -6.36073678255010        4.27497195756192        2.93473949915456
H           -5.86429813337400        4.52818087834201        0.55371417712214
H            1.25114207805514        3.30590465298361        2.43876946532167
H            0.81241050279203        3.91163636245654        4.04170447276891
H            0.61622267877371        2.19993342242079        3.66873202017343
H           -0.73697040810810        3.02403806258266       -2.16435058789275
H           -1.95716245268770        3.67530836562157       -2.91894925859738
O           -0.99258984945075        6.83064019232273        2.40622212680497
H           -0.20425682558053        1.08837467975068       -2.80653508555738
H           -1.04481282804765        6.04230683942531        2.95184845169456
N            5.72707474404840        0.90458110262368       -2.23207293323054
C            7.79418834046024        0.99297657096760       -0.98458309193681
O            8.42400808484320       -0.04416093196856       -0.95088330955775
C            4.03532603304647        0.94810325868030       -3.94107433794477
C            4.51473168935633        1.41511651516677       -2.58598099926314
O            3.92049820090113        2.23041335983334       -1.90519948587102
H            4.39260881067018       -0.05213682576050       -4.16245706905215
H            4.39728787837310        1.63060790497319       -4.70748375347591
H            2.94937600778167        0.95727848738123       -3.95617272690614
N            8.38453826873723        2.19866609424489       -1.10373176491029
C            9.82667821211803        2.30886396672733       -1.16311500736144
H           10.11641193000492        3.35428220263321       -1.11083819440837
H           10.21569525697198        1.86446806405978       -2.08252165135925
H           10.25731498378377        1.76364280438271       -0.32057925884959
76
 energy: -110.244715896527 gnorm: 0.021563591085 xtb: 6.7.1pre (5071a88)
N            0.13612192834455        0.07453849999742       -0.10661125336483
C            1.51830324867997       -0.05261899520692       -0.05208109964107
C            2.23552103423137        0.63243027635338        0.93035581255207
C            3.60863686787709        0.56591883777062        0.97106596665809
C            4.30968043947159       -0.21040776216887        0.05546788717640
C            3.58915055687718       -0.96650588598641       -0.85918909067943
C            2.20870199570260       -0.89757311355365       -0.91473177571459
C            5.80495261243407       -0.15007892575679        0.01306345403682
C            6.26748645282249        1.01656857553866       -0.88884943979386
C           -0.49615858913027        1.30395592258688        0.01032111557229
C            0.08398028431391        2.50003017693947       -0.09595719028953
C           -0.64270517120958        3.79230628520675        0.18784193240711
C            0.28959717276094        5.00838979978229        0.06091076134893
C            0.48990503063327        5.42900538048379       -1.39332523262675
C            1.19996817054536        6.77247504869979       -1.50335144016512
O           -0.27355830779576        0.22162060256203       -3.28846291396466
N           -1.88152124198746        3.50471038256938        3.67826440301773
C           -3.05898735423826        3.75113248711185        3.03067016443393
C           -2.75799905482810        3.90581342937356        1.65835844869135
C           -1.34543971101623        3.72934145234553        1.51347394882546
C           -4.35240163301001        3.87720454952016        3.51786162169663
C           -3.78941855953884        4.18249387452726        0.76232039336082
C           -0.84681145051220        3.47914375530316        2.76239951298850
C           -5.35041561376576        4.15843696931737        2.60860579580307
C           -5.07074015642249        4.30649627135044        1.24777980196522
C            0.53628085202218        3.21804527952153        3.24455466443391
O           -1.22755326251681        3.02060335902768       -3.04232750041960
H           -0.34682177586642       -0.62363006790880       -0.67405038478287
H           -0.70486929836164        0.44848787880402       -4.11278705840921
H            1.69379766959201        1.22435242183714        1.64884586031329
H            4.15102023614131        1.12995272277909        1.71718091798080
H            4.11605115632696       -1.60971365570672       -1.55029831582955
H            1.66274920206482       -1.47151327974701       -1.64988542056659
H            6.23236666036676       -1.07259792580181       -0.38310307949696
H            6.21267296451299        0.01682326014005        1.01178057675541
H            5.90467361502764        1.96786063347123       -0.48559180322819
H            6.11931833998568        0.15118500875652       -2.78489545504421
H            7.81411982306934        3.02365098905313       -1.21284970715357
H           -1.55651768709305        1.23377313625974        0.20852298093883
H            1.13422927741989        2.58323396386138       -0.33617978329944
H           -1.45332453665906        3.93307735465462       -0.54227254619874
H           -0.14191670187822        5.84197875084314        0.61637203084499
H            1.26006776339194        4.77662557109029        0.50381571165684
H            1.06915320652741        4.66953571265452       -1.92498595531605
H           -0.48388276392017        5.51696238511767       -1.88144704913920
H            1.31747618401550        7.05653636148020       -2.54733069865848
H            0.62286381998152        7.54466947657478       -0.99800915712136
H            2.18550735016086        6.72478174935388       -1.04736071415704
H           -1.78855707918437        3.28030737011890        4.65416524240127
H           -0.56731178427601        7.54262008338109        2.91836340282656
H           -4.56676370850626        3.76056507810106        4.57055732843656
H           -3.58929533452623        4.30252192046241       -0.29250273855649
H           -6.36830548649454        4.26887984520938        2.95138409125713
H           -5.88234305780488        4.52614345247834        0.56896230682996
H            1.24486768572956        3.32035161624376        2.42964314634894
H            0.80832840632084        3.91950715926416        4.03526090155935
H            0.61285305588744        2.20922574703031        3.65570447689621
H           -0.75143552812011        3.01692024294003       -2.19712893964940
H           -1.93083266381217        3.65688074335063       -2.95436817060907
O           -1.00429247919465        6.85478071232684        2.41883492833172
H           -0.18205971861583        1.04742011591766       -2.82173743574024
H           -1.05972119299052        6.05804088985357        2.95118210804103
N            5.72784559418327        0.89868605832711       -2.22742209195350
C            7.79765752479528        0.98950094651085       -0.98480828678243
O            8.43249276877504       -0.04514283034336       -0.96277799029056
C            4.03351750215471        0.95258737889298       -3.93392695385466
C            4.52168764653753        1.42357714691215       -2.58240758804404
O            3.93497099074079        2.23634056524465       -1.90325428530972
H            4.38745759538533       -0.04834329347853       -4.15828081436884
H            4.39222532702323        1.63551515065099       -4.70175619048815
H            2.94739742155704        0.96392471302333       -3.94351084511750
N            8.38093537310720        2.19963351709081       -1.09813995594580
C            9.82242417808026        2.31727829476423       -1.16931162763527
H           10.10781687663596        3.36368446331460       -1.11147987359862
H           10.20609747461654        1.88178941853055       -2.09553558817918
H           10.26303156644306        1.76729451310138       -0.33460825519171
76
 energy: -110.245501416066 gnorm: 0.035776111169 xtb: 6.7.1pre (5071a88)
N            0.14765785655996        0.08857892511113       -0.13541766402575
C            1.52784980728031       -0.04005475188995       -0.07066874890735
C            2.24596231906864        0.63873861732749        0.91540997854478
C            3.61855921861798        0.55456832055099        0.96749280040939
C            4.31887492130187       -0.22793196873944        0.05634118978342
C            3.59597477393057       -0.97465576204986       -0.86454721484550
C            2.21689252440819       -0.89393511446977       -0.92706552845601
C            5.81440191185205       -0.17431946170260        0.01569543934056
C            6.27202982250778        0.99731606581725       -0.88280079316501
C           -0.49424702964301        1.31298140409958       -0.00124507278973
C            0.08108756938420        2.51012962790894       -0.08377749174019
C           -0.64796322642504        3.80158881410316        0.19162238884340
C            0.28957865133090        5.01413866029162        0.07432078135125
C            0.50065001952231        5.43086333441755       -1.37995305009787
C            1.21925283967997        6.76865196571777       -1.49774823345312
O           -0.24021160144346        0.15860030604432       -3.31697207005360
N           -1.88641334083365        3.51728886270353        3.67902931411612
C           -3.06706282519941        3.75979855865720        3.03734299799999
C           -2.77418640617469        3.91756706324925        1.66288030078629
C           -1.36186376817397        3.74282749260384        1.51079785254007
C           -4.35858471076687        3.87864865870393        3.53233304882084
C           -3.81275145110114        4.19187233751452        0.77426521014760
C           -0.85674744521233        3.49460471794901        2.75818094606895
C           -5.36328109286241        4.15588341826065        2.63002325564182
C           -5.09234654264588        4.30836898524281        1.26785734524007
C            0.52866649760944        3.23422848567225        3.23262732787693
O           -1.21809193762693        2.99920626174480       -3.07286948520460
H           -0.32242590406695       -0.59099318776317       -0.68537064254420
H           -0.68470135102521        0.40625165271529       -4.13481306632748
H            1.70702876697975        1.23470932782044        1.63302371322190
H            4.16124289679948        1.10984535018560        1.72000078745805
H            4.12024977535982       -1.62270634239379       -1.55325605498813
H            1.66999123499070       -1.46107054466043       -1.66658760805662
H            6.23950904218429       -1.09518654895675       -0.38663318750230
H            6.22480120877509       -0.01291050247452        1.01409933913260
H            5.90436642601325        1.94511546661800       -0.47671935592200
H            6.10020341589784        0.11470929665508       -2.76799571400189
H            7.80067324471697        3.01978988503086       -1.19356025417683
H           -1.55844639718528        1.22921583864315        0.20565132769083
H            1.13011267071620        2.59504491613201       -0.33223556706342
H           -1.45113335622625        3.93728536907286       -0.54785202132480
H           -0.13647764178438        5.85136174916307        0.62692342789983
H            1.25574953615521        4.77590343613554        0.52130217423601
H            1.07808762432245        4.66547664483129       -1.90507566844155
H           -0.47110055701517        5.52105605369066       -1.87186964150069
H            1.33488306385166        7.04525594904759       -2.54372835480055
H            0.64920148356874        7.54837030963627       -0.99577689788486
H            2.20634138303052        6.71755265606237       -1.04588366126827
H           -1.78821600039217        3.29202566055100        4.65426739532064
H           -0.57372341773285        7.56552895593862        2.95760576502360
H           -4.56381621041078        3.75791639301163        4.58633850673060
H           -3.62091451370410        4.31566592334272       -0.28148614290460
H           -6.37993380564381        4.25984446813005        2.97889571588969
H           -5.90923864313722        4.52464815252071        0.59472784896635
H            1.23430596986290        3.34207704106442        2.41571434759797
H            0.80261886150255        3.93130659124691        4.02622751447042
H            0.60854223218407        2.22285514577526        3.63657863988077
H           -0.75035945866762        3.01845054955208       -2.25052240509189
H           -1.94803840213109        3.61634096133889       -2.98663801756587
O           -1.03245115134108        6.89881120040535        2.43365572369773
H           -0.17685145733452        0.99143391849018       -2.82468847998232
H           -1.08593285956987        6.08874153275540        2.94745645661627
N            5.72762117370312        0.87849991321885       -2.21916533014927
C            7.80202931547357        0.98262565041672       -0.98616689479573
O            8.44492258846743       -0.04720126563939       -0.97942273238205
C            4.02955733953426        0.95714965983856       -3.92257758474836
C            4.53095849264433        1.42353369954234       -2.57444192758109
O            3.96454216862854        2.26408839802617       -1.90236787146648
H            4.37201923956018       -0.04678287283890       -4.15207605027344
H            4.38934946697218        1.63826910339361       -4.69187605327949
H            2.94353180558264        0.97990846059882       -3.92441398698248
N            8.37464318516367        2.19892033205659       -1.09042365985704
C            9.81457333915433        2.32880095995087       -1.17967696456420
H           10.09245948116884        3.37692201345844       -1.11226723603155
H           10.18905190197935        1.90847471647038       -2.11710322985431
H           10.27090543747808        1.77151413735549       -0.35795124528128
76
 energy: -110.246875986349 gnorm: 0.021848858082 xtb: 6.7.1pre (5071a88)
N            0.15732578861309        0.10144749523901       -0.15139708629647
C            1.53659291906951       -0.03390539900598       -0.07730754295224
C            2.25651826508449        0.63644001856339        0.91321034231380
C            3.62826921187291        0.54209479143442        0.96847646430598
C            4.32633465788623       -0.24381277016945        0.05857340215454
C            3.60056550128453       -0.98144494431755       -0.86774323473630
C            2.22268416649843       -0.88817127703217       -0.93597611651549
C            5.82234491021016       -0.19513579875057        0.01721050083310
C            6.27531678871894        0.98118481618638       -0.87727225675772
C           -0.48877291074944        1.32361374441573       -0.00556173321320
C            0.08543837230697        2.52251508031690       -0.06503212804909
C           -0.65041208766895        3.81285263973513        0.19769338255066
C            0.28919513415007        5.02370583245946        0.08546804959443
C            0.50940696002698        5.43403656540497       -1.37010122183926
C            1.23625722077416        6.76653498354928       -1.49216949181101
O           -0.22549186933747        0.10541021981161       -3.32994308321801
N           -1.89179787225369        3.52858176250456        3.68202230250653
C           -3.07470398598240        3.76787538797432        3.04379235437278
C           -2.78670261673566        3.92757492750787        1.66806019430915
C           -1.37425707761940        3.75620562323610        1.51254277897086
C           -4.36456208601884        3.88011913880011        3.54425822564202
C           -3.83069802743146        4.19936314001341        0.78497826059422
C           -0.86597899481418        3.50824300577448        2.75854350396382
C           -5.37435606201335        4.15349437114387        2.64680323076952
C           -5.10903122724625        4.30952146530462        1.28413219689027
C            0.52202930030173        3.24779788114871        3.22522576021215
O           -1.22322721046361        2.96197771017234       -3.10582905896042
H           -0.31150190236528       -0.56685319067101       -0.76726031765974
H           -0.68806210162002        0.34633531317884       -4.14290348651195
H            1.72082607290435        1.23879905412724        1.62802339859315
H            4.17193741750220        1.09271314820960        1.72360127503934
H            4.12159867200237       -1.63231961430501       -1.55651938642760
H            1.67396513655706       -1.44709217637467       -1.68060440257273
H            6.24525251328631       -1.11454315915522       -0.39082139936800
H            6.23539558931350       -0.03922543906788        1.01537021176479
H            5.90291640104854        1.92568016511764       -0.46785591674911
H            6.08639067519954        0.09419255919042       -2.75607429908644
H            7.78882906368811        3.01617444866416       -1.17644690255666
H           -1.55399987053065        1.23081185688022        0.18369244044541
H            1.13658959415073        2.60717926424383       -0.31278478726097
H           -1.44494017322512        3.94176178540554       -0.55180140211454
H           -0.13593477461687        5.86282680034202        0.63480947096779
H            1.25216424984544        4.78191885741343        0.53674661507181
H            1.08466057370539        4.66291682622990       -1.88907704314996
H           -0.46023461571292        5.52636352225238       -1.86607747614055
H            1.35187906409981        7.03824907931887       -2.53918812861052
H            0.67192923522631        7.55174521647019       -0.99241235329254
H            2.22385940321323        6.71097905187726       -1.04234859789312
H           -1.78976455718585        3.30272270273816        4.65671366362349
H           -0.59056951923310        7.58753997577132        2.98888001113148
H           -4.56401281832817        3.75638808659633        4.59898046892479
H           -3.64428878365532        4.32678849523776       -0.27131977043886
H           -6.39038835483470        4.25152127531668        2.99998047943017
H           -5.92956426815298        4.52311208308670        0.61472166197178
H            1.22337368563868        3.36090546438523        2.40527759455540
H            0.79859742509053        3.94112304826497        4.02096951941222
H            0.60552457485480        2.23409129502197        3.62253895419901
H           -0.72546424896720        3.03072753103335       -2.28626767932669
H           -1.95858058032437        3.57760182935321       -3.02620215915910
O           -1.05807092173775        6.93751447781770        2.44418649989812
H           -0.16494488952357        0.93586939825194       -2.84314603877371
H           -1.10147142976979        6.11376709965349        2.94478708361371
N            5.72805899394283        0.86421731399722       -2.21287378163206
C            7.80487606630285        0.97702891957490       -0.98651779692432
O            8.45450850945188       -0.04834438206267       -0.99146800032531
C            4.02655147610906        0.96354401656997       -3.91371698880876
C            4.53996703597026        1.42574166041566       -2.56882125081882
O            3.98765426184326        2.27569383422434       -1.89947038021745
H            4.36191844514598       -0.04196411789856       -4.14805261978506
H            4.38389651608931        1.64456011948436       -4.68435262111846
H            2.94048802704775        0.99217124549344       -3.90771745629798
N            8.36875607807010        2.19813466747089       -1.08306519849499
C            9.80695317152422        2.33853037060892       -1.18769690163830
H           10.07857163062071        3.38785285500389       -1.11171231469514
H           10.17302660062591        1.93152626345674       -2.13471979346207
H           10.27659048124767        1.77490069036714       -0.37764069295334
76
 energy: -110.247346094584 gnorm: 0.038737801466 xtb: 6.7.1pre (5071a88)
N            0.16631122143056        0.11367570212789       -0.17497722874766
C            1.54472253937418       -0.02393185040299       -0.09192695876412
C            2.26500330298319        0.64007770755156        0.90218051191879
C            3.63559224877581        0.53308738948315        0.96450301039660
C            4.33181018003938       -0.25877157450471        0.05880928253207
C            3.60466487432750       -0.98713888309764       -0.87404580551539
C            2.22871921713642       -0.88051056892946       -0.95036554345107
C            5.82851442603470       -0.21620973068892        0.01774793963482
C            6.27890324362225        0.96385013411140       -0.87245811141909
C           -0.48933803020654        1.32947986854760       -0.01826768356901
C            0.08460598505355        2.53187884596376       -0.05373446932233
C           -0.65547188668352        3.82157748909751        0.20313249714628
C            0.27869733486886        5.03478762341830        0.09308302533613
C            0.51340723618299        5.43995653346224       -1.36244986774716
C            1.25359261852745        6.76471814309283       -1.47898864862033
O           -0.23003153536559        0.07371133809036       -3.32231421130287
N           -1.89463758111041        3.53784120844733        3.68647195403626
C           -3.07903050180774        3.77502639155532        3.05029856924951
C           -2.79383085691865        3.93507383671409        1.67389793317280
C           -1.38172156559916        3.76453340878613        1.51651123021907
C           -4.36844865821947        3.88137820805116        3.55180693412336
C           -3.84001038788456        4.20559173791681        0.79356980449105
C           -0.87139887883960        3.51754014263733        2.76149516249284
C           -5.38073795934855        4.15009660478617        2.65627352425436
C           -5.11788857100770        4.30992211995025        1.29408035586534
C            0.51923411137505        3.25758401788379        3.22060141258627
O           -1.21460615290096        2.92314678377591       -3.12533986457062
H           -0.29416465326317       -0.54632505256129       -0.77772355622806
H           -0.70235687031424        0.27756822328643       -4.13339486625224
H            1.73245802674235        1.24821802220052        1.61433019716127
H            4.17925488172064        1.08116087141861        1.72120136281610
H            4.12325949444285       -1.63807145709714       -1.56441510176820
H            1.67843316555957       -1.42825508984194       -1.70215217278146
H            6.24747899434810       -1.13517628118620       -0.39520120999241
H            6.24385230267080       -0.06659002917426        1.01579418472696
H            5.90039104190207        1.90513556534079       -0.46078790023872
H            6.07878476921794        0.07575337460058       -2.74940327514833
H            7.77784955273029        3.01285473112630       -1.15643990056780
H           -1.55545597453596        1.22431549521291        0.15390425644840
H            1.13916947606914        2.61222360949680       -0.29717343419973
H           -1.44598324379733        3.94276888789499       -0.54875271670178
H           -0.15788374100750        5.87217986906956        0.63351117887834
H            1.23686654781665        4.80120697693739        0.55598163914584
H            1.08479640232704        4.66305579521994       -1.87648396126368
H           -0.45231582644823        5.54071175982513       -1.86468759884860
H            1.37574649340821        7.03726537182727       -2.52423935678917
H            0.69519864820164        7.55421451495949       -0.97994685337198
H            2.23855435551561        6.69788533281861       -1.02576042869831
H           -1.78844979786049        3.31503132776913        4.66130935269108
H           -0.62118673672283        7.60842571259443        2.99611829402648
H           -4.56593264330506        3.75563476300291        4.60620556577999
H           -3.65733405230175        4.33733284042557       -0.26276952748592
H           -6.39692342909974        4.24136611828816        3.01045999445029
H           -5.93911495123002        4.52092514332180        0.62531535623425
H            1.21531818511722        3.37444352118367        2.39687105147244
H            0.80025366234172        3.94881895427284        4.01618186668218
H            0.60647573832780        2.24260107647832        3.61314224170934
H           -0.69916265943569        3.04231199962357       -2.29937324876547
H           -1.93682886761745        3.54247024038557       -3.07950161792959
O           -1.07210451613424        6.96480911823278        2.44363752703467
H           -0.14432690740706        0.89652638607377       -2.87186732838068
H           -1.11957625442553        6.14099945349551        2.93798309776089
N            5.73048754749542        0.84933159493464       -2.20880473502402
C            7.80763864389655        0.97171972103548       -0.98312126577512
O            8.46511207185387       -0.04759284165690       -0.99534258340849
C            4.02161681950866        0.97096608035323       -3.90517071004396
C            4.55120441184220        1.42637960478161       -2.56350008418853
O            4.00970436748310        2.26822655085876       -1.89011968612104
H            4.34816302974615       -0.03566412512597       -4.14964227984586
H            4.37399125189953        1.65532170831363       -4.67524639547822
H            2.93551260602485        1.00614180062860       -3.88743233555487
N            8.36230468990439        2.19721697069070       -1.07387653768098
C            9.79790825763596        2.34758162437307       -1.19477478886790
H           10.06479559167049        3.39709491825324       -1.10867679181641
H           10.15282981904448        1.95500851092400       -2.15196330517939
H           10.28106430459910        1.77649810729033       -0.39879636703342
76
 energy: -110.248470539325 gnorm: 0.019726428791 xtb: 6.7.1pre (5071a88)
N            0.17462313828403        0.12252538390917       -0.18929239074369
C            1.55196482048556       -0.01578236832645       -0.10155527554371
C            2.27291872836782        0.64216412533755        0.89615129590977
C            3.64251218826281        0.52749563944621        0.96140311165755
C            4.33678176206995       -0.26738540920219        0.05726469345430
C            3.60854662605931       -0.98748479916749       -0.88112557838399
C            2.23425462990051       -0.87131468447404       -0.96255304387674
C            5.83388652684851       -0.23276645383518        0.01879273932717
C            6.28323925021622        0.94838839192455       -0.86941135588301
C           -0.48921955336661        1.33300413226859       -0.02298291410483
C            0.08135552554794        2.53726702963535       -0.04658800095637
C           -0.66170528361818        3.82452927699484        0.20726726739282
C            0.26885100508101        5.04129489906956        0.09599748541438
C            0.51541363779007        5.44185674946781       -1.35932674192059
C            1.26801523789327        6.76029492209350       -1.47115504057417
O           -0.21049212602348        0.03839353537264       -3.33208570799625
N           -1.89543925611976        3.54846183245484        3.69200517017310
C           -3.08158602377561        3.78291207714828        3.05779059484453
C           -2.79941219054579        3.94218553559038        1.68040706332463
C           -1.38758459468804        3.77189743732471        1.52041316987746
C           -4.37046187860828        3.88431771337333        3.56111454217573
C           -3.84813355408209        4.21084653885956        0.80277247194672
C           -0.87482473485734        3.52769263025482        2.76511440381299
C           -5.38573439190856        4.14832181041272        2.66747342401407
C           -5.12565070766108        4.31054147053805        1.30522977974091
C            0.51815873127156        3.26831393746500        3.21733602010473
O           -1.20154800460839        2.90591547539466       -3.13727351158357
H           -0.28072827867745       -0.53263652237221       -0.81615715410082
H           -0.67579834536176        0.23600509588626       -4.13938778372588
H            1.74300448448628        1.25317374467129        1.60774346804697
H            4.18674180375899        1.07172210488867        1.72053206386161
H            4.12500664992109       -1.64129477869512       -1.57062195589907
H            1.68280197296826       -1.41234640426877       -1.71807241396786
H            6.24885343061339       -1.15194334867532       -0.39744533728758
H            6.25095351525150       -0.08767833819488        1.01663669202589
H            5.90081459481355        1.88805905223700       -0.45780275813244
H            6.06498730437020        0.03727648795839       -2.74008269221902
H            7.76672644472267        3.00773696939291       -1.14300168903549
H           -1.55536784073058        1.21848241726647        0.13159677007828
H            1.13769534283792        2.61505456944887       -0.28243827091089
H           -1.44955377327044        3.94130684462834       -0.54565517649052
H           -0.17610407596635        5.88096650864628        0.62711872890355
H            1.22468940228429        4.81653821118290        0.56794726211735
H            1.08369035214428        4.65976736304642       -1.86857551404520
H           -0.44685021825110        5.55077840391686       -1.86721729892644
H            1.39642708360803        7.03392104373744       -2.51522719285341
H            0.71499790374055        7.55382178451000       -0.97275467840751
H            2.25073927423935        6.68371858656666       -1.01426515248285
H           -1.78578565631778        3.32848865393958        4.66712449259945
H           -0.64404729718758        7.62509294290602        3.00506815198830
H           -4.56616429510203        3.75789500215936        4.61566229137051
H           -3.66828354315111        4.34509066254061       -0.25364741024295
H           -6.40188576225803        4.23390997973848        3.02325293514361
H           -5.94805040701317        4.51916914170274        0.63726905488920
H            1.20890568467759        3.38761108659094        2.38965170200132
H            0.80324448793304        3.95815814227820        4.01252843923174
H            0.60890688311802        2.25269187289943        3.60655078125797
H           -0.69451024438389        3.04060676050740       -2.32064160240725
H           -1.94259821945383        3.51009042159822       -3.09957270185751
O           -1.08158168901526        6.98861264583131        2.44376780060402
H           -0.14321381226498        0.87396656265817       -2.87240594378108
H           -1.14575069215609        6.16423433415042        2.92647463834843
N            5.73065359946556        0.82992896022605       -2.20389594268575
C            7.81096383048451        0.96508233074226       -0.98283583591580
O            8.47577605705016       -0.04909144169359       -1.00149098026223
C            4.01531412121219        0.97286333767123       -3.89419332025961
C            4.55838029789619        1.42264774231152       -2.55503400657907
O            4.03648327274212        2.29283844204513       -1.88414117167013
H            4.32905285688920       -0.03715131092175       -4.14417762602231
H            4.36881337025592        1.65534560548194       -4.66614996795482
H            2.92974288254085        1.02051748943870       -3.86789464318996
N            8.35639002347878        2.19502878551420       -1.06936550712311
C            9.78950429913485        2.35651239715134       -1.20400755584989
H           10.05053001777256        3.40675646664880       -1.10856161131551
H           10.13577827652122        1.97752807454262       -2.16986931313897
H           10.28497512141118        1.77925828623547       -0.42051873531766
76
 energy: -110.249160578453 gnorm: 0.023263794512 xtb: 6.7.1pre (5071a88)
N            0.18518477517414        0.13669839633286       -0.21188264067997
C            1.56118037886568       -0.00608295205036       -0.11602991824728
C            2.28297380476977        0.64333175459212        0.88691576105637
C            3.65166336071666        0.51539552526983        0.95829030905057
C            4.34310675928703       -0.28533471632707        0.05723020413921
C            3.61362685632553       -0.99449293170158       -0.88849666369215
C            2.24141197352959       -0.86385464494297       -0.97764700725253
C            5.84075026002567       -0.25935233448631        0.02000256518483
C            6.28673969477444        0.92598007859128       -0.86328401666192
C           -0.48654931909963        1.34189804635578       -0.03752761989051
C            0.07932620797232        2.54767461871089       -0.04270075077028
C           -0.66976495111560        3.83058516522080        0.21119537595598
C            0.25374039709237        5.05449131061947        0.09814974729957
C            0.51747429982245        5.44501956075567       -1.35700785470311
C            1.28896222345295        6.75425577263322       -1.46108347775750
O           -0.17685144748333       -0.00746241222611       -3.33823461437500
N           -1.89588295875710        3.56236461256481        3.69973176374161
C           -3.08414765866477        3.79338806673063        3.06762181143006
C           -2.80516236492032        3.95107717627507        1.68888164135328
C           -1.39351596858637        3.78111104016695        1.52563698727627
C           -4.37250299009980        3.88911014226050        3.57344289383287
C           -3.85679584217488        4.21759748319161        0.81410162050428
C           -0.87803351149238        3.54107205706519        2.77048593839970
C           -5.39128969859285        4.14734109860751        2.68160448176921
C           -5.13418907892815        4.31193377038492        1.31907674462618
C            0.51745627328555        3.28247675100523        3.21508139259770
O           -1.18168069388640        2.87876272764234       -3.14927088258013
H           -0.26483948973726       -0.51219931974154       -0.85155820278018
H           -0.66635408339736        0.17571335622569       -4.14258335522544
H            1.75631123103721        1.25675090540934        1.59885638286143
H            4.19712214366319        1.05513950886032        1.71992019923534
H            4.12755781151848       -1.65019031022339       -1.57811697081311
H            1.68852664087257       -1.39431606253465       -1.73942402617202
H            6.25168771136816       -1.17792095958396       -0.40178839200349
H            6.25961144236673       -0.12039291847370        1.01782586333921
H            5.89744049370532        1.86159882771404       -0.44833057176552
H            6.05887285330081        0.03566939656193       -2.73529774723378
H            7.74919343785946        2.99922709947535       -1.12407320577908
H           -1.55402023094696        1.21818867396059        0.10589655102069
H            1.13886011291220        2.62495364043034       -0.26092027571515
H           -1.45514368847382        3.94192568964164       -0.54357864424261
H           -0.20455584933161        5.90090071002896        0.61220745990160
H            1.20669390670599        4.84377741532756        0.58485871847468
H            1.08139897620643        4.65474372575836       -1.85837162378369
H           -0.43917519881331        5.56522344247981       -1.87406733341543
H            1.42857248437671        7.03001848085815       -2.50355452530760
H            0.74344572182679        7.55354467787492       -0.96342654870328
H            2.26762293953201        6.66247491975567       -0.99682712309911
H           -1.78228747136509        3.34691919229767        4.67559052082823
H           -0.66638457598318        7.63668094165525        3.03330509506229
H           -4.56668445591069        3.76274171104394        4.62848692073878
H           -3.67938679314326        4.35420388714923       -0.24233039342176
H           -6.40735952696762        4.22629176425865        3.03932553437271
H           -5.95822745455376        4.51789326683597        0.65199899919621
H            1.20186095698461        3.40484212589449        2.38269571157537
H            0.80684964114854        3.97091834514302        4.01006472187034
H            0.61237309721584        2.26612986575739        3.60050035243385
H           -0.68147349421779        3.04255748197959       -2.34884480610323
H           -1.95240753219714        3.45891112608403       -3.12225501282458
O           -1.09929748199033        7.01834407627924        2.43938354687421
H           -0.13642900711182        0.85292981622003       -2.88705449536781
H           -1.19207348220676        6.17708359330662        2.89569084144911
N            5.73164332023257        0.81216493792815       -2.19798266464768
C            7.81350646595363        0.95502517770789       -0.98108415085219
O            8.48853833015941       -0.05333294942576       -1.01176640706526
C            4.00914795762752        0.98187682923360       -3.88169406555200
C            4.56863714428989        1.42076754756085       -2.54610706567182
O            4.06027820519910        2.28439452700972       -1.87085353103387
H            4.31568950828059       -0.02785983813520       -4.14102048962077
H            4.35618872358723        1.66806338026714       -4.65279369021080
H            2.92411979782638        1.03363912339462       -3.84318973737243
N            8.34646465653495        2.19099050811934       -1.06218789979922
C            9.77600315838710        2.36803643400110       -1.21553472016588
H           10.02893022350339        3.41912083074750       -1.10578756697327
H           10.11105930417259        2.00929846848710       -2.19338530354296
H           10.28866063669812        1.78155176615601       -0.45010066456251
76
 energy: -110.249971023433 gnorm: 0.026122990895 xtb: 6.7.1pre (5071a88)
N            0.19582255946879        0.15277360050588       -0.23789769797419
C            1.57025917024795        0.00525301102152       -0.13338833590416
C            2.29169540000266        0.64608808841709        0.87551537404771
C            3.65937740793101        0.50641027847628        0.95306208654804
C            4.34841638574264       -0.29715754983634        0.05326750736742
C            3.61896787149458       -0.99620261400962       -0.89978615809913
C            2.24908451987807       -0.85414109318877       -0.99543801175715
C            5.84662465174823       -0.28192485379313        0.02090172249523
C            6.29313740797230        0.90433783188167       -0.85895506146122
C           -0.48149890709741        1.35376026812526       -0.05752883308354
C            0.08023430902413        2.56110328657406       -0.03913723090136
C           -0.67839238788398        3.83882044199968        0.21593301839357
C            0.23580827162451        5.07078484541658        0.10123195844556
C            0.51861388240448        5.44969535122969       -1.35327357111474
C            1.31035185943488        6.74894180578488       -1.44815289909218
O           -0.15973103198095       -0.04753386259811       -3.33459394357232
N           -1.89732914830938        3.57388531445791        3.70797934445436
C           -3.08744462747094        3.80167518129075        3.07719540529645
C           -2.81072116317720        3.95755432504252        1.69760949602274
C           -1.39930219236352        3.78846759860350        1.53243049953078
C           -4.37511981163247        3.89231640869988        3.58494790858701
C           -3.86428808859973        4.22211711570664        0.82460244301624
C           -0.88161204539862        3.55176854210799        2.77706725142194
C           -5.39664392286027        4.14534009733833        2.69414200036815
C           -5.14149545245838        4.31179514118433        1.33146414299884
C            0.51621708484618        3.29429554404889        3.21498781299047
O           -1.16229643775860        2.83908923050959       -3.16498874526974
H           -0.24858315760137       -0.49006747606361       -0.88017047096555
H           -0.68566105288264        0.09896129905146       -4.13754372074020
H            1.76762755619304        1.25909252717936        1.58969719514251
H            4.20595361986374        1.03892109348055        1.71965054766340
H            4.13122553402536       -1.65496358659368       -1.58801598274423
H            1.69576354206975       -1.37559158939704       -1.76280787464462
H            6.25217736288389       -1.20115408455288       -0.40461847101082
H            6.26587775964618       -0.14922917259716        1.01920261521142
H            5.90060588621018        1.83838275254168       -0.44365343843936
H            6.04110154366848       -0.01310358402729       -2.72454075034226
H            7.73297367550929        2.98746365835051       -1.10897918400250
H           -1.55023455687220        1.22387348786123        0.07674497418856
H            1.14445641186052        2.64096894630953       -0.23336777114650
H           -1.46123619405929        3.94414337425524       -0.54261709859599
H           -0.24061772310764        5.92124923727892        0.59623968920450
H            1.18475702538383        4.87634136389150        0.60594519984006
H            1.07851706189960        4.65052129849831       -1.84516696195618
H           -0.43112744266065        5.58101616605846       -1.88143098876835
H            1.46383907364494        7.02699152475581       -2.48870423667327
H            0.77245796169667        7.55414107462300       -0.95152276549483
H            2.28367391096046        6.64014968177573       -0.97443942316390
H           -1.78060490970524        3.36330910898366        4.68461402124830
H           -0.69150203269553        7.64678578834341        3.06101554714241
H           -4.56874022841352        3.76630113584302        4.64040267955848
H           -3.68776050332235        4.36030520159406       -0.23179299831611
H           -6.41268301189398        4.21818959877013        3.05336464031967
H           -5.96697303620133        4.51538728023691        0.66493777582498
H            1.19481283524152        3.41960264472949        2.37845164802105
H            0.80897021804844        3.98181473646284        4.00976629398907
H            0.61531256926827        2.27738585055740        3.59720306924939
H           -0.65772583992395        3.05293600069279       -2.37323627815804
H           -1.93421646146277        3.41283975708610       -3.16294346146056
O           -1.12121403992615        7.04797699760099        2.43338362404813
H           -0.11797726028460        0.82564650767035       -2.91987642483471
H           -1.24292678791238        6.19262802142165        2.86450072082087
N            5.73244072449073        0.78860897240131       -2.19136668786291
C            7.81827149670194        0.94303338027451       -0.98126948157748
O            8.50198177027374       -0.05884642547456       -1.01846108998403
C            4.00222942926408        0.98858172433603       -3.86554197862530
C            4.57927195641883        1.42011268432010       -2.53434098720084
O            4.09715103481848        2.31773393801386       -1.86076430315722
H            4.29388343384575       -0.02475033572670       -4.12929101000562
H            4.34937374648028        1.67152144459203       -4.64004822530824
H            2.91840940286726        1.05376702567846       -3.81537998311536
N            8.33874592051207        2.18475798637790       -1.05723502433065
C            9.76392404345232        2.37936542816600       -1.22601565367636
H           10.00752638773416        3.43130228294378       -1.09993565786622
H           10.08934250080645        2.04263935871615       -2.21527921562459
H           10.29239327835403        1.78364257771626       -0.47896012541988
76
 energy: -110.250958870509 gnorm: 0.016267760985 xtb: 6.7.1pre (5071a88)
N            0.20292777376767        0.16455969194209       -0.25659374897977
C            1.57604015775239        0.01241554748472       -0.14548069972047
C            2.29704560461863        0.64602367378220        0.86790304917747
C            3.66365700954047        0.49796397861923        0.94955526787151
C            4.35047983242170       -0.30828719845817        0.05106518563220
C            3.62120544390512       -0.99889194925503       -0.90814959464110
C            2.25352745291986       -0.84624049898512       -1.00963946334729
C            5.84929195224156       -0.29982551091081        0.02047043894407
C            6.29737962199150        0.88809118633329       -0.85554247760899
C           -0.47792086347824        1.36173413348803       -0.07532240825526
C            0.08011605764241        2.57088761300348       -0.03963648576187
C           -0.68798649920641        3.84206368841356        0.21857868183545
C            0.20950537270084        5.08466828272067        0.09897810780106
C            0.51372945021083        5.45317354234274       -1.35338320870647
C            1.32564520472841        6.74208372571830       -1.43523821556215
O           -0.16467555560992       -0.06553408530643       -3.32799207599720
N           -1.89444161224611        3.58152789826903        3.71650906749369
C           -3.08586148643312        3.80749979852822        3.08634218010675
C           -2.81010165912165        3.95947134182661        1.70646867207470
C           -1.39923225114078        3.78929422062898        1.54013012124185
C           -4.37372649345274        3.89671622959998        3.59274008052565
C           -3.86254378967830        4.22260328574790        0.83197772456538
C           -0.87930737896190        3.55613964738747        2.78426804468533
C           -5.39513010696050        4.14562039947507        2.70027311777532
C           -5.13967647810242        4.31115475547328        1.33762244557129
C            0.51993206162563        3.30111103762952        3.21875602566380
O           -1.13613503414044        2.80136219852337       -3.16093051202517
H           -0.23907400952481       -0.47932340558332       -0.89572769252940
H           -0.68096656666670        0.03960292208841       -4.13144831555835
H            1.77489054630071        1.26020088356495        1.58243751277348
H            4.21122247448030        1.02689130029307        1.71783923006702
H            4.13251357164140       -1.65677003324928       -1.59764634394488
H            1.70011067318829       -1.35847825369481       -1.78297321118454
H            6.25056449263790       -1.21974206383398       -0.40774623461021
H            6.26856261296877       -0.17267290720176        1.01936284001599
H            5.90282817102362        1.82055830834209       -0.43814522104663
H            6.03456409908153       -0.03112010094928       -2.72273678343487
H            7.71973842720934        2.97657044525984       -1.10135983880820
H           -1.54799164580819        1.22944648361376        0.04049961078282
H            1.14805736316403        2.65448484879284       -0.20994081060577
H           -1.47545927219710        3.94038481889927       -0.53634741324145
H           -0.29720598783464        5.92966264718552        0.57258231878740
H            1.15214973508401        4.91669274593514        0.62704827041412
H            1.07009582797736        4.64666827988527       -1.83711955160105
H           -0.42752025208970        5.59635029601489       -1.89403917879754
H            1.49757953656387        7.02422067309211       -2.47230160890833
H            0.79429641572619        7.55234991423156       -0.94008065772512
H            2.29115770887349        6.61479074695690       -0.94852463855443
H           -1.77534716727082        3.37811388161589        4.69433090700060
H           -0.72263121259108        7.65681598263904        3.04890046992590
H           -4.56949633154808        3.77280120665834        4.64804439889189
H           -3.68476609881788        4.35983043415549       -0.22430505374884
H           -6.41137192055208        4.21514370362814        3.05845346777740
H           -5.96466218874916        4.51264798074617        0.66966481369069
H            1.19498227534976        3.42626580886127        2.37980711830313
H            0.81486467255143        3.99063373240925        4.01085061975639
H            0.62194144156718        2.28528403980294        3.60213615029750
H           -0.63712878333278        3.05642264990539       -2.37000349356736
H           -1.89804959487921        3.37897493604481       -3.18803896201517
O           -1.13604038493596        7.06414928926642        2.41512045030760
H           -0.10971488894381        0.81669308090511       -2.94319117517704
H           -1.27394147588775        6.21926723807296        2.84347319978818
N            5.73428373253274        0.77814805787096       -2.18812083691996
C            7.82128290713356        0.93419321127338       -0.97977042167834
O            8.51096663975379       -0.06202926640502       -1.01784781230743
C            3.99726300094049        0.99729955245190       -3.85348266171032
C            4.58811876960208        1.42178487772791       -2.52614689924877
O            4.11725843777165        2.31402469372334       -1.84666374095317
H            4.28268377053628       -0.01559538310809       -4.12372262500712
H            4.33760356006633        1.68289157592838       -4.62835724793831
H            2.91447044910164        1.06535621927283       -3.79124283184590
N            8.33212759561031        2.17931351091385       -1.05544335332559
C            9.75269146618874        2.38818488630848       -1.23525334969215
H            9.98987349307244        3.43936339082802       -1.09355373080860
H           10.06975209415960        2.07129785673763       -2.23308097641797
H           10.29312803223363        1.78456766810496       -0.50491802601121
76
 energy: -110.251922412240 gnorm: 0.007998907980 xtb: 6.7.1pre (5071a88)
N            0.20320404452031        0.16881575327441       -0.26124507771745
C            1.57553486521984        0.01321654624135       -0.14841318988564
C            2.29629642387971        0.64364812082135        0.86680075447325
C            3.66273940292602        0.49302546780547        0.94998017907665
C            4.34988539526711       -0.31237792789510        0.05055669739651
C            3.61994939927817       -1.00233451227290       -0.90878631373518
C            2.25211079515428       -0.84793438404303       -1.01071759931814
C            5.84863641456470       -0.30289589992188        0.01948068608673
C            6.29736828476499        0.88618041088119       -0.85532185375037
C           -0.47370493485220        1.36873771096635       -0.08274532844798
C            0.08182972406970        2.57902444929535       -0.04814697256376
C           -0.69133060398453        3.84611887416510        0.21536798443855
C            0.20358089630736        5.09038626526732        0.09937290267937
C            0.51552987609853        5.45460872816440       -1.35107806515070
C            1.32916956507240        6.74072508737287       -1.43427401221327
O           -0.18228802610785       -0.04620762326467       -3.30992063259747
N           -1.89287770297391        3.57981928479754        3.71627189036275
C           -3.08493471306222        3.80603087888162        3.08794618099701
C           -2.81071651245185        3.95775923727446        1.70783607277460
C           -1.39984430319979        3.78844839863449        1.53915727541898
C           -4.37245466324658        3.89736984465541        3.59628101952570
C           -3.86408259209635        4.22033857683850        0.83395934477970
C           -0.87822991222847        3.55503223681175        2.78259036679726
C           -5.39440081332105        4.14751123612455        2.70476935076672
C           -5.14052763083696        4.31083028468589        1.34137197316384
C            0.52039300930512        3.30057405895861        3.21946033145894
O           -1.11403870790335        2.75132680133949       -3.12604806360315
H           -0.23987041794607       -0.47715452670346       -0.90045420059946
H           -0.68023018201185        0.01003671171521       -4.12995686531250
H            1.77361273208085        1.25760560325692        1.58144766311179
H            4.21040120649156        1.01906424884761        1.71979153165851
H            4.13116839141050       -1.66033999195438       -1.59823204397452
H            1.69892540262703       -1.36040798147222       -1.78417695555424
H            6.25099705664005       -1.22218666615233       -0.40906640650514
H            6.26725943328328       -0.17588630442965        1.01875537604749
H            5.90590098636479        1.81862857321047       -0.43507984606173
H            6.02843233290625       -0.02525164001343       -2.71981781095390
H            7.71679240426041        2.97135021202663       -1.10451121820690
H           -1.54461335724314        1.24032235453815        0.02742766948471
H            1.14823316840965        2.67146236499385       -0.20466675478358
H           -1.48606852030845        3.94427361031059       -0.53451226878062
H           -0.30400190086884        5.93373860962886        0.57089839694816
H            1.14209930426558        4.92310638653414        0.63144558513151
H            1.07317194341950        4.64634247276704       -1.83046117894736
H           -0.42233912924736        5.59629540045845       -1.89618274548406
H            1.50450737841447        7.01854685847572       -2.47131110029585
H            0.79856672628778        7.55343553371396       -0.94265923532215
H            2.29258220810143        6.61293132198306       -0.94583469482661
H           -1.77372929841163        3.37597729647887        4.69400542189535
H           -0.72693475489579        7.64546265848872        3.07772159345809
H           -4.56675370416405        3.77396790845408        4.65196565668698
H           -3.68653467967959        4.35508045346342       -0.22279858062525
H           -6.41013414833785        4.21965605568430        3.06422627337023
H           -5.96669188066280        4.51247500852541        0.67507512264606
H            1.19812634262334        3.42410833385737        2.38202319894045
H            0.81252349609222        3.99122443206503        4.01177178907859
H            0.62130097986280        2.28507507920158        3.60545270693675
H           -0.60995296421848        3.06104924349579       -2.36108940816915
H           -1.86423247898163        3.34613818630564       -3.20681680222067
O           -1.13436732024392        7.08246312518645        2.41528474257645
H           -0.14316363431898        0.85854690003417       -2.97786059161937
H           -1.29313163910186        6.22298767649111        2.81335087630519
N            5.73376991600616        0.78104356864564       -2.18744813840263
C            7.82177356121698        0.93037628517269       -0.98168319537392
O            8.51049643816880       -0.06725876673216       -1.02217763308927
C            3.99706922203232        1.00066580793293       -3.85122323911703
C            4.58999760355309        1.42814235973550       -2.52724542928628
O            4.12515528402134        2.32415554800819       -1.85296117390299
H            4.28262878732616       -0.01261144498968       -4.11734363440276
H            4.33703075861757        1.68314979477795       -4.62844749117980
H            2.91447859762809        1.06842374911898       -3.78830487850270
N            8.33191290871229        2.17602363540188       -1.05811096477524
C            9.75165081298681        2.38854414750954       -1.23854737156999
H            9.98633560775234        3.43856792487179       -1.08928491153087
H           10.06813747160892        2.08107895689410       -2.23860235415195
H           10.29491456730416        1.78179501833057       -0.51328038194553
76
 energy: -110.253037562507 gnorm: 0.023845844507 xtb: 6.7.1pre (5071a88)
N            0.20348104384770        0.17918939528459       -0.27202685018322
C            1.57393411310973        0.01564135146694       -0.15486476131974
C            2.29455763634038        0.63983578486037        0.86409116195862
C            3.66054318690666        0.48415715406694        0.95046998371476
C            4.34833096885626       -0.31971529915718        0.04936443868435
C            3.61711573085616       -1.00851687855638       -0.91013028243330
C            2.24920445222133       -0.85058762717050       -1.01311365864213
C            5.84705598637722       -0.30933423696989        0.01842730972550
C            6.29747055366336        0.88203889809441       -0.85343556043751
C           -0.46405275772042        1.38383899914608       -0.09778573224797
C            0.08759983561905        2.59564813712965       -0.05912682555318
C           -0.69814710112499        3.85443689505405        0.21067966927259
C            0.18964585332949        5.10329752249615        0.09951271296497
C            0.51896101374479        5.45676929642895       -1.34792850603652
C            1.33754108581727        6.73749707620249       -1.43366190718662
O           -0.18641778363182       -0.02103601929195       -3.29311657610865
N           -1.88936989301925        3.57676220165040        3.71689585255576
C           -3.08290918625067        3.80319782240403        3.09245806632903
C           -2.81230107740460        3.95493934441590        1.71186462233698
C           -1.40123920074400        3.78782158391632        1.53869115575502
C           -4.36939215000647        3.89890930165360        3.60487717308446
C           -3.86785967133018        4.21566360686427        0.83936472734284
C           -0.87592798533930        3.55382240115581        2.78036047938208
C           -5.39258632133419        4.15159813929431        2.71565845773444
C           -5.14254413684627        4.31010897811559        1.35063953914509
C            0.52137521957945        3.30021757914964        3.22177603676011
O           -1.03143119941410        2.71559979931432       -3.10040945731894
H           -0.23975278190284       -0.46493215655730       -0.91699934422039
H           -0.68262699069389       -0.07216781538971       -4.12338229253375
H            1.77098199138210        1.25370006070338        1.57864798764574
H            4.20840936104779        1.00378254293834        1.72405422482405
H            4.12798622884215       -1.66843155667145       -1.59812031792225
H            1.69632690299634       -1.36441145067602       -1.78591529544853
H            6.25147678505698       -1.22742816076572       -0.41078562295666
H            6.26435732233874       -0.18261263763870        1.01844714065431
H            5.91268305670606        1.81450254502000       -0.42705967606025
H            6.01466046617209       -0.01806847568399       -2.71346075695116
H            7.70980577256481        2.95938077922125       -1.11308026022120
H           -1.53769654631634        1.26503003956513       -0.00562060469143
H            1.15178677313392        2.70661514843337       -0.19119933346032
H           -1.50471291544672        3.95006844581626       -0.53086655237083
H           -0.32312578972152        5.94588118757435        0.56113666921793
H            1.11952811597757        4.94037048562480        0.64363857791430
H            1.08035494452492        4.64329616939144       -1.81494118035521
H           -0.41179870954199        5.59522647199999       -1.90423747664283
H            1.52134091838879        7.00673425542346       -2.47083711574581
H            0.80813467739903        7.55592001461984       -0.95058721335536
H            2.29633645833036        6.60857912101975       -0.93940369971691
H           -1.76998752291417        3.37140471715214        4.69425189004069
H           -0.73901542902654        7.61696342949342        3.14420814568848
H           -4.56028264643966        3.77673999889023        4.66134975496250
H           -3.69139765990331        4.34444585544668       -0.21846583713651
H           -6.40709082094613        4.22926758911265        3.07799333297110
H           -5.97142739730522        4.51139487236886        0.68782906419184
H            1.20438120960405        3.41970072137750        2.38751806337403
H            0.80855552915965        3.99356576323418        4.01374059353903
H            0.61983175132649        2.28564202055899        3.61292777176910
H           -0.57504204638871        3.04635392033243       -2.32228700090649
H           -1.81001282199047        3.27261635118713       -3.22479828784303
O           -1.13009201077381        7.12060057220669        2.41482421214757
H           -0.23241261033582        0.91866846024925       -3.03773899667403
H           -1.34018991107961        6.23152608776219        2.74329406464749
N            5.73228340545537        0.78585145722310       -2.18438153166808
C            7.82276775149973        0.92231198681260       -0.98516295150176
O            8.50917710884273       -0.07765780127127       -1.02916187482715
C            3.99688771967492        1.00738356784583       -3.84560914392672
C            4.59480190758013        1.44345518047109       -2.52840442111115
O            4.14374739896978        2.35063289089436       -1.86484190373742
H            4.28159456937756       -0.00744026296802       -4.10382799873631
H            4.33464518328600        1.68307595783676       -4.62909581037481
H            2.91472016488211        1.07507563011855       -3.77936517244813
N            8.33128657046741        2.16878595482706       -1.06438803352400
C            9.74895857626477        2.39012717839555       -1.24724785353332
H            9.97856357157596        3.43789069029822       -1.07862991178847
H           10.06351610651021        2.10493841796239       -2.25363943803646
H           10.29813809528275        1.77384257119872       -0.53484985242510
76
 energy: -110.253891534287 gnorm: 0.019925815723 xtb: 6.7.1pre (5071a88)
N            0.20387017674763        0.18888251793406       -0.28234150924421
C            1.57308173374342        0.01905476732248       -0.16065141242939
C            2.29345772879598        0.63884553690095        0.86121856704940
C            3.65885220378728        0.47917225336445        0.95034934565730
C            4.34689934678986       -0.32392891805558        0.04841110667559
C            3.61503993515571       -1.01163607514944       -0.91148615509105
C            2.24755607289250       -0.85062735424194       -1.01598055467077
C            5.84568437579148       -0.31422955862758        0.01868034707169
C            6.29771966930882        0.87849313967480       -0.85082832075051
C           -0.45736730863213        1.39585043586046       -0.11085595271930
C            0.09272152165074        2.60820146820558       -0.06076828282507
C           -0.70315133931552        3.86146283615459        0.20977265749346
C            0.17763560228655        5.11492140292994        0.09935298239161
C            0.52172572386375        5.45785898069644       -1.34712002334394
C            1.34436883162604        6.73562323322586       -1.43404436287331
O           -0.22007513272351       -0.02458916792973       -3.29438419530096
N           -1.88714090525764        3.57535928405124        3.71855826104025
C           -3.08188660189847        3.80189715402938        3.09700574266973
C           -2.81430590526287        3.95413163308715        1.71599371726541
C           -1.40298174038308        3.78924988353661        1.53996898446509
C           -4.36721583541765        3.90031516527538        3.61245916270702
C           -3.87184809634132        4.21279599968947        0.84487143940311
C           -0.87494371324428        3.55427485528179        2.78021341957516
C           -5.39166981977350        4.15442435746386        2.72532900829533
C           -5.14501010581393        4.30946133613361        1.35912708775854
C            0.52164976330300        3.30111570197522        3.22377468588176
O           -0.95966833565713        2.68639083716686       -3.08247437205705
H           -0.23696430350256       -0.44928422556185       -0.93557791564047
H           -0.68557477923910       -0.10056524808550       -4.13550820966294
H            1.76950746264646        1.25258211437774        1.57574795469005
H            4.20670288830347        0.99423842171782        1.72698123172445
H            4.12537640533403       -1.67361461807758       -1.59796114412983
H            1.69489873714975       -1.36438453537700       -1.78887496570974
H            6.25081230226883       -1.23165620690807       -0.41128612754478
H            6.26199637115123       -0.18847382615035        1.01928492695828
H            5.91735708557807        1.81096911421855       -0.42040660710464
H            6.00303399811509       -0.01983460970469       -2.70880502403319
H            7.70397612192171        2.95008635584677       -1.12096409675891
H           -1.53335861891376        1.28350124239466       -0.03331582007302
H            1.15714629795548        2.73018941878771       -0.17584736753320
H           -1.51319969603582        3.95363690120848       -0.52935048218064
H           -0.34336463766631        5.95917421133408        0.54828933957949
H            1.10115756997138        4.95936275867266        0.65640790762978
H            1.08655323981040        4.63985022639648       -1.80256047050866
H           -0.40320267691210        5.59334238637320       -1.91402726369380
H            1.53593648054508        6.99822696781901       -2.47157182121960
H            0.81480054841576        7.55877834324185       -0.95899186740161
H            2.29946474075649        6.60627874135950       -0.93288271864835
H           -1.76707785444370        3.36851235954714        4.69546856963237
H           -0.75642544270908        7.60461866216213        3.15839338626477
H           -4.55531306611119        3.77919859675917        4.66949690480062
H           -3.69704886787433        4.33800299979445       -0.21369592670789
H           -6.40505534093879        4.23588079519391        3.09003100707925
H           -5.97594292951982        4.51004397038579        0.69871948745635
H            1.20749697419440        3.41756210605920        2.39141124477635
H            0.80660547427995        3.99662449723783        4.01459846694707
H            0.61848394268265        2.28749051677166        3.61820638564579
H           -0.52882381885105        3.03223399182662       -2.29633832279350
H           -1.75943511154548        3.20976071287304       -3.22436983200321
O           -1.14827999920478        7.13296739349967        2.41719717783420
H           -0.28162047392757        0.92153692290085       -3.07289477957984
H           -1.35847356215681        6.23854047567387        2.72261707710296
N            5.73078847161833        0.78749700202610       -2.18077666510280
C            7.82340872177845        0.91639605651288       -0.98663512407449
O            8.50839334350276       -0.08440012540891       -1.03101685395757
C            3.99567513941638        1.01343839868402       -3.83996374533494
C            4.59983396191521        1.45656911033486       -2.52801045621252
O            4.16134931030107        2.37485886562589       -1.87131916396933
H            4.27825432300806       -0.00325756808024       -4.09332373499485
H            4.33033887113460        1.68392443117716       -4.62927470485750
H            2.91380511793703        1.08225520854746       -3.76901826251121
N            8.33030283442240        2.16332760600823       -1.06926399037997
C            9.74612480276891        2.39195510743353       -1.25543067133005
H            9.97268086021546        3.43780284866510       -1.06871143043128
H           10.05796617635025        2.12637404399496       -2.26837540263633
H           10.29993475807781        1.76510937395894       -0.55565147348219
76
 energy: -110.255167648172 gnorm: 0.010313587669 xtb: 6.7.1pre (5071a88)
N            0.20497814789614        0.20522158963479       -0.30103316370875
C            1.57268973327632        0.02653395683530       -0.17086009201638
C            2.29219113676973        0.64044030749636        0.85547833816065
C            3.65643782632589        0.47472587752416        0.94920449135380
C            4.34461809536908       -0.32844044532810        0.04730891133756
C            3.61251636971759       -1.01401201295736       -0.91394242199945
C            2.24629562351969       -0.84731595785757       -1.02250919528128
C            5.84358583471836       -0.32146989203713        0.02061467327756
C            6.29819346890178        0.87233452392850       -0.84584469159625
C           -0.44927681119078        1.41373217623085       -0.13134123979280
C            0.10028850281086        2.62585237005002       -0.05302849918621
C           -0.70988823153517        3.87232497667481        0.21243676326399
C            0.15835102886900        5.13412401321492        0.09907625257627
C            0.52715949832956        5.45846885853059       -1.34690823355881
C            1.35477099904892        6.73373859494521       -1.43550340894945
O           -0.27587060975013       -0.05555164093963       -3.29843236949876
N           -1.88471149802897        3.57554292153710        3.72278241266633
C           -3.08126082886093        3.80194203476967        3.10513123169163
C           -2.81813723889440        3.95565156828254        1.72351461739225
C           -1.40650415462476        3.79445307872446        1.54399197312862
C           -4.36451726752844        3.90277670598321        3.62490283816464
C           -3.87886398917101        4.21094685422849        0.85508784619272
C           -0.87481486435169        3.55757987965824        2.78222513600743
C           -5.39137616313443        4.15772747873402        2.74123068285398
C           -5.14988110537227        4.30881049871126        1.37357782871566
C            0.52156859350488        3.30491792591494        3.22656545224380
O           -0.84773003987993        2.66811897141582       -3.08022103030158
H           -0.23007977470942       -0.41960329065643       -0.97016219442143
H           -0.68202481665768       -0.16477584797486       -4.16148472907026
H            1.76809097035260        1.25364742546592        1.57025213348518
H            4.20385397552885        0.98480141861773        1.72963169703275
H            4.12178492976873       -1.67943548730239       -1.59790177257024
H            1.69365947710268       -1.36050705121423       -1.79573899444148
H            6.24833563651358       -1.23848394975628       -0.41050858404046
H            6.25830243359770       -0.19816637431176        1.02214081865253
H            5.92213458846007        1.80478718194760       -0.41162540096256
H            5.98356542533068       -0.03299986543468       -2.70054015958368
H            7.69466244100796        2.93688110847905       -1.13705651193986
H           -1.52826736758056        1.30854234056637       -0.07584838058648
H            1.16728681547514        2.75727101803409       -0.14271647582348
H           -1.51794413135668        3.95553778166555       -0.52843153085046
H           -0.38188633527365        5.98170928014813        0.52296956089205
H            1.07266848839797        4.99754976011332        0.67939584684189
H            1.09806739700129        4.63412082544896       -1.78321057675305
H           -0.38847688127759        5.58828077949984       -1.93136988698160
H            1.55961682007417        6.98612947061873       -2.47354606922776
H            0.82265445629130        7.56369933560135       -0.97467824101874
H            2.30390481869486        6.60543978621776       -0.92111315015915
H           -1.76277284251128        3.36621326889329        4.69889383674329
H           -0.78910740842326        7.58574586133298        3.17425846812959
H           -4.54849421595356        3.78315504832381        4.68274150335281
H           -3.70762169262244        4.33316113078080       -0.20433427596168
H           -6.40303172333303        4.24321333495198        3.10949141179137
H           -5.98358311790613        4.50768659367194        0.71609818840293
H            1.20919997189399        3.41709266829758        2.39544867713072
H            0.80620639678692        4.00343902282081        4.01466616591835
H            0.61663914714708        2.29295888747900        3.62493346618273
H           -0.44293311309730        2.98719306758384       -2.27025262227755
H           -1.67695000698323        3.13778011364665       -3.19272827674938
O           -1.17743200668331        7.14402615035639        2.41966336552092
H           -0.34937248411592        0.89607884498031       -3.12623621587737
H           -1.39246931324220        6.24950564309261        2.69696051797865
N            5.72813853132074        0.78573365241919       -2.17427423165642
C            7.82420018235968        0.90827848688479       -0.98594447731114
O            8.50829855136735       -0.09247875950516       -1.02586241790033
C            3.99190288943385        1.02414385258657       -3.83031058729856
C            4.60967486836536        1.47500544359223       -2.52642762692107
O            4.19300072480399        2.41163684870559       -1.87856392900280
H            4.26920822712750        0.00433351473445       -4.07876408574938
H            4.31986881697691        1.68780264740914       -4.62853142051077
H            2.91061702973556        1.09654277839715       -3.74933944821603
N            8.32774192882612        2.15588031243215       -1.07706794118582
C            9.74045102646466        2.39505571348932       -1.27030537074339
H            9.96496923003233        3.43652053991831       -1.05175234462916
H           10.04566812625731        2.16326594945427       -2.29499223803849
H           10.30126085249033        1.74742852359570       -0.59443059272196
76
 energy: -110.255883000895 gnorm: 0.031560508247 xtb: 6.7.1pre (5071a88)
N            0.20702280292800        0.22520286589873       -0.32546484223883
C            1.57289012479064        0.03658318727881       -0.18421965254737
C            2.29081195082983        0.64347537984187        0.84771092166316
C            3.65369672316002        0.47054594859007        0.94701250532197
C            4.34188213487295       -0.33359384287649        0.04603454585772
C            3.60999428668856       -1.01577228536846       -0.91777261651176
C            2.24553161841879       -0.84125849150386       -1.03244797322445
C            5.84111160335348       -0.33086087951693        0.02333083250068
C            6.29854434071133        0.86389306152399       -0.83970703291381
C           -0.44128973373841        1.43458212155726       -0.15506663647004
C            0.10805252636306        2.64555020549719       -0.03991321276458
C           -0.71643126807597        3.88527498361590        0.21761026945928
C            0.13688852767362        5.15689283804002        0.09880347122391
C            0.53520505236361        5.45908134599758       -1.34591864817774
C            1.36752350190865        6.73218559649864       -1.43636971347462
O           -0.35815838538056       -0.09855227034029       -3.27948683217945
N           -1.88184765152563        3.57783660618583        3.72901336677147
C           -3.08046530035964        3.80407674809773        3.11561891292608
C           -2.82211370599245        3.96032963577304        1.73332738339440
C           -1.41025995098530        3.80317790548806        1.54990591700590
C           -4.36137130000125        3.90603014941998        3.64024904401580
C           -3.88662149269311        4.21219126405640        0.86848978528973
C           -0.87480713937031        3.56356732707202        2.78603146313611
C           -5.39142011335182        4.16109338328833        2.76065665138238
C           -5.15555376312850        4.30938207467927        1.39168259139622
C            0.52197559839411        3.31105766655224        3.22917318870056
O           -0.70324574500463        2.65878307964445       -3.09158622852109
H           -0.22087344468119       -0.38309942238339       -1.01368796212307
H           -0.65940619782026       -0.27406894909044       -4.19341871617253
H            1.76680573833091        1.25572150267099        1.56315618492496
H            4.20029367278560        0.97601980313250        1.73121897797136
H            4.11795783589536       -1.68499038215224       -1.59900230055715
H            1.69272907614019       -1.35255106346820       -1.80684030124753
H            6.24453934809965       -1.24773925601980       -0.40924820769440
H            6.25394013118068       -0.21107618984730        1.02595332876175
H            5.92532063030980        1.79617648364750       -0.40274252246243
H            5.96106902536404       -0.05100791053788       -2.68975483128705
H            7.68346045974870        2.92223537614605       -1.16063047391365
H           -1.52312592383091        1.33558072890098       -0.12708092438853
H            1.17819217040566        2.78212962278167       -0.10063286410223
H           -1.52056106644162        3.95573745107738       -0.52675058206781
H           -0.42681440722669        6.00733662283015        0.49206324103686
H            1.04009933118932        5.04609434086172        0.70598089330960
H            1.11369145086428        4.62806677991070       -1.75921049765013
H           -0.36914941124274        5.58122177116773       -1.95091139256342
H            1.58865036821477        6.97220928762595       -2.47467983015141
H            0.83103123037194        7.56940385691221       -0.99324273886650
H            2.30921259931376        6.60674670746535       -0.90567645262540
H           -1.75710292592427        3.36543098308802        4.70410044730715
H           -0.82359471881792        7.54627258468491        3.23085374617907
H           -4.54084808970475        3.78738829680694        4.69891313301772
H           -3.71997636730815        4.33276167894461       -0.19176256175200
H           -6.40125688907583        4.24907450361505        3.13289205940792
H           -5.99215561054523        4.50581833594258        0.73708449267495
H            1.20960412060177        3.41874519079655        2.39786673707930
H            0.80815756120656        4.01278215873698        4.01371771987601
H            0.61549573194537        2.30093145689879        3.63153067806626
H           -0.34914878542503        2.93219630962171       -2.23138423764906
H           -1.58433334327531        3.04765726355970       -3.16365734569906
O           -1.20648954881126        7.17290658266355        2.42504913852901
H           -0.42637862481267        0.87787138308326       -3.20660172355111
H           -1.45337796722908        6.25887846838671        2.62764156435554
N            5.72521623072913        0.78105624344706       -2.16676552218082
C            7.82483168820207        0.89917035161792       -0.98263903154197
O            8.50941987930822       -0.10083277970990       -1.01255585363236
C            3.98654314374995        1.03908586113708       -3.81877811275333
C            4.62261026449779        1.49399934970510       -2.52414734678476
O            4.23118919575064        2.44898403717068       -1.88409466318298
H            4.25667814695104        0.01644506295079       -4.06520952230870
H            4.30498200817928        1.69742702696957       -4.62550672857112
H            2.90624837337131        1.11634378453901       -3.72363476633526
N            8.32361710994576        2.14770317026560       -1.08684594963612
C            9.73264508448964        2.39776287295188       -1.28917749949660
H            9.95773915216878        3.43196177597944       -1.03084258701907
H           10.02803408579217        2.20825136490315       -2.32777059507772
H           10.30104323421264        1.72302391462519       -0.64483515846628
76
 energy: -110.256195296035 gnorm: 0.032725566420 xtb: 6.7.1pre (5071a88)
N            0.20927153085264        0.23560350465385       -0.34038424488883
C            1.57430258250375        0.04373784536567       -0.19198595401680
C            2.29054333712251        0.64795343716592        0.84277044399943
C            3.65275294226789        0.47188109272285        0.94489121642179
C            4.34070242978080       -0.33442364605406        0.04613930286133
C            3.60998362129718       -1.01398301023395       -0.92027336287606
C            2.24689506317401       -0.83430727260859       -1.04008407905174
C            5.84016837821707       -0.33539052746395        0.02604365100033
C            6.29850599320352        0.85888800428922       -0.83607345609008
C           -0.44134477585523        1.44295824337297       -0.16446720382520
C            0.10870948517427        2.65183037250291       -0.02543154925014
C           -0.71753615811165        3.89112996006989        0.22388838046529
C            0.12883759119689        5.16712789074603        0.09831116029484
C            0.54013268328439        5.45886679899124       -1.34529699854944
C            1.37245960769937        6.73292538874521       -1.43646703348133
O           -0.36326770281385       -0.13983185303848       -3.31703375506345
N           -1.88142938591817        3.58266342347364        3.73389900872547
C           -3.08084262454848        3.80882453210032        3.12168758058269
C           -2.82385352956120        3.96751248366126        1.73914080578503
C           -1.41212982594249        3.81196888914250        1.55467687847920
C           -4.36072446644093        3.90789983511195        3.64796837025161
C           -3.89015297289214        4.21832889915554        0.87667700276139
C           -0.87601220709425        3.57024946609828        2.79040141402166
C           -5.39290721032359        4.16110497763583        2.77026712734781
C           -5.15887367250826        4.31131275854060        1.40141193821601
C            0.52229462464679        3.31729924224092        3.22885972501565
O           -0.64813248831476        2.66103308715628       -3.11649911719206
H           -0.21438150051508       -0.36301807770490       -1.03803706688409
H           -0.69847945302350       -0.29613138928994       -4.18554924251078
H            1.76714252871174        1.25933258843800        1.55902153443004
H            4.19833197114858        0.97800135684688        1.72944286736661
H            4.11727554844072       -1.68476950688062       -1.60037475880351
H            1.69358412099707       -1.34334069862582       -1.81576440573733
H            6.24127714549389       -1.25296441430242       -0.40720352850179
H            6.25230307391072       -0.21821474248086        1.02906545398284
H            5.92222713558719        1.79089543724619       -0.40141723131326
H            5.95292044617816       -0.06535663563759       -2.68349401809002
H            7.67826470764116        2.91862691256743       -1.17889410708463
H           -1.52285560862409        1.34163421180185       -0.14976152880822
H            1.18115145891070        2.77889642637977       -0.07666570609766
H           -1.51475764635458        3.95183108224097       -0.52625279969754
H           -0.44750684508075        6.01755224863676        0.47560393287299
H            1.02739037262304        5.07413065700538        0.71634375481200
H            1.12245315752317        4.62636681234399       -1.74773102581211
H           -0.35900502310734        5.57579236923400       -1.95889874966130
H            1.60178235239899        6.96718794406206       -2.47438804755548
H            0.83148331325868        7.57201386154532       -1.00289729610842
H            2.31034271148221        6.61167564789724       -0.89696697078777
H           -1.75413683765953        3.36884460700490        4.70839141380516
H           -0.84367881887168        7.52793271866607        3.24851365778374
H           -4.53880112865066        3.78856874559114        4.70679447472806
H           -3.72656349527983        4.34159513839186       -0.18362391791943
H           -6.40225161221624        4.24615948001752        3.14393716760627
H           -5.99604980224142        4.50572442127726        0.74690948193649
H            1.20582018053671        3.42422627524201        2.39443391751180
H            0.81300087458381        4.01972643778400        4.01107566234699
H            0.61644026520205        2.30785550156808        3.63147702498331
H           -0.29438259596254        2.87701417621492       -2.23028047410406
H           -1.53523056694341        3.03470816125565       -3.13881524124480
O           -1.22802075000325        7.17795480191837        2.42957624086043
H           -0.42131212422220        0.81067485752569       -3.20726918511382
H           -1.48658310892727        6.25923060017255        2.60223556556856
N            5.72433696353366        0.77408110883977       -2.16327605791400
C            7.82456726247255        0.89714602961729       -0.97646707604550
O            8.51235964832506       -0.10075753450286       -0.99326341703782
C            3.98282910903509        1.04907295586851       -3.81332745772540
C            4.63071625836491        1.49722846112937       -2.52187024307894
O            4.24936198911225        2.45526844361889       -1.88046659947427
H            4.24762389641506        0.02621189230813       -4.06522072510346
H            4.29457931999813        1.70946335798362       -4.62067620696234
H            2.90350342224788        1.13037208439896       -3.70800879849156
N            8.31966853346981        2.14625496083153       -1.09225690662158
C            9.72706389897371        2.39830065767192       -1.30023710738157
H            9.95777179073263        3.42582944717065       -1.02199773260834
H           10.01459773700661        2.23000924052189       -2.34454505365185
H           10.29747287326261        1.70799705704996       -0.67496071860159
76
 energy: -110.256270265202 gnorm: 0.045181957564 xtb: 6.7.1pre (5071a88)
N            0.21154185530569        0.24215751525857       -0.35016176174056
C            1.57567413624227        0.04902573582269       -0.19690809294542
C            2.29049521194279        0.65147738931592        0.83969741891542
C            3.65247334242574        0.47361038127105        0.94333562834587
C            4.34008896094890       -0.33477908529572        0.04662979979272
C            3.61045192999821       -1.01209526011234       -0.92210740956547
C            2.24830781243046       -0.82848523025725       -1.04578666646138
C            5.83969721412281       -0.33850447292856        0.02777932278247
C            6.29807084709221        0.85512305552005       -0.83436015661383
C           -0.44377740398155        1.44728705099534       -0.16758204313679
C            0.10599448750931        2.65406352271601       -0.01781932749845
C           -0.71687077014599        3.89467371632837        0.22812376581780
C            0.12776733470563        5.17139716209832        0.09834157120823
C            0.54330094499668        5.45926548985606       -1.34362393171886
C            1.37445053738093        6.73432050384048       -1.43522515568893
O           -0.37051970667676       -0.15247316169518       -3.30200968347288
N           -1.88117495789982        3.58760966684759        3.73756673282814
C           -3.08088769093157        3.81421283927568        3.12568325350245
C           -2.82402378883645        3.97507530083102        1.74304598568421
C           -1.41254012967549        3.81978069127222        1.55804713301212
C           -4.36053915068119        3.90927804911035        3.65248592334928
C           -3.89119455399810        4.22620142304842        0.88211912012108
C           -0.87666055281763        3.57625424476438        2.79397418444473
C           -5.39416511518844        4.16059642524225        2.77561881103050
C           -5.16037983325920        4.31443111032429        1.40732794516297
C            0.52323068364430        3.32267812810488        3.22739758174632
O           -0.67937647631278        2.61397770314060       -3.10302033808604
H           -0.21084402577389       -0.35320597253227       -1.04977271409073
H           -0.69954790801925       -0.35540286513846       -4.17303807497695
H            1.76776305551864        1.26239486929824        1.55660484308406
H            4.19727003386147        0.98107338933208        1.72750322423649
H            4.11743558301576       -1.68365049906151       -1.60162823134386
H            1.69458946698691       -1.33513605929245       -1.82285575814105
H            6.23881466760262       -1.25686841895430       -0.40567469720986
H            6.25197775494079       -0.22267567926195        1.03073892781211
H            5.91786100429149        1.78697417202899       -0.40267014953380
H            5.95252452260033       -0.07174271734240       -2.68061852485432
H            7.67552276441650        2.91873129586556       -1.19408476779480
H           -1.52375376727903        1.34121517757358       -0.16000277496575
H            1.17930043354768        2.76967994629460       -0.06746765752327
H           -1.51078699257805        3.94975596175988       -0.52517365441455
H           -0.45161135905334        6.02001174760516        0.47012666449371
H            1.02395038233358        5.08618197496368        0.71752641032927
H            1.12761822103978        4.62689970475939       -1.74087931906463
H           -0.35332254289651        5.57258702318945       -1.96019250044549
H            1.60810381731639        6.96555833744502       -2.47242061624130
H            0.83030537469612        7.57341419428043       -1.00692663522051
H            2.31001913814160        6.61682539818547       -0.89142481759436
H           -1.75178907349123        3.37338108774572        4.71171544762796
H           -0.86702232909321        7.54389894509503        3.19060990739623
H           -4.53841280615545        3.78825449264531        4.71118109392991
H           -3.72933432024695        4.35272379921486       -0.17803864095256
H           -6.40364502185565        4.24102203233019        3.14974697248817
H           -5.99737377599226        4.50751681548344        0.75225683572447
H            1.20225969098135        3.43036762719599        2.38943992334179
H            0.81802337293541        4.02467890125757        4.00854615855855
H            0.61877924125734        2.31318063540646        3.62910006392896
H           -0.23388636980565        2.83553197380655       -2.27638227768499
H           -1.49580756719492        3.07106917632765       -3.12014791912179
O           -1.25919837655281        7.14602276383818        2.43137804463171
H           -0.41134439451408        0.81639014156972       -3.23305440508772
H           -1.48248732742483        6.25754707999824        2.65540613213566
N            5.72406167909452        0.76781167805469       -2.16231525768701
C            7.82373479292884        0.89727735505146       -0.97128701249368
O            8.51559176431733       -0.09832238608854       -0.97553275017756
C            3.98081022324708        1.05576265835925       -3.81109506175952
C            4.63449650577008        1.49379556363579       -2.51955039335701
O            4.25526226473956        2.44831594064349       -1.87380191157464
H            4.24139522617160        0.03382391279654       -4.07083938098284
H            4.28908855794570        1.72087639554715       -4.61530679601038
H            2.90251879512952        1.14035157590801       -3.69928782495263
N            8.31584959593984        2.14674867963733       -1.09714773751594
C            9.72279395543734        2.39696524303382       -1.30823536555710
H            9.95999797985356        3.41875088205025       -1.02126772234991
H           10.00456040528906        2.23836272682477       -2.35340483859836
H           10.29245251822965        1.69911342694278       -0.69392407125131
76
 energy: -110.257607988536 gnorm: 0.015589193912 xtb: 6.7.1pre (5071a88)
N            0.21236228358782        0.24853598087882       -0.35777492641833
C            1.57519997843482        0.05188270963548       -0.20144575983303
C            2.28958006013848        0.65063265009243        0.83756670341725
C            3.65128645912876        0.46976738965484        0.94329468062408
C            4.33911604077282       -0.33831791728909        0.04624064288434
C            3.60924878058943       -1.01398773256725       -0.92363236511711
C            2.24746510330580       -0.82765286868661       -1.04874803224380
C            5.83865926976856       -0.34276603175223        0.02811055320002
C            6.29800033555397        0.85164555544431       -0.83274590830336
C           -0.44048170693929        1.45491048984439       -0.17591372409507
C            0.10728482849105        2.66198738757755       -0.02320069416241
C           -0.71982213212376        3.89952714699020        0.22645487661057
C            0.12256224824438        5.17763091751573        0.09907087876709
C            0.54605921065219        5.45977009494050       -1.34176113989879
C            1.37786430918410        6.73346676351163       -1.43435850472986
O           -0.39911166985287       -0.15746843549197       -3.28683645209209
N           -1.87916573984503        3.58900211164114        3.73890754317343
C           -3.07974709853711        3.81550364431615        3.12896109581954
C           -2.82472119770365        3.97688433842766        1.74607656323494
C           -1.41326229494962        3.82191339772492        1.55866090665986
C           -4.35910401167925        3.91058723228659        3.65757831857040
C           -3.89297850732608        4.22793488870849        0.88608212540816
C           -0.87545608313530        3.57832107621167        2.79373944517127
C           -5.39358379602345        4.16228107642550        2.78179324013971
C           -5.16148509034235        4.31608775666796        1.41304682316071
C            0.52433877384449        3.32534840394562        3.22753768091859
O           -0.62718251232587        2.61308127929379       -3.11421226169785
H           -0.20958621139549       -0.34625454082871       -1.05994693900260
H           -0.69505749574500       -0.38459328393397       -4.17742565973361
H            1.76651896459761        1.26137814411910        1.55464050304492
H            4.19603643814005        0.97401339534990        1.72954192069037
H            4.11625605022154       -1.68608845088863       -1.60267372571222
H            1.69447263163759       -1.33237929258623       -1.82746949680717
H            6.23819251871618       -1.26080638727528       -0.40562057993306
H            6.25050286629713       -0.22716513729063        1.03135466372528
H            5.92007711523675        1.78351591148488       -0.39863658671620
H            5.94720432387303       -0.06991192680247       -2.67816778382815
H            7.67125269048416        2.91285736678413       -1.20278760594801
H           -1.52131066879407        1.35155363246569       -0.17596198267791
H            1.18057099432565        2.78442766104543       -0.05915459179639
H           -1.51913914967364        3.95427170679441       -0.52309797370948
H           -0.45896935689598        6.02603096292589        0.46601381113614
H            1.01435494939046        5.09274786852534        0.72381488268752
H            1.13344980033520        4.62511260394739       -1.73212638765731
H           -0.34671912269761        5.57046062810626       -1.96474881650480
H            1.61669923276501        6.96017633799325       -2.47148636001188
H            0.83262939389893        7.57505953112103       -1.01158640971653
H            2.31062007981606        6.61702869070630       -0.88629025734819
H           -1.74913508470876        3.37454002405395        4.71289233999909
H           -0.86962249517578        7.51630773643264        3.23600248017150
H           -4.53548564381802        3.78874440504863        4.71644576703525
H           -3.73152388832687        4.35409163342322       -0.17426508217843
H           -6.40275982188561        4.24277155381377        3.15717623653331
H           -5.99969761656522        4.50925174558639        0.75960819968649
H            1.20426371033959        3.43153073407341        2.38985367889499
H            0.81807977823202        4.02839070953204        4.00819919316685
H            0.61978982266453        2.31612155340780        3.63105780917995
H           -0.19009744193275        2.82028666510771       -2.28271805091123
H           -1.49151296683376        3.01838589663895       -3.08929667560062
O           -1.26936873496773        7.17112350315924        2.43477180774726
H           -0.43156192420812        0.82198538907907       -3.25580353964812
H           -1.51511503526984        6.25679598893488        2.60295918683763
N            5.72307332612230        0.76785087982195       -2.16032854874004
C            7.82385532169261        0.89354138921771       -0.97080866896282
O            8.51627560090838       -0.10188236210358       -0.97132368240569
C            3.98044002946606        1.06151469415508       -3.80750807366166
C            4.63602080020123        1.49962934534534       -2.51745746989409
O            4.26419221279469        2.46038829360545       -1.87521522538596
H            4.23916103994559        0.03944654175706       -4.06771914363489
H            4.28827534417057        1.72605744291699       -4.61243415019979
H            2.90257918371919        1.14683998108285       -3.69350082822896
N            8.31416923856554        2.14329177663312       -1.10201026459952
C            9.72037807523684        2.39648030767581       -1.31504189991588
H            9.95714493038346        3.41595326956916       -1.01488170773398
H            9.99942273210252        2.25197856342707       -2.36441024532126
H           10.29177762169140        1.69063761089809       -0.70992037557453
76
 energy: -110.257688751074 gnorm: 0.027163607217 xtb: 6.7.1pre (5071a88)
N            0.21498318801438        0.26117240033740       -0.37565597037976
C            1.57589474735017        0.05923794231714       -0.21123991814444
C            2.28849038958175        0.65260695312860        0.83207321773156
C            3.64942240385820        0.46673357271501        0.94181299242672
C            4.33736674627410       -0.34230653570856        0.04587205004211
C            3.60838360681577       -1.01393825204104       -0.92758874358272
C            2.24800926655395       -0.82142526723624       -1.05779395416125
C            5.83696935839465       -0.35002903643644        0.03026345968170
C            6.29782664231923        0.84504758713210       -0.82842856512570
C           -0.43862603532043        1.46674846294814       -0.18936994779824
C            0.10761740834006        2.67270614585530       -0.01816952302684
C           -0.72298094386029        3.90771367233788        0.22934661460433
C            0.11412612781034        5.18902239119920        0.09983418626127
C            0.55287229070813        5.45994742019966       -1.33886157779937
C            1.38388766965963        6.73390599898752       -1.43298096094625
O           -0.43959553489788       -0.19290119280711       -3.28480446561418
N           -1.87661222451113        3.59460392144853        3.74363422961015
C           -3.07853689403042        3.82096339821470        3.13623543855008
C           -2.82614467000472        3.98462465121272        1.75298340737691
C           -1.41492833634822        3.83042621213660        1.56261501761387
C           -4.35705149038965        3.91286080782176        3.66746471441006
C           -3.89650755325769        4.23573026761405        0.89560524970540
C           -0.87484688827740        3.58555571138169        2.79663596737922
C           -5.39380921813162        4.16342985338123        2.79395267284961
C           -5.16432899794216        4.32016500828034        1.42512686306921
C            0.52623703622567        3.33318034188020        3.22678069354774
O           -0.54225324794730        2.61623299437336       -3.14772147322315
H           -0.20454389142939       -0.32873102030822       -1.08383819992221
H           -0.69915549528589       -0.42835383765584       -4.18363929300447
H            1.76555279859490        1.26268161296874        1.54979708755592
H            4.19324471506218        0.96823183647071        1.73044117315766
H            4.11509590970613       -1.68728607212036       -1.60559250476414
H            1.69553426920588       -1.32227672554540       -1.83946079791047
H            6.23517607575027       -1.26825987796943       -0.40426229042582
H            6.24800831455618       -0.23668619691305        1.03403232247129
H            5.91954117852673        1.77658367134435       -0.39362410441937
H            5.93787075886348       -0.07683612732044       -2.67232780521468
H            7.66358850852693        2.90534718555318       -1.22643940903954
H           -1.51942780923407        1.36304627471295       -0.20405920948618
H            1.18170285063672        2.79416819221120       -0.03760399504222
H           -1.52219891859969        3.95645992498852       -0.52086163630137
H           -0.47735455766987        6.03725148619820        0.45229618586639
H            0.99900015507223        5.11528952746367        0.73632490265816
H            1.14606415161856        4.62309597578488       -1.71600257119985
H           -0.33301374160456        5.56334531856941       -1.97299682047801
H            1.63306504814691        6.95251595115955       -2.46956563905056
H            0.83338113657665        7.57836606576402       -1.02237983836359
H            2.31127859622091        6.62277770158593       -0.87447532847725
H           -1.74400160294751        3.37962482289633        4.71716922098041
H           -0.89979194548107        7.49535876255115        3.24437344127063
H           -4.53126589369026        3.78905457218714        4.72647883525060
H           -3.73733182615400        4.36487913424737       -0.16473538835874
H           -6.40252337411519        4.24061218458048        3.17133690703808
H           -6.00393987658309        4.51254485456512        0.77327606402198
H            1.20350734369882        3.43811206722841        2.38677326839375
H            0.82251288982646        4.03740030155173        4.00546906869333
H            0.62287173684600        2.32456795375173        3.63161673112194
H           -0.12021467484888        2.76726357127660       -2.28351583293984
H           -1.45541021350966        2.95967600840914       -3.05033543632151
O           -1.30092274160853        7.17086819826225        2.43620684107606
H           -0.44665959679485        0.78232372772404       -3.27118455977060
H           -1.55488081971263        6.25629968001229        2.58351016745018
N            5.72202479858406        0.76381973555145       -2.15621438210197
C            7.82364034617116        0.88924752675594       -0.96477390382997
O            8.51960856168491       -0.10396613825030       -0.95006950374628
C            3.97794472131352        1.07564826640800       -3.80044420828803
C            4.64304247889222        1.50716972761267       -2.51317837889919
O            4.28267777573378        2.47263297718401       -1.87109081235155
H            4.23190750479970        0.05405381383805       -4.06693839335818
H            4.28118253457917        1.74307467325784       -4.60463832889761
H            2.90108457535333        1.16372598189215       -3.67840944876715
N            8.30927916718101        2.13947253078084       -1.11172453118275
C            9.71391511000709        2.39575976324866       -1.32999566304834
H            9.95545989019328        3.40746875443385       -1.00427975972514
H            9.98478400374690        2.27876207935629       -2.38614283820502
H           10.28722422659520        1.67179817107581       -0.74692307917140
76
 energy: -110.258140350026 gnorm: 0.025784536302 xtb: 6.7.1pre (5071a88)
N            0.21716918814365        0.27048909266782       -0.38914265145626
C            1.57626763569899        0.06461395153350       -0.21831106618467
C            2.28747080915694        0.65400233105807        0.82816507948738
C            3.64781028313346        0.46437744307829        0.94093107268275
C            4.33586442954516       -0.34530077725476        0.04583070588571
C            3.60772126439321       -1.01359687314559       -0.93068149334814
C            2.24852056646467       -0.81651140388598       -1.06467066393358
C            5.83547531607131       -0.35562659412779        0.03208459825107
C            6.29751237689196        0.83996118251739       -0.82492788257565
C           -0.43827532949652        1.47487849389579       -0.19836958421436
C            0.10656240722527        2.67981189145016       -0.01511865022702
C           -0.72517285517747        3.91349840950753        0.23133189411148
C            0.10960145585274        5.19605110642599        0.10045594295806
C            0.55817958539754        5.45985867769883       -1.33643518996331
C            1.38751846014752        6.73475306286605       -1.43176393064472
O           -0.45193851396807       -0.21658300310607       -3.29508255360550
N           -1.87442611980091        3.60015759157339        3.74728756259167
C           -3.07736281073788        3.82626868475124        3.14169414228441
C           -2.82696224674681        3.99129871276263        1.75814985622266
C           -1.41601975766733        3.83710016184304        1.56557441290122
C           -4.35538395218546        3.91475180705723        3.67468510222933
C           -3.89875607423504        4.24318382525106        0.90276765385126
C           -0.87417363513130        3.59185941729524        2.79884091998770
C           -5.39382453388215        4.16429563547304        2.80278920774127
C           -5.16610206800697        4.32447095870938        1.43410737618552
C            0.52811807978550        3.34033944962958        3.22566679943349
O           -0.52674229099906        2.56319518854747       -3.13056814258057
H           -0.20150851766480       -0.31776547159913       -1.09916554773910
H           -0.71336595422715       -0.45048927769926       -4.18019194223798
H            1.76468802443549        1.26385756684040        1.54619551710816
H            4.19085152592678        0.96352293753422        1.73159582176738
H            4.11434818555459       -1.68790308555961       -1.60779873554328
H            1.69657830681349       -1.31427474323836       -1.84871286292701
H            6.23263157468439       -1.27409680419163       -0.40287185259132
H            6.24616240620377       -0.24375714790365        1.03610909893965
H            5.91875873446314        1.77121943510315       -0.38956139496959
H            5.93243457591469       -0.08117969131883       -2.66868999234278
H            7.65758366244161        2.89975417326089       -1.24749939798519
H           -1.51854470558053        1.36992545308759       -0.22299074966794
H            1.18075987554832        2.80004790844080       -0.02497964074774
H           -1.52454653289402        3.95909819373167       -0.51900168942074
H           -0.48775468357012        6.04426250357091        0.44330622181285
H            0.98958410069015        5.12821984323522        0.74438126451833
H            1.15604336716910        4.62196596068035       -1.70408119192647
H           -0.32287813482291        5.55694966399983       -1.97819369970987
H            1.64439355635218        6.94756117753285       -2.46769705255142
H            0.83226805909073        7.58078104374588       -1.03059815527278
H            2.31074844785217        6.62874929821389       -0.86518653050031
H           -1.73967972051049        3.38558245130629        4.72061242687160
H           -0.91859525384666        7.46657024062608        3.27570355915871
H           -4.52813447932583        3.78894519039752        4.73371216228448
H           -3.74104054410338        4.37558520748222       -0.15739718350058
H           -6.40234842772850        4.23790533585989        3.18155827025247
H           -6.00665034712930        4.51681138154644        0.78346714946420
H            1.20284786632742        3.44484074114595        2.38356750950662
H            0.82650340014558        4.04528761018516        4.00291651313828
H            0.62647568446031        2.33209086675317        3.63108137969647
H           -0.06414707932401        2.73332941835853       -2.29398085332877
H           -1.39441840207887        2.95968764078732       -3.05906709639063
O           -1.31925103960802        7.18033129128027        2.43701089275663
H           -0.45117491193954        0.74553760729809       -3.26834652413513
H           -1.59917270522849        6.25359214923784        2.54262847011188
N            5.72140351947987        0.76077791219972       -2.15320981929483
C            7.82316704270630        0.88647225859504       -0.95934509887668
O            8.52263785708148       -0.10425096300922       -0.93026984015977
C            3.97684748791607        1.08659103960188       -3.79539194546213
C            4.64762890480140        1.51185537705229       -2.50902436442712
O            4.29388123948209        2.47932137901380       -1.86574189767423
H            4.22734297740327        0.06578221203667       -4.06833063795670
H            4.27760864312465        1.75767950727246       -4.59753063282612
H            2.90078070911787        1.17651118087411       -3.66846710273999
N            8.30483733954000        2.13673159481998       -1.12104482441069
C            9.70860309958016        2.39435858938318       -1.34263940928694
H            9.95491706802637        3.39930388071576       -0.99842339972683
H            9.97330363810268        2.29741985571713       -2.40259111084799
H           10.28193888926192        1.65730168192818       -0.77611459828024
76
 energy: -110.258619525058 gnorm: 0.016547416748 xtb: 6.7.1pre (5071a88)
N            0.21823523282416        0.27562267460466       -0.39567230351051
C            1.57625141227443        0.06741247762673       -0.22203457035564
C            2.28678932361073        0.65447605040730        0.82613008816067
C            3.64671163551655        0.46259095018568        0.94063503198614
C            4.33487782921137       -0.34708088561241        0.04569522919036
C            3.60715470742278       -1.01343004447081       -0.93252990801706
C            2.24856857053929       -0.81400325002718       -1.06833923682659
C            5.83449286286313       -0.35853515806312        0.03289618868691
C            6.29731735404503        0.83776405181122       -0.82259617903592
C           -0.43817073533627        1.47909846798715       -0.20211561068989
C            0.10554120915785        2.68329006156517       -0.01409328519989
C           -0.72674918479247        3.91635935515816        0.23227388463375
C            0.10713555664306        5.19933833382650        0.10060412539416
C            0.56084449016790        5.45980180656026       -1.33487301435773
C            1.38882466439972        6.73544693751852       -1.43111885476469
O           -0.47276111226820       -0.23218272587187       -3.27603446479653
N           -1.87296019212835        3.60297151423678        3.74925840212360
C           -3.07650101320564        3.82895760300463        3.14481685494960
C           -2.82739145766419        3.99459665591256        1.76107576626017
C           -1.41662574221596        3.84038891094198        1.56713933275956
C           -4.35420555497294        3.91565972215728        3.67887701491500
C           -3.90000381030806        4.24712075410036        0.90685807352822
C           -0.87360190569061        3.59514124151646        2.79990688678079
C           -5.39356680426637        4.16495094346860        2.80798318620103
C           -5.16696719986461        4.32709007237052        1.43934648216716
C            0.52931578987777        3.34445740525297        3.22511249626789
O           -0.50738060697482        2.54247795195710       -3.12888736301230
H           -0.20109498300634       -0.31305945731301       -1.10466854617595
H           -0.72292684820235       -0.49179908774955       -4.16427456208243
H            1.76403281744416        1.26418589168115        1.54429599755735
H            4.18930159901964        0.96003208922687        1.73265568978111
H            4.11379390680406       -1.68799569713172       -1.60939034563475
H            1.69687418003006       -1.31068233363718       -1.85323787744172
H            6.23129923796150       -1.27693127898114       -0.40252363214852
H            6.24490806862647       -0.24769799488858        1.03712410736654
H            5.91862731113031        1.76862118472655       -0.38618783029228
H            5.92966687379493       -0.08128229345211       -2.66675167229460
H            7.65410272150841        2.89616562313686       -1.26058188861737
H           -1.51791371711508        1.37381718945170       -0.23169907579230
H            1.17934024692021        2.80333924618154       -0.01987912408219
H           -1.52667059640821        3.96087189418440       -0.51755152112422
H           -0.49137063552473        6.04737848465183        0.43971654608482
H            0.98458696477303        5.13391599165884        0.74712987443728
H            1.16113062399649        4.62164667670556       -1.69755508591989
H           -0.31779431092513        5.55326068224466       -1.97999639790785
H            1.65000179799327        6.94510243490278       -2.46645405864336
H            0.83088251323709        7.58201118235028       -1.03530794745631
H            2.30959659790625        6.63285131411198       -0.86026884296139
H           -1.73700297349444        3.38895725257383        4.72252874029891
H           -0.94490137428180        7.47362530202838        3.24790469053441
H           -4.52605207334449        3.78872155107068        4.73791599107085
H           -3.74314347777069        4.38078021064027       -0.15326373644670
H           -6.40192291823244        4.23669819983787        3.18758138326831
H           -6.00812348234635        4.51965633835539        0.78957052070627
H            1.20288389424131        3.44907989694350        2.38213228855536
H            0.82826568812904        4.04993602717509        4.00165275583822
H            0.62887668237383        2.33642923940115        3.63083373252106
H           -0.04071153077891        2.71544540347931       -2.29742774423952
H           -1.36078594412198        2.95671142279801       -3.06818569472958
O           -1.33695589065102        7.16146462501640        2.43266477200496
H           -0.43277828656433        0.74838919247212       -3.29787597786741
H           -1.60636789149001        6.25126005253566        2.56652902398753
N            5.72116460787164        0.76076967420404       -2.15120462498181
C            7.82288067371024        0.88532344145676       -0.95627134067848
O            8.52417674171013       -0.10367765998426       -0.91874677055421
C            3.97711666460493        1.09366542957567       -3.79256670339792
C            4.64969378498081        1.51495790008775       -2.50603334831280
O            4.29880393384479        2.48264548897935       -1.86200478311565
H            4.22632420502383        0.07347640383709       -4.06872571163955
H            4.27713643952158        1.76693299338250       -4.59314471816041
H            2.90143862012225        1.18418545911965       -3.66384548431676
N            8.30227544108026        2.13517911431221       -1.12778134170196
C            9.70554837885036        2.39369791619668       -1.35054921307807
H            9.95459056325728        3.39430192773554       -0.99887190669465
H            9.96754322841925        2.30585945728544       -2.41059202689309
H           10.27847660649367        1.65199411930294       -0.79213083206866
76
 energy: -110.259061851662 gnorm: 0.008261805403 xtb: 6.7.1pre (5071a88)
N            0.21986945693793        0.28643063580464       -0.41005569786030
C            1.57583864098190        0.07295779550487       -0.23037620019927
C            2.28508480947229        0.65481234921313        0.82149632304542
C            3.64415142659738        0.45789947091047        0.93973944081680
C            4.33253181607531       -0.35171577407434        0.04495334610286
C            3.60539912210285       -1.01392792943367       -0.93671740082223
C            2.24799004158668       -0.80942908583751       -1.07621389238793
C            5.83213840529388       -0.36573823234029        0.03434523949441
C            6.29685051911635        0.83216749614547       -0.81777292203203
C           -0.43680281885812        1.48913188425649       -0.21279274650790
C            0.10486053312910        2.69238070122148       -0.01304591086633
C           -0.73011005626338        3.92331490170618        0.23354766643826
C            0.10105412231214        5.20784553688483        0.10116243726165
C            0.56759796780094        5.45975109224436       -1.33154081362463
C            1.39340804638444        6.73631661807608       -1.42919282293090
O           -0.48473118700834       -0.25388117862325       -3.27519177616550
N           -1.86928836875803        3.60843366901422        3.75322464058962
C           -3.07423702235001        3.83410170047135        3.15155597676622
C           -2.82809455817009        4.00118050386000        1.76737353799295
C           -1.41763214359326        3.84712227502110        1.57013090989252
C           -4.35119090035350        3.91803217585951        3.68826298730262
C           -3.90261179864498        4.25478808730047        0.91567031838351
C           -0.87185797953105        3.60167608418527        2.80171420679183
C           -5.39253276094943        4.16710164790263        2.81963902345466
C           -5.16862359854826        4.33248669235661        1.45088431752761
C            0.53207560022088        3.35248036476164        3.22430161162958
O           -0.44729430886583        2.51695722135658       -3.14349773210390
H           -0.19991324696744       -0.30211339713674       -1.11925712889261
H           -0.72215311634678       -0.54069021585552       -4.16274616209827
H            1.76229897941401        1.26414266091623        1.54003088238477
H            4.18595133245669        0.95143161900395        1.73469315319501
H            4.11193117769793       -1.68899269997738       -1.61316091252576
H            1.69693891585439       -1.30322890860261       -1.86343039939117
H            6.22828043928529       -1.28385570556721       -0.40224302175352
H            6.24165854152382       -0.25733008568649        1.03920029629950
H            5.91907496379372        1.76229270905834       -0.37869945125037
H            5.92169892753424       -0.08200002200169       -2.66222488171264
H            7.64629002219853        2.88699637647837       -1.28600058738225
H           -1.51616776982759        1.38468479346918       -0.25362703768901
H            1.17816797031377        2.81427500203009       -0.00510952752444
H           -1.53189497423786        3.96505032789784       -0.51500625005029
H           -0.50223938970466        6.05585442306540        0.43012723858766
H            0.97222363076429        5.14865317412648        0.75610889946439
H            1.17328640799349        4.62048716989270       -1.68290685816353
H           -0.30503788758477        5.54576227081807       -1.98561977242100
H            1.66427341596847        6.93854782570271       -2.46354365967100
H            0.82997098422425        7.58480776567473       -1.04507625027149
H            2.30880832668516        6.64009336251717       -0.84879284362314
H           -1.73100951532598        3.39503351674726        4.72630084399045
H           -0.97888678257472        7.45261663241468        3.25365130098902
H           -4.52082614042475        3.78890289582163        4.74740841559855
H           -3.74752480365973        4.39092806877001       -0.14441047668681
H           -6.40040732159547        4.23595150862256        3.20121120381358
H           -6.01130476134892        4.52555060517158        0.80326422018930
H            1.20399866070523        3.45655023193762        2.37989799254626
H            0.83180803566371        4.05933646209622        3.99929314712370
H            0.63337084659714        2.34501541467494        3.63134703621185
H            0.02882076523479        2.68042557303219       -2.31699395440106
H           -1.31490553644293        2.91481375157541       -3.05219368079457
O           -1.37005835305064        7.15933359874616        2.43106786394100
H           -0.46870649715940        0.71909143196894       -3.29569213421484
H           -1.64801466183941        6.24887617532342        2.54749200981186
N            5.72037793621567        0.76055370296675       -2.14677782983920
C            7.82245485497083        0.88106364331868       -0.95042174126404
O            8.52687936810881       -0.10533266249626       -0.89670442488247
C            3.97682064804685        1.10910632817910       -3.78603624935118
C            4.65474135066105        1.52345246948211       -2.50040454196105
O            4.31224579300641        2.49330120796940       -1.85583489980553
H            4.22333392308427        0.09003488754433       -4.06820075131021
H            4.27446865539221        1.78608950472033       -4.58431569482825
H            2.90186657568320        1.20085764417787       -3.65273336024542
N            8.29734665104430        2.13042441382243       -1.14059737259424
C            9.69931355918073        2.39190380683882       -1.36674187837998
H            9.95288266559528        3.38418425102148       -0.99361767306071
H            9.95455721357775        2.32835526634856       -2.43056826759843
H           10.27306621348409        1.63603451963812       -0.82800889650101
76
 energy: -110.259373702836 gnorm: 0.020771634061 xtb: 6.7.1pre (5071a88)
N            0.22209276545395        0.30033199421370       -0.42898957981297
C            1.57493208207204        0.08015995630828       -0.24136972494803
C            2.28232114983847        0.65517465418496        0.81527463166040
C            3.64004843704277        0.45151280530159        0.93844314817461
C            4.32866358884062       -0.35765018767308        0.04363009463966
C            3.60271310215050       -1.01306530219098       -0.94376578078497
C            2.24716192904437       -0.80194255646818       -1.08810549104067
C            5.82822346659071       -0.37593390194726        0.03654575219415
C            6.29591709229162        0.82484721773306       -0.80951962455948
C           -0.43743097537764        1.50042209175612       -0.22465056282285
C            0.10157137235243        2.70160503909905       -0.00965820890890
C           -0.73392976749955        3.93152968835372        0.23601366038683
C            0.09610915020826        5.21642785605679        0.10173537296941
C            0.57751764239755        5.45849893395281       -1.32672842029195
C            1.39711808677935        6.73879890110144       -1.42615307248072
O           -0.53909286612295       -0.31025772703454       -3.25032754003981
N           -1.86348869977914        3.61849454250789        3.75917229565077
C           -3.07041814250008        3.84331590728990        3.16117820930938
C           -2.82844691576826        4.01213843622510        1.77634360554092
C           -1.41856602360870        3.85746460369212        1.57465868601289
C           -4.34644405680888        3.92159509630906        3.70118506235558
C           -3.90543467690092        4.26856843859329        0.92839875536692
C           -0.86893596960076        3.61268884234804        2.80466110525514
C           -5.39057293090045        4.17005708982640        2.83572542965906
C           -5.17015403873238        4.34230323867676        1.46720773705184
C            0.53693492064050        3.36643299747300        3.22227637636868
O           -0.37252409221192        2.48919225786518       -3.18289715178927
H           -0.19983769009490       -0.29141569228500       -1.13368366797959
H           -0.72983094023595       -0.59221385917919       -4.14734742776615
H            1.75964814800491        1.26412399097730        1.53425605904514
H            4.18052843933331        0.93944591717609        1.73767753888629
H            4.10927521543181       -1.68791059838208       -1.62037520489734
H            1.69725709678169       -1.29034096699964       -1.87954849461966
H            6.22307055209963       -1.29351274868761       -0.40229822151004
H            6.23654143679204       -0.27192466267850        1.04233581122248
H            5.91865917577179        1.75336432311273       -0.36607799272106
H            5.91241556554871       -0.08117172230190       -2.65677169296021
H            7.63478530635226        2.87358154190261       -1.32826666906650
H           -1.51522034766422        1.39565778323617       -0.27818094083827
H            1.17351342324701        2.82311879183469        0.01183346111338
H           -1.53671008690445        3.97073313907663       -0.51164623024779
H           -0.51190715881404        6.06484511992707        0.41773523499690
H            0.95932692403500        5.16397224643130        0.76621368639400
H            1.19157335139244        4.61965736817537       -1.66307658232100
H           -0.28740042308209        5.53230045346800       -1.99167677838876
H            1.68166252621660        6.93138523442233       -2.45835468047176
H            0.82363237355805        7.58813506615599       -1.05940020716112
H            2.30457166069197        6.65475241083009       -0.83157343884202
H           -1.72153238403617        3.40735751421568        4.73219850570121
H           -1.02792854731945        7.40936881469012        3.27411037615673
H           -4.51327822789895        3.78839299641785        4.76026292895273
H           -3.75271005103119        4.41017499773410       -0.13129116056155
H           -6.39796018257429        4.23286992210763        3.21980272450302
H           -6.01471042650544        4.53709017142812        0.82258767255796
H            1.20526776785263        3.47099978385507        2.37514702654958
H            0.83829608604487        4.07500772536289        3.99501141629814
H            0.64225237420331        2.35966913511194        3.63013388876516
H            0.12487522756715        2.61994959851696       -2.36017071295365
H           -1.25293518208513        2.87346887273693       -3.02873283215365
O           -1.42140336339554        7.15936398751430        2.42747801994469
H           -0.43955902498473        0.66095866753396       -3.30098154987225
H           -1.72205015940984        6.24175638923407        2.50176607758802
N            5.71969838146269        0.76176803385574       -2.13967770714892
C            7.82143071372813        0.87655746122408       -0.93902276745486
O            8.53162853693430       -0.10422481318693       -0.85542553602918
C            3.97794669550067        1.13481768506567       -3.77658601003930
C            4.66095517135818        1.53515104199601       -2.48941817023522
O            4.32737025006955        2.50464582394257       -1.84055884938741
H            4.22149257390453        0.11858380292786       -4.07146268279353
H            4.27340530461993        1.82075589391031       -4.56815746172673
H            2.90387501362640        1.22724804375907       -3.63868763910537
N            8.28914420679029        2.12391452545526       -1.16254557867891
C            9.68966445234764        2.38797379141238       -1.39217446932415
H            9.95243445537995        3.36586972217834       -0.98929105779997
H            9.93476087553926        2.35869963906838       -2.45870076340314
H           10.26212928394330        1.61251672217215       -0.88267201533931
76
 energy: -110.259899609437 gnorm: 0.011122140660 xtb: 6.7.1pre (5071a88)
N            0.22232359843929        0.30624602240761       -0.43635892491103
C            1.57342832235491        0.08238420656766       -0.24589449350570
C            2.28033623413463        0.65395597431711        0.81275856271998
C            3.63730083716444        0.44681119401070        0.93799723308798
C            4.32596718590061       -0.36133328292552        0.04229980075797
C            3.60039062466599       -1.01281553547206       -0.94808536995686
C            2.24561153034316       -0.79906366469400       -1.09376604578707
C            5.82545820828855       -0.38165764647230        0.03683331785448
C            6.29522756722252        0.82168715648985       -0.80435778865117
C           -0.43860536290976        1.50508107318780       -0.22902872527658
C            0.09929613143169        2.70511570555530       -0.00919439095018
C           -0.73566584161728        3.93508299250810        0.23695127507837
C            0.09527473769903        5.21941701321684        0.10288927142517
C            0.58369196940004        5.45696968266848       -1.32336577467637
C            1.39785850527326        6.74046512561169       -1.42409839515786
O           -0.54356628028362       -0.33360259534001       -3.24422294053715
N           -1.85920255071125        3.62365174304718        3.76220606819547
C           -3.06725411574366        3.84796329507354        3.16643687924503
C           -2.82785341367906        4.01714701798025        1.78117584859568
C           -1.41837107923888        3.86189264116117        1.57681918598784
C           -4.34272895955448        3.92363367122518        3.70835587395696
C           -3.90609392490715        4.27589104426897        0.93534728395498
C           -0.86629247137664        3.61812750408899        2.80583737196594
C           -5.38823373615809        4.17255178066134        2.84474899517113
C           -5.16987473033305        4.34864027306064        1.47632856931809
C            0.54060273791262        3.37433764706425        3.22130186583463
O           -0.33519944440697        2.45410764573441       -3.19100036272680
H           -0.20334463727006       -0.29140181866343       -1.13386835287112
H           -0.73827087438595       -0.62180878613867       -4.13086872464559
H            1.75769280819233        1.26283965998989        1.53187326093786
H            4.17724905278092        0.93108519428704        1.73970324553085
H            4.10702522051816       -1.68662615615330       -1.62567994785665
H            1.69626192239209       -1.28517598245892       -1.88698808601344
H            6.21979256265009       -1.29843337691680       -0.40410737984670
H            6.23302163752023       -0.28101401117986        1.04328891295937
H            5.91930152691240        1.74879703851290       -0.35653617207359
H            5.90714895086038       -0.07617024998522       -2.65439887458382
H            7.62833346640227        2.86420931051265       -1.35113190240411
H           -1.51560699145491        1.40091596946396       -0.28749170401668
H            1.17027606277329        2.82747161612607        0.01852440405235
H           -1.53992946438597        3.97484827329400       -0.50930007825372
H           -0.51412388040457        6.06824138129945        0.41360422160437
H            0.95465365161210        5.16844732171916        0.77168609826901
H            1.20347217071640        4.61948862205146       -1.65195271599497
H           -0.27721400513803        5.52337678835816       -1.99380431694147
H            1.69036193045481        6.92784208895837       -2.45472880390962
H            0.81746423427723        7.58925713921574       -1.06761219411382
H            2.30038305761115        6.66472318364498       -0.82133038699585
H           -1.71529318518844        3.41468641470040        4.73540290278076
H           -1.06892901194096        7.39790163297347        3.26008449588394
H           -4.50793703108411        3.78813811014792        4.76738846973711
H           -3.75448794178663        4.42015602267312       -0.12411950719796
H           -6.39525215682780        4.23269397492863        3.23026951027255
H           -6.01551619909929        4.54546196623186        0.83377539495696
H            1.20757156172066        3.47987635833267        2.37322357554563
H            0.84166912979094        4.08387454775681        3.99324074626685
H            0.64871944276318        2.36792115707371        3.62941634429700
H            0.15904809116786        2.60532095983098       -2.37463342272282
H           -1.20192976349109        2.85737274274744       -3.06107647065277
O           -1.45687424961467        7.14577820492187        2.41926129262194
H           -0.43422015345679        0.63023160029902       -3.28934191473701
H           -1.75713895747396        6.23510281101348        2.49836097576878
N            5.71926203746701        0.76589995671539       -2.13517737092145
C            7.82071525734505        0.87419954073835       -0.93281237337791
O            8.53362912498818       -0.10262758604970       -0.83238181347322
C            3.98012032243150        1.15184556705420       -3.77141052472780
C            4.66294765562843        1.54375055207725       -2.48171534795213
O            4.33284981335491        2.51230653016287       -1.82993869791263
H            4.22326088984482        0.13769587197125       -4.07330933052463
H            4.27661482519893        1.84328110512391       -4.55790214183865
H            2.90619783086083        1.24373205318053       -3.63394643268604
N            8.28461358336744        2.11902174667407       -1.17705154889317
C            9.68445458247961        2.38467088605748       -1.40824987177056
H            9.95230288391551        3.35359010909302       -0.98792010775686
H            9.92353169441406        2.37623775958645       -2.47591591518035
H           10.25629524126398        1.59827851305087       -0.91631560965933
76
 energy: -110.260188620303 gnorm: 0.021899849553 xtb: 6.7.1pre (5071a88)
N            0.22170261065082        0.32009802049800       -0.45255287774726
C            1.57020253100435        0.08787591053748       -0.25539102565026
C            2.27663889920393        0.65279064450998        0.80735665701785
C            3.63217468017544        0.43884878548711        0.93639746930768
C            4.32058656338770       -0.36807174480556        0.03933130910933
C            3.59522586108063       -1.01300421513121       -0.95558416260229
C            2.24177158622476       -0.79355743969879       -1.10424557119562
C            5.82012881805993       -0.39294912791286        0.03742730572922
C            6.29420430547220        0.81502362273348       -0.79423503431123
C           -0.43824274671115        1.51780130898679       -0.24278281692802
C            0.09950358898563        2.71584513207229       -0.00225216417239
C           -0.73983197278578        3.94394149265038        0.24057327026151
C            0.08660385600716        5.23144896742144        0.10449339814863
C            0.59584565238203        5.45416019752211       -1.31870593979987
C            1.40271603878035        6.74243465781981       -1.42194769854788
O           -0.58773420025258       -0.37517685274831       -3.22101484806854
N           -1.85167607390384        3.63064830537570        3.76868783300119
C           -3.06201498086208        3.85426218638278        3.17759186693144
C           -2.82795877189581        4.02471533767380        1.79142848713136
C           -1.41892541046528        3.87054351753018        1.58204193703513
C           -4.33564980534645        3.92795313155805        3.72403919700001
C           -3.90932124713346        4.28538175094032        0.94990775775091
C           -0.86212965966569        3.62709360773432        2.80900142413328
C           -5.38417264955069        4.17820610417298        2.86464271076035
C           -5.17089431797839        4.35761927489534        1.49576185586188
C            0.54628796983421        3.38696440528342        3.22137898581613
O           -0.24197024722667        2.39011148447966       -3.20384783126847
H           -0.20768487669695       -0.28054097401102       -1.14572891515519
H           -0.72956729518808       -0.70141081182852       -4.12403400231796
H            1.75428030362392        1.26097905979515        1.52720365039013
H            4.17146056210902        0.91688968573271        1.74226189247319
H            4.10127571273541       -1.68634617858706       -1.63420117719228
H            1.69245708916250       -1.27699578621397       -1.89911311230353
H            6.21303234715042       -1.30810996414556       -0.40810990846929
H            6.22577944836130       -0.29977712891418        1.04539486001777
H            5.92137000693038        1.73965406401540       -0.33840656458453
H            5.89139216617898       -0.07363220912569       -2.64720025060485
H            7.61495004906955        2.84437547585888       -1.39092899402279
H           -1.51591036157722        1.41738347552878       -0.31899944877698
H            1.17121284374173        2.83988885331025        0.04456072977337
H           -1.54354197724631        3.97926521352254       -0.50608628363422
H           -0.53432957161145        6.08234944034509        0.39601019271706
H            0.93703614749686        5.19330753277088        0.78976853220110
H            1.22773434602816        4.61681105037136       -1.62747862282148
H           -0.25539810044251        5.50663818781963       -2.00463520661031
H            1.71323303540770        6.91793617491784       -2.45033615244409
H            0.80943887488316        7.59231784921615       -1.08731191743841
H            2.29501494036341        6.68063375695717       -0.80075494776260
H           -1.70405160826166        3.42375123495562        4.74178361011782
H           -1.13864132974227        7.36395369793207        3.25834118601746
H           -4.49686087625171        3.79027098920010        4.78337800518544
H           -3.76122979202616        4.43182056230941       -0.10967580149815
H           -6.38978884376888        4.23696931989408        3.25372514097296
H           -6.01903036416574        4.55657507696374        0.85713272154590
H            1.21171160245744        3.49243893089760        2.37222004418675
H            0.84703854239458        4.09902188184442        3.99112386548791
H            0.65758568826136        2.38175762989368        3.63118727422280
H            0.24550389237459        2.55231164142568       -2.38735161558128
H           -1.08228847617203        2.82025187724012       -3.10242616512804
O           -1.52372576332620        7.13913839871377        2.40952187046053
H           -0.45464011538079        0.58793558688168       -3.30219463646250
H           -1.83191193237445        6.23039750097768        2.46430970975171
N            5.71766941912441        0.77220304253888       -2.12543181142624
C            7.81992507690620        0.86768080387043       -0.92244116180296
O            8.53619785482749       -0.10296582342789       -0.79392756889283
C            3.98202181631005        1.18367020064378       -3.76011354787192
C            4.67057129765554        1.56503064606510       -2.46961198056505
O            4.35309125817959        2.53734306135287       -1.81520378999755
H            4.22295097738183        0.17167606366207       -4.07106157951724
H            4.27662098127767        1.88103089506974       -4.54219563101086
H            2.90825815300834        1.27623051001040       -3.61865519256312
N            8.27704362695142        2.10798972499683       -1.20169244109943
C            9.67439978918882        2.38055112112580       -1.43877418610754
H            9.95000147379735        3.33297093390618       -0.97558502246801
H            9.90027221847963        2.42109275410221       -2.51412441340386
H           10.24899886492491        1.56627650365935       -0.98663273070321
76
 energy: -110.260748536607 gnorm: 0.010665356322 xtb: 6.7.1pre (5071a88)
N            0.21990503183560        0.32478155836344       -0.45741952602411
C            1.56689230560799        0.08883788223356       -0.25898628811773
C            2.27353461022211        0.65024392003818        0.80538786153914
C            3.62829158498819        0.43291419869665        0.93561510069871
C            4.31636075610214       -0.37234357831569        0.03673970441308
C            3.59102267412162       -1.01263562714314       -0.96121003943534
C            2.23806313561239       -0.79115571202646       -1.10998868957003
C            5.81583159364252       -0.39966076386112        0.03672775624866
C            6.29278464953776        0.81265404554579       -0.78682987507626
C           -0.44097601038726        1.52148244060813       -0.24631339621574
C            0.09639312504553        2.71774411061116       -0.00271927129537
C           -0.74094938751353        3.94667976647460        0.24168083314572
C            0.08769502507785        5.23264747636594        0.10544266755227
C            0.60320917645963        5.45243876404461       -1.31467206947050
C            1.40253263594790        6.74529761044773       -1.41950454889360
O           -0.59367273303581       -0.39821301031408       -3.20961914029642
N           -1.84542464923984        3.63576213103870        3.77232101479648
C           -3.05706229587430        3.85886115585273        3.18392723846429
C           -2.82608694769067        4.02933896947515        1.79718045461741
C           -1.41753563573591        3.87448196688095        1.58461620230233
C           -4.32983657982060        3.93091063025556        3.73276754027177
C           -3.90890610675760        4.29297392083193        0.95823721979958
C           -0.85786865700371        3.63251367351628        2.81051905185438
C           -5.37989852907639        4.18251530621540        2.87572165981310
C           -5.16918960925000        4.36546023213777        1.50684417202206
C            0.55172667073895        3.39576707559302        3.22072679315126
O           -0.19665847660044        2.35483246088462       -3.22728928642103
H           -0.21553488816221       -0.28488582571551       -1.13904395818140
H           -0.75433034189164       -0.73594861347199       -4.09158854493996
H            1.75140570657873        1.25781780470099        1.52595647224146
H            4.16738487935562        0.90684473305712        1.74392251991507
H            4.09693009105332       -1.68401693015254       -1.64193981875087
H            1.68888971658987       -1.27232518211076       -1.90629065769970
H            6.20794989644932       -1.31311879081953       -0.41303059018223
H            6.22037666636774       -0.31264129435620        1.04573784297278
H            5.92163729587561        1.73499317974082       -0.32464179143053
H            5.88667954795829       -0.06238384401533       -2.64521068324607
H            7.60628588922121        2.83147453380671       -1.42464857240478
H           -1.51756742735182        1.42255808438060       -0.32560332673870
H            1.16678137962442        2.84108159280287        0.04761873078418
H           -1.54587146738527        3.98345072200810       -0.50356929568217
H           -0.53184247304943        6.08383667182585        0.39364486428314
H            0.93469166341885        5.19432624767593        0.79252220866718
H            1.24144960766208        4.61786609116542       -1.61556430017798
H           -0.24416829089616        5.49592527296025       -2.00477491795827
H            1.72192525025919        6.91575627023743       -2.44538553292785
H            0.80069169729554        7.59311181176931       -1.09672043552843
H            2.28877582414379        6.69428217577925       -0.78954179687640
H           -1.69549572505408        3.43192357124128        4.74570058972751
H           -1.18673287473995        7.33927597801454        3.25194713373240
H           -4.48905186711012        3.79115771446695        4.79211170549371
H           -3.76235429697349        4.44172691815762       -0.10119426396896
H           -6.38487379659215        4.23968348594671        3.26666338936737
H           -6.01850283088769        4.56729230702976        0.87071559323072
H            1.21585043902970        3.50286652688645        2.37075829726215
H            0.85146244821775        4.10893828979221        3.98982530427110
H            0.66648899761530        2.39098133122146        3.63062902531350
H            0.30566411517396        2.53132654817960       -2.42569881877842
H           -1.03655623729903        2.79388551083558       -3.11684869946006
O           -1.57226836600158        7.13180545051716        2.39803548767414
H           -0.42493274835146        0.56167944470415       -3.29842067318247
H           -1.88751765749327        6.22357299931955        2.43895162523316
N            5.71735151990244        0.78078425646126       -2.11901003771376
C            7.81875885801270        0.86560168736880       -0.91263035284948
O            8.53801598987185       -0.09963469474572       -0.75997079604405
C            3.98620902884677        1.20815804698975       -3.75398737564647
C            4.67243461683170        1.57785123778172       -2.45893958656417
O            4.35587700393447        2.54532372832430       -1.79830482981297
H            4.22817472871333        0.19935089175750       -4.07430974744396
H            4.28252582810390        1.91346433073814       -4.52848447189084
H            2.91220954842082        1.29897917534428       -3.61447546403716
N            8.27132519207550        2.10102800638852       -1.22254282012810
C            9.66793272144723        2.37527664994545       -1.45942537796327
H            9.94994644187141        3.31582242702531       -0.98710261188272
H            9.88959995872167        2.43031261863029       -2.52841124622097
H           10.23974138362263        1.55843024596839       -1.02233253374518
76
 energy: -110.261185431028 gnorm: 0.008208600818 xtb: 6.7.1pre (5071a88)
N            0.21616463828513        0.33096352191141       -0.46259568417963
C            1.56159834980520        0.09014597418457       -0.26314793585032
C            2.26901231506669        0.64686000040957        0.80319762315824
C            3.62286732049019        0.42531939207990        0.93403367253472
C            4.30995395252771       -0.37794302829042        0.03249945462365
C            3.58412394532078       -1.01218056066060       -0.96883898955147
C            2.23166112091866       -0.78785590641422       -1.11731293395694
C            5.80943988912793       -0.40911935678060        0.03452191232753
C            6.29023592641552        0.80977181662661       -0.77660238685648
C           -0.44471706561245        1.52701141551140       -0.25061468544731
C            0.09312286676546        2.72039820594514       -0.00065611898996
C           -0.74184077217148        3.95055960937016        0.24432059925732
C            0.08820210086947        5.23545484736307        0.10688995501466
C            0.61327665632293        5.45003276364471       -1.30922523461276
C            1.40192025966755        6.74944590982637       -1.41670865854250
O           -0.61859516483745       -0.44352081415280       -3.19116706877853
N           -1.83628931786113        3.64201496358713        3.77800840181184
C           -3.04973853118495        3.86459844514112        3.19354801932923
C           -2.82309637082717        4.03514392728500        1.80590155778113
C           -1.41515701232939        3.87999040657718        1.58890928076900
C           -4.32093614738256        3.93590488290747        3.74617077479580
C           -3.90829355764286        4.30202313580832        0.97080063068071
C           -0.85164938348578        3.63967838685965        2.81337180107156
C           -5.37338897362469        4.18959743190700        2.89273842622289
C           -5.16664612454060        4.37561468055510        1.52361964388953
C            0.55961552587465        3.40742107332147        3.22050161500180
O           -0.12714009362390        2.31025773335753       -3.26251948046324
H           -0.22666809637715       -0.28807680583415       -1.13114582087132
H           -0.74793797621635       -0.77442821717802       -4.07680684409152
H            1.74754384755931        1.25324424063442        1.52526104375615
H            4.16210628281204        0.89424777204839        1.74501778760002
H            4.08929532342882       -1.68098735884567       -1.65274161521114
H            1.68203010025510       -1.26539276164296       -1.91548198811259
H            6.19972222033138       -1.31977618922818       -0.42256131379114
H            6.21279699344805       -0.33245760902149        1.04489607362350
H            5.92171197280082        1.72825459311749       -0.30419185695564
H            5.87809462194861       -0.04600380927570       -2.64232858728920
H            7.59476742779057        2.81232043243260       -1.45998490459370
H           -1.52010115287467        1.43078487655694       -0.33553487126757
H            1.16233803633901        2.84042271505497        0.05428680946473
H           -1.54731047021418        3.98736854397242       -0.49999996224086
H           -0.53195096019760        6.08688526024882        0.38836776755785
H            0.93028918858354        5.19998210900686        0.79790157455742
H            1.26099084012733        4.61928859751614       -1.59765405494850
H           -0.22820494530301        5.48030322352210       -2.00608110607222
H            1.73440273844371        6.91239946981237       -2.43898559372209
H            0.78783808722029        7.59434092453863       -1.11164989574777
H            2.27916533345431        6.71398527435703       -0.77401929829366
H           -1.68292885681218        3.44196583752795        4.75164209923786
H           -1.26049752017518        7.30697599057161        3.23756558709360
H           -4.47707263592009        3.79432913929276        4.80570487785638
H           -3.76463383643891        4.45284877147240       -0.08867899159227
H           -6.37718849926264        4.24621911339158        3.28670136263665
H           -6.01762068074455        4.58079093068719        0.89084633311359
H            1.22181117023799        3.51639836273748        2.36928100718392
H            0.85828835474339        4.12224473702480        3.98851890159434
H            0.67878022064819        2.40337154520632        3.63076885762185
H            0.40367775720879        2.49083504145110       -2.47811321291638
H           -0.95998650799935        2.77053340047037       -3.13062623345534
O           -1.64597824013623        7.12234371009078        2.37918961074271
H           -0.40570552325646        0.50143797414220       -3.27642481724413
H           -1.97014066871322        6.21654003529945        2.40119826399201
N            5.71529178862670        0.79375983971698       -2.10945772785643
C            7.81641072308839        0.86286294792011       -0.90185249413044
O            8.53894705380697       -0.09403785336791       -0.71936465325585
C            3.99129537528992        1.24517725960256       -3.74493391620535
C            4.67424258184911        1.59758323422303       -2.44328328430055
O            4.36021453637528        2.55929403646980       -1.77382163761768
H            4.23463446434773        0.24085377022268       -4.07834045012657
H            4.28955251979108        1.96133285315060       -4.50893069913729
H            2.91689127957942        1.33348211283939       -3.60782501410194
N            8.26355398633968        2.08972404370725       -1.24843317113870
C            9.65852126169891        2.36717167208229       -1.48957162745266
H            9.95134272343445        3.28928663752793       -0.98349065755473
H            9.86639763294451        2.46293063886878       -2.56043365514314
H           10.23127377373464        1.52945007801000       -1.08904219225359
76
 energy: -110.261633162698 gnorm: 0.007663230872 xtb: 6.7.1pre (5071a88)
N            0.20918812981037        0.33563129070636       -0.46507519838316
C            1.55388836362445        0.08961536719355       -0.26617109600629
C            2.26309063120104        0.64170295699369        0.80176782394673
C            3.61625445699558        0.41662837478161        0.93176070046761
C            4.30188813651557       -0.38400241753800        0.02646203134328
C            3.57482303893282       -1.01257645088151       -0.97719934810341
C            2.22227319466890       -0.78629047858463       -1.12375424753809
C            5.80144196684987       -0.41893003296410        0.03041400121611
C            6.28680359488966        0.80832427224388       -0.76474661954018
C           -0.44808757982768        1.53305390979152       -0.25577121700503
C            0.09253374567783        2.72360176494153        0.00304147841976
C           -0.74199648417376        3.95446263576718        0.24769488384246
C            0.08687353227215        5.24025574028191        0.10951088131613
C            0.62477363129678        5.44659234011893       -1.30362505585505
C            1.40143840032815        6.75325828083903       -1.41461669315879
O           -0.64526291904157       -0.48046596295683       -3.17377943820529
N           -1.82521829808721        3.64517133742348        3.78423647178474
C           -3.04061870739659        3.86760620048515        3.20441988218216
C           -2.81897673309595        4.03762202969692        1.81563536346610
C           -1.41155468736450        3.88335552340829        1.59381572224960
C           -4.30951513927054        3.94193718146875        3.76187027404572
C           -3.90708475913435        4.30664678652142        0.98469393418343
C           -0.84380735686182        3.64435397210051        2.81658409330922
C           -5.36454399028725        4.19910164477452        2.91274568632446
C           -5.16286304519884        4.38437327954842        1.54273951995067
C            0.56879920540738        3.41660104355304        3.22177709495712
O           -0.03647497167234        2.25172503430657       -3.28698019320062
H           -0.24143368616460       -0.29082574181785       -1.12183533968462
H           -0.74735616740906       -0.82882387728193       -4.06018590491428
H            1.74248226612564        1.24623495552164        1.52600257611645
H            4.15638155718171        0.88040049862507        1.74503023116059
H            4.07869938700298       -1.67868184149363       -1.66485984264333
H            1.67125392858310       -1.26181801171768       -1.92207847760504
H            6.18971459919353       -1.32538251379902       -0.43691357337094
H            6.20330573297303       -0.35608515183623        1.04242515729479
H            5.92212991032578        1.72207075233950       -0.27992803893285
H            5.86693148635048       -0.02485609245185       -2.63897774317281
H            7.58062551292623        2.78914146774414       -1.50390944472752
H           -1.52371057416088        1.44221530062712       -0.34892624664735
H            1.16247723511590        2.84065061371979        0.06649983369590
H           -1.54765802684981        3.99004801085420       -0.49614207165490
H           -0.53866991002148        6.09258896479869        0.38033798565593
H            0.92338695923615        5.21142188086813        0.80903599407855
H            1.28465090277055        4.61967783172307       -1.57622549046983
H           -0.20939173196102        5.46188189405128       -2.01043915603447
H            1.74995241520175        6.90683204732015       -2.43326264989814
H            0.77308555666909        7.59529767482036       -1.13096361565165
H            2.26782273672994        6.73508060308537       -0.75647471878818
H           -1.66832775991552        3.44856248715535        4.75799973320380
H           -1.34526128402462        7.27153559316506        3.22141193176564
H           -4.46172100006424        3.80060407347959        4.82196740400867
H           -3.76727549015170        4.45650372323349       -0.07534271720549
H           -6.36646651645723        4.25945627494013        3.31066340668770
H           -6.01582409080470        4.59264835213494        0.91374083426772
H            1.23029185384894        3.52672128513923        2.37020081469538
H            0.86545233079817        4.13351127936444        3.98871947662304
H            0.69146766541974        2.41358483181318        3.63319022152698
H            0.51362113497651        2.45168308775737       -2.51961013337693
H           -0.85621178509998        2.73847809690123       -3.15722954955876
O           -1.73141543512671        7.11986313532744        2.35409036730901
H           -0.39625186209220        0.45503551886401       -3.27415956077630
H           -2.06786010607203        6.21519615537447        2.34809334566947
N            5.71210252421898        0.81155595934361       -2.09770507795679
C            7.81373691450256        0.85994535195089       -0.88861097043160
O            8.53838262575094       -0.08787315040771       -0.67286239073377
C            3.99735644374264        1.28950093113463       -3.73457833819497
C            4.67623435134482        1.62479128040169       -2.42598641845340
O            4.36528040641019        2.58138681259851       -1.74724732587450
H            4.24304327365664        0.28990778543966       -4.07998040879826
H            4.29794184294176        2.01559021249636       -4.48813856825154
H            2.92201349510480        1.37472615720010       -3.60117917198037
N            8.25537549473355        2.07548072173223       -1.27898538247369
C            9.64826295221544        2.35797694483671       -1.52306109441325
H            9.95082037469957        3.26010582138307       -0.99359623572929
H            9.84557191360847        2.48649353047486       -2.58811135692895
H           10.22091428493592        1.51060285706078       -1.15435303445924
76
 energy: -110.261999817542 gnorm: 0.011804966053 xtb: 6.7.1pre (5071a88)
N            0.19831730742420        0.33583292250033       -0.46111913938677
C            1.54385918053232        0.08622302197861       -0.26621330718553
C            2.25617471517836        0.63481036732054        0.80212498514015
C            3.60931929545373        0.40835499850642        0.92854986218440
C            4.29277752172255       -0.38945808690566        0.01857210667278
C            3.56325111715940       -1.01426299476508       -0.98499765300556
C            2.20970663046847       -0.78774223774931       -1.12721936393941
C            5.79249990647445       -0.42727006581107        0.02261242494416
C            6.28175887065404        0.80957143196265       -0.75435058804784
C           -0.45098072220085        1.53764643159367       -0.25818279431869
C            0.09463282070858        2.72563438302985        0.00707818008036
C           -0.74048446103937        3.95672421850170        0.25172922689631
C            0.08506829566322        5.24473773556394        0.11299334363974
C            0.63459006582694        5.44361016302041       -1.29811518220800
C            1.39989288811645        6.75665280653134       -1.41377743270648
O           -0.65679732605074       -0.50317959647869       -3.16738274315257
N           -1.81299930407732        3.64385946897330        3.79072436924184
C           -3.03007317488462        3.86684472702198        3.21556316018028
C           -2.81318643630533        4.03531735809368        1.82550724544524
C           -1.40616839172501        3.88281071288905        1.59923840219105
C           -4.29613137238912        3.94918675057137        3.77835569186311
C           -3.90440496715670        4.30430411722719        0.99827186713048
C           -0.83461313143486        3.64467797331575        2.82036656135991
C           -5.35353105998363        4.21075979050935        2.93355623125621
C           -5.15730548535914        4.38962095374938        1.56188785009966
C            0.57875874412901        3.42033552038089        3.22502305377142
O            0.06962606333315        2.19230521310004       -3.29725474594827
H           -0.25883421140996       -0.29296041886201       -1.11079657301334
H           -0.76138947883824       -0.88662427078644       -4.03750327701200
H            1.73677922901704        1.23670267947260        1.52944969252797
H            4.15152345700971        0.86818746503879        1.74262340053375
H            4.06502904086347       -1.67792278241154       -1.67671186328441
H            1.65608088429099       -1.26300896095252       -1.92377265099122
H            6.17838630124231       -1.32802991307383       -0.45789266195483
H            6.19367260867674       -0.38117537588847        1.03581434421706
H            5.92223658047761        1.71755241508576       -0.25485441902789
H            5.85490459063479        0.00260885397695       -2.63767819696787
H            7.56760507710438        2.76575227555653       -1.53143207863726
H           -1.52778383302036        1.45435308891705       -0.35798667878481
H            1.16617343894935        2.83940975890656        0.07710690111436
H           -1.54677675758334        3.99041718718951       -0.49138750853962
H           -0.54704256859366        6.09735680961879        0.37423418125406
H            0.91707250080105        5.22343884083723        0.82059984036627
H            1.30563431725241        4.62056026001661       -1.55590548861628
H           -0.19286916047396        5.44486530862687       -2.01362538739546
H            1.76330837954309        6.90138637547432       -2.42886680396835
H            0.75873270756079        7.59551512518886       -1.15093975142080
H            2.25540066659177        6.75482102892364       -0.74198063221172
H           -1.65298733873469        3.44965358363578        4.76441561463248
H           -1.43725382040615        7.24556030755873        3.19419661403587
H           -4.44411071082990        3.81123208938799        4.83946933429457
H           -3.76909497146392        4.44884280537835       -0.06303174534184
H           -6.35301728718976        4.28014917892949        3.33602080484740
H           -6.01218360653544        4.59966756179012        0.93625412663431
H            1.24079461677568        3.53030495920495        2.37386123582307
H            0.87306944908867        4.13937842495427        3.99101653713469
H            0.70311467358484        2.41846670431549        3.63840599046912
H            0.62691760815895        2.41633755701422       -2.54162271542525
H           -0.73834116231547        2.70376902177007       -3.18548628056144
O           -1.82150271243457        7.12420158018567        2.32032312767948
H           -0.38633358313271        0.42721829818108       -3.29277264937138
H           -2.16870525432455        6.22248082784162        2.28849443221216
N            5.70618267404885        0.83397666244019       -2.08611850252827
C            7.80970035283634        0.85797459526582       -0.87992030527372
O            8.53425323082522       -0.08068102065530       -0.63711743977727
C            4.00297480090611        1.33702223198031       -3.72521632620390
C            4.67530081957247        1.65644341767951       -2.40926104010464
O            4.36516389676904        2.60712790140545       -1.72081837143809
H            4.25282063597156        0.34233787831371       -4.08058625556928
H            4.30647731302177        2.07176405666297       -4.46850588542166
H            2.92613875222394        1.41794562754800       -3.59784290054959
N            8.24808454730147        2.05909490249113       -1.30548327414526
C            9.63850034051951        2.34755516266552       -1.55548465594911
H            9.95196790091128        3.22825580680193       -0.98541776797925
H            9.81897838591942        2.52582015778684       -2.62336547458841
H           10.21568908857398        1.47698588400009       -1.23144222795013
76
 energy: -110.262275869804 gnorm: 0.013399615345 xtb: 6.7.1pre (5071a88)
N            0.18287472852649        0.32133117513758       -0.43934793452332
C            1.53225158871048        0.07545974648471       -0.25746348823746
C            2.24917564598137        0.62543926698988        0.80762788199046
C            3.60365515170357        0.40400788775402        0.92534036359828
C            4.28442784279879       -0.39046415102945        0.00984553556689
C            3.55152414896879       -1.01588034109131       -0.98992207996384
C            2.19536061168026       -0.79479537171448       -1.12317754911445
C            5.78428940647505       -0.42755114198339        0.01109385041761
C            6.27512516865627        0.81861570331663       -0.74842733780159
C           -0.45563093128327        1.53055609086619       -0.24637229590226
C            0.09759496405223        2.71694624942782        0.00763192566299
C           -0.73382982734063        3.95038435456291        0.25463835180131
C            0.09136981285209        5.23841521735836        0.11646011895715
C            0.63658519472553        5.44132752075379       -1.29487849925919
C            1.39235048022532        6.75922046185198       -1.41497776615091
O           -0.65612335868490       -0.50242562009702       -3.16241604612011
N           -1.80214797587554        3.63526691133303        3.79421166701018
C           -3.01936175417999        3.85978579912196        3.22111844985852
C           -2.80419887161437        4.02452842613806        1.83010257420458
C           -1.39745763737211        3.87310666838531        1.60247550972663
C           -4.28307394841108        3.95542327080669        3.78709674938368
C           -3.89690119724391        4.29109217276578        1.00388658942731
C           -0.82493233459931        3.63598584473330        2.82310268547347
C           -5.34096320214750        4.22149587341536        2.94432859435214
C           -5.14775743463770        4.38765470645528        1.57065262197399
C            0.58811951361136        3.41221547912630        3.22935586876152
O            0.13590313364552        2.16804774612063       -3.29484393924129
H           -0.27881439253737       -0.30495776609908       -1.08670042348261
H           -0.74522028529049       -0.88988945254063       -4.03783895375210
H            1.73112434560422        1.22397259809626        1.53870831922678
H            4.14938087636011        0.86406261994076        1.73680522088808
H            4.05108896883580       -1.67615450475170       -1.68655395355696
H            1.63813183009144       -1.27182228479254       -1.91607436745052
H            6.16843228354009       -1.32123981308450       -0.48416775755219
H            6.18625366548232       -0.39867224307870        1.02434892375059
H            5.91935127997412        1.72072336465790       -0.23677932055553
H            5.85355099374244        0.03927054301643       -2.64260827529629
H            7.56056427363274        2.75316307635119       -1.54762624546046
H           -1.53328697978568        1.45416819184396       -0.33716924368415
H            1.17012233822132        2.82479412543840        0.06587004578475
H           -1.54097003882074        3.98604745852778       -0.48729698705972
H           -0.53892822300129        6.08959558090692        0.38273612717783
H            0.92597210659162        5.21553993966927        0.81923558487921
H            1.31145871253094        4.62391670765411       -1.55130208865335
H           -0.19110202601884        5.43581540139507       -2.00700799789133
H            1.75997601017077        6.90229373687328       -2.42724247818771
H            0.74450353022979        7.59247599079971       -1.16177682818515
H            2.24207896136266        6.76844666297412       -0.74037266278410
H           -1.64115544674163        3.44225750928889        4.76786385035097
H           -1.51034855723295        7.24828862372926        3.14433810529549
H           -4.42886008369046        3.82468839464844        4.84941396559199
H           -3.76475503296930        4.42554393612114       -0.05919302334740
H           -6.33825002462696        4.30496496845937        3.34988230715764
H           -6.00300029123943        4.59769262081272        0.94585791732203
H            1.25195594616473        3.52152761132827        2.37946002712776
H            0.88043756411284        4.13182295354873        3.99567836051178
H            0.71151442997109        2.41081727520481        3.64390193460291
H            0.68229393009899        2.40477607974993       -2.53627434769632
H           -0.65420473091801        2.71407787275428       -3.22017519262072
O           -1.89009367829439        7.13241767665350        2.27653481874131
H           -0.37629414233501        0.41777349512071       -3.29048078541901
H           -2.23817358165064        6.23801374934072        2.24215459942116
N            5.69953195311555        0.86068994319026       -2.07833854718696
C            7.80466100901140        0.86246392904517       -0.87262453889504
O            8.52756540096985       -0.06923536499677       -0.60541498595189
C            4.00957124780616        1.37686494513155       -3.72250959105253
C            4.66685895795224        1.68214004904861       -2.39595059813778
O            4.34503630899043        2.62012502051064       -1.69534339416221
H            4.26753693252268        0.38747078144410       -4.08542804661466
H            4.31926612314837        2.11999880177574       -4.45401680556996
H            2.93035526498037        1.45106201380881       -3.60806570959312
N            8.24367999375093        2.04784387425717       -1.32618937293639
C            9.63384682258539        2.33734953071270       -1.57277202088495
H            9.95411786747508        3.20426348786325       -0.99766863020440
H            9.80920134883801        2.52719014962421       -2.62995422927741
H           10.20980731804124        1.47037019106134       -1.26401510661433
76
 energy: -110.262498669448 gnorm: 0.018240699143 xtb: 6.7.1pre (5071a88)
N            0.17659461606263        0.32127791402347       -0.44051612014502
C            1.52589477748633        0.07410114381804       -0.26036302012798
C            2.24323852419907        0.62053863150848        0.80632155975115
C            3.59771244805718        0.39797169772302        0.92301973127351
C            4.27741490103239       -0.39466211695362        0.00521762341450
C            3.54399698594753       -1.01635700600637       -0.99687376978231
C            2.18790517264618       -0.79383660507071       -1.12919009930878
C            5.77720252591236       -0.43339892849040        0.00735478085950
C            6.27040916089789        0.81860801274630       -0.74040749363308
C           -0.45810337972089        1.53324194258491       -0.24599538999819
C            0.09697019726048        2.71783425847457        0.00916623058335
C           -0.73245907487564        3.95136984796637        0.25758172552576
C            0.09103635387804        5.24008091303936        0.11883943533746
C            0.64330216535098        5.43804172556794       -1.29063751281788
C            1.38983945899216        6.76102736242031       -1.41385437368358
O           -0.68483276703314       -0.53516553453590       -3.14949031350452
N           -1.79301904004215        3.63735669394810        3.80018125558917
C           -3.01136890217754        3.86277546603892        3.23006289499383
C           -2.79941150168268        4.02620163809284        1.83820195992129
C           -1.39332010344172        3.87412194657837        1.60730860879582
C           -4.27349067595319        3.96112925270227        3.79937891879585
C           -3.89431881415874        4.29192623262985        1.01427470648449
C           -0.81807173309277        3.63744383446889        2.82675875539683
C           -5.33332083184447        4.22750200260913        2.95898707556019
C           -5.14359114113555        4.39064872087417        1.58432925145952
C            0.59602165913199        3.41355103084188        3.22964931718488
O            0.22368644191197        2.14003757957650       -3.30191637213220
H           -0.28583598389678       -0.30076601558299       -1.09103935678702
H           -0.74832639675428       -0.92203076268567       -4.02747659682550
H            1.72585595797586        1.21705756302115        1.53954742997818
H            4.14438469563133        0.85520410668108        1.73569875119350
H            4.04276917467411       -1.67493932772835       -1.69556549648433
H            1.62990738287164       -1.26761468882904       -1.92373221343255
H            6.16000116310561       -1.32300884326894       -0.49619452003176
H            6.17936144897242       -0.41499816938887        1.02061816091882
H            5.91547697681445        1.71740730901552       -0.22259419385321
H            5.85001539600250        0.05754675641198       -2.64220666065498
H            7.54957916936642        2.74472090845065       -1.59563426398287
H           -1.53484962968739        1.45900451503289       -0.33819667282612
H            1.16887566470929        2.82335226944172        0.06999980267441
H           -1.54162432163840        3.98632345578367       -0.48249357788851
H           -0.54208313008998        6.09015672675596        0.37940725857862
H            0.92170956756623        5.22064890785719        0.82546805073277
H            1.32706386166204        4.62272411370821       -1.53583639767540
H           -0.17981352882505        5.42020316535471       -2.00987295785072
H            1.77121045510728        6.89315624291126       -2.42486877915460
H            0.72865442255406        7.59419616767518       -1.18074646565542
H            2.23120936882326        6.78596234672294       -0.72387612181348
H           -1.62924229505207        3.44533565962923        4.77365595465044
H           -1.57774325550168        7.22926133493434        3.12154092396978
H           -4.41665464429088        3.83201850324071        4.86235193214626
H           -3.76503372458670        4.42378545375212       -0.04959727330024
H           -6.32929656519543        4.31344682352564        3.36741581446326
H           -6.00017313137796        4.59998801736958        0.96109777139550
H            1.25767350924164        3.52133118673625        2.37775704111510
H            0.89064353784869        4.13416794169736        3.99411265953716
H            0.72025241059022        2.41263204085163        3.64566459258170
H            0.75471463579032        2.36123852540665       -2.53015795567280
H           -0.55379640098491        2.70492725724425       -3.24427121887807
O           -1.95318694435181        7.13539865809475        2.24649838828200
H           -0.35961165790292        0.37610802695380       -3.28997599605536
H           -2.31736608970009        6.24619582236645        2.19371267746695
N            5.69600070718148        0.87319207904325       -2.07084674011319
C            7.80112151975611        0.86271822128796       -0.85555301981310
O            8.52895340933385       -0.06387011646609       -0.54342802685736
C            4.01283359401050        1.41278671809774       -3.71624145759654
C            4.66608755195057        1.69991559648959       -2.38290591067928
O            4.34313522365821        2.63090971679807       -1.67367496435812
H            4.27204955150800        0.42787167115701       -4.09341632102786
H            4.32401699536017        2.16778019577520       -4.43635876202320
H            2.93347530696193        1.48508541643035       -3.60483391218292
N            8.23491392133443        2.04203134913785       -1.35632977326412
C            9.62522650153678        2.33215289304095       -1.59737908094269
H            9.95404525135692        3.18426408481841       -0.99987439309850
H            9.79592044404090        2.54858962101459       -2.65086466138241
H           10.19558149890434        1.45306289708426       -1.31089283335518
76
 energy: -110.262781447274 gnorm: 0.015292331786 xtb: 6.7.1pre (5071a88)
N            0.17062829722799        0.31260752499410       -0.43177837159476
C            1.52155269397504        0.06854174754773       -0.25714474271794
C            2.23993206973272        0.61579117027755        0.80812402503265
C            3.59521282533580        0.39574940900128        0.92148147098938
C            4.27371524707371       -0.39595559971856        0.00205640181313
C            3.53919202080257       -1.01803023907405       -0.99919633924672
C            2.18254614578546       -0.79748896355249       -1.12829739122636
C            5.77345640265267       -0.43444777356229        0.00156145056815
C            6.26593708108649        0.82163573578008       -0.73921796240395
C           -0.45983705379218        1.52828291156359       -0.23817643836145
C            0.09832240220693        2.71302167378864        0.00888204518572
C           -0.72903619971068        3.94693526277982        0.25882582934172
C            0.09377417174334        5.23595364334847        0.12097905619951
C            0.64305730142694        5.43512529639297       -1.28989779219916
C            1.38540784015917        6.76016618409150       -1.41429445297201
O           -0.66503483123611       -0.52354420185756       -3.15605142276803
N           -1.78868179318251        3.63512900912631        3.80251440901916
C           -3.00678033612715        3.86204643451293        3.23247215946162
C           -2.79504775429414        4.02276031837054        1.84030567304948
C           -1.38936012801816        3.86936884173373        1.60928552013300
C           -4.26833160285709        3.96465684605595        3.80225330596797
C           -3.89027304270991        4.28541890278561        1.01575444719704
C           -0.81402153564911        3.63258995842642        2.82870831439245
C           -5.32820717598572        4.22986101070129        2.96148312562303
C           -5.13920323982895        4.38677611376578        1.58595168650270
C            0.59982716459229        3.40479099430439        3.23041184734979
O            0.25366816558685        2.14778380359861       -3.28902825378151
H           -0.28820489665784       -0.30029051874271       -1.09342487181268
H           -0.75038159799875       -0.91705114753660       -4.02119020258222
H            1.72328277006089        1.21147070146569        1.54251499889296
H            4.14348194351626        0.85429492770878        1.73246689111091
H            4.03732680715779       -1.67547689782298       -1.69917472425503
H            1.62357568868582       -1.27050728896195       -1.92271805808112
H            6.15549856515941       -1.32081884598921       -0.50761464466536
H            6.17772709081201       -0.42173618665297        1.01363434543902
H            5.91109144218784        1.71722683368232       -0.21554943384378
H            5.85328677698945        0.07353902897287       -2.64740185097079
H            7.55072487421541        2.74862273834012       -1.58841651931988
H           -1.53700705790891        1.45503055697806       -0.32392113537515
H            1.17084836494452        2.81788707897277        0.06672199036718
H           -1.53917698330021        3.98283916875460       -0.48044762839305
H           -0.54060942065313        6.08527258439384        0.38234399817497
H            0.92523850862652        5.21636479445795        0.82728414816382
H            1.32932251309196        4.62110269196274       -1.53562539992854
H           -0.18122696424956        5.41432075266564       -2.00892883929437
H            1.76843013557302        6.88979776291422       -2.42551085237198
H            0.72081043681970        7.59280262220153       -1.18543503659481
H            2.22572867126539        6.79031426142302       -0.72183949696422
H           -1.62463598448686        3.44201508295168        4.77578303239585
H           -1.59437491367347        7.22600818147574        3.11065396397698
H           -4.41112753895910        3.83929454668212        4.86578058541311
H           -3.76165382198819        4.41233763356370       -0.04887772464716
H           -6.32354728793028        4.31945290743364        3.37045391813605
H           -5.99587991387082        4.59322632301243        0.96181989462757
H            1.26074942351456        3.50939524164115        2.37747609766725
H            0.89785565471215        4.12509544234595        3.99376863736837
H            0.72132615724193        2.40378521898701        3.64751419730956
H            0.76381361064343        2.34017726154184       -2.49411195547136
H           -0.51495316547183        2.72284643813774       -3.24891276538095
O           -1.96952967066013        7.15217643508059        2.22261313983160
H           -0.35501503713614        0.38371978496195       -3.29227784148286
H           -2.35295567529814        6.26305659761371        2.15311528600292
N            5.69229128834815        0.88324013340887       -2.07006152998107
C            7.79663813055428        0.86667668040877       -0.85103804235014
O            8.52105260724934       -0.05716922461542       -0.55303505003815
C            4.01255095096736        1.42747496021218       -3.71665912839711
C            4.65980147195810        1.70712891240668       -2.37886805334201
O            4.32964798556358        2.63106763609083       -1.66437890147239
H            4.27482476486397        0.44521041112698       -4.09985005742925
H            4.32551651791417        2.18810061242572       -4.43043140078298
H            2.93296457069237        1.49773427525182       -3.60999776401702
N            8.23270947149524        2.04130612496346       -1.35746651865177
C            9.62348633269308        2.32920027251295       -1.60042848345592
H            9.95473558196493        3.17696394530639       -0.99700953189211
H            9.79186855448766        2.55502373576857       -2.65451254331413
H           10.19365713025066        1.44492279496423       -1.32179673891509
76
 energy: -110.263065902699 gnorm: 0.004777192914 xtb: 6.7.1pre (5071a88)
N            0.17019074993204        0.31097836309286       -0.43174535790632
C            1.52097379974403        0.06693837727799       -0.25737312176176
C            2.23911239217693        0.61340367167843        0.80812155172784
C            3.59433983579192        0.39338183391229        0.92138515620326
C            4.27294123392420       -0.39721413649408        0.00131914253079
C            3.53874562136124       -1.01849192136006       -1.00067362341959
C            2.18244422408199       -0.79773957899733       -1.12980747973914
C            5.77265386355978       -0.43502095543837       -0.00018395235783
C            6.26389681256886        0.82188045181610       -0.74087748746640
C           -0.46161924138219        1.52571299447135       -0.23574549731138
C            0.09770186173667        2.71074365440602        0.00963096933060
C           -0.72883282919161        3.94518873078868        0.25977149399333
C            0.09590759353778        5.23309149476723        0.12190896392282
C            0.64427637565684        5.43378133874256       -1.28902879862838
C            1.38538823321245        6.75917020696801       -1.41434922265395
O           -0.67325209044726       -0.51174136805351       -3.15559681134478
N           -1.78736737456492        3.63768201290942        3.80391173500245
C           -3.00540077492270        3.86525108133188        3.23386148249208
C           -2.79393736320494        4.02489641291392        1.84164903979324
C           -1.38871022159731        3.86915676501237        1.61042588249985
C           -4.26720879213466        3.96642934352572        3.80316128896557
C           -3.88905106200447        4.28750764157093        1.01684946562144
C           -0.81308888360898        3.63246936659244        2.82967156269567
C           -5.32725452361230        4.22989341534022        2.96197342192105
C           -5.13821779106675        4.38760016207899        1.58663334018700
C            0.60076369648239        3.40201315256324        3.22969780987085
O            0.25593939616497        2.14657137486680       -3.28024301488892
H           -0.28745633646038       -0.30071449479727       -1.09592857690487
H           -0.75467905117922       -0.91086943812096       -4.02178039934566
H            1.72255124768034        1.20910263920302        1.54250628707845
H            4.14240504990553        0.85168385455233        1.73256091316554
H            4.03744178201907       -1.67474721020027       -1.70138372725089
H            1.62385015457261       -1.26991181273565       -1.92479572891321
H            6.15422215566312       -1.32121113011800       -0.50989312577898
H            6.17773702939394       -0.42265834099287        1.01172477545281
H            5.90784314593234        1.71696608928625       -0.21679873795762
H            5.85435013135115        0.07565799694797       -2.65128129714415
H            7.55030761476618        2.75110748110400       -1.58931322282858
H           -1.53967260180664        1.45156517375520       -0.31885394909643
H            1.17044398857892        2.81641758260738        0.06525481402228
H           -1.53875218685245        3.98224024129279       -0.47955606828486
H           -0.53728242867559        6.08325835868910        0.38405529103591
H            0.92794017215076        5.21228507715143        0.82767432713197
H            1.32967993461316        4.62055771415486       -1.53873743367179
H           -0.18156698233612        5.41431812230359       -2.00567601428678
H            1.76751552116396        6.89135509094660       -2.42441600313780
H            0.72235402953427        7.59043720085544       -1.18294890719855
H            2.22591331686483        6.78908322102867       -0.72439815518679
H           -1.62312261261782        3.44467993199116        4.77717053291008
H           -1.60321684060930        7.21078474292605        3.10720698447892
H           -4.41020716889381        3.84088453244356        4.86656056049024
H           -3.76004869408913        4.41470890239339       -0.04761785424295
H           -6.32291285412827        4.31704909641080        3.37045525130840
H           -5.99505399793484        4.59309190658029        0.96229437237535
H            1.26045768915122        3.50468849346770        2.37572033255551
H            0.90176783139253        4.12207013916976        3.99205603089583
H            0.72091610961385        2.40092579675306        3.64688983130254
H            0.76331825021880        2.32875545582410       -2.48130303930520
H           -0.50571680056098        2.73065644753973       -3.24572514110316
O           -1.96700247131403        7.15349919306989        2.21976637382358
H           -0.31991527033705        0.38298657835211       -3.29318108579784
H           -2.35919685856277        6.27540736455742        2.13576304754282
N            5.69015605166047        0.88392179133103       -2.07155295361190
C            7.79349584627404        0.86791530988305       -0.85819281101964
O            8.51974155384839       -0.05278481227028       -0.55507072059894
C            4.00969487656639        1.43160572474692       -3.71627508989467
C            4.65593103716555        1.70728122186505       -2.37759345295910
O            4.32329839842459        2.62800033685757       -1.65959768285978
H            4.27268046897041        0.45161878572587       -4.10295365101573
H            4.32361097595707        2.19457083294968       -4.42639279308077
H            2.93012080223106        1.50198546786413       -3.61006844207101
N            8.22976997328919        2.04238349135763       -1.35927876764580
C            9.62182406905059        2.32926849765037       -1.59903452235234
H            9.95294235763092        3.17586137651880       -0.99423515635785
H            9.79385440834500        2.55504150252563       -2.65297158696358
H           10.19033244015799        1.44368458834983       -1.32020156702478
76
 energy: -110.263257246964 gnorm: 0.004530833240 xtb: 6.7.1pre (5071a88)
N            0.16899933565921        0.30777252605083       -0.43166390907667
C            1.51963364973482        0.06384126003400       -0.25800613384719
C            2.23770061564422        0.60880341886655        0.80802636935082
C            3.59301118125971        0.38903107119925        0.92087405214148
C            4.27182267671709       -0.39931060306991       -0.00072506607081
C            3.53795835838200       -1.01901603321419       -1.00401002926622
C            2.18187149240411       -0.79857505394619       -1.13257576970743
C            5.77150013234731       -0.43620083341836       -0.00392097811639
C            6.26046377732622        0.82246748305490       -0.74347757976370
C           -0.46442382313520        1.52120786998235       -0.23136524170052
C            0.09675530408522        2.70642443018922        0.01044257016502
C           -0.72762912494875        3.94230685444629        0.26114026048431
C            0.10022260685486        5.22840966713361        0.12314963447674
C            0.64526761695849        5.43114457022558       -1.28873383205900
C            1.38544055855168        6.75699204681216       -1.41359041440765
O           -0.64892884390293       -0.50300873607055       -3.15421948745595
N           -1.78500365258283        3.64181934515254        3.80595772809748
C           -3.00288930969105        3.87049245452632        3.23593268261524
C           -2.79172510373903        4.02837510025160        1.84358698278843
C           -1.38717843531979        3.86893926332507        1.61197648120298
C           -4.26510515820372        3.96965485808381        3.80457602857855
C           -3.88668083233352        4.29075464816524        1.01841956281133
C           -0.81133693086847        3.63229219672482        2.83104585997580
C           -5.32542012557309        4.23036180939654        2.96276228383715
C           -5.13625241212648        4.38901326945811        1.58762951402590
C            0.60236850838801        3.39687505814121        3.22847005214579
O            0.27383691163314        2.14501452847141       -3.26790795872120
H           -0.28730732245354       -0.30143536987986       -1.09977728145402
H           -0.76506131238604       -0.89247904181888       -4.02390129624696
H            1.72114393821028        1.20370653968552        1.54300777613717
H            4.14074363173843        0.84637500648710        1.73274185271712
H            4.03743505916253       -1.67334572279545       -1.70598052052540
H            1.62379861685570       -1.26996713309767       -1.92824594638386
H            6.15287978081171       -1.32165094219466       -0.51488437042202
H            6.17781950683580       -0.42449430643870        1.00763345152146
H            5.90214433492272        1.71566995366243       -0.21755795579701
H            5.85588537806877        0.08214793901123       -2.65816672103280
H            7.54963973131615        2.75703952255907       -1.58827597451911
H           -1.54321783150826        1.44586102430339       -0.31006067675769
H            1.16981456969884        2.81276979442635        0.06157011466007
H           -1.53738907595140        3.98109333737612       -0.47812089651328
H           -0.53041923090234        6.07999379149699        0.38739669471881
H            0.93341849301468        5.20490833265977        0.82762459804058
H            1.32961328989352        4.61885207923587       -1.54346909991452
H           -0.18317841426861        5.41349995920864       -2.00209067883101
H            1.76487345848120        6.89195101750553       -2.42345920402008
H            0.72356735361465        7.58661666761847       -1.17821114994501
H            2.22744657339498        6.78575504870659       -0.72690762129960
H           -1.62048536858246        3.44909730618938        4.77923139264144
H           -1.61649519412673        7.18694157770613        3.10199795899188
H           -4.40847438963024        3.84403956686608        4.86785569175699
H           -3.75712800409046        4.41817181298703       -0.04589413102924
H           -6.32161522163037        4.31385612895361        3.37054837948425
H           -5.99328754887885        4.59294933371678        0.96295530676985
H            1.26015961566520        3.49603741905381        2.37268744612260
H            0.90839463491390        4.11644788682347        3.98923200306350
H            0.71968931008221        2.39563106379593        3.64606409124992
H            0.76276515652077        2.30671607586662       -2.45250011613127
H           -0.48330891382845        2.73518330199816       -3.24542072828156
O           -1.96558603431554        7.15585959764382        2.21203247666332
H           -0.30899020537421        0.39756537471460       -3.29366463743367
H           -2.37313748448276        6.29194812813015        2.10308905611808
N            5.68599658590712        0.88672252468931       -2.07391807908973
C            7.78906397178200        0.87195512927897       -0.86149465971993
O            8.51718620767062       -0.04737510601345       -0.55750512713100
C            4.00442379611122        1.44054680338812       -3.71584214098792
C            4.64809663105273        1.70791918140708       -2.37461029078455
O            4.31085653725534        2.62204092548628       -1.64997688906081
H            4.26855948760480        0.46390801296951       -4.10872773069166
H            4.32002334768848        2.20831696444996       -4.41956878956573
H            2.92478470244399        1.51094953660823       -3.61098618980602
N            8.22546382081831        2.04539161483379       -1.35958171987437
C            9.61905872472906        2.32934531883900       -1.59702008531084
H            9.95008228008985        3.17496418072815       -0.99134673350363
H            9.79527927143225        2.55394721232853       -2.65088245498179
H           10.18469478107420        1.44217315890429       -1.31641205615841
76
 energy: -110.263484034294 gnorm: 0.007547954269 xtb: 6.7.1pre (5071a88)
N            0.16636663954281        0.30166497554900       -0.43025400169274
C            1.51708912354115        0.05825938044463       -0.25846676990215
C            2.23546160382641        0.60045583182893        0.80847531440061
C            3.59103125720283        0.38109960363544        0.92002989698462
C            4.26967041367478       -0.40318434965240       -0.00482009685039
C            3.53570832449808       -1.01985003473852       -1.01016690459080
C            2.17957457577428       -0.80040992849711       -1.13689814162063
C            5.76927348694897       -0.43826268999810       -0.01115140161000
C            6.25423068500176        0.82379527288007       -0.74787558227233
C           -0.46842210130277        1.51379223535880       -0.22430588547666
C            0.09561388373873        2.69923367593867        0.01085550448822
C           -0.72475854686977        3.93766905902157        0.26344526915513
C            0.10808691887997        5.22072641661339        0.12525618416517
C            0.64642317429616        5.42678267786487       -1.28869095982041
C            1.38595802021341        6.75320680715243       -1.41189663069572
O           -0.62954120499900       -0.48577347908241       -3.15653748795537
N           -1.78072780015755        3.64779855110668        3.80924984326430
C           -2.99833043492295        3.87845235240662        3.23944138301629
C           -2.78760714931685        4.03336209668548        1.84675963311109
C           -1.38406780169175        3.86823463136915        1.61444795106030
C           -4.26103178832755        3.97545770294899        3.80732822271669
C           -3.88239813081996        4.29553533271170        1.02118361221634
C           -0.80805925467595        3.63164449572011        2.83335408893189
C           -5.32177547878455        4.23228667914857        2.96472697180045
C           -5.13248937335760        4.39171617577787        1.58975065172649
C            0.60521221672281        3.38783394652590        3.22690948428601
O            0.30469074645644        2.14348740672683       -3.24589509202952
H           -0.28776035726465       -0.30345682928946       -1.10410717988187
H           -0.77619771973479       -0.86042133403670       -4.03039990740577
H            1.71905210279734        1.19340178040292        1.54516160513779
H            4.13863944552844        0.83650010937663        1.73304587772284
H            4.03608844937197       -1.67042397389793       -1.71498044451650
H            1.62178127614461       -1.26852225799858       -1.93461990478046
H            6.15065668781882       -1.32190459439212       -0.52505964160043
H            6.17803678931589       -0.42817852565546        0.99952923664026
H            5.89294910151905        1.71370647571027       -0.21820484357685
H            5.85698609977364        0.09570006295973       -2.66978501486688
H            7.54807585773372        2.76720490390808       -1.58675178069152
H           -1.54793517271840        1.43695492933201       -0.29429710527555
H            1.16915728715056        2.80542326039064        0.05438301193970
H           -1.53453953642131        3.97957288024849       -0.47557910554655
H           -0.51757096134391        6.07453959131663        0.39457884520613
H            0.94393387940284        5.19172070199244        0.82645420134652
H            1.32901525258516        4.61544696503016       -1.55052091966322
H           -0.18619813810165        5.41217453599647       -1.99727700900253
H            1.75992331293837        6.89204347432692       -2.42299832718536
H            0.72516674629495        7.58111681050579       -1.16950748766776
H            2.23144006453429        6.77894551743595       -0.72979769438811
H           -1.61577979440608        3.45593978030634        4.78263234559419
H           -1.64009965847094        7.13919305809711        3.10095219963650
H           -4.40490801087986        3.85021089709038        4.87054792015632
H           -3.75218335601056        4.42316077222289       -0.04304091597524
H           -6.31867937362003        4.31109513918581        3.37168137992330
H           -5.98974820521249        4.59357663461680        0.96464452352653
H            1.26022761030926        3.48081517251528        2.36826428032165
H            0.91929752483602        4.10661654473698        3.98510692113712
H            0.71725082796539        2.38639931513354        3.64557900779722
H            0.76414552462772        2.27256668571809       -2.40497160620705
H           -0.44214530729050        2.74753111797486       -3.24317394616530
O           -1.95911910856491        7.16137859511982        2.19818134724890
H           -0.27289791653845        0.41176227051279       -3.29157334413582
H           -2.40421834363745        6.32227334140766        2.03766609285372
N            5.67811556775308        0.89304229689722       -2.07770417854767
C            7.78182543454243        0.87779664190298       -0.86460782146834
O            8.51175910529648       -0.04136331699118       -0.56209729772404
C            3.99453802456767        1.45682037673489       -3.71508935121627
C            4.63373487802464        1.70980374602506       -2.36913606622173
O            4.28841215682452        2.61178727211365       -1.63273182299488
H            4.26044861649602        0.48511109487773       -4.11832489126024
H            4.31300577607368        2.23293024620706       -4.40843901095448
H            2.91461300029672        1.52680138653758       -3.61321266247227
N            8.21890410845799        2.05059147245935       -1.36002458907375
C            9.61458164099277        2.32994953630981       -1.59396242143732
H            9.94571805316933        3.17488408507002       -0.98798647625160
H            9.79564405642635        2.55206612680055       -2.64766717160724
H           10.17567469552549        1.44070040134276       -1.31003391327774
76
 energy: -110.263647435747 gnorm: 0.012881447058 xtb: 6.7.1pre (5071a88)
N            0.16154764421824        0.29238922049803       -0.42634887979176
C            1.51303427852941        0.05026931009168       -0.25829901902649
C            2.23219733193742        0.58839279340160        0.80997697984154
C            3.58820466717112        0.36985050873962        0.91896317790588
C            4.26616945249868       -0.40861690918925       -0.01101455263286
C            3.53167243729365       -1.02060982975251       -1.01908967547459
C            2.17508822139236       -0.80285960538070       -1.14253864333707
C            5.76559963671999       -0.44075424729835       -0.02170678364290
C            6.24545958940951        0.82646675458199       -0.75319536019195
C           -0.47328023116024        1.50395390947176       -0.21455514661790
C            0.09446291307179        2.68960876156594        0.01102396558027
C           -0.72028419834927        3.93150225951515        0.26637000342532
C            0.11909754149954        5.21036010251427        0.12813381731756
C            0.64738785054107        5.42131402505468       -1.28887938585152
C            1.38686645654607        6.74814457617054       -1.41011033447101
O           -0.60968129629267       -0.46718417814210       -3.16381879091451
N           -1.77482208593916        3.65378031020451        3.81321980386928
C           -2.99195728441103        3.88753672764170        3.24393223396879
C           -2.78169506217468        4.03902409125450        1.85075086423333
C           -1.37942824409988        3.86650961753442        1.61747123394545
C           -4.25495621301373        3.98374222761772        3.81129067159415
C           -3.87642482897052        4.30140498655804        1.02494619643052
C           -0.80341934120109        3.62993733951722        2.83628970052460
C           -5.31619778180337        4.23690721109757        2.96806885776205
C           -5.12695578636053        4.39630375436413        1.59308601679989
C            0.60898878052215        3.37527329435063        3.22562087114844
O            0.35187655675402        2.13927872734831       -3.21293392966998
H           -0.29060898292456       -0.30769355864187       -1.10613989463459
H           -0.77604309456750       -0.81894832825787       -4.04258123997382
H            1.71616085899066        1.17823912257620        1.54951884899102
H            4.13617686199352        0.82234022960497        1.73337983398912
H            4.03274396722035       -1.66581923460997       -1.72833368829195
H            1.61692230816525       -1.26614039358043       -1.94285155695284
H            6.14732621546336       -1.32116746730347       -0.54082530150167
H            6.17784302811678       -0.43406040807159        0.98758918331071
H            5.88193951344174        1.71217367078317       -0.21778114697312
H            5.85676385173409        0.11721852300522       -2.68474352254411
H            7.54543716710835        2.77969865927641       -1.58511015315758
H           -1.55321390404016        1.42612395230844       -0.27285367276195
H            1.16872766596523        2.79412353116591        0.04417637403875
H           -1.53020412401769        3.97756782366781       -0.47243808789807
H           -0.49885276380661        6.06693705757046        0.40663773267873
H            0.95970514309615        5.17283755050588        0.82316333519748
H            1.32735090146062        4.61066576364916       -1.55945760189094
H           -0.19065059422767        5.41097261761387       -1.99152588764819
H            1.75260154003199        6.89240467793333       -2.42390353246632
H            0.72769098921890        7.57488747515509       -1.15737347173357
H            2.23786446389146        6.76895583834987       -0.73395424455039
H           -1.60938552215263        3.46367518636748        4.78688567848576
H           -1.67230239923604        7.07495526278949        3.09225710257335
H           -4.39930009610409        3.85952557605903        4.87457820721765
H           -3.74590182293513        4.42821385478834       -0.03948257624466
H           -6.31368399299997        4.31176067802448        3.37438878945734
H           -5.98443057628397        4.59587170345556        0.96753951699327
H            1.26098075226803        3.45978787553887        2.36364735312967
H            0.93299208179599        4.09322814065180        3.98040154810607
H            0.71355980431935        2.37381615647359        3.64640150118633
H            0.77622297110059        2.24074737320985       -2.34811356741029
H           -0.37935859384807        2.76327083627545       -3.23809397329830
O           -1.95926061541355        7.16550523374079        2.17635186559742
H           -0.24073434822336        0.42852369235663       -3.28539115849464
H           -2.44596105694991        6.35695144497388        1.95294094030763
N            5.66685491470767        0.90383922252544       -2.08181629505925
C            7.77229480805760        0.88346089641730       -0.86896530043880
O            8.50297048731156       -0.03664057537546       -0.56919431931888
C            3.98068580343494        1.48001409050747       -3.71335470652756
C            4.61363760176801        1.71390563698121       -2.36089404094083
O            4.25683253284090        2.59854678459683       -1.60855395653691
H            4.24865758607327        0.51417469837869       -4.12983576747269
H            4.30346099402234        2.26666576092886       -4.39344756363414
H            2.90022607433051        1.54961523754462       -3.61652570898097
N            8.21117338301108        2.05717477112975       -1.36100388025524
C            9.60911805524581        2.33186480547733       -1.58939187191294
H            9.94030568682867        3.17672626497594       -0.98367826244682
H            9.79500204192335        2.55081450004436       -2.64271712498327
H           10.16511142843361        1.44076204917020       -1.30117862709657
76
 energy: -110.263899436984 gnorm: 0.005986075095 xtb: 6.7.1pre (5071a88)
N            0.15711688292089        0.28511841224296       -0.42165029527790
C            1.50963825950939        0.04430778454467       -0.25728270279628
C            2.22971873919439        0.57949576202814        0.81186365849421
C            3.58613249418468        0.36183223731012        0.91827266759720
C            4.26326495293795       -0.41232102984319       -0.01588409182599
C            3.52798461324867       -1.02085927148250       -1.02557591231472
C            2.17074351529811       -0.80470416731635       -1.14592344444842
C            5.76253992291799       -0.44216801095566       -0.02965141234748
C            6.23928733675170        0.82903848781408       -0.75633695407169
C           -0.47610243782128        1.49736991492639       -0.20763738006847
C            0.09410908337845        2.68301292974606        0.01108979120363
C           -0.71659452113004        3.92734806297637        0.26822757484030
C            0.12690535058291        5.20339477641672        0.13004489117991
C            0.64742841269630        5.41783214523745       -1.28936117791254
C            1.38765861639999        6.74453995035634       -1.40943978831145
O           -0.60328889007117       -0.45720698735418       -3.17169475035018
N           -1.77066101859848        3.65595478348493        3.81552286601781
C           -2.98744580934915        3.89201832488098        3.24670905946585
C           -2.77733574994067        4.04179455242595        1.85318715752577
C           -1.37583069521038        3.86469376439334        1.61927178814202
C           -4.25035104052226        3.98946536926419        3.81410357425209
C           -3.87215192904264        4.30447968089020        1.02744421626806
C           -0.79999754901705        3.62806024782638        2.83814020099899
C           -5.31182134741210        4.24152169845431        2.97080867076443
C           -5.12275462580978        4.39984762317091        1.59563552732873
C            0.61163585431069        3.36684566726724        3.22554812060901
O            0.38894023439074        2.13705659179134       -3.19035422632334
H           -0.29458533008346       -0.31201373067082       -1.10389124011340
H           -0.76917860129154       -0.79179141564711       -4.05339400781075
H            1.71408406297867        1.16672715306792        1.55389645362818
H            4.13482762102554        0.81198474494647        1.73355646495342
H            4.02906891593939       -1.66210384721873       -1.73839756060118
H            1.61173203952029       -1.26422612599750       -1.94791652627415
H            6.14478145893565       -1.31970049964850       -0.55335756709383
H            6.17719732539602       -0.43886002253566        0.97859165117647
H            5.87570218255425        1.71182023809662       -0.21613580952308
H            5.85490136171918        0.13478754747205       -2.69431821887445
H            7.54284456944915        2.78704389178907       -1.58394576648219
H           -1.55592667104270        1.41984724901448       -0.25812955863290
H            1.16887327707766        2.78513557824184        0.03748443558904
H           -1.52667102247463        3.97616172833137       -0.47050484102213
H           -0.48528768611986        6.06153682140303        0.41636575972957
H            0.97163093039282        5.15933191322196        0.81958047548445
H            1.32550775888136        4.60719267434534       -1.56497001912601
H           -0.19413247867183        5.41031312164994       -1.98834627062751
H            1.74708356357112        6.89218220830639       -2.42585626644483
H            0.72971889825484        7.57140579180023       -1.14940487392017
H            2.24310273239756        6.76154770531559       -0.73725255770465
H           -1.60497948452387        3.46758404478925        4.78950334090857
H           -1.68808423899035        7.06043175231438        3.05881856620561
H           -4.39482106231265        3.86646641890247        4.87756638478062
H           -3.74186865479618        4.42996900296493       -0.03734594229815
H           -6.30937776377223        4.31585680058656        3.37710378650810
H           -5.98027768064328        4.59842180340713        0.96990619282285
H            1.26219400207633        3.44560174523140        2.36181021827184
H            0.94131367056472        4.08460093540992        3.97799713608143
H            0.71114734255024        2.36567591286878        3.64841602003060
H            0.79603346854721        2.23038180682009       -2.31838634543358
H           -0.33189080185064        2.77245549902009       -3.22882524524188
O           -1.98924749024074        7.15994654776369        2.15333908060357
H           -0.22114393077343        0.43499814189116       -3.27862306518060
H           -2.46156808476877        6.35309636353347        1.92536753129857
N            5.65857231465887        0.91334736146430       -2.08377574933018
C            7.76617430802448        0.88614369842103       -0.87080762515573
O            8.49601434757907       -0.03601046585372       -0.57493038894360
C            3.97067660106570        1.49690355266245       -3.71139193780264
C            4.59917341923434        1.71812707878650       -2.35450125883176
O            4.23442416945140        2.59046942338558       -1.59167816982719
H            4.23970259060539        0.53435754402435       -4.13592345332159
H            4.29679037785520        2.28987563599777       -4.38324961712954
H            2.88977480464251        1.56639755012799       -3.61863951245811
N            8.20668739077366        2.06141828926321       -1.36170517904308
C            9.60554655442744        2.33408242652703       -1.58669897822334
H            9.93654352482104        3.17965666436864       -0.98178383363392
H            9.79328299547324        2.55098484952516       -2.63971816635460
H           10.15916374708258        1.44266759005754       -1.29557557430044
76
 energy: -110.264193991011 gnorm: 0.005045643102 xtb: 6.7.1pre (5071a88)
N            0.14786540808540        0.27179400573187       -0.41127337884858
C            1.50262260482740        0.03335131321048       -0.25474801038980
C            2.22444229712434        0.56331540486118        0.81579011183525
C            3.58154626588594        0.34772712021982        0.91680537296178
C            4.25712907025392       -0.41850783240526       -0.02512952075174
C            3.52052848474603       -1.02100137303802       -1.03727470635226
C            2.16214495642471       -0.80761473459159       -1.15172363942982
C            5.75608612018617       -0.44436458025425       -0.04390883415016
C            6.22880427505018        0.83419893547826       -0.76078142189007
C           -0.48096581102597        1.48627558702366       -0.19514050067542
C            0.09409499246526        2.67149700447704        0.01289806897817
C           -0.71009025175561        3.91976167470808        0.27144744058321
C            0.14008791484895        5.19122299915173        0.13367257316731
C            0.64834978941591        5.41235112035358       -1.28916479644818
C            1.38980801029191        6.73834909000292       -1.40939171711867
O           -0.57736859428151       -0.44666915065977       -3.18532507189150
N           -1.76365380284442        3.65645811399905        3.81900014827121
C           -2.97989800192899        3.89637304879650        3.25082838742220
C           -2.77035456860260        4.04182525187750        1.85659492402840
C           -1.36970910095520        3.85952756431102        1.62218009267207
C           -4.24207080334020        3.99892394684977        3.81881737518492
C           -3.86521964451518        4.30577947123226        1.03116042489526
C           -0.79403648664387        3.62288002491288        2.84114437369536
C           -5.30361568906618        4.25126504661925        2.97577056155554
C           -5.11521175959220        4.40566536828280        1.60003961491827
C            0.61632065488443        3.35276298279769        3.22666243711271
O            0.45790130606348        2.13937347962097       -3.15939243214516
H           -0.30471909790491       -0.32128330877117       -1.09577991911781
H           -0.77134685405372       -0.74372838124741       -4.07596482146573
H            1.70967877096806        1.14583793249707        1.56228900874730
H            4.13193777110114        0.79347891873493        1.73339923626520
H            4.02123643718471       -1.65525057498774       -1.75663863002300
H            1.60133392225277       -1.26196425306567       -1.95538064338837
H            6.13897778033442       -1.31629901084891       -0.57670747897356
H            6.17436951485763       -0.44891871016859        0.96279188928165
H            5.86715175658547        1.71206832204086       -0.21130957615952
H            5.85016349911352        0.16699419015804       -2.70971670134135
H            7.53680092308501        2.79573561851949       -1.58210853529993
H           -1.56090326788420        1.41094913934426       -0.23463528318899
H            1.16980033746374        2.76883408320162        0.02925847616785
H           -1.51994992811044        3.97318315846886       -0.46754283558685
H           -0.46329521802592        6.05137926790159        0.43252485298364
H            0.99225109585773        5.13647262813034        0.81336507806551
H            1.32304764307498        4.60182621213142       -1.57358961556449
H           -0.19895676183246        5.40964388094853       -1.98153285369119
H            1.73932116741133        6.89217984803073       -2.42883421125043
H            0.73582009347474        7.56560045087419       -1.13776154754214
H            2.25212929850353        6.75003444857888       -0.74512122810790
H           -1.59765451510567        3.47204748009561        4.79371560881784
H           -1.72023978401487        7.01857425401741        3.01546410000631
H           -4.38623543231544        3.87922057695849        4.88274948373961
H           -3.73556175878865        4.42938928468078       -0.03408748386207
H           -6.30063242537255        4.32875979884480        3.38263562497142
H           -5.97251417143120        4.60481839531406        0.97433467910044
H            1.26525800870354        3.42202450130606        2.36083588233323
H            0.95389792360535        4.07094310123452        3.97503485129512
H            0.70829973775046        2.35269189362392        3.65387417649025
H            0.84030527952001        2.21995264472086       -2.27879052788304
H           -0.25003429206292        2.78469841919069       -3.20617955594049
O           -2.01918986216342        7.15324874213283        2.11462301734872
H           -0.19409523169500        0.44558156273517       -3.26783304698338
H           -2.50668008598170        6.36436090158396        1.86311401938846
N            5.64440012295117        0.93182595246086       -2.08567050683841
C            7.75573033144917        0.88882648258496       -0.87804567558137
O            8.48379508931115       -0.03550106471271       -0.58660883780495
C            3.95345252621147        1.52604015170867       -3.70587140486089
C            4.57467727100364        1.72763463305954       -2.34255728504720
O            4.19652074740920        2.57961996971662       -1.56345538034030
H            4.22361730627294        0.56870336553080       -4.14192252287894
H            4.28590547235846        2.32719474474646       -4.36510068441152
H            2.87197552079256        1.59638563718592       -3.61993356904697
N            8.19911845654562        2.06724465122358       -1.36377602452842
C            9.59909834956559        2.33897515222450       -1.58233281916560
H            9.92865068116176        3.18556045178276       -0.97769616061215
H            9.79100760319044        2.55394336954375       -2.63472371533328
H           10.15074061163622        1.44794020251157       -1.28735878042424
76
 energy: -110.264529316852 gnorm: 0.006708042208 xtb: 6.7.1pre (5071a88)
N            0.13278904445356        0.25191463579058       -0.39496688345327
C            1.49092652720019        0.01644775211719       -0.25096559272800
C            2.21550002387379        0.53871871437714        0.82139932963630
C            3.57370885362515        0.32701007347381        0.91351797967641
C            4.24706842536375       -0.42682897339338       -0.04044375461158
C            3.50839602531607       -1.02071234892885       -1.05569756046750
C            2.14826406733939       -0.81182668199218       -1.16079137480415
C            5.74563444187683       -0.44756445161160       -0.06588763638062
C            6.21420918285694        0.84215517561721       -0.76649507266311
C           -0.48813067256059        1.47071840802877       -0.17786294419997
C            0.09488312699655        2.65439361475619        0.01695015177262
C           -0.70002880861887        3.90822698496537        0.27632872929429
C            0.15919336113562        5.17369103160789        0.13992542637296
C            0.65071433186196        5.40431793357913       -1.28750970897351
C            1.39387975603757        6.72900668643218       -1.40868025040129
O           -0.56265523191879       -0.42287813400892       -3.20698905693816
N           -1.75368194494054        3.65331298439094        3.82374000133554
C           -2.96907566899085        3.89887291226994        3.25624724972823
C           -2.76023170097771        4.03836001070571        1.86115270761667
C           -1.36059820301337        3.85017969396018        1.62644210282489
C           -4.22975170758356        4.01158876485020        3.82552613971061
C           -3.85495807611204        4.30538015499575        1.03630410619954
C           -0.78518115667936        3.61318625263454        2.84550275677574
C           -5.29102627527747        4.26718343358618        2.98318331223560
C           -5.10365275705975        4.41472164706559        1.60654916964896
C            0.62341663792281        3.33278345417334        3.22971633130709
O            0.55973805924192        2.14431721763621       -3.11970311253855
H           -0.32280067374266       -0.33646573419984       -1.08098024062207
H           -0.76790363863164       -0.68260344746598       -4.10462347811160
H            1.70204539976130        1.11354415597438        1.57494804846009
H            4.12692520236746        0.76581209691286        1.73198818506204
H            4.00824895443985       -1.64437625469729       -1.78502690494261
H            1.58474478188923       -1.25917013643545       -1.96634955684558
H            6.12907402903538       -1.31075621116901       -0.61290456757800
H            6.16824922068946       -0.46561052876234        0.93899898122502
H            5.85668332131290        1.71211078622000       -0.20176296962369
H            5.84231704250007        0.21621184280610       -2.73139931911839
H            7.52586432866554        2.80545166652633       -1.57815663054088
H           -1.56873981934337        1.40048681133097       -0.20395690126175
H            1.17179051462395        2.74435716298796        0.02208200338790
H           -1.50905499674849        3.96846088196260       -0.46335302589495
H           -0.43287839182673        6.03593479900707        0.45538892708605
H            1.02111030889214        5.10456923211874        0.80633250365968
H            1.32071525040418        4.59431607477304       -1.58471324644349
H           -0.20459875384401        5.40835915766775       -1.97013082995061
H            1.72985134873216        6.89051551560741       -2.43141572654696
H            0.74650483572816        7.55653719450831       -1.12211548613938
H            2.26539875331339        6.73419147863918       -0.75659413588132
H           -1.58744562221058        3.47492446708300        4.79957958293137
H           -1.76514416194751        6.95538636689756        2.95463475870229
H           -4.37306665674025        3.89750563393081        4.89023108081544
H           -3.72649654809011        4.42469055029650       -0.02969439093486
H           -6.28678588347564        4.35295311900643        3.39133163859747
H           -5.96048074620569        4.61632121174456        0.98107200509727
H            1.27082324687091        3.38903818794772        2.36179293774883
H            0.97020345306877        4.05259700299403        3.97213616403739
H            0.70598515060504        2.33486199035714        3.66388955860618
H            0.90132475496951        2.19636305007881       -2.21765641103641
H           -0.12294650170500        2.81676271526240       -3.18634206876989
O           -2.05680486796281        7.14424426826132        2.05909100736216
H           -0.13912414214976        0.45523876982373       -3.25940826797392
H           -2.57833602182382        6.38548753785419        1.77323051604927
N            5.62443352474215        0.96124208378646       -2.08728622568100
C            7.74127283687007        0.89327771926913       -0.88836847438341
O            8.46704707908936       -0.03434804163274       -0.60494266889694
C            3.92883352094923        1.56871440922032       -3.69594715552947
C            4.53975769530349        1.74386166252157       -2.32440699276240
O            4.14280392622039        2.56726737265491       -1.52350661165196
H            4.19946745706414        0.61814508723617       -4.14614495540623
H            4.27119178741424        2.37924009318433       -4.33839620568817
H            2.84686484840022        1.64189367564319       -3.61936983402149
N            8.18780682135468        2.07515520859743       -1.36618356351413
C            9.58861934930944        2.34725694553593       -1.57754843176446
H            9.91472788847302        3.19517309285569       -0.97251358969021
H            9.78707851787750        2.56065999619802       -2.62915825894320
H           10.13949261410479        1.45753233205393       -1.27786331871081
76
 energy: -110.264725708078 gnorm: 0.011925224895 xtb: 6.7.1pre (5071a88)
N            0.11767846488287        0.23502345515684       -0.37898654368824
C            1.47876992984241        0.00120290573721       -0.24694893302430
C            2.20608298850727        0.51753674539243        0.82636396672116
C            3.56536449755669        0.31079760179342        0.90931148239482
C            4.23683889958912       -0.43178559324469       -0.05531538032246
C            3.49601439759327       -1.01954586007349       -1.07172260593230
C            2.13414810501940       -0.81558609062169       -1.16766660346834
C            5.73516692313448       -0.44946533587665       -0.08452286272968
C            6.20412640487622        0.84970106585041       -0.76807943203867
C           -0.49297152393291        1.46018837331313       -0.16764428816845
C            0.09746732106217        2.64067494001130        0.02215516451846
C           -0.69119079278016        3.89808189304969        0.28013775783422
C            0.17274704915251        5.16057854285149        0.14592876462023
C            0.65377277659783        5.39796809706123       -1.28398190478332
C            1.39845274308975        6.72106293572555       -1.40800357453322
O           -0.54423496297681       -0.41037777401566       -3.22309018949524
N           -1.74671003370228        3.64205467787101        3.82646281805485
C           -2.96132442431749        3.89190750707338        3.25905239477069
C           -2.75275255368455        4.02733176356806        1.86356388168007
C           -1.35328846151625        3.83868074795215        1.62945942270170
C           -4.21970497142883        4.01941027589918        3.83048405655126
C           -3.84703456327501        4.29896021488820        1.03953397375451
C           -0.77817195702360        3.60116443415845        2.84865646210725
C           -5.27991088884053        4.28404447924482        2.98957526138942
C           -5.09364713557088        4.42268118322187        1.61185152230089
C            0.62927500633229        3.31959918928152        3.23554696336822
O            0.63344921558052        2.14403286403981       -3.09705592295187
H           -0.34401783900495       -0.35280963355097       -1.06115162829801
H           -0.77377369294986       -0.64156003969451       -4.12453043700879
H            1.69364611434594        1.08432021651046        1.58670723802631
H            4.12173679693403        0.74347757639529        1.72880652157803
H            3.99424393670533       -1.63410618254972       -1.80979780664796
H            1.56807578708721       -1.25879142761502       -1.97337418107515
H            6.11831319252402       -1.30438406816157       -0.64480836218894
H            6.15932389748791       -0.48233563018563        0.91953894903594
H            5.85330651546370        1.71260565477993       -0.18865029840854
H            5.83292406819401        0.25872887729357       -2.74350850093848
H            7.51229038586345        2.80629411693188       -1.57354030984604
H           -1.57443756145352        1.39833207068023       -0.18955534185167
H            1.17482359990312        2.72354068339926        0.02699548630506
H           -1.49868205808148        3.96320985004503       -0.46062755805814
H           -0.41380541337229        6.02222887797086        0.47128398055621
H            1.04027594198661        5.08318085623009        0.80346782870405
H            1.32039583539615        4.58843985485835       -1.58938604370367
H           -0.20665910132865        5.40627958318905       -1.95936480057849
H            1.72533606805245        6.88553147466450       -2.43202930687722
H            0.75746590284249        7.54905201282373       -1.11354232610251
H            2.27585441280598        6.72313473208567       -0.76592069936417
H           -1.58075525673680        3.46924303562942        4.80333978084583
H           -1.79808522949706        6.92859751811255        2.89611353733742
H           -4.36142179434575        3.91161305129521        4.89604919623682
H           -3.72031676092854        4.41156956160074       -0.02735393438037
H           -6.27348417384999        4.38532691099335        3.39990705336344
H           -5.94966641973362        4.63006380475913        0.98706289380248
H            1.27760645058654        3.36761665079508        2.36825430971407
H            0.97736141690535        4.04330868731024        3.97320055345883
H            0.70826256288247        2.32487602958077        3.67713930319652
H            0.97346453008930        2.19140051697163       -2.20196394049232
H           -0.01673592117721        2.85328377454652       -3.16782346346639
O           -2.08651979088733        7.13286526105486        2.00739814075495
H           -0.10481332029724        0.45626515999777       -3.25988288948675
H           -2.63698999974204        6.39378667364118        1.72517990673065
N            5.61079762485316        0.98910496288755       -2.08478956723865
C            7.73178912870793        0.89592840803473       -0.89642994035855
O            8.45545748586823       -0.03467844521791       -0.62077030654037
C            3.91256127838592        1.60076687758117       -3.68479046008227
C            4.51608371565371        1.76128352305889       -2.30954010004664
O            4.10737003313066        2.56569254010904       -1.49786992608534
H            4.18025692596459        0.65245152448731       -4.13893579535580
H            4.26471461001595        2.41195212978277       -4.31891154908418
H            2.83086040103616        1.68052802009954       -3.61501975461274
N            8.17903848804944        2.07994813209506       -1.36714492114784
C            9.57844116299194        2.35738218694815       -1.57632010332607
H            9.89944256528823        3.20676698057171       -0.97017545405296
H            9.78059622523906        2.57208728177267       -2.62748742316761
H           10.13363481833839        1.47067654615177       -1.27551320146502
76
 energy: -110.264764537074 gnorm: 0.010705809340 xtb: 6.7.1pre (5071a88)
N            0.10729672514626        0.22332876937880       -0.36957449565858
C            1.46958263475341       -0.01026382042299       -0.24489912443083
C            2.19895965334172        0.50158179160586        0.82917306328252
C            3.55907697212776        0.29864881988469        0.90578904410352
C            4.22936732094480       -0.43542530684747       -0.06632861926790
C            3.48681847055767       -1.01883700985830       -1.08377275975580
C            2.12380991481825       -0.81879210646247       -1.17321897530816
C            5.72768796168622       -0.45166425492711       -0.09814528407584
C            6.19691175771047        0.85409418429114       -0.76901855072951
C           -0.49687895651462        1.45245955743747       -0.16199747259620
C            0.09931559787523        2.63006455627257        0.02627610116614
C           -0.68505427016801        3.89005766959867        0.28357897777536
C            0.18197472740159        5.15084344529988        0.15079164915467
C            0.65607244793435        5.39202978895728       -1.28087403853937
C            1.40130550167631        6.71472954249517       -1.40606674255314
O           -0.52712542050550       -0.38827499997119       -3.23170007477725
N           -1.74190057280758        3.63514592071141        3.82952716015146
C           -2.95573503237591        3.88832856946914        3.26202163702710
C           -2.74701879389692        4.02153221036918        1.86645808113049
C           -1.34799835217880        3.83105852188887        1.63257799190077
C           -4.21270332938522        4.02533273820625        3.83447184031679
C           -3.84073376157511        4.29621556702429        1.04257672084397
C           -0.77317831358150        3.59311976679478        2.85180540392795
C           -5.27197999328995        4.29615754110117        2.99416836001402
C           -5.08618781506638        4.42914990960412        1.61583121688832
C            0.63383227411239        3.31096597247395        3.23997671499847
O            0.69381422938692        2.15777861075709       -3.09466188083209
H           -0.35785789361128       -0.36322153964127       -1.05090976686335
H           -0.77478515678155       -0.60618495130760       -4.13294772365922
H            1.68704726626695        1.06183128976996        1.59473791885219
H            4.11745323539648        0.72732764382686        1.72595380586525
H            3.98411589345463       -1.62643361721123       -1.82815280370584
H            1.55635734425567       -1.25856649228358       -1.97974766135548
H            6.11002489299357       -1.30082116937883       -0.66748116422626
H            6.15282757766482       -0.49485819928479        0.90517641855004
H            5.84896896831275        1.71113472405733       -0.17928682069160
H            5.82960882588366        0.28832469496475       -2.75237397974432
H            7.50184981314269        2.80948667836803       -1.56965197975770
H           -1.57891095145001        1.39674758572154       -0.18340241830200
H            1.17685055027639        2.70916044342256        0.03266060217359
H           -1.49160947461674        3.95835270730115       -0.45764973708755
H           -0.40134886989994        6.01229987433804        0.48162241868981
H            1.05185286786463        5.06890879467084        0.80395044015495
H            1.32030782800051        4.58289720881459       -1.59219419973033
H           -0.20849477049290        5.40336465758943       -1.95076855447643
H            1.72064362972904        6.88089360067309       -2.43205290034818
H            0.76355805408830        7.54216350525431       -1.10484777761184
H            2.28344349787320        6.71359771892655       -0.77100756790513
H           -1.57621864065138        3.46503090612634        4.80685974726979
H           -1.81910975958724        6.90479023334601        2.85414567131196
H           -4.35369270937817        3.92091974047416        4.90041371116397
H           -3.71489354793923        4.40273935727421       -0.02505430527365
H           -6.26426614020678        4.40703171284352        3.40547528392877
H           -5.94166627552330        4.63994840992854        0.99126529926099
H            1.28238255322523        3.35282881915696        2.37256991447486
H            0.98307818248915        4.03833952696394        3.97361989641728
H            0.71086258162902        2.31864336871254        3.68724207132374
H            1.00988072047095        2.15836823599841       -2.17530548060999
H            0.05040505398654        2.86483635771774       -3.14564759123444
O           -2.11704972081719        7.13241894581208        1.97344883636029
H           -0.07391047521123        0.46866819730031       -3.26575384991252
H           -2.67103958749031        6.40324722612540        1.68124712769377
N            5.60279350624635        1.00811254492542       -2.08335913103552
C            7.72461716241803        0.89987741914478       -0.90043029654693
O            8.44815820720491       -0.03285933358005       -0.63033029303928
C            3.90459045707508        1.62317350059061       -3.67938167865537
C            4.50060577215797        1.77236339975410       -2.29975144119868
O            4.08068607984142        2.56136243913555       -1.47823673948115
H            4.17020516819119        0.67639896319388       -4.13763305354971
H            4.26463398003485        2.43670797482067       -4.30606164011099
H            2.82305766703160        1.70768171425912       -3.61554508260399
N            8.17120302485325        2.08466100443237       -1.36681992744529
C            9.56968920123717        2.36485756220881       -1.57611917891955
H            9.88799862580151        3.21500137717967       -0.96974756247300
H            9.77279550519623        2.57990448625079       -2.62724976850952
H           10.12696870119454        1.47917479624492       -1.27525303164532
76
 energy: -110.264887984594 gnorm: 0.008724613017 xtb: 6.7.1pre (5071a88)
N            0.10530754913053        0.22074773806619       -0.37006027797216
C            1.46703905493142       -0.01369690597808       -0.24581535253487
C            2.19689390373892        0.49645184532651        0.82883098860803
C            3.55725339440862        0.29454289722222        0.90433218975960
C            4.22750719222441       -0.43685016385114       -0.06956839352867
C            3.48449525876820       -1.01885463588373       -1.08782228535512
C            2.12132448351953       -0.81999479231068       -1.17594400836465
C            5.72599306985061       -0.45333481049276       -0.10196139993119
C            6.19498500137814        0.85413242847479       -0.76888142575668
C           -0.49822936899598        1.45019664651854       -0.16278235086473
C            0.09975576579183        2.62658367226549        0.02722530539433
C           -0.68382387690329        3.88717891083652        0.28514348365193
C            0.18372571556474        5.14787711157168        0.15254674522913
C            0.65668431164748        5.38900586299267       -1.27952135174552
C            1.40177006880735        6.71226224495731       -1.40389900867425
O           -0.53539958503750       -0.37899554862312       -3.23028285963151
N           -1.74080675611988        3.63477334877913        3.83150069096431
C           -2.95424105280192        3.88909197855054        3.26384710147791
C           -2.74524230563049        4.02187014181473        1.86837457798639
C           -1.34659922847511        3.82953180631957        1.63435797588354
C           -4.21110375196329        4.02716399972691        3.83595141999634
C           -3.83854762617926        4.29690300091885        1.04405954540409
C           -0.77194425804924        3.59147882447459        2.85356640509870
C           -5.26993700329986        4.29892541092453        2.99531326762707
C           -5.08396371437728        4.43117033470078        1.61698249832682
C            0.63536452061430        3.30930384836361        3.24134570950348
O            0.69229558974684        2.14807692526905       -3.08189507112114
H           -0.35979595929336       -0.36457928273722       -1.05295706352658
H           -0.76651365242304       -0.59959926377392       -4.13043701344067
H            1.68484370946410        1.05425482571358        1.59605411296076
H            4.11570514317091        0.72243688821174        1.72483135870518
H            3.98183971639660       -1.62429016072253       -1.83377591550210
H            1.55395732683998       -1.25846742212699       -1.98340275465400
H            6.10774543826689       -1.30103088775169       -0.67335815795204
H            6.15126678241926       -0.49895462761049        0.90099175477725
H            5.84540273343809        1.70870314313170       -0.17680620262613
H            5.83284530239284        0.29510290205044       -2.75490418412105
H            7.49850910156016        2.81374176496739       -1.56735138338120
H           -1.58021788660619        1.39596289521140       -0.18662601773407
H            1.17728861643136        2.70599877312010        0.03539696793895
H           -1.49052724233841        3.95585983833403       -0.45573646198421
H           -0.39942744348794        6.00973107462091        0.48320930594012
H            1.05288340536083        5.06593724602447        0.80647479742925
H            1.32044233689161        4.57995215454699       -1.59193505803841
H           -0.20913839085692        5.40100826210425       -1.94812972934083
H            1.71809837756367        6.87885164865781       -2.43148234104926
H            0.76352960269539        7.53890853505872       -1.09963395571960
H            2.28575875684131        6.70926984549274       -0.77037030641792
H           -1.57523837870115        3.46399694409020        4.80867079092824
H           -1.82043339032863        6.88733285597819        2.84690329138251
H           -4.35241036187579        3.92248004972723        4.90175739117764
H           -3.71241009354694        4.40160175719216       -0.02373261756858
H           -6.26213239883353        4.41055834969086        3.40622944051737
H           -5.93922989558394        4.64237834984296        0.99221907825948
H            1.28349030579173        3.34916538434298        2.37326156538442
H            0.98531319790460        4.03851054673097        3.97324775627085
H            0.71244277687486        2.31775941170987        3.69057504992651
H            1.02809419560803        2.15536940967082       -2.17794655415167
H            0.06598876928967        2.87473157287089       -3.13439803285646
O           -2.12719923873746        7.14075799828923        1.96835092553972
H           -0.06467171440593        0.47195404292944       -3.26276062958681
H           -2.68016287813686        6.41548842386762        1.65516182515740
N            5.60263838816493        1.01190264673077       -2.08334804086988
C            7.72237927847185        0.90328909537715       -0.89830464201590
O            8.44715533240003       -0.03010735526413       -0.63026576267276
C            3.90734425903088        1.62917523396074       -3.68140621981095
C            4.49820601517063        1.77360513370247       -2.29820828034454
O            4.07250524981044        2.55668234721911       -1.47193430170307
H            4.17250683952388        0.68267625462162       -4.14204942896377
H            4.27112067428357        2.44519494084453       -4.30434245656502
H            2.82576900487199        1.71538037838359       -3.62121491465735
N            8.16754353192985        2.08777159608666       -1.36494115114567
C            9.56587758114888        2.36747055793363       -1.57646917972998
H            9.88487376027963        3.21749094673612       -0.97076870230141
H            9.76694250010042        2.58204084075132       -2.62790932075727
H           10.12264456243590        1.48100201259064       -1.27637275060022
76
 energy: -110.264963025618 gnorm: 0.008036454678 xtb: 6.7.1pre (5071a88)
N            0.10634461599880        0.22221244966038       -0.37449654219764
C            1.46695786338746       -0.01368801551746       -0.24806177855562
C            2.19647403224802        0.49563711318743        0.82732570466274
C            3.55676019303638        0.29382088072414        0.90369810731137
C            4.22759004630105       -0.43711020654989       -0.06970966599506
C            3.48482928753809       -1.01899328346895       -1.08849344834308
C            2.12190925499692       -0.82003125352910       -1.17756793141628
C            5.72632423462511       -0.45444463635514       -0.10095232231447
C            6.19595953799029        0.85308977889375       -0.76602937113759
C           -0.49771213706906        1.45137244245700       -0.16814550225211
C            0.10004974956106        2.62660340265929        0.02878990457085
C           -0.68528884138549        3.88637589768248        0.28609000974649
C            0.18022360182911        5.14846035793137        0.15292957353300
C            0.65734170380317        5.38709610479419       -1.27785470310368
C            1.40206333551373        6.71092329694859       -1.40212157772872
O           -0.53517329207015       -0.38284077945200       -3.22626882328246
N           -1.74216116103255        3.63359890830305        3.83274086608274
C           -2.95542429278437        3.88784561246744        3.26470211736787
C           -2.74600225833583        4.02133375362534        1.86949493968126
C           -1.34736468810438        3.82905886222610        1.63569132950875
C           -4.21241246509928        4.02579059787198        3.83617396474709
C           -3.83871294686109        4.29642145800567        1.04454282895861
C           -0.77282716003019        3.59086018668313        2.85489256755563
C           -5.27054501633249        4.29874573550811        2.99506792187834
C           -5.08412360233781        4.43130378944759        1.61689704479215
C            0.63523505669615        3.31230928085501        3.24319671131042
O            0.67022589775382        2.14087305858459       -3.08065991171451
H           -0.35801980542710       -0.36277215748394       -1.05845160789568
H           -0.77478172999293       -0.59824490305321       -4.12960244629025
H            1.68392573399735        1.05243285686231        1.59477205249579
H            4.11458650591260        0.72199863678855        1.72444611864788
H            3.98236094158912       -1.62431461059696       -1.83412358200473
H            1.55510965186025       -1.25872935596615       -1.98539321405395
H            6.10755104119821       -1.30191432740287       -0.67250069727230
H            6.15056996470130       -0.50102918532366        0.90211254381728
H            5.84399871725892        1.70688468368337       -0.17478568102866
H            5.83741641087850        0.29116302823160       -2.75041582677131
H            7.49640985011059        2.81539992013041       -1.56503732454061
H           -1.57936810813482        1.39814364657045       -0.19986415980705
H            1.17734792283333        2.70751711885327        0.04276343581373
H           -1.49239377461985        3.95334169705488       -0.45434880968753
H           -0.40597149668609        6.01019072442972        0.47861474371736
H            1.04672781853012        5.07041118230338        0.81070416431956
H            1.32207405028241        4.57783109366951       -1.58685932177708
H           -0.20677423757119        5.39763342241126       -1.94852056899431
H            1.71972490843674        6.87674525157810       -2.42960380935248
H            0.76242578848729        7.53717857714358       -1.09926853035255
H            2.28492791893918        6.70857311676748       -0.76690493379418
H           -1.57684979311398        3.46073755251695        4.80953142456051
H           -1.82180249751423        6.91146762855451        2.84288013454392
H           -4.35426416030842        3.92000812119708        4.90174156102122
H           -3.71186300317870        4.40105515042644       -0.02311797782349
H           -6.26268431863542        4.41103638559026        3.40544330399174
H           -5.93898637826365        4.64348167651604        0.99193086195979
H            1.28356695654960        3.35309800376049        2.37525870199356
H            0.98291728628342        4.04356528429370        3.97435519428299
H            0.71527834457107        2.32156292631176        3.69354891381636
H            1.02817926941631        2.15016884488803       -2.18794356708663
H            0.05625434728917        2.88328282680367       -3.13061121270680
O           -2.11719699401733        7.13774147334329        1.96130842840905
H           -0.07280238172043        0.47191182072572       -3.25721375628076
H           -2.67640670420032        6.41139669471100        1.66988670023689
N            5.60711733481132        1.00980060733439       -2.08167444800636
C            7.72314619726924        0.90522655984952       -0.89409274625623
O            8.44947940918228       -0.02695134589304       -0.62461282364018
C            3.91813194292821        1.62594563968698       -3.68643465569218
C            4.50471553403986        1.77195842098825       -2.30144543313345
O            4.07904187595966        2.55769082840964       -1.47902092367817
H            4.18213542933264        0.67728819027329       -4.14353287680320
H            4.28605781365184        2.43951589608381       -4.31049180191811
H            2.83659791904995        1.71504005286262       -3.63021640149167
N            8.16603536572618        2.08977631394006       -1.36150874362958
C            9.56374131653112        2.37032429308644       -1.57720833108052
H            9.88459475519410        3.21972438465358       -0.97198601148164
H            9.76017371620413        2.58580151841788       -2.62916474924478
H           10.12130279450034        1.48327904043802       -1.28021332377934
76
 energy: -110.265040216783 gnorm: 0.006132945396 xtb: 6.7.1pre (5071a88)
N            0.10306352567331        0.21919425066362       -0.37559296195595
C            1.46340568282142       -0.01793374277481       -0.24996837385566
C            2.19316604656197        0.48830256652739        0.82684933056250
C            3.55365720779955        0.28761510526692        0.90175814691000
C            4.22465220597721       -0.43947529714904       -0.07435019425269
C            3.48170976309615       -1.01909223060056       -1.09431203224476
C            2.11859861599699       -0.82101850703211       -1.18205898334175
C            5.72357412961417       -0.45664274260239       -0.10547324253530
C            6.19360086030793        0.85405841370159       -0.76351894348516
C           -0.49859045460692        1.44987063768417       -0.17125018169211
C            0.10087866381665        2.62288476551613        0.03267867500363
C           -0.68454677547926        3.88279551041684        0.28867258914112
C            0.17986568715080        5.14553225077699        0.15528911038063
C            0.65898731985949        5.38285211750191       -1.27480563593346
C            1.40370437548873        6.70672417704752       -1.39983534376262
O           -0.53873810601135       -0.37457590002371       -3.22633493421481
N           -1.74155832731440        3.62973572995154        3.83533434503353
C           -2.95443954497260        3.88505981460960        3.26692295038472
C           -2.74466036493672        4.01784694425969        1.87181360728273
C           -1.34613528163520        3.82540168795892        1.63844955958751
C           -4.21106579947948        4.02700340159039        3.83828390382117
C           -3.83654436746343        4.29465325863135        1.04642321036062
C           -0.77182934491737        3.58702201999097        2.85769057324842
C           -5.26820345934753        4.30358729884581        2.99704326032974
C           -5.08148299815776        4.43425271905589        1.61873368246034
C            0.63662139011910        3.31200509862099        3.24729661096435
O            0.67826775587608        2.14391935025886       -3.08165982865607
H           -0.36201966691384       -0.36463715988018       -1.06017986338712
H           -0.77157619851740       -0.58894482248375       -4.12911209870110
H            1.68034529017422        1.04173558038328        1.59652409155429
H            4.11156082346958        0.71382081286301        1.72349915285828
H            3.97910589463789       -1.62158554291423       -1.84221323713631
H            1.55170466198131       -1.25831821514255       -1.99057283116910
H            6.10432256675510       -1.30130050970855       -0.68144826932834
H            6.14723842032583       -0.50894823078460        0.89756507524867
H            5.84041491843787        1.70490911875268       -0.16893773552812
H            5.84076826685758        0.29922412789077       -2.74989835486758
H            7.48991607950689        2.81745002498508       -1.56124181073840
H           -1.58017949280906        1.39989825990882       -0.20994101357283
H            1.17799766349552        2.70297728186319        0.05375756571491
H           -1.49167488597961        3.94902329173578       -0.45162630688563
H           -0.40825825564046        6.00680492998658        0.47849882184434
H            1.04516247835453        5.06943823662194        0.81475549586537
H            1.32416534985685        4.57349121213188       -1.58194861516751
H           -0.20428674551351        5.39269984632561       -1.94622502900627
H            1.72087847828688        6.87263446996255       -2.42711431423218
H            0.76441697825683        7.53272121160264       -1.09689883921916
H            2.28662643346083        6.70475091627590       -0.76534414376011
H           -1.57656820308401        3.45619453668645        4.81204444782180
H           -1.82512450045958        6.91259977937352        2.82552080436518
H           -4.35319286028412        3.92196406742368        4.90387983898853
H           -3.70930360538786        4.39754819603031       -0.02132959199799
H           -6.25981494075231        4.42066070598251        3.40744158700720
H           -5.93569525457545        4.64889078374451        0.99368384004961
H            1.28521376078089        3.35111432410584        2.37957789713823
H            0.98242268911841        4.04672830957708        3.97590908138311
H            0.71882456551320        2.32320942313711        3.70134566067926
H            1.05183879072311        2.14238420239395       -2.19495074506986
H            0.06703081109429        2.88202380341389       -3.10689088206170
O           -2.12141826344898        7.13983075959307        1.94557350289212
H           -0.07417483867347        0.47805402405307       -3.25657774739432
H           -2.69072141479186        6.41850354071118        1.65818948564621
N            5.60798294796330        1.01534590785778       -2.07978112095383
C            7.72088075827837        0.90831747468261       -0.89099132534291
O            8.44845467910450       -0.02286199596749       -0.62162813679198
C            3.92531727137818        1.63123979316845       -3.68975555050362
C            4.50479368987034        1.77484858885682       -2.30186040250817
O            4.07440035746267        2.55735130037380       -1.48044963819331
H            4.18758403859438        0.68092813001520       -4.14355798107934
H            4.30149986334224        2.44153783721059       -4.31258937413587
H            2.84385276574439        1.72568958835677       -3.64057062579370
N            8.16140319915882        2.09357905405372       -1.35771213321410
C            9.55801370240979        2.37638572493121       -1.57795755755744
H            9.87975775115187        3.22557111137556       -0.97306716016270
H            9.75028378788826        2.59317350633175       -2.63046943441052
H           10.11787098751722        1.48976398352379       -1.28400337878925
76
 energy: -110.265158272422 gnorm: 0.013040913390 xtb: 6.7.1pre (5071a88)
N            0.09256309901880        0.20633765734167       -0.37761140785660
C            1.45283520771878       -0.03301904894373       -0.25569990422938
C            2.18322715035601        0.46230422209724        0.82613201794606
C            3.54439448377023        0.26421938177578        0.89647222528616
C            4.21565575235747       -0.44960637319129       -0.08958801712626
C            3.47239803622419       -1.01997123105347       -1.11479979490812
C            2.10860197669481       -0.82455570694615       -1.19781610801347
C            5.71489249762572       -0.46418389981747       -0.12289798971846
C            6.18235448419808        0.85820384995486       -0.75944603790260
C           -0.50323096468176        1.44044005658439       -0.17435653201515
C            0.10204486977427        2.60818777217790        0.04291920503451
C           -0.68051078106083        3.87038389200852        0.29707993798236
C            0.18456337545456        5.13239675431097        0.16277593132425
C            0.66400276250104        5.36850862878699       -1.26726134667740
C            1.40863451192455        6.69260490020743       -1.39298542327672
O           -0.52373278280521       -0.35482473329035       -3.23213290007497
N           -1.73701119574156        3.62392183883812        3.84435682920766
C           -2.94864910342248        3.88374817913718        3.27529239002076
C           -2.73801207744278        4.01320929533377        1.88015210502307
C           -1.34056068329340        3.81548276869731        1.64738909592682
C           -4.20478647988918        4.03476984212675        3.84579401662593
C           -3.82763916312326        4.29484687032645        1.05344893470873
C           -0.76703863065242        3.57659047631453        2.86675826591879
C           -5.25963159200476        4.31807103679039        3.00370755063000
C           -5.07187117892883        4.44479949650793        1.62513532460747
C            0.64176950206844        3.30398231287754        3.25728213578353
O            0.72236003838199        2.14301113301461       -3.05958604219089
H           -0.37259273086821       -0.37119212988341       -1.06774665584174
H           -0.78181428442724       -0.53548666688057       -4.14307980999556
H            1.66975896456948        1.00541097378707        1.60308278969075
H            4.10232932047629        0.68285482869041        1.72231586677459
H            3.97011944526460       -1.61204489088881       -1.87112359102563
H            1.54144130335582       -1.25474636019098       -2.01011448782823
H            6.09510509745055       -1.29932402445284       -0.71386902641850
H            6.13926135942754       -0.53362005087252        0.87925620790508
H            5.82382138327397        1.69890115635849       -0.15299126908600
H            5.85244220397639        0.33399540335819       -2.75845670325333
H            7.47214537798291        2.83059394372329       -1.54926084234339
H           -1.58478339184713        1.39764068337602       -0.22441618531783
H            1.17915408906808        2.68472886939174        0.07664044743226
H           -1.48802578405136        3.93662821825834       -0.44264976127473
H           -0.40427683237218        5.99411412842559        0.48501646939433
H            1.04970928949222        5.05658867439885        0.82316796212649
H            1.32938792095497        4.55914648107147       -1.57370195468466
H           -0.19945033431107        5.37865785868586       -1.93839714414175
H            1.72047998771104        6.86211380766278       -2.42110904907085
H            0.77103114336096        7.51755870769076       -1.08419499547851
H            2.29462707586584        6.68898351249365       -0.76314454304694
H           -1.57264165351388        3.44925459728374        4.82101282510882
H           -1.84411911372849        6.88109494584136        2.76677271196163
H           -4.34825223790574        3.93197046845209        4.91147244743866
H           -3.69900170650402        4.39358360532434       -0.01459297814103
H           -6.25045172751816        4.44401197584801        3.41359831553254
H           -5.92447151388610        4.66405308291898        0.99944838202854
H            1.28918601752102        3.33341727589750        2.38810151059571
H            0.98881848023971        4.04713447107304        3.97707999016052
H            0.72483238332526        2.32026513545297        3.72233638053668
H            1.11964458763884        2.09796208855881       -2.17649998227429
H            0.14183619334268        2.90494087603533       -3.05065135950890
O           -2.15405057094700        7.14905170361845        1.89581845264253
H           -0.07025565437852        0.50108595887998       -3.24535087574845
H           -2.73908386185231        6.44580591386273        1.58555618031490
N            5.60441043812366        1.03639052470296       -2.07734162577595
C            7.70968035328122        0.91968181004631       -0.88361683164325
O            8.44085953540942       -0.00882756984889       -0.61517679189224
C            3.93726905893175        1.65947613260268       -3.69832757942816
C            4.49344410958865        1.78502287506754       -2.29822873835520
O            4.03977127306255        2.54616686155641       -1.46728541579428
H            4.19703507314417        0.70866986073539       -4.15224600347362
H            4.33808428144274        2.46795352633177       -4.30917269292202
H            2.85564949557062        1.76714169159649       -3.67147896935245
N            8.14528204417141        2.10794754573575       -1.34671602497714
C            9.54038500976873        2.39368121850897       -1.57588353248142
H            9.86520749521653        3.24211658815730       -0.97195895678606
H            9.72404895370624        2.61240084608270       -2.62964306116265
H           10.10338953732793        1.50718349357928       -1.28776396322033
76
 energy: -110.265308957076 gnorm: 0.010370783662 xtb: 6.7.1pre (5071a88)
N            0.08681495613521        0.19969761606920       -0.38229072210196
C            1.44700475097877       -0.04160337063315       -0.26165603147271
C            2.17714962676004        0.44582273895190        0.82414632931256
C            3.53853799481005        0.24857764173760        0.89254319562712
C            4.21034488798444       -0.45680671592602       -0.09948729225549
C            3.46746718456349       -1.02062346886675       -1.12858547714236
C            2.10341339596075       -0.82592573046498       -1.20974070242735
C            5.70971178286745       -0.46914447923744       -0.13336575135115
C            6.17574848612405        0.86054787476734       -0.75585974985827
C           -0.50526945860322        1.43574275368168       -0.17856777365004
C            0.10252621632571        2.59994001098783        0.05074758598803
C           -0.67903216388190        3.86300710158481        0.30320774579901
C            0.18534885925017        5.12518916211048        0.16774842623992
C            0.66836634138646        5.35885101871693       -1.26139439684016
C            1.41270691755913        6.68299286839850       -1.38765658176069
O           -0.54672559807471       -0.33848713771138       -3.23745521264536
N           -1.73534067941481        3.61982772939961        3.85082862179250
C           -2.94628441118156        3.88199580067078        3.28125986834742
C           -2.73492787890640        4.00995901502846        1.88618527426973
C           -1.33796383329408        3.80949820460580        1.65395616128302
C           -4.20218077424497        4.03849210846022        3.85102741583823
C           -3.82291395255714        4.29516683454482        1.05863141924150
C           -0.76507703838799        3.57022556393274        2.87351679373961
C           -5.25535427504222        4.32628615727694        3.00834543805511
C           -5.06670801885527        4.45120953079052        1.62970959214672
C            0.64399221971102        3.30009104662945        3.26519775740463
O            0.74401946219436        2.14004532979671       -3.04563716703809
H           -0.37849657445152       -0.37337809073206       -1.07609651731565
H           -0.77540861515636       -0.51659729466304       -4.14887271130279
H            1.66307597894142        0.98227996181357        1.60553958855486
H            4.09605904119388        0.66124621251791        1.72183743054028
H            3.96553397835265       -1.60659645700324       -1.88959808022734
H            1.53633785248098       -1.25113083920695       -2.02480022407611
H            6.09044863836187       -1.29772492316515       -0.73367717364655
H            6.13432559870857       -0.54947528409677        0.86807795545358
H            5.81248863451067        1.69477921868063       -0.14306518556395
H            5.86247909397650        0.35399791523752       -2.76220709826268
H            7.45992455494942        2.83831750157588       -1.54040045924725
H           -1.58653110078025        1.39749793605484       -0.23928113465967
H            1.17954758818608        2.67376335808751        0.09438491321386
H           -1.48702001114502        3.92803619299783       -0.43603417723077
H           -0.40569368544905        5.98689612305026        0.48643827083218
H            1.04914971745464        5.05189110138825        0.83055142375432
H            1.33524043043252        4.54925363356475       -1.56413911082976
H           -0.19330450660795        5.36758837069527       -1.93482156119690
H            1.72327266400119        6.85356465471095       -2.41576843529955
H            0.77553197035132        7.50765927319661       -1.07758327204163
H            2.29940935925996        6.67937269510310       -0.75902841028544
H           -1.57154604052542        3.44378463783728        4.82736788276637
H           -1.85906833318967        6.88272394154465        2.72657479789899
H           -4.34671126808891        3.93700474986003        4.91671689943619
H           -3.69320746534587        4.39222167870114       -0.00945160538698
H           -6.24568565326745        4.45767904936442        3.41782717844275
H           -5.91806380565125        4.67400877178118        1.00357144690367
H            1.29099168260647        3.32351526949585        2.39546932761760
H            0.99108995533423        4.04885723502583        3.97929262814847
H            0.72811002882869        2.31988205652796        3.73751808764725
H            1.16678917716933        2.07811430672114       -2.17281165997200
H            0.18550539370854        2.92182331698340       -3.01531608263144
O           -2.17519915303132        7.15181981485235        1.86037930794735
H           -0.07248690723949        0.51132966025660       -3.23945239248462
H           -2.75598155597289        6.45063160782241        1.55403623712551
N            5.60412732948008        1.04830176080889       -2.07560254672081
C            7.70348427773448        0.92749521783005       -0.87564001675496
O            8.43741908570879        0.00179747725463       -0.60650844186609
C            3.95001203863533        1.67482413487241       -3.70695518826090
C            4.48939059670311        1.79069341579451       -2.29878786382275
O            4.01893386759444        2.53872630695070       -1.46323581481748
H            4.20740774367523        0.72261804036953       -4.15956044096698
H            4.36791182364748        2.48056692041642       -4.31059474321509
H            2.86888133022724        1.79222283403279       -3.69520506951081
N            8.13513854584662        2.11798351602530       -1.33739151407800
C            9.52868745934206        2.40659768679914       -1.57400152348059
H            9.85581334359652        3.25441180314975       -0.97043279896649
H            9.70532921242877        2.62781617294105       -2.62861455039949
H           10.09518168225940        1.52073215094742       -1.29100233836939
76
 energy: -110.265457512449 gnorm: 0.009739440534 xtb: 6.7.1pre (5071a88)
N            0.08375856119247        0.19519754003050       -0.39028176018348
C            1.44392639448921       -0.04777160750551       -0.26928206429856
C            2.17284269833025        0.43158457027679        0.82082172771294
C            3.53410165569818        0.23351325030722        0.88911525916681
C            4.20672941302741       -0.46447452510627       -0.10759542999399
C            3.46495341489649       -1.02151527458108       -1.14097166617258
C            2.10091214369013       -0.82622025714336       -1.22193596350332
C            5.70595195055799       -0.47306327404478       -0.14174418575540
C            6.16910462677039        0.86231707350405       -0.75366509872154
C           -0.50639087251380        1.43173754832318       -0.18264443863212
C            0.10162597839609        2.59349057900978        0.05757311624806
C           -0.67877615886358        3.85724154149150        0.30956510383755
C            0.18544441769611        5.11920674267646        0.17216679852940
C            0.67371693960069        5.34930524971374       -1.25594471133114
C            1.41722938844473        6.67362982840547       -1.38192630784820
O           -0.56281819697219       -0.33101392295426       -3.24506095059853
N           -1.73461721073803        3.61995585448790        3.85790975330577
C           -2.94512740413780        3.88359564036351        3.28810883121377
C           -2.73314874908518        4.01062901760948        1.89305278919808
C           -1.33666773206038        3.80653488156491        1.66094119608518
C           -4.20115659683837        4.04221897504712        3.85685309559762
C           -3.81979548788973        4.29884915067830        1.06487217526244
C           -0.76445539548358        3.56717462627314        2.88084352433917
C           -5.25318974050999        4.33147178952219        3.01346015481282
C           -5.06359790854820        4.45680271077084        1.63498833477531
C            0.64442935170120        3.29602336491601        3.27265787102483
O            0.76565770579680        2.13216846173680       -3.02335670776518
H           -0.38037860930053       -0.37284099903448       -1.08873790038141
H           -0.78946876762517       -0.49416412527311       -4.16124238851383
H            1.65808664073677        0.96257437198631        1.60553558935217
H            4.09066435301572        0.63927450697102        1.72253792154486
H            3.96379179137729       -1.60256924694285       -1.90525473579096
H            1.53439028076680       -1.24506854981437       -2.04073072228814
H            6.08878669782888       -1.29558015228394       -0.74884534189790
H            6.13176446881966       -0.56063337686445        0.85825395721380
H            5.79912724726652        1.69122989508375       -0.13813257422605
H            5.87153029485838        0.36689518849703       -2.76423650341994
H            7.44918749238369        2.84654875341003       -1.53255109944891
H           -1.58708657622605        1.39545703947179       -0.25117547092125
H            1.17850477018604        2.66403836347013        0.10788415525843
H           -1.48759560286563        3.92077388679254       -0.42903261350626
H           -0.40715315325349        5.98164255144927        0.48624937925281
H            1.04733623410518        5.04890223611079        0.83811146662709
H            1.34350644201984        4.53945855031134       -1.55260975899352
H           -0.18492944558170        5.35504182110965       -1.93376735028137
H            1.72811927593045        6.84404956055356       -2.41016240129951
H            0.77922344291891        7.49837160311128       -1.07236001461239
H            2.30391194082254        6.67054410616200       -0.75250924861850
H           -1.57132060819050        3.44245389956546        4.83432514506977
H           -1.87562500133896        6.88649603683459        2.69294473737148
H           -4.34692772613389        3.94169930679834        4.92249850440230
H           -3.68906560146450        4.39596352381328       -0.00315101484228
H           -6.24351127521991        4.46392880154243        3.42225862983522
H           -5.91391907786712        4.68168971758027        1.00828630961250
H            1.29055815528212        3.31244739701150        2.40201771686847
H            0.99408264680393        4.04849867901077        3.98149340560280
H            0.72707916665724        2.31863123754774        3.75099295980496
H            1.21333846342849        2.09102088517788       -2.17129580277899
H            0.21259234648105        2.91366192383743       -2.98419246287194
O           -2.17954311304225        7.14960036178589        1.82468710024808
H           -0.07183970842469        0.51650896669759       -3.22931713073515
H           -2.77594171255531        6.45712731525365        1.52716546414084
N            5.60277175549175        1.05463577080134       -2.07544917776451
C            7.69753309808871        0.93581798696598       -0.86507175457403
O            8.43448733326818        0.01376771409528       -0.59343656105253
C            3.96328917027897        1.68581145796289       -3.71886664464685
C            4.48574816713596        1.79209847809450       -2.30318165441739
O            4.00232823095499        2.53107338505556       -1.46751400906587
H            4.21659203529595        0.73164028888102       -4.17071369135552
H            4.39831768979348        2.48847064923760       -4.31485777932326
H            2.88373145819900        1.81454952341484       -3.72091491979217
N            8.12575567736961        2.12835728616269       -1.32748310439839
C            9.51799883348849        2.41890648174977       -1.56985124240386
H            9.84710821500479        3.26621857246492       -0.96634830272416
H            9.68901397457654        2.64258878040407       -2.62492934119622
H           10.08740500175785        1.53380005268244       -1.29084017043533
76
 energy: -110.265646528319 gnorm: 0.008065203131 xtb: 6.7.1pre (5071a88)
N            0.07985171374078        0.18963023415634       -0.40493643797383
C            1.43929402453242       -0.05685270132310       -0.28213904888535
C            2.16594399058363        0.40960526516304        0.81499240891557
C            3.52697360367734        0.21048183829537        0.88358455158603
C            4.20129293933832       -0.47566170546191       -0.11998965991491
C            3.46136432865797       -1.02232007508142       -1.16008381346128
C            2.09748911763743       -0.82618956574827       -1.24125209919616
C            5.70037888659942       -0.47896529477397       -0.15347512370587
C            6.15929381252740        0.86488524527353       -0.74881302472692
C           -0.50753598431829        1.42675174889477       -0.19207373443803
C            0.10039742982675        2.58414600865961        0.06847309042185
C           -0.67924687167726        3.84822375598824        0.31962902782298
C            0.18368903808149        5.11060194731704        0.17937453151796
C            0.68329586905216        5.33342675111426       -1.24606759324530
C            1.42492018367061        6.65849058776715       -1.37253251191720
O           -0.56837602064450       -0.31692225945222       -3.24970140952105
N           -1.73469035161346        3.61911287961657        3.86909443269086
C           -2.94443085312337        3.88487580143172        3.29872490116789
C           -2.73137843317190        4.01042455374941        1.90377557387749
C           -1.33557642561057        3.80165180685857        1.67202043190836
C           -4.20056776947090        4.04718583465515        3.86591148535595
C           -3.81586225290426        4.30330459518139        1.07453481997940
C           -0.76444183499921        3.56214239624510        2.89243940990045
C           -5.25073406806001        4.33950512439873        3.02142333832225
C           -5.05961314007204        4.46517327790787        1.64320421921468
C            0.64432270061615        3.29106960562570        3.28511682914778
O            0.78106018689493        2.12337513134614       -3.00158420690257
H           -0.38225495995877       -0.37071881775490       -1.11080116190823
H           -0.79709817632124       -0.47683349333586       -4.16286500931298
H            1.64982641354006        0.93159594822041        1.60481547786284
H            4.08195733993175        0.60593543906075        1.72305780909019
H            3.96149441188113       -1.59556213933832       -1.92923874257370
H            1.53226616182972       -1.23549991191045       -2.06582553364644
H            6.08613321024817       -1.29214767183886       -0.77068702683671
H            6.12724095850782       -0.57775141484125        0.84449853936971
H            5.77828909299661        1.68557574633051       -0.12985286747482
H            5.88696732138941        0.38429375098896       -2.76415805133178
H            7.43079138405256        2.85877137271216       -1.52024021795922
H           -1.58735220945368        1.39401266974730       -0.27582738708609
H            1.17678345147027        2.65025115267080        0.13269154741241
H           -1.48918300593555        3.90906215401787       -0.41798322720042
H           -0.41311542824126        5.97383320622996        0.48312257185187
H            1.04050025906640        5.04702955902554        0.85258308463198
H            1.35823806211708        4.52328803354628       -1.53119008432993
H           -0.16939777369773        5.33298150068523       -1.93184324556545
H            1.73823518933140        6.82729791451388       -2.40037404170321
H            0.78468538754777        7.48295214764335       -1.06623832481556
H            2.30996894293198        6.65778925578404       -0.74042249040561
H           -1.57233475048173        3.43895527558646        4.84522159711365
H           -1.88995274283206        6.88608290905268        2.64397731084941
H           -4.34822188836376        3.94753507367612        4.93136992363912
H           -3.68345522062006        4.40038043158118        0.00665468241935
H           -6.24098488458777        4.47429505292095        3.42914386052528
H           -5.90828852799240        4.69387956295872        1.01568819453620
H            1.28934536106675        3.29718807951212        2.41349278458423
H            0.99667135247038        4.05002737791124        3.98566300591737
H            0.72578319556258        2.31844536476953        3.77316600076410
H            1.28593946576794        2.07657337455754       -2.18069676580479
H            0.25249900856039        2.92550692799536       -2.92592860906841
O           -2.18869431883751        7.15467202475423        1.77594797430807
H           -0.10965814712823        0.53888076593657       -3.23461246059492
H           -2.80522884881439        6.47459013344309        1.48196085510940
N            5.60320578857342        1.06308892340437       -2.07419748422669
C            7.68853486440811        0.94948944478043       -0.84817674423782
O            8.43096389088643        0.03416601145366       -0.57012252193793
C            3.98923515485615        1.69942727828580       -3.73907636378295
C            4.48484808771519        1.79368138641788       -2.31274681705071
O            3.98242449376954        2.52083368614446       -1.48069734036395
H            4.23489475692718        0.74087147186918       -4.18668872606275
H            4.45181903908886        2.49458542974972       -4.32489964882750
H            2.91252844206375        1.84749380407138       -3.76275981439361
N            8.11052597471619        2.14498841674081       -1.31094618396481
C            9.50039643896077        2.44014062245522       -1.56206234850981
H            9.83215445883078        3.28631498071918       -0.95812899986434
H            9.66198143946076        2.66856748377303       -2.61774178677823
H           10.07497826291664        1.55602951560260       -1.29067558037456
76
 energy: -110.265851292824 gnorm: 0.012594559532 xtb: 6.7.1pre (5071a88)
N            0.07399745348892        0.18194519202967       -0.41665086177657
C            1.43292856581802       -0.06779125364864       -0.29413802834397
C            2.15787802340931        0.38450565277550        0.81017763918991
C            3.51895005756005        0.18494257704775        0.87757500245286
C            4.19472040077494       -0.48729103600918       -0.13474502075094
C            3.45616251120754       -1.02200947708653       -1.18212648056363
C            2.09217751852952       -0.82580861225243       -1.26180633947896
C            5.69364357907659       -0.48531761259193       -0.16857541642903
C            6.14666670207381        0.86853929079175       -0.74616536278284
C           -0.51009216428436        1.41969396670661       -0.19754612906959
C            0.09882909957840        2.57263988438046        0.07951707776426
C           -0.67828969669359        3.83798665555766        0.33044439286324
C            0.18546327150544        5.09956739631629        0.18820647119402
C            0.69455237797049        5.31603253202978       -1.23491986346326
C            1.43377949750445        6.64221238209309       -1.36302725772702
O           -0.57335312145556       -0.29626753855905       -3.26118519893101
N           -1.73353014727180        3.61879969476951        3.88102729600062
C           -2.94233860333580        3.88775471928133        3.31020626757637
C           -2.72847492222287        4.01045365155724        1.91515354768972
C           -1.33361692120009        3.79594916892235        1.68358452834620
C           -4.19835968355007        4.05471108091246        3.87636411720157
C           -3.81112832763828        4.30794027768756        1.08518158417908
C           -0.76350670424674        3.55620761404611        2.90446631873505
C           -5.24712229696623        4.34992044414203        3.03108024547519
C           -5.05475197100487        4.47494733776246        1.65295252572863
C            0.64456332026594        3.28195976697787        3.29754912290918
O            0.81592495588904        2.12246065980380       -2.98090915919099
H           -0.38654604076725       -0.36975136179656       -1.13056492095475
H           -0.82059292166843       -0.43570596543392       -4.17791453323233
H            1.64063850038765        0.89633375395843        1.60612643852632
H            4.07311920602190        0.56954074664315        1.72267847059773
H            3.95756238766797       -1.58547616518720       -1.95790656092092
H            1.52792390965232       -1.22496745938918       -2.09202253272878
H            6.08212809371112       -1.28840810074656       -0.79743617361197
H            6.12186606655832       -0.59634042293159        0.82755596084659
H            5.75494350392876        1.67983660730454       -0.12137466735556
H            5.90528454596747        0.41142298408093       -2.77156789946001
H            7.41022434827844        2.87216610524517       -1.50946951209388
H           -1.58918837888297        1.39093155807846       -0.29234429102302
H            1.17474756502144        2.63359096839832        0.15446080034068
H           -1.48881621576172        3.89831142953133       -0.40647946690456
H           -0.41359360435042        5.96410558557127        0.48349180670154
H            1.03792116489900        5.03986339107896        0.86717167557888
H            1.37409220240036        4.50620376171387       -1.51034663973554
H           -0.15326539270582        5.30947998162307       -1.92689137915541
H            1.74890589689884        6.80952659350435       -2.39051478554402
H            0.79139640613160        7.46593144660631       -1.05984513448555
H            2.31739745484771        6.64467662834363       -0.72909835170908
H           -1.57206029249030        3.43774652547622        4.85715273307681
H           -1.90638081287432        6.87192082985355        2.58539680909815
H           -4.34744338277863        3.95619481221657        4.94171438679357
H           -3.67744963035038        4.40441498497363        0.01733360879160
H           -6.23732110310714        4.48736585921679        3.43808521113280
H           -5.90207021799617        4.70711838493055        1.02481069137032
H            1.28793064064763        3.27535157039735        2.42454356154411
H            1.00215473794228        4.04682246230342        3.98916827094768
H            0.72200943903797        2.31418054526094        3.79589625995767
H            1.37138328647284        2.05222593292119       -2.18571391431551
H            0.30182643210015        2.92926020645096       -2.85599230240696
O           -2.22065177022913        7.16501611764977        1.72556629521419
H           -0.10850380197002        0.55705517849920       -3.23155379307662
H           -2.83133477747767        6.49086711681585        1.41800177547892
N            5.60149643996068        1.07624844462398       -2.07504140400977
C            7.67629819467535        0.96454940536434       -0.83437030482867
O            8.42385017243051        0.05549009749469       -0.54976126025316
C            4.01099702439647        1.71780893448442       -3.75843550856493
C            4.47858220543855        1.79687427320331       -2.32102720850142
O            3.94722954651050        2.50230781453011       -1.48446633046479
H            4.25120399189713        0.75759930570795       -4.20552115755526
H            4.49895880193567        2.50822276180355       -4.33060347082346
H            2.93723933282341        1.88214441268519       -3.80360630475142
N            8.09301839514658        2.16255045790843       -1.29605797571741
C            9.48106557485988        2.46257695723407       -1.55129509219896
H            9.81336683780182        3.30775401621509       -0.94619875939335
H            9.63714735395425        2.69503443747983       -2.60694109246031
H           10.05963590816953        1.57934167275112       -1.28548304662755
76
 energy: -110.266082153222 gnorm: 0.016947517933 xtb: 6.7.1pre (5071a88)
N            0.07306254787662        0.18026336801648       -0.42540981142032
C            1.43194866254943       -0.07075420915512       -0.30314754085212
C            2.15480842541043        0.37116244025479        0.80608622817344
C            3.51567662573706        0.16930962351617        0.87407181230948
C            4.19266661298367       -0.49398035480239       -0.14316506659533
C            3.45562155479960       -1.01911022756993       -1.19617832688716
C            2.09170749019609       -0.82134699790576       -1.27592215694204
C            5.69097469267062       -0.48635964124150       -0.17748288499967
C            6.13513347352454        0.87168780041618       -0.75156261878457
C           -0.51185064914953        1.41528909794553       -0.19401554164823
C            0.09466798191822        2.56767434122280        0.08379564520549
C           -0.67820367608788        3.83448873971897        0.33793264393931
C            0.19091383794728        5.09272734242347        0.19554303395961
C            0.70785915777578        5.30406463203972       -1.22569334153703
C            1.44322324979814        6.63206630229214       -1.35676563605721
O           -0.57256983530081       -0.27500507130796       -3.27484443072200
N           -1.73364912084915        3.62583710178346        3.88933317005854
C           -2.94217092408180        3.89684581435617        3.31896652812765
C           -2.72869133017716        4.01668824947108        1.92338645138093
C           -1.33461567607740        3.79690077605776        1.69103063680880
C           -4.19820341309103        4.06211379064429        3.88548302031348
C           -3.81179746735899        4.31530008711711        1.09436907399079
C           -0.76496024166166        3.55708922859029        2.91225956920533
C           -5.24826714871555        4.35350907132903        3.04047910356602
C           -5.05583681629048        4.48018854311082        1.66247030991777
C            0.64066759533632        3.26883784592618        3.30351006716763
O            0.86226987885590        2.12786691966730       -2.96719094058069
H           -0.38522836801557       -0.36359062227678       -1.14660173911076
H           -0.84236346229528       -0.41304035376672       -4.18712728460705
H            1.63707986072536        0.87776480224977        1.60464695002562
H            4.06982043570324        0.54553112328952        1.72233211923102
H            3.95857872186325       -1.57611308126548       -1.97565727255804
H            1.52852325415956       -1.21207072820044       -2.11028728270550
H            6.08363304179867       -1.28422435484202       -0.80934492333783
H            6.12163276630926       -0.59768392816757        0.81700072233899
H            5.73499948731469        1.67896890674472       -0.12735756715204
H            5.91660394143759        0.42684829018821       -2.78352950133418
H            7.39692101192952        2.88057361961186       -1.51008915303339
H           -1.59034242392896        1.38486523500705       -0.28258531349715
H            1.17020714657581        2.62355529923865        0.15279323956689
H           -1.48834553008780        3.89849885361039       -0.39921892659411
H           -0.40557496273791        5.96012110164404        0.48559470180597
H            1.04002933920060        5.03130355772050        0.87766066274114
H            1.39218894609826        4.49567450819129       -1.49299338568135
H           -0.13553594862336        5.29006570014223       -1.92297812684298
H            1.76424252908631        6.79481092832753       -2.38341913939841
H            0.79663538578661        7.45541314629014       -1.06197304501143
H            2.32298979351975        6.64090414243405       -0.71758688539456
H           -1.57250985142286        3.44801391552607        4.86607608084236
H           -1.91903272074017        6.85284422073216        2.55313903084808
H           -4.34708363965982        3.96375851520846        4.95083972745470
H           -3.67860754465845        4.41413174027168        0.02655909156314
H           -6.23923648204089        4.48570832221918        3.44765924309572
H           -5.90345569441146        4.71140849245823        1.03443194973088
H            1.28168822688568        3.25005981249761        2.42913689247443
H            1.00976614818092        4.03142015747192        3.99088334167486
H            0.70599608307106        2.30236614990011        3.80531691388467
H            1.42043010703299        2.05079759202612       -2.17932088814120
H            0.32627156013461        2.90455024235501       -2.83111822504317
O           -2.23481498930198        7.16631178985948        1.69546722519570
H           -0.08639067534664        0.56729678228200       -3.24490151001560
H           -2.84461581340732        6.49861882393572        1.37316786344016
N            5.59520267998350        1.07932646189886       -2.08229874084216
C            7.66445250259684        0.97554210151581       -0.83017123893914
O            8.41440652603881        0.07160407392215       -0.53519313274322
C            4.01673233758013        1.72402303272179       -3.77354391567513
C            4.46877964176412        1.79260430656148       -2.33292182158132
O            3.91532418324899        2.48027909775129       -1.49293388307045
H            4.25332283637182        0.76578122670108       -4.22565704575247
H            4.51377682491409        2.51329125734182       -4.33340386875141
H            2.94740091381363        1.89575713115848       -3.82624705927709
N            8.08116659569243        2.17400411645188       -1.29084309530833
C            9.46970811325014        2.47796679846462       -1.53262755137801
H            9.79567662114965        3.32274948880973       -0.92331685712177
H            9.63476764560056        2.71267592112754       -2.58568409325033
H           10.04779740926633        1.59557766883911       -1.26411227993300
76
 energy: -110.266395755298 gnorm: 0.017162248946 xtb: 6.7.1pre (5071a88)
N            0.06739509736208        0.17509721395221       -0.43711084732872
C            1.42575524380279       -0.07883750365013       -0.31585749726841
C            2.14676454397920        0.34793477726463        0.80066150525327
C            3.50761591834632        0.14504937569120        0.86764009316027
C            4.18623932396681       -0.50390282787891       -0.15811024342769
C            3.45085463980043       -1.01541952239824       -1.21912342309656
C            2.08687975859627       -0.81692026419356       -1.29766280621783
C            5.68426978949830       -0.49013881592296       -0.19266799824847
C            6.12002109902546        0.87616956670470       -0.75434290863768
C           -0.51567366425594        1.40904452582879       -0.19486449032279
C            0.09158327921518        2.55812958093187        0.09315877262546
C           -0.67696345613261        3.82673189328286        0.34930541897567
C            0.19741460124185        5.08181200274968        0.20751565448171
C            0.72555392697255        5.28508473668560       -1.21106568374166
C            1.45647504843912        6.61540794682023       -1.34588994868830
O           -0.58520451336860       -0.24577650894342       -3.29190374867313
N           -1.73340685107694        3.62715978498722        3.90111239512500
C           -2.94102078505189        3.90223316210054        3.33073887093311
C           -2.72743802688956        4.01909356251343        1.93486155540396
C           -1.33435302593259        3.79286980660206        1.70226194174120
C           -4.19652644655428        4.07080258457548        3.89766306821839
C           -3.81013552893713        4.32089913335679        1.10640328837094
C           -0.76556945607459        3.55217292138204        2.92380922927742
C           -5.24669812713667        4.36319186183504        3.05290257129933
C           -5.05393386103098        4.48918446641179        1.67487655639042
C            0.63783379540466        3.25275799787576        3.31481405190241
O            0.90992969397115        2.12938125952611       -2.95477367128107
H           -0.38920687673890       -0.35826591992849       -1.16744743749249
H           -0.85975607007430       -0.37526116876421       -4.20267503350550
H            1.62790678942876        0.84411709055194        1.60526377596436
H            4.06152576689273        0.50915925599734        1.72132452971491
H            3.95549136198817       -1.56133291984599       -2.00579467015905
H            1.52504605278370       -1.19651017410595       -2.13795521692342
H            6.08076839042968       -1.27935328296377       -0.83307483904724
H            6.11659334879100       -0.60849872435645        0.80036936466936
H            5.70890134647554        1.67538323677783       -0.12652334602244
H            5.92964934401772        0.45142061800821       -2.79385045468149
H            7.37392992275370        2.89305020012640       -1.50588039973799
H           -1.59391290987999        1.38119287752971       -0.28614187081442
H            1.16708034690305        2.60824865015765        0.16364702924057
H           -1.48653439394104        3.89428651766341       -0.38817347714242
H           -0.39874875349064        5.95219521516171        0.48864722593442
H            1.04105607056966        5.02036746103465        0.89615238730583
H            1.41579016636921        4.47802480426300       -1.46685287635814
H           -0.11193489070240        5.26253966823310       -1.91537567426829
H            1.78371247347756        6.77229954515282       -2.37173550771866
H            0.80478584943224        7.43829940113053       -1.06102819136072
H            2.33207980318187        6.63198306976434       -0.70099044724571
H           -1.57304770887604        3.45219173325034        4.87847956337583
H           -1.94915859595621        6.84758317923697        2.49978652625573
H           -4.34528546132644        3.97369031840074        4.96316072363422
H           -3.67735973184216        4.41863856672868        0.03827444981673
H           -6.23769270000918        4.49652011675146        3.46039701527402
H           -5.90116551774479        4.72226369228839        1.04690433660354
H            1.27655884567062        3.21862920186134        2.43915662699076
H            1.01716032345687        4.01716573953090        3.99461494486376
H            0.69256786597744        2.28998881133029        3.82504142986768
H            1.51173410375600        2.02650403642333       -2.19437915457025
H            0.37487088056740        2.90140788080010       -2.76680968618204
O           -2.23007709857083        7.15694493272408        1.63447012265801
H           -0.06373279197147        0.58091547650650       -3.25163229288757
H           -2.88540080307458        6.51406269400213        1.32256661865545
N            5.58735453545894        1.08768176224239       -2.08703160819498
C            7.64912577831597        0.99225684223557       -0.82022690363983
O            8.40307854734817        0.09435537707468       -0.51586591319388
C            4.03178433960728        1.73855876399640       -3.79565994556093
C            4.45440550013036        1.78802461933316       -2.34421021284419
O            3.87873993549091        2.45763860602812       -1.50664010903596
H            4.26024139433355        0.77890255629068       -4.24845393585199
H            4.55769197165349        2.52264998069948       -4.33894878416469
H            2.96585811930690        1.93035066663426       -3.87128865908351
N            8.06229629103138        2.19202646710031       -1.28022217594958
C            9.45040156335973        2.50396556791455       -1.51135475496087
H            9.76883234982390        3.34790541997876       -0.89673996234604
H            9.62147671834586        2.74337742322653       -2.56221543470974
H           10.03085618983090        1.62324142783635       -1.24242940146938
76
 energy: -110.266746133768 gnorm: 0.018711824830 xtb: 6.7.1pre (5071a88)
N            0.06469740145583        0.17754831390394       -0.45090277933979
C            1.42171033991936       -0.07938614249434       -0.32810218858993
C            2.14063300085825        0.33572792474975        0.79405067857260
C            3.50103605467170        0.13090956871187        0.86217617954373
C            4.18161606803171       -0.50855973578858       -0.16757171059079
C            3.44845900819269       -1.00938082938968       -1.23479901151538
C            2.08502094165483       -0.80871105148946       -1.31478764154125
C            5.67951380800674       -0.49036372979104       -0.20046447577982
C            6.10907526606641        0.87866776109213       -0.75888937071325
C           -0.51911308235385        1.40909204989729       -0.19841332429753
C            0.08814177518274        2.55610855008778        0.10006962450041
C           -0.67843897530214        3.82492610457181        0.35861008831446
C            0.20085731835998        5.07746904366482        0.21997455276760
C            0.74597458718213        5.26892514208811       -1.19442681123968
C            1.47087580088790        6.60224631508869       -1.33518784470303
O           -0.58990817483598       -0.22670206445124       -3.30249058517648
N           -1.73691714571654        3.62692959570002        3.90967362716242
C           -2.94383657250086        3.90528700568014        3.33935644959738
C           -2.73060321447917        4.02104528680294        1.94333582420837
C           -1.33803671587910        3.79097798895018        1.71059987984293
C           -4.19845321188154        4.07565536864722        3.90787263124527
C           -3.81406646151508        4.32401674340455        1.11630291565886
C           -0.76978556404590        3.54892261687876        2.93219368929497
C           -5.24952789739728        4.36880660728515        3.06421229088867
C           -5.05728173053010        4.49401132144649        1.68612108966959
C            0.63112082699919        3.23917611653423        3.32395301345765
O            0.93498568319074        2.12588355245055       -2.96119309585756
H           -0.39008733680623       -0.34711880047353       -1.18842441053830
H           -0.86340323393554       -0.36159017439133       -4.20795734936110
H            1.62042145986976        0.82426464719532        1.60223365628654
H            4.05438168033762        0.48496487282073        1.72034838715846
H            3.95468340633135       -1.54730721809371       -2.02551842941937
H            1.52532046042189       -1.18012046983255       -2.15972001969255
H            6.07969751256585       -1.27578908442531       -0.84219766693688
H            6.11156815864524       -0.60819621476806        0.79262768611210
H            5.68740196076007        1.67379925220319       -0.13329328380347
H            5.93981868072562        0.45889565539849       -2.79827847551479
H            7.35258313938579        2.89891053956920       -1.50832560609704
H           -1.59808837213341        1.38239558863460       -0.29192779588726
H            1.16414948000091        2.60319671705848        0.17008662124055
H           -1.48656511398172        3.89688576290323       -0.37999976584636
H           -0.39769415893035        5.95067701013054        0.48760014476922
H            1.03587854142240        5.01756870639212        0.91953855037936
H            1.44410274472765        4.46367388640894       -1.43415705513954
H           -0.08263060625989        5.23501843086300       -1.90877678918136
H            1.81226864673784        6.74721630318847       -2.35818075414445
H            0.81055865642298        7.42517282380840       -1.07090302581692
H            2.33713493549587        6.63265250359221       -0.67821144921178
H           -1.57718776497902        3.45638849459057        4.88790918829262
H           -1.96350757712597        6.86696748393784        2.46987737658706
H           -4.34565577949335        3.97917122718246        4.97368466103228
H           -3.68317403305692        4.41934088187467        0.04764319425229
H           -6.24028805016310        4.50336603887868        3.47281267169343
H           -5.90502820572137        4.72754366750234        1.05883832707311
H            1.26801711438405        3.19384284052737        2.44834678504728
H            1.01867421107125        4.00282723987613        3.99952243037052
H            0.67616589276823        2.27888610312564        3.83925845443012
H            1.58409834578046        2.02811564792652       -2.23914976475036
H            0.38231921804386        2.88023703867971       -2.72239444800440
O           -2.24099351740479        7.16014378230246        1.60440778913699
H           -0.05791840135030        0.58900865240446       -3.26757296105307
H           -2.86920666065988        6.50575007917536        1.29710845467715
N            5.58274456257666        1.08442128626044       -2.09377494022531
C            7.63764339390353        1.00705710917186       -0.81099506595772
O            8.39469318535113        0.11557819616434       -0.49440138991642
C            4.04977375822383        1.73421334711973       -3.82252407720214
C            4.44598449191562        1.77279719384388       -2.36335071384320
O            3.85718427708112        2.43503734473978       -1.53897670628705
H            4.27025898645021        0.77090080733043       -4.27069022188490
H            4.60299890101397        2.50922156392016       -4.35425839094819
H            2.98697460523310        1.94627598933932       -3.91960093709479
N            8.04687400010666        2.20629763177270       -1.27334908035542
C            9.43534258191562        2.53029366078859       -1.48503518209389
H            9.73950383122254        3.37334427710456       -0.86149800229125
H            9.61964195437045        2.77614668020975       -2.53267932600814
H           10.01881690245650        1.65242557194664       -1.21199498948441
76
 energy: -110.267138396892 gnorm: 0.021420872257 xtb: 6.7.1pre (5071a88)
N            0.05500024906476        0.17334461503476       -0.45473215685010
C            1.41154074865054       -0.08513607165355       -0.33516054850492
C            2.13093510958654        0.31924303920941        0.79118913110775
C            3.49134101579081        0.11471325070840        0.85656145476231
C            4.17214169085743       -0.51354738868263       -0.18056541450617
C            3.43935971757924       -1.00368902145019       -1.25305147603260
C            2.07584440124457       -0.80366618375232       -1.32996249641240
C            5.67009619118995       -0.49245444754017       -0.21542302839092
C            6.09577874927231        0.88278648632370       -0.76481087839534
C           -0.52661606950887        1.40519501784415       -0.19716035998560
C            0.08644783028846        2.54919303033866        0.10614718896688
C           -0.67594539501454        3.82014558455538        0.36734244657646
C            0.21035112608682        5.06868630379265        0.23302619413941
C            0.76318513066438        5.25421649392757       -1.17906033414054
C            1.48375951768301        6.58961864452487       -1.32512861664195
O           -0.57332684848807       -0.20281565022755       -3.31107634970505
N           -1.73646482131987        3.62248383412631        3.91712721824411
C           -2.94216166782612        3.90679670412669        3.34695498237209
C           -2.72945048225955        4.02015247655754        1.95074431818784
C           -1.33777136376339        3.78489232008605        1.71800001480629
C           -4.19522919327166        4.08371478235715        3.91730939807077
C           -3.81345490306074        4.32422406671248        1.12466597102928
C           -0.76991187925812        3.54082286614440        2.93932299383557
C           -5.24634657410524        4.38054310032639        3.07472694748714
C           -5.05528493378695        4.50071476968417        1.69611135119038
C            0.62893374053710        3.22206700406497        3.33116366103446
O            0.98918503458888        2.11597914551110       -2.94898552710730
H           -0.39949224381665       -0.34323250812907       -1.19826945745544
H           -0.84398378388531       -0.32436147389167       -4.21681966998737
H            1.61025859360100        0.79919327964536        1.60484348687436
H            4.04509029358957        0.46008455968084        1.71856286202503
H            3.94597206931896       -1.53155154017853       -2.05058596165062
H            1.51679650499619       -1.16731936891159       -2.17895665329863
H            6.07163339325438       -1.27369192677749       -0.86265664843134
H            6.10216379992880       -0.61523574973829        0.77825770986090
H            5.66652276832232        1.67100121802100       -0.13396171396303
H            5.95966003298058        0.49185553420963       -2.81767737783720
H            7.33210900392893        2.90750937303111       -1.50997537143154
H           -1.60706209330258        1.38239622930630       -0.28946509672391
H            1.16368680371295        2.59394419023694        0.17462376247948
H           -1.48206747910319        3.89872363801570       -0.37281596877348
H           -0.38653382619179        5.94494630878947        0.49527119346816
H            1.04081237289618        5.00558026895387        0.93818484369475
H            1.46510981275045        4.45064677197635       -1.41080197553603
H           -0.06138681712094        5.21416758030381       -1.89702288866546
H            1.83322023718788        6.72640418896075       -2.34628602601391
H            0.81760017710128        7.41208052166760       -1.07450228783953
H            2.34426309231725        6.63032738370000       -0.66130988690990
H           -1.57688898220256        3.45743262030588        4.89635141319636
H           -1.98811825777353        6.86477876369348        2.43012097071385
H           -4.34056384202480        3.98964792762276        4.98369205372700
H           -3.68474772130869        4.41338225972894        0.05510378602607
H           -6.23593017453791        4.52175473679764        3.48457975377327
H           -5.90335664450724        4.73546182361512        1.06948650413224
H            1.26355184666649        3.16464611246058        2.45454451860225
H            1.02441111798571        3.98706168353593        4.00129988203684
H            0.66591246343525        2.26478459794805        3.85344617510406
H            1.64532841626297        2.03539032912156       -2.24736046900193
H            0.42576413780544        2.85974657411866       -2.69499107785207
O           -2.24989217577428        7.15795982666735        1.56346548954166
H           -0.03956052229790        0.60445878822498       -3.27367879093150
H           -2.88703980958335        6.51256479433267        1.25357208809980
N            5.57842623020296        1.09685603088222       -2.10263043349141
C            7.62374833619307        1.02096586883127       -0.80650134317663
O            8.38217984164902        0.13247833221270       -0.48510604361845
C            4.06136704098683        1.74140883500581       -3.84609789433551
C            4.42869204679218        1.76439594490117       -2.37545915948371
O            3.79603735041523        2.39093753875801       -1.53705842647084
H            4.28552511907800        0.78100297098415       -4.29851225926536
H            4.63189339848552        2.51785754138121       -4.36059616821190
H            3.00018203444390        1.95931272642020       -3.96413601841522
N            8.02976189097287        2.22008429212940       -1.26983942360358
C            9.41958013109542        2.55413565429505       -1.46206814561363
H            9.70912566300933        3.39705235172589       -0.83112446956351
H            9.61772179979985        2.80390243649717       -2.50712103163487
H           10.00458043078112        1.67884538639776       -1.18229443938049
76
 energy: -110.267770076796 gnorm: 0.013592018496 xtb: 6.7.1pre (5071a88)
N            0.04891885363018        0.17317701597008       -0.46666435723872
C            1.40402498831930       -0.08754222090015       -0.34603627226905
C            2.12211892687032        0.30660812344156        0.78498975641127
C            3.48212002854098        0.10114815051129        0.85118192917745
C            4.16441921173056       -0.51731497362078       -0.19054526171406
C            3.43318944503705       -0.99856490561110       -1.26818045979864
C            2.06998208533183       -0.79858752270600       -1.34491789769602
C            5.66234724041095       -0.49248279409339       -0.22531154533692
C            6.08372973586276        0.88571559637767       -0.77059395635809
C           -0.53278040289847        1.40370821246321       -0.20210302588183
C            0.08297385948599        2.54430125191270        0.10984725415739
C           -0.67642751480900        3.81652224198054        0.37573641547148
C            0.21482248004901        5.06216801549319        0.24487412754631
C            0.78197752658620        5.23921105578039       -1.16268943193494
C            1.49794923418219        6.57685223956504       -1.31278497741184
O           -0.56612634655997       -0.18282679445257       -3.32206629913115
N           -1.73861353932627        3.62028650376943        3.92492010219848
C           -2.94297599855816        3.91033932250187        3.35491993365665
C           -2.73036922818477        4.02208805422191        1.95863203126606
C           -1.33963164100211        3.78121297515080        1.72567265279820
C           -4.19511365080781        4.09024271211270        3.92592955339549
C           -3.81454069858824        4.32627779680949        1.13281340195711
C           -0.77250460143884        3.53470132500344        2.94681061448793
C           -5.24590901059804        4.38850863916265        3.08363293506542
C           -5.05550199302109        4.50579930708159        1.70476817251149
C            0.62467811419701        3.20758043811888        3.33772284698387
O            1.01475946130347        2.10861720746797       -2.93824319494653
H           -0.40339659540468       -0.33506054297200       -1.21773197007732
H           -0.84174635003888       -0.27889261661142       -4.23602062036442
H            1.60031089715498        0.78002014969753        1.60155727500702
H            4.03450573749848        0.43940899277587        1.71699689234791
H            3.94104561890410       -1.51865000659468       -2.06962907321312
H            1.51274986080165       -1.15485793138371       -2.19849482761315
H            6.06600905736402       -1.27147793787558       -0.87348945618770
H            6.09432618581682       -0.61581272283189        0.76826256943561
H            5.64420410682249        1.66957232564463       -0.14139363360482
H            5.97361749800275        0.50536886968336       -2.82603220011536
H            7.31395061159042        2.91849391527838       -1.51065907899743
H           -1.61326104991451        1.38258910905509       -0.29684899369128
H            1.16037375328408        2.58784695608884        0.18003217602265
H           -1.48123646831086        3.90018243789415       -0.36528830877980
H           -0.38207026291414        5.94182688627364        0.49695971505898
H            1.03736530915256        5.00031657718800        0.95984715749551
H            1.48945300661981        4.43673123798352       -1.38091681394163
H           -0.03518438388725        5.18983441153045       -1.88862609105651
H            1.86078964815474        6.70366046219642       -2.33090582600225
H            0.82308973188521        7.39847218454612       -1.08075395211538
H            2.34884199129166        6.62980508191247       -0.63669518012115
H           -1.57917375707460        3.45778772470129        4.90454387871283
H           -1.99100103579492        6.84999246978760        2.40774012080211
H           -4.33967454511268        3.99638699005855        4.99242561991681
H           -3.68696356954937        4.41205766154448        0.06284653011970
H           -6.23482752282620        4.53160615188758        3.49358927386785
H           -5.90371169670149        4.74054165996404        1.07829474555231
H            1.25676707203238        3.13960458318325        2.45992586812443
H            1.02766160739265        3.97340931669457        4.00278411969266
H            0.65512579556690        2.25309929844451        3.86559156279366
H            1.69785609441624        2.03900769327280       -2.26244696366244
H            0.43135007769100        2.82746690883915       -2.65722239126937
O           -2.25162817889685        7.16855004745642        1.54060540229331
H           -0.00995922774798        0.61455166243703       -3.26863025003400
H           -2.89517003527922        6.53291007017505        1.20844718440751
N            5.57754134455905        1.09937606647438       -2.11308654585390
C            7.61115298188488        1.03492237323328       -0.79870231847277
O            8.37269356493934        0.15271335043343       -0.46598725469884
C            4.07854028659935        1.73596056282480       -3.87295434134720
C            4.42698015856178        1.75512290524640       -2.40090715671031
O            3.77560283407592        2.36801040553269       -1.57116058339917
H            4.29852262882403        0.77262851649875       -4.32108065115379
H            4.66169946761394        2.50327773183969       -4.38015198099445
H            3.02357761143966        1.96623629694800       -4.00268346532532
N            8.01292885874896        2.23500630987090       -1.26314860960416
C            9.40391049666822        2.57962509923482       -1.43441625456398
H            9.67889303041239        3.42172155144465       -0.79575910624053
H            9.61392580475902        2.83477893923746       -2.47598979698552
H            9.99012538311685        1.70652283986727       -1.14995144289564
76
 energy: -110.268228037430 gnorm: 0.019469453558 xtb: 6.7.1pre (5071a88)
N            0.03844079169470        0.17176079250763       -0.48829668427005
C            1.39165058434691       -0.09336237854669       -0.36527569161506
C            2.10700886276371        0.28406839884119        0.77346165974760
C            3.46669330993611        0.07739845528790        0.84097388955080
C            4.15189958237065       -0.52494201579277       -0.20822152508726
C            3.42311483758124       -0.99305101722692       -1.29338898674897
C            2.06006766299919       -0.79322663893440       -1.37010103686655
C            5.64986709734522       -0.49395510738078       -0.24197538755045
C            6.06447151631068        0.89038013363667       -0.77633344102142
C           -0.54146902888420        1.40142750761346       -0.21445083873607
C            0.07662882398217        2.53503499531251        0.11723906517632
C           -0.67861514255049        3.80906042273031        0.38946259080790
C            0.21733043942728        5.05178317197589        0.26263366606596
C            0.81061264360626        5.21440118293350       -1.13670945346366
C            1.52037353962014        6.55474125779380       -1.29112104519551
O           -0.56301357439117       -0.14734721537393       -3.33778981764695
N           -1.74248910680040        3.61454527704180        3.93851278432056
C           -2.94466037042549        3.91339579255158        3.36867209811163
C           -2.73143153597654        4.02377030911796        1.97247610026513
C           -1.34212077830142        3.77435656975149        1.73931199433262
C           -4.19569924795482        4.09951103853780        3.93962244376729
C           -3.81460907114607        4.33001058750616        1.14619377410937
C           -0.77664283413253        3.52362762613444        2.96041774336274
C           -5.24473672627224        4.40196611675336        3.09707718287663
C           -5.05436997616546        4.51559879124426        1.71791825563717
C            0.61874893807873        3.18847191979763        3.35063018251492
O            1.04477032742777        2.10118668655804       -2.91790096730579
H           -0.41075799360951       -0.32399292732891       -1.25000271580754
H           -0.82598190742143       -0.21910995440789       -4.25924770503158
H            1.58307509252098        0.74665094416222        1.59474749495141
H            4.01612312882514        0.40416405400886        1.71328248961598
H            3.93305874965368       -1.50132135038337       -2.10076146515799
H            1.50534710732219       -1.13820261257366       -2.23015615217958
H            6.05755654089585       -1.26736292116082       -0.89414771749323
H            6.08183501749320       -0.62100739010592        0.75064250364160
H            5.60523183255011        1.66578993698687       -0.15045632701301
H            6.00945192528095        0.53029991207907       -2.84037829084187
H            7.28415479578323        2.93843409699242       -1.50532081118398
H           -1.62055256868905        1.38432560136593       -0.32085152551619
H            1.15310835694258        2.57474894747832        0.19788373229024
H           -1.48275166227056        3.89790325584525       -0.35159920189432
H           -0.38200346687222        5.93580134810227        0.49622243725296
H            1.02644740179833        4.99592558792466        0.99446272977253
H            1.52733747854537        4.41281789623231       -1.33140719059398
H            0.00722918037170        5.14996734700856       -1.87801662881773
H            1.90591863811480        6.66738165298041       -2.30343049988346
H            0.83307047892024        7.37533443637248       -1.08799324034973
H            2.35510822492002        6.62540995993878       -0.59493469825841
H           -1.58341164378105        3.45272286067848        4.91819881183522
H           -1.99524374500642        6.85073538433749        2.36233766246864
H           -4.34041005769011        4.00638923516319        5.00612654432858
H           -3.68736328373025        4.41174356150880        0.07593907238975
H           -6.23260719037324        4.54981630022942        3.50658057362008
H           -5.90188976709233        4.75180950960741        1.09111968160617
H            1.24752121197948        3.10508108861749        2.47150535154873
H            1.03027413642717        3.95815431472164        4.00615425631618
H            0.64285933859036        2.23970520384762        3.88886609479812
H            1.79983542539828        2.05325036838997       -2.29493431551142
H            0.43423841281145        2.77805322270943       -2.58084112549504
O           -2.25702299704059        7.18262980215467        1.49675722315564
H            0.01452514064377        0.63776830876687       -3.26700807694676
H           -2.90263785192298        6.55442950585885        1.15173219445791
N            5.57846505697869        1.10397261939991       -2.12691093100120
C            7.59155690487509        1.05836211832715       -0.78016525666042
O            8.35926431601895        0.18849656922869       -0.42811540898847
C            4.11569465121837        1.72688216052416       -3.92162965086348
C            4.42078659306804        1.73541320497571       -2.43853243540844
O            3.73083109904619        2.32314522757917       -1.62096091489340
H            4.32931021896537        0.75810719470338       -4.36335050928690
H            4.73053641517462        2.48193631458516       -4.41218355041530
H            3.06979197365033        1.97810672947139       -4.08036500127881
N            7.98510865144961        2.26136392964462       -1.24618973712725
C            9.37562251474546        2.62270071760616       -1.39245968077852
H            9.63142256851829        3.46318646412838       -0.74392237003747
H            9.59679018879666        2.88779965323451       -2.42862618602798
H            9.96632380265109        1.75366794824539       -1.10569808852157
76
 energy: -110.268223750438 gnorm: 0.032157616189 xtb: 6.7.1pre (5071a88)
N            0.02204174680839        0.17037361279455       -0.48721491665681
C            1.37552400096852       -0.09398273138057       -0.36706939263276
C            2.09199772063601        0.28527177912343        0.76842324206188
C            3.45236971672280        0.08285821131238        0.83409453010650
C            4.13798817294445       -0.51647942431204       -0.21530010194936
C            3.40804736880537       -0.98922646067573       -1.29573235332932
C            2.04389995950404       -0.79513168325660       -1.36892190213501
C            5.63652876108093       -0.48605514422762       -0.24917483362004
C            6.05603956912797        0.89461650883865       -0.78703038672960
C           -0.55298323642645        1.40390226129441       -0.22166419431162
C            0.07204234689065        2.53128605382020        0.10941487680890
C           -0.67890759921927        3.80824613165896        0.38936175574630
C            0.22075260338078        5.04850704788941        0.27192966830991
C            0.82639048529164        5.20934985104277       -1.12031304121969
C            1.53596718456083        6.54869615671011       -1.27477903352920
O           -0.53682735382384       -0.12605365990190       -3.34667264047372
N           -1.74534428277597        3.59535817357523        3.93651129877055
C           -2.94495431553576        3.90476864007523        3.36759157660024
C           -2.73121867004113        4.01764777172494        1.97188559000638
C           -1.34263891499455        3.76559347317027        1.73858061038068
C           -4.19385477674870        4.10230143362476        3.93942269957370
C           -3.81410578489930        4.32208427296960        1.14458245625910
C           -0.77851052046488        3.50770534446663        2.95888539181017
C           -5.23982987439673        4.41378875784991        3.09719029891305
C           -5.05128842737796        4.51779303585095        1.71682424303051
C            0.61703910299247        3.17590897992837        3.34851389009605
O            1.05331415038566        2.09590900974247       -2.90462282958088
H           -0.42907547330093       -0.32531625707583       -1.24527318994593
H           -0.74813138484965       -0.16682778678124       -4.28474014349266
H            1.56737882064382        0.74744508681031        1.58851608304147
H            3.99931098676420        0.41398102461825        1.70502789452632
H            3.91743470948954       -1.49511815287100       -2.10345081637214
H            1.48881447668832       -1.14332761206839       -2.22613347965555
H            6.04292839755482       -1.26586749437887       -0.89525521521696
H            6.06670178314736       -0.60830830887304        0.74470212639723
H            5.59166849581133        1.67103492588686       -0.16920789258739
H            6.02613673929806        0.53956625684328       -2.84910243017532
H            7.27681006524993        2.94909731152247       -1.50589981564603
H           -1.63008216846250        1.39253029950818       -0.33215373264264
H            1.14707995920104        2.57181796246445        0.19595386865726
H           -1.48171429932195        3.90511004185108       -0.35193007233464
H           -0.37564496465338        5.93456613428319        0.50224713190715
H            1.02245983421514        4.99319498061554        1.01125682480233
H            1.54199128065768        4.40702435029984       -1.30738556333326
H            0.03019028256091        5.14092189494855       -1.86663997889900
H            1.94460465879392        6.65109178626496       -2.27889574969782
H            0.84153910104185        7.36872034777131       -1.09749283535652
H            2.35333216819823        6.63190272449955       -0.56010394223381
H           -1.58488188454151        3.43350593482362        4.91575628140893
H           -1.97559159225454        6.85701745256751        2.37340415511145
H           -4.33758883911377        4.01118882616969        5.00618770898859
H           -3.68808446062056        4.39575910621182        0.07392079951934
H           -6.22479812430929        4.57529548178359        3.50690609347902
H           -5.89861483226854        4.75416130474224        1.08999289869411
H            1.24486120482744        3.09367091837451        2.46998455729633
H            1.02582902807294        3.94704709424904        4.00251473815960
H            0.64675732890894        2.22948156383167        3.88821015680504
H            1.80514014276145        2.11512273355335       -2.29498213016974
H            0.40553009101252        2.72328877384563       -2.59486669456292
O           -2.25229794400112        7.19267639974725        1.51250612346938
H            0.06996836879267        0.64426208357185       -3.25253482019606
H           -2.88100097603153        6.55814611791116        1.15453665124751
N            5.58094113516529        1.10515863110709       -2.14201752908679
C            7.58215216909436        1.06428842952425       -0.77984468475323
O            8.34820781263349        0.19968252061389       -0.41896353309101
C            4.12540310814399        1.69672237132556       -3.94913632165985
C            4.41663757046420        1.71300934109428       -2.46822227254629
O            3.72479991347845        2.29856317614399       -1.67405655769777
H            4.33726859711781        0.72163588320454       -4.38221004175483
H            4.74649897664384        2.44261455243542       -4.43951147969843
H            3.08775106488473        1.95112320579857       -4.11438549698787
N            7.97261551423621        2.27023224602076       -1.24499199405668
C            9.36301065581256        2.64710514514466       -1.35647557083207
H            9.59261328705585        3.48739685716993       -0.69967081981971
H            9.60153187137748        2.91994225169305       -2.38505304977441
H            9.95612821046979        1.78362467763377       -1.06075274161725
76
 energy: -110.269093163304 gnorm: 0.008770045103 xtb: 6.7.1pre (5071a88)
N            0.01975891834985        0.16788925672921       -0.48417516705079
C            1.37443341734113       -0.09572145950309       -0.36513971102800
C            2.09144816484113        0.28735147953015        0.76979006273627
C            3.45249165046810        0.08707858631118        0.83388669618794
C            4.13722542531881       -0.51547699035781       -0.21520102657756
C            3.40662252760552       -0.99141389228732       -1.29516432214523
C            2.04220473004047       -0.79782730686766       -1.36816891393527
C            5.63541169483949       -0.48431427628456       -0.24993268652985
C            6.05432539512443        0.89622208892952       -0.78928662204083
C           -0.55390451847960        1.40231120435898       -0.21749312472328
C            0.07009502466725        2.53096634335797        0.11383556165157
C           -0.67989642938319        3.80841304671624        0.38929012865840
C            0.22029630839899        5.04817916259686        0.27103171582110
C            0.82489934400854        5.20967883900128       -1.12196812886608
C            1.53490125292463        6.54948772176418       -1.27294679750330
O           -0.52537738141587       -0.12165658190904       -3.35710042860548
N           -1.74521635016800        3.59716286851937        3.93675259363556
C           -2.94546718327073        3.90458718854076        3.36803720938698
C           -2.73185812574661        4.01727987546750        1.97222293742973
C           -1.34322397844038        3.76620999262793        1.73867294892001
C           -4.19465415826575        4.10194713694760        3.93967676277214
C           -3.81412515674553        4.32432811850525        1.14517513938923
C           -0.77886363976545        3.50879668143927        2.95897833769772
C           -5.24114165264936        4.41276282997715        3.09745292689145
C           -5.05198868687140        4.51897855838850        1.71727500524693
C            0.61730815197371        3.17690754599919        3.34858707025328
O            1.06433312874834        2.11813720051132       -2.92627430000549
H           -0.43173641807823       -0.32915426704423       -1.24238780923350
H           -0.74727273098025       -0.14954698178334       -4.28999758021978
H            1.56733048342608        0.74981338669087        1.59089635329385
H            4.00078220504370        0.41902296323777        1.70447191890654
H            3.91565273351729       -1.50087703600733       -2.10210967847797
H            1.48610323360620       -1.14951343054293       -2.22390078432631
H            6.04248918671687       -1.26277711345131       -0.89700864506554
H            6.06602203659219       -0.60664816408970        0.74398552234230
H            5.58895161756722        1.67403170823485       -0.17268171974964
H            6.03246179898959        0.54220064788547       -2.85142829886003
H            7.27519199012006        2.95012684159583       -1.50588084875586
H           -1.63125803408042        1.39193386157220       -0.32803770105968
H            1.14518173711319        2.56772083428544        0.19862378834918
H           -1.48290811127440        3.90432605300460       -0.35197778211366
H           -0.37723161045438        5.93327290221739        0.50115210611612
H            1.02273811742212        4.99087030791845        1.00899160992178
H            1.54110268311857        4.40767980241954       -1.30989138742855
H            0.02906787235566        5.14267060389060       -1.86918508052423
H            1.94551948096661        6.65342992726687       -2.27522024420762
H            0.84226281814777        7.36979653945439       -1.09614471606966
H            2.35105217843630        6.63104359864466       -0.55810822172830
H           -1.58460496222430        3.43442111666672        4.91604876030413
H           -1.98085857577025        6.85569392392884        2.37315319941466
H           -4.33873979221713        4.01221931072405        5.00652476678850
H           -3.68721438769044        4.39994223573696        0.07453571445923
H           -6.22656414460803        4.57423681244316        3.50750831669479
H           -5.89909046162782        4.75631960894484        1.09048288947916
H            1.24558929593452        3.09476078306905        2.46941689248948
H            1.02676802157788        3.94888319034396        4.00206827219250
H            0.64603390883268        2.22953190578124        3.88828941100577
H            1.82293697190792        2.10081640560038       -2.32219507923532
H            0.41660849886957        2.71998288896708       -2.54922336708846
O           -2.24888266187363        7.18927630797557        1.51342734282575
H            0.07824519864652        0.64205503534786       -3.25030389345734
H           -2.88315968282322        6.55768186430021        1.16167414281559
N            5.58362445654891        1.10616373860324       -2.14545747958757
C            7.58001530170943        1.06762866556020       -0.77663580380345
O            8.34644688161199        0.20332312802118       -0.41507665604262
C            4.12501603954128        1.68603736636394       -3.95495538466889
C            4.41864820461768        1.71434583923633       -2.47170496715202
O            3.71247958440413        2.29167999651677       -1.66834387478523
H            4.34093383413872        0.71184518398007       -4.38519338108456
H            4.74388075310681        2.43314397106897       -4.44901602494679
H            3.08258407077344        1.93444799659744       -4.12282499367409
N            7.97204199059868        2.27172057720229       -1.24338915260670
C            9.36122311750549        2.64878922759026       -1.35540401494020
H            9.59001320759419        3.48997061773813       -0.69911453205826
H            9.60293782311784        2.92047540371338       -2.38413308419745
H            9.95554636601359        1.78691869370842       -1.05713268799481
76
 energy: -110.269414779375 gnorm: 0.012204232475 xtb: 6.7.1pre (5071a88)
N            0.01685282702561        0.16466491869979       -0.48081279832784
C            1.37273522857868       -0.09827040231883       -0.36244324721185
C            2.09025997111330        0.28957564036190        0.77096180998398
C            3.45188934316825        0.09187074752434        0.83318248114469
C            4.13566708105526       -0.51398821524781       -0.21507042057290
C            3.40404455676885       -0.99563145949279       -1.29255641774615
C            2.03936714385902       -0.80321776050369       -1.36498741693458
C            5.63356397939476       -0.48043729428422       -0.25162678603937
C            6.05140342771156        0.90016200226038       -0.79255531601045
C           -0.55540682461526        1.40036871835671       -0.21531969303409
C            0.06753234441761        2.53043083591904        0.11510402594867
C           -0.68156139169732        3.80768716764783        0.38879767660765
C            0.21891377343967        5.04726227780221        0.26975980757961
C            0.82289453412271        5.21091157768887       -1.12355922823936
C            1.53380317847174        6.55092982160580       -1.27026776724067
O           -0.49743780502768       -0.11878083351922       -3.37072217577755
N           -1.74529263787237        3.59937189779613        3.93706210788707
C           -2.94628040137991        3.90471781097207        3.36871153456426
C           -2.73298332282916        4.01726624832673        1.97272326242107
C           -1.34433736161092        3.76692870998602        1.73866451842300
C           -4.19563892522597        4.10189713613225        3.94013577058720
C           -3.81464451825340        4.32709419638803        1.14601212542761
C           -0.77951283416097        3.51053771618556        2.95899353785306
C           -5.24248334892238        4.41240631462693        3.09794966786562
C           -5.05296424215422        4.52085232401540        1.71800271380308
C            0.61718514928008        3.17883532849225        3.34850375860945
O            1.07555515788905        2.13974041764793       -2.93348268845128
H           -0.43503467723673       -0.33519641551279       -1.23769103242842
H           -0.75371560337583       -0.12950223931769       -4.29421332262502
H            1.56694045591467        0.75327056306928        1.59231401103801
H            4.00210327276412        0.42778041922773        1.70150995416274
H            3.91261126820902       -1.50848127612001       -2.09839325837063
H            1.48214442914614       -1.15888685155537       -2.21873435212060
H            6.04139148284224       -1.25819968000783       -0.89901168530063
H            6.06552083106846       -0.60169468779846        0.74191853501197
H            5.58241657475960        1.67928545775751       -0.17934331499566
H            6.04128704243189        0.54202584735690       -2.85407467576329
H            7.27326885879271        2.95274910362081       -1.50782957856589
H           -1.63333011735076        1.39038707705498       -0.32353309268882
H            1.14281674757162        2.56293120548108        0.19878307497014
H           -1.48491114280045        3.90305857199752       -0.35216105938288
H           -0.37897665575176        5.93156210085030        0.50083897417265
H            1.02236153845523        4.98803212851089        1.00598388152752
H            1.53951521987410        4.40957595094502       -1.31342490323397
H            0.02769534450028        5.14603724325360       -1.87168820274620
H            1.94684222976422        6.65658780197977       -2.27096965139023
H            0.84186987849532        7.37105692349218       -1.09349187001510
H            2.34820706246817        6.62990439082756       -0.55383235615005
H           -1.58453551745620        3.43497577441332        4.91620829074340
H           -1.98635056905431        6.85322067899175        2.37580188456300
H           -4.34035956931525        4.01274419071204        5.00696266725424
H           -3.68672081534124        4.40581515902423        0.07559465349204
H           -6.22836537076326        4.57261570739793        3.50824670022237
H           -5.89969988919595        4.75981820479473        1.09133037118300
H            1.24579764610868        3.09670139971519        2.46901708579095
H            1.02716773846479        3.95126516892630        4.00151054068305
H            0.64543631874261        2.23098670632978        3.88822995056608
H            1.85369265660220        2.09938827523545       -2.35197977714529
H            0.43585288626631        2.71448382786496       -2.48304370233502
O           -2.24646543635637        7.18541410440952        1.51580418165203
H            0.08849795768402        0.65155088970479       -3.25970622942517
H           -2.88664042437299        6.55663966137368        1.16984625214782
N            5.58465103947433        1.10289276982530       -2.15085131904929
C            7.57681829079746        1.07293269046042       -0.77454594308367
O            8.34314522219540        0.21023770228395       -0.40790230629680
C            4.12596680709186        1.67055976055802       -3.96467025269290
C            4.41603244880231        1.70065293964002       -2.47994919831439
O            3.70004327714667        2.27223152194940       -1.67376327529974
H            4.34571328305411        0.69613049267395       -4.38993497234869
H            4.74433167516639        2.41838874991351       -4.45986304006022
H            3.08136338407986        1.91526476205852       -4.13833194722368
N            7.97093798466550        2.27541171777437       -1.24236069500196
C            9.35890785889639        2.65302056894181       -1.35217892633004
H            9.58615090054498        3.49601193039912       -0.69728444200841
H            9.60433935410498        2.92235577181552       -2.38105226365554
H            9.95414273881419        1.79281939476991       -1.05025120633028
76
 energy: -110.269674235945 gnorm: 0.011108236198 xtb: 6.7.1pre (5071a88)
N            0.01406437919771        0.16180780119185       -0.47806272635413
C            1.37075648583783       -0.10066079610667       -0.35986667277879
C            2.08877575904631        0.29160323871978        0.77167797212667
C            3.45088821990454        0.09637190679787        0.83219061812625
C            4.13381144859253       -0.51251978622821       -0.21493170872274
C            3.40115322148608       -0.99997295576571       -1.28936043710001
C            2.03620415773053       -0.80895884930855       -1.36096534318285
C            5.63151465989409       -0.47683793954037       -0.25314952694121
C            6.04816953013267        0.90339799608507       -0.79664003666398
C           -0.55730959180498        1.39835671126589       -0.21448821166348
C            0.06493614725867        2.52957573610912        0.11461919540995
C           -0.68338280465451        3.80669599323746        0.38802790387086
C            0.21725790250533        5.04630963827676        0.26904551246957
C            0.82084381962584        5.21263614586887       -1.12424761408162
C            1.53267141483581        6.55278196003076       -1.26682139689643
O           -0.47386711708179       -0.11927957420571       -3.38371340375133
N           -1.74545521281216        3.60104598362131        3.93723715685320
C           -2.94704509100675        3.90482666303643        3.36928270051985
C           -2.73413803004188        4.01737978386788        1.97313115201104
C           -1.34555972887068        3.76718695639877        1.73845634139548
C           -4.19644406606920        4.10175431913627        3.94066352000248
C           -3.81541549199020        4.32951880197584        1.14683189912045
C           -0.78021596592308        3.51177569810555        2.95878557672377
C           -5.24351040063041        4.41233686926175        3.09863008838809
C           -5.05387620479062        4.52282916456355        1.71889737690345
C            0.61681135907665        3.18060752956867        3.34819797597294
O            1.08489916672340        2.14114289097828       -2.91469570336507
H           -0.43747973468175       -0.34029200266230       -1.23390754658003
H           -0.76056641278718       -0.10574653662889       -4.29928684305115
H            1.56624989203158        0.75693868348555        1.59270867163758
H            4.00274257784473        0.43671436992097        1.69793861234990
H            3.90918800587314       -1.51584797617060       -2.09387577603133
H            1.47800283930722       -1.16757400034724       -2.21294843356523
H            6.03983156387256       -1.25443813614672       -0.90040340919640
H            6.06482237086689       -0.59666640427111        0.74001869101658
H            5.57508971617435        1.68367737988542       -0.18769783256220
H            6.05098168326000        0.54140887109935       -2.85764754491054
H            7.27078683278220        2.95570798667624       -1.51100272447437
H           -1.63564979700028        1.38860606552563       -0.32116549951967
H            1.14044008840237        2.55928681441379        0.19732186788818
H           -1.48711942969973        3.90204638052343       -0.35250681126619
H           -0.38058973986447        5.93006391177639        0.50164625089785
H            1.02144168296910        4.98560420128430        1.00410953368675
H            1.53767728253430        4.41197291972883       -1.31610974491290
H            0.02625765738634        5.14983981504509       -1.87310049950116
H            1.94797421274437        6.66006341130657       -2.26631366110096
H            0.84090476375460        7.37275116060697       -1.08990545227438
H            2.34545471202859        6.62950270480658       -0.54843101753009
H           -1.58457250966558        3.43494967378535        4.91613925221949
H           -1.99139317517827        6.85051690590856        2.38092227385986
H           -4.34164503031902        4.01260078585732        5.00744092183476
H           -3.68686325980646        4.41079128397552        0.07665340296174
H           -6.22958444054090        4.57141837733643        3.50917941427996
H           -5.90031969994708        4.76340211732716        1.09245087699256
H            1.24553546027283        3.09851964411681        2.46861601182977
H            1.02684324287635        3.95333945672957        4.00088326065527
H            0.64516138946450        2.23272017023001        3.88805075061863
H            1.88204106046549        2.11913680670875       -2.35837956969233
H            0.46461408081995        2.72170120518738       -2.45349998057366
O           -2.24544960256225        7.18205581285276        1.51951499233906
H            0.10295166251167        0.65372352881051       -3.26344797726269
H           -2.88968938426292        6.55557227346622        1.17652768221822
N            5.58605847227864        1.09931522267681       -2.15748048490993
C            7.57317536839783        1.07842236594126       -0.77289679595626
O            8.33920055655286        0.21763542328807       -0.40059679974473
C            4.12761274106765        1.65235575189222       -3.97632367662037
C            4.41426246495324        1.68616026453111       -2.49115008418167
O            3.69098762206035        2.25320681367549       -1.68578706090179
H            4.35024648485826        0.67679762735055       -4.39669820384719
H            4.74595582442007        2.39985117297611       -4.47234534679635
H            3.08266883844267        1.89489302876564       -4.15524235633712
N            7.96886016867455        2.27974639194883       -1.24200860424872
C            9.35613708678799        2.65817257159919       -1.34853280095931
H            9.58118138235997        3.50328993753835       -0.69538147487720
H            9.60522709705662        2.92477650978822       -2.37744852647407
H            9.95181736392612        1.79959736907440       -1.04233213589612
76
 energy: -110.269990451784 gnorm: 0.009718444176 xtb: 6.7.1pre (5071a88)
N            0.00936988946807        0.15770524687628       -0.47369952703853
C            1.36672374656554       -0.10411545166734       -0.35538730863317
C            2.08566997936303        0.29537986494197        0.77252693445965
C            3.44847593649242        0.10419986970110        0.83038048240774
C            4.12992174483354       -0.50992477103536       -0.21433866112928
C            3.39536235861603       -1.00786441315005       -1.28256612744949
C            2.03000917118296       -0.81940104428953       -1.35246312781588
C            5.62742791459870       -0.47058591111899       -0.25563737675915
C            6.04193959045470        0.90842045748087       -0.80472707391998
C           -0.56129720178642        1.39467285714314       -0.21305108971233
C            0.06022562859808        2.52714530837778        0.11392650384246
C           -0.68678090105562        3.80469683599395        0.38667558120875
C            0.21386397489774        5.04472708633407        0.26869023560365
C            0.81729208644379        5.21645475940605       -1.12394640197343
C            1.53049211485261        6.55677725651812       -1.25997948436780
O           -0.43645253026843       -0.11361415661401       -3.40451453868300
N           -1.74619297911410        3.60360963285057        3.93731924888094
C           -2.94860410316248        3.90531322952854        3.36998716541410
C           -2.73646306469698        4.01785464528116        1.97357136732476
C           -1.34809206665098        3.76734861764878        1.73788275166954
C           -4.19791674739601        4.10167430160513        3.94150093997736
C           -3.81740047419952        4.33297668160973        1.14799003189536
C           -0.78179183915935        3.51356395478085        2.95811193600829
C           -5.24517800397229        4.41286337400307        3.09985068490223
C           -5.05568060920275        4.52630206049948        1.72042255140869
C            0.61563291915203        3.18396791929247        3.34727449046488
O            1.10705361104219        2.15439410669832       -2.89028826898969
H           -0.43995912013205       -0.34600867463810       -1.22954413428623
H           -0.76036811094188       -0.05659228761599       -4.30795594679435
H            1.56452379733710        0.76422252001462        1.59225710349564
H            4.00272674926717        0.45277920387020        1.69134095161733
H            3.90238354514075       -1.52876921883594       -2.08438540068706
H            1.47026260662685       -1.18217137440193       -2.20144216687703
H            6.03609106756742       -1.24905199734142       -0.90170357612046
H            6.06330938462765       -0.58694390951343        0.73681257548931
H            5.56100701632696        1.69063096429764       -0.20460531311304
H            6.06795151314012        0.53824585685192       -2.86443105658118
H            7.26529809648098        2.96150927813209       -1.51861159784005
H           -1.63996859875592        1.38541142828189       -0.31946662414249
H            1.13611185918706        2.55444142971513        0.19435337842973
H           -1.49089654685103        3.90030295583003       -0.35340196044898
H           -0.38357587328844        5.92784830260599        0.50437521923299
H            1.01888300534860        4.98228013783532        1.00262681708786
H            1.53443494169107        4.41684240721208       -1.31859855794010
H            0.02348580688688        5.15696274154925       -1.87366462156022
H            1.94971096620646        6.66703549687859       -2.25771212217062
H            0.83825283166066        7.37639335135118       -1.08275661848077
H            2.34045433008315        6.63035571762960       -0.53772388292451
H           -1.58517299475732        3.43442148124010        4.91566371293986
H           -1.99964011709516        6.84524009149721        2.39333758109371
H           -4.34368205755955        4.01168591684861        5.00815268155282
H           -3.68833526310726        4.41738107636888        0.07818628394694
H           -6.23124037946699        4.57031943199679        3.51083280493321
H           -5.90175622990140        4.76944568515070        1.09448155677940
H            1.24414448741634        3.10195378295911        2.46768732480660
H            1.02504775452368        3.95727124346645        3.99946460496636
H            0.64513080117346        2.23657705205839        3.88756249107751
H            1.93318692895342        2.14619253289782       -2.37116301728444
H            0.50530072260715        2.71708301626347       -2.38659966826728
O           -2.24660464168745        7.17782593179350        1.52916479955781
H            0.13886629829747        0.65681750696804       -3.26200227262138
H           -2.89336418250399        6.55381875721162        1.18559751487327
N            5.58874128601990        1.09242155621612       -2.17061042633486
C            7.56604214091011        1.08848265982423       -0.77062771731920
O            8.33140318753574        0.23175992885155       -0.38732373686336
C            4.13183685344107        1.61512742993257       -3.99986797382313
C            4.41251576724035        1.66057812234749       -2.51511316343645
O            3.68158105251861        2.22641888999756       -1.71740613751180
H            4.35663480939407        0.63544311532416       -4.41001582787425
H            4.75162222929109        2.35873638711808       -4.49936412704090
H            3.08823004561177        1.85558079690726       -4.18582439977744
N            7.96345979270015        2.28846177308861       -1.24241688568598
C            9.35029216776035        2.66896520333976       -1.34101755875992
H            9.56991889030926        3.51835483854867       -0.69136087504597
H            9.60621964833840        2.93006197315805       -2.36978242246963
H            9.94589158846554        1.81330717035825       -1.02590953087152
76
 energy: -110.270208352226 gnorm: 0.005560721399 xtb: 6.7.1pre (5071a88)
N            0.00586340824177        0.15618387249723       -0.47161802454058
C            1.36305490025383       -0.10551984578949       -0.35255413490922
C            2.08308903032289        0.29964135113035        0.77223564835004
C            3.44632068723463        0.11109627921938        0.82838067988498
C            4.12668189313320       -0.50747606547800       -0.21415169573341
C            3.39057653262534       -1.01359815771449       -1.27710212020873
C            2.02492873648269       -0.82695790995815       -1.34556913647593
C            5.62420115885688       -0.46649280147681       -0.25788847527304
C            6.03828850269948        0.91046011369783       -0.81229400302193
C           -0.56524122780084        1.39291935920928       -0.21299339246823
C            0.05634890455003        2.52575075688060        0.11267205173259
C           -0.68987223937241        3.80387288988359        0.38584234143150
C            0.21086714165268        5.04415429592653        0.27004727430733
C            0.81469916469367        5.22050480288985       -1.12165977591356
C            1.52810778974753        6.56118735652831       -1.25277370709291
O           -0.41279009712148       -0.09812314313963       -3.41557046764868
N           -1.74756934135871        3.60465687847033        3.93715057209160
C           -2.95035164175718        3.90566613225339        3.37025307702261
C           -2.73895077288892        4.01801616503368        1.97368642699784
C           -1.35084532043801        3.76678711463448        1.73730150663127
C           -4.19938618236802        4.10184307582828        3.94223241975998
C           -3.81992538564779        4.33450658060224        1.14867607866556
C           -0.78375039076335        3.51382579888681        2.95729788288420
C           -5.24668092048098        4.41408914557563        3.10107532283924
C           -5.05764801508445        4.52883435980258        1.72173857516813
C            0.61401407091976        3.18626850268810        3.34620488037445
O            1.12541041823227        2.16479293097587       -2.87396655212107
H           -0.44107262720747       -0.34739237393960       -1.22856906828179
H           -0.73812037362641       -0.02309822819149       -4.31169135930495
H            1.56287208592463        0.77138904517042        1.59060695291236
H            4.00165232649128        0.46560000993772        1.68598402540646
H            3.89652661111860       -1.53927731018963       -2.07607692130140
H            1.46397368987696       -1.19420585238017       -2.19157736430334
H            6.03236156376287       -1.24728772978062       -0.90155601897747
H            6.06170679263653       -0.57884654077260        0.73423685261209
H            5.55048038269251        1.69454953079703       -0.22066374825717
H            6.08222704227767        0.53125755433597       -2.87064213192499
H            7.25982132849173        2.96560705819103       -1.52701570698009
H           -1.64394889227775        1.38337904652983       -0.31934811709566
H            1.13230396317314        2.55337391683867        0.19321727840082
H           -1.49373991792572        3.90021892531962       -0.35436057331739
H           -0.38655375001948        5.92664258916763        0.50865008114989
H            1.01577030400190        4.98061252930583        1.00428671685916
H            1.53219531178809        4.42195621616846       -1.31861025264598
H            0.02157348773900        5.16306835146073       -1.87196518179543
H            1.95007256998662        6.67375524543907       -2.24929804707729
H            0.83501774180474        7.38045092684566       -1.07542710396004
H            2.33609493703823        6.63337463230571       -0.52769687156760
H           -1.58643396685780        3.43338837047093        4.91503453868127
H           -2.00441112065217        6.83985929759051        2.40545721798338
H           -4.34504937244357        4.01074784458773        5.00880616544924
H           -3.69109184295393        4.41980165377649        0.07902277525473
H           -6.23239115104894        4.57127054796000        3.51249022417121
H           -5.90360638309616        4.77375547452962        1.09635560081523
H            1.24219501239456        3.10461454425418        2.46667264636795
H            1.02221296075764        3.96040609240105        3.99792958302136
H            0.64538178886331        2.23959404392689        3.88713773059937
H            1.96567547302592        2.16528461109516       -2.37629485328296
H            0.52749145906532        2.70035577112912       -2.34161782166332
O           -2.25187023620355        7.17758871130175        1.54196414462542
H            0.16782370098597        0.66799952298268       -3.25838724500128
H           -2.89380415904605        6.55286570228130        1.19066505111314
N            5.59389667326950        1.08501755599554       -2.18276916830500
C            7.56124350531526        1.09621633004043       -0.76908282184949
O            8.32649506577332        0.24389890028117       -0.37617856339628
C            4.13731316373301        1.57947360479467       -4.02079470629234
C            4.41638843349995        1.64223318339196       -2.53727242890109
O            3.68426487540814        2.21342653009693       -1.74823643726345
H            4.36047181894337        0.59422024006930       -4.42022291449222
H            4.75895591123583        2.31571356948185       -4.52819902493047
H            3.09545246015248        1.81964964126857       -4.20927138230870
N            7.95787514998526        2.29573676594003       -1.24377445603829
C            9.34475355473556        2.67951269535088       -1.33395711483449
H            9.55740836223570        3.53298117289355       -0.68739565405950
H            9.60689514500086        2.93558620836398       -2.36229219592775
H            9.93980833554314        1.82678403226308       -1.00992558289744
76
 energy: -110.270342835475 gnorm: 0.017270786227 xtb: 6.7.1pre (5071a88)
N            0.00189378800083        0.15593834509078       -0.47046281657934
C            1.35849161850265       -0.10583165679324       -0.34973959033928
C            2.08022879249093        0.30695282209378        0.77096348677190
C            3.44393983390455        0.12121497220288        0.82534142468543
C            4.12307466637470       -0.50370289776371       -0.21408903196787
C            3.38497171185484       -1.02043959573398       -1.27015050207821
C            2.01899483687632       -0.83580294180753       -1.33695838806877
C            5.62074244169298       -0.46232342463786       -0.26059773296813
C            6.03585973798967        0.91078001049904       -0.82291872347834
C           -0.57067400532994        1.39206910908579       -0.21360363325797
C            0.05118053536475        2.52512963645924        0.11088770575906
C           -0.69444089973398        3.80395876494433        0.38503550395801
C            0.20661323173301        5.04437501935518        0.27315677089388
C            0.81140511060761        5.22683731016810       -1.11709187291525
C            1.52418428568992        6.56831920534917       -1.24182921830410
O           -0.34883983221557       -0.09531133043548       -3.43125235618878
N           -1.75038107117790        3.60523980406213        3.93666542592885
C           -2.95346238926403        3.90598889621220        3.37025776030294
C           -2.74308063922625        4.01790699367420        1.97356469961153
C           -1.35534027846265        3.76568565264707        1.73643937930909
C           -4.20198677981762        4.10240653009306        3.94311862348379
C           -3.82427978853765        4.33546262264382        1.14924390826476
C           -0.78721907415411        3.51339135166596        2.95604003846763
C           -5.24928860404088        4.41635844821387        3.10272408597924
C           -5.06106910234899        4.53176184641856        1.72335214454605
C            0.61115269762456        3.18906271751699        3.34461574947382
O            1.14193145220726        2.18371992830822       -2.86323113059480
H           -0.44168994555979       -0.34653129618884       -1.22975731218145
H           -0.73462161538251        0.04466511785001       -4.30867888591069
H            1.56097607257287        0.78242494752757        1.58751690904062
H            3.99996683373126        0.48273241353643        1.67921191805283
H            3.88929565382292       -1.55330819524148       -2.06491190832454
H            1.45658668028319       -1.21063054596321       -2.17848625038767
H            6.02741918261546       -1.24762002796651       -0.89985061431606
H            6.05960391811332       -0.56858594579507        0.73152732479549
H            5.53838469722331        1.69806031547887       -0.24396093755996
H            6.10176661405075        0.51545839362148       -2.87897280626732
H            7.25215570748794        2.96934977676938       -1.53954356683948
H           -1.64921178644223        1.38163507996916       -0.32031357807884
H            1.12701050239596        2.55475249156024        0.19291033792668
H           -1.49751045459023        3.90165522128809       -0.35576681802728
H           -0.39106960121321        5.92593284998666        0.51552048598715
H            1.01077847206068        4.97925525319035        1.00852506740718
H            1.52951106001835        4.42987982478577       -1.31726204203131
H            0.01934054158388        5.17150710168501       -1.86827533384343
H            1.94944436285851        6.68395812997251       -2.23674014552621
H            0.82979756097689        7.38694114863341       -1.06447038600370
H            2.32976687105476        6.63950725683456       -0.51352047312886
H           -1.58905612773115        3.43183124714210        4.91403098296584
H           -2.00958569572064        6.83197527333652        2.42253876920714
H           -4.34698362858960        4.01011125679570        5.00966625592648
H           -3.69616475444349        4.42060852826251        0.07960061808574
H           -6.23435374740853        4.57433246918021        3.51479809646160
H           -5.90701779267991        4.77865729175166        1.09877541391030
H            1.23900985970937        3.10817990274258        2.46513522714874
H            1.01733481133468        3.96477311320202        3.99555438981071
H            0.64552396578152        2.24335436213617        3.88661492229383
H            2.00162582584771        2.18294866163244       -2.39619351031795
H            0.54118581650540        2.66368522047281       -2.27326013226055
O           -2.26045373165153        7.17903671943813        1.56228654914656
H            0.20877593071293        0.68935968416658       -3.25756379752109
H           -2.89379930447973        6.55304206523580        1.19752379881928
N            5.60465385520673        1.07202622712958       -2.19981562266186
C            7.55689343868854        1.10548797524042       -0.76636408407292
O            8.32274486115132        0.26026108673477       -0.35998156601878
C            4.14691835663656        1.52785305319535       -4.04872834919197
C            4.42776532861427        1.62020348438895       -2.56735827545341
O            3.69801471092414        2.20459481693490       -1.78934013037608
H            4.36436257705380        0.53315081409478       -4.43054271900141
H            4.77175348635384        2.25001955896827       -4.57231057511255
H            3.10703108165765        1.76924528131263       -4.23825564896165
N            7.95036677710929        2.30467265770230       -1.24565956851355
C            9.33710537196676        2.69489249966625       -1.32315629631838
H            9.53779103465506        3.55446477980517       -0.68095005282997
H            9.60853447938204        2.94392523343271       -2.35061331338094
H            9.93171960907874        1.84711928496594       -0.98561407733877
76
 energy: -110.270625429669 gnorm: 0.010508366168 xtb: 6.7.1pre (5071a88)
N            0.00176211494761        0.15882201482424       -0.47274759395518
C            1.35763931783980       -0.10331819365661       -0.35060281217527
C            2.08028912951199        0.31186317795560        0.76881597435416
C            3.44397555754739        0.12589451465765        0.82342430353979
C            4.12300455154105       -0.50157515414741       -0.21466532105115
C            3.38423124946621       -1.02123107343065       -1.26863097140335
C            2.01822769044608       -0.83648365189267       -1.33539279439205
C            5.62099403692333       -0.46259717497609       -0.26115334759832
C            6.03862662538811        0.90745461699168       -0.82785925088094
C           -0.57259467304165        1.39428203396834       -0.21523308168264
C            0.04955783920607        2.52707871540203        0.10957934749180
C           -0.69675637274624        3.80579096895173        0.38549013373174
C            0.20457497680155        5.04606912203949        0.27672020772261
C            0.81040798422017        5.23077334354976       -1.11259345253702
C            1.52166046067802        6.57299388527739       -1.23540607734715
O           -0.35019377925785       -0.06992193435884       -3.42512643612485
N           -1.75286251353559        3.60335226312537        3.93639623325688
C           -2.95570206316772        3.90541409976228        3.37014558606158
C           -2.74573009260597        4.01723247022762        1.97353983382263
C           -1.35814610072811        3.76454530342330        1.73633750938970
C           -4.20376309078982        4.10280101461766        3.94379662242182
C           -3.82731567312672        4.33414357777840        1.14944439477815
C           -0.78973748391666        3.51152040312737        2.95563338947125
C           -5.25097992043717        4.41808738664398        3.10392085636919
C           -5.06342740247148        4.53211267674166        1.72429525240173
C            0.60897873375935        3.18872164527895        3.34401559542775
O            1.13736894534904        2.18888991524198       -2.86961780344321
H           -0.44069659339805       -0.34217798295173       -1.23377554673276
H           -0.70538278948650        0.05164003256105       -4.30380937134085
H            1.56102770261918        0.78853507272254        1.58465516643281
H            3.99917401939269        0.48878063022062        1.67697821814724
H            3.88775782078143       -1.55723850155672       -2.06153606110657
H            1.45560611080016       -1.21459760675010       -2.17531811919739
H            6.02608730608044       -1.25171617890936       -0.89674754475215
H            6.05904820849580       -0.56537035642384        0.73167875379983
H            5.53692078089876        1.69694719005090       -0.25566353011601
H            6.10806588987151        0.49809983667633       -2.88184865671961
H            7.24891378724635        2.96807630916295       -1.54680836010843
H           -1.65079814326893        1.38274895972588       -0.32255799088973
H            1.12501800845968        2.55982302795862        0.19406948202074
H           -1.49896968000676        3.90479844348244       -0.35601298185404
H           -0.39339092525288        5.92729172807455        0.52028177274577
H            1.00764943832604        4.98013681677182        1.01347215068778
H            1.52881037369076        4.43452447963471       -1.31411547370494
H            0.01884695221249        5.17532097366957       -1.86415262811946
H            1.94739930487387        6.68987894165572       -2.22987497132262
H            0.82639922583450        7.39099371212865       -1.05795460875032
H            2.32678872424345        6.64492974637185       -0.50668538977814
H           -1.59138335555493        3.43014371009537        4.91371343855112
H           -2.00997559648942        6.82857758992879        2.43058556962102
H           -4.34768395314970        4.01036484467782        5.01044502505242
H           -3.70012661426933        4.41745622961805        0.07953361012136
H           -6.23550780085694        4.57810041805789        3.51638036303239
H           -5.90960792063780        4.77922323394376        1.10015150106496
H            1.23688029142956        3.10854138867768        2.46456684703029
H            1.01401955283411        3.96535939024206        3.99461965858157
H            0.64500427434371        2.24331845610839        3.88647583643823
H            1.99839426914684        2.18323638140952       -2.40937206179407
H            0.53042748155194        2.64197620707658       -2.26625730035600
O           -2.26515767022616        7.18133489910139        1.57381573490480
H            0.22967788922324        0.69924471243637       -3.25784972148990
H           -2.89348069706752        6.55502633123240        1.20077324809357
N            5.61336600253108        1.06166495226193       -2.20732331184939
C            7.55848557995558        1.10730654353387       -0.76521846039886
O            8.32571639447016        0.26668399270043       -0.35254355717632
C            4.15338183088704        1.50317017423548       -4.05878481239647
C            4.43992292648460        1.61439740779531       -2.57927768312166
O            3.71826925545285        2.21451856802162       -1.80583329746926
H            4.36333844079650        0.50193336997988       -4.42875933521478
H            4.78069545976183        2.21376307965292       -4.59604518644022
H            3.11399776703223        1.74765299931492       -4.24576239350386
N            7.94765799604269        2.30686644598086       -1.24710236642624
C            9.33393273627155        2.70284351949228       -1.31773808677494
H            9.52626130484537        3.56565401091702       -0.67753483489808
H            9.61006949353319        2.94893634763640       -2.34438435293411
H            9.92905909137523        1.85856355460329       -0.97307467731571
76
 energy: -110.270688560395 gnorm: 0.012291606203 xtb: 6.7.1pre (5071a88)
N            0.00253369404648        0.16257720764653       -0.47608329456741
C            1.35791766176824       -0.09981440306378       -0.35199961565713
C            2.08133563568401        0.31848629074203        0.76615497021192
C            3.44497295513917        0.13196726997694        0.82134933762180
C            4.12396528555667       -0.49919603612081       -0.21478325755664
C            3.38457095194075       -1.02214170156053       -1.26681789482699
C            2.01862646742941       -0.83679652725940       -1.33419134406820
C            5.62224487222715       -0.46277651548598       -0.26082623111914
C            6.04150500311194        0.90362975335007       -0.83436446573509
C           -0.57374685870591        1.39746806401346       -0.21755292610897
C            0.04773182529024        2.53056655979706        0.10802012411391
C           -0.69989690474129        3.80843607112109        0.38615173492587
C            0.20157846982201        5.04872298069547        0.28105602035266
C            0.80858303591097        5.23608416327819       -1.10730392645563
C            1.51821513025419        6.57929736516465       -1.22724059293866
O           -0.33053995095045       -0.06198686182761       -3.42545814080254
N           -1.75632508423322        3.60089466705906        3.93626753784403
C           -2.95898559577219        3.90428865446306        3.37030121975793
C           -2.74939365673677        4.01616976582977        1.97377772268816
C           -1.36187125931254        3.76352812620718        1.73641606500641
C           -4.20650020093823        4.10325951352672        3.94482469114817
C           -3.83132580897685        4.33279489515947        1.14998855820715
C           -0.79322613819248        3.50965705755211        2.95545872908763
C           -5.25371441657640        4.41991927507619        3.10552923384015
C           -5.06685029259168        4.53233454074429        1.72560023470038
C            0.60592845891977        3.18817490341025        3.34370149562477
O            1.13723519395556        2.18811686533509       -2.86822635341598
H           -0.43879225425074       -0.33744653246298       -1.23885306774442
H           -0.70114996480382        0.07997586728257       -4.29696751929629
H            1.56214210790857        0.79702761267376        1.58112246485668
H            3.99956816303697        0.49712400154213        1.67436703384680
H            3.88729258032919       -1.56189015596397       -2.05775822485915
H            1.45597412392301       -1.21847614677974       -2.17256742965357
H            6.02587838077684       -1.25635975610567       -0.89181009965069
H            6.05926583912827       -0.56104139592552        0.73298081139485
H            5.53446405730995        1.69641363298882       -0.27109909112132
H            6.11354604103102        0.47181889339331       -2.88446563516326
H            7.24522825993581        2.96558115590156       -1.55621727352195
H           -1.65169462763642        1.38460460255607       -0.32540962072242
H            1.12279487698980        2.56600803240577        0.19466354873149
H           -1.50131840149019        3.90905105653135       -0.35594393642035
H           -0.39667717408515        5.92949823077220        0.52569294630317
H            1.00367123506859        4.98122089520794        1.01875770745811
H            1.52749528853365        4.44062012885736       -1.31029171583776
H            0.01768305691023        5.18076867813709       -1.85958731588841
H            1.94477101585533        6.69822374012727       -2.22094799933588
H            0.82200517155349        7.39624327328538       -1.04935853513178
H            2.32256361995272        6.65138184291499       -0.49790039172511
H           -1.59457864985433        3.42821528633578        4.91364901872616
H           -2.01260302427794        6.82524892430120        2.44073890629406
H           -4.34925143015014        4.01136906596311        5.01164708631475
H           -3.70495898443119        4.41463965831964        0.07979123066435
H           -6.23775657418669        4.58235689350818        3.51846001799535
H           -5.91330027759023        4.77959372454843        1.10188880696577
H            1.23413717634348        3.10872533571214        2.46425495162696
H            1.01008824826246        3.96572895080373        3.99394912760305
H            0.64324679638837        2.24282368613124        3.88645973661869
H            1.99600619819851        2.19062843681440       -2.41166030844232
H            0.53245364655083        2.63219027475924       -2.27947243209386
O           -2.26750377411338        7.18185541946416        1.58640257892967
H            0.25310592763610        0.70488674067199       -3.25718777735541
H           -2.89509544422616        6.55815163378542        1.20851412207586
N            5.62189215218185        1.04593589519486       -2.21667503707342
C            7.56018579581787        1.10955033034089       -0.76384121641524
O            8.32919714500286        0.27490525189872       -0.34241906286133
C            4.16026314529400        1.47112286069183       -4.07182043923023
C            4.45193374539663        1.60378832903772       -2.59458867800107
O            3.73712111678632        2.22342184908442       -1.82718662585526
H            4.36189025435186        0.46221563820263       -4.42520089571812
H            4.79110305893620        2.16758838755537       -4.62424978322944
H            3.12107387905012        1.71960723348427       -4.25895288829639
N            7.94503962570328        2.30905079691099       -1.24866287846347
C            9.32989848018253        2.71292518036755       -1.31067310318263
H            9.51148723692635        3.58008549083152       -0.67324971324746
H            9.61275469240148        2.95546139914861       -2.33625504107466
H            9.92688996804450        1.87391772409297       -0.95681599174888
76
 energy: -110.270917019133 gnorm: 0.006189769342 xtb: 6.7.1pre (5071a88)
N            0.00223862093307        0.16531711731491       -0.47844241215661
C            1.35770852655690       -0.09687925436415       -0.35226183083110
C            2.08197700500500        0.32749029009732        0.76350081452012
C            3.44580502334953        0.14167539308682        0.81852855963475
C            4.12424679030818       -0.49589331358452       -0.21438487692435
C            3.38368660929246       -1.02573621384532       -1.26270722018794
C            2.01773223717097       -0.84012512777502       -1.33073976877842
C            5.62266610571634       -0.46086789296866       -0.26063946922341
C            6.04225786635640        0.90111861625285       -0.84454630535343
C           -0.57567909159567        1.39987940596651       -0.21931177298142
C            0.04407122719583        2.53424764640458        0.10648096852254
C           -0.70473798641868        3.81087304719260        0.38649600078669
C            0.19678825375878        5.05138286354868        0.28520137110592
C            0.80479508539763        5.24327656802708       -1.10219905351302
C            1.51325364547690        6.58771838078253       -1.21618946319966
O           -0.29949276241191       -0.04401618284662       -3.43420721012807
N           -1.76068008862493        3.59961782746048        3.93633721794220
C           -2.96357213938522        3.90323953679986        3.37090956844776
C           -2.75456360394361        4.01519386425976        1.97434481793185
C           -1.36707279170840        3.76299287434088        1.73646527899161
C           -4.21052976800255        4.10393272936297        3.94625369394910
C           -3.83659643469231        4.33299080882236        1.15111234317572
C           -0.79791532644530        3.50898887612703        2.95530913865167
C           -5.25789131672767        4.42192055893583        3.10760648485713
C           -5.07165536280436        4.53380437785358        1.72748899346220
C            0.60187886499916        3.18910591248644        3.34339454846369
O            1.14354720756812        2.20823895320302       -2.86902600716012
H           -0.43751733407279       -0.33505688519208       -1.24252708040751
H           -0.69246018742317        0.11964170256693       -4.29362683045842
H            1.56339973908720        0.80933907367843        1.57719511808708
H            4.00092011811544        0.51233773766297        1.66921855759550
H            3.88526435307963       -1.57161842812005       -2.05057714812296
H            1.45450653319328       -1.22706341878391       -2.16655476709464
H            6.02530507819679       -1.25922866250275       -0.88625424896485
H            6.05941637468181       -0.55291244870011        0.73403900897298
H            5.52658892584409        1.69851522351308       -0.29444703803811
H            6.12513474056855        0.43980857598142       -2.88929535802602
H            7.23964489115659        2.96423043365919       -1.56897297861029
H           -1.65369565537605        1.38561431123032       -0.32670534429193
H            1.11896411705840        2.57066726915140        0.19354638736835
H           -1.50564646183142        3.91300772723340       -0.35591013381354
H           -0.40179708267636        5.93126868001430        0.53184389744352
H            0.99839152148881        4.98128025546409        1.02298729304479
H            1.52463603334864        4.44921861352111       -1.30788018244624
H            0.01510797983846        5.18943570606058       -1.85588842863705
H            1.94225817784684        6.71003801074831       -2.20825347937781
H            0.81596904094640        7.40324381287191       -1.03767269609280
H            2.31560178684890        6.65833122212012       -0.48475510717358
H           -1.59855860416440        3.42658772266159        4.91367519907284
H           -2.01949508517230        6.81979614774874        2.45580783695616
H           -4.35242950398905        4.01295123915605        5.01325119918150
H           -3.71060331777062        4.41506376159720        0.08079614659630
H           -6.24155643377965        4.58625422477249        3.52116688687550
H           -5.91820765657539        4.78208824130325        1.10430994817124
H            1.23051338587829        3.11034476223640        2.46390450686328
H            1.00528669904173        3.96773601063661        3.99304047621288
H            0.64042030040213        2.24376985480081        3.88650296219810
H            2.02310193391833        2.20671992736982       -2.44444448976696
H            0.54147767685091        2.60507391933270       -2.22583583593145
O           -2.26825640121931        7.17985894491395        1.60254016430416
H            0.29125221589185        0.71581480435944       -3.26333363745198
H           -2.89934113059238        6.56163535632305        1.22236859889866
N            5.63162185694586        1.02476345310360       -2.23160890559963
C            7.55938975218902        1.11554808838510       -0.76118804844614
O            8.33005090362373        0.28886082246448       -0.32604729333229
C            4.16920985392319        1.42238538050090       -4.09457780564538
C            4.46374571250519        1.58120620864884       -2.61994878133053
O            3.75023885495866        2.21830612983314       -1.86063631211213
H            4.36346460489831        0.40438528832871       -4.42576482085160
H            4.80428747750628        2.10278990502919       -4.66313686575731
H            3.13045500889822        1.67461954425745       -4.28678864108659
N            7.94099058008946        2.31408402859698       -1.24996910878968
C            9.32346102661801        2.72773915189037       -1.29981604868135
H            9.49122761048262        3.60138092898644       -0.66689076864144
H            9.61669183796432        2.96447276935966       -2.32415600559686
H            9.92330175436203        1.89617720841146       -0.93250440734824
76
 energy: -110.271025211015 gnorm: 0.006788538292 xtb: 6.7.1pre (5071a88)
N            0.00469768292710        0.16875733389953       -0.48152812572878
C            1.36023252118682       -0.09324702106818       -0.35402704067912
C            2.08399329016148        0.33251729509962        0.76146897535538
C            3.44761879742191        0.14554768886749        0.81768047466450
C            4.12620875095338       -0.49548889777123       -0.21292956386873
C            3.38593128641452       -1.02597956402710       -1.26114974206205
C            2.02035813186938       -0.83848540346171       -1.33108981659535
C            5.62462997036491       -0.46139522795654       -0.25820036065946
C            6.04351813113924        0.89764609975657       -0.84991356132768
C           -0.57436266934724        1.40255967361437       -0.22081231740310
C            0.04320905665876        2.53781909749032        0.10615779961880
C           -0.70710137725443        3.81293537913456        0.38720311168238
C            0.19372324085755        5.05417728246971        0.28766659880240
C            0.80224115109576        5.24801452397158       -1.09937075808788
C            1.51015303780834        6.59306436546255       -1.21075209661350
O           -0.28689534465385       -0.04247295395681       -3.44003834450247
N           -1.76366654159130        3.59853615349926        3.93678364747598
C           -2.96660052884696        3.90240731083116        3.37159362989412
C           -2.75756512122150        4.01481634253601        1.97500290005192
C           -1.36991452531630        3.76337149956408        1.73695709876196
C           -4.21329312147968        4.10425865170738        3.94717655574460
C           -3.83964337389812        4.33306668456703        1.15200258934694
C           -0.80086182051283        3.50909218648628        2.95584805736681
C           -5.26071514225967        4.42256174055119        3.10871257250545
C           -5.07466677746401        4.53398573474379        1.72851128611793
C            0.59894478838463        3.18895021171829        3.34401468175651
O            1.15228878208266        2.21978675349565       -2.87423342074997
H           -0.43452827911771       -0.33171416560344       -1.24597959554771
H           -0.69140583346085        0.12497961581484       -4.29281822007116
H            1.56557812351410        0.81628346569889        1.57417351609733
H            4.00284787950490        0.51802785337262        1.66765243543915
H            3.88744972137121       -1.57401809035206       -2.04772766258297
H            1.45757227310302       -1.22602389259995       -2.16684892018799
H            6.02770599457663       -1.26242547785678       -0.88001136644283
H            6.06088190004115       -0.54894334365303        0.73713037117790
H            5.52481395906194        1.69757007826525       -0.30656366943682
H            6.12526743856153        0.41615530416314       -2.88991558303774
H            7.23771022174508        2.96148939979255       -1.57591854478945
H           -1.65245220688008        1.38728275842691       -0.32833023122331
H            1.11817145856277        2.57460850329724        0.19219003398282
H           -1.50785769195749        3.91540274106947       -0.35527814474395
H           -0.40519947390405        5.93349293040349        0.53489553322550
H            0.99524768961763        4.98312354626612        1.02519205532740
H            1.52267921189814        4.45462985767836       -1.30578202419643
H            0.01313203182773        5.19459728040108       -1.85373713564460
H            1.93995322270724        6.71728314518645       -2.20220262356923
H            0.81217097087413        7.40761222003102       -1.03134538937002
H            2.31175341834500        6.66258687300221       -0.47847550623337
H           -1.60133398477955        3.42612979819791        4.91425011126887
H           -2.02393196575452        6.81644367860352        2.46422820757760
H           -4.35499632388138        4.01417938401552        5.01428997314745
H           -3.71363802511899        4.41565006134261        0.08173124472165
H           -6.24424251256818        4.58774698255503        3.52245984669371
H           -5.92131110293083        4.78222539693469        1.10541374118795
H            1.22778368226783        3.11026034337077        2.46455162255011
H            1.00263263861138        3.96738956951555        3.99372126552446
H            0.63708291036402        2.24340716720726        3.88684653508413
H            2.03199069212212        2.21058759839199       -2.45402536045522
H            0.55525409394952        2.60352245413178       -2.21640840948309
O           -2.26601984943804        7.17834518718610        1.61026375999709
H            0.29183588003916        0.72661381279400       -3.27028637960771
H           -2.90275151514821        6.56563640643976        1.23074665658087
N            5.63492752485726        1.01047214397234       -2.23812891991068
C            7.55973368009494        1.11694336485766       -0.76173866148981
O            8.33100069252296        0.29420455035156       -0.32065493647230
C            4.17217865692344        1.39826916692395       -4.10257827222928
C            4.46940831747214        1.56833494741767       -2.63064820490875
O            3.75713705389805        2.21219282618245       -1.87550477135959
H            4.36180716074568        0.37706277428472       -4.42317055377702
H            4.80911559589248        2.07048845320480       -4.67708796112413
H            3.13412254811442        1.65329959279040       -4.29749557697624
N            7.94015364285087        2.31518801302917       -1.25137903497739
C            9.32028261477481        2.73545287190078       -1.29464119761566
H            9.48015856899059        3.61222960591661       -0.66408226083572
H            9.61895752090457        2.97017927941367       -2.31790159304193
H            9.92270749867961        1.90874102516607       -0.92080502918651
76
 energy: -110.271220605553 gnorm: 0.006475407463 xtb: 6.7.1pre (5071a88)
N            0.01385346246733        0.17941156959888       -0.49140672515580
C            1.36937805593256       -0.08233888033069       -0.36015023566458
C            2.09073842675121        0.34477273360716        0.75593273284074
C            3.45357185482217        0.15326647573336        0.81667038282575
C            4.13312423504784       -0.49575951254889       -0.20794698969789
C            3.39455817957800       -1.02483513158007       -1.25796389056664
C            2.03028786030058       -0.83104770486848       -1.33419235698120
C            5.63153995435197       -0.46429564364009       -0.24954184481298
C            6.04814537123477        0.88700288940929       -0.86189040851143
C           -0.56861285207435        1.41055074654333       -0.22614177711596
C            0.04255744661403        2.54803878220845        0.10511331693293
C           -0.71241441609543        3.81862348866462        0.38939640779417
C            0.18567668672984        5.06246987415048        0.29411882318987
C            0.79533386435788        5.26097480831037       -1.09210912225484
C            1.50181198228491        6.60743939152451       -1.19780586808469
O           -0.27188565021517       -0.04397025243260       -3.45627104055779
N           -1.77161601932417        3.59561289482145        3.93814247802622
C           -2.97447795917668        3.90032892395137        3.37336124919694
C           -2.76498757609439        4.01427301437756        1.97672668172789
C           -1.37684047842652        3.76470837357281        1.73850513439344
C           -4.22064928483040        4.10468041024901        3.94924827714486
C           -3.84715901557725        4.33338217575157        1.15419010022944
C           -0.80846365942913        3.50947438327431        2.95762714064543
C           -5.26815734689916        4.42340546064604        3.11104061118909
C           -5.08231352297939        4.53392236156171        1.73070893263050
C            0.59095453585584        3.18767117452780        3.34620588281418
O            1.16194356845641        2.23975531099262       -2.88366699448311
H           -0.42417734942827       -0.32161347967317       -1.25611463567309
H           -0.70193703227355        0.13249512543740       -4.29434418268850
H            1.57231654099896        0.83311136984582        1.56583863440570
H            4.00850559440785        0.52816781883866        1.66589109374027
H            3.89655576044714       -1.57702716168423       -2.04155187993501
H            1.46948741100823       -1.21671779661907       -2.17178688857067
H            6.03662825081431       -1.27272089649436       -0.86036249103563
H            6.06594104964705       -0.53881004668190        0.74766536727206
H            5.52319422651578        1.69313331527673       -0.33476191742591
H            6.11996317444536        0.35203967641403       -2.88848266673084
H            7.23367820906509        2.95240720770300       -1.59326672037487
H           -1.64699461390743        1.39213437281179       -0.33347933984037
H            1.11779731202741        2.58601978691452        0.18881937559544
H           -1.51279017470159        3.92128880454359       -0.35335987260947
H           -0.41471835068824        5.93996587544464        0.54277166838262
H            0.98702655251936        4.98998630708533        1.03116021498446
H            1.51738737340457        4.46934501023654       -1.29989218832969
H            0.00749120679677        5.20830075719529       -1.84788476368838
H            1.93277206028804        6.73619866776739       -2.18815005628076
H            0.80217267911755        7.41967359423187       -1.01567294429773
H            2.30217548013275        6.67431120147832       -0.46402376798964
H           -1.60885402102808        3.42545296758961        4.91602887963556
H           -2.03515637205713        6.80659097172881        2.48528398934915
H           -4.36226643500474        4.01652930861174        5.01658562132136
H           -3.72093142660352        4.41748128422916        0.08413822522133
H           -6.25141191025697        4.59015447925046        3.52505038964053
H           -5.92917044160883        4.78161421739564        1.10761178917260
H            1.22016270606833        3.10894435414672        2.46688327407665
H            0.99576272894730        3.96489416712708        3.99656603330792
H            0.62716833077160        2.24148219086343        3.88797355685526
H            2.06004033515927        2.22759835325796       -2.49381365147561
H            0.59357959870839        2.61740928239753       -2.20431936192471
O           -2.26029167101185        7.17534229335492        1.62969683782108
H            0.29058630652709        0.73701085184772       -3.28486207016007
H           -2.91115416748772        6.57718312427610        1.25009864117962
N            5.64209931615031        0.97310781915663       -2.25165832831828
C            7.56203335846876        1.11793119961579       -0.76478147859925
O            8.33484980537790        0.30431756080209       -0.31070803847902
C            4.17860006861829        1.34102666725796       -4.11769705531042
C            4.48312069441922        1.53658292290415       -2.65271080537479
O            3.77746723389301        2.19817856153309       -1.90772762365189
H            4.35312469340838        0.31191670440134       -4.41400270975366
H            4.82150410178060        1.99195082329890       -4.70646602829978
H            3.14333903464226        1.60583125273238       -4.31724421661966
N            7.93923751072460        2.31604405885435       -1.25588685731274
C            9.31288921721786        2.75388251162735       -1.28253349439835
H            9.45231595443486        3.63816681625121       -0.65758343192610
H            9.62474184890081        2.98451919356408       -2.30285509991099
H            9.92224053646561        1.93964843389986       -0.89297992274723
76
 energy: -110.271377053884 gnorm: 0.006854597687 xtb: 6.7.1pre (5071a88)
N            0.02325662309236        0.19153159898498       -0.50265773111492
C            1.37789594771741       -0.07091188454585       -0.36634437206896
C            2.09710131567616        0.35810061231501        0.75009426799332
C            3.45915051705512        0.16210518354830        0.81580020749129
C            4.13978426657592       -0.49481982165125       -0.20282094939222
C            3.40274162525094       -1.02456515410710       -1.25348681961185
C            2.03969359437311       -0.82482945120695       -1.33575771856046
C            5.63838952810300       -0.46629486659771       -0.24108093210079
C            6.05341492023604        0.87629666802032       -0.87444980982067
C           -0.56403691072469        1.41914079139411       -0.23326827130095
C            0.04154169611908        2.55817693410347        0.10304355382250
C           -0.71835200193265        3.82461898829136        0.39181586605967
C            0.17670416236761        5.07126977242083        0.30224422523750
C            0.78767214052315        5.27607571564960       -1.08260449969498
C            1.49190545538676        6.62418574262785       -1.18207748617638
O           -0.25048256983136       -0.02919269709590       -3.46947206458175
N           -1.78026228871615        3.59267385067013        3.93938033389002
C           -2.98278632763571        3.89896180953982        3.37482311601230
C           -2.77299985347632        4.01432438687489        1.97823524565848
C           -1.38462428392004        3.76530952988295        1.74000923892555
C           -4.22845251282528        4.10488435620459        3.95118715693407
C           -3.85538627468627        4.33386099949933        1.15615049677133
C           -0.81675623574057        3.50873198191418        2.95911464292863
C           -5.27587454346569        4.42479136263031        3.11339381191887
C           -5.09032306699727        4.53473162866266        1.73295940674170
C            0.58228617916348        3.18621970697013        3.34804642309932
O            1.18044555113701        2.26367758250411       -2.89917214606534
H           -0.41218330904824       -0.30902088598190       -1.26883420005906
H           -0.71235429086309        0.15967682600626       -4.29085150239473
H            1.57836019663760        0.85125108725172        1.55666315196326
H            4.01287919352857        0.53927981382438        1.66455089290649
H            3.90497786194170       -1.58249431396767       -2.03278728364948
H            1.48079406270292       -1.20950485355960       -2.17491333743725
H            6.04492738716639       -1.28461074242631       -0.83834345524776
H            6.07063089594419       -0.52489631000402        0.75821030867552
H            5.51960859032639        1.68899219762731       -0.36602020177037
H            6.11877643494122        0.28544289631327       -2.88695961684935
H            7.22682443907342        2.94368831587825       -1.61470794328556
H           -1.64245482141880        1.39680137776118       -0.34079010118683
H            1.11677043024665        2.59989260142499        0.18789806189281
H           -1.51775762601785        3.92765888474306       -0.35185606792527
H           -0.42587474474307        5.94644748468817        0.55367852523972
H            0.97719837435308        4.99805674319829        1.04021973674559
H            1.51131680611334        4.48661901209410       -1.29286205363265
H            0.00110708411302        5.22419218756171       -1.83952799421809
H            1.92381069855082        6.75771844142617       -2.17141741695466
H            0.79048041213849        7.43442954225500       -0.99724836378739
H            2.29127302886166        6.68944592086347       -0.44692255625628
H           -1.61725355294095        3.42418330116258        4.91748944503702
H           -2.04444953679723        6.79326016077028        2.50982496268081
H           -4.36977868106738        4.01704174745718        5.01861098998627
H           -3.72939327310613        4.41838747723616        0.08620220492500
H           -6.25864153651127        4.59307538561140        3.52772833652888
H           -5.93735639661570        4.78241794957964        1.11007762915754
H            1.21164135064898        3.10795319204500        2.46895079980365
H            0.98714306767892        3.96268320640431        3.99913589350935
H            0.61779220641586        2.23974713069323        3.88912992852464
H            2.07749130194748        2.24446278314812       -2.52182688343105
H            0.61935371263719        2.60449033840829       -2.19245435894233
O           -2.26263106446751        7.17619586810193        1.65761891337765
H            0.31825086850781        0.74745676614862       -3.30116122072318
H           -2.91647589559447        6.58792837111975        1.26681934549654
N            5.65266227232535        0.93413456143823       -2.26727085993541
C            7.56468916979642        1.11988033454748       -0.76746830763210
O            8.34004426493971        0.31676544272515       -0.29831113250993
C            4.18810641271300        1.27058794522999       -4.13942825785945
C            4.49968295811723        1.50167595673113       -2.68040261681613
O            3.80624739632198        2.19301013625719       -1.95050196526651
H            4.34116610591131        0.22816996753342       -4.40672310697775
H            4.84120234323475        1.89290785474640       -4.75087414076450
H            3.15722492240983        1.54904159426149       -4.34112997359079
N            7.93553655231694        2.31845155709526       -1.26263914751213
C            9.30354396801214        2.77534641880003       -1.26924253812284
H            9.41866261869759        3.66848758551120       -0.65060113911627
H            9.63036174113554        3.00003359322378       -2.28645614082126
H            9.91841894588208        1.97410181965097       -0.86038043484665
76
 energy: -110.271492071394 gnorm: 0.005019614100 xtb: 6.7.1pre (5071a88)
N            0.03192891300220        0.20225950608417       -0.51305931340736
C            1.38530059181295       -0.06175764814893       -0.37192848697689
C            2.10227115745084        0.36689957345272        0.74608493267287
C            3.46357829135870        0.16682219816839        0.81670580622558
C            4.14549376809692       -0.49457617591876       -0.19803988411059
C            3.41023856789957       -1.02378297692640       -1.25035809926761
C            2.04826990165772       -0.81890354672203       -1.33796288010924
C            5.64426071052529       -0.46811148246349       -0.23334152401289
C            6.05849602606123        0.86734249557012       -0.88176655719698
C           -0.55978052559605        1.42644314766179       -0.23986251978193
C            0.04187860573390        2.56598212269473        0.10179103568622
C           -0.72222414836342        3.82939935117734        0.39394386298055
C            0.16965901459068        5.07868574164787        0.30867560938614
C            0.78113983500227        5.28870299619688       -1.07503568713371
C            1.48342161468026        6.63798166009303       -1.17048798360461
O           -0.24133554698189       -0.01704979605598       -3.47669180646086
N           -1.78671852619401        3.59100651525881        3.94030584493277
C           -2.98872298819332        3.89883117438174        3.37552134366940
C           -2.77842224479567        4.01543299863892        1.97909474606816
C           -1.38999936403443        3.76585821073523        1.74128917838507
C           -4.23438828342457        4.10436586905565        3.95188355326109
C           -3.86078063983152        4.33528339722338        1.15710075289454
C           -0.82273910057231        3.50782187171609        2.96032632977945
C           -5.28154926594778        4.42528698303586        3.11419925091346
C           -5.09571348164249        4.53600757266296        1.73387876985862
C            0.57582958256925        3.18450377203320        3.34967639247562
O            1.18909799349533        2.27461981639209       -2.90634043011257
H           -0.40113035151264       -0.29742261858495       -1.28088209051488
H           -0.71329905218741        0.16573300059633       -4.28839807378643
H            1.58265308793041        0.86292533381857        1.55007847252057
H            4.01555991331299        0.54401095005049        1.66631184796838
H            3.91305408776573       -1.58607259723164       -2.02597644965669
H            1.49101930740023       -1.20243635221354       -2.17895629814955
H            6.05244160984536       -1.29422805933105       -0.81898350386868
H            6.07432744358665       -0.51322579432976        0.76751535852831
H            5.51849555305618        1.68396729766800       -0.38618140246073
H            6.11930553318020        0.24062036786440       -2.88324018242399
H            7.22124423573785        2.93691886274619       -1.62896812258755
H           -1.63791156453168        1.40108886728633       -0.34907249385867
H            1.11692734874005        2.61197703017450        0.18902251314135
H           -1.52076609541338        3.93192665248809       -0.35071911525322
H           -0.43539698261104        5.95166144242859        0.56250551349198
H            0.96941984165499        5.00606806283004        1.04792217630830
H            1.50579815759448        4.50084376783990       -1.28748832237008
H           -0.00488892596073        5.23751135079540       -1.83231769407752
H            1.91509401537665        6.77483670680378       -2.15948416268337
H            0.78106866781670        7.44717946706835       -0.98344286295380
H            2.28282140875578        6.70270849584224       -0.43517889608578
H           -1.62390031512313        3.42324451706020        4.91849785920887
H           -2.04808635399266        6.78217415699644        2.52620600136662
H           -4.37589589502545        4.01528066285905        5.01917732927297
H           -3.73481570456944        4.42005164172543        0.08721384502389
H           -6.26415121270290        4.59366346197895        3.52854872931064
H           -5.94267152077180        4.78405289302763        1.11104887918973
H            1.20531917126205        3.10697170828992        2.47083456287829
H            0.98039089120149        3.96017219073313        4.00182797252604
H            0.61080580497484        2.23766540306802        3.89002660755764
H            2.09556394856182        2.26092371738944       -2.55009073136858
H            0.63705158165689        2.59581432965948       -2.18293955125420
O           -2.27137625512456        7.17981489695803        1.68150403645314
H            0.32483579214463        0.76262296940436       -3.31498224768709
H           -2.91840721588351        6.59359182623465        1.27725927482090
N            5.66165631676974        0.90689285892286       -2.27639912762412
C            7.56776949998514        1.12001655949080       -0.76983392633574
O            8.34554994515421        0.32367025970779       -0.29322824615828
C            4.19504852791750        1.21798545320426       -4.15401300916313
C            4.51180144258319        1.47542945571583       -2.69927577610821
O            3.82789105854398        2.18931948377700       -1.98249134718691
H            4.33191911117108        0.16752672621693       -4.40262597779959
H            4.85677883031433        1.81817196534328       -4.78005271867483
H            3.16827693821013        1.50745628531463       -4.35786092334570
N            7.93220234838849        2.31951441826368       -1.26845452165418
C            9.29606978573153        2.78979861052372       -1.26156127759508
H            9.39405404591926        3.68781815777169       -0.64714418455998
H            9.63294028652524        3.01125972145830       -2.27602065998595
H            9.91305144820157        1.99714808676599       -0.83983931942655
76
 energy: -110.271583276633 gnorm: 0.004565350607 xtb: 6.7.1pre (5071a88)
N            0.04315537612011        0.21496314243676       -0.52599277499464
C            1.39459421819132       -0.05225451256819       -0.37826320549504
C            2.10807446642921        0.37350860234177        0.74327853298043
C            3.46839310844516        0.16837358608170        0.82043791416474
C            4.15227378478929       -0.49560798834049       -0.19114954864585
C            3.41986680346116       -1.02254430106328       -1.24694940062728
C            2.05930730229390       -0.81174451061514       -1.34117340004821
C            5.65111557324071       -0.47012473591185       -0.22305445755934
C            6.06408420567086        0.85763940757331       -0.88639807019533
C           -0.55335301250666        1.43519219646038       -0.24834894897272
C            0.04421119511762        2.57452621914803        0.10130552576732
C           -0.72500857352786        3.83466454997295        0.39648924177331
C            0.16229376059975        5.08741978309941        0.31499969046245
C            0.77334834765090        5.30306200640664       -1.06770956656627
C            1.47369579129297        6.65336330528758       -1.15981134684421
O           -0.23376936055613       -0.00956548551844       -3.48414877094748
N           -1.79291076258075        3.59006400534785        3.94132891689003
C           -2.99413914037533        3.89956536550419        3.37580656302670
C           -2.78275261310630        4.01787835513482        1.97972250063476
C           -1.39431725963408        3.76704023114114        1.74289304952183
C           -4.24042733637387        4.10269201853402        3.95148010832970
C           -3.86465490457576        4.33843666644576        1.15740958610153
C           -0.82810259142476        3.50702471627826        2.96192088175787
C           -5.28702853619975        4.42462007563621        3.11348692198422
C           -5.10001241463371        4.53803901028666        1.73359440421594
C            0.56975873885076        3.18222849673800        3.35198296379192
O            1.19782493488563        2.27922978561702       -2.91315366399559
H           -0.38675568077667       -0.28353042680556       -1.29622625807325
H           -0.73206169301220        0.17067129366800       -4.28324054966962
H            1.58668417932113        0.87140257249563        1.54472568259892
H            4.01776869430833        0.54356804041707        1.67244822045829
H            3.92408851940192       -1.58818873877448       -2.01887924030278
H            1.50442496608515       -1.19211486186132       -2.18553261341572
H            6.06199349514570       -1.30368597453573       -0.79573928053343
H            6.07857259621341       -0.50019744429917        0.77921457416322
H            5.51988861719535        1.67721354403886       -0.40143328714089
H            6.12039354160553        0.20286858185322       -2.87629531748060
H            7.21518975860169        2.92981929289862       -1.64049436039421
H           -1.63089687285083        1.40713633705691       -0.36140878950307
H            1.11878233241496        2.62543345086549        0.19286027745233
H           -1.52277779624949        3.93551971886929       -0.34928283626348
H           -0.44613671850365        5.95765712479989        0.57120132214693
H            0.96160912681462        5.01659243597454        1.05546861213712
H            1.49860346393191        4.51655290318370       -1.28291337597915
H           -0.01285092416464        5.25298252101508       -1.82468930858819
H            1.90392336955269        6.79346142900370       -2.14897606600698
H            0.77089503908299        7.46178602905524       -0.96994668708532
H            2.27406057950234        6.71772140276066       -0.42539026132946
H           -1.63083680700810        3.42211325161042        4.91952735892540
H           -2.04955383446325        6.77114962236770        2.54016982997920
H           -4.38287434182653        4.01078444032303        5.01839361624052
H           -3.73812616595420        4.42436552041760        0.08766476515760
H           -6.26995666062221        4.59131326211049        3.52740169992113
H           -5.94649925277038        4.78702756258955        1.11053320003386
H            1.19970400665069        3.10603955148723        2.47355845303209
H            0.97387846677777        3.95646867211707        4.00610747897935
H            0.60380437422090        2.23450663045055        3.89083721299114
H            2.11133190996763        2.27453994314423       -2.57491642173916
H            0.65706999007222        2.59264273615930       -2.18315912964300
O           -2.28388541344076        7.18391383120192        1.70548654487430
H            0.33014340444195        0.77283793970488       -3.33319809612920
H           -2.92154611951007        6.59755210470998        1.28800641594192
N            5.67001784706124        0.88202201172918       -2.28179364070974
C            7.57154154920162        1.11824910840194       -0.77404222922055
O            8.35239643281644        0.32714721611362       -0.29499920149336
C            4.20082872457034        1.16869311942161       -4.16407323257645
C            4.52132136496560        1.44755762631223       -2.71426695562879
O            3.84473717557553        2.17959862640952       -2.01209402198740
H            4.32469830267415        0.11483614836068       -4.39889020522874
H            4.87052068123586        1.74908174844378       -4.79752285088523
H            3.17851063984251        1.46769512401578       -4.37241025061148
N            7.92844355546987        2.31924794347050       -1.27532767519668
C            9.28794420744265        2.80126571982377       -1.25807937989520
H            9.37138871118385        3.70192909426791       -0.64745561655310
H            9.63282512923435        3.02133554760723       -2.26945508609914
H            9.90525242694370        2.01572667420767       -0.82645668625813
76
 energy: -110.271592997201 gnorm: 0.007871155262 xtb: 6.7.1pre (5071a88)
N            0.05206352638512        0.22679255238660       -0.53827416063653
C            1.40174032904426       -0.04357199249428       -0.38333153853795
C            2.11230553005868        0.38202529119271        0.74040544277535
C            3.47183865091893        0.17337341465176        0.82290909783704
C            4.15738977008694       -0.49507105204320       -0.18475082098181
C            3.42711376813866       -1.02324799882798       -1.24180288212374
C            2.06778553333875       -0.80791439023613       -1.34186824822565
C            5.65628553474830       -0.47008796046032       -0.21394494228783
C            6.06797690083722        0.84946303981012       -0.89480700566217
C           -0.54843866265448        1.44405151468446       -0.25651247558879
C            0.04498988451381        2.58342167396117        0.10087055697032
C           -0.72918019821539        3.84018418690352        0.39886733149175
C            0.15399525088880        5.09608391171866        0.32190095358350
C            0.76450816352726        5.31865935158914       -1.05982065015246
C            1.46294286984443        6.67036103733140       -1.14614253817171
O           -0.21449848184422        0.00177163901024       -3.49577099534838
N           -1.79984881075680        3.58835962766043        3.94229791477825
C           -3.00052802804146        3.89924746103673        3.37629623682621
C           -2.78821830145713        4.01934933283773        1.98057210859130
C           -1.39971886073151        3.76797382611731        1.74441860010395
C           -4.24728675757171        4.10099877442752        3.95150277725696
C           -3.86947675794353        4.34161185178615        1.15804949118572
C           -0.83433819542347        3.50613359707319        2.96345473000447
C           -5.29325598032521        4.42462319124223        3.11334735290260
C           -5.10514236497221        4.54068409355201        1.73382798359996
C            0.56330050265681        3.18093894758734        3.35419903881899
O            1.20712949797263        2.29072498835962       -2.91750757121622
H           -0.37404394699241       -0.27008124053375       -1.31210040570762
H           -0.73669126384985        0.19230814713934       -4.28048133736014
H            1.58940535644605        0.88234989656503        1.53945745003335
H            4.01914624612445        0.54929851680488        1.67615334967724
H            3.93232868005444       -1.59373373444473       -2.00960069443812
H            1.51489074097485       -1.18803732006497       -2.18777455264262
H            6.06905632653303       -1.31127247872047       -0.77395264896086
H            6.08148063444045       -0.48558929179389        0.78979207428305
H            5.51799601330154        1.67459748249967       -0.42437101933809
H            6.12652509414848        0.15696391448107       -2.87303173984508
H            7.20708520048499        2.92328366854584       -1.65667645224814
H           -1.62536041103151        1.41397625605002       -0.37414381759139
H            1.11888908112766        2.63803577618279        0.19688343042756
H           -1.52626972312581        3.94016634068280       -0.34773210297628
H           -0.45726089034155        5.96361800278680        0.58082597083425
H            0.95313883892625        5.02532756539872        1.06267319345438
H            1.49030911318669        4.53370042865667       -1.27922214122416
H           -0.02169729820150        5.27060030761455       -1.81690777642859
H            1.89295421805534        6.81515539273393       -2.13474687797733
H            0.75906704355487        7.47705295590729       -0.95310381949217
H            2.26320874935283        6.73316477904375       -0.41147074398948
H           -1.63847426144888        3.41923836895325        4.92042754535481
H           -2.05536567784509        6.76088981314378        2.55913079829684
H           -4.39036136429278        4.00705072450098        5.01813488952399
H           -3.74222529793327        4.42953412466621        0.08847811650956
H           -6.27655694536962        4.59038491252023        3.52691823266446
H           -5.95105398311770        4.79134855455436        1.11066771892160
H            1.19427422029930        3.10680772556525        2.47625455290338
H            0.96652219539530        3.95418851903843        4.01015243045564
H            0.59724773614899        2.23209219094844        3.89128127274923
H            2.13574310885170        2.28560413564764       -2.60791344349716
H            0.68374782304128        2.58298705713120       -2.15878348706970
O           -2.29128927284397        7.18374144192884        1.73044817010105
H            0.34463017390033        0.78850883633886       -3.34606525908594
H           -2.92965982976866        6.60329113145620        1.30588783494209
N            5.68053236276603        0.85229904758126       -2.29317612542965
C            7.57363010798259        1.11946596371176       -0.77751161440624
O            8.35810361649946        0.33655758736958       -0.28955473113371
C            4.21046461555123        1.10624620495412       -4.18188927615017
C            4.53511497990919        1.41605434173758       -2.73816722333043
O            3.86517597026057        2.17192382639682       -2.05241436831784
H            4.31962585385445        0.04363417313936       -4.39141491479071
H            4.88908957220994        1.66192967543300       -4.82992187495972
H            3.19192580234620        1.41500758336139       -4.39735444592139
N            7.92323384710902        2.32096012010071       -1.28227465222427
C            9.27824510422026        2.81657204506654       -1.25183830577174
H            9.34375061000463        3.72352132528837       -0.64723845189823
H            9.63420350576407        3.03183877182122       -2.26073080037893
H            9.89813331022779        2.04049652136149       -0.80538771441738
76
 energy: -110.271658897087 gnorm: 0.004537924063 xtb: 6.7.1pre (5071a88)
N            0.05735624710043        0.23263050566128       -0.54501187902232
C            1.40577063343439       -0.04064780771451       -0.38576399021256
C            2.11378874641958        0.38121956455350        0.74119017657918
C            3.47276497879269        0.17056482299047        0.82702365453379
C            4.15997167307694       -0.49616644189019       -0.18056874050842
C            3.43177087278284       -1.02183435340285       -1.24053778228118
C            2.07317713382055       -0.80454737830867       -1.34388281372145
C            5.65877461563294       -0.46995061627236       -0.20806101065358
C            6.06916843608263        0.84728652953899       -0.89341186975670
C           -0.54373129927436        1.44910592971749       -0.26114003728030
C            0.04825146744460        2.58743552161148        0.10203875703324
C           -0.72853744250359        3.84260146300034        0.40027655777782
C            0.15178029313046        5.10033846091215        0.32351726542380
C            0.76052383017111        5.32472796776418       -1.05856577735762
C            1.45851158809686        6.67670749085176       -1.14415808295018
O           -0.22526145169281        0.00435964495086       -3.49725854322283
N           -1.80142998341924        3.58762392157380        3.94285069076616
C           -3.00163301199674        3.89906939714008        3.37607394619802
C           -2.78804070878607        4.02072074881834        1.98074535467492
C           -1.39941009128038        3.76914666905666        1.74550849102526
C           -4.24930584622857        4.09868391023869        3.95016612968422
C           -3.86838838363532        4.34426691663699        1.15750863106155
C           -0.83508065661138        3.50596003985323        2.96476093859576
C           -5.29455305149878        4.42293204166817        3.11130060284335
C           -5.10481619591379        4.54189259275726        1.73225458950964
C            0.56223707194870        3.17977576943747        3.35624241102594
O            1.20999126907023        2.28869095961146       -2.92347240940182
H           -0.36709987650877       -0.26272290386937       -1.32110702742799
H           -0.73652126641953        0.18536045294095       -4.28359684789659
H            1.58922493620416        0.88038540692118        1.53999152297058
H            4.01836317528844        0.54375109122681        1.68283184946046
H            3.93848721448934       -1.59162930995760       -2.00778703107242
H            1.52193017726020       -1.18216296727641       -2.19200539425639
H            6.07330343563780       -1.31225108205605       -0.76385945644242
H            6.08262177404263       -0.48089230404249        0.79595466834473
H            5.52147385779750        1.67385016284882       -0.42394065850352
H            6.12568701838345        0.14927948002629       -2.86787931986009
H            7.20487670874963        2.92036423550699       -1.65854514194694
H           -1.62010174895002        1.41954369267544       -0.38315253938359
H            1.12155254546368        2.64265370079463        0.20194915192491
H           -1.52574175282764        3.94097686804993       -0.34640565389060
H           -0.46108716106353        5.96654369673907        0.58279893685740
H            0.95160570393798        5.03064903846552        1.06352048475389
H            1.48585828079251        4.53978909635013       -1.28003404124618
H           -0.02681673582446        5.27770012165280       -1.81471275118533
H            1.88676580188161        6.82302565294264       -2.13329235721549
H            0.75460981398635        7.48269368883274       -0.94894171487785
H            2.25993811329131        6.73877317407990       -0.41076665409977
H           -1.64103085199350        3.41689460983424        4.92091590084325
H           -2.05608775124115        6.75957635150529        2.56142876743118
H           -4.39354516729529        4.00281677233322        5.01645777655625
H           -3.73990152839926        4.43439032561754        0.08818496538774
H           -6.27869664266123        4.58660529009056        3.52399645670799
H           -5.95001379687258        4.79359722845086        1.10854531290532
H            1.19431007477452        3.10749746338285        2.47876946212412
H            0.96502106538257        3.95158984499585        4.01424773815222
H            0.59554024741087        2.22957768898740        3.89118842639080
H            2.13263432154922        2.27530283835952       -2.60872680823497
H            0.69212579005727        2.58796481370840       -2.16682884115922
O           -2.29334365972649        7.18224678468820        1.73436490574941
H            0.33645739629284        0.78976070351678       -3.34702121810058
H           -2.93616441511285        6.60492440432199        1.31293319212912
N            5.68070658555988        0.84662435455658       -2.29094229124790
C            7.57513914096706        1.11697949583347       -0.78114585547914
O            8.36159559231560        0.33441447577698       -0.29612861081723
C            4.21208722271553        1.09603337060186       -4.17915125386988
C            4.53577905447097        1.40943333185872       -2.73784523975336
O            3.86590014764708        2.16902746175007       -2.05756120842308
H            4.31857167594837        0.03318751649673       -4.38278292198354
H            4.89325514986701        1.64618100283079       -4.82644739563236
H            3.19476638023688        1.40696742978095       -4.39926593915596
N            7.92227188433654        2.31878895018628       -1.28575987152555
C            9.27589841041945        2.81590440774315       -1.25705174470955
H            9.34015507087224        3.72338010882945       -0.65436929185976
H            9.63168418078987        3.03087638849592       -2.26582750922994
H            9.89630367182619        2.04118132196772       -0.80982218864408
76
 energy: -110.271691604502 gnorm: 0.002882089831 xtb: 6.7.1pre (5071a88)
N            0.05901390276639        0.23572851297998       -0.54874554864180
C            1.40660601154585       -0.03921346050588       -0.38678260824660
C            2.11323648594778        0.38131213064104        0.74143588663716
C            3.47202524018016        0.17027892298864        0.82868512203222
C            4.16035510636966       -0.49580779766559       -0.17852149311037
C            3.43311221761958       -1.02134361307643       -1.23909788564467
C            2.07481605327894       -0.80357191878753       -1.34405864587610
C            5.65919452942526       -0.46914424470807       -0.20538964599758
C            6.06970807507953        0.84654997155041       -0.89341273992030
C           -0.54173186894487        1.45219915642481       -0.26414144699753
C            0.04954023068407        2.58963180998405        0.10258727622242
C           -0.72838278506443        3.84394452595794        0.40092420988926
C            0.15042259404352        5.10273148387845        0.32458109458231
C            0.75771301830734        5.32897545316432       -1.05789865883837
C            1.45533942392801        6.68126873177117       -1.14204130035755
O           -0.21985004870450        0.00354112343473       -3.49868621333407
N           -1.80267610133711        3.58614647576553        3.94302231029369
C           -3.00262930828077        3.89779514631985        3.37582999884418
C           -2.78814671132095        4.02078556995885        1.98076730043719
C           -1.39939601321298        3.76952010290601        1.74601048691089
C           -4.25072630729628        4.09687899742447        3.94926551378083
C           -3.86779883808711        4.34562876982338        1.15712777726826
C           -0.83576101039258        3.50552203433603        2.96541564366824
C           -5.29535042739553        4.42202337557049        3.10998873684738
C           -5.10460725734046        4.54275460553546        1.73122405725329
C            0.56141750746513        3.17950646154997        3.35754105874170
O            1.21237859616463        2.28734993804462       -2.92380262296096
H           -0.36405154859277       -0.25792140585342       -1.32668987085176
H           -0.73887272011423        0.19050476557241       -4.28159715719272
H            1.58774811055361        0.87988057226451        1.54002286382297
H            4.01657854865822        0.54246368334182        1.68555273852168
H            3.94050484629466       -1.59166454297250       -2.00557555012194
H            1.52440322850932       -1.18143985849309       -2.19249537991307
H            6.07455178090635       -1.31236428612881       -0.75905206168861
H            6.08239314317029       -0.47758406375299        0.79883019774586
H            5.52212955749771        1.67425363428335       -0.42587065453755
H            6.12752926832017        0.14360808739264       -2.86583134639626
H            7.20383495982231        2.91985650187833       -1.65916456962233
H           -1.61775295252798        1.42357096033859       -0.38930312030486
H            1.12252738977491        2.64445486927854        0.20577220118825
H           -1.52563083916811        3.94154693172555       -0.34572422696825
H           -0.46331224126813        5.96791098448500        0.58501100618972
H            0.95092539816477        5.03325811808425        1.06375641924205
H            1.48288643379171        4.54441524548158       -1.28135282506260
H           -0.03045528392079        5.28288680033445       -1.81326980820613
H            1.88290702771689        6.82930544997374       -2.13123891248254
H            0.75109479583369        7.48648336071366       -0.94494694931521
H            2.25717421145375        6.74231157481970       -0.40900321715856
H           -1.64294009857545        3.41387570217732        4.92093718170666
H           -2.05753335616812        6.75540749427873        2.56499489714734
H           -4.39568434270854        3.99995239714314        5.01535991251523
H           -3.73844817035341        4.43733324733642        0.08809125259961
H           -6.27986062160726        4.58509382555421        3.52207229536722
H           -5.94931414221977        4.79537398490338        1.10720244758401
H            1.19435470665103        3.10915203256038        2.48053403962740
H            0.96322071430810        3.95038355360094        4.01718404991317
H            0.59492341496065        2.22840321146319        3.89078375114635
H            2.13443458794812        2.27428732126987       -2.61036979910094
H            0.69662726224966        2.58842957275607       -2.16957974438518
O           -2.29485926507253        7.18286900897530        1.73976425099197
H            0.33786037200295        0.79220904562999       -3.34863403829639
H           -2.94065437590036        6.60919131150977        1.31686802971611
N            5.68194346867422        0.84252410817567       -2.29090557620642
C            7.57577691649462        1.11709414775134       -0.78156154082191
O            8.36313415904173        0.33466484129288       -0.29844496860434
C            4.21422933548343        1.08464722707830       -4.17946480526594
C            4.53871952019780        1.40583773114168       -2.73979398929268
O            3.86912926373975        2.16746745723344       -2.06231804408673
H            4.31746152193010        0.01997343552744       -4.37606525369661
H            4.89658614573660        1.62912094731839       -4.83139597671400
H            3.19769980125099        1.39611733124240       -4.40133376893459
N            7.92190782492667        2.31870753101173       -1.28696321987167
C            9.27496411848071        2.81668012849252       -1.26030366825363
H            9.33902833234716        3.72552291001573       -0.65976750010690
H            9.63018203684143        3.02964660290312       -2.26969379486767
H            9.89617543894850        2.04330424373108       -0.81185386025924
76
 energy: -110.271731539611 gnorm: 0.003680701239 xtb: 6.7.1pre (5071a88)
N            0.06178525822128        0.24150876721097       -0.55597459430937
C            1.40776452280347       -0.03690542373514       -0.38839281399775
C            2.11157748651936        0.38138914158448        0.74232875017997
C            3.47010984154192        0.17001983194839        0.83243461353454
C            4.16082447925419       -0.49481834089118       -0.17396383899371
C            3.43542169400446       -1.02103242230368       -1.23545056606159
C            2.07762550863786       -0.80260830437226       -1.34368272418600
C            5.65975461160662       -0.46680564730772       -0.19949099245407
C            6.07039132215422        0.84569938365052       -0.89324097857347
C           -0.53799847020275        1.45822158333481       -0.27037453712169
C            0.05196957768521        2.59384283040879        0.10378210044956
C           -0.72801249187492        3.84658121576890        0.40218479955653
C            0.14773070358629        5.10746035022948        0.32647001423634
C            0.75147776303141        5.33793783698627       -1.05694378185235
C            1.44841757673439        6.69087230966687       -1.13780046363777
O           -0.21367778927146        0.00703107018333       -3.50229306357082
N           -1.80502950260877        3.58311793796926        3.94334084750908
C           -3.00450567875544        3.89502520394750        3.37525001374662
C           -2.78812657689187        4.02103032650359        1.98077983111085
C           -1.39913410583095        3.77036054106467        1.74707246408521
C           -4.25354712552528        4.09280212236775        3.94722156909790
C           -3.86618927623814        4.34895735525965        1.15628810053321
C           -0.83691273206824        3.50457849499589        2.96674754098214
C           -5.29681108637474        4.42004246751200        3.10707933065332
C           -5.10384461762502        4.54492209708125        1.72896410695614
C            0.56004107322857        3.17917214249508        3.36029911627393
O            1.21622414721270        2.28587256990377       -2.92328907995127
H           -0.35837309149943       -0.24873423221872       -1.33773394888953
H           -0.73905658130287        0.20415354336632       -4.28055281755901
H            1.58412924662002        0.87867605375979        1.54049413863205
H            4.01254593918267        0.54078943166225        1.69127326271689
H            3.94421959116878       -1.59242816903435       -2.00030895162510
H            1.52888979176407       -1.18107418917841       -2.19278467903359
H            6.07673277187372       -1.31191348625215       -0.74883140993849
H            6.08169635963162       -0.47008970235376        0.80516325334499
H            5.52244755469117        1.67572893577517       -0.43014531716451
H            6.13350851344868        0.13398724244121       -2.86165235006664
H            7.20127640734013        2.91959153992366       -1.66016358897705
H           -1.61330784822798        1.43183134136750       -0.40231119703378
H            1.12430028011421        2.64759555378195        0.21391434839342
H           -1.52545947838213        3.94251648305079       -0.34431631011878
H           -0.46765109000542        5.97051743448139        0.58972282731706
H            0.94996091946646        5.03828698266687        1.06363279761462
H            1.47607801511614        4.55407851538310       -1.28492741591582
H           -0.03861867561468        5.29416787122089       -1.81047521938092
H            1.87444677945173        6.84268224514284       -2.12707783589262
H            0.74380267240080        7.49469105994590       -0.93664159315972
H            2.25121563413549        6.74961891279540       -0.40566295434367
H           -1.64676758494156        3.40713780757080        4.92086547429383
H           -2.05999035331248        6.74873203985931        2.57158508326568
H           -4.40016246962216        3.99337861582557        5.01285670025858
H           -3.73488072758786        4.44422775758393        0.08785983423318
H           -6.28209484078648        4.58183242115558        3.51788395028533
H           -5.94741170141449        4.79987594773181        1.10431559740130
H            1.19495810991988        3.11340291793272        2.48431865875320
H            0.95936551045160        3.94805762925896        4.02372470040098
H            0.59415976914939        2.22597582448517        3.88971261871161
H            2.14247394053453        2.27239957170089       -2.61912849170697
H            0.70717271194178        2.58733583465754       -2.16437308180072
O           -2.29876322246480        7.18353303232073        1.75019166168868
H            0.34664475700818        0.79318561641329       -3.34932192773457
H           -2.95071244697067        6.61627255329375        1.32741148121715
N            5.68424539459292        0.83365115195213       -2.29093113910353
C            7.57663422687923        1.11775171021793       -0.78276542712128
O            8.36592033971444        0.33584576876349       -0.30233629071106
C            4.21889527274323        1.06048369599354       -4.18117195645252
C            4.54289847838045        1.39460352556060       -2.74483868448419
O            3.87256154487756        2.15994369695402       -2.07348980943964
H            4.31797064489349       -0.00551713460257       -4.36530598541787
H            4.90334078682366        1.59483369907482       -4.83828906439322
H            3.20390307475897        1.37245429348747       -4.40828517284849
N            7.92076435110176        2.31910390496401       -1.28960261725514
C            9.27295904654452        2.81831850335680       -1.26785411223125
H            9.33763128216031        3.72986457532295       -0.67194172832819
H            9.62651704764742        3.02681652192980       -2.27876352368162
H            9.89565723256139        2.04754970815070       -0.81728755099389
76
 energy: -110.271771706862 gnorm: 0.003732243573 xtb: 6.7.1pre (5071a88)
N            0.06651212789671        0.25075724692494       -0.56759843474649
C            1.41023056147862       -0.03239064420004       -0.39163725155772
C            2.10952563296728        0.38289684754415        0.74297118956744
C            3.46768510073891        0.17072499975954        0.83817664944463
C            4.16235123875264       -0.49285270636218       -0.16633053385323
C            3.44006082848917       -1.01995013533750       -1.22966730864285
C            2.08299425390142       -0.80006356027799       -1.34362027976498
C            5.66142808132582       -0.46316928080107       -0.18846425042316
C            6.07190283202234        0.84405270662623       -0.89293072540050
C           -0.53229837017876        1.46760216711835       -0.28055156890878
C            0.05535654213200        2.60074998094220        0.10506105187764
C           -0.72777949135575        3.85098798297414        0.40435828075775
C            0.14344836101758        5.11500841371340        0.32996901016135
C            0.74149335371299        5.35237352996625       -1.05483344922654
C            1.43724380296518        6.70628732948388       -1.13076552957308
O           -0.20534933083620        0.01372620958614       -3.50865889074852
N           -1.80912950901765        3.57749659185481        3.94393574998236
C           -3.00782116491902        3.89016800524353        3.37453797333265
C           -2.78856869488040        4.02113105210326        1.98100258787124
C           -1.39915246292443        3.77149968750677        1.74895095418228
C           -4.25815435288991        4.08626440535151        3.94438374861307
C           -3.86430223416558        4.35357764756678        1.15531433172849
C           -0.83909233937444        3.50248542671352        2.96891818382542
C           -5.29934370397868        4.41708468173604        3.10307655224109
C           -5.10315838549900        4.54792070191747        1.72591655931560
C            0.55747506656966        3.17796770606223        3.36472683926702
O            1.22358871209305        2.28674647432603       -2.92485701119508
H           -0.34950754029299       -0.23466385613684       -1.35470485992237
H           -0.73654581674060        0.22204698421904       -4.28031736062680
H            1.57897662731696        0.87862208522631        1.54011017938487
H            4.00668636630150        0.53998556747965        1.69985764206109
H            3.95111621770895       -1.59297988306920       -1.99188030865679
H            1.53714410626791       -1.17884745914528       -2.19435899239887
H            6.08082431770725       -1.31228904520660       -0.73019670314262
H            6.08089718875451       -0.45773535304735        0.81734853271334
H            5.52275648469202        1.67828320497926       -0.43837743410204
H            6.14009916709031        0.11184969773191       -2.85384243179577
H            7.19700869550793        2.91838869009323       -1.66356466033861
H           -1.60657287603955        1.44427834920122       -0.42242520232411
H            1.12675784399319        2.65341807270888        0.22520384455221
H           -1.52551914239001        3.94475337904554       -0.34194017354457
H           -0.47409773167676        5.97496071031287        0.59814300217248
H            0.94851195257807        5.04602514880059        1.06399239862853
H            1.46507160341841        4.56955587287199       -1.28982710336017
H           -0.05166783980816        5.31215521212050       -1.80533318637315
H            1.86034900078314        6.86406797589913       -2.12032185792113
H            0.73237326082472        7.50819425785648       -0.92301429920925
H            2.24194555119842        6.76160131759596       -0.40049380464764
H           -1.65304639890014        3.39619998827721        4.92087352685780
H           -2.06288512334271        6.73938581773553        2.58202254869462
H           -4.40726590379059        3.98295367304143        5.00931331815723
H           -3.73009586897852        4.45405689764351        0.08776816403470
H           -6.28559140189254        4.57754471766041        3.51209278507749
H           -5.94503634183555        4.80646130947313        1.10042082550516
H            1.19555542533454        3.11989756836738        2.49043055420942
H            0.95258411601816        3.94350165062680        4.03456547789001
H            0.59252694884543        2.22130528480179        3.88783987499761
H            2.15386202950804        2.27055100813345       -2.63266023020828
H            0.72387404696255        2.58687686511609       -2.15918713283489
O           -2.30558563028200        7.18499220094782        1.76731241814031
H            0.35806121004138        0.79731219525683       -3.35243472354773
H           -2.96596923747344        6.62669519965022        1.34566913615471
N            5.68765907645040        0.81679939874126       -2.29102674706557
C            7.57816210712043        1.11830366272342       -0.78540869180148
O            8.37029127599942        0.33802879941265       -0.30643977442257
C            4.22587186755469        1.01935576851535       -4.18517065262985
C            4.54965989351743        1.37600370042253       -2.75388764155657
O            3.88196799312242        2.15517363388566       -2.09349803825783
H            4.31334238329806       -0.05215552085273       -4.34630056260889
H            4.91761022913369        1.53316208229138       -4.85264935498298
H            3.21416367594742        1.33755432531507       -4.41983230703415
N            7.91894760489099        2.31959475467816       -1.29453695595397
C            9.27006507448061        2.82193020905462       -1.27899400084198
H            9.33399687198431        3.73863896561727       -0.69054702295269
H            9.62157333842809        3.02290032871337       -2.29239573947909
H            9.89594684452788        2.05622111727411       -0.82378070289707
76
 energy: -110.271800524332 gnorm: 0.002024306846 xtb: 6.7.1pre (5071a88)
N            0.06863765176610        0.25583008434699       -0.57407129908699
C            1.41097258098305       -0.03018390098273       -0.39303037478894
C            2.10682173082950        0.38288455331463        0.74448120309723
C            3.46486071430397        0.17091082669805        0.84328988894914
C            4.16272696158840       -0.49097868159676       -0.16014430819375
C            3.44289768349279       -1.01854803600775       -1.22506553741702
C            2.08618474792406       -0.79828604675572       -1.34296630075013
C            5.66189661122471       -0.45992759330176       -0.17945619133820
C            6.07274629669761        0.84435705704655       -0.88969798169904
C           -0.52866300126296        1.47343224029657       -0.28752677213577
C            0.05795543171807        2.60447103903315        0.10593669428383
C           -0.72642679580263        3.85362375013464        0.40560555653234
C            0.14203616564037        5.11948030369858        0.33127016900839
C            0.73441680753622        5.36165318191616       -1.05509534936705
C            1.42969750741470        6.71588068561706       -1.12864052495357
O           -0.20275977313510        0.01693558640420       -3.51215378753372
N           -1.81115790656258        3.57240503133633        3.94400018552041
C           -3.00920590835277        3.88558784526618        3.37348301442749
C           -2.78754043482619        4.02086629233902        1.98076466122885
C           -1.39771214612702        3.77230268161274        1.75020486464251
C           -4.26061167338414        4.08015824408828        3.94145551392781
C           -3.86135062360737        4.35678203462542        1.15407020648135
C           -0.83942912434085        3.50043063824260        2.97032774296988
C           -5.30003836612925        4.41410581169457        3.09920492642370
C           -5.10119552266837        4.54982283316654        1.72288384504870
C            0.55679366467153        3.17697133763431        3.36821928626557
O            1.22784631966243        2.28740056945851       -2.92643974431471
H           -0.34495883606625       -0.22646477164720       -1.36427924619365
H           -0.73319599842784        0.22941547847694       -4.28162148215984
H            1.57381062554254        0.87696402797034        1.54096814085103
H            4.00116573258141        0.53923668272570        1.70699826428921
H            3.95575335234700       -1.59203757236346       -1.98568064994765
H            1.54260479515776       -1.17691836233835       -2.19526273862091
H            6.08299204247172       -1.31103411217535       -0.71706754604099
H            6.07940355623182       -0.45005234289985        0.82715664538699
H            5.52365422091721        1.68057344249954       -0.43928582859434
H            6.14521887108880        0.10524739070099       -2.84727678533179
H            7.19541736797272        2.91894794981308       -1.66200639707551
H           -1.60212202884219        1.45318376764360       -0.43666902726976
H            1.12865193477968        2.65561741891742        0.23335206056839
H           -1.52464476228026        3.94595205463384       -0.34029646717681
H           -0.47634116889411        5.97747280063255        0.60389079138574
H            0.95002654988584        5.05050318896902        1.06222108263589
H            1.45670148999395        4.57936682701477       -1.29564238119653
H           -0.06184918499838        5.32421694702660       -1.80236939610449
H            1.84929615755549        6.87766911035874       -2.11896848117276
H            0.72538006514519        7.51690269455557       -0.91538372603859
H            2.23688779560621        6.76870663021074       -0.40092149896751
H           -1.65693095401402        3.38657802991933        4.92036744314411
H           -2.06281659765685        6.73437644252862        2.58577969630815
H           -4.41201833468728        3.97330520397361        5.00572560658613
H           -3.72466277889323        4.46141742741916        0.08727684760882
H           -6.28697775676451        4.57361437673843        3.50677059622122
H           -5.94164958235468        4.81132311610317        1.09671033488086
H            1.19777664025910        3.12644780511697        2.49560145182602
H            0.94754623730369        3.93925086639723        4.04435563726912
H            0.59293789183768        2.21707670092093        3.88533314996687
H            2.15863142694138        2.26783660284821       -2.63820771285214
H            0.73111407016072        2.58983650425781       -2.15830532109919
O           -2.31139007949071        7.18718404729794        1.77674469009496
H            0.36306590718529        0.79880612625116       -3.35448956113280
H           -2.97753173047494        6.63415451524458        1.35784692267069
N            5.68867638471279        0.80965027681722       -2.28737632047452
C            7.57931472410138        1.11792301625579       -0.78681360542779
O            8.37285767175644        0.33651802173988       -0.31180088199710
C            4.22836184291109        0.99966150320493       -4.18328327965398
C            4.55165275952043        1.36603350838302       -2.75502685693026
O            3.88395216517174        2.14804029611915       -2.09925914272183
H            4.30970515111549       -0.07285003431217       -4.33356658926294
H            4.92415067440995        1.50258538577694       -4.85299021025146
H            3.21889076409376        1.32114892348330       -4.42241248854681
N            7.91888745136515        2.31922553021981       -1.29735124527314
C            9.27098566944618        2.81954234188581       -1.29268458458701
H            9.34006130471698        3.73931972894330       -0.70957094329606
H            9.61624834981172        3.01461153679847       -2.30954166540327
H            9.89890855040033        2.05554457971726       -0.83759688820328
76
 energy: -110.271825228886 gnorm: 0.001805498965 xtb: 6.7.1pre (5071a88)
N            0.07148924846608        0.26081634934646       -0.57945277819191
C            1.41298284750879       -0.02666828941818       -0.39458787725121
C            2.10555949723489        0.38520577585483        0.74539013651718
C            3.46337080473768        0.17303354106277        0.84808167145275
C            4.16405585027670       -0.48885157786148       -0.15342856159350
C            3.44684393830270       -1.01649846880106       -1.22026507786902
C            2.09060383818864       -0.79508168562469       -1.34248355592755
C            5.66323758668411       -0.45718579154649       -0.16944858325485
C            6.07426942165485        0.84379160229661       -0.88654542191102
C           -0.52547112278525        1.47865481228406       -0.29356855441493
C            0.05973818442649        2.60834198856618        0.10591122603875
C           -0.72574913870938        3.85648209797630        0.40667893762337
C            0.14069125221162        5.12369304648184        0.33302957599425
C            0.72761842522134        5.37053412821895       -1.05472738265440
C            1.42245314244980        6.72496517251514       -1.12671716585465
O           -0.20059531269933        0.02057211228158       -3.51644144938807
N           -1.81363219683895        3.56678353390105        3.94383483366115
C           -3.01102860467814        3.88093411445862        3.37246784984842
C           -2.78733853580174        4.02030771041810        1.98050476486390
C           -1.39709589882115        3.77279955118982        1.75123695903669
C           -4.26325141600678        4.07416703948632        3.93899207980223
C           -3.85966607081692        4.35897144445487        1.15313954746141
C           -0.84035136456190        3.49786748194612        2.97134883200289
C           -5.30123403277385        4.41117123725356        3.09615957338262
C           -5.10027879213832        4.55095811846595        1.72057687562668
C            0.55551662005812        3.17519563024137        3.37119420591504
O            1.23278861570274        2.29123490066278       -2.93025992232568
H           -0.34049389072838       -0.22013343144364       -1.37123361591188
H           -0.73418381651266        0.23342283822128       -4.28274254944892
H            1.57037896688199        0.87880297821328        1.54066350245452
H            3.99720749568121        0.54138118382596        1.71326880563980
H            3.96137138771001       -1.59092914063553       -1.97900843611825
H            1.54940668857145       -1.17300632298648       -2.19676720450609
H            6.08604350684148       -1.31083450904331       -0.70203742550089
H            6.07858588498395       -0.44203528653762        0.83811589574634
H            5.52469594409134        1.68210373317169       -0.44108946801878
H            6.14694685310077        0.09311793941567       -2.84013002894237
H            7.19425438272398        2.91886292810596       -1.66043058036147
H           -1.59822097237691        1.46018677732310       -0.44781316465748
H            1.12981368424805        2.65892353793758        0.23807500249874
H           -1.52436800934168        3.94829526909877       -0.33886749741128
H           -0.47789217383300        5.98012897534735        0.61027445543388
H            0.95147089681729        5.05402900724983        1.06103119356016
H            1.44874730492341        4.58883941237267       -1.30049377157407
H           -0.07162891723741        5.33552662714522       -1.79885776288282
H            1.83783400303781        6.89023423413218       -2.11820458247893
H            0.71901599186124        7.52535406722671       -0.90795320863555
H            2.23270195125905        6.77570376004484       -0.40222773067648
H           -1.66087585323198        3.37756278435810        4.91973427525832
H           -2.06211432769501        6.72957744723023        2.58981515926139
H           -4.41659657121671        3.96405371378967        5.00264974807950
H           -3.72101847966084        4.46693082327011        0.08695108266750
H           -6.28862398064647        4.57013746052420        3.50272877886296
H           -5.93961408300005        4.81487233436515        1.09396137483692
H            1.19942831204820        3.13259897549173        2.50036567519271
H            0.94185306120014        3.93383462788450        4.05399705241570
H            0.59270370188901        2.21186920174108        3.88190432780509
H            2.16385112374483        2.26888161326322       -2.64496542988905
H            0.73874140839812        2.59650435621606       -2.16144263782945
O           -2.31647015959246        7.18947776306350        1.78680542650947
H            0.36778927765252        0.80080168256717       -3.36086763400674
H           -2.98794427395549        6.64182857402909        1.36979406709889
N            5.68997493089455        0.80060624447247       -2.28390782628976
C            7.58088486033691        1.11720212899321       -0.78762327209948
O            8.37554793746617        0.33486435411132       -0.31612740554411
C            4.22953023704254        0.97992299971350       -4.18158197496065
C            4.55394003893062        1.35596393710285       -2.75612727072386
O            3.88856196567654        2.14452946564163       -2.10513758893767
H            4.30078974652481       -0.09513869629148       -4.32113208322125
H            4.93182199059872        1.46935122349188       -4.85463714582225
H            3.22318267813573        1.30882537882280       -4.42471196207394
N            7.91916774820913        2.31861099379253       -1.29941303457073
C            9.27240866582503        2.81660852914362       -1.30574120295894
H            9.34654021629693        3.73909532121662       -0.72760325443080
H            9.61116002126511        3.00631534269194       -2.32586447296464
H            9.90216585757351        2.05414126510583       -0.85101533854752
76
 energy: -110.271863383792 gnorm: 0.002737948805 xtb: 6.7.1pre (5071a88)
N            0.07452633713459        0.26598972321819       -0.58281404810307
C            1.41568618062362       -0.02126368194289       -0.39483220542811
C            2.10406953417313        0.39087865533112        0.74763987281866
C            3.46153649185526        0.17911531596207        0.85545285532667
C            4.16562228548982       -0.48448352010519       -0.14255429885344
C            3.45218741800745       -1.01272413122351       -1.21176911975697
C            2.09665321582540       -0.78981714888228       -1.33986717702218
C            5.66472230221425       -0.45271569534846       -0.15406455335810
C            6.07665958912777        0.84372616040186       -0.87961695132055
C           -0.52273945387346        1.48420351840154       -0.29964623766593
C            0.06115074281519        2.61270934245729        0.10442963220287
C           -0.72465689212973        3.86027229404771        0.40719311938632
C            0.14077782981081        5.12803707983796        0.33475251194206
C            0.71865440214144        5.38097354201523       -1.05546549411726
C            1.41324930006703        6.73532445306633       -1.12745061474405
O           -0.19663958906463        0.02311191762294       -3.52223106795350
N           -1.81661912578987        3.55705391948599        3.94246427497749
C           -3.01306278419370        3.87316410771632        3.37024317509859
C           -2.78685003931308        4.01868754091024        1.97939234103407
C           -1.39600628386694        3.77286717446687        1.75170555885199
C           -4.26626501193082        4.06416825688788        3.93515899550960
C           -3.85749123152114        4.36071668560881        1.15147083555115
C           -0.84120642811438        3.49299276684249        2.97151135301694
C           -5.30245958472567        4.40582904445541        3.09195475912355
C           -5.09898587623176        4.55124729243793        1.71740446035783
C            0.55416629235935        3.17154132083474        3.37414657107025
O            1.23846974728967        2.29934004902958       -2.93766769407889
H           -0.33643161321324       -0.21583712260844       -1.37446707844939
H           -0.73507775356890        0.23346037596917       -4.28512829107460
H            1.56607380396935        0.88494958266183        1.54057849003696
H            3.99217018122446        0.54900054423172        1.72184118371559
H            3.96898672800599       -1.58874409197415       -1.96765435751980
H            1.55891434638811       -1.16678633152895       -2.19699903347322
H            6.08953615533173       -1.30954206742248       -0.67987475003207
H            6.07711987955558       -0.43080129577824        0.85459309628514
H            5.52753518027319        1.68481051573007       -0.43980816353779
H            6.14571304613329        0.08084166844446       -2.82945860011202
H            7.19475952963954        2.91895398372046       -1.65494187817123
H           -1.59467075709568        1.46695903047163       -0.45800425479765
H            1.13054088867021        2.66312806369685        0.24005325299972
H           -1.52383936604913        3.95296442845807       -0.33771578744749
H           -0.47639909009525        5.98309201598764        0.61968382517162
H            0.95610013209399        5.05575174827958        1.05773562014068
H            1.43776328453772        4.60000439718800       -1.30912181255810
H           -0.08569205329137        5.34920160740542       -1.79416785613836
H            1.82017521776416        6.90454012791158       -2.12179747119453
H            0.71206724154449        7.53532956088659       -0.89975046788966
H            2.22979561802518        6.78333022944516       -0.40975723718372
H           -1.66559155921792        3.36357648118745        4.91770068179936
H           -2.05752520061088        6.72206176913376        2.59209172447231
H           -4.42207600448737        3.94903982573712        4.99789465244325
H           -3.71661059552005        4.47273793649937        0.08602934820127
H           -6.29027199587753        4.56418223150811        3.49760398468898
H           -5.93700384011470        4.81832928740829        1.09046001707472
H            1.20300130637080        3.14340946623511        2.50646547999064
H            0.93274728893493        3.92327135406754        4.06893570291274
H            0.59355324318216        2.20197729603736        3.87295567687503
H            2.16838146911958        2.27265483226186       -2.65064229364262
H            0.74355854640611        2.61278241011631       -2.17282082114839
O           -2.32334142142259        7.19414981877320        1.79993196664711
H            0.36931198571113        0.80601247950542       -3.37073582917262
H           -3.00182171584323        6.65433704085882        1.38422196904842
N            5.69081542275646        0.79181624135171       -2.27609220687523
C            7.58375740468475        1.11445718256836       -0.78837096232425
O            8.37954604724884        0.32923088611555       -0.32310471476479
C            4.22757744279921        0.96378929439497       -4.17405937663753
C            4.55517723458705        1.34699762380951       -2.75154097922800
O            3.89369109286124        2.14165085732947       -2.10394076049270
H            4.28154957248451       -0.11366516317581       -4.30452918002487
H            4.93997642860393        1.43482795621775       -4.84925264321039
H            3.22698098324961        1.30660431708998       -4.42179053775362
N            7.92114500139422        2.31615571974874       -1.30079967926536
C            9.27834985126722        2.80513483904851       -1.32981741591682
H            9.36645132729217        3.73065754923381       -0.75837726113387
H            9.60245179334027        2.98657543917672       -2.35643489331198
H            9.90992892268086        2.04169207314549       -0.87976093197329
76
 energy: -110.271888952423 gnorm: 0.002500860419 xtb: 6.7.1pre (5071a88)
N            0.07596025617614        0.26837741633958       -0.58291972970453
C            1.41723330869329       -0.01792317623993       -0.39366940859745
C            2.10407267609124        0.39583402759552        0.74920476308156
C            3.46134203419487        0.18430381313281        0.85915470814942
C            4.16644153948285       -0.48152625712918       -0.13659367831062
C            3.45457118744158       -1.01092731998684       -1.20625606074504
C            2.09941938434263       -0.78736360444017       -1.33699698443197
C            5.66549180455587       -0.45008069023138       -0.14656507232391
C            6.07786957336982        0.84372773571788       -0.87650429103916
C           -0.52233976417420        1.48638110959137       -0.30098614790242
C            0.06113916363951        2.61516515293534        0.10278587545182
C           -0.72478610027108        3.86238898135701        0.40680130854812
C            0.14099162402248        5.12990232776905        0.33545007273721
C            0.71454321801789        5.38541666565024       -1.05605461958884
C            1.40910987402844        6.73978229111001       -1.12857661200714
O           -0.19328851049353        0.02618186412638       -3.52431286125692
N           -1.81817680290804        3.55202489622952        3.94110477771119
C           -3.01429729868311        3.86928887871604        3.36890492107636
C           -2.78733291083355        4.01773484243651        1.97851791285065
C           -1.39627281375520        3.77274373534659        1.75110094483451
C           -4.26783031969606        4.05890311042858        3.93356780102213
C           -3.85756282567870        4.36120167371534        1.15069937306799
C           -0.84207972969017        3.49047684849911        2.97061446054803
C           -5.30355242275771        4.40247332125275        3.09053872366125
C           -5.09934971800777        4.55065498989693        1.71639299576399
C            0.55308576587883        3.16904517834404        3.37403693688986
O            1.24233296326251        2.30452793201544       -2.94198394303014
H           -0.33464905214882       -0.21528223791251       -1.37376033570190
H           -0.73558009086900        0.23534217730945       -4.28544814182951
H            1.56501814628478        0.89124554001961        1.54056504262946
H            3.99091640608532        0.55584122768857        1.72549743784818
H            3.97235832650744       -1.58851429937077       -1.96030856731094
H            1.56308906335416       -1.16473204002647       -2.19484902653260
H            6.09103616815268       -1.30882142332610       -0.66846619562724
H            6.07678237531825       -0.42403120438753        0.86246185435166
H            5.53006330998935        1.68679077528516       -0.43899431116883
H            6.14249861575333        0.07415828650581       -2.82458686329073
H            7.19640802607545        2.91863997906796       -1.65203059083282
H           -1.59423485853892        1.46817667940537       -0.45921135957672
H            1.13054150868326        2.66623210862292        0.23781535095380
H           -1.52403155222963        3.95621118003206       -0.33790412080492
H           -0.47485974345013        5.98462993866264        0.62413903585376
H            0.95841663864294        5.05534514068926        1.05576230089686
H            1.43273968592364        4.60481008985044       -1.31346879314151
H           -0.09231074049673        5.35494726829731       -1.79213295679397
H            1.81120592694966        6.91065970618966       -2.12467256968942
H            0.70921939981094        7.53948850164822       -0.89600448431925
H            2.22921706355275        6.78624541120648       -0.41484899843084
H           -1.66752456019416        3.35701986096004        4.91610564983289
H           -2.05477198888672        6.71740349536974        2.59311455706765
H           -4.42427108392634        3.94144901531479        4.99593347956058
H           -3.71618283312047        4.47509601333391        0.08550307711011
H           -6.29154437678533        4.56012678385869        3.49610009978759
H           -5.93703831505620        4.81897809331365        1.08952388944598
H            1.20431892138553        3.14927230571167        2.50791519775166
H            0.92797375949310        3.91623012389206        4.07565324755164
H            0.59367223164623        2.19568242314180        3.86539129762478
H            2.17092797862902        2.27608964530582       -2.65105606189027
H            0.74490149408597        2.62181563415823       -2.18033697369752
O           -2.32559158675323        7.19557797220829        1.80665813119051
H            0.37317789831944        0.80861212843049       -3.37426748007760
H           -3.00732199302163        6.65991070265816        1.39097671225587
N            5.69088545902089        0.78841111953780       -2.27262524613852
C            7.58549573888662        1.11260769398597       -0.78876646858686
O            8.38165654787396        0.32537507475217       -0.32805123681831
C            4.22559398083865        0.95881889487597       -4.16960620935089
C            4.55563016926699        1.34482519853519       -2.74810840462321
O            3.89585199151544        2.14177833230377       -2.10161679653343
H            4.26890208887073       -0.12021941049349       -4.29603705841959
H            4.94334783552712        1.41982676858426       -4.84660468087721
H            3.22872846563185        1.31033062568903       -4.42013308597989
N            7.92286728032184        2.31425740996402       -1.30084872840822
C            9.28223751083048        2.79661074087110       -1.34290622675628
H            9.37967485856196        3.72294162445930       -0.77444558137830
H            9.59797417382628        2.97407478480341       -2.37283217170867
H            9.91384857351518        2.03099839493333       -0.89664280196115
76
 energy: -110.271933133731 gnorm: 0.002330592617 xtb: 6.7.1pre (5071a88)
N            0.07766447852964        0.27196183742959       -0.58047195469812
C            1.41926423212515       -0.01184123649285       -0.38921819462032
C            2.10407805841858        0.40659134617461        0.75326100525399
C            3.46105822943603        0.19583715019848        0.86640561451596
C            4.16734848335429       -0.47497110174251       -0.12499711792933
C            3.45771085074128       -1.00800254386682       -1.19424377078335
C            2.10310691553104       -0.78403401121497       -1.32897497457606
C            5.66635328801956       -0.44428597304182       -0.13309926897525
C            6.08012142545054        0.84455012770093       -0.87018907839225
C           -0.52314715471757        1.48933073426603       -0.30087194244339
C            0.06031936989452        2.61947983688945        0.09860931317008
C           -0.72539305106025        3.86634904698013        0.40499452438242
C            0.14196848819481        5.13279617613546        0.33566601791690
C            0.70774725274402        5.39217289379914       -1.05829888689550
C            1.40256902928333        6.74641842274431       -1.13268723128841
O           -0.18428197015313        0.03047746407109       -3.52593214911659
N           -1.82053364775875        3.54273245528688        3.93751817600285
C           -3.01631028672575        3.86208757793978        3.36586556344725
C           -2.78856291734423        4.01595608171751        1.97626174840494
C           -1.39718325522295        3.77261791520064        1.74874749137566
C           -4.27032729184635        4.04847198161579        3.93064017317326
C           -3.85855655079102        4.36167790409706        1.14909216310438
C           -0.84363132675106        3.48590865042490        2.96751126777291
C           -5.30567112377792        4.39500366868120        3.08836726592022
C           -5.10072074963457        4.54850059544028        1.71489914145207
C            0.55120551794774        3.16361748854408        3.37140751305282
O            1.24798618321356        2.31325357973217       -2.94820733358600
H           -0.33234167334204       -0.21606620417099       -1.36919236589013
H           -0.73002372507958        0.23793917051912       -4.28555901883830
H            1.56347110984110        0.90539229022614        1.54139446739432
H            3.98927107914840        0.57137106828362        1.73191115830213
H            3.97710737953591       -1.58884090055911       -1.94472113358897
H            1.56875130028157       -1.16351317058630       -2.18705070192599
H            6.09256357260897       -1.30638737526695       -0.64822743108072
H            6.07616561578676       -0.41111437743454        0.87619678406726
H            5.53711241700434        1.69181306084379       -0.43491039604150
H            6.13345276479596        0.06601242947546       -2.81603392824980
H            7.20211951094921        2.91725892982077       -1.64759234198282
H           -1.59538133565536        1.46792253275935       -0.45606995997070
H            1.13012493796771        2.67237258157745        0.22956625511819
H           -1.52456661612668        3.96283129895805       -0.33945021567467
H           -0.47065626088296        5.98746430394859        0.63105353419088
H            0.96317742613179        5.05337147759426        1.05092136679995
H            1.42417889865437        4.61204993677580       -1.32207645501217
H           -0.10370182452813        5.36370907362685       -1.78954456121479
H            1.79495263181175        6.91992808425766       -2.13234336372312
H            0.70545239513774        7.54565585226523       -0.89072992711906
H            2.22980607956637        6.78988361696623       -0.42703044087178
H           -1.67006486921937        3.34522108434847        4.91208533882855
H           -2.04747052493902        6.70449413716238        2.59305734562363
H           -4.42724007350654        3.92660654105292        4.99240376376689
H           -3.71689985629615        4.47922123922617        0.08428701260314
H           -6.29398639656553        4.55063299261047        3.49409632949205
H           -5.93817810197249        4.81876938341246        1.08850840602607
H            1.20663960849661        3.16132702473421        2.50807007691614
H            0.91941680555821        3.90055201721084        4.08729434528611
H            0.59415428876971        2.18209260398138        3.84645753239788
H            2.17363358535668        2.28294229978943       -2.64551974041676
H            0.74206405291915        2.64041245363538       -2.19670180755163
O           -2.32935961071164        7.19839757856354        1.81958029728883
H            0.37769422253475        0.81596136122643       -3.37554367346364
H           -3.01489575262728        6.67030904246861        1.40018441294559
N            5.68919791779174        0.78558226572033       -2.26531596356468
C            7.58948575732475        1.10709998864636       -0.79159120381078
O            8.38608381306585        0.31499192204866       -0.33988460226887
C            4.22025738672086        0.95911042782746       -4.15869025397310
C            4.55389632670102        1.34456276503645       -2.73795310871891
O            3.89743927892715        2.14462788827694       -2.09167686200177
H            4.24317386374627       -0.12105616258037       -4.28162237989066
H            4.94817665614030        1.40300535378535       -4.83607092676080
H            3.23115802775640        1.32820620377399       -4.41431902875622
N            7.92780020884674        2.30885917021680       -1.30170178960494
C            9.29217094149304        2.77541750121865       -1.37024044231776
H            9.41107671950323        3.70214347164812       -0.80620483778735
H            9.59051179641268        2.94581287996190       -2.40673602008540
H            9.92284576696600        2.00298481649839       -0.93381862062285
76
 energy: -110.271963403478 gnorm: 0.002683384618 xtb: 6.7.1pre (5071a88)
N            0.07917122695983        0.27547345594178       -0.57846702650848
C            1.42068234509284       -0.00670032162431       -0.38483162661101
C            2.10442287075340        0.41635995235670        0.75661241097600
C            3.46123616939329        0.20596443105750        0.87200674289303
C            4.16817993370626       -0.46925245531121       -0.11581007061348
C            3.45964825398466       -1.00634018114274       -1.18374442619817
C            2.10532531060720       -0.78256316051448       -1.32105330435927
C            5.66722076350002       -0.43928447568018       -0.12299201970249
C            6.08244417420547        0.84504602384588       -0.86649060635649
C           -0.52416085224412        1.49178054991310       -0.29961696392220
C            0.05917530929506        2.62378709448522        0.09461050780634
C           -0.72680078465561        3.87003490227043        0.40298186482921
C            0.14155492986100        5.13593118168520        0.33519814068736
C            0.70242705812966        5.39802679418245       -1.06032721974003
C            1.39748658407402        6.75220746875026       -1.13549789059149
O           -0.17437005724635        0.03506577071180       -3.52579265185315
N           -1.82249163798356        3.53636771443799        3.93423750588287
C           -3.01831473864926        3.85704654042010        3.36343655403779
C           -2.79047681736755        4.01522799458865        1.97434840963106
C           -1.39892230395566        3.77322365724598        1.74622926904025
C           -4.27258702926531        4.04043447279026        3.92872885097818
C           -3.86071880194512        4.36252379113390        1.14810125377442
C           -0.84543731093563        3.48314847196843        2.96427214859509
C           -5.30812190811793        4.38850566766860        3.08738590966538
C           -5.10310299826826        4.54640765272560        1.71439967195116
C            0.54916129121432        3.15887760260948        3.36730741914269
O            1.25344129799237        2.32003160508479       -2.95170325425980
H           -0.32973933536486       -0.21549831964812       -1.36597690811679
H           -0.72211780018737        0.24307140872293       -4.28429710227184
H            1.56298367474037        0.91859686924447        1.54195213820447
H            3.98875070646745        0.58507291185574        1.73642779008014
H            3.98003412134206       -1.59045494478084       -1.93103458381833
H            1.57188402656555       -1.16496595495678       -2.17832025486664
H            6.09360151714239       -1.30456937626908       -0.63242608345147
H            6.07610126434557       -0.40009676323152        0.88643754760972
H            5.54470650364665        1.69623639104716       -0.43226436870605
H            6.12490650614231        0.05912741089101       -2.80976292925378
H            7.20885253500836        2.91484640727735       -1.64735012784596
H           -1.59697736757309        1.46687161067606       -0.45059237380333
H            1.12955680968889        2.67863257534113        0.22049943637461
H           -1.52580085656113        3.96828121122967       -0.34142601262157
H           -0.46883056550319        5.99054720007192        0.63506478678036
H            0.96519973205149        5.05318754871916        1.04706185855540
H            1.41769972344705        4.61824215097116       -1.32818017532593
H           -0.11188162868579        5.37096766709543       -1.78851664262253
H            1.78292828371068        6.92810789248071       -2.13747239136160
H            0.70248664134741        7.55100173456935       -0.88641381337830
H            2.22970799651421        6.79302234406967       -0.43562716268431
H           -1.67176783302623        3.33707948238645        4.90843959039905
H           -2.04495225864296        6.69579728318333        2.59544329844819
H           -4.42927345567236        3.91517401640052        4.99012534705060
H           -3.71929661590530        4.48332938587737        0.08360889908131
H           -6.29670199999638        4.54180369205724        3.49343277462418
H           -5.94073931114595        4.81776045396169        1.08868318586164
H            1.20705830168320        3.17071639829693        2.50580697824462
H            0.91333342120014        3.88637483090801        4.09484146017807
H            0.59355109342873        2.17056115435895        3.82824376737726
H            2.17566988486161        2.28853899623923       -2.63728861648620
H            0.73925112456383        2.65327224279866       -2.20828553418481
O           -2.32827140836367        7.19607281622770        1.82846458704643
H            0.38569513696716        0.82139966475009       -3.37329242700663
H           -3.01896562825027        6.67490973618952        1.40879641092118
N            5.68728755899788        0.78379585464805       -2.26055265340267
C            7.59345708819337        1.10143779690217       -0.79630928652521
O            8.38989927651804        0.30475593554339       -0.35246466369594
C            4.21534499119478        0.95938633632240       -4.15071877783736
C            4.55237197239514        1.34544093160641       -2.73042736764261
O            3.89844609289676        2.14709675860760       -2.08402847520181
H            4.22072671020442       -0.12227750190712       -4.26892279302555
H            4.95208959501266        1.38832958593559       -4.82924599707275
H            3.23283860506724        1.34306994784311       -4.41015744007185
N            7.93326257768714        2.30340610761733       -1.30438201437469
C            9.30075851079844        2.75779737919262       -1.39143632069394
H            9.43593261324390        3.68366990915051       -0.82963448380707
H            9.58682539018165        2.92437084734137       -2.43193392944783
H            9.93004379938627        1.97936978067363       -0.96311774550186
76
 energy: -110.271993996296 gnorm: 0.003603080504 xtb: 6.7.1pre (5071a88)
N            0.08125950631061        0.28024735098618       -0.57680280613595
C            1.42221585101902       -0.00082608622880       -0.37970076024734
C            2.10533429599824        0.42781804901938        0.76000777990281
C            3.46200400832307        0.21742448376897        0.87757681365026
C            4.16944021599254       -0.46284457734551       -0.10630541576140
C            3.46137539746067       -1.00536238564937       -1.17186295263825
C            2.10723789629092       -0.78214430838741       -1.31135757795214
C            5.66859473184548       -0.43376233161360       -0.11298568445706
C            6.08567536948097        0.84528596627792       -0.86397550618938
C           -0.52527114815513        1.49481267759147       -0.29734723196916
C            0.05755116758448        2.62955922381139        0.08989509382644
C           -0.72940383161044        3.87470827911327        0.40026227691301
C            0.13918274152460        5.14067689338071        0.33403294559175
C            0.69660568906432        5.40534255080967       -1.06253396714146
C            1.39201576121590        6.75944082114434       -1.13740994132599
O           -0.16113417004900        0.04057656683907       -3.52414044231228
N           -1.82474755770572        3.53078830944061        3.93037419778904
C           -3.02094157599914        3.85248731926092        3.36088775295832
C           -2.79357240593153        4.01516425932491        1.97221867635180
C           -1.40191125114499        3.77470092754596        1.74293910871287
C           -4.27535087030292        4.03226178981421        3.92715673897504
C           -3.86454573691697        4.36381152989919        1.14737918051797
C           -0.84802989617200        3.48121754153234        2.96006358383247
C           -5.31162301892611        4.38112172352232        3.08713997379804
C           -5.10706846560931        4.54384925884665        1.71460435243908
C            0.54636244719639        3.15348123299548        3.36083092828155
O            1.25966900006575        2.32665616385824       -2.95329414856062
H           -0.32576989334255       -0.21279651301959       -1.36389721959185
H           -0.71013356668894        0.25102645311378       -4.28143233868390
H            1.56346226259895        0.93444746047816        1.54217309125793
H            3.98904232950112        0.60059472588971        1.74053976449158
H            3.98242834026174       -1.59366392287293       -1.91544660684259
H            1.57409352699299       -1.16896428742315       -2.16675140718284
H            6.09479877041404       -1.30287276307328       -0.61611113364134
H            6.07667337415660       -0.38789040518056        0.89651039734484
H            5.55488995495195        1.70125861287487       -0.43027034384815
H            6.11467571875724        0.05030009475528       -2.80340128690982
H            7.21845251406095        2.91030930652244       -1.65130344423067
H           -1.59897170279222        1.46545808719829       -0.44233221240971
H            1.12874423480685        2.68702527005794        0.20898778229785
H           -1.52817737759243        3.97413400269864       -0.34425102813599
H           -0.46979222965637        5.99492979820984        0.63745536292639
H            0.96462502805227        5.05553584541544        1.04329386984705
H            1.41100414465733        4.62589447954425       -1.33361913674710
H           -0.11967574820765        5.37970850210847       -1.78856636233919
H            1.77141670172475        6.93832761285370       -2.14109323684790
H            0.69901811739016        7.55766033821962       -0.88140507280602
H            2.22844807521821        6.79721176844674       -0.44258382535376
H           -1.67338946849576        3.32969028079759        4.90414418592952
H           -2.03878340890967        6.67464826554925        2.59808948495941
H           -4.43123163554397        3.90345554750760        4.98826441160025
H           -3.72373079319387        4.48865133549259        0.08326449604517
H           -6.30050417433570        4.53114702490477        3.49370925328602
H           -5.94528626404596        4.81586839657281        1.08991845814143
H            1.20584805483483        3.18032075977004        2.50090964473374
H            0.90773733864327        3.86966063473041        4.10075536390583
H            0.59176979752661        2.15785183128347        3.80577475348960
H            2.17777895552147        2.29455686897680       -2.62538049725560
H            0.73598506655847        2.66498522212968       -2.21854126879662
O           -2.33100242357746        7.19691757644164        1.84539610225183
H            0.39901861125247        0.82603801939860       -3.36809587996153
H           -3.01880161838822        6.68141965627472        1.41414086247742
N            5.68436846158902        0.78118796781042       -2.25655076237937
C            7.59867452039520        1.09393247623485       -0.80387453783700
O            8.39434624249493        0.29152592944093       -0.36937639369955
C            4.20957596558198        0.95859997174511       -4.14317018733637
C            4.54980192026010        1.34538196028791       -2.72332655464032
O            3.89911917208251        2.14969092899105       -2.07691320220005
H            4.19669816814717       -0.12353523202224       -4.25567777542351
H            4.95521906302474        1.37160510123865       -4.82192112740293
H            3.23441188293056        1.35737079462661       -4.40678476034769
N            7.94096074620736        2.29595008226660       -1.31003855447540
C            9.31057086619796        2.73874716912527       -1.41292640096383
H            9.46066025952139        3.66269675804736       -0.85209127961135
H            9.58608923161011        2.90349631076657       -2.45618135838832
H            9.93791873589326        1.95401066532288       -0.99266505764387
76
 energy: -110.272018740786 gnorm: 0.001306230857 xtb: 6.7.1pre (5071a88)
N            0.08149407572782        0.28096365424238       -0.57744965637175
C            1.42209664976549       -0.00070369228502       -0.37987253787217
C            2.10544227759816        0.42805363404379        0.75958236933066
C            3.46215176517907        0.21753968166523        0.87706153259654
C            4.16966054612113       -0.46264948305109       -0.10684685219988
C            3.46116903662711       -1.00574177811137       -1.17183479114966
C            2.10693082650872       -0.78273708452633       -1.31098102534563
C            5.66882086072268       -0.43370360033706       -0.11356213304533
C            6.08637971719447        0.84533156634859       -0.86443511715048
C           -0.52493077097266        1.49539443194365       -0.29741789429724
C            0.05742419486328        2.63035506266014        0.08978030944124
C           -0.72996383654023        3.87525244569614        0.39986997720848
C            0.13774399919925        5.14182648544682        0.33340425236340
C            0.69658456899683        5.40647916998733       -1.06262713260808
C            1.39216338498501        6.76043191122669       -1.13620314981252
O           -0.16234561306952        0.04004508561706       -3.52064921188374
N           -1.82514207190449        3.53131820676975        3.93006719380106
C           -3.02147326971029        3.85268551845214        3.36061797639947
C           -2.79417999291263        4.01568513637270        1.97195934328253
C           -1.40247037709885        3.77549768347310        1.74265014614570
C           -4.27588836745428        4.03215674124424        3.92685755823057
C           -3.86527515221055        4.36415811762012        1.14721383285153
C           -0.84850135397689        3.48186727239749        2.95970866761430
C           -5.31233308653955        4.38059109974789        3.08687343956101
C           -5.10787569486970        4.54352198615646        1.71437912093788
C            0.54593171560755        3.15353223579160        3.35982879102122
O            1.25946497225541        2.32507076163210       -2.95125119820829
H           -0.32502819173674       -0.21070166213121       -1.36547348424222
H           -0.70785620882960        0.25089328261473       -4.27959590476992
H            1.56385636773012        0.93488197617812        1.54174150418414
H            3.98919522200109        0.60082056736779        1.73990999603078
H            3.98189199908551       -1.59433890471884       -1.91530956564161
H            1.57340868033129       -1.17027021026040       -2.16583491781710
H            6.09468881197002       -1.30262691705360       -0.61740533212045
H            6.07703462578949       -0.38877741265501        0.89594489333356
H            5.55654981278867        1.70155525858602       -0.43009803542099
H            6.11444744096388        0.05080327010272       -2.80333756587289
H            7.22082154433550        2.90835022180678       -1.65403175366458
H           -1.59864721980128        1.46635138210172       -0.44217444894400
H            1.12856293896637        2.68776092375815        0.20895408084045
H           -1.52879582097426        3.97390554190229       -0.34473691931937
H           -0.47219707024688        5.99584878187630        0.63573169854557
H            0.96256936729219        5.05802491218926        1.04376354532421
H            1.41125406445972        4.62694825675954       -1.33286814227427
H           -0.11885213332639        5.38108687998163       -1.78959174481307
H            1.77302763511252        6.93977224416966       -2.13914728745254
H            0.69889937600633        7.55875321202556       -0.88102031148185
H            2.22755346004203        6.79800774693599       -0.44012141819638
H           -1.67383800640856        3.32981844641825        4.90372338574507
H           -2.04104704022801        6.67151140990891        2.59849583956546
H           -4.43173178137373        3.90330954211169        4.98796612629441
H           -3.72438071816786        4.48938926983410        0.08320105886841
H           -6.30123965870942        4.53024531756315        3.49338771535793
H           -5.94622728003243        4.81526901227995        1.08977255646803
H            1.20506102701295        3.18086880597225        2.49986125100300
H            0.90781290622707        3.86872100494267        4.10016173416430
H            0.59097527625149        2.15775596001427        3.80374781706226
H            2.17822266673360        2.29459123946949       -2.62545931585126
H            0.73716737446010        2.66511870966853       -2.21655857184566
O           -2.32782613068688        7.19366403536301        1.84567751007306
H            0.40178035942007        0.82344593513266       -3.36751532821109
H           -3.01924325258915        6.68252614768595        1.41544092360933
N            5.68352116488341        0.78113115876260       -2.25643487341826
C            7.59966923177539        1.09213058722204       -0.80585728315302
O            8.39464499680333        0.28875074824105       -0.37153518434457
C            4.20878631767544        0.95856483884978       -4.14286665642351
C            4.54958217463734        1.34608311227293       -2.72380016725116
O            3.89979804285018        2.15085977974763       -2.07716118640403
H            4.19362121138815       -0.12289287544480       -4.25168082602190
H            4.95515806321732        1.36806029282177       -4.82175907084715
H            3.23427320649665        1.35822855090371       -4.40687810461392
N            7.94313642301925        2.29386403825570       -1.31254264923184
C            9.31203211862679        2.73837262313102       -1.41219132844832
H            9.45971988073388        3.66202165925896       -0.85053160195902
H            9.58972592990881        2.90477439651892       -2.45471331016855
H            9.93938178992030        1.95454465142001       -0.99097315718515
76
 energy: -110.272046197552 gnorm: 0.002948003781 xtb: 6.7.1pre (5071a88)
N            0.08242682572960        0.28356140948634       -0.57871429287364
C            1.42210944302968        0.00036602634854       -0.38019211382009
C            2.10660089935351        0.42998780982452        0.75815682369839
C            3.46332919434646        0.21884047200508        0.87510516836786
C            4.17054724089041       -0.46206113261949       -0.10860316294372
C            3.46055273514364       -1.00721124103840       -1.17155992016081
C            2.10612422999449       -0.78453262463426       -1.30953721774483
C            5.66972528484759       -0.43402287317592       -0.11592785049829
C            6.08900285959262        0.84492111345773       -0.86647376247330
C           -0.52381946132669        1.49756862138491       -0.29703661313543
C            0.05708603400595        2.63349303698910        0.08964132695115
C           -0.73217850042004        3.87740046632980        0.39835752383172
C            0.13236932493182        5.14610451412865        0.33165653420341
C            0.69661660883175        5.41058944505480       -1.06229358316403
C            1.39285819218117        6.76421219371769       -1.13149843392521
O           -0.15960276038357        0.03552150458684       -3.51547109921493
N           -1.82682096789450        3.53290197742732        3.92871098839961
C           -3.02357150980259        3.85331902803117        3.35946312544100
C           -2.79660049445467        4.01711091430520        1.97076695616114
C           -1.40478807397267        3.77784427824804        1.74125355927233
C           -4.27803676599347        4.03168729884424        3.92575643464295
C           -3.86808846124678        4.36505600417695        1.14634209660543
C           -0.85051414185531        3.48382279411686        2.95808133056739
C           -5.31507603445893        4.37880121406287        3.08592436161438
C           -5.11091859618379        4.54246883760505        1.71348947505812
C            0.54405436886915        3.15366116487773        3.35629095134345
O            1.26095368563251        2.32169560392905       -2.94644329675158
H           -0.32290865900453       -0.20419515275164       -1.36955891380271
H           -0.70341215837868        0.25194224409344       -4.27298111850743
H            1.56608992585833        0.93769008504801        1.54037593655308
H            3.99061409680418        0.60250935757017        1.73753043541090
H            3.98008051998946       -1.59730842885257       -1.91456477200274
H            1.57126839012695       -1.17490230082282       -2.16231301861891
H            6.09436604429467       -1.30267962111770       -0.62152352628327
H            6.07838446032572       -0.39152723472885        0.89350707644135
H            5.56282235347017        1.70219698352284       -0.42985937087621
H            6.11396479111955        0.05232404460147       -2.80433116809755
H            7.22833063221390        2.90168812000877       -1.66243768940380
H           -1.59762567424641        1.46913721107791       -0.44146372710889
H            1.12815374173105        2.69131706855467        0.20908923733178
H           -1.53110835603095        3.97346148645256       -0.34659237213599
H           -0.48119574014356        5.99903423726366        0.63013804187045
H            0.95477170853085        5.06657918205445        1.04572532073089
H            1.41221401459769        4.63086064736869       -1.32979654453897
H           -0.11578469153135        5.38587803690760       -1.79262755714339
H            1.77917686333957        6.94479648396237       -2.13202618754320
H            0.69847355563136        7.56266466566627       -0.87926169142057
H            2.22441393153310        6.80115438844012       -0.43076226848840
H           -1.67564420906122        3.33002356002163        4.90204949038608
H           -2.04636516566860        6.65874142042841        2.60069013167421
H           -4.43375191493352        3.90254455149251        4.98686383821620
H           -3.72697764215473        4.49156382060666        0.08258461767939
H           -6.30417353299641        4.52690191275204        3.49235961183841
H           -5.94976485729721        4.81317330887154        1.08910761798594
H            1.20209209262494        3.18331992896512        2.49586120575759
H            0.90718938658113        3.86589130746715        4.09841603035469
H            0.58827848900003        2.15671595600012        3.79661023637131
H            2.17976292982803        2.29263591456661       -2.62164602915581
H            0.73918074323829        2.66412731486884       -2.21289548986426
O           -2.32016194190236        7.18499100267314        1.84882006609716
H            0.40669435930536        0.81777169616912       -3.36177429048548
H           -3.01982073358065        6.68643923891627        1.41735934455999
N            5.68154406454559        0.78112741486133       -2.25683599102352
C            7.60309981222495        1.08641068238946       -0.81174972542269
O            8.39603221260087        0.28011717841601       -0.37871796039026
C            4.20586858057723        0.95754709405541       -4.14170549658717
C            4.54950333659154        1.34899270468656       -2.72507574152333
O            3.90309085185372        2.15596030558905       -2.07769852796452
H            4.18081041651152       -0.12340749620171       -4.23994910581187
H            4.95542761157029        1.35488009442450       -4.82243778718075
H            3.23443667729993        1.36304430054818       -4.40743295065610
N            7.95014445790797        2.28660615128007       -1.32076098175507
C            9.31735673684231        2.73633579378961       -1.40935674983619
H            9.45705672534931        3.65920067946060       -0.84443673130374
H            9.60257771313577        2.90777426165040       -2.44930583153878
H            9.94508189028492        1.95484053954883       -0.98545423233914
76
 energy: -110.272059004717 gnorm: 0.002125981613 xtb: 6.7.1pre (5071a88)
N            0.08300701839635        0.28455316134907       -0.57864118776410
C            1.42261183325576        0.00116194911767       -0.38010314345253
C            2.10770300725530        0.43158867174401        0.75761359021319
C            3.46438700784230        0.22006917534468        0.87426671686111
C            4.17110479252764       -0.46181961200725       -0.10912193613735
C            3.46052479938581       -1.00779634674100       -1.17126857665558
C            2.10611483714294       -0.78498877834408       -1.30888230392435
C            5.67029954954189       -0.43447196860392       -0.11690970433006
C            6.09019862945977        0.84423156626079       -0.86761549561543
C           -0.52341837537337        1.49854861470713       -0.29699836704639
C            0.05698810428242        2.63492144646306        0.08925887033280
C           -0.73323883858768        3.87828891912507        0.39763299595870
C            0.13021398742294        5.14774501277678        0.33136622196825
C            0.69659471867555        5.41224060921693       -1.06170234902603
C            1.39310378514162        6.76585067354409       -1.12934918917074
O           -0.15757050285947        0.03437732148966       -3.51456231611068
N           -1.82774739915957        3.53317299790747        3.92793352076495
C           -3.02462488588124        3.85335653796556        3.35880794361599
C           -2.79780797154840        4.01735288991641        1.97009067226677
C           -1.40599595798214        3.77829825106875        1.74042053697481
C           -4.27911285599034        4.03126357658081        3.92522106158399
C           -3.86944205487735        4.36514688093359        1.14579481850628
C           -0.85157646907869        3.48423493025982        2.95716657919346
C           -5.31634336953146        4.37803709226588        3.08548386170112
C           -5.11230830088674        4.54200687302276        1.71304864771575
C            0.54305065758531        3.15378429287791        3.35496490885344
O            1.26166811090934        2.32037914016681       -2.94467021973510
H           -0.32232804847565       -0.20306084877872       -1.36970499048761
H           -0.70278744299943        0.25190615004951       -4.27106153528352
H            1.56766139651222        0.94003253712806        1.53970568242126
H            3.99198418702989        0.60418985286142        1.73632063488634
H            3.97956754094785       -1.59878509403360       -1.91394785727535
H            1.57085695190732       -1.17621015994884       -2.16101381857374
H            6.09434506515774       -1.30334880038916       -0.62260481234914
H            6.07921269761940       -0.39215983534769        0.89240894006806
H            5.56530035342856        1.70196831318888       -0.43033258589401
H            6.11390937610490        0.05234313505304       -2.80563173772356
H            7.23072627719234        2.89947496591245       -1.66474487375637
H           -1.59732097380537        1.46976246069894       -0.44105547185343
H            1.12803289890455        2.69338111013632        0.20889348103730
H           -1.53207512203730        3.97363854714895       -0.34750276531837
H           -0.48469052942315        6.00017618577621        0.62844005380813
H            0.95151291925486        5.06944455533664        1.04676910398526
H            1.41252262671426        4.63251017410027       -1.32830087854580
H           -0.11461515953183        5.38775445370343       -1.79337744272562
H            1.78162513936826        6.94654157876738       -2.12903898528674
H            0.69826553216851        7.56430765543041       -0.87840423197353
H            2.22315685314583        6.80260006446344       -0.42681249452794
H           -1.67655428246617        3.32987043526522        4.90119629722298
H           -2.04800661170111        6.65264125076595        2.60219164696027
H           -4.43472616804657        3.90200892146392        4.98633316967015
H           -3.72837432883292        4.49194663427293        0.08205071385249
H           -6.30550009048008        4.52563211187923        3.49200156355759
H           -5.95130627027931        4.81247033067936        1.08875767512637
H            1.20099816625335        3.18479751512670        2.49444139489981
H            0.90613989989301        3.86505801194763        4.09810944562510
H            0.58745271671624        2.15609464093332        3.79385092290945
H            2.18097270669395        2.29344738765340       -2.62087451871617
H            0.74017245115275        2.66420195676613       -2.21147119162167
O           -2.31866847763073        7.18316780531676        1.85143878203749
H            0.40862835714975        0.81666072164466       -3.36068698398839
H           -3.01936932324703        6.68897223838130        1.41657338311179
N            5.68151680726772        0.78081710328776       -2.25759654889425
C            7.60455117411272        1.08443172928071       -0.81362724800839
O            8.39698390233957        0.27772792705559       -0.38057009041829
C            4.20431945095536        0.95681122032709       -4.14109372681162
C            4.54959577035034        1.34941501073077       -2.72507067837781
O            3.90439811077584        2.15713633309891       -2.07736274090695
H            4.17409836839457       -0.12461060385997       -4.23699885040874
H            4.95577011056822        1.34912580274419       -4.82301201796282
H            3.23471476137330        1.36621899633999       -4.40784786509160
N            7.95239781542867        2.28397253808974       -1.32346392626168
C            9.31946987274800        2.73501566583037       -1.40810471162577
H            9.45676848805059        3.65745594717009       -0.84166726516523
H            9.60718931718931        2.90789144557145       -2.44708775604289
H            9.94712090891581        1.95362004265795       -0.98365844694406
76
 energy: -110.272094135054 gnorm: 0.002533424343 xtb: 6.7.1pre (5071a88)
N            0.08622390795870        0.28942576440916       -0.57733527033952
C            1.42575718961636        0.00578904422945       -0.37945091989473
C            2.11402127848227        0.44066975105346        0.75476147349597
C            3.47049504399268        0.22711932440226        0.86984354339739
C            4.17424890942695       -0.46057973657167       -0.11160783763208
C            3.46062999431718       -1.01052082069031       -1.16968346418106
C            2.10636257437933       -0.78655415962808       -1.30555085305132
C            5.67352040529401       -0.43702689344213       -0.12188302885304
C            6.09631493815659        0.84013766874464       -0.87388972706565
C           -0.52148387843991        1.50313498034632       -0.29646218470935
C            0.05635475319301        2.64181674982832        0.08729761995568
C           -0.73872652882779        3.88260683958053        0.39393459965009
C            0.11960266678008        5.15569700517997        0.33042084930903
C            0.69640801982664        5.42048075204189       -1.05826027773129
C            1.39425140239555        6.77402558082651       -1.11841692374615
O           -0.14611370108168        0.02980666270442       -3.51220963364389
N           -1.83274348990421        3.53390860788601        3.92378556453822
C           -3.03022085264465        3.85311367645961        3.35531267764036
C           -2.80420581965480        4.01815613287859        1.96652537367898
C           -1.41236081659720        3.78017783289101        1.73607591231033
C           -4.28475774107736        4.02882287227278        3.92240887984697
C           -3.87661161691924        4.36517154946042        1.14290833361183
C           -0.85718459937348        3.48587441314050        2.95240598974266
C           -5.32287000714780        4.37427061821715        3.08323128111790
C           -5.11953802310923        4.53961359542587        1.71079557227635
C            0.53771737394095        3.15462607734582        3.34851229597538
O            1.26668882390002        2.31843771779035       -2.93836089269439
H           -0.31940747463863       -0.19886240764031       -1.36831824980014
H           -0.69998067432340        0.25245271826205       -4.26222799964499
H            1.57650719688896        0.95354259574737        1.53581736656013
H            4.00005936827684        0.61416010198753        1.72949004181199
H            3.97721412742215       -1.60620103266550       -1.91053817741028
H            1.56897821266438       -1.18174944650915       -2.15448240251630
H            6.09439732023497       -1.30737385803911       -0.62755613019569
H            6.08388914743984       -0.39499568823408        0.88680403981999
H            5.57702220813510        1.69999336665847       -0.43391048279201
H            6.11333543237815        0.05110625614769       -2.81295951543137
H            7.24260190649074        2.88954203231929       -1.67459193257007
H           -1.59565353585996        1.47220397456512       -0.43948079311878
H            1.12725604562837        2.70409714118064        0.20704802390951
H           -1.53687793367739        3.97482702977670       -0.35231123551230
H           -0.50146909109267        6.00584999860033        0.62091518584481
H            0.93544330319881        5.08284196688344        1.05234474630650
H            1.41401100356941        4.64076085656680       -1.32035309263098
H           -0.10899889825472        5.39710075048104       -1.79646595363150
H            1.79364123985825        6.95495565883323       -2.11396194490959
H            0.69718928712171        7.57256358928050       -0.87417740852294
H            2.21683369948904        6.80998129325007       -0.40698673119103
H           -1.68137515007969        3.32868213490350        4.89667229438141
H           -2.05494223553262        6.62093967418750        2.60757322104961
H           -4.43977508612406        3.89886852749312        4.98352573788191
H           -3.73594988912476        4.49322574529422        0.07919454974519
H           -6.31222912336287        4.51959135430891        3.49025455390972
H           -5.95925088743642        4.80911405928135        1.08700957187285
H            1.19583468404532        3.19315367188179        2.48811819249311
H            0.89964693105652        3.86092064309029        4.09727843170472
H            0.58360484141642        2.15319571246824        3.77983524621161
H            2.18610874389681        2.29392800856105       -2.61402917328293
H            0.74394155865117        2.66291843609995       -2.20598742086284
O           -2.31380770192685        7.17642470379610        1.86724345414263
H            0.41793890628896        0.81311921840656       -3.35579443112853
H           -3.01690879933108        6.70297508947110        1.41259268314407
N            5.68237172150023        0.77867548252371       -2.26233958362649
C            7.61181281278735        1.07493164206808       -0.82204790192850
O            8.40187976278548        0.26675536863851       -0.38780634760287
C            4.19631065349449        0.95313227843049       -4.13830872261233
C            4.55040073072771        1.35031762007546       -2.72528697756986
O            3.91110343269026        2.16186937135575       -2.07636576854454
H            4.13817794161168       -0.12999163617375       -4.22320566894222
H            4.95829651404828        1.31873903077975       -4.82549362944493
H            3.23684019042497        1.38383662387477       -4.41041276610107
N            7.96329693509413        2.27143479486213       -1.33578727601825
C            9.33010395144441        2.72765257796153       -1.40180122715545
H            9.45712443814041        3.64730946954672       -0.82760315617060
H            9.62945195467250        2.90757338403564       -2.43613425700945
H            9.95622007020569        1.94570850862785       -0.97509993601490
76
 energy: -110.272107743878 gnorm: 0.002599241838 xtb: 6.7.1pre (5071a88)
N            0.08758402148023        0.29103818787102       -0.57631077511420
C            1.42733830347024        0.00779354319609       -0.37905349436883
C            2.11677140717714        0.44457352214243        0.75370783969345
C            3.47317582648266        0.23021741562146        0.86821706731949
C            4.17561935374177       -0.46011213173747       -0.11230204624319
C            3.46094098333530       -1.01122498689913       -1.16902770297039
C            2.10676161519452       -0.78649854084196       -1.30437321235890
C            5.67490090951685       -0.43814759510077       -0.12348139516128
C            6.09850346889392        0.83828852466162       -0.87620887318943
C           -0.52089357339335        1.50455636221489       -0.29630131211917
C            0.05602468565946        2.64404138760430        0.08646035414146
C           -0.74058151026997        3.88402646488031        0.39275255176260
C            0.11652751856131        5.15802642323218        0.33052758509058
C            0.69630313058152        5.42317898032710       -1.05679853221138
C            1.39442516840116        6.77672229166414       -1.11478774710946
O           -0.14291307309871        0.02986140498813       -3.51160780733084
N           -1.83481777974558        3.53358679595411        3.92224645259045
C           -3.03243504630015        3.85257000271302        3.35393883021762
C           -2.80660740885973        4.01805102668315        1.96517532892219
C           -1.41468955254469        3.78053132353683        1.73456643612485
C           -4.28696531358551        4.02766105009612        3.92125698938599
C           -3.87924259278923        4.36484105993553        1.14176122062474
C           -0.85932295729783        3.48608937372815        2.95078962270134
C           -5.32526482276063        4.37297202668046        3.08228012520222
C           -5.12214260615319        4.53870439201659        1.70985989972870
C            0.53566456759501        3.15517497043046        3.34676658365865
O            1.26823533608035        2.31913978928297       -2.93697266563265
H           -0.31848054938414       -0.19882834110800       -1.36612586727353
H           -0.69850230722809        0.25211733222565       -4.26051080760764
H            1.58022475875572        0.95937452960486        1.53414953800354
H            4.00367159679695        0.61860328723111        1.72669535864807
H            3.97668643250203       -1.60858347297776       -1.90913680153962
H            1.56858625704673       -1.18273421382339       -2.15229939144204
H            6.09457575587372       -1.30925969026982       -0.62878087342375
H            6.08589159110662       -0.39579394093674        0.88494447012686
H            5.58024324143336        1.69868088603350       -0.43603976132515
H            6.11318104320426        0.04959011441608       -2.81581247009666
H            7.24659538586355        2.88718454397605       -1.67654916149274
H           -1.59509292300269        1.47245379604251       -0.43886125645982
H            1.12683372946024        2.70783011509497        0.20605018653862
H           -1.53829738098862        3.97565729452679       -0.35402248660636
H           -0.50599395391037        6.00760232363721        0.61946931172573
H            0.93073030001411        5.08624982517085        1.05431374615068
H            1.41437949357100        4.64352376908681       -1.31769501549315
H           -0.10744111745048        5.40013945987117       -1.79680517647579
H            1.79700103190942        6.95752588140127       -2.10905152487033
H            0.69674212207608        7.57535073647968       -0.87274938121146
H            2.21473373033386        6.81256469454564       -0.40076786888418
H           -1.68334865301383        3.32797747256322        4.89503700935851
H           -2.05521543597880        6.61239348264415        2.60726890805389
H           -4.44176395231741        3.89739792298563        4.98236015000821
H           -3.73879480189235        4.49315796377131        0.07803877568669
H           -6.31462030553628        4.51784538211322        3.48949255018817
H           -5.96202851137681        4.80805953438534        1.08623722126096
H            1.19434075396024        3.19681570236931        2.48691278307695
H            0.89635515707983        3.85976081351756        4.09776408288740
H            0.58244801413495        2.15252785268086        3.77531313937279
H            2.18798090247533        2.29543014715449       -2.61328567768758
H            0.74566212823800        2.66295152363578       -2.20409149655694
O           -2.31549983069723        7.17596948281516        1.87340149910758
H            0.42094402675442        0.81329824156412       -3.35559475707009
H           -3.01705720753028        6.70628471010255        1.41319987257333
N            5.68359027135840        0.77739107910600       -2.26441103853340
C            7.61419410737894        1.07216682072271       -0.82400278270577
O            8.40349744384244        0.26396915447777       -0.38847581569331
C            4.19371068996919        0.95174142207197       -4.13749155795600
C            4.55087026755418        1.34921826194777       -2.72527209508427
O            3.91254845660574        2.16074020951522       -2.07540362115806
H            4.12582048345603       -0.13111529318979       -4.21980118231721
H            4.95912807647985        1.30839095145755       -4.82559443828942
H            3.23821385510560        1.39007986468630       -4.41119786753380
N            7.96669899955390        2.26789352288897       -1.33868565672864
C            9.33372225255991        2.72434532687882       -1.40011569420575
H            9.45917241391579        3.64271582909278       -0.82359737129748
H            9.63569048157867        2.90631227808982       -2.43317735687466
H            9.95857161888274        1.94136834492596       -0.97332367232743
76
 energy: -110.272150855759 gnorm: 0.002212175387 xtb: 6.7.1pre (5071a88)
N            0.09239695142508        0.29624182788782       -0.57203430542449
C            1.43318163492663        0.01492970912113       -0.37747467317264
C            2.12659248888681        0.45835606193556        0.75017178847226
C            3.48275150114951        0.24113733182859        0.86273436594543
C            4.18048588239399       -0.45858988062143       -0.11441730313175
C            3.46228018735456       -1.01324552889080       -1.16677713886677
C            2.10842676862330       -0.78548001055556       -1.30043038590236
C            5.67975125222053       -0.44202299864909       -0.12857164910072
C            6.10556511591456        0.83198217540778       -0.88376395966910
C           -0.51912966271657        1.50877381468166       -0.29538480751053
C            0.05470354851831        2.65089012998512        0.08395439928953
C           -0.74634700480496        3.88858825960390        0.38929587114551
C            0.10795278942422        5.16479479817363        0.33162475403365
C            0.69587316308859        5.43161823574014       -1.05178831328588
C            1.39460751709762        6.78515242381757       -1.10355322945142
O           -0.13355733841308        0.03280971283360       -3.51047460797534
N           -1.84232552126765        3.53146601005318        3.91716984284135
C           -3.04024377000052        3.84986153486614        3.34918615878924
C           -2.81471265732165        4.01710656612820        1.96061895502281
C           -1.42237866683165        3.78153088458359        1.72986075074623
C           -4.29473908965980        4.02320816122405        3.91709121157515
C           -3.88798359097872        4.36323169295882        1.13773819933666
C           -0.86665666402274        3.48641740288120        2.94582593530917
C           -5.33340165545316        4.36869107046236        3.07873402578903
C           -5.13079268666218        4.53558273802111        1.70640481806209
C            0.52859023485284        3.15750452483760        3.34222521668848
O            1.27353575143467        2.32588628924071       -2.93495088809190
H           -0.31556672376534       -0.20051611558684       -1.35640177885464
H           -0.69153877746297        0.25129285223466       -4.25815145249219
H            1.59349579493938        0.98014946174061        1.52823028954858
H            4.01677177887694        0.63450635818496        1.71676630581139
H            3.97527322754988       -1.61601776995339       -1.90440377597352
H            1.56746880132230       -1.18443460494561       -2.14525078868163
H            6.09535777621416       -1.31578673049947       -0.63255010454912
H            6.09306908430471       -0.39854084891531        0.87892077174599
H            5.58891680153752        1.69368195015157       -0.44419042042464
H            6.11231435229540        0.04255826548660       -2.82486736476799
H            7.25978709202283        2.88133930098456       -1.68055606630816
H           -1.59326686325905        1.47248706686460       -0.43672877587341
H            1.12519921451995        2.71963835451764        0.20230307408650
H           -1.54233033365589        3.97918497555341       -0.35945070779674
H           -0.51791414030581        6.01307765423228        0.61678359266304
H            0.91759282389743        5.09505392656987        1.06057289299974
H            1.41533734543110        4.65226204862419       -1.30943620830773
H           -0.10326658385263        5.40954370343950       -1.79668068903066
H            1.80637080289170        6.96544994023513       -2.09399285520539
H            0.69506709312203        7.58410016881242       -0.86826406011365
H            2.20818065452351        6.82096530448637       -0.38199446186517
H           -1.69052601765602        3.32511880069127        4.88972154467438
H           -2.05459503077904        6.58959860391911        2.60458106466159
H           -4.44887688806662        3.89182169758267        4.97811690543698
H           -3.74820972043061        4.49234247644233        0.07401537560593
H           -6.32263155868108        4.51279418153710        3.48649316112356
H           -5.97106242573050        4.80485490627232        1.08326870466203
H            1.18994936495111        3.21047335955721        2.48502968500236
H            0.88372997226434        3.85624853850843        4.10127130476109
H            0.57878348132577        2.15089900733275        3.76101829796006
H            2.19293263235486        2.29850828322972       -2.61043876682100
H            0.75062839416905        2.66339831539804       -2.19933610131167
O           -2.32241667084410        7.17504751458509        1.89151500202428
H            0.42947744865506        0.81679130573332       -3.35580257624737
H           -3.02294432639044        6.71662810707125        1.42073968075476
N            5.68883336087601        0.77246928180380       -2.27157875151234
C            7.62152862368986        1.06401012270210       -0.82876362256123
O            8.40826918688386        0.25626258813280       -0.38769063676627
C            4.18630371347164        0.94712989930231       -4.13552020517304
C            4.55247473877448        1.34331752098052       -2.72529267590170
O            3.91624561581495        2.15362756715222       -2.07204031169220
H            4.08511826897890       -0.13358815274178       -4.20967150867897
H            4.96350154869392        1.27390713367682       -4.82489782064566
H            3.24474716600619        1.41155190396410       -4.41418835161860
N            7.97738798290360        2.25782149207448       -1.34539601651537
C            9.34567933720051        2.71212736352938       -1.39575578041128
H            9.47002804136512        3.62582791280952       -0.81224899955727
H            9.65349579470474        2.90021368898121       -2.42553899347601
H            9.96540226506596        1.92437838008010       -0.97028205595127
76
 energy: -110.272176871028 gnorm: 0.002548236970 xtb: 6.7.1pre (5071a88)
N            0.09701804289086        0.30166121779720       -0.56827780692828
C            1.43847935805050        0.02169195874264       -0.37597548697048
C            2.13582529616471        0.47129507815947        0.74675757360320
C            3.49171267451522        0.25123752975462        0.85739493020513
C            4.18506482449339       -0.45714553303235       -0.11663881249504
C            3.46333730547284       -1.01537348942631       -1.16462800765125
C            2.10974555673380       -0.78487366512733       -1.29642216235992
C            5.68427820235355       -0.44557524517913       -0.13351005889550
C            6.11240357193589        0.82652506753364       -0.89040618260598
C           -0.51734914651089        1.51301548690821       -0.29403436532966
C            0.05340132320260        2.65768738397210        0.08219576093207
C           -0.75158975516288        3.89333993814022        0.38638493654988
C            0.10005103476192        5.17156656334281        0.33269089179649
C            0.69533387288261        5.43992120436618       -1.04727126059100
C            1.39447575123869        6.79346322370623       -1.09308236512856
O           -0.12477226135344        0.03540840026890       -3.50886705108144
N           -1.85007699713049        3.52936598203031        3.91247216510806
C           -3.04820534765008        3.84698034942535        3.34451382098055
C           -2.82257338937964        4.01628539619428        1.95619682704504
C           -1.42969530319611        3.78315364213071        1.72569230155669
C           -4.30281171422108        4.01855577579808        3.91266953471592
C           -3.89629881973881        4.36182079026358        1.13364540815111
C           -0.87396909796437        3.48722661813983        2.94151061212924
C           -5.34170761892185        4.36416348720391        3.07472300144321
C           -5.13923264155757        4.53240542726523        1.70254589628617
C            0.52150144872094        3.15997498357362        3.33840335683485
O            1.27838926180907        2.33199834606199       -2.93251532021013
H           -0.31264372141989       -0.20060074540506       -1.34802819659335
H           -0.68277865252272        0.25167507060056       -4.25674504475651
H            1.60626478141757        0.99968531328312        1.52269575493715
H            4.02909977139246        0.64914978327445        1.70720893040505
H            3.97350764703801       -1.62334550213779       -1.89997053575187
H            1.56586764914337       -1.18672695413569       -2.13801333783302
H            6.09598640711235       -1.32134616230057       -0.63723024650363
H            6.09989429285503       -0.40226250295934        0.87309251744479
H            5.59749289562950        1.68949679001158       -0.45109520247817
H            6.11137293723013        0.03595728941320       -2.83216032738170
H            7.27369282223794        2.87488558987301       -1.68535566021693
H           -1.59145699833361        1.47320153027130       -0.43419961755392
H            1.12366200362357        2.73058734059560        0.19927426849710
H           -1.54596602850149        3.98290579813364       -0.36421755213120
H           -0.52904892564821        6.01864329014018        0.61446483723920
H            0.90581461585713        5.10378063387486        1.06623869776144
H            1.41620538614747        4.66092714152298       -1.30205572963130
H           -0.09965523504633        5.41873985529184       -1.79659700184779
H            1.81481346697850        6.97378679310942       -2.07991644087456
H            0.69300841749685        7.59252760309560       -0.86381564380151
H            2.20176522575673        6.82927881704666       -0.36440316557681
H           -1.69817069730033        3.32227751673035        4.88482407598446
H           -2.05646231053020        6.56619441802575        2.60320190717863
H           -4.45659040712667        3.88592221924650        4.97357673746962
H           -3.75675650584778        4.49218577768824        0.07007253379727
H           -6.33096632601000        4.50733019334569        3.48271293323565
H           -5.97980658509459        4.80144320742341        1.07971915800461
H            1.18534387286177        3.22447681056749        2.48385878125191
H            0.87126535905555        3.85245188370068        4.10566757978216
H            0.57471777509119        2.14932911762565        3.74696678242826
H            2.19724003076012        2.30034664209176       -2.60691225732737
H            0.75534138981726        2.66548590741941       -2.19520469389000
O           -2.32586501687921        7.17209223975814        1.90793001217681
H            0.43698207773486        0.82017631402049       -3.35414714345181
H           -3.03314959400628        6.73058245234065        1.43015637109647
N            5.69361724184888        0.76827156117200       -2.27769448932189
C            7.62865970697752        1.05567580129529       -0.83351418652425
O            8.41256021852051        0.24742903570626       -0.38809138880529
C            4.18032276807254        0.94242894798293       -4.13381593026229
C            4.55433001375157        1.33858679557723       -2.72569930009144
O            3.92045509119945        2.14811012161706       -2.06918524217297
H            4.04510363817389       -0.13599241977935       -4.19712802567657
H            4.96951970278810        1.23790353339906       -4.82454890457078
H            3.25297355150108        1.43265520582953       -4.41805792825961
N            7.98867773218059        2.24764968486455       -1.35168671943815
C            9.35815398004684        2.69965250991492       -1.39252075793117
H            9.48203342452727        3.60911578259414       -0.80235377648862
H            9.67119053854661        2.89380870109085       -2.41957731199131
H            9.97364513835293        1.90768734821806       -0.96888825674575
76
 energy: -110.272206181454 gnorm: 0.001856894564 xtb: 6.7.1pre (5071a88)
N            0.10106649658387        0.30649165350458       -0.56472044467686
C            1.44303248278870        0.02760834843648       -0.37441099845873
C            2.14381789747108        0.48236193379435        0.74402125264225
C            3.49942112336171        0.25975074203277        0.85296428649921
C            4.18897520455908       -0.45598903652311       -0.11831201114296
C            3.46424194912959       -1.01700893721006       -1.16261373660752
C            2.11088878711060       -0.78399683652088       -1.29275146178990
C            5.68807876328985       -0.44855245578649       -0.13730353637614
C            6.11812468581913        0.82242767530486       -0.89483006759804
C           -0.51594080060189        1.51650740702330       -0.29217555501837
C            0.05225053146689        2.66320580441080        0.08163596255722
C           -0.75515354435737        3.89755736969660        0.38501160040171
C            0.09543131190174        5.17658815238523        0.33448144595955
C            0.69453361902145        5.44660561394856       -1.04347212272961
C            1.39337756598637        6.80027864326982       -1.08559213310371
O           -0.11870666578779        0.03997816241274       -3.50797298936775
N           -1.85776500602243        3.52665542504882        3.90890732800810
C           -3.05575978306213        3.84356036637536        3.34033824469953
C           -2.82917688222976        4.01519317795386        1.95242274109366
C           -1.43558647669884        3.78483674068222        1.72297785445263
C           -4.31072760149723        4.01365276557376        3.90808226758640
C           -3.90284264085635        4.36049602467833        1.12969731068433
C           -0.88058527712929        3.48797815598240        2.93893958188505
C           -5.34935036920964        4.35983132323245        3.07007969949861
C           -5.14619861244789        4.52953094967009        1.69817500667604
C            0.51496185719674        3.16268559123630        3.33725386719238
O            1.28187811151715        2.33893644541510       -2.93148543768964
H           -0.31045865457938       -0.20086204663916       -1.33980421383354
H           -0.67215837790202        0.25314373894152       -4.25965911103033
H            1.61752561850200        1.01643476447715        1.51812096975244
H            4.03986759809588        0.66139341134083        1.69899757176103
H            3.97192621756247       -1.62922328459767       -1.89610423648439
H            1.56433063316436       -1.18796250563776       -2.13161496094274
H            6.09653794671053       -1.32555229375930       -0.64160194863195
H            6.10573397795036       -0.40641459901573        0.86853107014021
H            5.60358910831623        1.68611449696115       -0.45632059563799
H            6.11105842946261        0.02956513908938       -2.83639295278397
H            7.28619341388212        2.87025834366782       -1.68782605793684
H           -1.58999907478259        1.47382353364305       -0.43123884882594
H            1.12236856018017        2.73890533304620        0.19731933521296
H           -1.54797203096413        3.98716685681422       -0.36724503176429
H           -0.53494210743120        6.02306277640012        0.61526505981768
H            0.89929659425303        5.10887501144000        1.07020660873982
H            1.41635251856564        4.66810482624766       -1.29708378119347
H           -0.09824064937010        5.42594375944870       -1.79501783253790
H            1.81883730699560        6.98087784212630       -2.07002951783427
H            0.69060330302970        7.59924025074504       -0.86000879421189
H            2.19669480482601        6.83638009934588       -0.35267271547409
H           -1.70611459813357        3.31937683939987        4.88123153508971
H           -2.05702440963735        6.55232116660460        2.59991607687873
H           -4.46475289146736        3.87960982860023        4.96877368661847
H           -3.76291007978263        4.49221718819185        0.06640320816208
H           -6.33880366170617        4.50242804657366        3.47775381883337
H           -5.98670726683446        4.79854486363810        1.07524260041064
H            1.18156065103289        3.23826227701348        2.48585954040865
H            0.85891093115833        3.84919958601354        4.11232973214409
H            0.57100867966894        2.14851167988905        3.73611169348152
H            2.20012148812650        2.30179622092524       -2.60497831377433
H            0.75938677499006        2.67052726768419       -2.19308991161961
O           -2.33178087336235        7.17055102680985        1.91981688068609
H            0.44127628387368        0.82581284703635       -3.35236721780786
H           -3.04945235629283        6.74241121960892        1.44550270968416
N            5.69891295335477        0.76515987752211       -2.28206636951741
C            7.63436950071096        1.04928138542605       -0.83573434654686
O            8.41568074798242        0.24011604946383       -0.38722388784137
C            4.17771363615083        0.93799008342195       -4.13273186946643
C            4.55666482531470        1.33379338557853       -2.72608672059630
O            3.92320047176013        2.14100720809904       -2.06638331358584
H            4.01362131831477       -0.13613981430795       -4.18642126544142
H            4.97576553508093        1.20596650268061       -4.82321553158235
H            3.26399374221662        1.44892377938022       -4.42294202908703
N            7.99844481291536        2.24022086064698       -1.35380069139528
C            9.36945436826639        2.68700656902169       -1.39256464411168
H            9.49752570781079        3.59297310093433       -0.79802663921643
H            9.68295696511514        2.88513146402756       -2.41868155242833
H            9.98154487949906        1.89055283008053       -0.97279515005812
76
 energy: -110.272230381355 gnorm: 0.006248440430 xtb: 6.7.1pre (5071a88)
N            0.10951811353753        0.31813693964282       -0.55851065732881
C            1.45166574133247        0.03987352978253       -0.37118890703067
C            2.16006236758793        0.50504240688087        0.73821045511210
C            3.51503301339820        0.27695355641539        0.84336670989371
C            4.19690842463595       -0.45340007219420       -0.12248400089623
C            3.46526077857339       -1.02149568938283       -1.15807162712168
C            2.11233383701405       -0.78390477220121       -1.28414636468092
C            5.69582368277978       -0.45452102272098       -0.14601779241361
C            6.13123162809430        0.81483306571298       -0.90338445963981
C           -0.51239426130310        1.52538479707613       -0.28752672243154
C            0.05021192645766        2.67646721778555        0.08149997023010
C           -0.76287876731966        3.90765312786196        0.38255575892674
C            0.08399300955722        5.18933832151298        0.33808112376528
C            0.69212019154137        5.46260934931996       -1.03543034575033
C            1.39053845293775        6.81664382795142       -1.06877673457731
O           -0.10472773820057        0.04772736243764       -3.50361417551859
N           -1.87532942798726        3.52185645869961        3.90154400032864
C           -3.07293434795253        3.83673334274030        3.33110656024605
C           -2.84361754864329        4.01394443503274        1.94418054646182
C           -1.44846018139030        3.78981926078361        1.71758740955215
C           -4.32923185664181        4.00244638692561        3.89714783770527
C           -3.91673161848922        4.35878216613590        1.12058728544130
C           -0.89555415761736        3.49080108733332        2.93401669134780
C           -5.36710133339095        4.34900814564099        3.05840938297194
C           -5.16159684132877        4.52298015055807        1.68730942702597
C            0.50001681873385        3.16812791478870        3.33471065084531
O            1.29045168070745        2.35026525474917       -2.92627680967143
H           -0.30539476095017       -0.19638794002404       -1.32652120294936
H           -0.64609807987202        0.25814093288548       -4.26501131068120
H            1.64097054476135        1.05071821060535        1.50896862306751
H            4.06163079866816        0.68585985275525        1.68190815877055
H            3.96713047169894       -1.64322249409200       -1.88770305823107
H            1.55981833994705       -1.19380919323913       -2.11637300864294
H            6.09717437802624       -1.33320607418250       -0.65334929494301
H            6.11761727885625       -0.41705215255878        0.85827877565947
H            5.62084371601352        1.68082054710945       -0.46413743168207
H            6.11082436117955        0.01839331430778       -2.84337219132585
H            7.31583275935497        2.85593244028299       -1.69751847984146
H           -1.58657881755489        1.47755826454914       -0.42404355979998
H            1.12015048461576        2.75767498314449        0.19470467625699
H           -1.55264470468334        3.99615274364107       -0.37311113725774
H           -0.55073531519641        6.03385355416249        0.61543925437676
H            0.88355166429476        5.12375447845944        1.07898948088719
H            1.41631919722242        4.68517305155372       -1.28589982404440
H           -0.09532381505494        5.44304288574781       -1.79261928909945
H            1.82780715564376        6.99850396642711       -2.04788802615355
H            0.68457155052579        7.61504925955021       -0.85092081612327
H            2.18497475806476        6.85293106792013       -0.32604397114904
H           -1.72492541383030        3.31323246904403        4.87376488892479
H           -2.05763963574006        6.50619805603304        2.59014265901161
H           -4.48459797544812        3.86493140141618        4.95722082019934
H           -3.77497073336314        4.49462213921374        0.05814408109911
H           -6.35752514699193        4.48889213473456        3.46468200209346
H           -6.00177447764158        4.79163099656665        1.06372396399691
H            1.17186963804342        3.26861091018188        2.48970956397265
H            0.83251255732287        3.83996591842053        4.12770457671274
H            0.56156502958281        2.14536725032231        3.71067569607030
H            2.20707529549006        2.30202302426629       -2.59701420790627
H            0.76858803754291        2.68334969638179       -2.18838828883392
O           -2.34670847619327        7.16896900247038        1.95420545023477
H            0.45243264861210        0.83517239293913       -3.34441199473413
H           -3.08624013079083        6.77756950395939        1.47704558590080
N            5.70866670601513        0.76021406275976       -2.28977111140703
C            7.64829095836493        1.03260788883168       -0.84343617178659
O            8.42345140957733        0.21908314102997       -0.39173508136933
C            4.17276218199132        0.92795419290924       -4.12951156835219
C            4.56234425255670        1.32777162099369       -2.72721511790874
O            3.93322527286366        2.13477460652375       -2.06309223814283
H            3.93860980360282       -0.13757235105086       -4.15525412511431
H            4.99344247537747        1.12684592131560       -4.82115042337411
H            3.29165402338003        1.48835037139195       -4.43690269695942
N            8.02247314551390        2.22078543598787       -1.36129240917233
C            9.39634152992282        2.65873136936060       -1.39356562058673
H            9.53066721462414        3.55749296203604       -0.78868349918770
H            9.71240236866837        2.86645167391668       -2.41733526418007
H           10.00295388865798        1.85398595984260       -0.98192104919061
76
 energy: -110.272292313215 gnorm: 0.002779197406 xtb: 6.7.1pre (5071a88)
N            0.10975042442190        0.31983057456984       -0.55844108566941
C            1.45121340483621        0.04036621972414       -0.37048109319362
C            2.16003301216026        0.50505700138441        0.73870218210090
C            3.51489371254304        0.27661823193662        0.84361709425936
C            4.19679634395131       -0.45326579173589       -0.12225621599927
C            3.46471105375821       -1.02168379548719       -1.15725527939352
C            2.11178249931352       -0.78410381838481       -1.28286479755734
C            5.69564149607795       -0.45432115381600       -0.14541767145847
C            6.13207699406011        0.81627808534809       -0.90035693652830
C           -0.51210204740577        1.52654284183644       -0.28550631628811
C            0.05059421831382        2.67733503021202        0.08422166145987
C           -0.76121657579350        3.90904495850470        0.38529885613286
C            0.08699438921531        5.18967230139689        0.34012702115164
C            0.69060454271407        5.46354211396324       -1.03525081636199
C            1.38782756511092        6.81797758784125       -1.07091859643667
O           -0.10691599650480        0.05199367461034       -3.50267551437232
N           -1.87883461877304        3.52068188746319        3.90257274774402
C           -3.07566562029015        3.83509486788568        3.33027530084970
C           -2.84391442234644        4.01397988941196        1.94391445978702
C           -1.44815992747898        3.79148901214828        1.71966117547629
C           -4.33307292914912        3.99958277973157        3.89419905534283
C           -3.91571390847009        4.35923490984473        1.11881650612658
C           -0.89726163701541        3.49179279915091        2.93681811137564
C           -5.36970819182434        4.34642671546480        3.05400483827542
C           -5.16174607438088        4.52204919160263        1.68343887640935
C            0.49791333214894        3.16921904386721        3.33926654639585
O            1.29057421942741        2.35204914305551       -2.92664601299736
H           -0.30571114013774       -0.19328362925819       -1.32677373388864
H           -0.63688471997224        0.26165128919501       -4.27300177026638
H            1.64160611375500        1.05068349782659        1.50969884085945
H            4.06167289062349        0.68495240104893        1.68209608247391
H            3.96600016193593       -1.64361145123063       -1.88698450102098
H            1.55870814778185       -1.19438800491893       -2.11449889544506
H            6.09684287005040       -1.33165339174924       -0.65525801597286
H            6.11736912472470       -0.42006273640065        0.85896365754220
H            5.62210516272056        1.68222896715033       -0.46061428863905
H            6.11281448656389        0.01840491398194       -2.83826485211603
H            7.31951841512137        2.85411830471943       -1.69724148623780
H           -1.58636426449400        1.47947863768218       -0.42179462100214
H            1.12071064898887        2.75708191253351        0.19712541409899
H           -1.55069791357911        3.99852403152778       -0.37054703680101
H           -0.54590345574923        6.03459378649842        0.62038809446957
H            0.88920730423675        5.12223370227338        1.07794503390450
H            1.41461796994492        4.68657335406090       -1.28787158622804
H           -0.09919322979427        5.44338752370449       -1.78987989437425
H            1.82099417264423        7.00066091795018       -2.05147467931293
H            0.68218283890684        7.61570580737766       -0.84998292143057
H            2.18502119399428        6.85459313218643       -0.33149432299409
H           -1.72980790413528        3.31218836651724        4.87504944318278
H           -2.05675968539230        6.51079832285697        2.58523615385919
H           -4.49034169477450        3.86085180930843        4.95385721355288
H           -3.77191379059282        4.49664518707096        0.05687964575679
H           -6.36097429585396        4.48543559385030        3.45854725604032
H           -6.00098388367058        4.79092761743386        1.05865841414009
H            1.17090356378074        3.27346060247596        2.49615104012267
H            0.82822731774827        3.83816024054456        4.13508217012323
H            0.55981541228381        2.14548111865626        3.71138965859716
H            2.20681108432506        2.30041594857231       -2.59726021042302
H            0.76989643210898        2.69142896632418       -2.19091159474681
O           -2.35608645335887        7.17210702765431        1.95555879005608
H            0.44996791377436        0.83948466155830       -3.34098896664040
H           -3.10297976736643        6.78085533951130        1.49198709148203
N            5.71067108361947        0.76202261145613       -2.28715560889156
C            7.64931448433165        1.03133316902550       -0.84190312450982
O            8.42375933604472        0.21515924426656       -0.39380141419542
C            4.17821731348210        0.92614490953199       -4.12942783603829
C            4.56473717345420        1.32858148910286       -2.72734966671419
O            3.93447008053081        2.13543744353012       -2.06425593257263
H            3.93879525422659       -0.13462981185794       -4.15004141899030
H            4.99841094260032        1.11652016862152       -4.81888110463105
H            3.30278032790576        1.48753325603006       -4.44229054979197
N            8.02528069359804        2.22021407700060       -1.35686744509665
C            9.40025168183989        2.65261957090971       -1.40075549893070
H            9.54285308187535        3.55158995006495       -0.79783481092218
H            9.70892803178680        2.85836803393042       -2.42729642988625
H           10.00804422883813        1.84650781843446       -0.99377387828449
76
 energy: -110.272336238408 gnorm: 0.002953180135 xtb: 6.7.1pre (5071a88)
N            0.11232395282307        0.32565105024089       -0.55679597768275
C            1.45309582131469        0.04482040081468       -0.36874661840390
C            2.16450352195888        0.51204687406954        0.73778849904478
C            3.51914356692706        0.28177785197194        0.84140441624811
C            4.19891160769829       -0.45199637299631       -0.12305010945415
C            3.46429289010335       -1.02306625675682       -1.15481310262133
C            2.11149431724849       -0.78422956025840       -1.27889212067702
C            5.69775787739919       -0.45615440148730       -0.14705899594650
C            6.13777011356787        0.81460344624058       -0.89987047942251
C           -0.51036068891641        1.53153813450228       -0.28226768952970
C            0.05108708702718        2.68313643112578        0.08702348110457
C           -0.76207758669255        3.91395522260669        0.38761946968565
C            0.08537490398062        5.19510507939105        0.34359328945357
C            0.68791122185445        5.47045677408056       -1.03205505223821
C            1.38389342345266        6.82559489154274       -1.06741085465577
O           -0.10314602124769        0.05770324524092       -3.50078723526536
N           -1.88820860803968        3.51869730333216        3.90153345255679
C           -3.08400979913340        3.83215199367223        3.32647445373694
C           -2.84863355248515        4.01451256651421        1.94116430147604
C           -1.45186878765041        3.79482331065720        1.72040432159063
C           -4.34340832502578        3.99288844078091        3.88708269088312
C           -3.91858749158661        4.35992319291326        1.11375494412261
C           -0.90389154705858        3.49357305621602        2.93852758961024
C           -5.37826494885141        4.33957749812905        3.04464429532506
C           -5.16656185288037        4.51897492211643        1.67509359463676
C            0.49068993159724        3.17113797185590        3.34323435426693
O            1.29493248719913        2.35497673018820       -2.92417895977126
H           -0.30457876660786       -0.18744243788459       -1.32444661622525
H           -0.62036373151486        0.26576725769320       -4.28078203288351
H            1.64848324016059        1.06074964415641        1.50822229621914
H            4.06758875344232        0.69158740593347        1.67807978965180
H            3.96325688693309       -1.64853970258624       -1.88322178832812
H            1.55630445206216       -1.19739986863149       -2.10771114129839
H            6.09649431261391       -1.33312919255935       -0.65952551688975
H            6.12009523531500       -0.42570247917956        0.85713628394035
H            5.63171484610547        1.68193343417213       -0.45852364574874
H            6.11590253598857        0.01611642105607       -2.83594538564936
H            7.33226939989223        2.84599396264403       -1.70064000073958
H           -1.58479168280868        1.48364105364590       -0.41760195668372
H            1.12125852098448        2.76383991619216        0.19953092559402
H           -1.55035530322559        4.00330387595728       -0.36952270269225
H           -0.54781939719770        6.03947461629434        0.62476530281947
H            0.88825330467019        5.12762344481174        1.08063108922540
H            1.41247586702067        4.69426138024289       -1.28555005978474
H           -0.10237427926599        5.44996593597944       -1.78621780404383
H            1.81636895650563        7.00910485948932       -2.04813568960828
H            0.67761986461290        7.62254821682981       -0.84569996145559
H            2.18147062404360        6.86241701251805       -0.32841716508487
H           -1.74151333667504        3.30914688873443        4.87415599979449
H           -2.05886832296632        6.50535597146855        2.57929721236474
H           -4.50359829012485        3.85145427404400        4.94595145141527
H           -3.77175417307445        4.50042494958570        0.05262127998564
H           -6.37104847307442        4.47563282320055        3.44653058996955
H           -6.00447342899258        4.78788028191624        1.04851241474326
H            1.16666032003068        3.28715189144538        2.50396577142174
H            0.81551053037951        3.83196882922909        4.14805088973405
H            0.55448436691118        2.14326945080175        3.70378947644679
H            2.21172267454827        2.30252616943457       -2.59695892438032
H            0.77646622908792        2.70266614986009       -2.19060120502577
O           -2.37213740779840        7.17330979860550        1.96643111617788
H            0.45258544730511        0.84552663225698       -3.33542528288302
H           -3.12847276693480        6.78817108917676        1.51719422773877
N            5.71565711289496        0.76222056848173       -2.28668163122704
C            7.65600011313747        1.02320765722470       -0.84395751974986
O            8.42811297207250        0.20255111923341       -0.39994435269708
C            4.18110565779167        0.92118481850468       -4.12715445969129
C            4.57018936873710        1.32952482023541       -2.72745034060352
O            3.94139283505974        2.13839140780477       -2.06555757551456
H            3.90835693791170       -0.13282784084815       -4.13304446878457
H            5.01137332422297        1.07567223577540       -4.81461404481953
H            3.32408153465105        1.50472632806496       -4.45345129996192
N            8.03597290084790        2.21175075061064       -1.35642096983343
C            9.41294626751045        2.63685567155925       -1.40913864863421
H            9.56448970440654        3.53370016975065       -0.80500302612341
H            9.71536395041915        2.84349130566803       -2.43740066470818
H           10.01995679729804        1.82677123476469       -1.00853619366551
76
 energy: -110.272377603729 gnorm: 0.005848452811 xtb: 6.7.1pre (5071a88)
N            0.11576624110604        0.33481623360757       -0.55461534899060
C            1.45544236596340        0.05157783616034       -0.36607278576056
C            2.17013598682732        0.52170357986789        0.73726509934815
C            3.52449607785697        0.28897744451291        0.83931884346693
C            4.20158669290708       -0.44974325988534       -0.12339383644139
C            3.46358208791674       -1.02430119457764       -1.15084961521196
C            2.11099058934237       -0.78365407530715       -1.27313509781781
C            5.70054777272561       -0.45876382321416       -0.14806064651914
C            6.14672774070932        0.81162444442127       -0.89799415509732
C           -0.50738252835787        1.54000921967148       -0.27742164271946
C            0.05285125537966        2.69212981273092        0.09215137152876
C           -0.76251976448001        3.92159663833673        0.39232257481618
C            0.08345867998814        5.20380556518035        0.34977877334849
C            0.68309832940556        5.48129109205577       -1.02684203733297
C            1.37689532412811        6.83769038713862       -1.06330784615001
O           -0.09639008591740        0.06696510458146       -3.49929072841359
N           -1.90297455323225        3.51586871328189        3.90068214813528
C           -3.09680855424609        3.82814642420775        3.32069769907900
C           -2.85503172220466        4.01586336260512        1.93725120415760
C           -1.45670639040033        3.79985957091641        1.72258796739191
C           -4.35986522681246        3.98221815595558        3.87513389491667
C           -3.92147569011227        4.36153041007219        1.10541473056796
C           -0.91394546327185        3.49590871642551        2.94245584081584
C           -5.39135734606298        4.32841144948858        3.02838167387408
C           -5.17288607746167        4.51435703978885        1.66069213730092
C            0.47935263464375        3.17309419051259        3.35116034079809
O            1.30284911377608        2.36031060383934       -2.92132773330510
H           -0.30300265782521       -0.17725949108943       -1.32230318554012
H           -0.59640289735757        0.27177976077532       -4.29171339685085
H            1.65698396191514        1.07413164013453        1.50707712556837
H            4.07482529994132        0.70049693770509        1.67402574181182
H            3.95947298079606       -1.65464583067085       -1.87734119206575
H            1.55316992359159       -1.20082785159520       -2.09816463164107
H            6.09566801302873       -1.33570563461561       -0.66341210020352
H            6.12297682914756       -0.43319781987783        0.85617124437519
H            5.64773575838603        1.68142871385254       -0.45399768221012
H            6.12261881099652        0.01402602538496       -2.83207642460465
H            7.35070218776214        2.83299382700413       -1.70447902218924
H           -1.58199557894725        1.49130479389602       -0.41186902773764
H            1.12298565207720        2.77444779896634        0.20474009690220
H           -1.54897781570863        4.01057209145821       -0.36676475686802
H           -0.55022615357342        6.04718461343463        0.63259473601230
H            0.88771214507307        5.13640509424246        1.08519394479077
H            1.40835744904864        4.70636923024274       -1.28222463935684
H           -0.10881498833369        5.45992540818116       -1.77936691410268
H            1.80578594054370        7.02229451519185       -2.04546901598483
H            0.67008005937201        7.63336636514288       -0.83882168832569
H            2.17697673005491        6.87498039783051       -0.32701883646352
H           -1.76068081090464        3.30416529736562        4.87353152459053
H           -2.05738847876785        6.48420030912963        2.56354063089200
H           -4.52552495631367        3.83607103261714        4.93253293621830
H           -3.76912901952432        4.50732414560176        0.04571974368111
H           -6.38694139761108        4.45885381568920        3.42534149667705
H           -6.00822995474273        4.78333232180797        1.03067978813521
H            1.16040045610307        3.30683834470437        2.51830619862494
H            0.79572601486708        3.82109672896403        4.16990422055666
H            0.54572681565000        2.13899337581499        3.69395884668871
H            2.22107944447831        2.30772092131587       -2.59865811074530
H            0.78836396731301        2.71858741285933       -2.18970230975951
O           -2.40042256422224        7.17926972683198        1.99067542638381
H            0.45737312661856        0.85531166676345       -3.32859919479754
H           -3.17376657438149        6.81040134529157        1.55703878960983
N            5.72370200849311        0.76256037386902       -2.28497993346578
C            7.66685667669426        1.00987548268043       -0.84712893789678
O            8.43579231522144        0.18189888946911       -0.41103336784120
C            4.18640088763187        0.91416267504312       -4.12286228576089
C            4.57931455483797        1.33109091563967       -2.72660329996324
O            3.95195151880942        2.14300815615012       -2.06739133413414
H            3.86571704430851       -0.12720518467003       -4.10918876059965
H            5.02949420971468        1.01559528724605       -4.80543332307670
H            3.35820721094862        1.52807128760570       -4.47053261084251
N            8.05174843314330        2.19831556164065       -1.35528914745569
C            9.43205039555582        2.61130050867895       -1.42504872217037
H            9.59894140340686        3.50518995009846       -0.82051692678265
H            9.72262959366330        2.81775869001253       -2.45668975588799
H           10.03753853880122        1.79484673387478       -1.03433478208506
76
 energy: -110.272406173105 gnorm: 0.005281515914 xtb: 6.7.1pre (5071a88)
N            0.11528261545229        0.33824211492588       -0.55568939257820
C            1.45408145666352        0.05274044288373       -0.36537381140522
C            2.16801657189579        0.52087329944267        0.73942810701524
C            3.52242553847031        0.28842140120989        0.84208380974906
C            4.20062011994707       -0.44839480219029       -0.12150447727477
C            3.46283845000006       -1.02296014553664       -1.14918080382602
C            2.11027333954390       -0.78265368618838       -1.27209350466847
C            5.69986090845488       -0.45854451007915       -0.14470159946676
C            6.14963737579092        0.81079914748864       -0.89406378776438
C           -0.50568829930855        1.54458505336981       -0.27612668376411
C            0.05584972225251        2.69519822782454        0.09607549715549
C           -0.76038849168456        3.92425732047767        0.39661318375536
C            0.08415191173342        5.20750444543426        0.35314306484086
C            0.68003886076589        5.48509991063920       -1.02520801236290
C            1.37256191692007        6.84237842921255       -1.06530469310018
O           -0.09223284154130        0.06936245122803       -3.50057961094609
N           -1.90807487130633        3.51631596108926        3.90253030124571
C           -3.10044944378212        3.82862644460141        3.31934758103110
C           -2.85463210487892        4.01827023362360        1.93706902625787
C           -1.45583438939428        3.80198320309409        1.72603878725906
C           -4.36614440253201        3.97823647049638        3.86919211287700
C           -3.91836094679385        4.36403149177464        1.10178285503029
C           -0.91645519688969        3.49651934034655        2.94706250531759
C           -5.39520091143341        4.32318592977334        3.01897237755384
C           -5.17208843102205        4.51314035727368        1.65259423199225
C            0.47557218994107        3.17130612771921        3.35769127325708
O            1.30835105956922        2.36043584910884       -2.92039148518776
H           -0.30280719607289       -0.16917464853457       -1.32753993233943
H           -0.59158847912827        0.27368001114702       -4.29198302500891
H            1.65371217837324        1.07139945039501        1.51008070886291
H            4.07135834697801        0.69846998321061        1.67863407257329
H            3.95888631468960       -1.65341066847723       -1.87554747644006
H            1.55313304987888       -1.20072036160688       -2.09699404091667
H            6.09456351182507       -1.33602591002960       -0.65924304017718
H            6.12024896327832       -0.43318839138537        0.86032386820400
H            5.65669670668374        1.68261865952768       -0.44785492817681
H            6.12809035742788        0.01691683394316       -2.82826320375373
H            7.35405707815508        2.82622241543138       -1.70482222274050
H           -1.58034086681563        1.49741929041116       -0.41145942064952
H            1.12580950618597        2.77764795117017        0.21069732139785
H           -1.54665955228435        4.01217249652017       -0.36274040588794
H           -0.55016610525520        6.05008176142797        0.63671843832038
H            0.88977725037688        5.14131126655263        1.08706446397766
H            1.40522505023635        4.71073010829285       -1.28229150887449
H           -0.11427573282917        5.46258373737882       -1.77539623004065
H            1.79482684658987        7.02734379146672       -2.05061331866891
H            0.66633715070511        7.63727049797673       -0.83602762460339
H            2.17774158188002        6.87993249313105       -0.33423661329694
H           -1.76919938996122        3.30237084784005        4.87542458354616
H           -2.06965939999058        6.48352693069379        2.56476913631267
H           -4.53593433128737        3.82941164668603        4.92552968784960
H           -3.76212647255882        4.51267716023596        0.04300750623531
H           -6.39288359184439        4.44900852775968        3.41227148415532
H           -6.00547379141012        4.78187519460341        1.01988739549255
H            1.15859155656212        3.30899288216872        2.52728848807657
H            0.79040078780842        3.81448995913931        4.18053298275250
H            0.54134127567398        2.13542303568388        3.69524100029712
H            2.22853654914624        2.31297658081904       -2.60217064742137
H            0.79613934583197        2.72132366525932       -2.18835804226405
O           -2.40184869107393        7.17477071437018        1.98995031508320
H            0.46087547729929        0.85767601686863       -3.32835704559858
H           -3.19598724340755        6.81987338506635        1.57470753202304
N            5.72527419434949        0.76318924277688       -2.28094852323045
C            7.67148765200110        1.00320910179123       -0.84937071357631
O            8.44021768924237        0.17100645657529       -0.42117150424172
C            4.19057092153454        0.91313029137061       -4.11978836491763
C            4.58426734640594        1.33501899571079       -2.72478241926912
O            3.95869144212041        2.15217941328762       -2.07039614930545
H            3.85504587092649       -0.12218383194693       -4.10132233937026
H            5.03682406348010        0.99621228262920       -4.79839804760128
H            3.37378612558235        1.53474826754575       -4.47754152604202
N            8.05573155326042        2.19223490223516       -1.35548665588582
C            9.43718107161064        2.60121365279705       -1.43715290604557
H            9.61050837075087        3.49554050024524       -0.83585018085460
H            9.72017000810855        2.80435826511542       -2.47138150965999
H           10.04283394202395        1.78350463574248       -1.04904627039909
76
 energy: -110.272429447009 gnorm: 0.004403479022 xtb: 6.7.1pre (5071a88)
N            0.11514438864702        0.33949132601276       -0.55609379950554
C            1.45399811335391        0.05365884424942       -0.36525451581077
C            2.16651542254630        0.52009765146348        0.74117828916741
C            3.52091645366571        0.28797921757397        0.84492601859503
C            4.20009524084810       -0.44734024708164       -0.11916938793358
C            3.46343990485833       -1.02063059270939       -1.14831634611444
C            2.11097093735360       -0.78019480926530       -1.27258137535780
C            5.69946664700616       -0.45802609176709       -0.14099802390643
C            6.15041486718688        0.80921798393100       -0.89264358283716
C           -0.50450624086945        1.54679405194964       -0.27658983025719
C            0.05786384510132        2.69619028184849        0.09776570603280
C           -0.75904181986107        3.92509528649027        0.39850784764329
C            0.08427184323587        5.20918880544588        0.35497542793188
C            0.67845994741592        5.48655755247407       -1.02412447137861
C            1.37032117977207        6.84413635229896       -1.06673662013658
O           -0.08938494011824        0.07130941056915       -3.50162190047859
N           -1.90986134620817        3.51623748973204        3.90334063937452
C           -3.10141467245518        3.82908627718582        3.31876158626179
C           -2.85370330536513        4.01929457274278        1.93704217882508
C           -1.45481877549000        3.80218291742577        1.72755091738592
C           -4.36826647072909        3.97693411829506        3.86637827809366
C           -3.91602736864729        4.36510932223340        1.10004692652686
C           -0.91708404520870        3.49582951239908        2.94905571289027
C           -5.39605759324304        4.32137835152262        3.01443355988717
C           -5.17079127812724        4.51291146344657        1.64869777903504
C            0.47411031078791        3.16929792235208        3.36113577635826
O            1.31274375125780        2.36412923108533       -2.92195077373123
H           -0.30175307287862       -0.16619961996882       -1.32984916233235
H           -0.59334826349732        0.27306822701165       -4.28954022279104
H            1.65070353075401        1.06914015033217        1.51199011938294
H            4.06865395592754        0.69721296552778        1.68274533897737
H            3.96055748756273       -1.64992811266464       -1.87485056261556
H            1.55501590248321       -1.19695567770853       -2.09883653467480
H            6.09420294490605       -1.33722652076277       -0.65242460066051
H            6.11849391570557       -0.42991479013070        0.86455426363609
H            5.65957365737815        1.68230433762755       -0.44694915140113
H            6.12938832449422        0.01631085561559       -2.82787972442965
H            7.35337062048561        2.82475684223491       -1.70243493581460
H           -1.57892671886414        1.50060465459410       -0.41354603942334
H            1.12747463806942        2.77910812432116        0.21410674561647
H           -1.54523587505712        4.01239832724382       -0.36091901208680
H           -0.55091429685785        6.05106570240358        0.63878838312179
H            0.89021883775327        5.14372690211977        1.08863616964365
H            1.40357190118642        4.71239803920408       -1.28191867223804
H           -0.11704562701802        5.46324152465574       -1.77302975995000
H            1.78818554158034        7.02924562479287       -2.05400031676315
H            0.66472671485205        7.63869922715211       -0.83445688459480
H            2.17877939183659        6.88214157879147       -0.33920918138875
H           -1.77268221284890        3.30089210044401        4.87615045512070
H           -2.07371344905528        6.48621503302952        2.56429070614231
H           -4.54001654607295        3.82689375881217        4.92216379165082
H           -3.75804966709489        4.51460796031279        0.04175343497398
H           -6.39465665962032        4.44510827234562        3.40593762501312
H           -6.00322454648177        4.78131865554650        1.01462699392028
H            1.15838316040832        3.30709872050163        2.53199606208632
H            0.78835599578694        3.81136440379561        4.18475983034249
H            0.53898899451173        2.13332928975953        3.69793773906361
H            2.23304525764813        2.31547740235588       -2.60343976343798
H            0.80024444471489        2.71638829822366       -2.18649383680229
O           -2.41601677135662        7.18102129060749        1.99742131113720
H            0.46521074048858        0.85880178440659       -3.33231356177286
H           -3.19118133118243        6.81200832748445        1.57260815529169
N            5.72511953260602        0.76089206983062       -2.27930299628231
C            7.67289263191654        1.00017003794233       -0.85079335804043
O            8.44178585931901        0.16712860531074       -0.42505025395337
C            4.19204425929765        0.91429788115416       -4.11875061245541
C            4.58561397640430        1.33460058127379       -2.72317640687950
O            3.96160140056691        2.15485043956489       -2.07102027096535
H            3.85212212810708       -0.11826120852670       -4.10124002893670
H            5.03867513596190        0.99308050221609       -4.79475514212731
H            3.37926388122282        1.53760550462171       -4.47793182984822
N            8.05571768272491        2.18967305207042       -1.35670004361591
C            9.43754935763719        2.59672997643134       -1.44348796677590
H            9.61372531408566        3.49175692723532       -0.84474378386646
H            9.71747661779703        2.79723898604992       -2.47886216187162
H           10.04225630488884        1.77859678296535       -1.05527636299134
76
 energy: -110.272453853279 gnorm: 0.006923712454 xtb: 6.7.1pre (5071a88)
N            0.11996918198537        0.34750082602528       -0.55309635267635
C            1.45905823215977        0.06181054269151       -0.36340510681399
C            2.17385329194655        0.53165162173470        0.74009270850431
C            3.52778853463323        0.29666905650255        0.84332429187667
C            4.20394614216077       -0.44476934159350       -0.11817096365925
C            3.46517897450872       -1.01968892788617       -1.14481229250548
C            2.11312922116580       -0.77629983403626       -1.26871467108993
C            5.70323556480948       -0.46063723217319       -0.14063850572697
C            6.15793145141899        0.80312498802945       -0.89545044704391
C           -0.50108615920962        1.55413010724350       -0.27476944541864
C            0.05896277472514        2.70445078516188        0.09983165383257
C           -0.76134515635308        3.93160429918759        0.39946737075807
C            0.07904598848875        5.21764023395689        0.35915382322567
C            0.67531810331263        5.49680248336567       -1.01856571393898
C            1.36577976935062        6.85490465088621       -1.05955232969550
O           -0.08049452889004        0.07951321026282       -3.49878818385548
N           -1.92178955379019        3.51261592446281        3.90013729102983
C           -3.11210656969661        3.82505447816685        3.31286272766950
C           -2.86047886219566        4.01939016153483        1.93235001881490
C           -1.46052555756286        3.80516550860909        1.72636778720527
C           -4.38091652092320        3.96900304760628        3.85697986404414
C           -3.92083431375807        4.36517551208382        1.09293889314652
C           -0.92603265201413        3.49635342119097        2.94869739198909
C           -5.40675780440148        4.31350112266015        3.00270429996094
C           -5.17764406670556        4.50898873437195        1.63812373931821
C            0.46416160379888        3.16993946756975        3.36432470217188
O            1.32241224535179        2.37497710718737       -2.92124346812731
H           -0.29726647715762       -0.16059773656215       -1.32451662287805
H           -0.57941172764428        0.27483744113197       -4.29250711703473
H            1.66028138025539        1.08528554052325        1.50905465971467
H            4.07753936878366        0.70859856636187        1.67841884700505
H            3.96054404332399       -1.65243773623040       -1.86953560077779
H            1.55532112953156       -1.19401243403585       -2.09334550584216
H            6.09432320236778       -1.34282652385495       -0.64988195414359
H            6.12309026778965       -0.43161181995623        0.86465343585588
H            5.67061620049077        1.67885548198255       -0.45099029315151
H            6.12948508487477        0.00779090662884       -2.83063095488128
H            7.36875833043465        2.81632136113443       -1.70351838470605
H           -1.57522376077886        1.50646177795987       -0.41251897009568
H            1.12802842736921        2.79040551507447        0.21700675017495
H           -1.54565264801132        4.01801642344197       -0.36198456044279
H           -0.55888409894777        6.05779244810883        0.64215352932205
H            0.88346652227389        5.15354390408403        1.09471439509805
H            1.40146699113051        4.72345890811613       -1.27587523014270
H           -0.11897366890645        5.47307845150523       -1.76853400051130
H            1.78411040966820        7.04121999484591       -2.04614206002728
H            0.65948809432400        7.64873947496954       -0.82735260989377
H            2.17355147252100        6.89358261414353       -0.33162222235032
H           -1.78719139019275        3.29507308047204        4.87279966199512
H           -2.07912541622826        6.46822165461260        2.55900888294939
H           -4.55560989322846        3.81575607935057        4.91181986989005
H           -3.75976065672714        4.51793642637218        0.03569592977659
H           -6.40681118274305        4.43407702343660        3.39137243295828
H           -6.00875509309659        4.77702370568641        1.00215598963321
H            1.15303944488461        3.32183273443659        2.54055382103892
H            0.77087417178672        3.80262069990849        4.19885070489155
H            0.53088328652824        2.12924100311824        3.68751006893692
H            2.24204060095760        2.31906777919168       -2.60142190731675
H            0.81020859868801        2.71814909921726       -2.18181996434869
O           -2.43089770732568        7.18083507603073        2.01595042817712
H            0.47640576234654        0.86592210256207       -3.33297009810400
H           -3.21729608104675        6.82750912999306        1.59680603606257
N            5.73018610276291        0.75468941141119       -2.28140284770373
C            7.68119109101368        0.98798946104319       -0.85580820415983
O            8.44677386130050        0.15155874410825       -0.43105481260824
C            4.19182822893799        0.91058860458748       -4.11639392356609
C            4.59026748498511        1.33006510194754       -2.72220436202120
O            3.96966633200886        2.15197027523657       -2.06883159616800
H            3.80860882473309       -0.11271148966086       -4.08444119678347
H            5.05027669539455        0.94630023688862       -4.78987542265831
H            3.40243052318642        1.56299759753047       -4.48638916140301
N            8.06851458587434        2.17650290541563       -1.36144141119496
C            9.45240991201262        2.57515884006507       -1.45222632835623
H            9.63690522777164        3.46734775484174       -0.85136215652160
H            9.72926495263500        2.77725986819690       -2.48806134773476
H           10.05325385466933        1.75194257988311       -1.06901369905502
76
 energy: -110.272495964700 gnorm: 0.003474748428 xtb: 6.7.1pre (5071a88)
N            0.12017997637200        0.34696187597987       -0.55365264490048
C            1.45960092018713        0.06188579126276       -0.36386641213539
C            2.17293382375444        0.53029576479050        0.74106614608777
C            3.52678482114594        0.29541748849541        0.84547508071564
C            4.20383734752240       -0.44469941342684       -0.11622789948376
C            3.46658010137067       -1.01752864510258       -1.14504985528405
C            2.11465208343399       -0.77391481253017       -1.27025670807025
C            5.70301585341091       -0.46001267411633       -0.13783360002139
C            6.15647344319685        0.80231574441903       -0.89566122308987
C           -0.50068600306769        1.55377816672464       -0.27644309872064
C            0.05927354907994        2.70368312180697        0.09945712711890
C           -0.76091932920346        3.93084651000241        0.39896699808387
C            0.07926948453601        5.21688899305987        0.35861062347100
C            0.67567350613028        5.49594633143473       -1.01896621407122
C            1.36602819243229        6.85389622900671       -1.06005719922988
O           -0.08084829652581        0.07931764996294       -3.49819599756952
N           -1.92051130538142        3.51199947182198        3.89992421701672
C           -3.11084933417676        3.82488512808547        3.31303691210420
C           -2.85952510075722        4.01900140960340        1.93240836352221
C           -1.45971570945401        3.80435378040196        1.72603015831890
C           -4.37921745961291        3.97013857467198        3.85753411459319
C           -3.92000172308465        4.36490270421109        1.09328256107221
C           -0.92500953542657        3.49536940096062        2.94814872269901
C           -5.40518254997222        4.31500773013193        3.00354657171850
C           -5.17654132866398        4.50953988007576        1.63882330177724
C            0.46505811240231        3.16862990552729        3.36414285371740
O            1.32296949754862        2.37490872385779       -2.92155328557564
H           -0.29589917225980       -0.16126132663732       -1.32525310127989
H           -0.58369730853314        0.27337603801844       -4.29055006993838
H            1.65830391528571        1.08282781807354        1.50992355702352
H            4.07577534667337        0.70637766979866        1.68136839625725
H            3.96311345699947       -1.64872372907327       -1.87022841308786
H            1.55779669543309       -1.18963356202497       -2.09661558752097
H            6.09499940171311       -1.34332678013522       -0.64448564678731
H            6.12251975331316       -0.42794338594582        0.86759291803342
H            5.66756659012206        1.67828207645335       -0.45327878439306
H            6.12720127784780        0.00547838303203       -2.83139629064063
H            7.36597102529317        2.81859911762983       -1.70098587284051
H           -1.57460369946693        1.50681843878605       -0.41564476719324
H            1.12814746812664        2.78917255908236        0.21795589008582
H           -1.54530163558692        4.01712902304506       -0.36240492768158
H           -0.55887637245321        6.05690586825182        0.64158558625289
H            0.88349838520011        5.15302154486272        1.09447166880110
H            1.40164945920221        4.72237704996670       -1.27606652437056
H           -0.11845568667472        5.47205309663062       -1.76898376631927
H            1.78346538816525        7.04067197520891       -2.04678170619712
H            0.66002498581294        7.64773890636980       -0.82698128215025
H            2.17432620268611        6.89247149427418       -0.33287039431099
H           -1.78562184957709        3.29426087630418        4.87244791182064
H           -2.07962279102137        6.46443622747921        2.55961284164214
H           -4.55346111563333        3.81756854785928        4.91250174599189
H           -3.75923009133178        4.51710450499882        0.03598643208216
H           -6.40485237905350        4.43680202480850        3.39251818458987
H           -6.00776753981775        4.77764921376951        1.00308425518836
H            1.15371450664624        3.31745601169846        2.54003106397719
H            0.77256758806012        3.80326811136098        4.19646431622439
H            0.53067216866846        2.12913075716704        3.69019257860861
H            2.24275609627186        2.32075336742957       -2.60223955455655
H            0.81033126897047        2.71325097119260       -2.18001552122322
O           -2.42346256366960        7.17862907013998        2.01359522744186
H            0.47796189788856        0.86509723306442       -3.33617845272325
H           -3.21658577324827        6.83342850879342        1.59313992431667
N            5.72851707556649        0.75194614556440       -2.28127559494959
C            7.67917024293148        0.98880257612511       -0.85575147883580
O            8.44515049300469        0.15317609059639       -0.43031496127167
C            4.19079486674425        0.91247435108171       -4.11724451456504
C            4.58913302719355        1.32844926091504       -2.72208440194714
O            3.96768261565189        2.14754490577267       -2.06604875342237
H            3.81811574311603       -0.11081376463467       -4.09061430468791
H            5.04381401637979        0.95962804957006       -4.79108102334871
H            3.39690861105834        1.55853960568801       -4.48137558683153
N            8.06613935384093        2.17695585885747       -1.36325124344198
C            9.44944562035221        2.57647399892828       -1.45232823093389
H            9.63260222428493        3.46986769903429       -0.85282964884866
H            9.72802499899002        2.77733231481073       -2.48803710906340
H           10.05025317353364        1.75456037489742       -1.06696459694683
76
 energy: -110.272532167283 gnorm: 0.002132492206 xtb: 6.7.1pre (5071a88)
N            0.12229958771505        0.35176550401049       -0.55405563481699
C            1.46147957440167        0.06586258862746       -0.36310469193762
C            2.17373747552192        0.53287886098599        0.74310732752366
C            3.52732683905580        0.29699815680434        0.84899685494838
C            4.20486743530846       -0.44299925767792       -0.11240412558530
C            3.46849314792805       -1.01439035112999       -1.14267888784472
C            2.11695384110516       -0.76956320999116       -1.26949392418977
C            5.70404471594576       -0.46011707100762       -0.13270232136120
C            6.15966210654739        0.79887348916230       -0.89472746455406
C           -0.49784206944752        1.55904715955270       -0.27702962662145
C            0.06154672324892        2.70826230094408        0.10188614266658
C           -0.76057695951463        3.93425114798621        0.40097107393705
C            0.07729385417678        5.22176750605732        0.36131347393574
C            0.67301189952185        5.50160335113369       -1.01642586495794
C            1.36213927479235        6.86016989100964       -1.05825197185865
O           -0.07153374823102        0.08120969602387       -3.50059274392319
N           -1.92693751635897        3.50997805921202        3.89919700444570
C           -3.11608264024012        3.82309887037341        3.30994560535298
C           -2.86142909002132        4.01977876677312        1.93030166599624
C           -1.46106121662526        3.80595295424117        1.72689923169682
C           -4.38619573362028        3.96582629269861        3.85108449616661
C           -3.91983532061376        4.36593187240127        1.08871782138599
C           -0.92915805453603        3.49495433891016        2.94970305216671
C           -5.41025923872828        4.31057890271278        2.99469788602333
C           -5.17811969937544        4.50787053214309        1.63094425301733
C            0.45976558999229        3.16655859993351        3.36828330414532
O            1.33059622914388        2.37721875773743       -2.91975844812358
H           -0.29246729344468       -0.15481574168304       -1.32756471214170
H           -0.58181963183736        0.27576711010696       -4.28720307723561
H            1.65833484667672        1.08502132471248        1.51169110322501
H            4.07551250906806        0.70689986594436        1.68590531132322
H            3.96554837387847       -1.64547150271629       -1.86761996112782
H            1.56078328817328       -1.18428682181160       -2.09685168361809
H            6.09560510670125       -1.34581096970089       -0.63548996010030
H            6.12244658822388       -0.42450124964655        0.87308949817659
H            5.67420517107220        1.67748088943526       -0.45362116371377
H            6.12708408833990        0.00029153392595       -2.83024266708940
H            7.37158697779071        2.81306994815684       -1.69984348472703
H           -1.57151373882539        1.51308349475253       -0.41865788047864
H            1.13001215060151        2.79431738235619        0.22363866183240
H           -1.54420737526432        4.01926489254914       -0.36129229938713
H           -0.56257680322717        6.06055278565726        0.64412972819203
H            0.88143489192585        5.15952153557983        1.09746703337756
H            1.39931156725902        4.72845416897238       -1.27388357314324
H           -0.12151977900414        5.47685148676566       -1.76607099146810
H            1.77595216094773        7.04836478620060       -2.04641301236261
H            0.65607115695785        7.65312099360502       -0.82185748776314
H            2.17305751562874        6.89866191652604       -0.33374475090233
H           -1.79452714050512        3.28984395046125        4.87154024691701
H           -2.09087039073911        6.45851276239619        2.56096908563954
H           -4.56332970442503        3.81128657316691        4.90529625657563
H           -3.75605520320358        4.52048863137698        0.03219904275692
H           -6.41128222746438        4.42997066865246        3.38099513151804
H           -6.00791288735595        4.77589746409695        0.99329362765684
H            1.15080676174210        3.31985629269380        2.54717446110385
H            0.76455983041563        3.79673127125125        4.20477749161285
H            0.52476962742768        2.12542439659957        3.68898985612131
H            2.25120667612503        2.32596847939229       -2.60247457564325
H            0.81831768832270        2.71169609735595       -2.17589461330232
O           -2.43039740440198        7.17748364917597        2.02154011921208
H            0.48475208777553        0.86870303560600       -3.33843691776061
H           -3.22738789568294        6.83978014496033        1.60221825360821
N            5.72922228237081        0.74658402489049       -2.27941961510402
C            7.68314606996288        0.98068762851270       -0.85960852954107
O            8.44830470163001        0.14189266068532       -0.43872608473386
C            4.19153355812051        0.91242903769970       -4.11540808348946
C            4.59280196791054        1.32799115028377       -2.72077278647949
O            3.97409947511764        2.14917770360052       -2.06454261332422
H            3.80210533339724       -0.10381296270541       -4.08518187240866
H            5.04620006111931        0.94200285276539       -4.78721685562478
H            3.40950470288736        1.56991699404544       -4.48467895166029
N            8.07152256788065        2.16800166462689       -1.36807122361247
C            9.45563362102729        2.56370889150438       -1.46224084653593
H            9.64325431915476        3.45756414067959       -0.86482519301524
H            9.73158423114248        2.76221989374788       -2.49928327587637
H           10.05540851141108        1.74078736321908       -1.07759965321957
76
 energy: -110.272596363509 gnorm: 0.003723765325 xtb: 6.7.1pre (5071a88)
N            0.12976731641374        0.36625471076843       -0.55489667367259
C            1.46822066182801        0.07815636423648       -0.36053252650150
C            2.17832670110928        0.54257527897178        0.74809658257630
C            3.53109732630934        0.30311868002056        0.85771190210295
C            4.20910393746484       -0.43831090221753       -0.10207490211873
C            3.47435639879533       -1.00667754847042       -1.13528990371234
C            2.12404733772921       -0.75776970887133       -1.26614579735334
C            5.70819315097960       -0.46084397284263       -0.11955574859578
C            6.16969887270080        0.78891910813159       -0.89345942594186
C           -0.48974665621160        1.57394363323599       -0.27864805003383
C            0.06686410840832        2.72199375881065        0.10814512230682
C           -0.76080510213524        3.94455102830075        0.40572415639041
C            0.07100874611300        5.23590906249583        0.36905366409938
C            0.66551139691479        5.51871107894318       -1.00867062841473
C            1.35110289947915        6.87901200719393       -1.05093579101631
O           -0.04756803828255        0.08979028124347       -3.50389559762970
N           -1.94687532072646        3.50280843678126        3.89573164255958
C           -3.13277040609413        3.81638855967540        3.30005424207833
C           -2.86894595984158        4.02095801593050        1.92320764136141
C           -1.46680016728685        3.81065618509756        1.72811217751335
C           -4.40742696697113        3.95252347073969        3.83234422359811
C           -3.92189153866266        4.36810010421625        1.07529622034424
C           -0.94262189305935        3.49386967240384        2.95275015763227
C           -5.42630522197318        4.29775479174513        2.96983143573354
C           -5.18476960695199        4.50275562291560        1.60874309818719
C            0.44339093927682        3.16223288215817        3.37873638879036
O            1.35116970431002        2.38625234277864       -2.91416646676236
H           -0.28191592874358       -0.13769298588949       -1.33198663077529
H           -0.57047276449985        0.28530146775257       -4.28171129490063
H            1.66196118780555        1.09548246659408        1.51540242895156
H            4.07798645302007        0.71102896979571        1.69637597788321
H            3.97210489296533       -1.63835568038058       -1.85924400779818
H            1.56914529600007       -1.16969741742940       -2.09581230843306
H            6.09798197635953       -1.35296822019395       -0.61234704905019
H            6.12451894145708       -0.41603866720774        0.88681976866682
H            5.69324274733603        1.67470746350807       -0.45637989154076
H            6.12512154392695       -0.01762873945033       -2.82691130146491
H            7.39115190376363        2.79700287744340       -1.69792691327698
H           -1.56271374003136        1.52982990959109       -0.42693725863520
H            1.13421659804928        2.80977332861999        0.23846038154108
H           -1.54192023778500        4.02665056305316       -0.35941866603388
H           -0.57314141374554        6.07143577310744        0.65199009481386
H            0.87485429797511        5.17710796269693        1.10588473316004
H            1.39298440201410        4.74700059943069       -1.26724849897798
H           -0.12963128433864        5.49213488469066       -1.75772552860953
H            1.75676340216479        7.07161742899542       -2.04190909981671
H            0.64462548037099        7.66942014697546       -0.80647124483960
H            2.16768467475220        6.91719329107182       -0.33247304397265
H           -1.82092773623990        3.27653063370174        4.86759020482696
H           -2.11545901033008        6.43479996969972        2.55867916702736
H           -4.59216993877607        3.79233896956050        4.88448677000305
H           -3.75017680127490        4.52921270395331        0.02093416554484
H           -6.43078600673861        4.41130653711155        3.34909377918851
H           -6.01076377074009        4.77080389441313        0.96613257195446
H            1.14167708422028        3.33123749295355        2.56672332241475
H            0.73868562404307        3.77871167062408        4.22881790267728
H            0.50793156547788        2.11571666331031        3.68213600796166
H            2.27293767909003        2.33614983889791       -2.59991933239360
H            0.83989490218267        2.71094995442666       -2.16467756878191
O           -2.45540869502094        7.17733423550618        2.05064748981722
H            0.50568076962033        0.87965544361848       -3.34283995986456
H           -3.26177818512936        6.86217435653624        1.63141686736744
N            5.73232862218481        0.73081618030593       -2.27557286063270
C            7.69504208893352        0.95729003649389       -0.87082311104012
O            8.45699563468017        0.10972395982323       -0.46119402046090
C            4.19360660204261        0.91154395833473       -4.11066769139073
C            4.60302297665403        1.32490708398753       -2.71769228672748
O            3.99300338662871        2.15237243884022       -2.06060630469282
H            3.75030904619305       -0.08373643127639       -4.06737355515364
H            5.05407763631333        0.88624241372114       -4.77726512956546
H            3.44751714638621        1.60371579971158       -4.49489348211661
N            8.08919621652259        2.14186226576916       -1.38150313296587
C            9.47590671075097        2.52529424066828       -1.48901357785751
H            9.67698172988652        3.41963473674973       -0.89632073796900
H            9.74461188364639        2.71808938983182       -2.52947647296698
H           10.07218179023878        1.69838319561036       -1.10751681472535
76
 energy: -110.272640052246 gnorm: 0.003017577820 xtb: 6.7.1pre (5071a88)
N            0.13656555132381        0.37682756345947       -0.55742744012471
C            1.47422649920969        0.08700068084358       -0.35860799148299
C            2.18125538486690        0.54801715586917        0.75333621124700
C            3.53339327445046        0.30590145857529        0.86694227410964
C            4.21298292489555       -0.43504137987669       -0.09194718085962
C            3.48065200064699       -1.00011778001230       -1.12894251847041
C            2.13153272047763       -0.74808650655756       -1.26402892056599
C            5.71193019383674       -0.46016338650720       -0.10710559775420
C            6.17626523407437        0.78152586616482       -0.89302791593103
C           -0.48331755391887        1.58427344722878       -0.28226232218463
C            0.07023028155969        2.73146246910136        0.11194914985550
C           -0.76148416811291        3.95137896061385        0.40800754987188
C            0.06614120931678        5.24536351148649        0.37412004814821
C            0.66021146154372        5.53116173983488       -1.00326175654020
C            1.34327424571562        6.89273960538579       -1.04408488746818
O           -0.02797275065879        0.09534518113182       -3.50755696459774
N           -1.96154365250822        3.49594003602644        3.89178684267790
C           -3.14510847622046        3.81031044409306        3.29195331110316
C           -2.87513578287020        4.02072227741860        1.91715211337295
C           -1.47175870100028        3.81321923823984        1.72774350377923
C           -4.42238265578705        3.94333692278910        3.81862859428931
C           -3.92446458274640        4.36922350195508        1.06540434351598
C           -0.95288082000389        3.49196413525924        2.95342878379722
C           -5.43761277726692        4.29015282953028        2.95246941279520
C           -5.19002962244433        4.49993245682187        1.59320529139625
C            0.43116833222248        3.15866161671957        3.38468344803322
O            1.36552852536729        2.39169191388322       -2.90734812343521
H           -0.27189830663930       -0.12563747036735       -1.33743434715940
H           -0.56487585881809        0.29878757580327       -4.27464497827797
H            1.66351587568951        1.10073806362687        1.51986164894496
H            4.07850823680386        0.71121249046832        1.70806629745400
H            3.97968544479971       -1.63114289739923       -1.85257533760066
H            1.57863086385585       -1.15638348994550       -2.09686921112604
H            6.10160385728383       -1.35746077826722       -0.59052384502222
H            6.12692170050916       -0.40559251221571        0.89940029895853
H            5.70593578766290        1.67295427302842       -0.46050042793815
H            6.11914223059437       -0.03613208016184       -2.82277626749443
H            7.40521804022534        2.78551937266065       -1.69736001868281
H           -1.55551584602548        1.54174582618565       -0.43762620953421
H            1.13664172226402        2.81959132904737        0.25036308101904
H           -1.54065339876626        4.03159635270045       -0.35934110692823
H           -0.58062825911518        6.07861785027095        0.65774311666452
H            0.86978725276456        5.18823364156887        1.11123053714219
H            1.38866392787618        4.76070209202316       -1.26295707554249
H           -0.13496725090737        5.50398936298556       -1.75231557726624
H            1.74385524878613        7.08963405699689       -2.03630244528034
H            0.63653797459503        7.68106750909656       -0.79354307745828
H            2.16318857389937        6.92999266641461       -0.32942466205477
H           -1.83965802279881        3.26538807449422        4.86314899092294
H           -2.13617301900286        6.42155055587741        2.56052064161077
H           -4.61194799050633        3.77951698904580        4.86936555420522
H           -3.74775852272811        4.53444395820265        0.01249645284770
H           -6.44400350194490        4.40128234816212        3.32732073279696
H           -6.01343648292403        4.76860398341250        0.94753799041611
H            1.13432656532507        3.33708836547003        2.57890444651794
H            0.71980106206406        3.76689752522823        4.24281099068709
H            0.49542487711212        2.10919441428263        3.67779889189870
H            2.28760944471241        2.34012603847536       -2.59393382970039
H            0.85471079117460        2.71067654814068       -2.15493374743760
O           -2.47248358031320        7.17697961332290        2.07088962190380
H            0.52390722892963        0.88617733597729       -3.34545530475288
H           -3.27668858963571        6.87338591639244        1.64373839258158
N            5.73242159442517        0.71622714133517       -2.27256499623812
C            7.70244374025640        0.94025975685174       -0.88068553480207
O            8.46210343697827        0.08682335720118       -0.47887822792461
C            4.19401883769626        0.91280249673867       -4.10774102574321
C            4.60951772842991        1.32181404924565       -2.71566257858116
O            4.00861038984486        2.15584760584109       -2.05791760612682
H            3.71730184862591       -0.06663748992855       -4.05812146097075
H            5.05467904280411        0.85463941135154       -4.77197114127830
H            3.47141783332464        1.62502466437552       -4.49900789436324
N            8.10146602798588        2.12189322679809       -1.39443739134558
C            9.48943375062300        2.49769145008450       -1.50838861389727
H            9.69741911195669        3.39362709140759       -0.92049555811451
H            9.75526550298202        2.68466682537699       -2.55081649889536
H           10.08330678119398        1.66923155288674       -1.12620094772281
76
 energy: -110.272677614848 gnorm: 0.003419598558 xtb: 6.7.1pre (5071a88)
N            0.14312904765052        0.38590599650731       -0.56007490154889
C            1.47964154324598        0.09423163768268       -0.35653784904307
C            2.18465142477144        0.55307526553571        0.75751348444447
C            3.53630594345289        0.30863438446502        0.87402376152022
C            4.21709459950928       -0.43240643293170       -0.08391014260456
C            3.48608996629471       -0.99601667447232       -1.12287309400859
C            2.13795562899034       -0.74152315033884       -1.26094231592296
C            5.71594771666093       -0.45959338160776       -0.09776487918890
C            6.18270073152928        0.77584958274551       -0.89264111926472
C           -0.47827568179255        1.59229937080493       -0.28502880009033
C            0.07201778800305        2.73910896946459        0.11509124195371
C           -0.76271706076225        3.95705396027632        0.40966126230616
C            0.06254926546179        5.25256663214180        0.37893002989459
C            0.65548474464358        5.54221484816487       -0.99826581939398
C            1.33643876157327        6.90495614961022       -1.03675851334370
O           -0.01076069371838        0.10132149170313       -3.51239503198238
N           -1.97556220527411        3.48933702852049        3.88756551396121
C           -3.15710393786003        3.80427107832946        3.28412630019149
C           -2.88188959724313        4.01995375568660        1.91118767484419
C           -1.47738204642692        3.81533901813869        1.72678810828950
C           -4.43651755878796        3.93462151504735        3.80630078276082
C           -3.92828354171863        4.37008519949353        1.05650765065428
C           -0.96304507462719        3.49043858756933        2.95343204412880
C           -5.44861578148503        4.28355380362956        2.93740866940298
C           -5.19595475844967        4.49778901041340        1.57975151849614
C            0.41961833863566        3.15713103366750        3.38904424852330
O            1.37582888099147        2.39624634171044       -2.89952719085731
H           -0.26315954764536       -0.11605622894188       -1.34172947223900
H           -0.55662521038052        0.31687570475049       -4.27023096197643
H            1.66643717930438        1.10612541907016        1.52356077296653
H            4.08011709466567        0.71212676630705        1.71696641541718
H            3.98549148156183       -1.62775353441217       -1.84566309118632
H            1.58622208273768       -1.14834171484368       -2.09528635163075
H            6.10520108133987       -1.36047175957466       -0.57457426572404
H            6.13037042799220       -0.39807287564150        0.90848162733375
H            5.71819619790313        1.67175894022567       -0.46332635154361
H            6.11411443932909       -0.05237078060518       -2.81744092363804
H            7.41980920256922        2.77420321748006       -1.69961955208888
H           -1.54969123446706        1.55025622697840       -0.44650591973856
H            1.13763130987923        2.82737934693271        0.25988593633729
H           -1.53981192568637        4.03654128209951       -0.35990139262961
H           -0.58533631708378        6.08419747879765        0.66454781207575
H            0.86664721377391        5.19511878585735        1.11539679768072
H            1.38489420242474        4.77331381119076       -1.25995404081382
H           -0.14005443557384        5.51533172382284       -1.74696261424163
H            1.73392199864911        7.10560276849553       -2.02937488254362
H            0.62925118844143        7.69137958396394       -0.78182953826720
H            2.15820666817070        6.94121629175048       -0.32435645417776
H           -1.85691799413507        3.25597257751062        4.85862577325128
H           -2.15023702713214        6.40616576456673        2.55808101391149
H           -4.63003079142676        3.76726340550207        4.85576397876377
H           -3.74762756573490        4.53897324205703        0.00485840757728
H           -6.45648281222246        4.39305540819063        3.30876514074988
H           -6.01712493198968        4.76770624331682        0.93174621770704
H            1.12684362233097        3.34518105739643        2.58883395208832
H            0.70161130773630        3.75802012356137        4.25457997613911
H            0.48520571314945        2.10497767063585        3.67251715222812
H            2.29875555555668        2.34379339151417       -2.58879365714434
H            0.86725960842905        2.71752090378781       -2.14702956910513
O           -2.48593537237036        7.17618667150510        2.08847002432376
H            0.53906297179074        0.89266701875142       -3.34405252980475
H           -3.29685912133640        6.89035928234911        1.65934668408160
N            5.73375373717610        0.70542737393172       -2.27021643780200
C            7.70952364119460        0.92568828786738       -0.88871832466505
O            8.46660888701881        0.06671767452402       -0.49370146035211
C            4.19485956282742        0.91220586192054       -4.10458691122129
C            4.61582888212344        1.31951283914367       -2.71414647099032
O            4.02235513537030        2.15917722628335       -2.05676780657802
H            3.69070198307304       -0.05246645038990       -4.04925026698997
H            5.05490757722028        0.82591505190722       -4.76602443667298
H            3.49300016493125        1.64082432956532       -4.50339666676499
N            8.11335922198300        2.10499584864879       -1.40378667648151
C            9.50287130882053        2.47279548574690       -1.52512627516204
H            9.71805155090106        3.36972752758029       -0.94132466478513
H            9.76502316646707        2.65442323052113       -2.56944622773721
H           10.09445247697295        1.64240747648866       -1.14291612217190
76
 energy: -110.272709424842 gnorm: 0.002985001774 xtb: 6.7.1pre (5071a88)
N            0.15073639102416        0.39291589224839       -0.56424608056693
C            1.48570060892883        0.09967104059752       -0.35447441182464
C            2.18872281694490        0.55721920701386        0.76123810439149
C            3.54003284573636        0.31093660176271        0.88050802601381
C            4.22238664146322       -0.43026902653465       -0.07621703308772
C            3.49249038645835       -0.99396689322123       -1.11615819822899
C            2.14528154242311       -0.73770001681754       -1.25698502320237
C            5.72113652559348       -0.45823951097859       -0.08971884926539
C            6.18883597084743        0.77127594647871       -0.89339819984246
C           -0.47447218185397        1.59696337063023       -0.28925220802827
C            0.07140475614232        2.74397741080214        0.11626291570755
C           -0.76563347558433        3.96050983255417        0.40901008743962
C            0.05920590543310        5.25644669892446        0.38309005440595
C            0.65149938035801        5.55198973943749       -0.99326378057674
C            1.33098212892162        6.91571120923144       -1.02631898910097
O            0.00461223061870        0.11003963895632       -3.51694353332058
N           -1.98909388536428        3.48187417551006        3.88132190803326
C           -3.16906474511678        3.79758445616749        3.27552322484549
C           -2.89035274420732        4.01762404324222        1.90416350106374
C           -1.48501543192625        3.81569048397075        1.72340914879387
C           -4.44944478344302        3.92697555860145        3.79534384703739
C           -3.93501510295278        4.37018956009560        1.04834734161759
C           -0.97385126718072        3.48809866165574        2.95062335183455
C           -5.45928951957269        4.27954599103909        2.92555981959365
C           -5.20353243593688        4.49721428773761        1.56914027712075
C            0.40825487133914        3.15744900589329        3.38943541925839
O            1.38296350052879        2.40186486567150       -2.88877071325163
H           -0.25348185257072       -0.11067447611344       -1.34592300705166
H           -0.54637236970575        0.34368131677533       -4.26635082043480
H            1.67036604905966        1.11083098304549        1.52695172237198
H            4.08235408693420        0.71325619302698        1.72513280391595
H            3.99203679352745       -1.62723437706675       -1.83749972217637
H            1.59472892252664       -1.14441825720946       -2.09210060638911
H            6.11018416865026       -1.36214175752014       -0.56036995142176
H            6.13593354078706       -0.38962539803812        0.91568181110705
H            5.72976954881661        1.67104315758622       -0.46734375690603
H            6.10586580939102       -0.07085161341282       -2.81054636743938
H            7.43478099908585        2.76342250032510       -1.70600654357591
H           -1.54479200478208        1.55372852294565       -0.45743209489262
H            1.13612338767502        2.83217105034811        0.26716109816641
H           -1.54015017162085        4.04068127630764       -0.36312028201421
H           -0.58827331513487        6.08697781606520        0.67245594525981
H            0.86391024651764        5.19589766104827        1.11848096580397
H            1.38197636349347        4.78514642002169       -1.25798878193691
H           -0.14401435114390        5.52724981804879       -1.74197774622000
H            1.72940020705083        7.12018304730512       -2.01739919391206
H            0.62288843640403        7.70035245509652       -0.76959958109099
H            2.15157442368428        6.95037145569150       -0.31298396760135
H           -1.87216449584841        3.24751939547942        4.85220328507313
H           -2.16347394668017        6.39894330164682        2.55858139307610
H           -4.64509467133030        3.75650146052144        4.84377053015836
H           -3.75245791493685        4.54166278616905       -0.00239389623679
H           -6.46761010462026        4.38961920703832        3.29520580847993
H           -6.02310063719280        4.76965776373270        0.92022800267864
H            1.11803532028756        3.35312202576435        2.59366737356035
H            0.68405719731722        3.75394772100809        4.25946463389205
H            0.47732761532970        2.10411302938661        3.66662119879722
H            2.30673370676423        2.34661457340748       -2.58136288467059
H            0.87761062578597        2.73015696979109       -2.13786837191052
O           -2.49490357137538        7.17417672765862        2.10000641258090
H            0.55570273103252        0.89904094315969       -3.33950840736824
H           -3.30726467970745        6.90086245344225        1.66690012468799
N            5.73485688659442        0.69586613828780       -2.26907308561058
C            7.71578622263243        0.91344785710770       -0.89638273781622
O            8.46981915948449        0.05010565217425       -0.50573215685057
C            4.19407629879632        0.91079327275913       -4.10124784130763
C            4.62131584519625        1.31736553743092       -2.71317353746557
O            4.03624923237117        2.16386299039126       -2.05738350194515
H            3.67129505201095       -0.04035050059443       -4.04288202005137
H            5.05009365676307        0.80553262831122       -4.76126778111705
H            3.50824114863514        1.64894882191559       -4.50422953267717
N            8.12442781258592        2.09050739679021       -1.41224112435911
C            9.51527398876386        2.45104628212293       -1.53807414803961
H            9.73508508188644        3.34915274720631       -0.95847920071731
H            9.77587037609862        2.62674681225083       -2.58338336984270
H           10.10392221498625        1.61939598073644       -1.15341709553497
76
 energy: -110.272726272579 gnorm: 0.006275077167 xtb: 6.7.1pre (5071a88)
N            0.16206262961715        0.40705940146642       -0.56743528078341
C            1.49501234825404        0.11129276156523       -0.35079702960006
C            2.19719452681798        0.56932793414993        0.76513740162589
C            3.54785633616827        0.31947446261649        0.88736545345864
C            4.23040501622435       -0.42543697719808       -0.06636597693402
C            3.50038544873121       -0.99078611903719       -1.10548465296997
C            2.15436302669343       -0.73108753735795       -1.24933680679196
C            5.72910536020063       -0.45836618342233       -0.07904312737539
C            6.20235820364433        0.76193516247316       -0.89363147443645
C           -0.46763209877447        1.60841154541124       -0.29208090022707
C            0.07244184234399        2.75563432061060        0.12062674380421
C           -0.76963745015706        3.96939669424519        0.41090118748995
C            0.05261544869569        5.26727387595820        0.39241095881133
C            0.64314764898757        5.57136718026395       -0.98299752844221
C            1.31937407560805        6.93699186322762       -1.01033936525501
O            0.02952244714579        0.12890515599715       -3.52048887910220
N           -2.01482955542157        3.47127487225082        3.87297785825669
C           -3.19155244726505        3.78754939186753        3.26117935171829
C           -2.90442436300172        4.01602356899796        1.89289294125961
C           -1.49726466186755        3.81869826550067        1.72029885302625
C           -4.47559617511619        3.91102240645210        3.77388503213103
C           -3.94453550087861        4.37153589771917        1.03258111845350
C           -0.99335068333527        3.48600887766798        2.94931358182649
C           -5.48052656304599        4.26723984842665        2.89994277521078
C           -5.21649458789018        4.49351396870877        1.54630386881051
C            0.38700238790887        3.15776443287143        3.39506504543254
O            1.40108891972814        2.41710446437053       -2.87609616387217
H           -0.23985535680825       -0.09799326426085       -1.34925119750517
H           -0.52134525236439        0.37513818374201       -4.26568644328573
H            1.67963054120479        1.12573660299206        1.52951851410621
H            4.08914906088651        0.72201136760389        1.73264906097026
H            3.99900568513006       -1.62844168077947       -1.82361366926079
H            1.60406433181858       -1.13962848326860       -2.08369391636570
H            6.11522055943675       -1.36791541194859       -0.54122537402638
H            6.14369912016864       -0.38179135531148        0.92580095834454
H            5.75461515358069        1.66880561672856       -0.47090977917745
H            6.09988351277886       -0.09518494533615       -2.80215213197887
H            7.46341480071011        2.74284339777650       -1.71401717248471
H           -1.53653638420331        1.56313779250824       -0.46842032932406
H            1.13574451115004        2.84596632828914        0.27973541970703
H           -1.53966294228192        4.04956570850183       -0.36578495876420
H           -0.59613103354037        6.09510893271599        0.68670044222645
H            0.85803196456594        5.20403281112543        1.12678431936552
H            1.37533407228645        4.80771355621152       -1.25222829060551
H           -0.15303923530584        5.54843391717812       -1.73098105917030
H            1.71634253318302        7.14670739328517       -2.00082783525899
H            0.60968602976166        7.71872241938311       -0.74956883754326
H            2.14049555119629        6.97033817015157       -0.29769486034591
H           -1.90316566421929        3.23365900116775        4.84372787617232
H           -2.18731163144180        6.37848456266972        2.55444346997297
H           -4.67749211597709        3.73355014400055        4.82002934158717
H           -3.75591825602800        4.54966050904011       -0.01603379573295
H           -6.49135224244245        4.37363947763305        3.26407868734849
H           -6.03242232657467        4.76880140156590        0.89392851295906
H            1.10322586449478        3.37295332561906        2.60908036788413
H            0.65016327812993        3.74116436510984        4.27869970655918
H            0.46142918629186        2.09957406249783        3.65417198396875
H            2.32658691685553        2.35870164958899       -2.57497306439927
H            0.90051603789778        2.74821482305475       -2.12345624333983
O           -2.52053085652362        7.17355216487601        2.12839733577227
H            0.58224726599324        0.91527249374094       -3.33500308711701
H           -3.34252149847966        6.92502411944482        1.69680748976578
N            5.74103547466945        0.68206056785432       -2.26689033344814
C            7.73091170441340        0.88873463862344       -0.90829552880907
O            8.47919375844012        0.01583236395665       -0.52730666091661
C            4.19506636649183        0.90525056851660       -4.09404269828084
C            4.63352140785899        1.31408219635976       -2.71032336756863
O            4.05986939843570        2.17069835097639       -2.05740477058688
H            3.61848535323380       -0.02052564034830       -4.02144913857776
H            5.05337776551493        0.74325616040853       -4.74838878767748
H            3.54802643737026        1.67520972776164       -4.51368232479759
N            8.14741381794086        2.06330903717087       -1.42321120907319
C            9.54190931928895        2.40715175711597       -1.56451634273257
H            9.77715432888253        3.30497251329565       -0.99029471116238
H            9.79421416303687        2.57525858850823       -2.61297929229998
H           10.12452794297537        1.57002047673704       -1.18203126073536
76
 energy: -110.272769224438 gnorm: 0.003872541294 xtb: 6.7.1pre (5071a88)
N            0.15967315650637        0.40225417127831       -0.56608174566640
C            1.49317339989369        0.10786982380369       -0.35179796397621
C            2.19683078628159        0.56848600386764        0.76220823852982
C            3.54773762689288        0.31992472707841        0.88294749250996
C            4.22933698270495       -0.42627486477830       -0.07039189220983
C            3.49832396042316       -0.99364420799925       -1.10756691195528
C            2.15171016633706       -0.73538818765879       -1.24987281679088
C            5.72808551534951       -0.45862130801409       -0.08387589537723
C            6.20060767895371        0.76413733840243       -0.89427251461735
C           -0.47038593252386        1.60363489924140       -0.29112013755850
C            0.07063247556979        2.75143795920737        0.11831634323813
C           -0.77037229831869        3.96611173551016        0.40910349523312
C            0.05330337806851        5.26312921604932        0.39068058298508
C            0.64499889731710        5.56704451322582       -0.98407272445575
C            1.32233202883122        6.93208588486849       -1.01041025246177
O            0.02398859323369        0.13038655825889       -3.51853229603066
N           -2.00981562772111        3.47387010627423        3.87352972885441
C           -3.18752399782445        3.78997287925579        3.26352772909174
C           -2.90305580593527        4.01589751904404        1.89432975631944
C           -1.49651801974269        3.81691967308054        1.71925861902497
C           -4.47043769052951        3.91464828587372        3.77865560637711
C           -3.94467551320833        4.37111162564857        1.03572360090213
C           -0.99029443208922        3.48623394977530        2.94782906852203
C           -5.47698436894999        4.27035165667752        2.90633957969086
C           -5.21551165521708        4.49490800869982        1.55198940069484
C            0.39095117852496        3.15908229894926        3.39162695545042
O            1.39859777183412        2.41994247480822       -2.87909357873003
H           -0.24324005875136       -0.10412413651244       -1.34623987637760
H           -0.52225263947081        0.36872244347766       -4.26830277140345
H            1.67973219723082        1.12552735805065        1.52632970190657
H            4.08977557789460        0.72459162010672        1.72660322028214
H            3.99663014227544       -1.63184499684164       -1.82535598169292
H            1.60059048572764       -1.14601401220655       -2.08271910084260
H            6.11389323839385       -1.36702751967340       -0.54869987592139
H            6.14307925859744       -0.38511208144081        0.92108646900311
H            5.75070669648796        1.66923394124965       -0.47008134351369
H            6.10152726414204       -0.08833490478598       -2.80460889086190
H            7.45851157659673        2.74732570441489       -1.71478802838243
H           -1.53947704958395        1.55692116019332       -0.46465626455407
H            1.13417533353443        2.84250197153567        0.27452348854253
H           -1.54066184767281        4.04704203330726       -0.36716327925259
H           -0.59485530820662        6.09153053314954        0.68489041004822
H            0.85821544311749        5.19903584833336        1.12570176940516
H            1.37677289801118        4.80294970907952       -1.25297470356908
H           -0.15066250155095        5.54492552849575       -1.73261310033414
H            1.72315633819795        7.14030216308288       -1.99979157821766
H            0.61218463740589        7.71467856072769       -0.75310517425054
H            2.14093676612976        6.96560494786070       -0.29461071454168
H           -1.89653449076780        3.23805775393031        4.84456499963805
H           -2.18007624583131        6.38065342924702        2.55282462487425
H           -4.67015570343968        3.73855415641218        4.82537846056894
H           -3.75818919202949        4.54771058807290       -0.01350677927568
H           -6.48703317538688        4.37761741363773        3.27238097867344
H           -6.03254368758792        4.77022242919578        0.90104659682505
H            1.10469935351753        3.36988901900898        2.60309369660978
H            0.65691420836955        3.74651123287501        4.27112450188773
H            0.46588415932278        2.10263966334738        3.65581753538292
H            2.32358202189631        2.36201570585897       -2.57693684069499
H            0.89639928477266        2.74637260783468       -2.12492056662240
O           -2.51539153909827        7.17530894714645        2.12372824880678
H            0.57617356385802        0.91727140657599       -3.33551110865252
H           -3.33097930885116        6.91951543772452        1.68705239527838
N            5.74118071078050        0.68691816000511       -2.26835733941264
C            7.72903406615553        0.89468033189733       -0.90472635130296
O            8.47789851987799        0.02422650081869       -0.51985717993026
C            4.19345969500213        0.90397148563023       -4.09450759007794
C            4.63041350407588        1.31395622039011       -2.71017702718130
O            4.05366070629439        2.16809869508241       -2.05712640660121
H            3.63398828859834       -0.02763023603413       -4.02500354791303
H            5.04938389041540        0.75763305732596       -4.74998137209766
H            3.53610397814259        1.66314182934463       -4.50996121567416
N            8.14346576363550        2.07047428444512       -1.41862172262698
C            9.53740417175650        2.41682051767261       -1.55661338646712
H            9.77008294224351        3.31406762559439       -0.98079435961265
H            9.79173098544154        2.58704527006049       -2.60414384849846
H           10.11999682556681        1.58030785490502       -1.17366723908573
76
 energy: -110.272801909622 gnorm: 0.001457504568 xtb: 6.7.1pre (5071a88)
N            0.16260871719000        0.40360643059035       -0.56578188666379
C            1.49612086959637        0.11006529855383       -0.35141069719735
C            2.20097078209216        0.57425075738071        0.76042718894089
C            3.55178597834106        0.32531033272992        0.88121416059455
C            4.23221636655497       -0.42476078835183       -0.06979871286427
C            3.50027444256241       -0.99492431896722       -1.10477987635954
C            2.15362977068021       -0.73644090590691       -1.24709839818320
C            5.73091742503109       -0.45898160236635       -0.08347789807872
C            6.20513994847900        0.76141795137863       -0.89600951377666
C           -0.46987896851829        1.60392894531371       -0.29200766095577
C            0.06900933572743        2.75285799275966        0.11704804612137
C           -0.77388114601491        3.96670832315475        0.40700824029151
C            0.04909057067805        5.26426663110318        0.39252023061031
C            0.64336273813883        5.57193919205853       -0.98012206189574
C            1.32059511043958        6.93706917623272       -1.00091757799628
O            0.03300684736239        0.13977088098903       -3.51878841007439
N           -2.01634665404732        3.47149687324884        3.86948380161197
C           -3.19379354721818        3.78775983303495        3.25908012281580
C           -2.90876035515193        4.01468059423385        1.89012493696257
C           -1.50211609900083        3.81602913964384        1.71569452186484
C           -4.47680932124782        3.91176955727113        3.77393399991749
C           -3.95013986051140        4.37094396486711        1.03164725814477
C           -0.99638388799161        3.48506213976833        2.94438885983230
C           -5.48310009647857        4.26853389079195        2.90174438132541
C           -5.22109163147918        4.49463557782108        1.54780259745881
C            0.38507800150970        3.15986295425171        3.38904706793330
O            1.40616957900457        2.43134478234808       -2.87625094191479
H           -0.23992921982815       -0.10501000173790       -1.34437946941015
H           -0.51350996122766        0.37650081483405       -4.26895772866044
H            1.68475636641140        1.13407677534120        1.52302463521568
H            4.09444263499704        0.73290114362326        1.72297232078933
H            3.99799286755742       -1.63554899481787       -1.82076399561600
H            1.60185980751205       -1.14943360435264       -2.07842910612799
H            6.11523081071533       -1.36917464433795       -0.54637199841499
H            6.14620603593567       -0.38416077256423        0.92143278061051
H            5.75769041205737        1.66820194191489       -0.47254387799143
H            6.09883068016807       -0.09425247696618       -2.80474338869854
H            7.46701416962642        2.74221049128923       -1.71959114034924
H           -1.53860709408987        1.55480206359422       -0.46643229042085
H            1.13218069204026        2.84611607727625        0.27409932515734
H           -1.54234265332418        4.04791887627173       -0.37099901166214
H           -0.59997734813983        6.09163243300971        0.68787157888161
H            0.85270683789415        5.19893967269198        1.12898945409284
H            1.37563483287197        4.80864430926655       -1.24986197814007
H           -0.15076578354404        5.55187296494204       -1.73031849242624
H            1.72692052773055        7.14672659253549       -1.98782259766824
H            0.60895440078302        7.71930523791000       -0.74638515720678
H            2.13525564233129        6.96980373267527       -0.28046097873119
H           -1.90349727036390        3.23586204960238        4.84063997702443
H           -2.18923458597606        6.37484256870913        2.55509873632286
H           -4.67661797588054        3.73447630373944        4.82038823533423
H           -3.76344694267370        4.54868590838714       -0.01733307296595
H           -6.49325260046960        4.37544061439407        3.26757569824253
H           -6.03790755203648        4.77100830949226        0.89704854918147
H            1.09899054976248        3.37449707472414        2.60201556556970
H            0.64849652458137        3.74592246746640        4.27005921821887
H            0.46243289580247        2.10314896450444        3.65081450273016
H            2.33077906710651        2.37137930553271       -2.57377917196278
H            0.90292216619493        2.74923176866229       -2.11865940684216
O           -2.51375949778499        7.17154017783326        2.12702974960285
H            0.58351477156633        0.92726233845104       -3.33407879308245
H           -3.33097981301807        6.92391040948144        1.68671606496850
N            5.74332005690859        0.68353740634177       -2.26937499637981
C            7.73404375207743        0.88898421120509       -0.90749288997636
O            8.48085700709094        0.01725870454989       -0.52187123764296
C            4.19041467658185        0.90055983018275       -4.09169176775128
C            4.63193745969401        1.31139487243947       -2.70869862152154
O            4.05884589938911        2.16822112203829       -2.05573137536843
H            3.62405147001240       -0.02588483501995       -4.01819754827930
H            5.04375745908878        0.74516969027589       -4.74728380207452
H            3.53926069561598        1.66280794590646       -4.50861209813365
N            8.15061921039371        2.06409054332515       -1.42146471008596
C            9.54505084557124        2.40694803894168       -1.55877513205653
H            9.77975292514916        3.30367450805098       -0.98327124842121
H            9.80057091313437        2.57657010076766       -2.60602754140050
H           10.12485831817555        1.56918336371975       -1.17509354505560
76
 energy: -110.272870051735 gnorm: 0.004387184482 xtb: 6.7.1pre (5071a88)
N            0.17731268674994        0.41628853437723       -0.56632589812769
C            1.50972002283593        0.12352850367722       -0.34803888305055
C            2.21822686747153        0.59983576122756        0.75662995779398
C            3.56844926967318        0.34811967823866        0.87901327967995
C            4.24526802034246       -0.41673068697735       -0.06261765579764
C            3.51002009151771       -0.99748034260554       -1.08947509040391
C            2.16390203106645       -0.73672507049473       -1.23331448032389
C            5.74384172489694       -0.46020507725853       -0.07547874377476
C            6.22806084808513        0.74808437061027       -0.89922904585040
C           -0.46434810587275        1.61229806907577       -0.29507696102214
C            0.06498808382595        2.76480877562960        0.11661278610599
C           -0.78687178931230        3.97408053209409        0.40304144245135
C            0.03196162315185        5.27458836399231        0.40492351531394
C            0.63201422052678        5.59956589362850       -0.96102774265483
C            1.30681188088474        6.96619507239522       -0.96122291219138
O            0.07897162229372        0.18262296022964       -3.52342502418092
N           -2.05363302395798        3.45830785702110        3.85285442319329
C           -3.22795452047762        3.77517751632766        3.23657302399690
C           -2.93497882605358        4.01022368031817        1.87040143122336
C           -1.52676291050221        3.81512268182509        1.70400696802577
C           -4.51428880409471        3.89263316625366        3.74473716115331
C           -3.97193228934235        4.37157650108035        1.00844303794962
C           -1.02785183153180        3.48014147941382        2.93458103885572
C           -5.51606331777146        4.25414419896593        2.86916950954238
C           -5.24598629481613        4.49096787070826        1.51852731848960
C            0.35293018329246        3.16145991066954        3.38633500796003
O            1.44225983224338        2.47637591693784       -2.85922985705449
H           -0.22311470560446       -0.09826204929248       -1.34167535454900
H           -0.46715639603757        0.42025741145668       -4.27317928307141
H            1.70523552536596        1.17019008190901        1.51348013700289
H            4.11260974750205        0.76542287599890        1.71494739217172
H            4.00491612970760       -1.64907786224608       -1.79756193862313
H            1.61007228092916       -1.15928786354765       -2.05869070729148
H            6.12198260519493       -1.37811480969861       -0.52876919273851
H            6.15884501291573       -0.37877696706773        0.92933407003744
H            5.79625579573427        1.66437082609522       -0.47903683162798
H            6.09056064629575       -0.12413496540385       -2.79828048946938
H            7.51157119723364        2.71061545640989       -1.73969052922713
H           -1.53147360794221        1.55489900764424       -0.47564411963231
H            1.12636080095545        2.86635620402948        0.28013358279413
H           -1.54696646864002        4.05598612815467       -0.38307537286054
H           -0.62059145716898        6.09697437193662        0.70709268218441
H            0.83249811349244        5.20395954608317        1.14459241932955
H            1.36675278840954        4.84082223822094       -1.23684895320270
H           -0.15835112876170        5.58710516699337       -1.71546365779668
H            1.72835139533032        7.18402804961252       -1.94050135356632
H            0.58959034797269        7.74533985889106       -0.71176868624424
H            2.11035746415196        6.99518827131167       -0.22746773532545
H           -1.94641033051808        3.22113310091184        4.82440785892705
H           -2.22722213907626        6.34112968903992        2.55163114411292
H           -4.71946810080301        3.70733207853986        4.78881288437852
H           -3.77958202448573        4.55751858580065       -0.03824468685808
H           -6.52867749764597        4.35661241053270        3.22979536864162
H           -6.05926300571675        4.77232346520562        0.86535046719474
H            1.07139257385109        3.39971435077919        2.61033785581590
H            0.60104436438091        3.73448009180659        4.28047450694143
H            0.44052455742202        2.10098813108288        3.62910040690634
H            2.36850748376034        2.41299094531394       -2.56310934927565
H            0.94063987481508        2.77265912804492       -2.09054468590130
O           -2.53568868385660        7.16502752062517        2.16137371390946
H            0.62151266102397        0.97257626943261       -3.32666941610078
H           -3.35329505377845        6.94921270577649        1.70521133156546
N            5.75524568766399        0.66664618260946       -2.26913841874831
C            7.75972036935862        0.85556158090035       -0.92181909992826
O            8.49698689936952       -0.02726083579273       -0.54240723344324
C            4.18310292568371        0.88477541513135       -4.07656109467018
C            4.64635437457898        1.30374277964747       -2.70189522129118
O            4.09095519867296        2.17513557874364       -2.05197810187447
H            3.56453454164730       -0.00805822850985       -3.97985414097647
H            5.02732052548684        0.66507303243546       -4.72837621068835
H            3.57565970755407        1.67400514822532       -4.51123981730454
N            8.18782411848860        2.02702449843714       -1.43458666792048
C            9.58662323826941        2.34727863885846       -1.58527097877605
H            9.84059393965864        3.24268282094766       -1.01540029622965
H            9.83739631751778        2.50883725488863       -2.63526429593413
H           10.15529409441626        1.50199056576351       -1.20244950819006
76
 energy: -110.272901732929 gnorm: 0.002978291267 xtb: 6.7.1pre (5071a88)
N            0.18116019823470        0.42063770095363       -0.56629887021663
C            1.51354181187378        0.12811997199162       -0.34717962936629
C            2.22300368780123        0.60792656593677        0.75531652519865
C            3.57303390264631        0.35531221024248        0.87830398156306
C            4.24883187670625       -0.41422910937540       -0.06017100266994
C            3.51267703409359       -0.99784577449616       -1.08470156033046
C            2.16690188980441       -0.73598962153365       -1.22929931064270
C            5.74735608118897       -0.46067086351426       -0.07200673970981
C            6.23489204789854        0.74409778800480       -0.89927337003694
C           -0.46220404525992        1.61589413817646       -0.29557248041754
C            0.06419256965721        2.76960787071368        0.11663796158378
C           -0.79074051112166        3.97677448206464        0.40229526545523
C            0.02569328053064        5.27865263490369        0.40874587804002
C            0.62796996138679        5.60865949705172       -0.95497392186005
C            1.30203548248659        6.97554208659966       -0.94835410456231
O            0.09542766487475        0.19583637222725       -3.52560348322710
N           -2.06537955905560        3.45430794771158        3.84823550081380
C           -3.23857054023126        3.77133777720930        3.22982968693109
C           -2.94272808625930        4.00868932442306        1.86456307416396
C           -1.53394936358079        3.81478094978822        1.70106301547601
C           -4.52611826664417        3.88729266532121        3.73522073555324
C           -3.97789923198887        4.37130701084040        1.00098372439792
C           -1.03756526092445        3.47829312949393        2.93227789154713
C           -5.52610491215748        4.24971593666772        2.85798545500197
C           -5.25310634640975        4.48914253964805        1.50842057287796
C            0.34261148118325        3.16007094227293        3.38622005787930
O            1.45361391005314        2.48805380136556       -2.85252830482460
H           -0.21868437737255       -0.09426856893926       -1.34196388173574
H           -0.45073859728758        0.43519852045212       -4.27532868181195
H            1.71095846762917        1.18168457261686        1.51015032749070
H            4.11796530735332        0.77537529833414        1.71235485697388
H            4.00646032673884       -1.65281013122050       -1.79046050990772
H            1.61255873468663       -1.16084017965214       -2.05306307725509
H            6.12412673997740       -1.38012500719071       -0.52288246229075
H            6.16167968032263       -0.37773629679256        0.93286688901193
H            5.80772036909141        1.66302783057215       -0.48041252331613
H            6.08954344177357       -0.13270932924463       -2.79562748973378
H            7.52518208593472        2.69859146800276       -1.74550969519266
H           -1.52923305638643        1.55687059554579       -0.47676011477171
H            1.12518941015307        2.87356402453445        0.28121110252124
H           -1.54873503738489        4.05845390002469       -0.38582888472632
H           -0.62857183715163        6.09920530185436        0.71188907340301
H            0.82504176345255        5.20745433275455        1.14949137679615
H            1.36358336619947        4.85131405118175       -1.23231970630089
H           -0.16086561623740        5.59863674760887       -1.71107715631700
H            1.72757225042175        7.19667383389063       -1.92501157262561
H            0.58356110802390        7.75361898445739       -0.69947336271257
H            2.10239506748304        7.00252377333627       -0.21126807201429
H           -1.96033083857990        3.21622220049109        4.81977514907754
H           -2.23720665603896        6.33298887216342        2.54956359552994
H           -4.73358420423149        3.70033466559953        4.77859141233110
H           -3.78317519634936        4.55938177762515       -0.04488966432615
H           -6.53959125783642        4.35099716769174        3.21644862413041
H           -6.06504077132803        4.77148480524977        0.85396566715223
H            1.06272929589885        3.40434615602609        2.61360785750796
H            0.58684421105959        3.72873549544416        4.28425617228819
H            0.43184801361564        2.09845120807780        3.62332450122137
H            2.38106894740955        2.42411118780231       -2.55908815562428
H            0.95400120210203        2.78150564128102       -2.08225804045784
O           -2.54257468213936        7.16087361626622        2.16876486064631
H            0.63563524933811        0.98649948734589       -3.32547286970965
H           -3.36187621640121        6.95407317900656        1.71232788668917
N            5.75891889863694        0.66101295237917       -2.26787466473793
C            7.76694798845396        0.84476766655184       -0.92584721735850
O            8.50152642740821       -0.04141352274403       -0.54883999129853
C            4.18134294539419        0.88050937649310       -4.07094416613072
C            4.65171716869718        1.30199688191450       -2.69992125177911
O            4.10250221208555        2.17782586838978       -2.05091352432862
H            3.54812271380367       -0.00120671032494       -3.96656861145452
H            5.02103930608310        0.64230215604783       -4.72141567541169
H            3.58625757469397        1.67643324047793       -4.51166552844684
N            8.19941835025142        2.01412528821326       -1.43940570138544
C            9.59933085615148        2.32794797538433       -1.59503939363037
H            9.85886184780151        3.22349375991913       -1.02762346878271
H            9.84791258522192        2.48622851267317       -2.64636596892038
H           10.16606767449145        1.48094939776678       -1.21260481701706
76
 energy: -110.272956918227 gnorm: 0.003119602875 xtb: 6.7.1pre (5071a88)
N            0.18850892003986        0.43049774142673       -0.56567545636339
C            1.52131476698138        0.13892823938893       -0.34585439087158
C            2.23239824033349        0.62517726645034        0.75257611229738
C            3.58190393054774        0.37018343870794        0.87695075210478
C            4.25550441592642       -0.40887235314558       -0.05515838642155
C            3.51774456685823       -0.99718196200991       -1.07566701548319
C            2.17286272030307       -0.73215714101119       -1.22226334562809
C            5.75388094970471       -0.46182181329829       -0.06456154501299
C            6.24825756181101        0.73565572129227       -0.89952063602241
C           -0.45701973139924        1.62484097385406       -0.29608877749446
C            0.06359941208550        2.78094452429939        0.11683986790011
C           -0.79828219298357        3.98305339857383        0.40120607232579
C            0.01159823553575        5.28865502778094        0.41634210956550
C            0.61975018791592        5.62771045622025       -0.94247480916978
C            1.29251745271316        6.99485884821164       -0.92226849197900
O            0.13114923276204        0.22038115999270       -3.53096418765200
N           -2.08859552187099        3.44653321733803        3.83945210725754
C           -3.25931535429027        3.76404248555818        3.21661953102229
C           -2.95741179159679        4.00577775999125        1.85330560663868
C           -1.54755145075629        3.81415833285515        1.69584168699199
C           -4.54938567931634        3.87762133992055        3.71585636512352
C           -3.98865416162189        4.36995012354585        0.98583327891459
C           -1.05658380791201        3.47426264573954        2.92827200953467
C           -5.54547298229435        4.24109261122020        2.83467746517472
C           -5.26637824914882        4.48448793290262        1.48720899690202
C            0.32169082116428        3.15446094709384        3.38680278604133
O            1.47776091161101        2.51034440874408       -2.83973844594723
H           -0.20984848229398       -0.08382325829565       -1.34289596796369
H           -0.41686365197731        0.46468710058418       -4.27905963097718
H            1.72218151100352        1.20559507475398        1.50333905688632
H            4.12864372905107        0.79521841088478        1.70723624897870
H            4.00920272450845       -1.65856772483047       -1.77700173491618
H            1.61748901988381       -1.16048665848577       -2.04336124216886
H            6.12759472011452       -1.38501886775238       -0.50991153469430
H            6.16664405287918       -0.37505680635193        0.94048125906168
H            5.83011934830007        1.65990330395710       -0.48389684789207
H            6.08869559187451       -0.14880898893710       -2.79176279325069
H            7.55158421168621        2.67409793358148       -1.75537650855243
H           -1.52418232017996        1.56351070244649       -0.47724352510793
H            1.12391077258736        2.89007070089537        0.28282573414964
H           -1.55267274377053        4.06343043763554       -0.39043034757954
H           -0.64787963527197        6.10495826146441        0.71899960120235
H            0.80750629192049        5.21854280368521        1.16060545404633
H            1.35728536197717        4.87293805687363       -1.22159048827861
H           -0.16523573189089        5.62206262809303       -1.70257619455400
H            1.72491637109808        7.22312644811022       -1.89375654253729
H            0.57194705490439        7.77068216099163       -0.67331963866942
H            2.08705866202737        7.01724060674892       -0.17942686355345
H           -1.98826065287896        3.20559189118495        4.81070324528657
H           -2.25639136875348        6.31024681192185        2.54271697746411
H           -4.76193540317219        3.68834796893996        4.75781447339389
H           -3.78864001370695        4.56150534545545       -0.05830540577294
H           -6.56074771293187        4.34026022867286        3.18835432438617
H           -6.07548248674323        4.76762467663211        0.82960637362444
H            1.04552581648172        3.40845815543571        2.62097947801084
H            0.55959973899493        3.71411226965805        4.29201559834511
H            0.41197402432659        2.09067472754488        3.61310307807100
H            2.40708896567958        2.44296482350657       -2.55022536862267
H            0.98162161481137        2.79562915884287       -2.06547024874190
O           -2.55504385286858        7.15129172281517        2.18478543187294
H            0.66751508460983        1.01210009465778       -3.32460747120331
H           -3.37982444660932        6.96752949217948        1.72604339708228
N            5.76597697155082        0.64911895923130       -2.26528348199425
C            7.78045971399033        0.82211057703515       -0.93408911076221
O            8.50929155361175       -0.07025949515933       -0.56065117579601
C            4.17743858416982        0.87314568322683       -4.05922593714116
C            4.66288952332055        1.29892349034601       -2.69612629895883
O            4.12671879805856        2.18313322421628       -2.04779884165547
H            3.51737260266257        0.01410620378799       -3.93929151930440
H            5.00573081285981        0.59898918237843       -4.70894271040522
H            3.60428050638509        1.67793918108170       -4.50954370200381
N            8.22228448889224        1.98629915706008       -1.45136530934425
C            9.62354441469357        2.28847944407157       -1.61520600058698
H            9.89208084106902        3.18449682781603       -1.05297857129524
H            9.86806341949841        2.44042150346532       -2.66870493916324
H           10.18698020036585        1.43887103632293       -1.23273303828978
76
 energy: -110.272995320071 gnorm: 0.003315048331 xtb: 6.7.1pre (5071a88)
N            0.19523916645815        0.44070923196938       -0.56458507449286
C            1.52844117907275        0.15014880347290       -0.34456868791516
C            2.24116713673991        0.64220407468877        0.75010911207524
C            3.59007243319468        0.38454803377084        0.87560942956541
C            4.26130868426960       -0.40343379684126       -0.05072712817964
C            3.52185857312938       -0.99586988865564       -1.06750779720912
C            2.17782613331671       -0.72746220607538       -1.21594102059383
C            5.75952609774457       -0.46308919013865       -0.05789898250908
C            6.26077900260951        0.72756891780835       -0.89910649299947
C           -0.45190504249090        1.63426565386801       -0.29537907530796
C            0.06383913905954        2.79237826189027        0.11773317234581
C           -0.80470282697739        3.98955092180296        0.40140408594433
C           -0.00143817768277        5.29896137937345        0.42453454060468
C            0.61168167764124        5.64599616915410       -0.93002871485346
C            1.28308181875056        7.01349837608973       -0.89841174248133
O            0.16517410029276        0.24363358341771       -3.53675790791187
N           -2.11077600128817        3.43906481900109        3.83186220936820
C           -3.27874519152475        3.75743297221626        3.20432048362554
C           -2.97036174904246        4.00337254092726        1.84318225533881
C           -1.55950533047928        3.81369655960722        1.69207513458555
C           -4.57157293110145        3.86864424115114        3.69696571550231
C           -3.99739034525872        4.36813163599086        0.97107248112927
C           -1.07432930589537        3.47018512633696        2.92578365330094
C           -5.56347467587760        4.23266868378685        2.81130320349054
C           -5.27791642436096        4.47930645854725        1.46579917942741
C            0.30158618965156        3.14743123065314        3.38918311112234
O            1.50192799539155        2.53179795451225       -2.82921423494290
H           -0.20191427368075       -0.07270459850806       -1.34313247862116
H           -0.37949354685158        0.49135474600731       -4.28612221881793
H            1.73286544844646        1.22865663762099        1.49734977943860
H            4.13860416815869        0.81405880751246        1.70236955136724
H            4.01089645899377       -1.66334759004762       -1.76469273173229
H            1.62122435303987       -1.15907802626761       -2.03446831859231
H            6.12950511547456       -1.39023612001699       -0.49813398828000
H            6.17116587706123       -0.37280707598513        0.94717941839110
H            5.85145330586049        1.65670760698456       -0.48616109521466
H            6.08908286545470       -0.16299768434215       -2.78774185794358
H            7.57532017989288        2.65188077521894       -1.76271910287057
H           -1.51928894325751        1.57083535584206       -0.47553638495114
H            1.12351654068416        2.90689907307212        0.28424068947882
H           -1.55584477403147        4.06875092617577       -0.39342756815588
H           -0.66635358860158        6.11107870056084        0.72615555229119
H            0.79101056801175        5.23039030148991        1.17251456015493
H            1.35098420176157        4.89361481922783       -1.21071535288318
H           -0.17016224292312        5.64394803242431       -1.69323894899181
H            1.71969045565694        7.24843529121243       -1.86609725755693
H            0.56071064850102        7.78698866811642       -0.64775747737912
H            2.07382199769573        7.03152066334741       -0.15176159925883
H           -2.01538096676218        3.19485988639679        4.80278062935064
H           -2.27148309525125        6.29612651782069        2.53419978887947
H           -4.78968132366093        3.67727824245342        4.73742231648867
H           -3.79175703495036        4.56243278063984       -0.07139299314635
H           -6.58070014113283        4.32964706076543        3.15988383002270
H           -6.08399469804338        4.76239670173494        0.80449441117716
H            1.02973876108809        3.40996643174389        2.63009556437462
H            0.53376522825497        3.69791543632410        4.30155917322407
H            0.39162682024931        2.08129558034594        3.60484599605643
H            2.43237237875841        2.46057095160143       -2.54302302959001
H            1.00824365975493        2.80813367918704       -2.05044217271848
O           -2.57309781685479        7.14461672334592        2.19820394144075
H            0.69842741789567        1.03585399880781       -3.32334603282841
H           -3.39849070329450        6.97293460323741        1.74182450289767
N            5.77269080674914        0.63823573021449       -2.26240606161727
C            7.79287843190183        0.80025973912373       -0.94066354461574
O            8.51591186254801       -0.09800084418216       -0.56998208926150
C            4.17459620532478        0.86586693469837       -4.04778775539222
C            4.67323669728521        1.29502077740547       -2.69186173304473
O            4.15011078367982        2.18887099424175       -2.04563456093026
H            3.48911251223145        0.02944908720400       -3.91386499142709
H            4.99285077621851        0.55731308052982       -4.69425244610141
H            3.62335041161300        1.68150548747418       -4.51057730389130
N            8.24282292809345        1.95982055742008       -1.46156635774376
C            9.64539073765176        2.24981266866516       -1.63628649592460
H            9.92455761338708        3.14608538707936       -1.07958536797097
H            9.88351453847256        2.39517090772952       -2.69217411797682
H           10.20520106800517        1.39727104003967       -1.25437717776208
76
 energy: -110.273012426957 gnorm: 0.001239775915 xtb: 6.7.1pre (5071a88)
N            0.19578625751502        0.44177367928900       -0.56455569223706
C            1.52871577093258        0.15100387748780       -0.34437637454720
C            2.24159996868989        0.64272976946227        0.75040433296880
C            3.59037709112709        0.38457723178963        0.87578285471268
C            4.26129560489550       -0.40316613980375       -0.05090310591920
C            3.52170918750259       -0.99522827618900       -1.06786300321078
C            2.17767051203346       -0.72667859176941       -1.21602752344696
C            5.75937808788513       -0.46314601947075       -0.05859672843401
C            6.26073925355849        0.72720837152253       -0.89955241471437
C           -0.45174563002579        1.63492279204996       -0.29486737687754
C            0.06418273429660        2.79298465479941        0.11805957302658
C           -0.80444049555369        3.99015514216755        0.40194944550406
C           -0.00133212699440        5.29971058575632        0.42508518958181
C            0.61199017855111        5.64628626143193       -0.92950274251174
C            1.28333156527180        7.01394991817951       -0.89875202526722
O            0.16569513661122        0.24178162716642       -3.53744942509463
N           -2.11078360371723        3.43871469205792        3.83182353857421
C           -3.27858328434477        3.75739862232004        3.20423331006678
C           -2.97001306748375        4.00365325623022        1.84336219314430
C           -1.55921770016283        3.81400012603161        1.69243738998673
C           -4.57137310242245        3.86873345585583        3.69688691311771
C           -3.99699630846415        4.36772506337491        0.97094271376516
C           -1.07422060252612        3.47012618277323        2.92604535057515
C           -5.56318417285249        4.23275049128661        2.81116284576211
C           -5.27757664963989        4.47887596692976        1.46551983666319
C            0.30142357603674        3.14655004893655        3.38956143866736
O            1.50271221056499        2.53037831460064       -2.82936457349526
H           -0.20157705357339       -0.07237368669589       -1.34213435665613
H           -0.37671348285199        0.49067603865527       -4.28721843370893
H            1.73365943995978        1.22908254399058        1.49796877784506
H            4.13889967505994        0.81371968272843        1.70270385095400
H            4.01062220213349       -1.66263963468659       -1.76513059377539
H            1.62081926440042       -1.15820844880455       -2.03454416775872
H            6.12857941444783       -1.39067349558575       -0.49872253393080
H            6.17177255548379       -0.37283850684824        0.94621922792833
H            5.85150537069584        1.65635542618533       -0.48640763562329
H            6.08862972825207       -0.16306203566588       -2.78806856124908
H            7.57500738250657        2.65300406592381       -1.76216259428919
H           -1.51903213956873        1.57115189043643       -0.47494262863200
H            1.12377596539968        2.90785719175397        0.28449854159604
H           -1.55549826478876        4.06943240203967       -0.39299548460369
H           -0.66661361314570        6.11180821332962        0.72609358024301
H            0.79067416601652        5.23151456456644        1.17370371791967
H            1.35131370206239        4.89379090139288       -1.20982993820634
H           -0.16992225364099        5.64385562947614       -1.69260475253646
H            1.71878853370277        7.24866008670451       -1.86726332836230
H            0.56094278014228        7.78734549173767       -0.64736312369581
H            2.07516086048915        7.03233937783643       -0.15286099890655
H           -2.01531458645032        3.19412250760073        4.80261585715868
H           -2.27184978337529        6.29393946909679        2.53011789003807
H           -4.78950650096314        3.67727737612190        4.73724564564591
H           -3.79139281476208        4.56163430082608       -0.07160734237644
H           -6.58038627054825        4.32995334318652        3.15977320080329
H           -6.08362755253807        4.76142058744599        0.80401374265034
H            1.02998356967368        3.40840724360893        2.63065963559164
H            0.53370078875370        3.69663426423729        4.30190119661408
H            0.39084251167649        2.08040383526491        3.60502039178022
H            2.43244318659260        2.45966293010074       -2.54243541317901
H            1.00778138136800        2.80840499627875       -2.05135564712414
O           -2.57251257990329        7.14482036899470        2.19965478662804
H            0.69871987575800        1.03365697031595       -3.32196274905719
H           -3.40061207164821        6.97651440042919        1.74500117968471
N            5.77281215412767        0.63865417238264       -2.26315424553215
C            7.79277992943254        0.80009703736714       -0.94027628898135
O            8.51547819752249       -0.09803438139092       -0.56863547804225
C            4.17431147844864        0.86578976980478       -4.04810648147723
C            4.67385991315167        1.29574207798737       -2.69245379135556
O            4.15109776000336        2.18993889616023       -2.04653883785341
H            3.48650706643829        0.03242752866305       -3.91301891981701
H            4.99039585448308        0.55413965997356       -4.69464965161293
H            3.62452353761646        1.68078602014587       -4.51116540292017
N            8.24208865108597        1.95963843189124       -1.46197365452885
C            9.64438774405982        2.24920321036421       -1.63683044792889
H            9.92429933706574        3.14492233922447       -1.08006402297765
H            9.88215687466563        2.39489100650146       -2.69238555653149
H           10.20309772370063        1.39638283469904       -1.25477410034016
76
 energy: -110.273030053789 gnorm: 0.002567299970 xtb: 6.7.1pre (5071a88)
N            0.19708412152255        0.44527167587978       -0.56443771310427
C            1.52930722778170        0.15352606447637       -0.34366478193688
C            2.24273821511694        0.64431879277086        0.75123878438811
C            3.59124871802188        0.38465594482146        0.87625221919275
C            4.26114764487179       -0.40270443439341       -0.05130970328883
C            3.52106707455855       -0.99353180929489       -1.06870727268726
C            2.17712460802534       -0.72431040519841       -1.21609036870348
C            5.75893252837685       -0.46384105904027       -0.06063869964485
C            6.26031038685545        0.72614065991427       -0.90078466163380
C           -0.45127749432034        1.63744861086938       -0.29344701071279
C            0.06541752933830        2.79533560741556        0.11883138350987
C           -0.80346378416434        3.99235681492215        0.40357675398266
C           -0.00082812384519        5.30230856193193        0.42681362356674
C            0.61322135721844        5.64729105861741       -0.92781456130565
C            1.28406926424686        7.01539932431547       -0.89989365596895
O            0.16766311688013        0.23628270041286       -3.53814100178339
N           -2.11087693563075        3.43755383350759        3.83198752043277
C           -3.27819828851975        3.75720712526127        3.20419734286738
C           -2.96900172790546        4.00436399217287        1.84392926467808
C           -1.55824664860012        3.81487734608232        1.69354257351189
C           -4.57101985936378        3.86888673903447        3.69669519146306
C           -3.99584705003780        4.36670987796372        0.97061894581447
C           -1.07390855451257        3.46959530102728        2.92695976433032
C           -5.56250448669166        4.23269733677965        2.81058896109442
C           -5.27663486080355        4.47751614702383        1.46464609368848
C            0.30092608049148        3.14346333529652        3.39089711374220
O            1.50369688935959        2.52558474170834       -2.82899163956935
H           -0.20142138690546       -0.07147108109926       -1.33908737216815
H           -0.36752331706110        0.48566936600461       -4.29182624395651
H            1.73586899459452        1.23077809475743        1.49943532111312
H            4.13995559868640        0.81264264469578        1.70360635921129
H            4.00961700386871       -1.66043881303868       -1.76657657584055
H            1.61961309213045       -1.15524182218850       -2.03460345174707
H            6.12624743142110       -1.39209800545452       -0.50093970541134
H            6.17325891258846       -0.37389520306986        0.94351963161597
H            5.85088857079777        1.65520051552692       -0.48728135583199
H            6.08708825893277       -0.16416753615291       -2.78870700744565
H            7.57413507161615        2.65544905583212       -1.76115433242656
H           -1.51845063343417        1.57294938852725       -0.47286114894305
H            1.12487677598279        2.91086363214356        0.28493822817027
H           -1.55438519590782        4.07188602836742       -0.39155654338535
H           -0.66703312259346        6.11440767951955        0.72599486882924
H            0.78998773937178        5.23532861773544        1.17699020867921
H            1.35276744820560        4.89454345667921       -1.20687510722425
H           -0.16874062287825        5.64356345408129       -1.69080852762720
H            1.71572566908832        7.24969933314759       -1.87053646631283
H            0.56209046005884        7.78855934771693       -0.64608186629446
H            2.07913328645652        7.03482219705029       -0.15695014479875
H           -2.01522658646345        3.19195139237603        4.80247976976764
H           -2.27359579724336        6.28585903987967        2.51541182737262
H           -4.78932640721274        3.67740290498012        4.73688420562859
H           -3.79023550920972        4.55952181351255       -0.07213411621261
H           -6.57969279976081        4.33052776952442        3.15908562614283
H           -6.08263058713358        4.75843177553847        0.80248205304231
H            1.03052694441245        3.40364167894861        2.63240991598990
H            0.53369753891960        3.69255034504475        4.30332514446785
H            0.38809134363561        2.07707339731878        3.60578901460410
H            2.43291132042840        2.45813325561471       -2.54256412801353
H            1.00755974094589        2.80904232264713       -2.05278806648356
O           -2.57136364601969        7.14532569211568        2.20439598161118
H            0.70047342573338        1.02754195397497       -3.31976194385530
H           -3.40788279241390        6.98981193525148        1.75747505058242
N            5.77284614591879        0.63900112179384       -2.26508438797652
C            7.79224309212491        0.79994696387374       -0.93985519838212
O            8.51449147909584       -0.09697946285823       -0.56479545316848
C            4.17248569070870        0.86556349582654       -4.04874176001618
C            4.67507887215379        1.29710007993558       -2.69402317250958
O            4.15393296539307        2.19297307729467       -2.04932106777050
H            3.47644324202372        0.04078870690794       -3.90889690618246
H            4.98405302276010        0.54294884744680       -4.69401490456314
H            3.62931032383590        1.68193956852801       -4.51408387883295
N            8.23993909660692        1.95897445203647       -1.46393035519660
C            9.64207312014793        2.24754468250552       -1.63861193364026
H            9.92385953608868        3.14203434401377       -1.08124834128894
H            9.87935707566187        2.39415261522900       -2.69360442098476
H           10.19873316547484        1.39374199569843       -1.25677178839038
76
 energy: -110.273040189772 gnorm: 0.002268990278 xtb: 6.7.1pre (5071a88)
N            0.19728597180893        0.44666517513885       -0.56416764132417
C            1.52935501893928        0.15443603834190       -0.34334631598046
C            2.24310181030975        0.64490727872213        0.75146187468584
C            3.59154853234239        0.38463231380306        0.87633160787193
C            4.26101726494098       -0.40279013246331       -0.05145812450593
C            3.52064103648697       -0.99308392477869       -1.06895460194967
C            2.17678251834234       -0.72346802812135       -1.21602456480072
C            5.75877716660711       -0.46438008488465       -0.06131185133045
C            6.26000125049956        0.72580087263108       -0.90118222208831
C           -0.45107643242869        1.63865424138086       -0.29275257836461
C            0.06599313138354        2.79648779870603        0.11921793220309
C           -0.80293972758835        3.99341702880127        0.40427141310964
C           -0.00043700715275        5.30346353640363        0.42752241722093
C            0.61388732123483        5.64780551991991       -0.92714374476858
C            1.28444703308857        7.01604838523989       -0.90027901505873
O            0.16954949239834        0.23386976718621       -3.53860410087784
N           -2.11099648056043        3.43705482259012        3.83224583837737
C           -3.27814449440085        3.75710450018723        3.20436922513926
C           -2.96865091602675        4.00465249201116        1.84422996858813
C           -1.55781362610691        3.81533546158326        1.69407876488654
C           -4.57107312443632        3.86878810408357        3.69664011094371
C           -3.99541956199373        4.36653654202793        0.97060622512868
C           -1.07381719730525        3.46933554932161        2.92746054556823
C           -5.56239484432779        4.23245033384702        2.81029453132027
C           -5.27633031917669        4.47699527448802        1.46433551224839
C            0.30072569846512        3.14213329350310        3.39152184012140
O            1.50372529460177        2.52432314723083       -2.82893657391839
H           -0.20190785793010       -0.07098124532415       -1.33786549207297
H           -0.36323111453399        0.48226969178202       -4.29450708445315
H            1.73663330726033        1.23162511489577        1.49972272471738
H            4.14050344739211        0.81224242476188        1.70372761668159
H            4.00895778847519       -1.65985139874550       -1.76711844556181
H            1.61898202178462       -1.15407108062265       -2.03447205711073
H            6.12566090657965       -1.39258205080067       -0.50209948821707
H            6.17356840448649       -0.37496181813732        0.94270845906738
H            5.85021950926750        1.65470353739753       -0.48765323957613
H            6.08625090252269       -0.16505897304227       -2.78872179576917
H            7.57393232792767        2.65563806762529       -1.76157551440653
H           -1.51828975147663        1.57421949399131       -0.47185599054016
H            1.12550533503645        2.91202450341716        0.28491001301259
H           -1.55386047877971        4.07305784479803       -0.39085615733105
H           -0.66682082659965        6.11564050612330        0.72606589390290
H            0.79006199472487        5.23690535638690        1.17804104717880
H            1.35364386549555        4.89502538378397       -1.20555241859749
H           -0.16796547014080        5.64336128113520       -1.69026896242903
H            1.71446836344012        7.25037378344705       -1.87159592177172
H            0.56271679394516        7.78905699649662       -0.64543086387467
H            2.08067442715991        7.03576863850553       -0.15868006150896
H           -2.01535274393371        3.19114802890652        4.80266456935055
H           -2.27466692669016        6.28197663828944        2.50792192661778
H           -4.78953827652612        3.67735579557645        4.73680913313178
H           -3.78966566848673        4.55919237310775       -0.07213719340044
H           -6.57965298727582        4.33030062658053        3.15857860458943
H           -6.08229562250380        4.75741410613797        0.80191542555173
H            1.03061363717835        3.40188911964550        2.63315342522341
H            0.53383658008117        3.69085866382650        4.30411197624440
H            0.38691226617571        2.07558571901134        3.60621529962043
H            2.43315052690313        2.45770517054150       -2.54292312229897
H            1.00773197996164        2.80856876962729       -2.05309792173207
O           -2.57191636297609        7.14556142574278        2.20731915037935
H            0.70110081181868        1.02569843920430       -3.31924364832095
H           -3.41135332644488        6.99652386577385        1.76399095608041
N            5.77265330556460        0.63868266552042       -2.26558091675651
C            7.79195649100876        0.80017162349226       -0.93983927591204
O            8.51436604485183       -0.09608379268659       -0.56355587072713
C            4.17126772053350        0.86538845864000       -4.04866348791401
C            4.67528045883908        1.29739270423418       -2.69455858461354
O            4.15506886127845        2.19422404609607       -2.05037453069965
H            3.47079604578807        0.04442131538074       -3.90678950463944
H            4.98156942127479        0.53694712478942       -4.69277345141594
H            3.63250636988334        1.68378490034257       -4.51621330193551
N            8.23938294616554        1.95860411016962       -1.46521885515322
C            9.64171101488318        2.24701365649522       -1.63958673909745
H            9.92373395952279        3.14125847970168       -1.08181821889074
H            9.87908805192519        2.39393546646980       -2.69457649664316
H           10.19826671512076        1.39289913462663       -1.25807808055367
76
 energy: -110.273067803778 gnorm: 0.005068557856 xtb: 6.7.1pre (5071a88)
N            0.19805218546603        0.45450924241906       -0.56207164956661
C            1.52946963372905        0.15948405770417       -0.34149429324412
C            2.24527630967568        0.64838102957419        0.75247651246495
C            3.59335268075376        0.38464053806743        0.87636157722009
C            4.26023388431511       -0.40357922196920       -0.05251479829020
C            3.51785669799585       -0.99116147147251       -1.07017088972260
C            2.17448493310568       -0.71913434447821       -1.21540417996365
C            5.75793800761122       -0.46765362246673       -0.06512018502304
C            6.25817145045238        0.72404227555158       -0.90347749790034
C           -0.44971960098857        1.64585866224338       -0.28861456697740
C            0.06942693483080        2.80344211577757        0.12164449681343
C           -0.79965040333299        3.99983620404563        0.40853986179908
C            0.00245394705305        5.31017918854826        0.43173646203905
C            0.61824663476312        5.65084513427814       -0.92329536438214
C            1.28675844386560        7.02006611670639       -0.90238166506326
O            0.18230238779198        0.21991882067709       -3.54081530385685
N           -2.11184347207055        3.43406887844874        3.83390493808467
C           -3.27796703394862        3.75646587763707        3.20554316825078
C           -2.96661846071704        4.00679583299674        1.84619185356391
C           -1.55523617765837        3.81848147064522        1.69751329330075
C           -4.57165972673580        3.86759076368811        3.69616750713165
C           -3.99282082540794        4.36644984090046        0.97083100416701
C           -1.07335127228446        3.46813557844936        2.93065840324560
C           -5.56201052920143        4.23039181556617        2.80840386678730
C           -5.27459371490409        4.47426671364578        1.46260930517150
C            0.29953403164881        3.13468781932809        3.39526354990664
O            1.50379689489303        2.51740086396620       -2.82847456200909
H           -0.20531971321960       -0.06792223500936       -1.33049535738431
H           -0.33562492712847        0.45850979358417       -4.31149441763645
H            1.74111293123196        1.23673122362330        1.50101269732594
H            4.14396577782206        0.81022950563282        1.70375278682856
H            4.00449566396846       -1.65747532883124       -1.76994434954398
H            1.61485960328291       -1.14789222207656       -2.03336341409488
H            6.12252599062627       -1.39520711448018       -0.50920421491934
H            6.17511849865487       -0.38166594385753        0.93819119269109
H            5.84624290416221        1.65198622169879       -0.48985957838204
H            6.08062092252155       -0.17071093388311       -2.78849613270212
H            7.57280971764442        2.65502272877946       -1.76689627080576
H           -1.51737943520736        1.58216938144160       -0.46514226816225
H            1.12933374680632        2.91870129295154        0.28478410680713
H           -1.55056327013988        4.08023057226603       -0.38653958083154
H           -0.66453557201364        6.12303746038248        0.72687349837737
H            0.79141648661587        5.24573731849962        1.18387057251114
H            1.35937753605882        4.89801631008384       -1.19791166640452
H           -0.16288953967289        5.64194970318840       -1.68725882795579
H            1.70706739754061        7.25485258262727       -1.87763581008299
H            0.56630246352675        7.79201414059650       -0.64123516944607
H            2.08976471747699        7.04137774080056       -0.16863925583469
H           -2.01646524149510        3.18667783489776        4.80398692279101
H           -2.28306557021373        6.25746451120084        2.46089313561619
H           -4.79124162050591        3.67618573121433        4.73614765811766
H           -3.78593429707066        4.55891308905040       -0.07167059147394
H           -6.57981850861904        4.32773912862485        3.15522912245149
H           -6.08032129223919        4.75207077193570        0.79872323600535
H            1.03096275674238        3.39223238289102        2.63759755204753
H            0.53472831776686        3.68112932833631        4.30891386691949
H            0.38015741135167        2.06725988584287        3.60868854595982
H            2.43522890617393        2.45646444668529       -2.54651092189785
H            1.01010405400044        2.80539675380534       -2.05356248485505
O           -2.57531544167797        7.14641784256159        2.22506337446952
H            0.70583975096752        1.01623735693251       -3.31871898353934
H           -3.43549387456898        7.04102312356683        1.80838395319541
N            5.77098921986536        0.63631037592020       -2.26799303674996
C            7.79025531616473        0.80129861728083       -0.94047100251221
O            8.51378637378722       -0.09082935635845       -0.55654941769583
C            4.16364056403523        0.86407040491684       -4.04750965159992
C            4.67575528539552        1.29858231070119       -2.69727229970465
O            4.16114522384160        2.20081387559867       -2.05568844278158
H            3.43349042215870        0.06891897514733       -3.89449407083930
H            4.96564922043788        0.49723492790588       -4.68364079769897
H            3.65505615696537        1.69550247173367       -4.53024887728265
N            8.23680519933271        1.95582483621964       -1.47421567268437
C            9.64014593753700        2.24415212070975       -1.64587016857371
H            9.92243199206536        3.13707979010173       -1.08555260576504
H            9.87837974680389        2.39314916336243       -2.70073899137272
H           10.19651824964141        1.38857692073678       -1.26629873497943
76
 energy: -110.273084206943 gnorm: 0.001686878570 xtb: 6.7.1pre (5071a88)
N            0.19761553440688        0.45329362494403       -0.56183628314243
C            1.52929509326239        0.15863476760752       -0.34163422981964
C            2.24501563899243        0.64795839398530        0.75220642358015
C            3.59316251224071        0.38474823223469        0.87608300166739
C            4.26029631914355       -0.40371901390450       -0.05247135575825
C            3.51797485584293       -0.99191010108368       -1.06978472385117
C            2.17454242758644       -0.72010890991358       -1.21519731486390
C            5.75807642587492       -0.46739899643863       -0.06458192430026
C            6.25836621814689        0.72431479356542       -0.90327035945971
C           -0.44978877931485        1.64504844614975       -0.28885933310127
C            0.06906093954770        2.80269373896122        0.12163768045737
C           -0.79983250937648        3.99923084680023        0.40818121639471
C            0.00259795860239        5.30934021132355        0.43137679574134
C            0.61809708711953        5.65056655262930       -0.92367057942434
C            1.28666504231602        7.01972166323375       -0.90183265227344
O            0.18346786101975        0.22116770041474       -3.54180982903598
N           -2.11186638964479        3.43439412976377        3.83383210689977
C           -3.27810211706940        3.75650025311842        3.20551295247789
C           -2.96689496330116        4.00674712299103        1.84604577694915
C           -1.55549419761954        3.81843541277916        1.69728695225968
C           -4.57182419148853        3.86724637093619        3.69609831385908
C           -3.99309286752950        4.36702834163194        0.97095810643688
C           -1.07345968302668        3.46848059729772        2.93047033790756
C           -5.56226569633651        4.23015920704742        2.80846419907459
C           -5.27484933870556        4.47478035353591        1.46283264266843
C            0.29967011986278        3.13589559060545        3.39493595723440
O            1.50372580140039        2.51918042985041       -2.82887169488282
H           -0.20531747271832       -0.06806036734251       -1.33128387053916
H           -0.33770218651431        0.45973180018299       -4.31004413648501
H            1.74056241465518        1.23629910388953        1.50055574297052
H            4.14377640147865        0.81083340620783        1.70321348334535
H            4.00460095776362       -1.65854319008766       -1.76928902529788
H            1.61504321064045       -1.14922840906983       -2.03304502474001
H            6.12319717015408       -1.39478010173235       -0.50853662047740
H            6.17467802089461       -0.38120046213027        0.93890548515205
H            5.84667507364722        1.65233099922022       -0.48968632386238
H            6.08095078032067       -0.17031250686383       -2.78847266235788
H            7.57290500648926        2.65365384847495       -1.76833168691933
H           -1.51748887079019        1.58164991190718       -0.46557054558424
H            1.12900791443450        2.91777032502605        0.28486117230103
H           -1.55074346605458        4.07960528803544       -0.38688654865737
H           -0.66397459965121        6.12224765803470        0.72726004519029
H            0.79199627815380        5.24432657187809        1.18297240298495
H            1.35918111220257        4.89787766131254       -1.19878074666525
H           -0.16306823516736        5.64208763388865       -1.68759303078455
H            1.70814788263151        7.25472063506743       -1.87643805023686
H            0.56600819105923        7.79167677898956       -0.64137034698075
H            2.08869554164887        7.04076069692132       -0.16714551387691
H           -2.01664021633351        3.18742837757162        4.80404109101339
H           -2.28581805911381        6.26400096457969        2.47089914024625
H           -4.79143819085563        3.67557004509655        4.73604897571538
H           -3.78611825601858        4.56015031563547       -0.07140814932666
H           -6.58011885393296        4.32707804745771        3.15528509561237
H           -6.08054662864286        4.75320502634186        0.79915986756585
H            1.03077591321720        3.39401653700411        2.63717235097043
H            0.53462430825945        3.68256762566999        4.30856565875391
H            0.38111206911331        2.06856548226224        3.60842458341028
H            2.43509459032329        2.45703669101783       -2.54646739055525
H            1.01016532884649        2.80523816337317       -2.05325437002305
O           -2.57433708565549        7.14598707000312        2.21844186177781
H            0.70593968780272        1.01823140417125       -3.31985808932636
H           -3.43431273765828        7.03502099394716        1.80607618847494
N            5.77087334664977        0.63620560912464       -2.26749811371897
C            7.79041942779481        0.80111192341778       -0.94081161987524
O            8.51399752104134       -0.09134380076064       -0.55772132994250
C            4.16402903537055        0.86400125668028       -4.04725480283629
C            4.67509873953613        1.29788428015600       -2.69673613460287
O            4.15981059916886        2.19927639390942       -2.05454927997975
H            3.43572749551930        0.06760377728670       -3.89607512345654
H            4.96660067928659        0.49961323094315       -4.68331102566964
H            3.65443546404083        1.69460985599906       -4.52965847601270
N            8.23750625054894        1.95568945266432       -1.47416866070474
C            9.64073721788534        2.24459426576822       -1.64569777477519
H            9.92221575252292        3.13788573814477       -1.08555073828636
H            9.87920431307056        2.39342699178435       -2.70060425080016
H           10.19767206088552        1.38946723889240       -1.26588586595407
76
 energy: -110.273106630298 gnorm: 0.001596591504 xtb: 6.7.1pre (5071a88)
N            0.19736632169679        0.45517398899568       -0.55994256003679
C            1.52916493073860        0.15977140231437       -0.34073353604687
C            2.24596839599194        0.64927213092464        0.75229028043763
C            3.59400393059912        0.38521314923541        0.87541860409282
C            4.26005935673677       -0.40430493517441       -0.05309377200178
C            3.51661372152749       -0.99252925995158       -1.06954845049686
C            2.17326072398912       -0.71992089987106       -1.21415801816335
C            5.75788113560234       -0.46858390211750       -0.06590971926774
C            6.25785985924175        0.72365250808026       -0.90454563238538
C           -0.44902627627079        1.64741938462001       -0.28681540997049
C            0.07030793639901        2.80503540921116        0.12324338704312
C           -0.79819165066078        4.00168695480695        0.41008628798313
C            0.00478093004436        5.31143866788635        0.43335842614296
C            0.62044050710233        5.65176004688933       -0.92196618604348
C            1.28786845748473        7.02147500366261       -0.90171029532793
O            0.19446301146897        0.21536581403817       -3.54560516535266
N           -2.11241724504828        3.43323265059081        3.83451443237613
C           -3.27822314071908        3.75616468029517        3.20595755108713
C           -2.96613739404611        4.00813787598919        1.84687965998649
C           -1.55449053759724        3.82023540193953        1.69886088948824
C           -4.57245532594344        3.86555321027578        3.69550063234964
C           -3.99189951237457        4.36859805996553        0.97136438414507
C           -1.07339912341529        3.46862821709050        2.93193463018865
C           -5.56250272423323        4.22840002425514        2.80737851792873
C           -5.27418217447255        4.47460171400051        1.46223825119947
C            0.29925859015720        3.13438704621498        3.39649893526928
O            1.50415558966145        2.51882162950549       -2.82968371453092
H           -0.20681090808542       -0.06652350815841       -1.32847130527269
H           -0.32403012778398        0.44842219886661       -4.31723534379366
H            1.74235237217399        1.23848771162473        1.50052146168136
H            4.14558038095686        0.81134337555898        1.70187701208682
H            4.00211417729186       -1.65977975476196       -1.76925884345005
H            1.61288244328710       -1.14899990252910       -2.03139039908775
H            6.12246638777603       -1.39554800291490       -0.51113123798996
H            6.17495065601984       -0.38354624926724        0.93740313766738
H            5.84584211804560        1.65142256317260       -0.49083144898171
H            6.07814572961368       -0.17260032759494       -2.78868780283989
H            7.57205791013350        2.64997340357713       -1.77576662603393
H           -1.51703280202309        1.58487098413702       -0.46234036917776
H            1.13049993934348        2.91977421855230        0.28529776356569
H           -1.54899172887735        4.08260253311732       -0.38502515882680
H           -0.66134557537432        6.12478093931343        0.72895271835425
H            0.79418597463690        5.24623860701004        1.18488829602864
H            1.36222614802640        4.89938509460441       -1.19609021803292
H           -0.16050493777264        5.64163924419835       -1.68610076618940
H            1.70609384390850        7.25716691379493       -1.87750361229800
H            0.56727651648979        7.79268404086684       -0.63889313584002
H            2.09203848818229        7.04303815198267       -0.16951355714380
H           -2.01774978183698        3.18628695961055        4.80479104595623
H           -2.29518003385223        6.25684670238396        2.45351678315417
H           -4.79288332830206        3.67275984511066        4.73511017325380
H           -3.78403026715795        4.56325359607300       -0.07050947658481
H           -6.58080813436728        4.32382375278020        3.15334825998370
H           -6.07962470345462        4.75279113069508        0.79813629639650
H            1.03066654747160        3.39237157469069        2.63902211098173
H            0.53472047381279        3.68009818896943        4.31063344956453
H            0.37941031419439        2.06681519999329        3.60924907002859
H            2.43603972562063        2.45742913297350       -2.54822210114437
H            1.01154350847794        2.80357357674551       -2.05315070431084
O           -2.57693282569939        7.14685897751115        2.22390841811469
H            0.71041733823093        1.01628850689195       -3.32207768551916
H           -3.44803674248257        7.05681728933946        1.83114341663970
N            5.76962488816599        0.63483998661040       -2.26827161201982
C            7.78982670007466        0.80085431272668       -0.94207844591054
O            8.51386846576105       -0.08985472208187       -0.55560750960076
C            4.16029601591395        0.86280555140642       -4.04621938686907
C            4.67390151526681        1.29706481679461       -2.69730827356201
O            4.16030945881487        2.19956375866722       -2.05518531405639
H            3.41644728501051        0.08142667999459       -3.89207326100112
H            4.95792331991331        0.47880806631745       -4.67706598615899
H            3.66776623907967        1.69904479502872       -4.53692118524232
N            8.23725710549406        1.95330813355505       -1.47997336149733
C            9.64047469502533        2.24362067080213       -1.64949073782884
H            9.92038128920470        3.13672542302784       -1.08825160409926
H            9.87991015203289        2.39353673418403       -2.70407712265898
H           10.19793547986098        1.38872315039280       -1.26988823066151
76
 energy: -110.273100605676 gnorm: 0.009069844619 xtb: 6.7.1pre (5071a88)
N            0.19703163488523        0.45871942714794       -0.55449239480208
C            1.52918196219327        0.16173650420670       -0.33783664872739
C            2.24894294674222        0.65305331511590        0.75252143621518
C            3.59672307180599        0.38742437021918        0.87328780792240
C            4.25979571313753       -0.40562654814388       -0.05457350903342
C            3.51327057350196       -0.99567830820046       -1.06759045388449
C            2.16985120883332       -0.72158822923125       -1.20987877743951
C            5.75754628594762       -0.47125785868575       -0.06954363996365
C            6.25702523258695        0.72104792545216       -0.90900189367499
C           -0.44674516403471        1.65265135053779       -0.28177364962881
C            0.07353869694905        2.81014326322649        0.12743906762859
C           -0.79354632215237        4.00756744189742        0.41503143596913
C            0.01181552354626        5.31581518595185        0.43910568035584
C            0.62702479056167        5.65500973100697       -0.91693900313590
C            1.29128785970364        7.02639766216121       -0.89983578120392
O            0.22808719829618        0.20153846428471       -3.55556300705294
N           -2.11392660304554        3.42994088492076        3.83565789240381
C           -3.27854258061428        3.75483012617245        3.20627712730479
C           -2.96396513103731        4.01232084056457        1.84863077109773
C           -1.55184207079748        3.82518256182556        1.70272541061604
C           -4.57425445448259        3.85919870113423        3.69290979893859
C           -3.98835867044202        4.37442672656496        0.97222943227291
C           -1.07320399179090        3.46959134089843        2.93553104321823
C           -5.56317496673530        4.22273881240689        2.80374840375020
C           -5.27210318268071        4.47540091121727        1.46034583626863
C            0.29849691062885        3.13278310563159        3.40066483509307
O            1.50563095562140        2.51974842852394       -2.83213955436490
H           -0.20928984368309       -0.06296710320689       -1.32153336913478
H           -0.28037907322818        0.41900690642343       -4.33806088117730
H            1.74760945490780        1.24473272827152        1.50033665865269
H            4.15091615366437        0.81496626629830        1.69721635856117
H            3.99556007618489       -1.66538965902347       -1.76712605634454
H            1.60720288749107       -1.15196888978729       -2.02491792902888
H            6.12043681793771       -1.39807435867362       -0.51642962964733
H            6.17624674498240       -0.38747986590602        0.93305400837458
H            5.84557138358682        1.64884330797417       -0.49474609923894
H            6.07072582413664       -0.17833008400105       -2.79065528874765
H            7.56835242352887        2.63652769061737       -1.80198567454164
H           -1.51547524855610        1.59183055787108       -0.45426223663406
H            1.13417498455245        2.92431522502607        0.28729144197534
H           -1.54365741289422        4.09047810696048       -0.38057159502203
H           -0.65251463938918        6.13035979884278        0.73533871239041
H            0.80157323965091        5.24885767419846        1.19017504981848
H            1.37045571644573        4.90367523048374       -1.18955824297307
H           -0.15386225845458        5.64140667145230       -1.68102046193410
H            1.70226631771757        7.26399142411008       -1.87841799439531
H            0.57027266670525        7.79546850193925       -0.63152876001228
H            2.10041171014702        7.04949459629657       -0.17294642287727
H           -2.02111280285453        3.18370579109912        4.80629871018495
H           -2.32578940374241        6.23151191376772        2.39320549042974
H           -4.79709577123799        3.66174274717616        4.73115399112474
H           -3.77802080909110        4.57467070688455       -0.06804497536493
H           -6.58272552177679        4.31338559674643        3.14751344891975
H           -6.07657594822622        4.75429182173042        0.79539683284220
H            1.03069226302165        3.39131726051332        2.64421383490017
H            0.53400399523931        3.67617221044548        4.31602316673093
H            0.37697265942624        2.06473340574847        3.61119028062931
H            2.43829748806857        2.45962571632260       -2.55305008051178
H            1.01511988470508        2.80045189857340       -2.05227732545733
O           -2.58891458895368        7.15245824325759        2.25057108098877
H            0.72900590689261        1.01148721998180       -3.32988175272754
H           -3.49072890430222        7.13100334181164        1.91085895615766
N            5.76608750586435        0.63123162837660       -2.27133482458750
C            7.78857673536336        0.79844913296361       -0.94672867630404
O            8.51339685714487       -0.08695339478908       -0.54906168488686
C            4.14917587836669        0.85822136799893       -4.04372502277310
C            4.66928751619229        1.29321381145979       -2.69855594918174
O            4.15914404706091        2.19733430009680       -2.05563386612052
H            3.35792421129173        0.12430949359810       -3.88118793160525
H            4.93059424856478        0.41501098446848       -4.65801738171935
H            3.70856269501920        1.71019844178089       -4.55804895977379
N            8.23606161617661        1.94517641614183       -1.49793377759192
C            9.63845910751397        2.24052407962069       -1.66143723609149
H            9.91336984393519        3.13332675897554       -1.09742393311521
H            9.88101010653618        2.39354684836484       -2.71456201329035
H           10.19703583114249        1.38699139392649       -1.28110965614771
76
 energy: -110.273152087506 gnorm: 0.004436642161 xtb: 6.7.1pre (5071a88)
N            0.19669644478534        0.45516361527569       -0.55513289254772
C            1.52916138683375        0.15935446185230       -0.33839876107874
C            2.24816189170895        0.65174504700710        0.75207389437296
C            3.59612114030114        0.38770272789138        0.87314888566177
C            4.26019315971984       -0.40536838908232       -0.05403304301156
C            3.51439560257197       -0.99704727002088       -1.06658816686255
C            2.17072227942610       -0.72405989047112       -1.20958066194889
C            5.75796168624476       -0.46990229951978       -0.06793504891547
C            6.25782894685407        0.72154673580528       -0.90835381211018
C           -0.44720557681890        1.64956562238833       -0.28352450450865
C            0.07218068866421        2.80714192064183        0.12646912200449
C           -0.79469246177265        4.00491881987033        0.41328665863905
C            0.01107736232506        5.31287712108657        0.43766628098794
C            0.62548429586545        5.65395506601985       -0.91822113076797
C            1.29056690345716        7.02494443061969       -0.89828743278112
O            0.22509268071187        0.20755545983692       -3.55493168070342
N           -2.11363241155617        3.43103736770010        3.83483342245632
C           -3.27865553743591        3.75487230917410        3.20556808674627
C           -2.96474412795673        4.01148116022063        1.84766496757184
C           -1.55284761670893        3.82398120191322        1.70124428984938
C           -4.57414629788268        3.85897711231597        3.69273643028067
C           -3.98929305679187        4.37493835598164        0.97205427499814
C           -1.07338297070163        3.47021835100411        2.93417172850805
C           -5.56341410862242        4.22309378368087        2.80418072464120
C           -5.27273180850453        4.47680336486176        1.46089290588273
C            0.29910515279808        3.13655651768330        3.39920516122753
O            1.50550061768118        2.52343245495685       -2.83245599635892
H           -0.20769625561924       -0.06427524535355       -1.32468991646969
H           -0.28846897702770        0.42799306038308       -4.33255966961729
H            1.74590706592828        1.24293851972657        1.49963948171231
H            4.14973665322554        0.81649268619789        1.69679560876991
H            3.99726507420913       -1.66723449458719       -1.76525702223722
H            1.60881922415546       -1.15559420306394       -2.02460719641777
H            6.12184684868617       -1.39712857658862       -0.51313732061976
H            6.17568878653021       -0.38432358176866        0.93492482903942
H            5.84752090406096        1.64988107957056       -0.49415837965266
H            6.07291491724038       -0.17618035292461       -2.79105526950361
H            7.56841150530400        2.63528329101541       -1.80230750879285
H           -1.51575908472799        1.58843296095281       -0.45709366804893
H            1.13264456490332        2.92138932341741        0.28750107127696
H           -1.54469588121354        4.08772651694138       -0.38241438501925
H           -0.65279098526926        6.12712144109378        0.73587534746244
H            0.80165471428336        5.24455359793825        1.18783371643167
H            1.36832322016258        4.90272727679793       -1.19273512260890
H           -0.15578138476877        5.64242393536982       -1.68187051488114
H            1.70598642606824        7.26243373996923       -1.87505215660695
H            0.56887296265237        7.79439265184954       -0.63281370609049
H            2.09657660446130        7.04732422590317       -0.16777708605065
H           -2.02086236128065        3.18561783375061        4.80568044510527
H           -2.32377983478874        6.24366422007064        2.41233605186724
H           -4.79666349202317        3.66096828759325        4.73092728369379
H           -3.77931672749697        4.57582557225906       -0.06818280846694
H           -6.58280964510246        4.31351630577688        3.14844367401529
H           -6.07721820005137        4.75716525365722        0.79660795384410
H            1.03061694805972        3.39644184698217        2.64256185811742
H            0.53338572206722        3.68096059046042        4.31417663720772
H            0.38040232367731        2.06889211256117        3.61018315206739
H            2.43738241467067        2.46071872825961       -2.55172845398977
H            1.01414236305019        2.80200131776685       -2.05191428419430
O           -2.59350093526048        7.15490330379233        2.24939499408349
H            0.72907299901593        1.01587944873446       -3.33088237223246
H           -3.48031313987760        7.11249427157040        1.89082897138993
N            5.76655175832076        0.63193318205862       -2.27052670944696
C            7.78932239673369        0.79762908409789       -0.94699026068189
O            8.51373403798167       -0.08910493509535       -0.55173913860037
C            4.15154601692451        0.85814990608054       -4.04403755686894
C            4.66841528676621        1.29199048134422       -2.69725396003166
O            4.15579881832954        2.19363878415634       -2.05298335631502
H            3.37026641183055        0.11618799119780       -3.88600225700659
H            4.93552060961980        0.42797923474727       -4.66053954687034
H            3.70143209151611        1.70554073960406       -4.55320354803168
N            8.23704949438902        1.94572070547560       -1.49537561086002
C            9.63891781076736        2.24159564513440       -1.65970587913794
H            9.91323109790224        3.13513250667529       -1.09675255390962
H            9.88137103346472        2.39375496166741       -2.71281676335911
H           10.19782353225607        1.38893960810410       -1.27830079583172
76
 energy: -110.273148960551 gnorm: 0.005719784248 xtb: 6.7.1pre (5071a88)
N            0.19708444105344        0.45488326374155       -0.55544052745436
C            1.52938294793558        0.15902621274657       -0.33805375335427
C            2.24830117895824        0.65188364438377        0.75226044967365
C            3.59632116225481        0.38797784366629        0.87343590312749
C            4.26039517584340       -0.40532439819887       -0.05348665131999
C            3.51473584282870       -0.99746893874858       -1.06582062168112
C            2.17100291811688       -0.72474505853856       -1.20881792636038
C            5.75810128255538       -0.46989029746686       -0.06776376564780
C            6.25789536465066        0.72088559118515       -0.90872293391955
C           -0.44728865434466        1.64906208235525       -0.28391021991934
C            0.07219808059529        2.80658151653493        0.12604959398748
C           -0.79462473683263        4.00452926025388        0.41285428765555
C            0.01144311076673        5.31230756703078        0.43765557862112
C            0.62544555425660        5.65418235324017       -0.91809562086690
C            1.29078416288836        7.02500752047530       -0.89748323213248
O            0.22693706156363        0.20851237685457       -3.55493820461331
N           -2.11356207034104        3.43083786904196        3.83429466295746
C           -3.27859155245069        3.75452806282598        3.20494063368431
C           -2.96468404806314        4.01122122607766        1.84711937904133
C           -1.55280046081709        3.82374419394047        1.70073015340859
C           -4.57407577918960        3.85843136304312        3.69217954920410
C           -3.98926553054007        4.37499814965233        0.97155770696688
C           -1.07327396893111        3.47015410332478        2.93376592906759
C           -5.56324967096740        4.22300081686743        2.80373071166466
C           -5.27258993177223        4.47709496882534        1.46052293907180
C            0.29939694045670        3.13755168363539        3.39916601532842
O            1.50543339353968        2.52460103113761       -2.83193199678727
H           -0.20692277142229       -0.06489434015218       -1.32510653606835
H           -0.28498811730048        0.42974177977425       -4.33388534659649
H            1.74609390573219        1.24331755247996        1.49963880542727
H            4.14986695947226        0.81724602260016        1.69690006259784
H            3.99781451891449       -1.66776020565149       -1.76422998585773
H            1.60924005886960       -1.15694676323404       -2.02353662616734
H            6.12192147712634       -1.39765131044807       -0.51197012946552
H            6.17614937471503       -0.38328761531366        0.93495175342303
H            5.84793856545302        1.64952352505944       -0.49470091562062
H            6.07314701918639       -0.17674266289256       -2.79145076362653
H            7.56789328775827        2.63432130265204       -1.80395766181433
H           -1.51564185798158        1.58748856144811       -0.45827394014741
H            1.13255910836851        2.92101284475330        0.28748553394617
H           -1.54445195119117        4.08749871723058       -0.38301957031876
H           -0.65213931118753        6.12653656679064        0.73656821025418
H            0.80205249148998        5.24354994121277        1.18770075047226
H            1.36798119712159        4.90292418222448       -1.19326025427872
H           -0.15610650868421        5.64338147656469       -1.68149685381807
H            1.70743116088474        7.26230867936557       -1.87372696405796
H            0.56906622766159        7.79469410792521       -0.63294381065851
H            2.09594517637555        7.04730119615724       -0.16606550908876
H           -2.02073963994731        3.18567049000773        4.80519072213508
H           -2.33249786195661        6.24705327426180        2.42135766057925
H           -4.79651853634510        3.66009772286874        4.73028898407271
H           -3.77950164396669        4.57595380382631       -0.06871628990077
H           -6.58256392633460        4.31363696634290        3.14808322204848
H           -6.07700052928582        4.75806642933887        0.79639442873442
H            1.03099618150105        3.39802695501129        2.64274424160944
H            0.53283585066842        3.68234863959674        4.31413291478255
H            0.38154266020322        2.06990353915987        3.61023164008247
H            2.43713964958832        2.46117248258557       -2.55066269388877
H            1.01346521513353        2.80285713146366       -2.05186470464048
O           -2.58545385988603        7.15302444506391        2.23518232973849
H            0.73022387743592        1.01688642923825       -3.32927428357375
H           -3.48732139464593        7.11600700510746        1.90113238763172
N            5.76652837586086        0.63142301787763       -2.27105313341654
C            7.78948612591410        0.79729218638827       -0.94726612700128
O            8.51394117538453       -0.08879514547591       -0.55095623503905
C            4.15045426627075        0.85724096423013       -4.04419741611677
C            4.66804313080246        1.29111242148756       -2.69723917995250
O            4.15569766016881        2.19331508440115       -2.05343340226859
H            3.36619734550095        0.11831402110716       -3.88487876124976
H            4.93354910468786        0.42302685742409       -4.65923348325777
H            3.70421336941827        1.70640845858911       -4.55476564478966
N            8.23633806363639        1.94529126784185       -1.49608077377270
C            9.63827207866153        2.24112005802770       -1.66070800992168
H            9.91277241839245        3.13495945879601       -1.09802284807206
H            9.88085276606670        2.39286391065660       -2.71391556366781
H           10.19734585159812        1.38858455835881       -1.27888826895892
76
 energy: -110.273175892092 gnorm: 0.001312366470 xtb: 6.7.1pre (5071a88)
N            0.19723904052845        0.45537131468520       -0.55483720661898
C            1.52949763765693        0.15920702026094       -0.33748223378024
C            2.24881383531913        0.65251765950039        0.75236296757691
C            3.59681530688706        0.38838783412617        0.87331195464087
C            4.26047281289958       -0.40556917774193       -0.05335580443492
C            3.51441359904928       -0.99817079190661       -1.06510916674326
C            2.17067269816455       -0.72529893808386       -1.20781643340802
C            5.75817006630040       -0.47030948797372       -0.06808344610830
C            6.25776851702195        0.72025794246903       -0.90944247663972
C           -0.44696747783795        1.64967835250776       -0.28338808654894
C            0.07270495484668        2.80716805480302        0.12642699767521
C           -0.79389965768769        4.00528349604718        0.41333377950691
C            0.01250179603309        5.31284164175568        0.43852624732745
C            0.62634687887990        5.65489635278557       -0.91725736449396
C            1.29140986799931        7.02583675976711       -0.89670576829825
O            0.23367755155215        0.20668005809081       -3.55717380934982
N           -2.11376179601892        3.43013840165502        3.83417893581467
C           -3.27862651486683        3.75405116972975        3.20467466086471
C           -2.96435037167602        4.01151167093230        1.84705453885116
C           -1.55237880874425        3.82425907369550        1.70099788436913
C           -4.57433206082864        3.85720854676153        3.69151256150892
C           -3.98873999286899        4.37565502881686        0.97138372907403
C           -1.07319466104510        3.47016666658022        2.93404219051187
C           -5.56329093499458        4.22208156121943        2.80294484944178
C           -5.27222206938762        4.47720218897202        1.46001448218114
C            0.29942373089885        3.13774251549122        3.39972642138246
O            1.50564433400939        2.52540642298457       -2.83195237333434
H           -0.20698220097136       -0.06464744882024       -1.32423743734126
H           -0.27684520392442        0.42613456793653       -4.33754782221665
H            1.74695551517300        1.24448862810119        1.49954318133880
H            4.15070542313587        0.81804822495414        1.69634245844629
H            3.99712802745452       -1.66888046586066       -1.76336452278418
H            1.60862683740408       -1.15797323007224       -2.02206890894158
H            6.12176559994944       -1.39821310954607       -0.51218183240388
H            6.17655401082383       -0.38351694619554        0.93447809688040
H            5.84789250640285        1.64898179828817       -0.49550079222775
H            6.07212873243596       -0.17803178140427       -2.79172464630469
H            7.56720633758697        2.63194853934169       -1.80867791558595
H           -1.51534272661313        1.58819153655710       -0.45766727255171
H            1.13310214722267        2.92153707444163        0.28765789270424
H           -1.54356451913258        4.08861604319169       -0.38265361612024
H           -0.65076367514242        6.12716353108239        0.73792617794861
H            0.80323624511123        5.24357676647136        1.18836827850231
H            1.36898788733475        4.90378583413227       -1.19255512642175
H           -0.15528071756313        5.64396629554276       -1.68058644120940
H            1.70767701166187        7.26334593532644       -1.87304404837114
H            0.56961867177092        7.79533281157848       -0.63185070583042
H            2.09678228774021        7.04821855347379       -0.16556354972070
H           -2.02115843757071        3.18515892598492        4.80514310267367
H           -2.33797826475727        6.24319168725784        2.40989473218968
H           -4.79710239615925        3.65805298157708        4.72939866981204
H           -3.77867060439203        4.57747641391431       -0.06864813975452
H           -6.58278088536159        4.31206598783444        3.14697047544585
H           -6.07646930604695        4.75850479698306        0.79581883649754
H            1.03115581964790        3.39865065979680        2.64358321412547
H            0.53245964408967        3.68239437456153        4.31490059142491
H            0.38177603799352        2.07005404577585        3.61054804929089
H            2.43749729768764        2.46193140334454       -2.55092966021873
H            1.01380868415957        2.80296758635818       -2.05164688073008
O           -2.59384752066878        7.15627170848013        2.24896134686545
H            0.73314066935696        1.01708200270306       -3.32960169515116
H           -3.49017872132387        7.12689438176590        1.90807210270554
N            5.76597986567361        0.63049658346575       -2.27160527812306
C            7.78937691160800        0.79698793180480       -0.94797545481037
O            8.51405512845349       -0.08795196021253       -0.54951013457777
C            4.14815042833249        0.85604335829336       -4.04366345404458
C            4.66725707752167        1.29009845602235       -2.69736704781335
O            4.15559665208552        2.19279702644750       -2.05366200352728
H            3.35504051111012        0.12610300130731       -3.88260492986289
H            4.92812644475928        0.41049296708315       -4.65547953256352
H            3.71204979334162        1.70841914945177       -4.55887652268119
N            8.23590531180615        1.94397112752149       -1.49916651687865
C            9.63779938833611        2.24048449036690       -1.66310283688782
H            9.91158979690823        3.13448177029957       -1.10023641735798
H            9.88083516401049        2.39235790426849       -2.71620408843566
H           10.19718902934993        1.38824674110755       -1.28099000650578
76
 energy: -110.273189476734 gnorm: 0.004198145102 xtb: 6.7.1pre (5071a88)
N            0.19787434137415        0.45570296330258       -0.55377458309939
C            1.52998422755618        0.15892453344440       -0.33599376231335
C            2.25005635094514        0.65388989259800        0.75261854210564
C            3.59805641225881        0.38956320924606        0.87321608149861
C            4.26092737770018       -0.40620314619553       -0.05247309469142
C            3.51406237200759       -1.00066197897874       -1.06250131313120
C            2.17024735676576       -0.72778106642953       -1.20471639757852
C            5.75859769377922       -0.47105780293121       -0.06825969781777
C            6.25767064025594        0.71849928304968       -0.91121022127124
C           -0.44621013068712        1.65036157566762       -0.28293995968215
C            0.07370656608011        2.80777292876688        0.12673879183712
C           -0.79226717988289        4.00642212037215        0.41379611993569
C            0.01524135107758        5.31323750323859        0.44032203060251
C            0.62825844176496        5.65676276033369       -0.91544130484905
C            1.29313879892339        7.02773565601822       -0.89381013777958
O            0.25129300355392        0.20463483744196       -3.56248080069122
N           -2.11417784774772        3.42853727994328        3.83327684947834
C           -3.27871037569074        3.75271677449445        3.20339301467944
C           -2.96362013312727        4.01196211010911        1.84625619353497
C           -1.55151757725512        3.82511022741967        1.70092808680067
C           -4.57491262808600        3.85397709592797        3.68937822729845
C           -3.98754451617538        4.37756410498895        0.97052736842709
C           -1.07299467000039        3.47032987119589        2.93405792572498
C           -5.56336614233230        4.21996921957172        2.80070400112805
C           -5.27133269347718        4.47805065671793        1.45852374478785
C            0.29974817725280        3.13971054204161        3.40067273377315
O            1.50582480424301        2.52909217299782       -2.83142504005263
H           -0.20629419045547       -0.06479401891335       -1.32288205465264
H           -0.25581606336557        0.42050786055422       -4.34603838066435
H            1.74888380785943        1.24730639415580        1.49909309826091
H            4.15259697153806        0.82072501473071        1.69502789555080
H            3.99606412523458       -1.67265514588506       -1.75998132751356
H            1.60776000410059       -1.16209961105909       -2.01775976585130
H            6.12181209662954       -1.39963847419600       -0.51127023589439
H            6.17772939925322       -0.38292230673887        0.93390381683641
H            5.84825100264626        1.64763560897701       -0.49761780309006
H            6.07046499697671       -0.18093747077640       -2.79269786525199
H            7.56533337339064        2.62512415975050       -1.82192480134312
H           -1.51456010466190        1.58875660104615       -0.45732895816272
H            1.13408818413636        2.92197317417342        0.28806217760372
H           -1.54141144854244        4.09080298276845       -0.38257404624086
H           -0.64700248068509        6.12762654411559        0.74191433644345
H            0.80657264370216        5.24203540347111        1.18931908427957
H            1.37081558642022        4.90602839613167       -1.19199612609352
H           -0.15378994284485        5.64654289663655       -1.67835618448127
H            1.71035074665426        7.26564184758525       -1.86961602952302
H            0.57098617325205        7.79702130588797       -0.62940961996141
H            2.09772802376800        7.04997940103011       -0.16184991870431
H           -2.02207494354200        3.18435229605799        4.80449099875695
H           -2.35771593251908        6.23626921880077        2.38878983869657
H           -4.79840001519683        3.65251796563989        4.72666628723982
H           -3.77686625852407        4.58157891140206       -0.06893496532402
H           -6.58322965473902        4.30844303284279        3.14405491421358
H           -6.07514073298143        4.76070425413862        0.79435490142277
H            1.03170835120916        3.40232527229889        2.64533262874414
H            0.53100976879846        3.68443981047332        4.31626941691428
H            0.38378761665174        2.07207092044290        3.61108815449946
H            2.43809648278624        2.46453854072014       -2.55153208656421
H            1.01466829860645        2.80445581606850       -2.04999628310968
O           -2.60496627744130        7.16130889466597        2.26621961889782
H            0.74243228950768        1.01929708161244       -3.33097760453832
H           -3.50622909389251        7.15705666420782        1.93858768354939
N            5.76477921397941        0.62803684318266       -2.27299622596575
C            7.78934525999524        0.79593265786687       -0.94983714635379
O            8.51451210236017       -0.08601550807723       -0.54575933511022
C            4.14204650805807        0.85211114283197       -4.04198922124718
C            4.66468963446578        1.28639058576707       -2.69713684283578
O            4.15350716474029        2.18902218202328       -2.05287962692751
H            3.32939357054391        0.14420774729633       -3.87785593805533
H            4.91327123418228        0.38103537485208       -4.64598730758178
H            3.72978910953929        1.71037279039251       -4.56762493874236
N            8.23480562406014        1.94040501183969       -1.50700519701038
C            9.63647966588623        2.23862628507222       -1.66972886263289
H            9.90850285196480        3.13345311157881       -1.10713416777661
H            9.88049489601347        2.39007946748192       -2.72264917431956
H           10.19670633930614        1.38749974073692       -1.28623020917744
76
 energy: -110.273203956913 gnorm: 0.002828341226 xtb: 6.7.1pre (5071a88)
N            0.19856248655564        0.45544153450193       -0.55404732619374
C            1.53045577494817        0.15843917673383       -0.33539181223850
C            2.25052808983091        0.65426951964748        0.75281745019685
C            3.59854851640608        0.39001359028650        0.87363712659773
C            4.26137671436887       -0.40646547834084       -0.05142439514514
C            3.51446214071183       -1.00198495280836       -1.06079690016414
C            2.17062974639771       -0.72931152538324       -1.20312622330669
C            5.75903891509352       -0.47109365278849       -0.06763896610114
C            6.25770102207343        0.71769816492067       -0.91170233587050
C           -0.44595166784345        1.65000143093493       -0.28358558016113
C            0.07393889673787        2.80739704602107        0.12615038125492
C           -0.79185763985540        4.00625941455035        0.41321612188031
C            0.01602094405209        5.31280941107825        0.44062677251081
C            0.62848171134706        5.65772897393121       -0.91497992101430
C            1.29391726060422        7.02839217506922       -0.89187190507639
O            0.25850152752741        0.20595162993123       -3.56438812431794
N           -2.11421787001274        3.42794060328033        3.83232838252786
C           -3.27870454549717        3.75195486501824        3.20230184133926
C           -2.96344223722925        4.01152918361245        1.84527497812344
C           -1.55133307577580        3.82486476124043        1.70013763721511
C           -4.57499942806251        3.85280257848036        3.68816652157628
C           -3.98725696759186        4.37776502344083        0.96961203133493
C           -1.07287217648708        3.47030535018595        2.93336924170233
C           -5.56327808523600        4.21945825860221        2.79957808747727
C           -5.27102104599427        4.47840113622237        1.45760578014298
C            0.30010385896918        3.14141990266410        3.40059124991232
O            1.50590155635741        2.53194126360272       -2.83044432911774
H           -0.20522706732219       -0.06557843196373       -1.32301241698563
H           -0.24713391330916        0.42176618590586       -4.34899811026433
H            1.74946795634907        1.24834537179759        1.49883407997128
H            4.15306955992137        0.82200271683271        1.69502991037400
H            3.99649830946424       -1.67453448976177       -1.75769268942054
H            1.60822574503177       -1.16453427026497       -2.01572900179900
H            6.12223895245626       -1.40019708838733       -0.50958662811911
H            6.17851829369052       -0.38171448566544        0.93431095722035
H            5.84845474689456        1.64713932450334       -0.49854312066277
H            6.07021411743011       -0.18246763889191       -2.79281147918486
H            7.56462020632446        2.62254136185721       -1.82730322175438
H           -1.51415772405080        1.58799071163362       -0.45855628114772
H            1.13422853805939        2.92156900624494        0.28793276564757
H           -1.54072493832509        4.09108041374736       -0.38336356647261
H           -0.64583454787745        6.12699125300525        0.74369628278530
H            0.80771693212711        5.24052025005423        1.18911592669778
H            1.37060693480411        4.90702569611179       -1.19277614182326
H           -0.15390095580775        5.64877556278229       -1.67758185773379
H            1.71322472901554        7.26623556499013       -1.86679693732546
H            0.57158493177975        7.79796050237295       -0.62881102774732
H            2.09702449241993        7.05015534063912       -0.15825886798034
H           -2.02212350972735        3.18415880957388        4.80364280560601
H           -2.36864638657009        6.23614360313657        2.38618221067000
H           -4.79857798660812        3.65060772765678        4.72527621945417
H           -3.77654923178161        4.58229100921586       -0.06973155121356
H           -6.58317768018550        4.30782761975497        3.14283699619898
H           -6.07467056173207        4.76186172106133        0.79358232589507
H            1.03212766463066        3.40512742575221        2.64568043985418
H            0.53004088289650        3.68660696137905        4.31626364459108
H            0.38566021025417        2.07391671194775        3.61112012612289
H            2.43817331209138        2.46587335627277       -2.55070693458450
H            1.01470384884961        2.80630803284821       -2.04875725368870
O           -2.60821497105135        7.16284658513233        2.26883510343542
H            0.74663146740038        1.02187868520792       -3.33071613930935
H           -3.51332577735389        7.16715606294616        1.95080215521047
N            5.76429424076749        0.62659614363693       -2.27337058645347
C            7.78947671383678        0.79561589903035       -0.95044374846020
O            8.51487841801240       -0.08494708334887       -0.54391476482543
C            4.13929413319183        0.84964755163619       -4.04102344498427
C            4.66339490128967        1.28407157436178       -2.69663465988507
O            4.15244471732832        2.18691732828046       -2.05243836522401
H            3.31957311038135        0.15057610865909       -3.87565050776071
H            4.90667809425400        0.36898180095967       -4.64191929576782
H            3.73631777523262        1.70978880266106       -4.57043838678364
N            8.23416666900447        1.93914225028967       -1.50993877306397
C            9.63579613862395        2.23764505617553       -1.67295163600158
H            9.90751640559619        3.13319823649647       -1.11128797619366
H            9.87985505514767        2.38801321496374       -2.72601446651839
H           10.19631262465056        1.38714656214900       -1.28839789581705
76
 energy: -110.273226153332 gnorm: 0.001921356110 xtb: 6.7.1pre (5071a88)
N            0.20096099723138        0.45542159623261       -0.55525973320131
C            1.53209928493177        0.15755635747108       -0.33383019648895
C            2.25197910980518        0.65537154933088        0.75354155965783
C            3.59996710697646        0.39098713369873        0.87531868351605
C            4.26279926255916       -0.40734150900316       -0.04800960595389
C            3.51584749823641       -1.00542435680036       -1.05592085718033
C            2.17210788098864       -0.73300573156055       -1.19890832859612
C            5.76046083050682       -0.47120453128066       -0.06534048678500
C            6.25758711092761        0.71571288955834       -0.91257150201641
C           -0.44489418926412        1.64945181763572       -0.28561505284389
C            0.07481748134098        2.80690012620107        0.12425025950651
C           -0.79074233381554        4.00606326576394        0.41141539477489
C            0.01771742477920        5.31216665209988        0.44131625181736
C            0.62887680370574        5.66099186430936       -0.91376645246621
C            1.29634637281655        7.03058086876781       -0.88631800248425
O            0.27890305637661        0.21017868888715       -3.57011802078333
N           -2.11429907561388        3.42637200086570        3.82954849453088
C           -3.27865036222673        3.74989519998011        3.19915514057967
C           -2.96295065499080        4.01004599700928        1.84233756716526
C           -1.55079300159768        3.82404679255032        1.69776256888362
C           -4.57511702552579        3.85031307768133        3.68472573906877
C           -3.98650978957859        4.37724049445507        0.96663119588755
C           -1.07251272660493        3.47013814101890        2.93125490329919
C           -5.56294472547624        4.21839582099196        2.79624507291356
C           -5.27020498729273        4.47852506746570        1.45459086913779
C            0.30095202110855        3.14547444801291        3.40012221526982
O            1.50668785174750        2.54026292414153       -2.82711563948272
H           -0.20216882221972       -0.06773393246007       -1.32304006037648
H           -0.22263115158923        0.42632088106469       -4.35743964525322
H            1.75118564711679        1.25129069024152        1.49825950357336
H            4.15425637608121        0.82486730828838        1.69586410858427
H            3.99801625205887       -1.67950515103242       -1.75118409063529
H            1.60995238652574       -1.17028459088236       -2.01056122553743
H            6.12366092399902       -1.40150105468257       -0.50480817308052
H            6.18098615810968       -0.37868170569515        0.93595444859467
H            5.84830755411808        1.64586536304445       -0.50090688859021
H            6.06874745182053       -0.18776414791115       -2.79196914425370
H            7.56282280778499        2.61640832364352       -1.84142388748737
H           -1.51272300630687        1.58641397026433       -0.46208430812624
H            1.13488309407297        2.92094430194711        0.28717446949734
H           -1.53888817678049        4.09195657839886       -0.38571821705659
H           -0.64339825380408        6.12561986229654        0.74806966834183
H            0.81027373142522        5.23729780758121        1.18860324903903
H            1.36957810860673        4.91015264026309       -1.19498539354305
H           -0.15432892458943        5.65588830532120       -1.67559171716384
H            1.72162100389656        7.26820616084217       -1.85875821840170
H            0.57382497087387        7.80122923209096       -0.62691894964283
H            2.09532850064694        7.05057968269320       -0.14807660058401
H           -2.02202738367835        3.18342698397959        4.80104722693520
H           -2.39746787516643        6.23453032641929        2.37502065176923
H           -4.79885401596279        3.64698235977881        4.72153794997220
H           -3.77571125643823        4.58235408545439       -0.07255005438636
H           -6.58286542483175        4.30716830706716        3.13932018365572
H           -6.07348553010226        4.76356716134523        0.79079530605025
H            1.03323855669722        3.41171348226940        2.64633759862466
H            0.52754603426237        3.69186720790875        4.31593384995306
H            0.39015818298715        2.07835906331076        3.61109710025070
H            2.43892057652749        2.46976750948803       -2.54795787829868
H            1.01546370739666        2.81201127666343       -2.04460677004740
O           -2.61956751435528        7.16648176028058        2.27869726272757
H            0.75851756323197        1.02951305150806       -3.32992172675203
H           -3.53376630893992        7.19406061368904        1.98548373817755
N            5.76258610358205        0.62198518612212       -2.27373602293958
C            7.78954957962350        0.79529031842514       -0.95176999776709
O            8.51576953635611       -0.08122903956694       -0.53824993313409
C            4.13107786635732        0.84188725063202       -4.03740152191995
C            4.65987279609067        1.27748910859863       -2.69498776216707
O            4.15049805005703        2.18186367038446       -2.05148896071142
H            3.29106258140984        0.16834991859705       -3.86778341838341
H            4.88715273730839        0.33338076581717       -4.62954839119817
H            3.75449101225128        1.70707993984042       -4.57789451125807
N            8.23232044597831        1.93580445222451       -1.51846920031965
C            9.63389539289080        2.23450415146640       -1.68302649063451
H            9.90536207876128        3.13235893711656       -1.12485463767720
H            9.87750214681724        2.38091867097616       -2.73672429292825
H           10.19496250688949        1.38582630941638       -1.29520026335513
76
 energy: -110.273237695673 gnorm: 0.001863091606 xtb: 6.7.1pre (5071a88)
N            0.20382967795621        0.45552034697523       -0.55758898393083
C            1.53410929407360        0.15684735148005       -0.33294415534197
C            2.25306901245361        0.65588887672876        0.75439253784118
C            3.60095328932835        0.39134668298063        0.87786052101021
C            4.26446801476749       -0.40820966120896       -0.04379340941438
C            3.51809392121843       -1.00816591013939       -1.05115483481291
C            2.17461177013761       -0.73578377904442       -1.19567806456333
C            5.76217373029029       -0.47087196946303       -0.06154515166330
C            6.25749016918661        0.71455953354578       -0.91188838263187
C           -0.44354507764618        1.64873320808999       -0.28861276214749
C            0.07555347244955        2.80641401324615        0.12157812113108
C           -0.79035096288919        4.00535170770539        0.40868448081019
C            0.01768930254090        5.31164734346627        0.44085088762585
C            0.62807502541916        5.66444746313194       -0.91347994765999
C            1.29858679023288        7.03245954351951       -0.88086522738732
O            0.29465683454915        0.21749131964468       -3.57502277151064
N           -2.11415033426931        3.42583934015185        3.82656363483891
C           -3.27854986174785        3.74849213375453        3.19596243847190
C           -2.96288481408461        4.00785126979236        1.83896544618280
C           -1.55070520304331        3.82250533471287        1.69465760237897
C           -4.57487726476749        3.85004849583862        3.68169079976842
C           -3.98645094240337        4.37470451710563        0.96307387766828
C           -1.07224138861626        3.46996143517129        2.92843871894474
C           -5.56254326625292        4.21862290866462        2.79324841085153
C           -5.26991848124323        4.47745755604484        1.45131158627283
C            0.30163184863200        3.14880450140114        3.39858061913893
O            1.50815590450600        2.54924418075274       -2.82303691740830
H           -0.19879050316125       -0.07001344741803       -1.32385304732664
H           -0.20532224291106        0.43603107635211       -4.36263189141370
H            1.75199464656142        1.25317676205468        1.49783068557757
H            4.15443426548648        0.82645443605327        1.69828430673061
H            4.00082722229436       -1.68347473965317       -1.74479393736926
H            1.61309916558020       -1.17431833592647       -2.00710698075118
H            6.12589864578498       -1.40192142817648       -0.49897061710754
H            6.18331965483615       -0.37549558728551        0.93922010174251
H            5.84760224969925        1.64524358870519       -0.50201458405166
H            6.06734504923871       -0.19308407360393       -2.78921320418557
H            7.56160273169903        2.61307774586693       -1.85061750321519
H           -1.51100307941123        1.58481467499432       -0.46667943889155
H            1.13538334746589        2.92035075706604        0.28589264361283
H           -1.53796060592370        4.09171646918983       -0.38888538525185
H           -0.64344704949153        6.12401389404775        0.75050874695139
H            0.81084840338865        5.23508255040515        1.18729886220579
H            1.36692126548510        4.91313805109148       -1.19827645936668
H           -0.15575378208038        5.66408011096342       -1.67469288096909
H            1.73077994992507        7.26977060318678       -1.85038460815110
H            0.57635556838359        7.80474608785905       -0.62549285721546
H            2.09287443099899        7.04984855081879       -0.13740754327255
H           -2.02130960460676        3.18339350041855        4.79812757626897
H           -2.41870472957345        6.23293524681892        2.36575052425926
H           -4.79839080153368        3.64744491537600        4.71866881858065
H           -3.77584890008305        4.57860039625974       -0.07637821215607
H           -6.58225752608976        4.30897540170627        3.13652519031562
H           -6.07311208943501        4.76281728118355        0.78756618960025
H            1.03404784847576        3.41657470674200        2.64546552215829
H            0.52574622651798        3.69656142947254        4.31419833171656
H            0.39367145661528        2.08212696890595        3.61045509490815
H            2.44036642010606        2.47451443864499       -2.54473288605638
H            1.01717067484483        2.81844465623041       -2.03945716104747
O           -2.63228394402402        7.16764638543350        2.28970242683133
H            0.76784900854377        1.03889944823484       -3.32885913034539
H           -3.54827354028092        7.20871951573579        2.00854753685666
N            5.76099511264748        0.61747219383069       -2.27240650682757
C            7.78944419203580        0.79581992638687       -0.95204025161213
O            8.51660796379016       -0.07750702194577       -0.53372170919879
C            4.12403848347567        0.83376189622781       -4.03256904476363
C            4.65701389294946        1.27142694427994       -2.69248794349835
O            4.14923984980529        2.17735616887795       -2.04977685440696
H            3.27287554446483        0.17793849931731       -3.86017666747869
H            4.87070116452116        0.30802043028326       -4.61871337690276
H            3.76435259632447        1.69967980350090       -4.58065716142413
N            8.23080466278465        1.93369782870419       -1.52480038879561
C            9.63237608667635        2.23137562946847       -1.69280197116979
H            9.90478690101717        3.13212804062426       -1.13983858300482
H            9.87440414799822        2.37207352981591       -2.74764824072095
H           10.19374910730382        1.38465634883877       -1.30120460496903
76
 energy: -110.273153542726 gnorm: 0.010178647769 xtb: 6.7.1pre (5071a88)
N            0.21043619528062        0.45761021773630       -0.56034717134122
C            1.53890718601222        0.15631725144235       -0.32952086712077
C            2.25697564969776        0.65895781586539        0.75664969245921
C            3.60448377127542        0.39332786836277        0.88301788544896
C            4.26825430418031       -0.41069505181994       -0.03444061649664
C            3.52196151092725       -1.01565063863491       -1.03911977612193
C            2.17904287891130       -0.74259100211039       -1.18627013865329
C            5.76599072241551       -0.47125351529870       -0.05400515452707
C            6.25687103574064        0.71063927213635       -0.91205412240618
C           -0.43904083687941        1.64976589255013       -0.29307626843022
C            0.07903351715531        2.80794524332862        0.11749843665033
C           -0.78726819182736        4.00658346150939        0.40472004705642
C            0.02059759386240        5.31283921294559        0.44243784090126
C            0.62926244894653        5.67406920995503       -0.91040467784416
C            1.30533957555761        7.03916355843286       -0.86747306635432
O            0.34596159469324        0.22820224834481       -3.59058294784422
N           -2.11449413208418        3.42350532367901        3.82030840604713
C           -3.27846521900264        3.74496431783296        3.18881845880938
C           -2.96180659184863        4.00468409136057        1.83198610959245
C           -1.54929262174336        3.82134795654732        1.68930767447679
C           -4.57514497371017        3.84691801718693        3.67357682760389
C           -3.98487779966212        4.37085985616348        0.95507362034574
C           -1.07155130735644        3.47012738481907        2.92368680289929
C           -5.56197931789331        4.21640340904447        2.78458471834648
C           -5.26848748242815        4.47459465335081        1.44264322286404
C            0.30272437614766        3.15512296844133        3.39681697406063
O            1.51316639414473        2.57048912688111       -2.81494321005923
H           -0.19207246213081       -0.07320315126527       -1.32261377403097
H           -0.14530372487456        0.44445553260317       -4.38467352520495
H            1.75618755641123        1.26044219334049        1.49691763356035
H            4.15729518856280        0.83187644861280        1.70204572109344
H            4.00456286872046       -1.69483240409997       -1.72900138047205
H            1.61806514550723       -1.18456396242511       -1.99625161136571
H            6.13026267355022       -1.40401239358680       -0.48734307562596
H            6.18931464943971       -0.36968520523740        0.94519825509641
H            5.84610375116958        1.64273626990815       -0.50611909927537
H            6.05921566736364       -0.20914523139865       -2.78272191036509
H            7.55644842792827        2.59907644995224       -1.88359634875483
H           -1.50597173619459        1.58477660134063       -0.47355614458360
H            1.13850072568267        2.92157369421170        0.28411191332775
H           -1.53330262373564        4.09472772869125       -0.39413886390283
H           -0.64001136758957        6.12321082010900        0.75867559351835
H            0.81503382677165        5.23194362092449        1.18704418485477
H            1.36458737686799        4.92213974355255       -1.20261107556030
H           -0.15589109565491        5.68297844980708       -1.67024250793978
H            1.74945751903626        7.27679474227026       -1.83169711889105
H            0.58385437417478        7.81420746388813       -0.61821716766306
H            2.09153455816185        7.05111734936844       -0.11505538886860
H           -2.02123664794251        3.18265661083169        4.79222261269184
H           -2.48372528451928        6.22188771474784        2.32424999556756
H           -4.79926226810554        3.64430821068291        4.71040764565437
H           -3.77364365231298        4.57424738607204       -0.08433589670688
H           -6.58177396049077        4.30817215034229        3.12734730976257
H           -6.07110302304382        4.76050117456858        0.77847266331765
H            1.03580806021053        3.42609489663634        2.64549054743656
H            0.52172949055924        3.70487047104990        4.31245174449764
H            0.39975285887579        2.08913455038719        3.60976320321527
H            2.44562130503077        2.48729747657648       -2.53918365747593
H            1.02330364691221        2.83119678845848       -2.02746411140048
O           -2.66736550842034        7.17234924175690        2.32396157491253
H            0.79763070028890        1.05846685835865       -3.32974423598534
H           -3.59808497187133        7.26950601857861        2.09306714665812
N            5.75520466857460        0.60499000351447       -2.27021744461966
C            7.78853514091960        0.79572736559094       -0.95511807906459
O            8.51845112829844       -0.06772739901075       -0.52074029097959
C            4.10251078276277        0.81280523851704       -4.02000811233345
C            4.64858236282613        1.25629474403654       -2.68731236613984
O            4.14811178946740        2.16883910990912       -2.04753377195959
H            3.19917864443016        0.22247611889124       -3.83523920639657
H            4.82028303298103        0.21435974034086       -4.58305881376040
H            3.80964725629765        1.69025510093282       -4.59904152171291
N            8.22638834287185        1.92492257370291       -1.54807681474779
C            9.62749544829018        2.22267743593048       -1.72155254300859
H            9.89980032614697        3.13029318720421       -1.17971704955444
H            9.86728298754586        2.35119521423380       -2.77847424195652
H           10.19040576362973        1.38133910654968       -1.32065929536037
76
 energy: -110.273253143256 gnorm: 0.002145577684 xtb: 6.7.1pre (5071a88)
N            0.20758050634124        0.45721373502311       -0.55910955128172
C            1.53693086730129        0.15707922053321       -0.33138482932066
C            2.25511215962752        0.65749778146144        0.75579942446730
C            3.60269891145379        0.39221062837779        0.88110433453645
C            4.26658402229237       -0.40951947475475       -0.03838095454072
C            3.52048888839416       -1.01156494929275       -1.04481669869917
C            2.17741451483199       -0.73843398584408       -1.19121953579344
C            5.76431472465793       -0.47095180109177       -0.05660807320471
C            6.25713406819925        0.71290303089431       -0.91100173970639
C           -0.44048852021794        1.64996189069824       -0.29096730445734
C            0.07779813672698        2.80803307706098        0.11951717540658
C           -0.78881281689963        4.00637565963007        0.40654525908185
C            0.01837473095161        5.31314586388960        0.44139431825456
C            0.62849041088458        5.66997259582089       -0.91200888380266
C            1.30222953771014        7.03628233173810       -0.87400157043489
O            0.32027489422234        0.22410622768248       -3.58300071918954
N           -2.11433315868719        3.42551205007627        3.82345434954037
C           -3.27852811267107        3.74741626032748        3.19239963281048
C           -2.96247830023623        4.00623498776128        1.83527986935926
C           -1.55007010776293        3.82202627730066        1.69182755567314
C           -4.57496171464453        3.84987804776682        3.67764947616690
C           -3.98592100836550        4.37143830915925        0.95852366670077
C           -1.07198555980564        3.47031533771297        2.92594565644764
C           -5.56235868625450        4.21779660319702        2.78862039632223
C           -5.26952436384186        4.47464125880323        1.44630117166966
C            0.30183285385867        3.15079407204265        3.39719461055769
O            1.51207309763245        2.56085453618527       -2.81882669177911
H           -0.19537210943396       -0.07091255616637       -1.32313088258737
H           -0.17589248091421        0.44067048924504       -4.37375320264198
H            1.75391008412469        1.25674037186299        1.49757742514077
H            4.15568133652479        0.82866366352802        1.70113566979529
H            4.00314264112127       -1.68883477467466       -1.73657365418895
H            1.61629580534689       -1.17814628723317       -2.00232482089343
H            6.12861595218629       -1.40253450142446       -0.49238675484730
H            6.18635966248209       -0.37269721563057        0.94339648159739
H            5.84662874847874        1.64426710269924       -0.50327828197965
H            6.06149358311593       -0.20249967737958       -2.78396358260415
H            7.55860618067281        2.60649440026851       -1.86609998199224
H           -1.50777668779453        1.58597884042940       -0.47004248369743
H            1.13746299783229        2.92192265796459        0.28503307758488
H           -1.53567860744983        4.09320987051258       -0.39167684484189
H           -0.64312919597986        6.12429037213486        0.75347739470812
H            0.81180302748770        5.23520574313435        1.18739583396896
H            1.36543320890478        4.91820616164587       -1.20034131612778
H           -0.15574127253288        5.67450905142978       -1.67272563813012
H            1.73971368070166        7.27408363740076       -1.84099497011913
H            0.58089809942617        7.81008999836991       -0.62074767330211
H            2.09298267913635        7.05030996794903       -0.12672129022640
H           -2.02125204750954        3.18378092280634        4.79517124032156
H           -2.44942712613637        6.22657439231793        2.34405403982737
H           -4.79877248387655        3.64857477981250        4.71483779221659
H           -3.77495859395097        4.57407719186543       -0.08111077619106
H           -6.58207351019528        4.30920110092244        3.13170265288569
H           -6.07258808495308        4.75895084177327        0.78197772937407
H            1.03456395297544        3.41896529673616        2.64455285525445
H            0.52455298615444        3.69933778950607        4.31261014914634
H            0.39494330893589        2.08438855289334        3.60975404237541
H            2.44442354042008        2.48244837774144       -2.54192368654669
H            1.02186660700350        2.82462919785528       -2.03265335993686
O           -2.65120828681864        7.16779553115369        2.30655943161290
H            0.78287252230415        1.04983290450961       -3.33003537490978
H           -3.57356814168399        7.23425959278650        2.04990078165066
N            5.75746977451813        0.61064744109103       -2.26989867072832
C            7.78868261741772        0.79591848896258       -0.95355369832697
O            8.51755923600814       -0.07255001003480       -0.52787977443848
C            4.11282609370741        0.82227361250820       -4.02469260290765
C            4.65285503721422        1.26411203534075       -2.68919918499004
O            4.15027698827300        2.17478458485748       -2.04872869846233
H            3.23593275973926        0.19893933224859       -3.84531878681820
H            4.84517782671951        0.26004215035434       -4.59899291074746
H            3.78585923834207        1.69320657629375       -4.58909718505785
N            8.22852532528950        1.92909482996004       -1.53714936399474
C            9.62971106574654        2.22649325977897       -1.70902106407656
H            9.90244552287269        3.13139337173868       -1.16311456265071
H            9.86998980036979        2.35960632452418       -2.76521458085543
H           10.19200676187253        1.38298464148274       -1.31202128256424
76
 energy: -110.273261375526 gnorm: 0.001896198431 xtb: 6.7.1pre (5071a88)
N            0.20771294320513        0.45751826366101       -0.55898288391252
C            1.53715366698158        0.15737887956801       -0.33154002288984
C            2.25503520832367        0.65748289846279        0.75602292175263
C            3.60254846356265        0.39218194803348        0.88159071200820
C            4.26669127479532       -0.40946905568765       -0.03785725872627
C            3.52084787330604       -1.01118098047288       -1.04463609772191
C            2.17783169819928       -0.73778557450730       -1.19149946748906
C            5.76444051222871       -0.47080498716420       -0.05553414187149
C            6.25729285890425        0.71316769633824       -0.91002062698869
C           -0.43981124470733        1.65054839293316       -0.29092726652482
C            0.07818621199727        2.80869538414475        0.11973926475425
C           -0.78891502734989        4.00665675531564        0.40647944359304
C            0.01760818556362        5.31385301436617        0.44116052331376
C            0.62832875680030        5.67034952767830       -0.91209144564160
C            1.30231658788496        7.03652542827159       -0.87403948479347
O            0.31988986183965        0.22500447789393       -3.58353613002920
N           -2.11438480230799        3.42667381161234        3.82364336435420
C           -3.27861318523050        3.74840169128151        3.19256560593560
C           -2.96269371036595        4.00645480104815        1.83523300611452
C           -1.55026615889160        3.82217971467240        1.69175707275632
C           -4.57500180218130        3.85129517734731        3.67781847550295
C           -3.98627956421087        4.37058009230465        0.95822181580717
C           -1.07216697364401        3.47073114363918        2.92593479772241
C           -5.56258987213507        4.21801350478286        2.78848654504703
C           -5.26996107824036        4.47355140863999        1.44587657719578
C            0.30145324765120        3.14970775550388        3.39668398630005
O            1.51320776260158        2.56164655288998       -2.81926051697062
H           -0.19538702356286       -0.06993175657066       -1.32338699600123
H           -0.17876292636388        0.44108636548838       -4.37252258620854
H            1.75348633062439        1.25647813979979        1.49774941962615
H            4.15541476823436        0.82837063041629        1.70184134659322
H            4.00349328458628       -1.68843615445959       -1.73642187271570
H            1.61689264415439       -1.17707801498651       -2.00296374795020
H            6.12910252493459       -1.40218766695372       -0.49143074628607
H            6.18605661060154       -0.37264483818472        0.94461670996387
H            5.84693911182133        1.64453830446058       -0.50220718227001
H            6.06036118585151       -0.20291650480904       -2.78242680313651
H            7.55810281945597        2.60640366872050       -1.86481672744055
H           -1.50718680938482        1.58710924115827       -0.46993596605724
H            1.13784869390658        2.92280008768470        0.28536342605514
H           -1.53579145806149        4.09301164500376       -0.39177917435472
H           -0.64450593864107        6.12481935465393        0.75235896384791
H            0.81064914236405        5.23667963495606        1.18766110287852
H            1.36525974881827        4.91847919434308       -1.20010933552794
H           -0.15561682870459        5.67491611232953       -1.67306432986500
H            1.73868969880985        7.27483496839598       -1.84135724343487
H            0.58139889168667        7.81027666145036       -0.61948665875924
H            2.09389502324462        7.04998951942228       -0.12769555014423
H           -2.02140037520284        3.18511221398251        4.79541628061882
H           -2.44723384128648        6.22342570429089        2.34172001899656
H           -4.79881530749740        3.65111051643245        4.71524610777679
H           -3.77532255035888        4.57236720492486       -0.08157984260298
H           -6.58230240293776        4.30939230976601        3.13159386285526
H           -6.07320595525973        4.75658844639763        0.78122467541342
H            1.03408989665403        3.41662912881091        2.64351763509991
H            0.52551365180625        3.69807947385721        4.31186472765538
H            0.39309014354436        2.08319611344271        3.60940355997753
H            2.44572752570362        2.48411828252964       -2.54266424667567
H            1.02342603481660        2.82408670693563       -2.03234915103432
O           -2.64970114759851        7.16457606336172        2.30479110417935
H            0.78226478406746        1.05093303949952       -3.33108890926066
H           -3.57328887225951        7.23131891444218        2.05009412726566
N            5.75730660695736        0.61074415458004       -2.26862701636215
C            7.78863162675601        0.79572054730536       -0.95355359166051
O            8.51776569878348       -0.07319024178948       -0.52923010857755
C            4.11299881175349        0.82189405237220       -4.02330307768911
C            4.65308890141563        1.26471137383205       -2.68844439710328
O            4.15090986549338        2.17556534056744       -2.04800922013755
H            3.24046799968218        0.19536830130642       -3.84453273730814
H            4.84584401068687        0.26419721317002       -4.59830644340371
H            3.78176901417765        1.69004356433173       -4.58689928903183
N            8.22862468099790        1.92880243031146       -1.53731704015501
C            9.62956989855448        2.22618081369538       -1.71026250915619
H            9.90237561470980        3.13182925585046       -1.16568530164130
H            9.86935723183116        2.35797005627959       -2.76674523731288
H           10.19224726494926        1.38327270464926       -1.31254879827509
76
 energy: -110.273268756841 gnorm: 0.002537943809 xtb: 6.7.1pre (5071a88)
N            0.20906837052243        0.45935658449016       -0.55922055273662
C            1.53839511495308        0.15872406671376       -0.33148317570824
C            2.25530430262007        0.65806174555331        0.75713420440637
C            3.60255111991544        0.39231624138312        0.88385694941704
C            4.26734369300259       -0.40933915961519       -0.03523952463704
C            3.52230256421217       -1.01020543875257       -1.04303492524246
C            2.17955088894879       -0.73595536617599       -1.19139433396532
C            5.76510625572765       -0.47043240037069       -0.05180884634796
C            6.25747423819619        0.71331227012412       -0.90733118857820
C           -0.43751325892355        1.65275962245182       -0.29131862561015
C            0.07981722880404        2.81108735680403        0.11978125373482
C           -0.78892231047320        4.00780060302736        0.40604151902194
C            0.01547312858766        5.31636173110101        0.44084830308431
C            0.62788118959685        5.67247327874560       -0.91179241839163
C            1.30310839292312        7.03801138005728       -0.87318398414613
O            0.32101695848171        0.22865634194093       -3.58384450868135
N           -2.11457870031986        3.42949778640814        3.82357507507006
C           -3.27881807504001        3.75069398507167        3.19231228253363
C           -2.96313936156906        4.00650067219972        1.83442629385885
C           -1.55059340288587        3.82241255974218        1.69111694842830
C           -4.57508518239324        3.85503093056368        3.67752604214791
C           -3.98717663056246        4.36686790900346        0.95637651850783
C           -1.07257313896781        3.47167345932206        2.92554120771288
C           -5.56308846117755        4.21830009712424        2.78720267534741
C           -5.27104100248083        4.46941264355365        1.44363590838511
C            0.30041022275193        3.14656020913586        3.39529088406443
O            1.51727239980524        2.56456299684588       -2.81921806222985
H           -0.19454458345136       -0.06748905838006       -1.32378418400153
H           -0.17930788386092        0.44230224627801       -4.37257279773448
H            1.75293597278586        1.25679115594306        1.49847816451279
H            4.15495569869358        0.82780687816541        1.70479277008867
H            4.00509388393124       -1.68747947862181       -1.73470674725026
H            1.61921231063811       -1.17418033995133       -2.00384965271301
H            6.13052682480293       -1.40164854240935       -0.48745053576608
H            6.18613570303837       -0.37177432032126        0.94846902791374
H            5.84750769251628        1.64497796221200       -0.49983449413744
H            6.05513637486500       -0.20713125544104       -2.77678328299752
H            7.55607443194243        2.60578913553624       -1.86331850852240
H           -1.50502410534154        1.59037889593808       -0.47036229340301
H            1.13937598184905        2.92592118547128        0.28601452113781
H           -1.53564863098486        4.09294271328888       -0.39249711155492
H           -0.64852256611350        6.12663470978320        0.74977578664247
H            0.80721961323446        5.24135473654907        1.18893776318812
H            1.36442268450497        4.92008119140108       -1.19925166118893
H           -0.15536060417858        5.67773586171485       -1.67344081337574
H            1.73669453062864        7.27767526412899       -1.84133719641419
H            0.58364170196733        7.81192748941134       -0.61508089721317
H            2.09690884983179        7.04946304859535       -0.12928800256546
H           -2.02167512147116        3.18850177132043        4.79549963602461
H           -2.44503223990295        6.21978898538564        2.33769196184121
H           -4.79882238062988        3.65838738698601        4.71568251271803
H           -3.77633911855681        4.56567118495035       -0.08403513667031
H           -6.58273149628956        4.31022219859442        3.13036254678515
H           -6.07475993982505        4.74868639708044        0.77795127215392
H            1.03308898825099        3.40993433543149        2.64091735345800
H            0.52780565937697        3.69461886893138        4.30981694502904
H            0.38792684204599        2.07975869778912        3.60863944833988
H            2.45034227377700        2.48942000296391       -2.54364990936065
H            1.02838153932530        2.82392119608930       -2.03078654579898
O           -2.65232363882890        7.15784352278204        2.30412871788812
H            0.78348568008494        1.05455695158710       -3.33314386355743
H           -3.57354607548284        7.21918346445499        2.04984857264913
N            5.75588062855155        0.60920428921335       -2.26494819719072
C            7.78836093744509        0.79526650437810       -0.95385568029478
O            8.51852295515799       -0.07368924989739       -0.53123010823351
C            4.11124322606272        0.81898716051227       -4.01866591001342
C            4.65370035133105        1.26581652924959       -2.68648685189093
O            4.15595840687460        2.18104682998064       -2.04868943488806
H            3.23858231466949        0.19408156509046       -3.83679663570577
H            4.84271719809835        0.25836833997811       -4.59202940743809
H            3.78019954510541        1.68478995907471       -4.58559394740928
N            8.22785735913283        1.92739624055919       -1.53999519797355
C            9.62824031887362        2.22436829990711       -1.71673946709739
H            9.90176578732174        3.13270344575043       -1.17702530190362
H            9.86623154160744        2.35114720379825       -2.77433156977454
H           10.19195803223432        1.38343633232987       -1.31624157591524
76
 energy: -110.273274698951 gnorm: 0.001395344112 xtb: 6.7.1pre (5071a88)
N            0.20955738245599        0.45971688621722       -0.55932717103214
C            1.53875728418080        0.15891210829403       -0.33112509233813
C            2.25553345162973        0.65845213409797        0.75748538449553
C            3.60274148975347        0.39260431578212        0.88450175129742
C            4.26758499023031       -0.40931874938461       -0.03431390429404
C            3.52262884798938       -1.01045007011793       -1.04202228064840
C            2.17992285446644       -0.73614932833282       -1.19063118447600
C            5.76536034482418       -0.47036180690308       -0.05091869607851
C            6.25756627109908        0.71290255090598       -0.90710936076520
C           -0.43709413525333        1.65314231971050       -0.29160321695271
C            0.08019345098321        2.81143499133375        0.11961057237138
C           -0.78876997637283        4.00802932919644        0.40585406163705
C            0.01540723272218        5.31671929959139        0.44107874306081
C            0.62797092855953        5.67319986584608       -0.91138039019299
C            1.30349266689222        7.03859026681403       -0.87229402001067
O            0.32427240762334        0.22927027710299       -3.58474378831872
N           -2.11474010137580        3.42973329134510        3.82322095439515
C           -3.27893424171074        3.75082784892233        3.19183619663291
C           -2.96317181011192        4.00637391218970        1.83392022410272
C           -1.55060499071215        3.82238120605120        1.69076598662780
C           -4.57524207690593        3.85512860201012        3.67695496128335
C           -3.98723626331681        4.36626539107428        0.95568217379511
C           -1.07266881563973        3.47185414507399        2.92528893251549
C           -5.56323114056504        4.21802510851071        2.78646947705770
C           -5.27113615476694        4.46873820276806        1.44284409775756
C            0.30025662212937        3.14665458958201        3.39516674825184
O            1.51804351252934        2.56597440878379       -2.81903622585229
H           -0.19384282021696       -0.06718833176426       -1.32396507917675
H           -0.17608821550896        0.44293820437503       -4.37337638383447
H            1.75311131244168        1.25743566826298        1.49858728761644
H            4.15505368556271        0.82828286054053        1.70539787758827
H            4.00547731763321       -1.68794108146411       -1.73343385682863
H            1.61970305716872       -1.17461129058359       -2.00303673133006
H            6.13079685360877       -1.40188448885799       -0.48589330228078
H            6.18644200127522       -0.37099233490026        0.94929075229062
H            5.84786053915483        1.64478656881339       -0.49982662811761
H            6.05409005384987       -0.20860379878641       -2.77584825950737
H            7.55546880693672        2.60449107976519       -1.86542531251482
H           -1.50454400015215        1.59069139170510       -0.47092485344968
H            1.13967540009152        2.92643103387056        0.28612235865886
H           -1.53532123794899        4.09318341958420       -0.39284405191029
H           -0.64875200582659        6.12682954002621        0.75012519425664
H            0.80701785004140        5.24166258715501        1.18930514036757
H            1.36435639160018        4.92071606064074       -1.19905350656735
H           -0.15523865993201        5.67887977922335       -1.67308702294673
H            1.73682657197377        7.27865353482975       -1.84049836124401
H            0.58425521273294        7.81252977431373       -0.61358510286873
H            2.09756619166893        7.04951760179536       -0.12864089097720
H           -2.02187553208576        3.18919369575453        4.79526191243187
H           -2.44828597182296        6.21791314262858        2.33358196998734
H           -4.79898384430281        3.65872339908347        4.71513904543161
H           -3.77641281024821        4.56478345400849       -0.08477778521118
H           -6.58291584126009        4.30987922935107        3.12952182365765
H           -6.07486429535743        4.74764735016412        0.77703062536177
H            1.03302451942469        3.40976885119805        2.64079980445557
H            0.52769095261777        3.69485094537316        4.30960391526373
H            0.38759383813203        2.07987919386455        3.60873020933085
H            2.45121592591580        2.49070556486736       -2.54375641875846
H            1.02923787837881        2.82480798664997       -2.03041900352305
O           -2.65341784102541        7.15725688513560        2.30560576069833
H            0.78546587741054        1.05575288582433       -3.33321454526920
H           -3.57650779781693        7.22245380502299        2.05614014079555
N            5.75551423764177        0.60832447547459       -2.26457825083279
C            7.78852148926284        0.79491877300985       -0.95418350849292
O            8.51886732934487       -0.07353853891966       -0.53083837891503
C            4.10987999690689        0.81765392002393       -4.01759194422633
C            4.65344298538224        1.26513642098606       -2.68603998121335
O            4.15657493013390        2.18127883549553       -2.04888470265545
H            3.23467075523560        0.19630023168111       -3.83452850363670
H            4.83950993278675        0.25306209955311       -4.58968156759247
H            3.78219156566979        1.68371996147562       -4.58628860348118
N            8.22746305041059        1.92654234200452       -1.54169066839059
C            9.62772423503843        2.22357425276158       -1.71936082430352
H            9.90122991385308        3.13274027883276       -1.18103834346600
H            9.86531055478324        2.34889449992503       -2.77723099458619
H           10.19175962799251        1.38331718377152       -1.31787538454364
76
 energy: -110.273278587992 gnorm: 0.003818179642 xtb: 6.7.1pre (5071a88)
N            0.21267332296034        0.46173161493974       -0.56023215642292
C            1.54114602221144        0.15999389997385       -0.32913597423450
C            2.25676888390036        0.66072146622373        0.75970513680816
C            3.60371994040118        0.39445877793097        0.88879065490145
C            4.26922215193934       -0.40912379207004       -0.02808661560065
C            3.52503976179518       -1.01200613784613       -1.03537158319915
C            2.18264160458110       -0.73733183754756       -1.18599942146404
C            5.76707710441806       -0.46960797724119       -0.04439737899131
C            6.25814490594719        0.71059396626303       -0.90514550996440
C           -0.43422348417139        1.65540585598101       -0.29368682031946
C            0.08243920334509        2.81355993126730        0.11852846349767
C           -0.78802664446671        4.00928780094601        0.40449678161784
C            0.01470768077695        5.31883916515730        0.44228250742485
C            0.62835181679571        5.67778153324798       -0.90898023154323
C            1.30589869524639        7.04210468871394       -0.86646041339214
O            0.34334491856113        0.23485581559101       -3.58916492511850
N           -2.11580773534674        3.43173502404980        3.82105914507352
C           -3.27977771050004        3.75193416108775        3.18891795286634
C           -2.96363271468092        4.00552220438938        1.83068954075489
C           -1.55091735177483        3.82213604272344        1.68846170357168
C           -4.57630155973921        3.85619037526188        3.67348693585282
C           -3.98791542712408        4.36211706702531        0.95122750887590
C           -1.07340707645482        3.47325868702310        2.92364392731376
C           -5.56433282068288        4.21626619230224        2.78190100097039
C           -5.27206800439837        4.46406935311765        1.43776492486804
C            0.29915307491781        3.14731441997065        3.39411977447668
O            1.52371903825410        2.57550945043668       -2.81821550084573
H           -0.18921173350037       -0.06498265606134       -1.32578777598964
H           -0.15681502805591        0.44715050182033       -4.37824609553769
H            1.75369329468413        1.26105323014607        1.49925578811115
H            4.15525273680658        0.83131465473812        1.70957617965015
H            4.00828427184106       -1.69102205184137       -1.72497319215048
H            1.62333603776138       -1.17718591772228       -1.99829256065889
H            6.13300451326965       -1.40286996915444       -0.47523474839734
H            6.18811564278828       -0.36567318916184        0.95545802043180
H            5.85022015220271        1.64398077954132       -0.49942524112679
H            6.04669104235504       -0.21830766165282       -2.76896984066396
H            7.55127594236076        2.59614228867120       -1.87850537163878
H           -1.50133783341683        1.59278173414677       -0.47475331290360
H            1.14146631161787        2.92953192801747        0.28688652834404
H           -1.53353826179516        4.09435760674045       -0.39517008289943
H           -0.65063944020010        6.12783603337399        0.75187751741341
H            0.80542800584543        5.24362972684390        1.19145098949930
H            1.36373009176826        4.92482651743750       -1.19815177623855
H           -0.15455953984529        5.68637200679711       -1.67105756574866
H            1.73740851236912        7.28504136909763       -1.83490348523417
H            0.58829040897091        7.81613405472146       -0.60337239280803
H            2.10180938971772        7.04929151413757       -0.12455830576669
H           -2.02319180294818        3.19434409175081        4.79390225492915
H           -2.46606886306107        6.20830238263595        2.31001608697358
H           -4.80005354597626        3.66181620644359        4.71200352309710
H           -3.77716824471497        4.55845096114409       -0.08963839285040
H           -6.58423595893482        4.30782596374327        3.12439307457241
H           -6.07593710306614        4.74023965563666        0.77102014295728
H            1.03234725380430        3.40841869336595        2.63950717808713
H            0.52721970750914        3.69645983232947        4.30782027768030
H            0.38506804873470        2.08069969947551        3.60915864734008
H            2.45749534127593        2.49988559017243       -2.54470957737079
H            1.03550760804748        2.83052230101733       -2.02801516172642
O           -2.66156429219032        7.15310223947733        2.31469894538441
H            0.79834488765084        1.06428202477114       -3.33483879194246
H           -3.59317328597588        7.23692037429503        2.09177424258349
N            5.75287843328125        0.60259485942867       -2.26135165332529
C            7.78931522187844        0.79263165934110       -0.95645306846594
O            8.52095288034327       -0.07292597743676       -0.52936317237489
C            4.10155405998129        0.80907951252835       -4.01015481685300
C            4.65200769525961        1.26123367650731       -2.68287983819615
O            4.16092799412773        2.18322403417883       -2.04963336160850
H            3.21139058285526        0.20894212426615       -3.82010551804469
H            4.82016396991305        0.22082071562466       -4.57432272526906
H            3.79364085077115        1.67622858306823       -4.58998739661553
N            8.22506515699454        1.92112407270890       -1.55228789101678
C            9.62438555723201        2.21858139890641       -1.73649487651691
H            9.89772579091675        3.13355820831083       -1.20794043832653
H            9.85912981567565        2.33378631499362       -2.79625242062961
H           10.19073012625114        1.38313055176990       -1.32816797607531
76
 energy: -110.273285487497 gnorm: 0.001772284697 xtb: 6.7.1pre (5071a88)
N            0.21215679450472        0.46141364558870       -0.56010869792420
C            1.54076888748464        0.15992517253149       -0.32947829782488
C            2.25646934158944        0.66040288319040        0.75942774851587
C            3.60346295971397        0.39427319954992        0.88826104904201
C            4.26897077444258       -0.40897611575450       -0.02890927202558
C            3.52476301160683       -1.01154186008247       -1.03635026144189
C            2.18232500735405       -0.73693150676578       -1.18678144894733
C            5.76681877812992       -0.46954347827130       -0.04510654063678
C            6.25815335688403        0.71102705275612       -0.90524361187471
C           -0.43467817178990        1.65507170195565       -0.29340200668329
C            0.08199468060400        2.81325110565108        0.11874076949667
C           -0.78831463974551        4.00905750994620        0.40471753267334
C            0.01456538142679        5.31852652654423        0.44202742701183
C            0.62817422444631        5.67695602628713       -0.90939517017858
C            1.30530604176818        7.04148855221233       -0.86749939195479
O            0.33931051694364        0.23408580955182       -3.58810005455130
N           -2.11578576095318        3.43167324827921        3.82147865825547
C           -3.27980677879940        3.75192659399117        3.18942809861236
C           -2.96374952706613        4.00563492465554        1.83121064816261
C           -1.55104725607861        3.82217896061733        1.68884571898114
C           -4.57629181078898        3.85620192607456        3.67408561919061
C           -3.98802654733603        4.36253188954980        0.95189759738396
C           -1.07345494020698        3.47316973106774        2.92395676090081
C           -5.56435725627455        4.21647521429265        2.78261993108089
C           -5.27215268073212        4.46451533229583        1.43851613248605
C            0.29913721515363        3.14717799348783        3.39428803749043
O            1.52314063428957        2.57391397710191       -2.81855462989803
H           -0.18981072214631       -0.06507083568972       -1.32579806278993
H           -0.16175441965696        0.44685879761577       -4.37641486765367
H            1.75339118945939        1.26040889888715        1.49923840058068
H            4.15503976245481        0.83090669617897        1.70913713854758
H            4.00800502184951       -1.69030074845149       -1.72621368459092
H            1.62294127540669       -1.17653164354505       -1.99915770352079
H            6.13274405316873       -1.40256049746082       -0.47645963464956
H            6.18772932060142       -0.36621190836207        0.95483776374566
H            5.85009227990920        1.64426086563500       -0.49934155491541
H            6.04763884726638       -0.21692765564565       -2.76968476550642
H            7.55196667629020        2.59752185708621       -1.87583980328414
H           -1.50184129735416        1.59249684061340       -0.47424693073687
H            1.14108329569661        2.92911145878335        0.28686353735499
H           -1.53400225259013        4.09405350590810       -0.39479313210284
H           -0.65068823382184        6.12770480807008        0.75129991817695
H            0.80532933590478        5.24350126496385        1.19116579284783
H            1.36379722682492        4.92410878268287       -1.19817281073792
H           -0.15470857453944        5.68495321125820       -1.67147907629477
H            1.73648858532132        7.28423576950648       -1.83609846223895
H            0.58752753888069        7.81536764819510       -0.60448369595086
H            2.10136641817358        7.04916774300152       -0.12581135462886
H           -2.02314847824936        3.19397800156189        4.79424115815681
H           -2.46122079872930        6.21035076684314        2.31530672269321
H           -4.80002118076619        3.66169484364586        4.71259543068120
H           -3.77728470110626        4.55905025357426       -0.08894131746464
H           -6.58422939076828        4.30805138844026        3.12519660186234
H           -6.07603104085375        4.74090327275879        0.77186480041409
H            1.03225017702713        3.40835793190522        2.63961351279772
H            0.52729395238511        3.69621997001890        4.30802792912532
H            0.38506577718250        2.08053749924225        3.60919358647069
H            2.45680095127894        2.49856815434843       -2.54469146745811
H            1.03479846970929        2.82962409890342       -2.02866154021688
O           -2.65940705387449        7.15331102755690        2.31224915136571
H            0.79566221994269        1.06294029932591       -3.33440391287032
H           -3.58875293720552        7.23159690506839        2.08337774576132
N            5.75331851819836        0.60348718504661       -2.26159107586636
C            7.78928268184061        0.79283844883442       -0.95613559506173
O            8.52069665113358       -0.07346616987468       -0.53022191531052
C            4.10340563622195        0.81072183501328       -4.01135967616142
C            4.65255365819519        1.26217142884396       -2.68335352670418
O            4.16074532009291        2.18343315431886       -2.04966434402962
H            3.21715440451826        0.20538793042742       -3.82262962812436
H            4.82453128588152        0.22821410693180       -4.57736068311419
H            3.79036695159296        1.67724726108782       -4.58869366394808
N            8.22555817887276        1.92201130988651       -1.55023808196569
C            9.62497403982048        2.21930074183313       -1.73385159458745
H            9.89840985958475        3.13355398839179       -1.20418807283937
H            9.85997534528469        2.33569309462120       -2.79337787867424
H           10.19106393901201        1.38328039591899       -1.32642202206380
76
 energy: -110.273289663641 gnorm: 0.000311009219 xtb: 6.7.1pre (5071a88)
N            0.21279973055159        0.46162080954053       -0.56046393974304
C            1.54129640331895        0.16017059056952       -0.32910342525981
C            2.25653544291242        0.66094628139947        0.75997243881898
C            3.60350262070818        0.39496981958942        0.88939454324400
C            4.26941758964657       -0.40861128686542       -0.02719280871485
C            3.52554418311388       -1.01173541508815       -1.03454968366656
C            2.18318956314521       -0.73710782340659       -1.18570396714903
C            5.76729077080239       -0.46891303854795       -0.04304465905087
C            6.25843081098239        0.71075225750303       -0.90457435263201
C           -0.43419172099303        1.65528762307632       -0.29407086698246
C            0.08206047471597        2.81350419872845        0.11847875867874
C           -0.78852266397340        4.00912095197634        0.40432150397385
C            0.01416514351062        5.31869686637995        0.44207015286103
C            0.62800667296954        5.67771241588815       -0.90908188524291
C            1.30536904411436        7.04208651657949       -0.86626945736409
O            0.34116887460159        0.23630252316856       -3.58740726970754
N           -2.11640270563353        3.43228822941783        3.82101901172192
C           -3.28041519774439        3.75208266865496        3.18873519548816
C           -2.96429678951461        4.00524967732623        1.83042095051520
C           -1.55151681660478        3.82212046507756        1.68831040084262
C           -4.57696309205594        3.85625923155868        3.67323140421251
C           -3.98860412661670        4.36140582001488        0.95084466334422
C           -1.07398376821507        3.47373344089431        2.92362357382210
C           -5.56506366425786        4.21578820592811        2.78150361552846
C           -5.27281665109915        4.46321422694674        1.43728871021680
C            0.29858111498449        3.14801125680277        3.39417694163364
O            1.52480617108564        2.57603482136427       -2.81853182374939
H           -0.18849726429743       -0.06445547338027       -1.32680877211992
H           -0.16033608605142        0.44853400593956       -4.37574836523050
H            1.75312072733972        1.26109774064249        1.49942639351778
H            4.15473645713367        0.83197640628839        1.71030131760871
H            4.00896954390427       -1.69094593795247       -1.72383790536926
H            1.62412979466724       -1.17705460311156       -1.99812122284148
H            6.13353904823938       -1.40231054220424       -0.47328804392371
H            6.18795702478226       -0.36431177116949        0.95684562603029
H            5.85088588297088        1.64448848408446       -0.49933529811760
H            6.04595383746867       -0.21927582899913       -2.76775334920988
H            7.55137870576043        2.59566350942797       -1.87820256650296
H           -1.50127765882946        1.59265369479477       -0.47541131881916
H            1.14106712072217        2.92947346272610        0.28708770143859
H           -1.53403589757906        4.09407575700450       -0.39535300390881
H           -0.65127181091172        6.12768555680147        0.75139420550808
H            0.80477456425310        5.24361558821212        1.19135709481500
H            1.36355623430738        4.92495073402790       -1.19819271288275
H           -0.15477340968223        5.68627382971916       -1.67123086497861
H            1.73558045758730        7.28592016254979       -1.83498070920699
H            0.58798081551074        7.81573879657238       -0.60158850194878
H            2.10216108761314        7.04877724217771       -0.12541028772619
H           -2.02382384671259        3.19559809116578        4.79402802717998
H           -2.46120296369435        6.21051349139089        2.31374441431385
H           -4.80072072843379        3.66225785267480        4.71184416466032
H           -3.77782952593472        4.55744754636626       -0.09008476938906
H           -6.58498763164534        4.30726437687200        3.12395636327580
H           -6.07672039041477        4.73898962763170        0.77040901862528
H            1.03171752647268        3.40878688676585        2.63938443213305
H            0.52672222884937        3.69749548875715        4.30764225666317
H            0.38446211630702        2.08147151701725        3.60959635373910
H            2.45846196762760        2.50050748670782       -2.54476909586483
H            1.03653338811855        2.83116626416296       -2.02837754515689
O           -2.66046125733549        7.15240767418643        2.31314413314691
H            0.79777614035619        1.06514119828338       -3.33457890321629
H           -3.58918737687602        7.22920912530697        2.08600667689253
N            5.75274279700230        0.60202835106203       -2.26046728535122
C            7.78952402310792        0.79217297743775       -0.95675333126157
O            8.52117169167763       -0.07393526082981       -0.53091691651524
C            4.10269091678608        0.80922800779632       -4.00998224681400
C            4.65258439782224        1.26146070746556       -2.68262403823598
O            4.16203795599259        2.18394335349202       -2.04969934258936
H            3.21622113566380        0.20504609773290       -3.82073836306545
H            4.82292013020803        0.22568706296361       -4.57543538898909
H            3.79024889265200        1.67513189917179       -4.58815106112573
N            8.22542642463423        1.92092710513268       -1.55187943128031
C            9.62458307833249        2.21796923245324       -1.73770578618039
H            9.89815868209537        3.13386230570334       -1.21100334347129
H            9.85865449889462        2.33132143236285       -2.79776648329051
H           10.19130913897429        1.38333795214770       -1.32836965074228
76
 energy: -110.273294387781 gnorm: 0.000585441590 xtb: 6.7.1pre (5071a88)
N            0.21452248775342        0.46238590122359       -0.56118836793035
C            1.54262211070819        0.16074616160654       -0.32793795725036
C            2.25701228161936        0.66243195992621        0.76128324953490
C            3.60389736719472        0.39658748705870        0.89200208767361
C            4.27049576156286       -0.40802314561111       -0.02317286605080
C            3.52720138037428       -1.01259415459345       -1.03012061409229
C            2.18503396487445       -0.73790456480703       -1.18272799900482
C            5.76841498541357       -0.46778194277061       -0.03863668917605
C            6.25893185687407        0.70974290796728       -0.90344391959275
C           -0.43295493349782        1.65598872088177       -0.29550122334999
C            0.08253540872866        2.81425452014817        0.11782814986573
C           -0.78859495638107        4.00952571028710        0.40343822302910
C            0.01375252710920        5.31927976596739        0.44252500270327
C            0.62791063789477        5.67996740210787       -0.90801035660866
C            1.30602271405736        7.04389105932836       -0.86287983341951
O            0.35034651526362        0.24010521627387       -3.58878338602970
N           -2.11771867822404        3.43322382496832        3.81969681478645
C           -3.28163826235901        3.75209496357587        3.18683253706560
C           -2.96522497678397        4.00436834922841        1.82840066024342
C           -1.55226662107024        3.82203846004915        1.68697504492827
C           -4.57838774196660        3.85590032352710        3.67086605601084
C           -3.98953104162497        4.35904334570190        0.94819751913991
C           -1.07497994818490        3.47485859341370        2.92273532705864
C           -5.56644653882190        4.21407986800176        2.77854644852787
C           -5.27395092528420        4.46045445460616        1.43418145670615
C            0.29754674057441        3.15007765825266        3.39403677103466
O            1.52835073223637        2.58163175039768       -2.81804687310667
H           -0.18546584226125       -0.06333756052936       -1.32847497872389
H           -0.15313168168506        0.45242240843365       -4.37565989326924
H            1.75306218500735        1.26326713080865        1.49980578024469
H            4.15448525660338        0.83459049279240        1.71280789706990
H            4.01094874257305       -1.69296649161361       -1.71802875337810
H            1.62658635518467       -1.17889237400223       -1.99501237720767
H            6.13518338480718       -1.40220302793658       -0.46621536691203
H            6.18888003959424       -0.36011884470566        0.96100932570241
H            5.85241867514850        1.64458827996363       -0.49971844636071
H            6.04218164110359       -0.22502185313597       -2.76374629020652
H            7.54976989273989        2.59071964343488       -1.88571065863290
H           -1.49982125200660        1.59309872752219       -0.47806628414008
H            1.14133725273205        2.93048879908975        0.28753937651900
H           -1.53358795796654        4.09459931538358       -0.39670424989587
H           -0.65195855799870        6.12779925008785        0.75247168022007
H            0.80414187564405        5.24370354978063        1.19198675196746
H            1.36310124818998        4.92729869406499       -1.19822313087096
H           -0.15478283440042        5.69014649134484       -1.67020891912314
H            1.73482230872886        7.28993527444125       -1.83163874275645
H            0.58942977486970        7.81722007761334       -0.59511481089581
H            2.10397859204779        7.04833223009185       -0.12326558711126
H           -2.02527263315514        3.19861307139054        4.79322293640555
H           -2.46613533973033        6.20932511239403        2.30569902922328
H           -4.80228869170355        3.66268692023624        4.70960032104356
H           -3.77863317939931        4.55423700027028       -0.09286784825680
H           -6.58652541073997        4.30527479198948        3.12062470210052
H           -6.07783291114070        4.73509166059338        0.76680996435279
H            1.03085402248059        3.41028394912738        2.63921748391984
H            0.52522955591863        3.70057721522329        4.30699263622540
H            0.38367248970460        2.08378270175056        3.61056754474419
H            2.46205063345998        2.50521394795257       -2.54465569881646
H            1.04021556080421        2.83523062520065       -2.02728855194264
O           -2.66409964157107        7.15094097861311        2.31648761518110
H            0.80382345885188        1.07049756329062       -3.33434139546346
H           -3.59524759372987        7.23094026490315        2.10107812270153
N            5.75132929558699        0.59831730933589       -2.25840459628341
C            7.79000946068265        0.79072917474965       -0.95825688410653
O            8.52228800685001       -0.07415705328179       -0.53108997955843
C            4.09956463858019        0.80475914737786       -4.00653288311240
C            4.65214059920793        1.25899760274287       -2.68102195518281
O            4.16446989863267        2.18428010783239       -2.04987353057064
H            3.20847825436489        0.20812314481063       -3.81502043828347
H            4.81559878322460        0.21337290350994       -4.56909619098571
H            3.79374547197648        1.67039496638849       -4.58870633345968
N            8.22471030669461        1.91794463135605       -1.55713667231537
C            9.62333922311494        2.21449307284545       -1.74763580476682
H            9.89720165960600        3.13410018048147       -1.22757476087537
H            9.85546023710532        2.32094613676004       -2.80889018110315
H           10.19137189751743        1.38295806251788       -1.33383423588796
76
 energy: -110.273298451439 gnorm: 0.002102070198 xtb: 6.7.1pre (5071a88)
N            0.21954214778537        0.46505665991666       -0.56304309488474
C            1.54642924241301        0.16265498754685       -0.32420047187320
C            2.25859197445658        0.66716778799891        0.76517361042128
C            3.60525062385266        0.40159069449230        0.89947735408984
C            4.27358619501241       -0.40619319866008       -0.01158690553642
C            3.53172662101831       -1.01511330801193       -1.01708303559818
C            2.19011329188094       -0.74022392244635       -1.17365929575098
C            5.77163492487676       -0.46449073914805       -0.02631962241067
C            6.26028980640838        0.70682278311503       -0.90064575354300
C           -0.42953532473202        1.65831111407311       -0.29928649093505
C            0.08386544915912        2.81673551017246        0.11614129880021
C           -0.78862462318414        4.01115082613478        0.40117728502975
C            0.01309941717251        5.32118993800207        0.44407155066419
C            0.62781380004655        5.68668498527401       -0.90485266973425
C            1.30779047222264        7.04945737156833       -0.85336471932580
O            0.37419961932353        0.25211833864609       -3.58861715415922
N           -2.12187874953085        3.43534021182974        3.81580420950296
C           -3.28545135808164        3.75152946844274        3.18112439871816
C           -2.96791017714501        4.00189230335984        1.82255397294554
C           -1.55435495125538        3.82220626580691        1.68335034621851
C           -4.58292947340224        3.85376996514758        3.66353283691082
C           -3.99204523073196        4.35266190856023        0.94048857032544
C           -1.07799879878990        3.47816390895674        2.92039708692459
C           -5.57068065394507        4.20843237265152        2.76946486550106
C           -5.27717553338010        4.45256028181331        1.42490002869827
C            0.29445725593509        3.15676452800194        3.39423367679808
O            1.53787788206216        2.59679275018041       -2.81616397357546
H           -0.17699479471720       -0.06034025659275       -1.33241481026592
H           -0.12869598518447        0.46112436424525       -4.37753779997212
H            1.75334552783654        1.27027545874137        1.50094331056679
H            4.15415537110115        0.84263992558843        1.71977874711292
H            4.01627417188972       -1.69889722443206       -1.70101457302200
H            1.63332713703815       -1.18424083200605       -1.98544601295809
H            6.13969098980488       -1.40190150928118       -0.44625824639340
H            6.19182493113112       -0.34803490013467        0.97249102400545
H            5.85644270613509        1.64478507648346       -0.50142785401244
H            6.03194995216030       -0.24137167608002       -2.75286726450104
H            7.54553163230852        2.57625669633986       -1.90835771869399
H           -1.49578896919335        1.59454480485298       -0.48521748345158
H            1.14210382601133        2.93359727316779        0.28887362661749
H           -1.53209328894978        4.09679632671383       -0.40031695805999
H           -0.65303132946178        6.12855211297011        0.75613477087632
H            0.80308582633016        5.24386955104514        1.19374120048071
H            1.36207293994040        4.93438917562316       -1.19827756693004
H           -0.15478651513470        5.70122638788397       -1.66706071930327
H            1.73235840674645        7.30181564683260       -1.82234218814392
H            0.59332906660756        7.82171814252756       -0.57680733498080
H            2.10916202268029        7.04773995361304       -0.11743305385264
H           -2.02987933909792        3.20633988105606        4.79072208833618
H           -2.48081340011681        6.20474402443068        2.27888665350857
H           -4.80747660110316        3.66220582191709        4.70243620756378
H           -3.78058383811461        4.54598473379820       -0.10080990735318
H           -6.59130532671857        4.29850387367029        3.11024440258835
H           -6.08085168645244        4.72428772180141        0.75609697135441
H            1.02838427128661        3.41578848744221        2.63962003815024
H            0.52020168559728        3.71033355791169        4.30582140593164
H            0.38183530126735        2.09123261404442        3.61402439992226
H            2.47201398107571        2.51763244971731       -2.54463051928817
H            1.05083348117440        2.84672182167102       -2.02358811319447
O           -2.67574239097514        7.14776753220900        2.33050410308975
H            0.82293739679710        1.08482466946961       -3.33451714948324
H           -3.61277705757577        7.23913568405786        2.14704819045079
N            5.74734517792793        0.58749671549011       -2.25299090945506
C            7.79132809802652        0.78677110668951       -0.96258889300417
O            8.52543496018028       -0.07422876810560       -0.53078923806750
C            4.09052678582368        0.79183255551043       -3.99719254080146
C            4.65052098667713        1.25124498962689       -2.67674042396269
O            4.17065673593587        2.18409246481423       -2.05042469587478
H            3.18613188391849        0.21720950182639       -3.79976238692694
H            4.79436117767690        0.17799050932871       -4.55129275152047
H            3.80427001475621        1.65667386439266       -4.59085442653947
N            8.22271889523348        1.90914022142127       -1.57292091588211
C            9.61997168445320        2.20372722385022       -1.77664069262059
H            9.89487861992643        3.13379788590611       -1.27568295421107
H            9.84665098188587        2.29021925419013       -2.84120663813354
H           10.19148004589277        1.38095131034224       -1.35002230405538
76
 energy: -110.273302378907 gnorm: 0.000888344945 xtb: 6.7.1pre (5071a88)
N            0.21926294305816        0.46508478690235       -0.56268113996275
C            1.54617573512576        0.16273828813157       -0.32412871166536
C            2.25862832818318        0.66730570117185        0.76502264481801
C            3.60531957344951        0.40173258340039        0.89898975407347
C            4.27343194742481       -0.40602133091815       -0.01223896712823
C            3.53134231846209       -1.01489796666454       -1.01759583077497
C            2.18968580939770       -0.74008261220979       -1.17379083681049
C            5.77145948215593       -0.46446042837451       -0.02722643754507
C            6.26024164845412        0.70704070186211       -0.90117505169831
C           -0.42994127798986        1.65819672162932       -0.29875817488837
C            0.08356264330202        2.81665955369631        0.11644943934546
C           -0.78865374678579        4.01125920326855        0.40150907770328
C            0.01338925717084        5.32109583889658        0.44416354230113
C            0.62779019010180        5.68635156210809       -0.90497302904874
C            1.30742419189625        7.04930985551296       -0.85397629916290
O            0.37322659246584        0.25064565859285       -3.58892241316785
N           -2.12208138019360        3.43480811839519        3.81597608060377
C           -3.28562619048665        3.75102216632882        3.18125124628787
C           -2.96793244292978        4.00196129173180        1.82283879352782
C           -1.55435750704992        3.82244112380020        1.68370799708659
C           -4.58317333341497        3.85297073372718        3.66354189595108
C           -3.99191856254830        4.35329814104066        0.94086169057014
C           -1.07809389681614        3.47808183454685        2.92068682477203
C           -5.57079645164606        4.20816975896333        2.76955362731690
C           -5.27709523572423        4.45308004761365        1.42518111916661
C            0.29442853363280        3.15727116040187        3.39474118638814
O            1.53704130930244        2.59560732215170       -2.81596012633492
H           -0.17761091615485       -0.06071752717648       -1.33156278415184
H           -0.13049757996077        0.46061901094780       -4.37676265554110
H            1.75360724675899        1.27043190286421        1.50093012437583
H            4.15441117359351        0.84276856879443        1.71916756060466
H            4.01577063389786       -1.69862108224111       -1.70166084229080
H            1.63268110049771       -1.18412403140196       -1.98540953185465
H            6.13930668472409       -1.40175825861946       -0.44752319341564
H            6.19185086922428       -0.34841267979389        0.97151745221960
H            5.85611841356600        1.64485982078879       -0.50193824833282
H            6.03318311393607       -0.24026848634451       -2.75399268773360
H            7.54629352644018        2.57702793689329       -1.90755291924904
H           -1.49621374524750        1.59432762195129       -0.48448369979117
H            1.14185249207497        2.93338976546884        0.28891689512482
H           -1.53218293606529        4.09703794253176       -0.39991229361936
H           -0.65244187438433        6.12863421784776        0.75641832666088
H            0.80362158428360        5.24356830500567        1.19355556964361
H            1.36218470793058        4.93415025747465       -1.19833145063803
H           -0.15494616137800        5.70049621696096       -1.66704664696221
H            1.73224939600383        7.30131745465670       -1.82292907386839
H            0.59267637866846        7.82148468599812       -0.57804007747121
H            2.10855901848130        7.04818047446175       -0.11779940652418
H           -2.03011391872167        3.20514542791951        4.79072274165182
H           -2.47987824246022        6.20620080695770        2.28269729527685
H           -4.80787749289361        3.66078024030173        4.70228937712352
H           -3.78030711933860        4.54720045307054       -0.10029213827843
H           -6.59146584082408        4.29806663342839        3.11025246516650
H           -6.08065752424456        4.72530676533067        0.75645602175474
H            1.02838451796870        3.41678050321639        2.64032683141579
H            0.51967241616129        3.71088337800736        4.30642962022444
H            0.38236904670851        2.09178439720893        3.61446409102799
H            2.47112735780748        2.51617356571898       -2.54431799573701
H            1.05000343548381        2.84614711214433       -2.02358392103487
O           -2.67373874301239        7.14838977759083        2.32812162603963
H            0.82133076556987        1.08357047117066       -3.33363281729840
H           -3.61149471914615        7.23846293497561        2.14517586223229
N            5.74778100669385        0.58801121272728       -2.25370651737312
C            7.79125428001125        0.78701361677461       -0.96246601389547
O            8.52516763281155       -0.07412691294287       -0.53060638529266
C            4.09157885509655        0.79260407200665       -3.99846686177691
C            4.65077771696056        1.25142885923990       -2.67748136488183
O            4.17005845255617        2.18341853047302       -2.05070050040267
H            3.18846487684283        0.21583267511582       -3.80176371419284
H            4.79666594776567        0.18106934568582       -4.55340042356445
H            3.80347672647217        1.65756258866716       -4.59087020153759
N            8.22307309101321        1.90951019650565       -1.57220214601148
C            9.62048669450189        2.20359546762278       -1.77515439877718
H            9.89563693073395        3.13281755641500       -1.27323865105084
H            9.84751599160362        2.29107176814730       -2.83935446203761
H           10.19149425287674        1.38023662375161       -1.34930573781815
76
 energy: -110.273304066038 gnorm: 0.001217361033 xtb: 6.7.1pre (5071a88)
N            0.21902472870247        0.46582585010349       -0.56154252060073
C            1.54592070692237        0.16348575569909       -0.32338552615612
C            2.25897530932157        0.66837139000727        0.76521528870814
C            3.60571469184555        0.40272446138944        0.89859731027126
C            4.27331330711197       -0.40528296672138       -0.01273179255062
C            3.53072373952779       -1.01430507784631       -1.01762820967055
C            2.18900928846193       -0.73953825696262       -1.17316726877344
C            5.77128735785888       -0.46411316952680       -0.02831065005784
C            6.26026537035355        0.70729076886878       -0.90215357461619
C           -0.43044775330304        1.65864497702049       -0.29740495050040
C            0.08319793590914        2.81721541755759        0.11735404499753
C           -0.78861453486258        4.01210685548711        0.40237816693783
C            0.01404452209419        5.32155013192152        0.44475694902085
C            0.62776210767079        5.68648163120354       -0.90478149724169
C            1.30666377925438        7.04982643143059       -0.85472798716143
O            0.37387835313981        0.24721496702179       -3.59057790484673
N           -2.12312722241910        3.43387893675739        3.81615908242988
C           -3.28652629075863        3.74987308820403        3.18105434954796
C           -2.96823788848109        4.00213693922200        1.82305487425095
C           -1.55452399051820        3.82333913822676        1.68444274864879
C           -4.58438115958271        3.85077591983133        3.66274623447880
C           -3.99183293867726        4.35418775703137        0.94094131930721
C           -1.07870074406993        3.47834767836314        2.92139877064031
C           -5.57163468001752        4.20664017635737        2.76861759839639
C           -5.27728000346744        4.45319298497432        1.42469919096691
C            0.29386788700925        3.15878332542199        3.39618122090456
O            1.53607496916059        2.59401137408221       -2.81547017524163
H           -0.17855712657289       -0.06093151928269       -1.32933567924525
H           -0.13294112772639        0.45950424248369       -4.37493203830428
H            1.75443696490141        1.27173137927323        1.50125091023306
H            4.15521424752838        0.84390414717348        1.71841681194474
H            4.01485284385061       -1.69816630786149       -1.70174747808958
H            1.63155083199097       -1.18382197887786       -1.98432521753126
H            6.13864577054815       -1.40145928625502       -0.44882602509027
H            6.19216668556134       -0.34832155299709        0.97021554020856
H            5.85585694555934        1.64509290783972       -0.50320239376414
H            6.03491710145066       -0.23932647787970       -2.75554744566891
H            7.54770420466645        2.57734856752202       -1.90775454289244
H           -1.49672409916576        1.59458024476492       -0.48290554499162
H            1.14155880063912        2.93380971655019        0.28940243133499
H           -1.53210486110257        4.09814668132815       -0.39905427167625
H           -0.65118489982048        6.12941813847322        0.75744422134824
H            0.80472480410509        5.24360047008704        1.19362986844674
H            1.36240631958023        4.93448985690579       -1.19807342277773
H           -0.15527823108828        5.69985425123119       -1.66655295258387
H            1.73113365861862        7.30154950697885       -1.82389807043355
H            0.59154487856633        7.82170115578159       -0.57907953534165
H            2.10797233975341        7.04959005952355       -0.11876645233656
H           -2.03140758664436        3.20297530801089        4.79060965005131
H           -2.47784098488360        6.20758609522703        2.28618878928273
H           -4.80961516041256        3.65732366728507        4.70113663693622
H           -3.77973439907947        4.54925800469418       -0.09989379315001
H           -6.59250576623158        4.29586573376902        3.10888684366446
H           -6.08053533935656        4.72608053028979        0.75588424468637
H            1.02800092659786        3.41899478564682        2.64217865622032
H            0.51801657743831        3.71273577346366        4.30794034139122
H            0.38279883771782        2.09342489673864        3.61607155173719
H            2.47003798031471        2.51388532528830       -2.54362592648022
H            1.04905301509690        2.84523578129888       -2.02333743311667
O           -2.67186698294728        7.14938095009404        2.32862086528175
H            0.81860572255829        1.08161316131344       -3.33127042984921
H           -3.60835822562356        7.23712754891460        2.14313250768872
N            5.74843562447179        0.58828368968048       -2.25489170792026
C            7.79121478947657        0.78707832019807       -0.96264349060602
O            8.52478537613615       -0.07403740023974       -0.53016883010000
C            4.09338999177643        0.79317269691991       -4.00067842590709
C            4.65129543557775        1.25130780277053       -2.67889521215852
O            4.16957681813994        2.18245595288211       -2.05176369906062
H            3.19266332212216        0.21283291510028       -3.80501949163876
H            4.80046225791986        0.18546882467327       -4.55682712412365
H            3.80220595393025        1.65806669196579       -4.59121251057516
N            8.22376443918850        1.90925775603128       -1.57232728575082
C            9.62147745790798        2.20191198288111       -1.77476968090739
H            9.89744888559940        3.13040034836580       -1.27259224837262
H            9.84880515534653        2.28941851397902       -2.83862507144194
H           10.19151297771821        1.37793365487659       -1.34918153079862
76
 energy: -110.273307607478 gnorm: 0.001168501341 xtb: 6.7.1pre (5071a88)
N            0.21976481878645        0.46724044723054       -0.56065662190212
C            1.54647886130204        0.16467259576364       -0.32194889375463
C            2.25964556138310        0.67028837011413        0.76623993841611
C            3.60635827093007        0.40454103593435        0.89977685024659
C            4.27378370013703       -0.40433179174803       -0.01089929414676
C            3.53100393490257       -1.01418199323601       -1.01517232115673
C            2.18935869776150       -0.73928379100980       -1.17091841666492
C            5.77173936050646       -0.46327091360660       -0.02675284665295
C            6.26050461157990        0.70700778922150       -0.90225756627560
C           -0.42998683086249        1.65991443981023       -0.29675468080590
C            0.08343219741209        2.81861312065724        0.11796283812630
C           -0.78842556801764        4.01348859629356        0.40281852956585
C            0.01441360661003        5.32279130588962        0.44562435196849
C            0.62772421274991        5.68818099720747       -0.90399275581165
C            1.30646084433425        7.05159547852028       -0.85373915180494
O            0.37638746250576        0.24802743172855       -3.58892788375306
N           -2.12477735275598        3.43371852368568        3.81565339083579
C           -3.28797112147092        3.74899710539806        3.17984534545520
C           -2.96892562386119        4.00194531640720        1.82213974527577
C           -1.55496105968199        3.82430746574125        1.68445908428697
C           -4.58625556849844        3.84871923158993        3.66063327950753
C           -3.99215532114267        4.35356036964873        0.93942868889125
C           -1.07975228522876        3.47931241605772        2.92164065344562
C           -5.57315452296792        4.20415767996253        2.76592168661344
C           -5.27802921454743        4.45143958082136        1.42229877491857
C            0.29274557119557        3.16094163911830        3.39740113988423
O            1.53704200520720        2.59485474389529       -2.81463039703475
H           -0.17799695150371       -0.06029452866149       -1.32777644608559
H           -0.12838308209446        0.45857815506234       -4.37541268502396
H            1.75527197395054        1.27429614442092        1.50185808456288
H            4.15596370467504        0.84634310552913        1.71918829880272
H            4.01494485398542       -1.69879050488013       -1.69867040892702
H            1.63182168446705       -1.18411518774003       -1.98171965555848
H            6.13892391403775       -1.40114116136991       -0.44623968759222
H            6.19292232921220       -0.34624694206246        0.97148905551202
H            5.85641051565140        1.64537376944180       -0.50431077820857
H            6.03400137720125       -0.24182060508407       -2.75448211433111
H            7.54797832758083        2.57469032079737       -1.91250230931698
H           -1.49622965633336        1.59570552592265       -0.48240112646209
H            1.14176115914318        2.93527629037420        0.29014675184571
H           -1.53157775845231        4.09974842998066       -0.39890328252402
H           -0.65056827034457        6.13062494794011        0.75889923326323
H            0.80534734030885        5.24437180160076        1.19417724394262
H            1.36235291605258        4.93636128038560       -1.19777287180221
H           -0.15554669210336        5.70168812602517       -1.66551671637857
H            1.72962376506351        7.30415469504930       -1.82326557393980
H            0.59153017910478        7.82310652246549       -0.57655499736233
H            2.10872445261263        7.05092282020263       -0.11881412308157
H           -2.03344906431032        3.20263394301148        4.79009979842225
H           -2.47847855593568        6.20762406838549        2.28320409421505
H           -4.81212057297726        3.65467735554314        4.69878514103944
H           -3.77944961513987        4.54923088526482       -0.10117282826733
H           -6.59434398994757        4.29245143477691        3.10549956403416
H           -6.08100550159695        4.72398959626053        0.75300770275849
H            1.02712976045937        3.42114932247859        2.64364831701730
H            0.51599297820755        3.71568578583028        4.30890127622376
H            0.38227508928604        2.09580603208943        3.61808515468520
H            2.47131742876914        2.51462765475753       -2.54383205555411
H            1.05085116822354        2.84604578111125       -2.02195278797965
O           -2.67213754263935        7.14870039898188        2.32987993585980
H            0.82156232409270        1.08208355731639       -3.33112706708732
H           -3.61087610575981        7.23711568845040        2.15321523068624
N            5.74808386668791        0.58647979210977       -2.25462477033878
C            7.79137941678367        0.78639094165539       -0.96353672207490
O            8.52501292933406       -0.07392729227978       -0.52956753048622
C            4.09292767850283        0.79092233090752       -4.00037707441461
C            4.65137751242613        1.24990837756740       -2.67916968444780
O            4.17050872013229        2.18201209710246       -2.05273344851946
H            3.19118200942602        0.21237303480074       -3.80428608833957
H            4.79904614401939        0.18135562827650       -4.55568359308919
H            3.80334728014969        1.65549160684643       -4.59210177142660
N            8.22401272946187        1.90709759412688       -1.57596241642787
C            9.62172394697699        2.19830239051636       -1.78053639082119
H            9.89857102450678        3.12853363047161       -1.28201752097781
H            9.84827282708230        2.28164503897035       -2.84495582820509
H           10.19156078318089        1.37551312818003       -1.35229799563096
76
 energy: -110.273314019025 gnorm: 0.001220735397 xtb: 6.7.1pre (5071a88)
N            0.22090097923572        0.47051098883048       -0.55773377181885
C            1.54741262080602        0.16750054277467       -0.31860665033577
C            2.26120455179241        0.67464721447753        0.76847373328600
C            3.60787045102364        0.40857322507717        0.90189045829471
C            4.27455565962592       -0.40218808613620       -0.00765343261330
C            3.53106999180197       -1.01358797270463       -1.01047507632360
C            2.18950693559112       -0.73833578324913       -1.16618895891411
C            5.77245953406813       -0.46169041561430       -0.02424424028330
C            6.26110684283553        0.70642221212032       -0.90278536553990
C           -0.42900010611559        1.66315274843883       -0.29441089531331
C            0.08424059585590        2.82212173220613        0.11983032295881
C           -0.78775823354615        4.01698597353755        0.40427897992110
C            0.01540820983449        5.32603671677593        0.44783063527634
C            0.62768307575290        5.69208227669157       -0.90211480195078
C            1.30607373153694        7.05568086111383       -0.85210416076498
O            0.38256052885550        0.24762052524383       -3.58707400740879
N           -2.12835566641891        3.43336653066319        3.81485026950594
C           -3.29106704363022        3.74712527832113        3.17744388751942
C           -2.97024075025064        4.00196822667951        1.82049542980231
C           -1.55572076588676        3.82683475004905        1.68493719154608
C           -4.59036794927563        3.84391004566917        3.65608582878367
C           -3.99259836095029        4.35274641196634        0.93643101325556
C           -1.08196698720983        3.48147343558184        2.92257117872300
C           -5.57642778994844        4.19840173303737        2.76003922973387
C           -5.27948242544713        4.44774081157935        1.41719227034764
C            0.29030926753645        3.16521870897149        3.40033500033122
O            1.53850996123238        2.59588913981664       -2.81314747743432
H           -0.17769471461677       -0.05865037779898       -1.32322164616565
H           -0.11883892420220        0.45495773912003       -4.37707233539505
H            1.75740888324327        1.28005324480263        1.50334774075642
H            4.15803450397297        0.85159882686268        1.72026888356015
H            4.01436970597960       -1.69968268317969       -1.69293723905870
H            1.63151779087850       -1.18424934730213       -1.97608185776052
H            6.13902557720100       -1.40062934289303       -0.44193818149863
H            6.19436162072600       -0.34258728714834        0.97345559321940
H            5.85785183052354        1.64593048116686       -0.50662833272210
H            6.03236917297326       -0.24646565134907       -2.75283606352499
H            7.54891426595410        2.56872442472901       -1.92290513417739
H           -1.49525899319526        1.59885064653860       -0.47995832852100
H            1.14254360690820        2.93905561449443        0.29199561901617
H           -1.53013775707697        4.10362922596697       -0.39812398977594
H           -0.64903865634255        6.13387604103677        0.76218012950093
H            0.80690350251661        5.24682892334234        1.19570555286457
H            1.36220880399719        4.94048494107332       -1.19674235046551
H           -0.15619825144877        5.70557878076937       -1.66301250099266
H            1.72657414619816        7.30944243281939       -1.82248608864501
H            0.59152687180386        7.82661342113973       -0.57223631082480
H            2.11026688775409        7.05455579714179       -0.11926979882928
H           -2.03812452566906        3.20129576192629        4.78918578040429
H           -2.47945365175407        6.20641744263050        2.27539852863996
H           -4.81772077792347        3.64833508481625        4.69363889300975
H           -3.77845005806464        4.55007027142552       -0.10356932384008
H           -6.59837705524158        4.28432388943123        3.09797096023755
H           -6.08179435253744        4.71959155547415        0.74681951445798
H            1.02523762929044        3.42518684915506        2.64703594623516
H            0.51191860832770        3.72152192524728        4.31128890353206
H            0.38074668843778        2.10050198139220        3.62263436550500
H            2.47338588449759        2.51570844559027       -2.54435919097215
H            1.05395138967809        2.84646665710186       -2.01923210986588
O           -2.67359088211467        7.14712355502150        2.33556387470059
H            0.82654703595192        1.08209168682596       -3.33048244717246
H           -3.61541276680743        7.23748444788513        2.17429698045669
N            5.74753897481467        0.58315810853665       -2.25446500313053
C            7.79188593457468        0.78467597864549       -0.96563033960860
O            8.52543449643730       -0.07390128190189       -0.52799221079533
C            4.09222390227761        0.78643853117082       -4.00020519763465
C            4.65160358060206        1.24722043344096       -2.68008551531934
O            4.17230142253439        2.18120549227088       -2.05513927027347
H            3.18818351501008        0.21148227410032       -3.80310733971874
H            4.79664793156594        0.17283463992148       -4.55358330450933
H            3.80600140836386        1.65049432512060       -4.59456707515993
N            8.22486964187629        1.90203576851488       -1.58414510307664
C            9.62265105104881        2.19041756785885       -1.79239943862117
H            9.90115050557596        3.12413148313104       -1.30096203636339
H            9.84810484314730        2.26563510251866       -2.85786992611777
H           10.19194289353083        1.36992833950191       -1.35868886628358
76
 energy: -110.273322067633 gnorm: 0.001991908642 xtb: 6.7.1pre (5071a88)
N            0.22242374529041        0.47726971000221       -0.55025421611653
C            1.54881373185906        0.17369335078995       -0.31141649850224
C            2.26457297159389        0.68392380308993        0.77294234255106
C            3.61123733593717        0.41718498981067        0.90524461684216
C            4.27586601638136       -0.39725895464721       -0.00251301571221
C            3.53040712405057       -1.01146057447545       -1.00216702512970
C            2.18888782288114       -0.73558327514252       -1.15687393468725
C            5.77364145805662       -0.45854374431402       -0.02101359189585
C            6.26266965831288        0.70549012907546       -0.90481415584478
C           -0.42758487099697        1.66993814816853       -0.28809864496184
C            0.08567115081769        2.82958639421950        0.12432154690368
C           -0.78645693693457        4.02461629109857        0.40785715020788
C            0.01751451633253        5.33307533013618        0.45243373851594
C            0.62727824339260        5.69981527939454       -0.89853527810482
C            1.30462991405044        7.06398555881217       -0.85011546880174
O            0.39263059855526        0.24332000592413       -3.58404148081138
N           -2.13599211023379        3.43219473822050        3.81354005534589
C           -3.29768443852491        3.74283058075702        3.17276006167385
C           -2.97300058582364        4.00235642689384        1.81760353830737
C           -1.55731089739499        3.83260011516151        1.68651858002981
C           -4.59917275991526        3.83303220736682        3.64680522459417
C           -3.99339367512426        4.35203491138315        0.93083828922233
C           -1.08667897890311        3.48596214784095        2.92499784309275
C           -5.58335086401448        4.18608149249126        2.74807497359713
C           -5.28241991765751        4.44070820142205        1.40709928788099
C            0.28518429526452        3.17433960879490        3.40697985629214
O            1.53980997758891        2.59530164075072       -2.81000149466548
H           -0.17845740264069       -0.05549803269329       -1.31192773166120
H           -0.10415729429511        0.44660527556678       -4.37832613137712
H            1.76240964803412        1.29207463474225        1.50668685007291
H            4.16300987240444        0.86249195878430        1.72130850083693
H            4.01209150424283       -1.70031945781223       -1.68298706152880
H            1.62947003158674       -1.18357932843444       -1.96460795165488
H            6.13839229259022       -1.39955287840452       -0.43572085614658
H            6.19723687918707       -0.33619807033608        0.97558897948777
H            5.86111635335613        1.64713520831018       -0.51192462102791
H            6.03104438568900       -0.25385706074322       -2.75144768943367
H            7.55265838357464        2.55734082139341       -1.94241252416519
H           -1.49396832545322        1.60538609053579       -0.47283307738266
H            1.14401328885780        2.94713310185110        0.29576069279172
H           -1.52733835498884        4.11197233754884       -0.39587074807597
H           -0.64564044584611        6.14114137875969        0.76887611411787
H            0.81036815377076        5.25239871777172        1.19870575707634
H            1.36165838480887        4.94861711275040       -1.19463698486642
H           -0.15807540360172        5.71267747970220       -1.65795133178308
H            1.72045586731277        7.31910124595811       -1.82217427972942
H            0.59050812014726        7.83391735585113       -0.56636159134609
H            2.11213588053744        7.06303390409976       -0.12091571417781
H           -2.04823983555624        3.19699944155832        4.78738582473566
H           -2.47963960462476        6.20419558178268        2.26560517739881
H           -4.82973907166781        3.63349930294897        4.68292445149344
H           -3.77611593976575        4.55351349543724       -0.10773386646793
H           -6.60693766558369        4.26672178030329        3.08244832284238
H           -6.08323869031944        4.71163451001438        0.73457626969712
H            1.02123584846790        3.43409677371455        2.65471057718776
H            0.50319052147279        3.73383306884322        4.31689310765334
H            0.37776361360519        2.11048880990447        3.63252496470389
H            2.47582258959236        2.51529752607218       -2.54499358891889
H            1.05843434305317        2.84543568388557       -2.01404021656670
O           -2.67377025665497        7.14405919517613        2.34685242718391
H            0.83300883362512        1.07917502864977       -3.32747479707361
H           -3.61982257525580        7.23625540648808        2.21053838183036
N            5.74741673591411        0.57762265581682       -2.25542711158704
C            7.79335760373294        0.78106883725557       -0.96981663564580
O            8.52615219230307       -0.07444728444876       -0.52485213646105
C            4.09270362992861        0.77878040356051       -4.00188295183839
C            4.65273720336026        1.24247234696563       -2.68309716674062
O            4.17539397037387        2.17921822114177       -2.06071837290161
H            3.18746221372318        0.20598995966571       -3.80357641483894
H            4.79627702617868        0.16229026915749       -4.55331999417834
H            3.80845778879001        1.64166473363935       -4.59888048802720
N            8.22773031702780        1.89178550458330       -1.59956275005023
C            9.62591121594027        2.17406596848905       -1.81364904394695
H            9.90774997049526        3.11334159957601       -1.33452116311458
H            9.85000426803176        2.23504434943288       -2.88054826325217
H           10.19356940957690        1.35738052216124       -1.37036544310668
76
 energy: -110.273328016075 gnorm: 0.001358148147 xtb: 6.7.1pre (5071a88)
N            0.22243554321631        0.48142455005417       -0.54367443203922
C            1.54918588983458        0.17796965661940       -0.30654479903203
C            2.26698227727542        0.69004453284050        0.77559223736852
C            3.61374530416726        0.42287898789306        0.90616438324672
C            4.27644123011164       -0.39365507043466       -0.00111516018145
C            3.52913118042573       -1.00913130951204       -0.99857501013969
C            2.18748506154409       -0.73295067114903       -1.15155126349591
C            5.77410558345290       -0.45679312241274       -0.02117587593716
C            6.26412891183261        0.70513929762416       -0.90712194321188
C           -0.42726013373216        1.67437488438213       -0.28233822499062
C            0.08643123985085        2.83461783395065        0.12789111318317
C           -0.78571593657235        4.02988821663114        0.41069110987043
C            0.01872908482665        5.33800137710285        0.45533588260453
C            0.62659206963238        5.70449767429596       -0.89661262419841
C            1.30316888703273        7.06912555434025       -0.85031631556861
O            0.39506980369696        0.23753519036905       -3.58153699388706
N           -2.14095057644549        3.43117699045872        3.81306757088864
C           -3.30196813830591        3.73987666992659        3.17010974336914
C           -2.97473365737944        4.00306757771579        1.81629491841100
C           -1.55833232249822        3.83678764291811        1.68810331480190
C           -4.60487921713038        3.82542163669841        3.64108866936690
C           -3.99375214962627        4.35260422955692        0.92791684901012
C           -1.08975934800311        3.48884911449804        2.92700061779231
C           -5.58775498805019        4.17795192510562        2.74072611473906
C           -5.28414996917395        4.43688951067621        1.40119155794193
C            0.28182975952389        3.18013689277313        3.41157636798638
O            1.53888768488845        2.59175262861499       -2.80805874365509
H           -0.18046707904194       -0.05366794348542       -1.30258023396987
H           -0.09903907164497        0.43928731798831       -4.37788373448722
H            1.76634217556942        1.29975479727784        1.50909373994278
H            4.16709383583341        0.86936434837088        1.72051463473839
H            4.00941522383693       -1.69935785046997       -1.67898832389179
H            1.62658869877244       -1.18204021032286       -1.95762893498755
H            6.13706324748640       -1.39894233976256       -0.43489020532352
H            6.19895126293133       -0.33366873891018        0.97479761883667
H            5.86385390662252        1.64794022870351       -0.51569089297545
H            6.03211247300285       -0.25622842220078       -2.75271578243000
H            7.55694287933848        2.55067661097733       -1.95326002135683
H           -1.49388200657686        1.60962818557375       -0.46558927349348
H            1.14490957311930        2.95271320421233        0.29804408008403
H           -1.52572174743840        4.11748967909157       -0.39382562115939
H           -0.64358187088904        6.14630454598611        0.77289950212520
H            0.81258870496580        5.25672766623032        1.20046518160436
H            1.36084643114492        4.95339563783268       -1.19333779501019
H           -0.15986293675958        5.71640654807728       -1.65492721880990
H            1.71733845888670        7.32363163685940       -1.82322426621345
H            0.58895613708819        7.83882737345454       -0.56626295436817
H            2.11175334205195        7.06944295647298       -0.12235161878957
H           -2.05502253822539        3.19300764588456        4.78637072409429
H           -2.47842340084526        6.20270412693274        2.26602472027559
H           -4.83755824933015        3.62269687137382        4.67611763476007
H           -3.77438329352087        4.55740725475493       -0.10956317402319
H           -6.61241096978748        4.25486269099845        3.07268979062072
H           -6.08393192614952        4.70766161478856        0.72739015995680
H            1.01852995683316        3.43986677365854        2.65994187743553
H            0.49758804209921        3.74154069537010        4.32085961099744
H            0.37578215155070        2.11683291857424        3.63906679105710
H            2.47554659156581        2.51241145667677       -2.54523035325780
H            1.05936483282900        2.84237471900138       -2.01118330447199
O           -2.67164287943677        7.14212363490530        2.35433386005193
H            0.83368629352814        1.07412187669304       -3.32459826597248
H           -3.61775192818787        7.23405433839859        2.22582032521946
N            5.74840073418065        0.57563534348876       -2.25739202062251
C            7.79490745479524        0.77847219575825       -0.97251847140798
O            8.52654690195791       -0.07562471952015       -0.52300692632295
C            4.09465428658252        0.77561360068902       -4.00473592662166
C            4.65411869531551        1.24048568212303       -2.68604356666375
O            4.17677119299622        2.17784520474264       -2.06469855828193
H            3.19140842303212        0.19955319061475       -3.80618332872307
H            4.80011670128401        0.16170872616359       -4.55688405115011
H            3.80731805646306        1.63795527032793       -4.60109955569960
N            8.23088842043724        1.88519517779696       -1.60806232732408
C            9.62955838742875        2.16388250074042       -1.82344919469003
H            9.91312204963122        3.10497756285995       -1.34923685635115
H            9.85377799511086        2.21894612763912       -2.89051571846004
H           10.19574330504600        1.34851988507153       -1.37600083887391
76
 energy: -110.273331820534 gnorm: 0.000326370194 xtb: 6.7.1pre (5071a88)
N            0.22229895743762        0.48122164120042       -0.54281730413571
C            1.54929198764775        0.17819865196082       -0.30632805943274
C            2.26729210410283        0.69025782917174        0.77565129201002
C            3.61409081491276        0.42311765703022        0.90597741360410
C            4.27667080195024       -0.39338174983330       -0.00139653661337
C            3.52921864000271       -1.00873477710787       -0.99879306484429
C            2.18753490499034       -0.73256281621581       -1.15152469746329
C            5.77434527576161       -0.45686588746345       -0.02142805316389
C            6.26484310949973        0.70481995760983       -0.90733697588340
C           -0.42714594371338        1.67442392438685       -0.28181621949717
C            0.08660132061734        2.83482528781727        0.12778450296527
C           -0.78586249996414        4.02996626662447        0.41035382301410
C            0.01809077713705        5.33838262132301        0.45514282140090
C            0.62615638660760        5.70507962292032       -0.89662843642596
C            1.30332579392044        7.06937606404249       -0.84986926143165
O            0.39587466365521        0.23628450594742       -3.58328690076883
N           -2.14094291197947        3.43155212101296        3.81274995089896
C           -3.30197794387791        3.74014508030051        3.16979832984825
C           -2.97485990871619        4.00308683099713        1.81593846003829
C           -1.55849832228165        3.83680046905165        1.68771788938248
C           -4.60482587872666        3.82566627874065        3.64083822397003
C           -3.99399136856582        4.35219736183330        0.92752911540744
C           -1.08983860930418        3.48909778813821        2.92665119198763
C           -5.58778328725492        4.17782563294365        2.74045349281038
C           -5.28432233345268        4.43640987791411        1.40085602185746
C            0.28173559434242        3.18010191017031        3.41104399801385
O            1.53952979801520        2.59234702383788       -2.80869706606716
H           -0.18022076210040       -0.05313183528506       -1.30245726115560
H           -0.10039848143242        0.44033216050088       -4.37699111859438
H            1.76674255376192        1.29990664229983        1.50924458301020
H            4.16751992841497        0.86954224971936        1.72028565441771
H            4.00939389738233       -1.69896032255417       -1.67928304156476
H            1.62644592194478       -1.18177621518144       -1.95738054143547
H            6.13708545992042       -1.39917302990518       -0.43490841199279
H            6.19909414843595       -0.33376279292520        0.97457730967183
H            5.86510610898647        1.64777131702648       -0.51578347854546
H            6.03208733079262       -0.25640684197512       -2.75270384001496
H            7.55768608082146        2.54908022035203       -1.95446775025747
H           -1.49378212557775        1.60961792681029       -0.46490809129354
H            1.14509725216537        2.95325131091894        0.29757613143708
H           -1.52579553247955        4.11729134892382       -0.39425733466170
H           -0.64461139223274        6.14644457545378        0.77250994941741
H            0.81176641723193        5.25744440668754        1.20049964792243
H            1.36008114042320        4.95374676066040       -1.19355983917129
H           -0.16025707050227        5.71760440710498       -1.65495244088688
H            1.71879279066599        7.32342483962350       -1.82235970734629
H            0.58916853204898        7.83953411849514       -0.56685837673491
H            2.11104275900197        7.06946388857163       -0.12094901300403
H           -2.05509277687144        3.19389664116728        4.78613459229531
H           -2.48076010156839        6.20132116291243        2.26464143178870
H           -4.83732549413488        3.62318831148484        4.67592157455988
H           -3.77477420713523        4.55663292285739       -0.11001859009913
H           -6.61239851955042        4.25471357466410        3.07241578399509
H           -6.08419040568957        4.70684847941351        0.72704201423059
H            1.01836623416148        3.43944666483294        2.65920996734938
H            0.49785391678663        3.74157917157290        4.32017845863925
H            0.37536078431270        2.11680537621515        3.63868608956334
H            2.47567494717690        2.51246332204407       -2.54441742506511
H            1.05882206597220        2.84248133704535       -2.01242835491838
O           -2.67129556809836        7.14082044896225        2.35454759173459
H            0.83147184818697        1.07423882453660       -3.32245906956343
H           -3.61745306299098        7.23520993580192        2.22960592655541
N            5.74887203082551        0.57564889703986       -2.25754299572874
C            7.79575387568897        0.77772382262407       -0.97273294914372
O            8.52718179650259       -0.07624852840148       -0.52282990792889
C            4.09420926814901        0.77539461101389       -4.00404015654048
C            4.65436140574797        1.24036703261350       -2.68566436027637
O            4.17724955012992        2.17783689951580       -2.06445380055370
H            3.19186161148487        0.19831770897794       -3.80457809670171
H            4.79976554710904        0.16234387387041       -4.55683957252028
H            3.80521742926615        1.63762287174813       -4.59998046477813
N            8.23162442941707        1.88412726263609       -1.60855802856531
C            9.63019082366643        2.16364366096987       -1.82332800860602
H            9.91287945193285        3.10468115750447       -1.34881389123850
H            9.85479049443629        2.21923391769123       -2.89013640471125
H           10.19688574452725        1.34877632900936       -1.37599833461194
76
 energy: -110.273335399032 gnorm: 0.000819602577 xtb: 6.7.1pre (5071a88)
N            0.22224647606389        0.48091137669929       -0.54166089702404
C            1.54963044318720        0.17850363467065       -0.30602539009345
C            2.26791600646376        0.69068723829387        0.77568029930509
C            3.61475687569542        0.42355064357203        0.90568243390672
C            4.27713182682357       -0.39297752628696       -0.00180901969167
C            3.52946366078557       -1.00819943206057       -0.99911147851267
C            2.18772749431719       -0.73207137479391       -1.15148930588856
C            5.77480889362317       -0.45704302868416       -0.02177134947666
C            6.26594974954496        0.70430044842332       -0.90767957878709
C           -0.42690574329692        1.67457305384501       -0.28133463649269
C            0.08687328862169        2.83528078505161        0.12723824194562
C           -0.78615175552835        4.03010416132499        0.40965431598559
C            0.01697271587882        5.33901860872137        0.45474285176825
C            0.62541696240301        5.70611864808110       -0.89672385356436
C            1.30361140712665        7.06985571914588       -0.84901595288406
O            0.39358509454473        0.23673553955444       -3.58186938834156
N           -2.14098174088038        3.43207024845721        3.81212523779633
C           -3.30207951658084        3.74047315356493        3.16920815353819
C           -2.97516590688751        4.00283618726428        1.81519355567890
C           -1.55883338883762        3.83663087964830        1.68691750023674
C           -4.60485488383308        3.82605571705181        3.64040397863264
C           -3.99449908302927        4.35125216933149        0.92671967449679
C           -1.09001441407616        3.48937081167415        2.92592227496035
C           -5.58798627362628        4.17757219359794        2.73996769722719
C           -5.28475812895659        4.43544762089777        1.40018535304499
C            0.28156958900123        3.18005910632558        3.41004912363080
O            1.53969990225902        2.59206532354144       -2.80869405524034
H           -0.17991442065366       -0.05285183892896       -1.30195466162387
H           -0.10107318638998        0.44067426693259       -4.37625698463904
H            1.76751632102840        1.30036249581842        1.50935345305421
H            4.16833425501755        0.86997299350516        1.71987818876482
H            4.00947305764893       -1.69833708927714       -1.67979990651851
H            1.62646318959018       -1.18123014313342       -1.95725526597377
H            6.13715151645446       -1.39959939645591       -0.43501060506449
H            6.19943099157211       -0.33401328208628        0.97430101617351
H            5.86709695778374        1.64750726702683       -0.51586262070129
H            6.03203902776312       -0.25656264338946       -2.75290016789728
H            7.55899026594793        2.54659439681005       -1.95667355833754
H           -1.49369292033553        1.60945710742771       -0.46349708281459
H            1.14537884517278        2.95417942775761        0.29663825068985
H           -1.52597131131442        4.11704455410380       -0.39510335314107
H           -0.64639846767125        6.14662082982727        0.77187794294533
H            0.81033389675924        5.25856509975739        1.20047983720914
H            1.35880904015618        4.95442400160020       -1.19405290145474
H           -0.16091005906293        5.71974563479800       -1.65511240428077
H            1.72134483856255        7.32320501326495       -1.82073152365913
H            0.58953733870851        7.84074447463928       -0.56775981842795
H            2.10979993809770        7.06949313798100       -0.11840394071422
H           -2.05518159362598        3.19536033698083        4.78572078324934
H           -2.48473175454009        6.19907608175401        2.26203446850669
H           -4.83708615354326        3.62404251907237        4.67562186528327
H           -3.77548667775787        4.55519028900114       -0.11095042745416
H           -6.61256762260003        4.25443285292344        3.07197621857539
H           -6.08478038601187        4.70531422555582        0.72633682408056
H            1.01807180387397        3.43878318388732        2.65787973270030
H            0.49823512357252        3.74174832617050        4.31890747461344
H            0.37473822300402        2.11679337715047        3.63802802611537
H            2.47598700315017        2.51272205264074       -2.54480577559401
H            1.05918473779722        2.84319306569751       -2.01263436772950
O           -2.67078155855717        7.13903198548680        2.35525028062421
H            0.83093533493766        1.07469656573696       -3.32225083658235
H           -3.61726348773902        7.23777596714043        2.23667543123539
N            5.74957766223917        0.57576864052325       -2.25780873828219
C            7.79706407788236        0.77649466053007       -0.97305793591164
O            8.52812788733477       -0.07728462733201       -0.52228461107989
C            4.09329412299180        0.77497728489252       -4.00279112196360
C            4.65457885472481        1.24030588846611       -2.68498717783351
O            4.17763199955536        2.17769911531423       -2.06355887077680
H            3.19244093197673        0.19599319210375       -3.80211369044055
H            4.79917266585340        0.16370501485085       -4.55706377806929
H            3.80137672546203        1.63697002755877       -4.59770841411267
N            8.23294134337766        1.88238542325526       -1.60950295966167
C            9.63144020194470        2.16314913119854       -1.82312415012733
H            9.91279137574509        3.10420226292852       -1.34793512460893
H            9.85671658645595        2.21954607131011       -2.88967860790651
H           10.19870390673156        1.34874887031070       -1.37583419673594
76
 energy: -110.273341159192 gnorm: 0.001004660970 xtb: 6.7.1pre (5071a88)
N            0.22240871331997        0.48028468137984       -0.53896566577855
C            1.55065118375787        0.17938569070520       -0.30539578199408
C            2.26969376634977        0.69195294740964        0.77560965471819
C            3.61660447322414        0.42471088404196        0.90487651103442
C            4.27837825128191       -0.39214829033989       -0.00276458783438
C            3.53016891459110       -1.00703312414163       -0.99985615014760
C            2.18833676112579       -0.73083970051095       -1.15146929930024
C            5.77605092398922       -0.45755077029262       -0.02271893350838
C            6.26866559127467        0.70312739335317       -0.90857385042642
C           -0.42627901371064        1.67468497378037       -0.27986460876443
C            0.08744060411069        2.83629229314174        0.12603054857504
C           -0.78697834865804        4.03038622025128        0.40770390218922
C            0.01412621533687        5.34052154690554        0.45360878868237
C            0.62361742786212        5.70879987780688       -0.89702094060034
C            1.30440391628379        7.07115636151574       -0.84664190886460
O            0.38911699187690        0.23847152194997       -3.57796035388315
N           -2.14120737702543        3.43325511380775        3.81039644128782
C           -3.30251744181921        3.74109796973201        3.16760782565957
C           -2.97611963493143        4.00204563429494        1.81315506665402
C           -1.55980247175258        3.83615756104450        1.68470991782214
C           -4.60514190149539        3.82691430745739        3.63922597109838
C           -3.99599184000229        4.34863246782135        0.92450370927127
C           -1.09055346280391        3.49007770613648        2.92388755307279
C           -5.58874466363107        4.17679089370712        2.73865579478875
C           -5.28611500542932        4.43277471339979        1.39834228200757
C            0.28111096250440        3.18020179302984        3.40738081124357
O            1.54080889474956        2.59176400924850       -2.80907339955804
H           -0.17910448747173       -0.05223994136816       -1.30058045423067
H           -0.10390200554757        0.44235026028050       -4.37353484471079
H            1.76976592858053        1.30199228451170        1.50931813962567
H            4.17066441755365        0.87127939015762        1.71866463425963
H            4.00974622986781       -1.69711747938236       -1.68092764810142
H            1.62652655734071       -1.17999613050439       -1.95687563698059
H            6.13743520089355       -1.40064753294565       -0.43560533462215
H            6.20054544839362       -0.33476965992212        0.97344959494874
H            5.87176458696251        1.64687892772938       -0.51605179653205
H            6.03184043228153       -0.25705948388963       -2.75351037834737
H            7.56253602402209        2.54081760658240       -1.96246013281016
H           -1.49332719596056        1.60890052024066       -0.46034943174649
H            1.14605486915382        2.95653411509003        0.29392710166391
H           -1.52647319029205        4.11635411220709       -0.39746740776838
H           -0.65082131636325        6.14702631850693        0.77022362931608
H            0.80673189223448        5.26118291740445        1.20026265650009
H            1.35569992776915        4.95620792751500       -1.19534451398189
H           -0.16241042661896        5.72524274488158       -1.65567883862878
H            1.72795411954590        7.32298773215296       -1.81626975240638
H            0.59052865690233        7.84378792091591       -0.56969076274372
H            2.10664669688419        7.06950127270576       -0.11166424336646
H           -2.05533677026484        3.19891877369058        4.78456726965933
H           -2.49529503254480        6.19390892880462        2.25436526194411
H           -4.83676046079686        3.62628060823322        4.67485534706528
H           -3.77748767491424        4.55110181263518       -0.11355601938455
H           -6.61325301300889        4.25371941922190        3.07089035562308
H           -6.08655283806426        4.70109038561013        0.72437555605831
H            1.01723845524955        3.43739689528184        2.65433081974977
H            0.49906326877727        3.74258816456684        4.31548628446500
H            0.37334831371504        2.11704940010063        3.63633090471832
H            2.47653041031863        2.51193452716576       -2.54342963232506
H            1.05899625199698        2.84449386155655       -2.01430686298543
O           -2.66960304483498        7.13526649786029        2.35820359338065
H            0.82917627276366        1.07592465327272       -3.32058795457611
H           -3.61703663218209        7.24567819896766        2.25644909483167
N            5.75129261245287        0.57600760289243       -2.25849810235207
C            7.80015915782101        0.77371591877957       -0.97377855468932
O            8.53032256104883       -0.07945942242196       -0.52049700536737
C            4.09093970185257        0.77387289094530       -3.99977555566051
C            4.65493833622776        1.24001076478287       -2.68331980245089
O            4.17899575357617        2.17770710357689       -2.06163624267179
H            3.19421239488455        0.18946287995594       -3.79609951441923
H            4.79791803061417        0.16750087227942       -4.55802388657455
H            3.79149061799898        1.63517747665796       -4.59196134978258
N            8.23645891420830        1.87815909293581       -1.61221788693534
C            9.63498588247558        2.16145606339912       -1.82270977281849
H            9.91350451147037        3.10250126365155       -1.34564608795859
H            9.86220885641730        2.21975794118626       -2.88874085461186
H           10.20301036610703        1.34764892490565       -1.37529327885510
76
 energy: -110.273344257671 gnorm: 0.000670929048 xtb: 6.7.1pre (5071a88)
N            0.22301470410662        0.48021488352288       -0.53790941846565
C            1.55154263767369        0.17996111494659       -0.30515008422617
C            2.27109708764311        0.69310005607287        0.77525576704014
C            3.61800232939447        0.42567130816938        0.90419708195292
C            4.27934045152020       -0.39174926832334       -0.00327957028861
C            3.53077826808126       -1.00668265750712       -1.00007209337877
C            2.18890249334659       -0.73043761498142       -1.15127123318199
C            5.77698143017893       -0.45788817900019       -0.02335757419935
C            6.27018217009858        0.70261211476272       -0.90916816740199
C           -0.42578319213206        1.67470966492147       -0.27942181132726
C            0.08766244781346        2.83697874022144        0.12488891473278
C           -0.78760931715525        4.03053696340413        0.40631162270827
C            0.01248787695808        5.34126011335152        0.45285390112578
C            0.62270123868689        5.71041816946586       -0.89720967717991
C            1.30489059078172        7.07200722987765       -0.84486026763512
O            0.38590038374120        0.23979648187823       -3.57492809438078
N           -2.14158071361324        3.43379093593950        3.80910155242329
C           -3.30304115025786        3.74122257084659        3.16642887426266
C           -2.97697205605792        4.00138882499891        1.81170137268811
C           -1.56061521412835        3.83585933823035        1.68314095791032
C           -4.60557717491333        3.82722682366345        3.63828132912067
C           -3.99719488147317        4.34674315057148        0.92293868818287
C           -1.09108774442139        3.49051314523293        2.92240491862586
C           -5.58947611189214        4.17608909154560        2.73763318271732
C           -5.28725209733811        4.43080399431157        1.39697769282530
C            0.28068609168545        3.18071531212903        3.40562245681767
O            1.54155960700357        2.59169247421815       -2.80874702110763
H           -0.17858355800222       -0.05241782153119       -1.29943324078536
H           -0.10644974973368        0.44358551568797       -4.37114594804784
H            1.77152229532241        1.30363075274312        1.50880308020041
H            4.17241237653457        0.87240493035350        1.71765962756061
H            4.01008332122047       -1.69694283319099       -1.68117693274490
H            1.62674288842917       -1.17965394278673       -1.95641456486257
H            6.13782171413477       -1.40117327961892       -0.43632459988009
H            6.20160931745988       -0.33539879637666        0.97279008006481
H            5.87401336432962        1.64654131193649       -0.51628413774655
H            6.03190567742250       -0.25708804291829       -2.75417841462409
H            7.56499477403236        2.53785933414095       -1.96599755459192
H           -1.49304065468090        1.60824060478877       -0.45849137398227
H            1.14631791232398        2.95797947108441        0.29204924408756
H           -1.52683435001591        4.11608492170062       -0.39916082201833
H           -0.65324015536275        6.14715929522725        0.76935789315175
H            0.80466785355072        5.26230542316756        1.19999201179787
H            1.35411317286522        4.95742868444276       -1.19619057520054
H           -0.16303181673110        5.72860653045795       -1.65614217704396
H            1.73176434219532        7.32327732123943       -1.81315387988220
H            0.59113527501199        7.84550857670335       -0.57011579567508
H            2.10484156572693        7.06938929220239       -0.10739933447115
H           -2.05542538055253        3.20079938275216        4.78358349884560
H           -2.50249694782626        6.19221536906954        2.24884657467289
H           -4.83692429670735        3.62747891054258        4.67415608104944
H           -3.77898996010878        4.54825375334120       -0.11537755143230
H           -6.61392928173593        4.25310791305636        3.07007141965155
H           -6.08795105240723        4.69810931430788        0.72292312762208
H            1.01654362802136        3.43710789130368        2.65204354516232
H            0.49919751043955        3.74374339037404        4.31319128028453
H            0.37270467602556        2.11770176095627        3.63533784468057
H            2.47711282602221        2.51174676470071       -2.54251269568671
H            1.05937779167554        2.84558115567590       -2.01454491736437
O           -2.66950893913415        7.13402803244857        2.36167407731008
H            0.82838808646853        1.07605327206899       -3.31912557898533
H           -3.61708768557519        7.25153442004552        2.27044594726687
N            5.75235882209536        0.57625202712739       -2.25898900970970
C            7.80172655368857        0.77250086928173       -0.97404421931903
O            8.53141699949208       -0.08003390503098       -0.51881113630043
C            4.08953236205299        0.77320979784455       -3.99806484627612
C            4.65519854353364        1.23995407531135       -2.68252050001814
O            4.17963032158870        2.17739532090993       -2.06019147829153
H            3.19593312905540        0.18457036147410       -3.79279815531548
H            4.79762865031138        0.17060512930418       -4.55904831592220
H            3.78481473811941        1.63399371330868       -4.58819905334747
N            8.23870048842279        1.87575460492169       -1.61419320895374
C            9.63743902181830        2.15959732341135       -1.82259749983043
H            9.91509200415294        3.10039061187699       -1.34439934411355
H            9.86608142282769        2.21884690334586       -2.88827986387527
H           10.20513024674708        1.34561980434567       -1.37498190761313
76
 energy: -110.273347949955 gnorm: 0.000474959224 xtb: 6.7.1pre (5071a88)
N            0.22422742885198        0.48046382322378       -0.53734547356924
C            1.55284329053126        0.18064259959563       -0.30505591629156
C            2.27301785390324        0.69474548933228        0.77450571330728
C            3.61985804663981        0.42698395233087        0.90323298489969
C            4.28063175180351       -0.39149860513509       -0.00372443880306
C            3.53161562592295       -1.00691590574780       -0.99986769519906
C            2.18974397204609       -0.73047901693668       -1.15077872029699
C            5.77821858517309       -0.45817915424572       -0.02419907397976
C            6.27173132256124        0.70240328536592       -0.90985386058021
C           -0.42528718777124        1.67447313067903       -0.27892347390764
C            0.08759034530141        2.83760463766987        0.12369998570220
C           -0.78845719492640        4.03071579354033        0.40459444149727
C            0.01093006299430        5.34184250610253        0.45197548961445
C            0.62199362462474        5.71214410153333       -0.89738459091398
C            1.30549106440805        7.07300326934003       -0.84266135061538
O            0.38231689221749        0.24102228753689       -3.57136906750554
N           -2.14227512010375        3.43430851822005        3.80740253274176
C           -3.30389933309778        3.74117634655817        3.16484513450914
C           -2.97817026901753        4.00067993133077        1.80984706991339
C           -1.56175105084825        3.83567805813250        1.68119346292798
C           -4.60636888926297        3.82726743322039        3.63688122625429
C           -3.99877646822155        4.34461377792267        0.92095284548484
C           -1.09192834721308        3.49113563765619        2.92054334750618
C           -5.59060401862264        4.17501989878873        2.73614264429930
C           -5.28881459255955        4.42844814157692        1.39514445569258
C            0.28002702084580        3.18197605676770        3.40362197148761
O            1.54264073132110        2.59188996546919       -2.80786762795141
H           -0.17800699385800       -0.05319550280790       -1.29781170503034
H           -0.11087335535968        0.44480419814556       -4.36729104420086
H            1.77395704348591        1.30630425134539        1.50755518787005
H            4.17477744632263        0.87431594792276        1.71602505752523
H            4.01058723438603       -1.69773931252007       -1.68065730816911
H            1.62708169123553       -1.18021135276612       -1.95530196511359
H            6.13852843383932       -1.40149515610463       -0.43759063280337
H            6.20328598934836       -0.33615620321392        0.97180750119526
H            5.87577088092928        1.64632157217942       -0.51665663226166
H            6.03216699454281       -0.25692500924907       -2.75506247418404
H            7.56813234239461        2.53533749466760       -1.96982613610945
H           -1.49263604139804        1.60721622898753       -0.45716378270243
H            1.14634117663278        2.95958623441977        0.28961953535449
H           -1.52731860604757        4.11595730120490       -0.40126278651129
H           -0.65530664119680        6.14727309572042        0.76857584192478
H            0.80269240627782        5.26290895790986        1.19954368886992
H            1.35285534695584        4.95888643731970       -1.19701822074962
H           -0.16331728252728        5.73208927982272       -1.65671206422910
H            1.73537782755965        7.32423365008298       -1.80959300856760
H            0.59184936338593        7.84714108212786       -0.56953547412639
H            2.10331994719886        7.06914993817679       -0.10292968887111
H           -2.05556897885207        3.20255503491074        4.78214479443191
H           -2.51155851349685        6.19171552605312        2.24289996595633
H           -4.83752516194715        3.62843473274065        4.67299170901558
H           -3.78088377755663        4.54501582375938       -0.11765942246019
H           -6.61499264335314        4.25210490164492        3.06883716770625
H           -6.08980758961126        4.69451856784899        0.72095196646353
H            1.01556363065511        3.43762160848799        2.64948469074698
H            0.49882637144457        3.74602805079058        4.31048344591731
H            0.37223445475369        2.11921180892634        3.63442741174753
H            2.47784807528739        2.51148389654061       -2.54054011738769
H            1.05985438991525        2.84690565219986       -2.01437223309788
O           -2.67009099372438        7.13375435582203        2.36632003678714
H            0.82737344048177        1.07577447404937       -3.31716233218757
H           -3.61788847607971        7.25894657280086        2.28913849174714
N            5.75341386426196        0.57649740944044       -2.25949971817235
C            7.80316086525896        0.77178599746623       -0.97410902323665
O            8.53241542500002       -0.07969129508273       -0.51610361010512
C            4.08838354849947        0.77271119703702       -3.99656849574037
C            4.65522643240368        1.23966949438411       -2.68164746806287
O            4.18037919882990        2.17707810569775       -2.05874708849491
H            3.19881317719173        0.17851639340740       -3.78990554078429
H            4.79826574726536        0.17515861744960       -4.56081349308352
H            3.77713721934701        1.63289301695530       -4.58402006064261
N            8.24128693489360        1.87329049262883       -1.61676961590412
C            9.64048099732348        2.15643705509265       -1.82277682051974
H            9.91824236380014        3.09665910516779       -1.34335492489825
H            9.87080319699497        2.21634601310812       -2.88808114653007
H           10.20679644927853        1.34160829747119       -1.37481447468817
76
 energy: -110.273351039390 gnorm: 0.000701237826 xtb: 6.7.1pre (5071a88)
N            0.22571036344866        0.48100456325388       -0.53743404487546
C            1.55414717755153        0.18121365548653       -0.30501046841347
C            2.27499775651487        0.69680277623599        0.77342560793115
C            3.62176641799177        0.42872020097011        0.90204815893469
C            4.28192672155252       -0.39128955028527       -0.00399016231372
C            3.53239808227547       -1.00775279120435       -0.99910087394512
C            2.19051971924944       -0.73124552678416       -1.14976882694815
C            5.77943723707303       -0.45838126845076       -0.02489805504330
C            6.27294558845657        0.70242941296364       -0.91039488463728
C           -0.42481590129197        1.67429784709977       -0.27906240431729
C            0.08734989626381        2.83819230022811        0.12238315444363
C           -0.78922574580320        4.03096147897821        0.40303936188640
C            0.00995565642382        5.34216535403113        0.45135721989048
C            0.62177150957199        5.71351247510424       -0.89738113766370
C            1.30596200787074        7.07394773562357       -0.84055793221536
O            0.37929098550902        0.24127320183649       -3.56845246600514
N           -2.14324823076387        3.43481504913988        3.80571922716948
C           -3.30498546607933        3.74104395645214        3.16315628989145
C           -2.97944724617043        4.00013217381008        1.80797641283916
C           -1.56295688266236        3.83574375380219        1.67934808079189
C           -4.60745731734470        3.82693284425446        3.63521134014837
C           -4.00033550640765        4.34283436924970        0.91893345212705
C           -1.09295446402238        3.49188686667757        2.91879811753364
C           -5.59193687413698        4.17372201983546        2.73434161372732
C           -5.29041605509668        4.42626721220160        1.39312789526005
C            0.27920752194222        3.18385151866368        3.40199971957403
O            1.54354155969174        2.59189815085015       -2.80689777251931
H           -0.17747100327253       -0.05447730197527       -1.29607048810986
H           -0.11660727499111        0.44582920415818       -4.36258048598908
H            1.77648319786509        1.30962318472512        1.50578768025420
H            4.17718477510844        0.87685231710054        1.71406018505739
H            4.01102279129112       -1.69954840500045       -1.67917559646282
H            1.62736317309008       -1.18186151100547       -1.95346435722632
H            6.13933828407256       -1.40158548087857       -0.43891731078732
H            6.20504876387887       -0.33692564418267        0.97094097098654
H            5.87686891315465        1.64625893763805       -0.51703676670963
H            6.03298746211426       -0.25624660715498       -2.75610397950417
H            7.57127782409111        2.53358824339615       -1.97306852323408
H           -1.49227500252431        1.60597842855891       -0.45622596082950
H            1.14610916527585        2.96085576619649        0.28777472089523
H           -1.52765344102107        4.11627728634915       -0.40321634009130
H           -0.65646502057925        6.14730686675465        0.76831462380732
H            0.80140847446560        5.26277944864571        1.19919640905268
H            1.35242422448825        4.96025303712044       -1.19753622815709
H           -0.16311214980252        5.73474357936993       -1.65710720498184
H            1.73735456538314        7.32582378428009       -1.80662132902971
H            0.59242372211153        7.84824810661338       -0.56765940459537
H            2.10273510408669        7.06889096791474       -0.09971215589907
H           -2.05597571926758        3.20376570233659        4.78058255973230
H           -2.52054086137260        6.19255802464622        2.23757863959091
H           -4.83856541084109        3.62860791449875        4.67144076041547
H           -3.78263407917064        4.54253621098268       -0.11985597022016
H           -6.61631054767266        4.25061443351935        3.06716625148930
H           -6.09160577597136        4.69133743310831        0.71878491933034
H            1.01447409921513        3.43893220401748        2.64741616766264
H            0.49790805533766        3.74915170256538        4.30811144386778
H            0.37198551403036        2.12141418378360        3.63406161390104
H            2.47848323185708        2.51123466664232       -2.53869119610334
H            1.06032789659482        2.84789612099953       -2.01397569050039
O           -2.67152462503951        7.13442896775565        2.37154817803228
H            0.82617776295299        1.07488685166786       -3.31497176126155
H           -3.61948132380875        7.26613029602420        2.30880609633370
N            5.75460093506635        0.57702189912043       -2.26004918146107
C            7.80418300344302        0.77157859920045       -0.97384374634733
O            8.53302727391480       -0.07872651522042       -0.51291234803907
C            4.08800238255465        0.77260364559868       -3.99566940372471
C            4.65594458396815        1.24008684882848       -2.68145130945501
O            4.18107684260826        2.17683065336558       -2.05759653981222
H            3.20263714570164        0.17248152901076       -3.78797427729829
H            4.79999784977277        0.18055118547551       -4.56310278451868
H            3.77002411938994        1.63217527293087       -4.58032797254713
N            8.24360927096858        1.87106098368592       -1.61932282080749
C            9.64340267965530        2.15241704186776       -1.82345887518094
H            9.92227679323900        3.09192651548223       -1.34321720482716
H            9.87511463506791        2.21245217196601       -2.88844684706443
H           10.20778920778512        1.33640146749013       -1.37512378302801
76
 energy: -110.273353335362 gnorm: 0.000620228780 xtb: 6.7.1pre (5071a88)
N            0.22686017558420        0.48151409410047       -0.53755415178588
C            1.55511532049536        0.18163953197428       -0.30487422782468
C            2.27654120163824        0.69864558089842        0.77251145296104
C            3.62326289414509        0.43037881863970        0.90104666362850
C            4.28289031796972       -0.39110107266776       -0.00403847496420
C            3.53286423080652       -1.00885453320919       -0.99795813456754
C            2.19100123997700       -0.73226052485942       -1.14852109163426
C            5.78035234019199       -0.45835265352004       -0.02539876774341
C            6.27390395620408        0.70268244152259       -0.91058744926640
C           -0.42460454239167        1.67412893589747       -0.27898445427977
C            0.08697979787297        2.83854862626857        0.12177788646113
C           -0.78975516491925        4.03127380904246        0.40205300458092
C            0.00964562931912        5.34232345806563        0.45112539394985
C            0.62192853716169        5.71443825933189       -0.89717075214615
C            1.30623679366891        7.07476169134197       -0.83908673812066
O            0.37677080912676        0.24064719596243       -3.56621821659937
N           -2.14428966955241        3.43536395369003        3.80447130147427
C           -3.30605320781075        3.74092488677122        3.16169935924182
C           -2.98045823179221        3.99994305375503        1.80649119303694
C           -1.56391017224021        3.83605707214471        1.67808089195553
C           -4.60862694459653        3.82626534696410        3.63354892651094
C           -4.00143517695367        4.34192974689772        0.91727274723046
C           -1.09391852542312        3.49271194800109        2.91766298805744
C           -5.59318513703761        4.17238034003741        2.73248734175624
C           -5.29163087676511        4.42480218068253        1.39127341836716
C            0.27838401872461        3.18585673318206        3.40120169560520
O            1.54395008277167        2.59129366648208       -2.80641392590710
H           -0.17703770072410       -0.05552718966379       -1.29466408000715
H           -0.12184574435384        0.44634941378645       -4.35826726160843
H            1.77853400912646        1.31270680911434        1.50416698843717
H            4.17914620181297        0.87965601433908        1.71210607483385
H            4.01117448768202       -1.70170210662379       -1.67719551205071
H            1.62738859675926       -1.18406376952901       -1.95123708101083
H            6.13995919808220       -1.40145607539196       -0.43990298818958
H            6.20643805063476       -0.33733291270056        0.97027625819389
H            5.87765051657250        1.64641445645877       -0.51712935587985
H            6.03376939427771       -0.25569938125072       -2.75656926041786
H            7.57398762146641        2.53231458790294       -1.97552669073581
H           -1.49197054706844        1.60518179931528       -0.45636812476598
H            1.14577776149595        2.96182021310857        0.28644032893267
H           -1.52781620456328        4.11678924083971       -0.40452819942093
H           -0.65666113793364        6.14740475706128        0.76847463308129
H            0.80092617871308        5.26236928763648        1.19907779403092
H            1.35264349266808        4.96132339842058       -1.19753927799380
H           -0.16266084801142        5.73620991243976       -1.65717469951434
H            1.73737251992034        7.32772959021282       -1.80497571135065
H            0.59279992948767        7.84877318278028       -0.56509226919984
H            2.10320375795550        7.06882887098268       -0.09845875856920
H           -2.05675477366894        3.20443818095198        4.77933290078963
H           -2.52787849515339        6.19385116354943        2.23370222654581
H           -4.83980133394264        3.62802584975308        4.66978044962626
H           -3.78375369254295        4.54138391611483       -0.12156445662354
H           -6.61762410468005        4.24883290196679        3.06521458121382
H           -6.09287543912418        4.68923448237138        0.71675403508967
H            1.01351547866712        3.44050531753914        2.64634660828139
H            0.49674752597325        3.75235462333304        4.30664739680322
H            0.37178264607476        2.12374254160862        3.63445703035615
H            2.47875187323760        2.51070950119590       -2.53774565578224
H            1.06053723662595        2.84807579302980       -2.01386175206117
O           -2.67345389317848        7.13523983228536        2.37622383457638
H            0.82541764149456        1.07355376873761       -3.31344830456617
H           -3.62143135724400        7.27128023685746        2.32563086585046
N            5.75531289521569        0.57731203028178       -2.26014222633514
C            7.80504366604670        0.77150210960779       -0.97349370856170
O            8.53348199296653       -0.07784529056352       -0.51008212355632
C            4.08867449233513        0.77313906943964       -3.99556295757026
C            4.65631472382657        1.24017087411331       -2.68108902973997
O            4.18176576679454        2.17699883772737       -2.05716807877149
H            3.20663169510281        0.16832154472791       -3.78760207525841
H            4.80255537518415        0.18565219469853       -4.56534992104767
H            3.76551974790884        1.63233257021791       -4.57790371308765
N            8.24549080078367        1.86915549782931       -1.62144100556229
C            9.64577803340790        2.14857984109582       -1.82468491585934
H            9.92599144173939        3.08756399988938       -1.34421479054235
H            9.87814455198550        2.20825295052838       -2.88951969765599
H           10.20851627386067        1.33160297447314       -1.37602620346813
76
 energy: -110.273355378629 gnorm: 0.000451609735 xtb: 6.7.1pre (5071a88)
N            0.22765027446144        0.48200456876798       -0.53738932436602
C            1.55578308993352        0.18209058940160       -0.30448803962200
C            2.27782117211723        0.70065837618227        0.77174514986752
C            3.62454185966143        0.43235897581163        0.90010548115553
C            4.28363487905396       -0.39065922910244       -0.00394987929661
C            3.53307621607993       -1.00985231141091       -0.99656659338262
C            2.19117879736595       -0.73331220114092       -1.14694138411271
C            5.78105750105267       -0.45824650127830       -0.02553677492196
C            6.27481970560380        0.70279630231917       -0.91055753103681
C           -0.42442177271553        1.67427833049973       -0.27903546905249
C            0.08674182370542        2.83902965273914        0.12134478457432
C           -0.79003019877936        4.03178226290407        0.40144047365256
C            0.00969137574992        5.34260866603973        0.45119977683805
C            0.62223681999257        5.71523969869701       -0.89682136851191
C            1.30635356810525        7.07562226298803       -0.83803869045749
O            0.37469193514279        0.23913951929286       -3.56440685078336
N           -2.14549359011051        3.43603772695786        3.80344203829300
C           -3.30719383639311        3.74087985324782        3.16025911658999
C           -2.98130781805811        3.99997323012710        1.80512312763047
C           -1.56468792941055        3.83659737753518        1.67715284800389
C           -4.60996752846652        3.82539226782290        3.63169259064957
C           -4.00221604250476        4.34151851402185        0.91564004081735
C           -1.09491233643093        3.49369410309597        2.91693489938192
C           -5.59446040043337        4.17093887060916        2.73033025593714
C           -5.29260393864417        4.42367851779712        1.38925029994118
C            0.27745013052412        3.18800557735343        3.40101705294263
O            1.54413678419440        2.58988382212344       -2.80652955257938
H           -0.17663588001327       -0.05621760390889       -1.29342367949565
H           -0.12709805599801        0.44640337629870       -4.35391905303407
H            1.78030361474558        1.31585890129746        1.50275806798339
H            4.18084825722150        0.88283186812104        1.71020457708382
H            4.01102731701342       -1.70388172651937       -1.67486407721394
H            1.62712789588023       -1.18644705674953       -1.94860179066235
H            6.14031819242949       -1.40132071391417       -0.44039796390953
H            6.20738511889715       -0.33770503101700        0.97010127899424
H            5.87884112935777        1.64659584303516       -0.51698733929466
H            6.03491382534714       -0.25485345653149       -2.75696023438360
H            7.57659930339146        2.53052074519905       -1.97805580575339
H           -1.49175781498462        1.60470752610014       -0.45631926944093
H            1.14551541079604        2.96265659760082        0.28582582531110
H           -1.52772339164667        4.11763924154695       -0.40544774233718
H           -0.65643804268777        6.14767651775961        0.76897985971526
H            0.80086158443951        5.26205104565370        1.19919101484147
H            1.35312536565402        4.96231968143837       -1.19729338039629
H           -0.16217967124178        5.73717347267137       -1.65699343102456
H            1.73600647892991        7.32994524472827       -1.80425289208758
H            0.59310425271633        7.84911066683196       -0.56201209630245
H            2.10441779048450        7.06895622053311       -0.09858358571531
H           -2.05806202075989        3.20494813862952        4.77826454630066
H           -2.53522053179779        6.19458303544579        2.23000329305361
H           -4.84132267416521        3.62687351903440        4.66782681166793
H           -3.78437054910405        4.54118877676990       -0.12311532629521
H           -6.61906497334691        4.24663956894163        3.06270621084635
H           -6.09376887285385        4.68777038995178        0.71451006314968
H            1.01256327479503        3.44210952979854        2.64596473820729
H            0.49538365042695        3.75576481836186        4.30577807356711
H            0.37137106219982        2.12623391358724        3.63557712181919
H            2.47880266825611        2.50974145526003       -2.53738383374087
H            1.06039217655156        2.84745665148725       -2.01444361087444
O           -2.67566096888663        7.13545861075817        2.38053200692957
H            0.82439305593606        1.07185633353712       -3.31207383402668
H           -3.62380521126066        7.27536440240304        2.34291546814921
N            5.75632190174210        0.57790798958430       -2.26021871003654
C            7.80599446087802        0.77102526500207       -0.97309538112440
O            8.53386919219001       -0.07759076716150       -0.50745719511300
C            4.09005093385984        0.77401728666395       -3.99578624478163
C            4.65764077472518        1.24114820465073       -2.68127977101969
O            4.18255070680167        2.17743096339403       -2.05699326588513
H            3.21122440260092        0.16451952825244       -3.78774815114126
H            4.80592576340581        0.19113510599715       -4.56775590859744
H            3.76194022307863        1.63286938387149       -4.57587525291761
N            8.24729838922524        1.86686076413397       -1.62345551765144
C            9.64797170219840        2.14458292636727       -1.82653850849932
H            9.92939445477742        3.08332201766962       -1.34634423712004
H            9.88047651366220        2.20357338639236       -2.89134937497680
H           10.20957727320577        1.32704861763527       -1.37752897106347
76
 energy: -110.273357096286 gnorm: 0.000538864392 xtb: 6.7.1pre (5071a88)
N            0.22787882357437        0.48252843560705       -0.53688743865350
C            1.55597013402059        0.18259686222676       -0.30382073972819
C            2.27850731550210        0.70253300330587        0.77140874807437
C            3.62527029633152        0.43435643439908        0.89954239020852
C            4.28392500206255       -0.38998888663277       -0.00359781265979
C            3.53289064542470       -1.01057960175010       -0.99496200370882
C            2.19095420445856       -0.73413169664858       -1.14517833410063
C            5.78134077954812       -0.45794514464552       -0.02527250592328
C            6.27557580982955        0.70292859641495       -0.91011757352447
C           -0.42436211409657        1.67483040330515       -0.27896743636620
C            0.08665286426862        2.83962567813448        0.12145684358090
C           -0.78991473900035        4.03254610841066        0.40154208283917
C            0.01033887046722        5.34302062852156        0.45173751951929
C            0.62275308321227        5.71575747197541       -0.89630963904299
C            1.30620248753249        7.07647119086654       -0.83780974591489
O            0.37293612651883        0.23685347156628       -3.56294137601219
N           -2.14685080471942        3.43657902920704        3.80290021284444
C           -3.30835600640147        3.74072862926712        3.15904936267685
C           -2.98182731154130        4.00021665932314        1.80414705738092
C           -1.56509667963133        3.83738193112462        1.67692819375964
C           -4.61146433484393        3.82417125929289        3.62975325546680
C           -4.00239376227014        4.34184897921874        0.91428406056662
C           -1.09583997969065        3.49467202969230        2.91696341776342
C           -5.59563596927664        4.16947974307812        2.72795127824017
C           -5.29307503663594        4.42320127663454        1.38721323257848
C            0.27645772627292        3.19005394587774        3.40189311616290
O            1.54396697168361        2.58764043933446       -2.80719203087215
H           -0.17639483500241       -0.05623848112770       -1.29253760074553
H           -0.13123755491691        0.44559872944249       -4.35042958308333
H            1.78137157076683        1.31856393672073        1.50196196954408
H            4.18190327872578        0.88596056438016        1.70877905252009
H            4.01052358422801       -1.70563412627635       -1.67243447601176
H            1.62659341537029       -1.18845732305630       -1.94593798118959
H            6.14026538800693       -1.40112724889954       -0.44018078309551
H            6.20771503396884       -0.33765484574343        0.97037584880044
H            5.88014832780188        1.64692419629057       -0.51649191227588
H            6.03596930720181       -0.25425739149843       -2.75672435205203
H            7.57864142730038        2.52848382938599       -1.98028806832159
H           -1.49165496652251        1.60499502925180       -0.45640665899071
H            1.14538560867938        2.96332509639257        0.28602416152391
H           -1.52732768129930        4.11883896761725       -0.40555527702014
H           -0.65546900096622        6.14818632831516        0.76997421457732
H            0.80158743543966        5.26187345924349        1.19957340349887
H            1.35396966419755        4.96310045871410       -1.19670482173231
H           -0.16171646421810        5.73721509633820       -1.65643871464878
H            1.73260488372663        7.33241397625896       -1.80506117890085
H            0.59326713755923        7.84909822034238       -0.55849125248410
H            2.10663805970961        7.06937890950723       -0.10091201670082
H           -2.06000175506698        3.20488718830282        4.77762541631424
H           -2.54063030336506        6.19547448844275        2.22736762533462
H           -4.84323669423364        3.62496092659193        4.66565862541902
H           -3.78408429099481        4.54233165572778       -0.12420919502217
H           -6.62051719865835        4.24423415091249        3.05967006573464
H           -6.09394445395276        4.68742605202759        0.71218250629561
H            1.01174893084024        3.44360671926254        2.64683478394015
H            0.49379147065293        3.75899868746018        4.30605697373456
H            0.37076755228889        2.12861055179301        3.63773700871356
H            2.47868129578274        2.50841318982091       -2.53808294455774
H            1.06016256420998        2.84597592289267       -2.01540559765549
O           -2.67883079569091        7.13529008957788        2.38555400453198
H            0.82391631985914        1.06941907878689       -3.31135787033530
H           -3.62648721604209        7.27642314635984        2.35613203585923
N            5.75701360637231        0.57825490010497       -2.25980464706651
C            7.80689358708790        0.77025310145986       -0.97272594984933
O            8.53418741767660       -0.07798924954314       -0.50556821403628
C            4.09255927027457        0.77544301846539       -3.99672577529837
C            4.65891027472138        1.24195432172842       -2.68138578540529
O            4.18334900527338        2.17811678556843       -2.05733149351601
H            3.21600209841542        0.16251629518743       -3.78951375090677
H            4.81024556151890        0.19615145625953       -4.56996896832655
H            3.76128759654700        1.63420345553266       -4.57508333764098
N            8.24873670363861        1.86455584084843       -1.62511526930796
C            9.64958584708226        2.14085250458372       -1.82922262321653
H            9.93211506736630        3.07980036891136       -1.35015783542584
H            9.88143411907202        2.19855357473596       -2.89422173632337
H           10.21075639683661        1.32331751948733       -1.37974616049984
76
 energy: -110.273357468982 gnorm: 0.001426703395 xtb: 6.7.1pre (5071a88)
N            0.22803625334288        0.48305484340757       -0.53511537401021
C            1.55640666698738        0.18366401550742       -0.30264356959722
C            2.27972582308730        0.70514000664079        0.77130664505072
C            3.62656100903194        0.43707599717585        0.89892001646378
C            4.28454803155392       -0.38876310557744       -0.00332408071940
C            3.53283105723329       -1.01069165945880       -0.99329765679991
C            2.19082498063481       -0.73429581416984       -1.14308805735126
C            5.78195636768220       -0.45764199539544       -0.02503277736972
C            6.27733663724472        0.70271544672390       -0.90974362613640
C           -0.42413356766301        1.67567757186467       -0.27803139702342
C            0.08679529018249        2.84079211439952        0.12150768383012
C           -0.78990977807987        4.03372384342585        0.40128058425038
C            0.01040994455075        5.34412204658498        0.45206808627823
C            0.62271369760823        5.71724803572127       -0.89591088822980
C            1.30618298092821        7.07794202535480       -0.83726246874647
O            0.36921267912932        0.23417094222495       -3.55982900391276
N           -2.14869116717913        3.43745521585411        3.80179734517207
C           -3.30995782539568        3.74063490364556        3.15709004333963
C           -2.98265308702548        4.00039538982370        1.80242063604008
C           -1.56576540725411        3.83834955569278        1.67620029437016
C           -4.61347979845527        3.82284552977778        3.62687353480738
C           -4.00285854185839        4.34165215760420        0.91194587273939
C           -1.09713829349462        3.49612022499014        2.91660706816108
C           -5.59728742556610        4.16748890731004        2.72441991837002
C           -5.29391111688884        4.42195484005246        1.38400014896005
C            0.27504855632459        3.19259832068052        3.40251565290814
O            1.54416063510741        2.58448051761265       -2.80801433717804
H           -0.17596521898445       -0.05571336026458       -1.29096046012505
H           -0.13684336742931        0.44437662746906       -4.34559308436243
H            1.78316506984293        1.32216051382404        1.50140540738368
H            4.18373066044388        0.88999342979649        1.70704748240079
H            4.00995501204312       -1.70683758305672       -1.67001335672126
H            1.62593232423383       -1.18990440144312       -1.94274219118380
H            6.14013117357699       -1.40117296560441       -0.43980236062553
H            6.20829448510726       -0.33768628709646        0.97067250480378
H            5.88326096295458        1.64716351772422       -0.51587007349344
H            6.03717244962562       -0.25373228369081       -2.75650606915493
H            7.58202920288480        2.52385642557727       -1.98506765687111
H           -1.49144309531809        1.60554186827379       -0.45530322004655
H            1.14555932383392        2.96501458370163        0.28541764671427
H           -1.52692127028306        4.12017675782670       -0.40617544471233
H           -0.65539057790005        6.14913035068514        0.77073292327801
H            0.80165119676921        5.26267237977322        1.19986340485727
H            1.35384685083848        4.96458627373036       -1.19655869159866
H           -0.16187950054826        5.73888245077986       -1.65592147990515
H            1.72989765701456        7.33539294211611       -1.80533188415022
H            0.59384367318235        7.85003409633264       -0.55489517773774
H            2.10865805388377        7.06994828826763       -0.10256340923655
H           -2.06266894029852        3.20574675206130        4.77658780865342
H           -2.55112959569789        6.19388893836877        2.22134566523971
H           -4.84573149185937        3.62318571364219        4.66258268256765
H           -3.78401811677133        4.54266021038800       -0.12633054463507
H           -6.62250734411095        4.24116910807326        3.05531413035830
H           -6.09447173358955        4.68590130711661        0.70849964456783
H            1.01051817583618        3.44488254982762        2.64721027319816
H            0.49201198003871        3.76327967981416        4.30567823917054
H            0.36944885092652        2.13160906584283        3.64035479012261
H            2.47881787342801        2.50643904284896       -2.53854402911492
H            1.05994864135144        2.84433362592369       -2.01697645447661
O           -2.68147979178551        7.13338149173327        2.38966959662083
H            0.82283122619848        1.06613729874328       -3.30993709129481
H           -3.63013222573345        7.27994809235344        2.38225153347600
N            5.75838656958075        0.57869983963694       -2.25937537129270
C            7.80892139797230        0.76830411524488       -0.97254710486406
O            8.53528625665658       -0.07931704768883       -0.50288430579434
C            4.09529743014004        0.77704444113988       -3.99714460710656
C            4.66062626294094        1.24283065412634       -2.68098427621875
O            4.18472417796503        2.17884611221236       -2.05706264449230
H            3.22271685577099        0.15821062613571       -3.79038169138574
H            4.81575333704039        0.20367114086926       -4.57299620913424
H            3.75808641407068        1.63560535807551       -4.57254648577042
N            8.25152219853552        1.86032933223975       -1.62805371854218
C            9.65251175416452        2.13569321498970       -1.83280452889836
H            9.93551920244182        3.07510639545005       -1.35497304818828
H            9.88398725007864        2.19204311583154       -2.89792669153163
H           10.21357371703656        1.31857632279904       -1.38252066456035
76
 energy: -110.273359294641 gnorm: 0.000407820150 xtb: 6.7.1pre (5071a88)
N            0.22755003752056        0.48304012819037       -0.53484823948597
C            1.55601648723853        0.18372583601021       -0.30255206940303
C            2.27902359765945        0.70439323279957        0.77199670377239
C            3.62586653183043        0.43636991746229        0.89968126452703
C            4.28412485331595       -0.38869370038946       -0.00307683883294
C            3.53268718172152       -1.00985003198981       -0.99374899229053
C            2.19069685898551       -0.73341615252485       -1.14364452191548
C            5.78154613767290       -0.45754192683781       -0.02454314022186
C            6.27693897333614        0.70256763486941       -0.90961123334198
C           -0.42422269102774        1.67589291419466       -0.27765951971784
C            0.08699843427117        2.84079051847897        0.12209888270013
C           -0.78959702398154        4.03378526617473        0.40188855311699
C            0.01065712445077        5.34423440492456        0.45228394518794
C            0.62255746108039        5.71701717716386       -0.89598423672673
C            1.30599001198946        7.07776611279448       -0.83807789474368
O            0.37016110667069        0.23430092514318       -3.56042271921272
N           -2.14853223095322        3.43699030152150        3.80231226392177
C           -3.30971189705041        3.74046799049656        3.15756912245169
C           -2.98224426619211        4.00043970703664        1.80298836254135
C           -1.56533654177959        3.83833633401656        1.67687301040722
C           -4.61326478553433        3.82289970891018        3.62723926458157
C           -4.00227434612090        4.34206057700688        0.91245701573389
C           -1.09686682394160        3.49576702778111        2.91724294776340
C           -5.59690340609739        4.16793693089237        2.72475396259119
C           -5.29335946192319        4.42255282697006        1.38439661164130
C            0.27521098680004        3.19184480239429        3.40321346701801
O            1.54422279892386        2.58455418726946       -2.80797379740574
H           -0.17620331721450       -0.05499935275073       -1.29137571271593
H           -0.13458640938279        0.44347646098330       -4.34738684312529
H            1.78222213996644        1.32084846247512        1.50241910301988
H            4.18283536637465        0.88874657539891        1.70824802173646
H            4.00995679445949       -1.70548395948157       -1.67087967266973
H            1.62600042895323       -1.18842030129946       -1.94377704968038
H            6.13980626186216       -1.40116125373212       -0.43903039989147
H            6.20768033576386       -0.33732812327769        0.97122866500303
H            5.88294839367920        1.64711499513989       -0.51590395060070
H            6.03691584845042       -0.25411680804757       -2.75626741846362
H            7.58080143260198        2.52411753307948       -1.98432048642603
H           -1.49153922135738        1.60619695993017       -0.45507485512991
H            1.14578874633482        2.96478918685353        0.28604753150656
H           -1.52675296316578        4.12012371129885       -0.40544745151755
H           -0.65509236093650        6.14931906366044        0.77085075569185
H            0.80208828750200        5.26301374582385        1.19990658541247
H            1.35362743007556        4.96428774927549       -1.19659314726609
H           -0.16227354600595        5.73833161375497       -1.65576279122687
H            1.72934015963147        7.33484175523699       -1.80638102880790
H            0.59372172022383        7.84991801848284       -0.55578724145233
H            2.10870886596013        7.07012273882377       -0.10366861407897
H           -2.06271738271609        3.20519052600607        4.77710535301963
H           -2.54724274509316        6.19415351878770        2.22367248113637
H           -4.84569115785547        3.62315800379450        4.66289655496856
H           -3.78325812398330        4.54320287679645       -0.12576273255889
H           -6.62213362920744        4.24184422370619        3.05557635247841
H           -6.09380043522986        4.68678566600317        0.70886182363813
H            1.01081984852959        3.44424773991440        2.64808254237518
H            0.49218490137873        3.76213745391548        4.30661543860479
H            0.36935021535941        2.13075323788317        3.64069632738461
H            2.47893148671941        2.50649808259744       -2.53867113789643
H            1.06012539499503        2.84425369781100       -2.01681409503452
O           -2.68165988247746        7.13326796999537        2.38917334596736
H            0.82316208376320        1.06638274502764       -3.31057850658311
H           -3.62978616670328        7.27624743149915        2.37387412164946
N            5.75818610639550        0.57844517266195       -2.25929921753888
C            7.80851166109187        0.76821991261403       -0.97275863008214
O            8.53510740007145       -0.07978012588722       -0.50417084317211
C            4.09541069311299        0.77680291853637       -3.99740187529305
C            4.66071232633869        1.24279557846582       -2.68130440740241
O            4.18459470800788        2.17866850232508       -2.05730000386557
H            3.22135619494514        0.15999364429193       -3.79107011470879
H            4.81517237174995        0.20149160832948       -4.57208781705928
H            3.76065382851414        1.63552895207691       -4.57383995907311
N            8.25072769031203        1.86097615236449       -1.62735361735973
C            9.65148396809038        2.13689211401461       -1.83286322130748
H            9.93414888412777        3.07672389112765       -1.35560137806187
H            9.88251977441024        2.19287446223166       -2.89813297573437
H           10.21320048257987        1.32027262071684       -1.38243998261201
76
 energy: -110.273360202312 gnorm: 0.000315011223 xtb: 6.7.1pre (5071a88)
N            0.22739026871928        0.48339781386731       -0.53394832638619
C            1.55600574197075        0.18432450189681       -0.30202689590149
C            2.27902797647328        0.70476435681123        0.77262408707527
C            3.62588497271772        0.43672299063685        0.90019793448840
C            4.28412805704362       -0.38813095045462       -0.00277767822088
C            3.53270514759557       -1.00890280728921       -0.99370657093488
C            2.19071132410886       -0.73243186139555       -1.14350032878563
C            5.78154884132966       -0.45737541718592       -0.02411283336858
C            6.27737983578486        0.70233887234153       -0.90945854425055
C           -0.42406351846212        1.67652196541788       -0.27704999690428
C            0.08734313078752        2.84143660180489        0.12237091367252
C           -0.78935681433751        4.03435004115281        0.40220579987566
C            0.01070222293417        5.34490007016836        0.45251955722445
C            0.62214468619554        5.71761318295262       -0.89599785896197
C            1.30581314396450        7.07825691283918       -0.83845675267008
O            0.36926829154673        0.23363379140414       -3.55949812689347
N           -2.14916204766359        3.43677399690926        3.80218640620631
C           -3.31018061833128        3.74022243061858        3.15713777486965
C           -2.98231250765848        4.00041422207755        1.80269202654214
C           -1.56531323871675        3.83866645055285        1.67702932150609
C           -4.61390307528329        3.82250463212254        3.62637887991063
C           -4.00207685569674        4.34196158664596        0.91183362856318
C           -1.09720020732054        3.49594529643476        2.91748567718986
C           -5.59727141903845        4.16756370585681        2.72359965603405
C           -5.29332870592009        4.42227990883084        1.38334708766098
C            0.27475320150527        3.19210183587208        3.40385484501562
O            1.54463586332598        2.58368388122553       -2.80791707184835
H           -0.17624948877930       -0.05424691175047       -1.29085052613226
H           -0.13489557729611        0.44218677292529       -4.34709762590337
H            1.78219444408467        1.32096605402375        1.50324885561739
H            4.18283780865513        0.88874539813222        1.70897373185729
H            4.00997027222173       -1.70424778485274       -1.67114080621396
H            1.62603752754447       -1.18701507427917       -1.94388591581155
H            6.13957954606815       -1.40124738693974       -0.43824244440049
H            6.20758518419841       -0.33694220015541        0.97166995163839
H            5.88383476738511        1.64712687266152       -0.51588115896991
H            6.03709807504045       -0.25446887341734       -2.75603669260545
H            7.58113541656968        2.52246789777964       -1.98579150376667
H           -1.49152117342268        1.60684276282149       -0.45369857891882
H            1.14613972249868        2.96538585435026        0.28633274359259
H           -1.52643711048149        4.12063441124277       -0.40520368938782
H           -0.65509400908889        6.14988636639084        0.77124813749847
H            0.80234619430100        5.26376538491707        1.19992658460785
H            1.35294031929021        4.96474356793213       -1.19695025906684
H           -0.16301350667478        5.73908284941980       -1.65543711764263
H            1.72846272040423        7.33532440308468       -1.80705737976567
H            0.59388628359050        7.85049989271863       -0.55557127692654
H            2.10908823344462        7.07041043561100       -0.10467394508036
H           -2.06369318839835        3.20507947820923        4.77703926554583
H           -2.54814234177687        6.19383329791221        2.22230233289211
H           -4.84670278401611        3.62260475367287        4.66192711964082
H           -3.78270381067063        4.54329882218314       -0.12627218203318
H           -6.62261960528203        4.24136172240888        3.05409869540792
H           -6.09356292832542        4.68652708475484        0.70757709873748
H            1.01051035955972        3.44403245657136        2.64871299928880
H            0.49166452113730        3.76279713678740        4.30702290050963
H            0.36868521222971        2.13111210077646        3.64187849252267
H            2.47933268343609        2.50587369482388       -2.53850867560593
H            1.06049745611564        2.84395340859164       -2.01698167565777
O           -2.68287363799954        7.13248349783522        2.39106433979718
H            0.82280478539356        1.06542325698267       -3.31027296049312
H           -3.63087666191291        7.27483279447321        2.37784789767428
N            5.75858857248761        0.57820654644550       -2.25911527825411
C            7.80896940044801        0.76748352463529       -0.97284402654520
O            8.53547394270523       -0.08045741865031       -0.50402867757310
C            4.09637340464408        0.77700884408027       -3.99763166711583
C            4.66125765131227        1.24273859248153       -2.68125398728998
O            4.18514823846525        2.17860298821585       -2.05724735509893
H            3.22273160879617        0.15948919922469       -3.79173300978343
H            4.81662196709182        0.20246005844298       -4.57250589267529
H            3.76116714123895        1.63579644455371       -4.57368457090010
N            8.25123295784581        1.85988212936312       -1.62807292011357
C            9.65188383491230        2.13571841544848       -1.83428372835880
H            9.93452314843154        3.07608637215986       -1.35802233173965
H            9.88263499707106        2.19070998142501       -2.89968616631101
H           10.21387372779998        1.31962211145521       -1.38321973154253
