transition,qmap_style,endpoint_state,pdb_file,qmap_pdb_id,pdb_serial,chain,resid,resname,atom_name,resname_atom,lib_id
RS1_1_to_TS1_2,qmaps_pdb_resname,RS1.1,step_1_1_RS.pdb,1.N2,1,A,1,PAF,N2,PAF.N2,PAF.N2
RS1_1_to_TS1_2,qmaps_pdb_resname,TS1.2,step_1_1_PS.pdb,1.N2,1,A,1,PAF,N2,PAF.N2,PAF.N2
RS1_1_to_TS1_2,qmaps_pdb_resname,RS1.1,step_1_1_RS.pdb,1.C9,2,A,1,PAF,C9,PAF.C9,PAF.C9
RS1_1_to_TS1_2,qmaps_pdb_resname,TS1.2,step_1_1_PS.pdb,1.C9,2,A,1,PAF,C9,PAF.C9,PAF.C9
RS1_1_to_TS1_2,qmaps_pdb_resname,RS1.1,step_1_1_RS.pdb,1.C7,3,A,1,PAF,C7,PAF.C7,PAF.C7
RS1_1_to_TS1_2,qmaps_pdb_resname,TS1.2,step_1_1_PS.pdb,1.C7,3,A,1,PAF,C7,PAF.C7,PAF.C7
RS1_1_to_TS1_2,qmaps_pdb_resname,RS1.1,step_1_1_RS.pdb,1.C4,4,A,1,PAF,C4,PAF.C4,PAF.C4
RS1_1_to_TS1_2,qmaps_pdb_resname,TS1.2,step_1_1_PS.pdb,1.C4,4,A,1,PAF,C4,PAF.C4,PAF.C4
RS1_1_to_TS1_2,qmaps_pdb_resname,RS1.1,step_1_1_RS.pdb,1.C3,5,A,1,PAF,C3,PAF.C3,PAF.C3
RS1_1_to_TS1_2,qmaps_pdb_resname,TS1.2,step_1_1_PS.pdb,1.C3,5,A,1,PAF,C3,PAF.C3,PAF.C3
RS1_1_to_TS1_2,qmaps_pdb_resname,RS1.1,step_1_1_RS.pdb,1.C5,6,A,1,PAF,C5,PAF.C5,PAF.C5
RS1_1_to_TS1_2,qmaps_pdb_resname,TS1.2,step_1_1_PS.pdb,1.C5,6,A,1,PAF,C5,PAF.C5,PAF.C5
RS1_1_to_TS1_2,qmaps_pdb_resname,RS1.1,step_1_1_RS.pdb,1.C8,7,A,1,PAF,C8,PAF.C8,PAF.C8
RS1_1_to_TS1_2,qmaps_pdb_resname,TS1.2,step_1_1_PS.pdb,1.C8,7,A,1,PAF,C8,PAF.C8,PAF.C8
RS1_1_to_TS1_2,qmaps_pdb_resname,RS1.1,step_1_1_RS.pdb,1.C1,8,A,1,PAF,C1,PAF.C1,PAF.C1
RS1_1_to_TS1_2,qmaps_pdb_resname,TS1.2,step_1_1_PS.pdb,1.C1,8,A,1,PAF,C1,PAF.C1,PAF.C1
RS1_1_to_TS1_2,qmaps_pdb_resname,RS1.1,step_1_1_RS.pdb,1.C2,9,A,1,PAF,C2,PAF.C2,PAF.C2
RS1_1_to_TS1_2,qmaps_pdb_resname,TS1.2,step_1_1_PS.pdb,1.C2,9,A,1,PAF,C2,PAF.C2,PAF.C2
RS1_1_to_TS1_2,qmaps_pdb_resname,RS1.1,step_1_1_RS.pdb,2.C10,10,B,2,ENL,C10,ENL.C10,ENL.C10
RS1_1_to_TS1_2,qmaps_pdb_resname,TS1.2,step_1_1_PS.pdb,2.C10,10,B,2,ENL,C10,ENL.C10,ENL.C10
RS1_1_to_TS1_2,qmaps_pdb_resname,RS1.1,step_1_1_RS.pdb,2.C11,11,B,2,ENL,C11,ENL.C11,ENL.C11
RS1_1_to_TS1_2,qmaps_pdb_resname,TS1.2,step_1_1_PS.pdb,2.C11,11,B,2,ENL,C11,ENL.C11,ENL.C11
RS1_1_to_TS1_2,qmaps_pdb_resname,RS1.1,step_1_1_RS.pdb,2.C12,12,B,2,ENL,C12,ENL.C12,ENL.C12
RS1_1_to_TS1_2,qmaps_pdb_resname,TS1.2,step_1_1_PS.pdb,2.C12,12,B,2,ENL,C12,ENL.C12,ENL.C12
RS1_1_to_TS1_2,qmaps_pdb_resname,RS1.1,step_1_1_RS.pdb,2.C13,13,B,2,ENL,C13,ENL.C13,ENL.C13
RS1_1_to_TS1_2,qmaps_pdb_resname,TS1.2,step_1_1_PS.pdb,2.C13,13,B,2,ENL,C13,ENL.C13,ENL.C13
RS1_1_to_TS1_2,qmaps_pdb_resname,RS1.1,step_1_1_RS.pdb,2.C14,14,B,2,ENL,C14,ENL.C14,ENL.C14
RS1_1_to_TS1_2,qmaps_pdb_resname,TS1.2,step_1_1_PS.pdb,2.C14,14,B,2,ENL,C14,ENL.C14,ENL.C14
RS1_1_to_TS1_2,qmaps_pdb_resname,RS1.1,step_1_1_RS.pdb,2.C15,15,B,2,ENL,C15,ENL.C15,ENL.C15
RS1_1_to_TS1_2,qmaps_pdb_resname,TS1.2,step_1_1_PS.pdb,2.C15,15,B,2,ENL,C15,ENL.C15,ENL.C15
RS1_1_to_TS1_2,qmaps_pdb_resname,RS1.1,step_1_1_RS.pdb,2.O1,16,B,2,ENL,O1,ENL.O1,ENL.O1
RS1_1_to_TS1_2,qmaps_pdb_resname,TS1.2,step_1_1_PS.pdb,2.O1,16,B,2,ENL,O1,ENL.O1,ENL.O1
RS1_1_to_TS1_2,qmaps_pdb_resname,RS1.1,step_1_1_RS.pdb,4.O3,27,W,4,WAT,O3,WAT.O3,WAT.O3
RS1_1_to_TS1_2,qmaps_pdb_resname,TS1.2,step_1_1_PS.pdb,4.O3,27,W,4,WAT,O3,WAT.O3,WAT.O3
RS1_1_to_TS1_2,qmaps_pdb_resname,RS1.1,step_1_1_RS.pdb,1.H4,28,A,1,PAF,H4,PAF.H4,PAF.H4
RS1_1_to_TS1_2,qmaps_pdb_resname,TS1.2,step_1_1_PS.pdb,1.H4,28,A,1,PAF,H4,PAF.H4,PAF.H4
RS1_1_to_TS1_2,qmaps_pdb_resname,RS1.1,step_1_1_RS.pdb,1.H22,29,A,1,PAF,H22,PAF.H22,PAF.H22
RS1_1_to_TS1_2,qmaps_pdb_resname,TS1.2,step_1_1_PS.pdb,1.H22,29,A,1,PAF,H22,PAF.H22,PAF.H22
RS1_1_to_TS1_2,qmaps_pdb_resname,RS1.1,step_1_1_RS.pdb,1.H11,30,A,1,PAF,H11,PAF.H11,PAF.H11
RS1_1_to_TS1_2,qmaps_pdb_resname,TS1.2,step_1_1_PS.pdb,1.H11,30,A,1,PAF,H11,PAF.H11,PAF.H11
RS1_1_to_TS1_2,qmaps_pdb_resname,RS1.1,step_1_1_RS.pdb,1.H9,31,A,1,PAF,H9,PAF.H9,PAF.H9
RS1_1_to_TS1_2,qmaps_pdb_resname,TS1.2,step_1_1_PS.pdb,1.H9,31,A,1,PAF,H9,PAF.H9,PAF.H9
RS1_1_to_TS1_2,qmaps_pdb_resname,RS1.1,step_1_1_RS.pdb,1.H10,32,A,1,PAF,H10,PAF.H10,PAF.H10
RS1_1_to_TS1_2,qmaps_pdb_resname,TS1.2,step_1_1_PS.pdb,1.H10,32,A,1,PAF,H10,PAF.H10,PAF.H10
RS1_1_to_TS1_2,qmaps_pdb_resname,RS1.1,step_1_1_RS.pdb,1.H12,33,A,1,PAF,H12,PAF.H12,PAF.H12
RS1_1_to_TS1_2,qmaps_pdb_resname,TS1.2,step_1_1_PS.pdb,1.H12,33,A,1,PAF,H12,PAF.H12,PAF.H12
RS1_1_to_TS1_2,qmaps_pdb_resname,RS1.1,step_1_1_RS.pdb,1.H6,34,A,1,PAF,H6,PAF.H6,PAF.H6
RS1_1_to_TS1_2,qmaps_pdb_resname,TS1.2,step_1_1_PS.pdb,1.H6,34,A,1,PAF,H6,PAF.H6,PAF.H6
RS1_1_to_TS1_2,qmaps_pdb_resname,RS1.1,step_1_1_RS.pdb,1.H7,35,A,1,PAF,H7,PAF.H7,PAF.H7
RS1_1_to_TS1_2,qmaps_pdb_resname,TS1.2,step_1_1_PS.pdb,1.H7,35,A,1,PAF,H7,PAF.H7,PAF.H7
RS1_1_to_TS1_2,qmaps_pdb_resname,RS1.1,step_1_1_RS.pdb,1.H8,36,A,1,PAF,H8,PAF.H8,PAF.H8
RS1_1_to_TS1_2,qmaps_pdb_resname,TS1.2,step_1_1_PS.pdb,1.H8,36,A,1,PAF,H8,PAF.H8,PAF.H8
RS1_1_to_TS1_2,qmaps_pdb_resname,RS1.1,step_1_1_RS.pdb,1.H2,37,A,1,PAF,H2,PAF.H2,PAF.H2
RS1_1_to_TS1_2,qmaps_pdb_resname,TS1.2,step_1_1_PS.pdb,1.H2,37,A,1,PAF,H2,PAF.H2,PAF.H2
RS1_1_to_TS1_2,qmaps_pdb_resname,RS1.1,step_1_1_RS.pdb,2.H,38,A,2,NME,H,NME.H,NME.H
RS1_1_to_TS1_2,qmaps_pdb_resname,TS1.2,step_1_1_PS.pdb,2.H,38,A,2,NME,H,NME.H,NME.H
RS1_1_to_TS1_2,qmaps_pdb_resname,RS1.1,step_1_1_RS.pdb,2.H12,39,B,2,ENL,H12,ENL.H12,ENL.H12
RS1_1_to_TS1_2,qmaps_pdb_resname,TS1.2,step_1_1_PS.pdb,2.H12,39,B,2,ENL,H12,ENL.H12,ENL.H12
RS1_1_to_TS1_2,qmaps_pdb_resname,RS1.1,step_1_1_RS.pdb,2.H13,40,B,2,ENL,H13,ENL.H13,ENL.H13
RS1_1_to_TS1_2,qmaps_pdb_resname,TS1.2,step_1_1_PS.pdb,2.H13,40,B,2,ENL,H13,ENL.H13,ENL.H13
RS1_1_to_TS1_2,qmaps_pdb_resname,RS1.1,step_1_1_RS.pdb,2.H14,41,B,2,ENL,H14,ENL.H14,ENL.H14
RS1_1_to_TS1_2,qmaps_pdb_resname,TS1.2,step_1_1_PS.pdb,2.H14,41,B,2,ENL,H14,ENL.H14,ENL.H14
RS1_1_to_TS1_2,qmaps_pdb_resname,RS1.1,step_1_1_RS.pdb,2.H15,42,B,2,ENL,H15,ENL.H15,ENL.H15
RS1_1_to_TS1_2,qmaps_pdb_resname,TS1.2,step_1_1_PS.pdb,2.H15,42,B,2,ENL,H15,ENL.H15,ENL.H15
RS1_1_to_TS1_2,qmaps_pdb_resname,RS1.1,step_1_1_RS.pdb,2.H16,43,B,2,ENL,H16,ENL.H16,ENL.H16
RS1_1_to_TS1_2,qmaps_pdb_resname,TS1.2,step_1_1_PS.pdb,2.H16,43,B,2,ENL,H16,ENL.H16,ENL.H16
RS1_1_to_TS1_2,qmaps_pdb_resname,RS1.1,step_1_1_RS.pdb,2.H17,44,B,2,ENL,H17,ENL.H17,ENL.H17
RS1_1_to_TS1_2,qmaps_pdb_resname,TS1.2,step_1_1_PS.pdb,2.H17,44,B,2,ENL,H17,ENL.H17,ENL.H17
RS1_1_to_TS1_2,qmaps_pdb_resname,RS1.1,step_1_1_RS.pdb,2.H18,45,B,2,ENL,H18,ENL.H18,ENL.H18
RS1_1_to_TS1_2,qmaps_pdb_resname,TS1.2,step_1_1_PS.pdb,2.H18,45,B,2,ENL,H18,ENL.H18,ENL.H18
RS1_1_to_TS1_2,qmaps_pdb_resname,RS1.1,step_1_1_RS.pdb,2.H19,46,B,2,ENL,H19,ENL.H19,ENL.H19
RS1_1_to_TS1_2,qmaps_pdb_resname,TS1.2,step_1_1_PS.pdb,2.H19,46,B,2,ENL,H19,ENL.H19,ENL.H19
RS1_1_to_TS1_2,qmaps_pdb_resname,RS1.1,step_1_1_RS.pdb,2.H20,47,B,2,ENL,H20,ENL.H20,ENL.H20
RS1_1_to_TS1_2,qmaps_pdb_resname,TS1.2,step_1_1_PS.pdb,2.H20,47,B,2,ENL,H20,ENL.H20,ENL.H20
RS1_1_to_TS1_2,qmaps_pdb_resname,RS1.1,step_1_1_RS.pdb,2.H21,48,B,2,ENL,H21,ENL.H21,ENL.H21
RS1_1_to_TS1_2,qmaps_pdb_resname,TS1.2,step_1_1_PS.pdb,2.H21,48,B,2,ENL,H21,ENL.H21,ENL.H21
RS1_1_to_TS1_2,qmaps_pdb_resname,RS1.1,step_1_1_RS.pdb,4.H22,58,W,4,WAT,H22,WAT.H22,WAT.H22
RS1_1_to_TS1_2,qmaps_pdb_resname,TS1.2,step_1_1_PS.pdb,4.H22,58,W,4,WAT,H22,WAT.H22,WAT.H22
RS1_1_to_TS1_2,qmaps_pdb_resname,RS1.1,step_1_1_RS.pdb,4.H23,59,W,4,WAT,H23,WAT.H23,WAT.H23
RS1_1_to_TS1_2,qmaps_pdb_resname,TS1.2,step_1_1_PS.pdb,4.H23,59,W,4,WAT,H23,WAT.H23,WAT.H23
RS1_1_to_TS1_2,qmaps_pdb_resname,RS1.1,step_1_1_RS.pdb,5.O3,60,X,5,WA2,O3,WA2.O3,WA2.O3
RS1_1_to_TS1_2,qmaps_pdb_resname,TS1.2,step_1_1_PS.pdb,5.O3,60,X,5,WA2,O3,WA2.O3,WA2.O3
RS1_1_to_TS1_2,qmaps_pdb_resname,RS1.1,step_1_1_RS.pdb,5.H22,61,X,5,WA2,H22,WA2.H22,WA2.H22
RS1_1_to_TS1_2,qmaps_pdb_resname,TS1.2,step_1_1_PS.pdb,5.H22,61,X,5,WA2,H22,WA2.H22,WA2.H22
RS1_1_to_TS1_2,qmaps_pdb_resname,RS1.1,step_1_1_RS.pdb,5.H23,62,X,5,WA2,H23,WA2.H23,WA2.H23
RS1_1_to_TS1_2,qmaps_pdb_resname,TS1.2,step_1_1_PS.pdb,5.H23,62,X,5,WA2,H23,WA2.H23,WA2.H23
RS1_1_to_TS1_2,qmaps_pdb_resname,RS1.1,step_1_1_RS.pdb,1.N1,63,A,1,PAF,N1,PAF.N1,PAF.N1
RS1_1_to_TS1_2,qmaps_pdb_resname,TS1.2,step_1_1_PS.pdb,1.N1,63,A,1,PAF,N1,PAF.N1,PAF.N1
RS1_1_to_TS1_2,qmaps_pdb_resname,RS1.1,step_1_1_RS.pdb,1.C6,64,A,1,PAF,C6,PAF.C6,PAF.C6
RS1_1_to_TS1_2,qmaps_pdb_resname,TS1.2,step_1_1_PS.pdb,1.C6,64,A,1,PAF,C6,PAF.C6,PAF.C6
RS1_1_to_TS1_2,qmaps_pdb_resname,RS1.1,step_1_1_RS.pdb,1.O2,65,A,1,PAF,O2,PAF.O2,PAF.O2
RS1_1_to_TS1_2,qmaps_pdb_resname,TS1.2,step_1_1_PS.pdb,1.O2,65,A,1,PAF,O2,PAF.O2,PAF.O2
RS1_1_to_TS1_2,qmaps_pdb_resname,RS1.1,step_1_1_RS.pdb,0.CH3,66,A,0,ACE,CH3,ACE.CH3,ACE.CH3
RS1_1_to_TS1_2,qmaps_pdb_resname,TS1.2,step_1_1_PS.pdb,0.CH3,66,A,0,ACE,CH3,ACE.CH3,ACE.CH3
RS1_1_to_TS1_2,qmaps_pdb_resname,RS1.1,step_1_1_RS.pdb,0.C,67,A,0,ACE,C,ACE.C,ACE.C
RS1_1_to_TS1_2,qmaps_pdb_resname,TS1.2,step_1_1_PS.pdb,0.C,67,A,0,ACE,C,ACE.C,ACE.C
RS1_1_to_TS1_2,qmaps_pdb_resname,RS1.1,step_1_1_RS.pdb,0.O,68,A,0,ACE,O,ACE.O,ACE.O
RS1_1_to_TS1_2,qmaps_pdb_resname,TS1.2,step_1_1_PS.pdb,0.O,68,A,0,ACE,O,ACE.O,ACE.O
RS1_1_to_TS1_2,qmaps_pdb_resname,RS1.1,step_1_1_RS.pdb,0.HH31,69,A,0,ACE,HH31,ACE.HH31,ACE.HH31
RS1_1_to_TS1_2,qmaps_pdb_resname,TS1.2,step_1_1_PS.pdb,0.HH31,69,A,0,ACE,HH31,ACE.HH31,ACE.HH31
RS1_1_to_TS1_2,qmaps_pdb_resname,RS1.1,step_1_1_RS.pdb,0.HH32,70,A,0,ACE,HH32,ACE.HH32,ACE.HH32
RS1_1_to_TS1_2,qmaps_pdb_resname,TS1.2,step_1_1_PS.pdb,0.HH32,70,A,0,ACE,HH32,ACE.HH32,ACE.HH32
RS1_1_to_TS1_2,qmaps_pdb_resname,RS1.1,step_1_1_RS.pdb,0.HH33,71,A,0,ACE,HH33,ACE.HH33,ACE.HH33
RS1_1_to_TS1_2,qmaps_pdb_resname,TS1.2,step_1_1_PS.pdb,0.HH33,71,A,0,ACE,HH33,ACE.HH33,ACE.HH33
RS1_1_to_TS1_2,qmaps_pdb_resname,RS1.1,step_1_1_RS.pdb,2.N,72,A,2,NME,N,NME.N,NME.N
RS1_1_to_TS1_2,qmaps_pdb_resname,TS1.2,step_1_1_PS.pdb,2.N,72,A,2,NME,N,NME.N,NME.N
RS1_1_to_TS1_2,qmaps_pdb_resname,RS1.1,step_1_1_RS.pdb,2.CH3,73,A,2,NME,CH3,NME.CH3,NME.CH3
RS1_1_to_TS1_2,qmaps_pdb_resname,TS1.2,step_1_1_PS.pdb,2.CH3,73,A,2,NME,CH3,NME.CH3,NME.CH3
RS1_1_to_TS1_2,qmaps_pdb_resname,RS1.1,step_1_1_RS.pdb,2.HH31,74,A,2,NME,HH31,NME.HH31,NME.HH31
RS1_1_to_TS1_2,qmaps_pdb_resname,TS1.2,step_1_1_PS.pdb,2.HH31,74,A,2,NME,HH31,NME.HH31,NME.HH31
RS1_1_to_TS1_2,qmaps_pdb_resname,RS1.1,step_1_1_RS.pdb,2.HH32,75,A,2,NME,HH32,NME.HH32,NME.HH32
RS1_1_to_TS1_2,qmaps_pdb_resname,TS1.2,step_1_1_PS.pdb,2.HH32,75,A,2,NME,HH32,NME.HH32,NME.HH32
RS1_1_to_TS1_2,qmaps_pdb_resname,RS1.1,step_1_1_RS.pdb,2.HH33,76,A,2,NME,HH33,NME.HH33,NME.HH33
RS1_1_to_TS1_2,qmaps_pdb_resname,TS1.2,step_1_1_PS.pdb,2.HH33,76,A,2,NME,HH33,NME.HH33,NME.HH33
RS1_1_to_TS1_2,qmaps_state_alias,RS1.1,step_1_1_RS.pdb,1.N2,1,A,1,PAF,N2,PAF.N2,R11P.N2
RS1_1_to_TS1_2,qmaps_state_alias,TS1.2,step_1_1_PS.pdb,1.N2,1,A,1,PAF,N2,PAF.N2,T12P.N2
RS1_1_to_TS1_2,qmaps_state_alias,RS1.1,step_1_1_RS.pdb,1.C9,2,A,1,PAF,C9,PAF.C9,R11P.C9
RS1_1_to_TS1_2,qmaps_state_alias,TS1.2,step_1_1_PS.pdb,1.C9,2,A,1,PAF,C9,PAF.C9,T12P.C9
RS1_1_to_TS1_2,qmaps_state_alias,RS1.1,step_1_1_RS.pdb,1.C7,3,A,1,PAF,C7,PAF.C7,R11P.C7
RS1_1_to_TS1_2,qmaps_state_alias,TS1.2,step_1_1_PS.pdb,1.C7,3,A,1,PAF,C7,PAF.C7,T12P.C7
RS1_1_to_TS1_2,qmaps_state_alias,RS1.1,step_1_1_RS.pdb,1.C4,4,A,1,PAF,C4,PAF.C4,R11P.C4
RS1_1_to_TS1_2,qmaps_state_alias,TS1.2,step_1_1_PS.pdb,1.C4,4,A,1,PAF,C4,PAF.C4,T12P.C4
RS1_1_to_TS1_2,qmaps_state_alias,RS1.1,step_1_1_RS.pdb,1.C3,5,A,1,PAF,C3,PAF.C3,R11P.C3
RS1_1_to_TS1_2,qmaps_state_alias,TS1.2,step_1_1_PS.pdb,1.C3,5,A,1,PAF,C3,PAF.C3,T12P.C3
RS1_1_to_TS1_2,qmaps_state_alias,RS1.1,step_1_1_RS.pdb,1.C5,6,A,1,PAF,C5,PAF.C5,R11P.C5
RS1_1_to_TS1_2,qmaps_state_alias,TS1.2,step_1_1_PS.pdb,1.C5,6,A,1,PAF,C5,PAF.C5,T12P.C5
RS1_1_to_TS1_2,qmaps_state_alias,RS1.1,step_1_1_RS.pdb,1.C8,7,A,1,PAF,C8,PAF.C8,R11P.C8
RS1_1_to_TS1_2,qmaps_state_alias,TS1.2,step_1_1_PS.pdb,1.C8,7,A,1,PAF,C8,PAF.C8,T12P.C8
RS1_1_to_TS1_2,qmaps_state_alias,RS1.1,step_1_1_RS.pdb,1.C1,8,A,1,PAF,C1,PAF.C1,R11P.C1
RS1_1_to_TS1_2,qmaps_state_alias,TS1.2,step_1_1_PS.pdb,1.C1,8,A,1,PAF,C1,PAF.C1,T12P.C1
RS1_1_to_TS1_2,qmaps_state_alias,RS1.1,step_1_1_RS.pdb,1.C2,9,A,1,PAF,C2,PAF.C2,R11P.C2
RS1_1_to_TS1_2,qmaps_state_alias,TS1.2,step_1_1_PS.pdb,1.C2,9,A,1,PAF,C2,PAF.C2,T12P.C2
RS1_1_to_TS1_2,qmaps_state_alias,RS1.1,step_1_1_RS.pdb,2.C10,10,B,2,ENL,C10,ENL.C10,R11E.C10
RS1_1_to_TS1_2,qmaps_state_alias,TS1.2,step_1_1_PS.pdb,2.C10,10,B,2,ENL,C10,ENL.C10,T12E.C10
RS1_1_to_TS1_2,qmaps_state_alias,RS1.1,step_1_1_RS.pdb,2.C11,11,B,2,ENL,C11,ENL.C11,R11E.C11
RS1_1_to_TS1_2,qmaps_state_alias,TS1.2,step_1_1_PS.pdb,2.C11,11,B,2,ENL,C11,ENL.C11,T12E.C11
RS1_1_to_TS1_2,qmaps_state_alias,RS1.1,step_1_1_RS.pdb,2.C12,12,B,2,ENL,C12,ENL.C12,R11E.C12
RS1_1_to_TS1_2,qmaps_state_alias,TS1.2,step_1_1_PS.pdb,2.C12,12,B,2,ENL,C12,ENL.C12,T12E.C12
RS1_1_to_TS1_2,qmaps_state_alias,RS1.1,step_1_1_RS.pdb,2.C13,13,B,2,ENL,C13,ENL.C13,R11E.C13
RS1_1_to_TS1_2,qmaps_state_alias,TS1.2,step_1_1_PS.pdb,2.C13,13,B,2,ENL,C13,ENL.C13,T12E.C13
RS1_1_to_TS1_2,qmaps_state_alias,RS1.1,step_1_1_RS.pdb,2.C14,14,B,2,ENL,C14,ENL.C14,R11E.C14
RS1_1_to_TS1_2,qmaps_state_alias,TS1.2,step_1_1_PS.pdb,2.C14,14,B,2,ENL,C14,ENL.C14,T12E.C14
RS1_1_to_TS1_2,qmaps_state_alias,RS1.1,step_1_1_RS.pdb,2.C15,15,B,2,ENL,C15,ENL.C15,R11E.C15
RS1_1_to_TS1_2,qmaps_state_alias,TS1.2,step_1_1_PS.pdb,2.C15,15,B,2,ENL,C15,ENL.C15,T12E.C15
RS1_1_to_TS1_2,qmaps_state_alias,RS1.1,step_1_1_RS.pdb,2.O1,16,B,2,ENL,O1,ENL.O1,R11E.O1
RS1_1_to_TS1_2,qmaps_state_alias,TS1.2,step_1_1_PS.pdb,2.O1,16,B,2,ENL,O1,ENL.O1,T12E.O1
RS1_1_to_TS1_2,qmaps_state_alias,RS1.1,step_1_1_RS.pdb,4.O3,27,W,4,WAT,O3,WAT.O3,R11W.O3
RS1_1_to_TS1_2,qmaps_state_alias,TS1.2,step_1_1_PS.pdb,4.O3,27,W,4,WAT,O3,WAT.O3,T12W.O3
RS1_1_to_TS1_2,qmaps_state_alias,RS1.1,step_1_1_RS.pdb,1.H4,28,A,1,PAF,H4,PAF.H4,R11P.H4
RS1_1_to_TS1_2,qmaps_state_alias,TS1.2,step_1_1_PS.pdb,1.H4,28,A,1,PAF,H4,PAF.H4,T12P.H4
RS1_1_to_TS1_2,qmaps_state_alias,RS1.1,step_1_1_RS.pdb,1.H22,29,A,1,PAF,H22,PAF.H22,R11P.H22
RS1_1_to_TS1_2,qmaps_state_alias,TS1.2,step_1_1_PS.pdb,1.H22,29,A,1,PAF,H22,PAF.H22,T12P.H22
RS1_1_to_TS1_2,qmaps_state_alias,RS1.1,step_1_1_RS.pdb,1.H11,30,A,1,PAF,H11,PAF.H11,R11P.H11
RS1_1_to_TS1_2,qmaps_state_alias,TS1.2,step_1_1_PS.pdb,1.H11,30,A,1,PAF,H11,PAF.H11,T12P.H11
RS1_1_to_TS1_2,qmaps_state_alias,RS1.1,step_1_1_RS.pdb,1.H9,31,A,1,PAF,H9,PAF.H9,R11P.H9
RS1_1_to_TS1_2,qmaps_state_alias,TS1.2,step_1_1_PS.pdb,1.H9,31,A,1,PAF,H9,PAF.H9,T12P.H9
RS1_1_to_TS1_2,qmaps_state_alias,RS1.1,step_1_1_RS.pdb,1.H10,32,A,1,PAF,H10,PAF.H10,R11P.H10
RS1_1_to_TS1_2,qmaps_state_alias,TS1.2,step_1_1_PS.pdb,1.H10,32,A,1,PAF,H10,PAF.H10,T12P.H10
RS1_1_to_TS1_2,qmaps_state_alias,RS1.1,step_1_1_RS.pdb,1.H12,33,A,1,PAF,H12,PAF.H12,R11P.H12
RS1_1_to_TS1_2,qmaps_state_alias,TS1.2,step_1_1_PS.pdb,1.H12,33,A,1,PAF,H12,PAF.H12,T12P.H12
RS1_1_to_TS1_2,qmaps_state_alias,RS1.1,step_1_1_RS.pdb,1.H6,34,A,1,PAF,H6,PAF.H6,R11P.H6
RS1_1_to_TS1_2,qmaps_state_alias,TS1.2,step_1_1_PS.pdb,1.H6,34,A,1,PAF,H6,PAF.H6,T12P.H6
RS1_1_to_TS1_2,qmaps_state_alias,RS1.1,step_1_1_RS.pdb,1.H7,35,A,1,PAF,H7,PAF.H7,R11P.H7
RS1_1_to_TS1_2,qmaps_state_alias,TS1.2,step_1_1_PS.pdb,1.H7,35,A,1,PAF,H7,PAF.H7,T12P.H7
RS1_1_to_TS1_2,qmaps_state_alias,RS1.1,step_1_1_RS.pdb,1.H8,36,A,1,PAF,H8,PAF.H8,R11P.H8
RS1_1_to_TS1_2,qmaps_state_alias,TS1.2,step_1_1_PS.pdb,1.H8,36,A,1,PAF,H8,PAF.H8,T12P.H8
RS1_1_to_TS1_2,qmaps_state_alias,RS1.1,step_1_1_RS.pdb,1.H2,37,A,1,PAF,H2,PAF.H2,R11P.H2
RS1_1_to_TS1_2,qmaps_state_alias,TS1.2,step_1_1_PS.pdb,1.H2,37,A,1,PAF,H2,PAF.H2,T12P.H2
RS1_1_to_TS1_2,qmaps_state_alias,RS1.1,step_1_1_RS.pdb,2.H,38,A,2,NME,H,NME.H,R11N.H
RS1_1_to_TS1_2,qmaps_state_alias,TS1.2,step_1_1_PS.pdb,2.H,38,A,2,NME,H,NME.H,T12N.H
RS1_1_to_TS1_2,qmaps_state_alias,RS1.1,step_1_1_RS.pdb,2.H12,39,B,2,ENL,H12,ENL.H12,R11E.H12
RS1_1_to_TS1_2,qmaps_state_alias,TS1.2,step_1_1_PS.pdb,2.H12,39,B,2,ENL,H12,ENL.H12,T12E.H12
RS1_1_to_TS1_2,qmaps_state_alias,RS1.1,step_1_1_RS.pdb,2.H13,40,B,2,ENL,H13,ENL.H13,R11E.H13
RS1_1_to_TS1_2,qmaps_state_alias,TS1.2,step_1_1_PS.pdb,2.H13,40,B,2,ENL,H13,ENL.H13,T12E.H13
RS1_1_to_TS1_2,qmaps_state_alias,RS1.1,step_1_1_RS.pdb,2.H14,41,B,2,ENL,H14,ENL.H14,R11E.H14
RS1_1_to_TS1_2,qmaps_state_alias,TS1.2,step_1_1_PS.pdb,2.H14,41,B,2,ENL,H14,ENL.H14,T12E.H14
RS1_1_to_TS1_2,qmaps_state_alias,RS1.1,step_1_1_RS.pdb,2.H15,42,B,2,ENL,H15,ENL.H15,R11E.H15
RS1_1_to_TS1_2,qmaps_state_alias,TS1.2,step_1_1_PS.pdb,2.H15,42,B,2,ENL,H15,ENL.H15,T12E.H15
RS1_1_to_TS1_2,qmaps_state_alias,RS1.1,step_1_1_RS.pdb,2.H16,43,B,2,ENL,H16,ENL.H16,R11E.H16
RS1_1_to_TS1_2,qmaps_state_alias,TS1.2,step_1_1_PS.pdb,2.H16,43,B,2,ENL,H16,ENL.H16,T12E.H16
RS1_1_to_TS1_2,qmaps_state_alias,RS1.1,step_1_1_RS.pdb,2.H17,44,B,2,ENL,H17,ENL.H17,R11E.H17
RS1_1_to_TS1_2,qmaps_state_alias,TS1.2,step_1_1_PS.pdb,2.H17,44,B,2,ENL,H17,ENL.H17,T12E.H17
RS1_1_to_TS1_2,qmaps_state_alias,RS1.1,step_1_1_RS.pdb,2.H18,45,B,2,ENL,H18,ENL.H18,R11E.H18
RS1_1_to_TS1_2,qmaps_state_alias,TS1.2,step_1_1_PS.pdb,2.H18,45,B,2,ENL,H18,ENL.H18,T12E.H18
RS1_1_to_TS1_2,qmaps_state_alias,RS1.1,step_1_1_RS.pdb,2.H19,46,B,2,ENL,H19,ENL.H19,R11E.H19
RS1_1_to_TS1_2,qmaps_state_alias,TS1.2,step_1_1_PS.pdb,2.H19,46,B,2,ENL,H19,ENL.H19,T12E.H19
RS1_1_to_TS1_2,qmaps_state_alias,RS1.1,step_1_1_RS.pdb,2.H20,47,B,2,ENL,H20,ENL.H20,R11E.H20
RS1_1_to_TS1_2,qmaps_state_alias,TS1.2,step_1_1_PS.pdb,2.H20,47,B,2,ENL,H20,ENL.H20,T12E.H20
RS1_1_to_TS1_2,qmaps_state_alias,RS1.1,step_1_1_RS.pdb,2.H21,48,B,2,ENL,H21,ENL.H21,R11E.H21
RS1_1_to_TS1_2,qmaps_state_alias,TS1.2,step_1_1_PS.pdb,2.H21,48,B,2,ENL,H21,ENL.H21,T12E.H21
RS1_1_to_TS1_2,qmaps_state_alias,RS1.1,step_1_1_RS.pdb,4.H22,58,W,4,WAT,H22,WAT.H22,R11W.H22
RS1_1_to_TS1_2,qmaps_state_alias,TS1.2,step_1_1_PS.pdb,4.H22,58,W,4,WAT,H22,WAT.H22,T12W.H22
RS1_1_to_TS1_2,qmaps_state_alias,RS1.1,step_1_1_RS.pdb,4.H23,59,W,4,WAT,H23,WAT.H23,R11W.H23
RS1_1_to_TS1_2,qmaps_state_alias,TS1.2,step_1_1_PS.pdb,4.H23,59,W,4,WAT,H23,WAT.H23,T12W.H23
RS1_1_to_TS1_2,qmaps_state_alias,RS1.1,step_1_1_RS.pdb,5.O3,60,X,5,WA2,O3,WA2.O3,R112.O3
RS1_1_to_TS1_2,qmaps_state_alias,TS1.2,step_1_1_PS.pdb,5.O3,60,X,5,WA2,O3,WA2.O3,T122.O3
RS1_1_to_TS1_2,qmaps_state_alias,RS1.1,step_1_1_RS.pdb,5.H22,61,X,5,WA2,H22,WA2.H22,R112.H22
RS1_1_to_TS1_2,qmaps_state_alias,TS1.2,step_1_1_PS.pdb,5.H22,61,X,5,WA2,H22,WA2.H22,T122.H22
RS1_1_to_TS1_2,qmaps_state_alias,RS1.1,step_1_1_RS.pdb,5.H23,62,X,5,WA2,H23,WA2.H23,R112.H23
RS1_1_to_TS1_2,qmaps_state_alias,TS1.2,step_1_1_PS.pdb,5.H23,62,X,5,WA2,H23,WA2.H23,T122.H23
RS1_1_to_TS1_2,qmaps_state_alias,RS1.1,step_1_1_RS.pdb,1.N1,63,A,1,PAF,N1,PAF.N1,R11P.N1
RS1_1_to_TS1_2,qmaps_state_alias,TS1.2,step_1_1_PS.pdb,1.N1,63,A,1,PAF,N1,PAF.N1,T12P.N1
RS1_1_to_TS1_2,qmaps_state_alias,RS1.1,step_1_1_RS.pdb,1.C6,64,A,1,PAF,C6,PAF.C6,R11P.C6
RS1_1_to_TS1_2,qmaps_state_alias,TS1.2,step_1_1_PS.pdb,1.C6,64,A,1,PAF,C6,PAF.C6,T12P.C6
RS1_1_to_TS1_2,qmaps_state_alias,RS1.1,step_1_1_RS.pdb,1.O2,65,A,1,PAF,O2,PAF.O2,R11P.O2
RS1_1_to_TS1_2,qmaps_state_alias,TS1.2,step_1_1_PS.pdb,1.O2,65,A,1,PAF,O2,PAF.O2,T12P.O2
RS1_1_to_TS1_2,qmaps_state_alias,RS1.1,step_1_1_RS.pdb,0.CH3,66,A,0,ACE,CH3,ACE.CH3,R11A.CH3
RS1_1_to_TS1_2,qmaps_state_alias,TS1.2,step_1_1_PS.pdb,0.CH3,66,A,0,ACE,CH3,ACE.CH3,T12A.CH3
RS1_1_to_TS1_2,qmaps_state_alias,RS1.1,step_1_1_RS.pdb,0.C,67,A,0,ACE,C,ACE.C,R11A.C
RS1_1_to_TS1_2,qmaps_state_alias,TS1.2,step_1_1_PS.pdb,0.C,67,A,0,ACE,C,ACE.C,T12A.C
RS1_1_to_TS1_2,qmaps_state_alias,RS1.1,step_1_1_RS.pdb,0.O,68,A,0,ACE,O,ACE.O,R11A.O
RS1_1_to_TS1_2,qmaps_state_alias,TS1.2,step_1_1_PS.pdb,0.O,68,A,0,ACE,O,ACE.O,T12A.O
RS1_1_to_TS1_2,qmaps_state_alias,RS1.1,step_1_1_RS.pdb,0.HH31,69,A,0,ACE,HH31,ACE.HH31,R11A.HH31
RS1_1_to_TS1_2,qmaps_state_alias,TS1.2,step_1_1_PS.pdb,0.HH31,69,A,0,ACE,HH31,ACE.HH31,T12A.HH31
RS1_1_to_TS1_2,qmaps_state_alias,RS1.1,step_1_1_RS.pdb,0.HH32,70,A,0,ACE,HH32,ACE.HH32,R11A.HH32
RS1_1_to_TS1_2,qmaps_state_alias,TS1.2,step_1_1_PS.pdb,0.HH32,70,A,0,ACE,HH32,ACE.HH32,T12A.HH32
RS1_1_to_TS1_2,qmaps_state_alias,RS1.1,step_1_1_RS.pdb,0.HH33,71,A,0,ACE,HH33,ACE.HH33,R11A.HH33
RS1_1_to_TS1_2,qmaps_state_alias,TS1.2,step_1_1_PS.pdb,0.HH33,71,A,0,ACE,HH33,ACE.HH33,T12A.HH33
RS1_1_to_TS1_2,qmaps_state_alias,RS1.1,step_1_1_RS.pdb,2.N,72,A,2,NME,N,NME.N,R11N.N
RS1_1_to_TS1_2,qmaps_state_alias,TS1.2,step_1_1_PS.pdb,2.N,72,A,2,NME,N,NME.N,T12N.N
RS1_1_to_TS1_2,qmaps_state_alias,RS1.1,step_1_1_RS.pdb,2.CH3,73,A,2,NME,CH3,NME.CH3,R11N.CH3
RS1_1_to_TS1_2,qmaps_state_alias,TS1.2,step_1_1_PS.pdb,2.CH3,73,A,2,NME,CH3,NME.CH3,T12N.CH3
RS1_1_to_TS1_2,qmaps_state_alias,RS1.1,step_1_1_RS.pdb,2.HH31,74,A,2,NME,HH31,NME.HH31,R11N.HH31
RS1_1_to_TS1_2,qmaps_state_alias,TS1.2,step_1_1_PS.pdb,2.HH31,74,A,2,NME,HH31,NME.HH31,T12N.HH31
RS1_1_to_TS1_2,qmaps_state_alias,RS1.1,step_1_1_RS.pdb,2.HH32,75,A,2,NME,HH32,NME.HH32,R11N.HH32
RS1_1_to_TS1_2,qmaps_state_alias,TS1.2,step_1_1_PS.pdb,2.HH32,75,A,2,NME,HH32,NME.HH32,T12N.HH32
RS1_1_to_TS1_2,qmaps_state_alias,RS1.1,step_1_1_RS.pdb,2.HH33,76,A,2,NME,HH33,NME.HH33,R11N.HH33
RS1_1_to_TS1_2,qmaps_state_alias,TS1.2,step_1_1_PS.pdb,2.HH33,76,A,2,NME,HH33,NME.HH33,T12N.HH33
TS1_2_to_PS1_2b,qmaps_pdb_resname,TS1.2,step_1_2_RS.pdb,1.N2,1,A,1,PAF,N2,PAF.N2,PAF.N2
TS1_2_to_PS1_2b,qmaps_pdb_resname,PS1.2b,step_1_2_PS.pdb,1.N2,1,A,1,PAF,N2,PAF.N2,PAF.N2
TS1_2_to_PS1_2b,qmaps_pdb_resname,TS1.2,step_1_2_RS.pdb,1.C9,2,A,1,PAF,C9,PAF.C9,PAF.C9
TS1_2_to_PS1_2b,qmaps_pdb_resname,PS1.2b,step_1_2_PS.pdb,1.C9,2,A,1,PAF,C9,PAF.C9,PAF.C9
TS1_2_to_PS1_2b,qmaps_pdb_resname,TS1.2,step_1_2_RS.pdb,1.C7,3,A,1,PAF,C7,PAF.C7,PAF.C7
TS1_2_to_PS1_2b,qmaps_pdb_resname,PS1.2b,step_1_2_PS.pdb,1.C7,3,A,1,PAF,C7,PAF.C7,PAF.C7
TS1_2_to_PS1_2b,qmaps_pdb_resname,TS1.2,step_1_2_RS.pdb,1.C4,4,A,1,PAF,C4,PAF.C4,PAF.C4
TS1_2_to_PS1_2b,qmaps_pdb_resname,PS1.2b,step_1_2_PS.pdb,1.C4,4,A,1,PAF,C4,PAF.C4,PAF.C4
TS1_2_to_PS1_2b,qmaps_pdb_resname,TS1.2,step_1_2_RS.pdb,1.C3,5,A,1,PAF,C3,PAF.C3,PAF.C3
TS1_2_to_PS1_2b,qmaps_pdb_resname,PS1.2b,step_1_2_PS.pdb,1.C3,5,A,1,PAF,C3,PAF.C3,PAF.C3
TS1_2_to_PS1_2b,qmaps_pdb_resname,TS1.2,step_1_2_RS.pdb,1.C5,6,A,1,PAF,C5,PAF.C5,PAF.C5
TS1_2_to_PS1_2b,qmaps_pdb_resname,PS1.2b,step_1_2_PS.pdb,1.C5,6,A,1,PAF,C5,PAF.C5,PAF.C5
TS1_2_to_PS1_2b,qmaps_pdb_resname,TS1.2,step_1_2_RS.pdb,1.C8,7,A,1,PAF,C8,PAF.C8,PAF.C8
TS1_2_to_PS1_2b,qmaps_pdb_resname,PS1.2b,step_1_2_PS.pdb,1.C8,7,A,1,PAF,C8,PAF.C8,PAF.C8
TS1_2_to_PS1_2b,qmaps_pdb_resname,TS1.2,step_1_2_RS.pdb,1.C1,8,A,1,PAF,C1,PAF.C1,PAF.C1
TS1_2_to_PS1_2b,qmaps_pdb_resname,PS1.2b,step_1_2_PS.pdb,1.C1,8,A,1,PAF,C1,PAF.C1,PAF.C1
TS1_2_to_PS1_2b,qmaps_pdb_resname,TS1.2,step_1_2_RS.pdb,1.C2,9,A,1,PAF,C2,PAF.C2,PAF.C2
TS1_2_to_PS1_2b,qmaps_pdb_resname,PS1.2b,step_1_2_PS.pdb,1.C2,9,A,1,PAF,C2,PAF.C2,PAF.C2
TS1_2_to_PS1_2b,qmaps_pdb_resname,TS1.2,step_1_2_RS.pdb,2.C10,10,B,2,ENL,C10,ENL.C10,ENL.C10
TS1_2_to_PS1_2b,qmaps_pdb_resname,PS1.2b,step_1_2_PS.pdb,2.C10,10,B,2,ENL,C10,ENL.C10,ENL.C10
TS1_2_to_PS1_2b,qmaps_pdb_resname,TS1.2,step_1_2_RS.pdb,2.C11,11,B,2,ENL,C11,ENL.C11,ENL.C11
TS1_2_to_PS1_2b,qmaps_pdb_resname,PS1.2b,step_1_2_PS.pdb,2.C11,11,B,2,ENL,C11,ENL.C11,ENL.C11
TS1_2_to_PS1_2b,qmaps_pdb_resname,TS1.2,step_1_2_RS.pdb,2.C12,12,B,2,ENL,C12,ENL.C12,ENL.C12
TS1_2_to_PS1_2b,qmaps_pdb_resname,PS1.2b,step_1_2_PS.pdb,2.C12,12,B,2,ENL,C12,ENL.C12,ENL.C12
TS1_2_to_PS1_2b,qmaps_pdb_resname,TS1.2,step_1_2_RS.pdb,2.C13,13,B,2,ENL,C13,ENL.C13,ENL.C13
TS1_2_to_PS1_2b,qmaps_pdb_resname,PS1.2b,step_1_2_PS.pdb,2.C13,13,B,2,ENL,C13,ENL.C13,ENL.C13
TS1_2_to_PS1_2b,qmaps_pdb_resname,TS1.2,step_1_2_RS.pdb,2.C14,14,B,2,ENL,C14,ENL.C14,ENL.C14
TS1_2_to_PS1_2b,qmaps_pdb_resname,PS1.2b,step_1_2_PS.pdb,2.C14,14,B,2,ENL,C14,ENL.C14,ENL.C14
TS1_2_to_PS1_2b,qmaps_pdb_resname,TS1.2,step_1_2_RS.pdb,2.C15,15,B,2,ENL,C15,ENL.C15,ENL.C15
TS1_2_to_PS1_2b,qmaps_pdb_resname,PS1.2b,step_1_2_PS.pdb,2.C15,15,B,2,ENL,C15,ENL.C15,ENL.C15
TS1_2_to_PS1_2b,qmaps_pdb_resname,TS1.2,step_1_2_RS.pdb,2.O1,16,B,2,ENL,O1,ENL.O1,ENL.O1
TS1_2_to_PS1_2b,qmaps_pdb_resname,PS1.2b,step_1_2_PS.pdb,2.O1,16,B,2,ENL,O1,ENL.O1,ENL.O1
TS1_2_to_PS1_2b,qmaps_pdb_resname,TS1.2,step_1_2_RS.pdb,4.O3,27,W,4,WAT,O3,WAT.O3,WAT.O3
TS1_2_to_PS1_2b,qmaps_pdb_resname,PS1.2b,step_1_2_PS.pdb,4.O3,27,W,4,WAT,O3,WAT.O3,WAT.O3
TS1_2_to_PS1_2b,qmaps_pdb_resname,TS1.2,step_1_2_RS.pdb,1.H4,28,A,1,PAF,H4,PAF.H4,PAF.H4
TS1_2_to_PS1_2b,qmaps_pdb_resname,PS1.2b,step_1_2_PS.pdb,1.H4,28,A,1,PAF,H4,PAF.H4,PAF.H4
TS1_2_to_PS1_2b,qmaps_pdb_resname,TS1.2,step_1_2_RS.pdb,1.H22,29,A,1,PAF,H22,PAF.H22,PAF.H22
TS1_2_to_PS1_2b,qmaps_pdb_resname,PS1.2b,step_1_2_PS.pdb,1.H22,29,A,1,PAF,H22,PAF.H22,PAF.H22
TS1_2_to_PS1_2b,qmaps_pdb_resname,TS1.2,step_1_2_RS.pdb,1.H11,30,A,1,PAF,H11,PAF.H11,PAF.H11
TS1_2_to_PS1_2b,qmaps_pdb_resname,PS1.2b,step_1_2_PS.pdb,1.H11,30,A,1,PAF,H11,PAF.H11,PAF.H11
TS1_2_to_PS1_2b,qmaps_pdb_resname,TS1.2,step_1_2_RS.pdb,1.H9,31,A,1,PAF,H9,PAF.H9,PAF.H9
TS1_2_to_PS1_2b,qmaps_pdb_resname,PS1.2b,step_1_2_PS.pdb,1.H9,31,A,1,PAF,H9,PAF.H9,PAF.H9
TS1_2_to_PS1_2b,qmaps_pdb_resname,TS1.2,step_1_2_RS.pdb,1.H10,32,A,1,PAF,H10,PAF.H10,PAF.H10
TS1_2_to_PS1_2b,qmaps_pdb_resname,PS1.2b,step_1_2_PS.pdb,1.H10,32,A,1,PAF,H10,PAF.H10,PAF.H10
TS1_2_to_PS1_2b,qmaps_pdb_resname,TS1.2,step_1_2_RS.pdb,1.H12,33,A,1,PAF,H12,PAF.H12,PAF.H12
TS1_2_to_PS1_2b,qmaps_pdb_resname,PS1.2b,step_1_2_PS.pdb,1.H12,33,A,1,PAF,H12,PAF.H12,PAF.H12
TS1_2_to_PS1_2b,qmaps_pdb_resname,TS1.2,step_1_2_RS.pdb,1.H6,34,A,1,PAF,H6,PAF.H6,PAF.H6
TS1_2_to_PS1_2b,qmaps_pdb_resname,PS1.2b,step_1_2_PS.pdb,1.H6,34,A,1,PAF,H6,PAF.H6,PAF.H6
TS1_2_to_PS1_2b,qmaps_pdb_resname,TS1.2,step_1_2_RS.pdb,1.H7,35,A,1,PAF,H7,PAF.H7,PAF.H7
TS1_2_to_PS1_2b,qmaps_pdb_resname,PS1.2b,step_1_2_PS.pdb,1.H7,35,A,1,PAF,H7,PAF.H7,PAF.H7
TS1_2_to_PS1_2b,qmaps_pdb_resname,TS1.2,step_1_2_RS.pdb,1.H8,36,A,1,PAF,H8,PAF.H8,PAF.H8
TS1_2_to_PS1_2b,qmaps_pdb_resname,PS1.2b,step_1_2_PS.pdb,1.H8,36,A,1,PAF,H8,PAF.H8,PAF.H8
TS1_2_to_PS1_2b,qmaps_pdb_resname,TS1.2,step_1_2_RS.pdb,1.H2,37,A,1,PAF,H2,PAF.H2,PAF.H2
TS1_2_to_PS1_2b,qmaps_pdb_resname,PS1.2b,step_1_2_PS.pdb,1.H2,37,A,1,PAF,H2,PAF.H2,PAF.H2
TS1_2_to_PS1_2b,qmaps_pdb_resname,TS1.2,step_1_2_RS.pdb,2.H,38,A,2,NME,H,NME.H,NME.H
TS1_2_to_PS1_2b,qmaps_pdb_resname,PS1.2b,step_1_2_PS.pdb,2.H,38,A,2,NME,H,NME.H,NME.H
TS1_2_to_PS1_2b,qmaps_pdb_resname,TS1.2,step_1_2_RS.pdb,2.H12,39,B,2,ENL,H12,ENL.H12,ENL.H12
TS1_2_to_PS1_2b,qmaps_pdb_resname,PS1.2b,step_1_2_PS.pdb,2.H12,39,B,2,ENL,H12,ENL.H12,ENL.H12
TS1_2_to_PS1_2b,qmaps_pdb_resname,TS1.2,step_1_2_RS.pdb,2.H13,40,B,2,ENL,H13,ENL.H13,ENL.H13
TS1_2_to_PS1_2b,qmaps_pdb_resname,PS1.2b,step_1_2_PS.pdb,2.H13,40,B,2,ENL,H13,ENL.H13,ENL.H13
TS1_2_to_PS1_2b,qmaps_pdb_resname,TS1.2,step_1_2_RS.pdb,2.H14,41,B,2,ENL,H14,ENL.H14,ENL.H14
TS1_2_to_PS1_2b,qmaps_pdb_resname,PS1.2b,step_1_2_PS.pdb,2.H14,41,B,2,ENL,H14,ENL.H14,ENL.H14
TS1_2_to_PS1_2b,qmaps_pdb_resname,TS1.2,step_1_2_RS.pdb,2.H15,42,B,2,ENL,H15,ENL.H15,ENL.H15
TS1_2_to_PS1_2b,qmaps_pdb_resname,PS1.2b,step_1_2_PS.pdb,2.H15,42,B,2,ENL,H15,ENL.H15,ENL.H15
TS1_2_to_PS1_2b,qmaps_pdb_resname,TS1.2,step_1_2_RS.pdb,2.H16,43,B,2,ENL,H16,ENL.H16,ENL.H16
TS1_2_to_PS1_2b,qmaps_pdb_resname,PS1.2b,step_1_2_PS.pdb,2.H16,43,B,2,ENL,H16,ENL.H16,ENL.H16
TS1_2_to_PS1_2b,qmaps_pdb_resname,TS1.2,step_1_2_RS.pdb,2.H17,44,B,2,ENL,H17,ENL.H17,ENL.H17
TS1_2_to_PS1_2b,qmaps_pdb_resname,PS1.2b,step_1_2_PS.pdb,2.H17,44,B,2,ENL,H17,ENL.H17,ENL.H17
TS1_2_to_PS1_2b,qmaps_pdb_resname,TS1.2,step_1_2_RS.pdb,2.H18,45,B,2,ENL,H18,ENL.H18,ENL.H18
TS1_2_to_PS1_2b,qmaps_pdb_resname,PS1.2b,step_1_2_PS.pdb,2.H18,45,B,2,ENL,H18,ENL.H18,ENL.H18
TS1_2_to_PS1_2b,qmaps_pdb_resname,TS1.2,step_1_2_RS.pdb,2.H19,46,B,2,ENL,H19,ENL.H19,ENL.H19
TS1_2_to_PS1_2b,qmaps_pdb_resname,PS1.2b,step_1_2_PS.pdb,2.H19,46,B,2,ENL,H19,ENL.H19,ENL.H19
TS1_2_to_PS1_2b,qmaps_pdb_resname,TS1.2,step_1_2_RS.pdb,2.H20,47,B,2,ENL,H20,ENL.H20,ENL.H20
TS1_2_to_PS1_2b,qmaps_pdb_resname,PS1.2b,step_1_2_PS.pdb,2.H20,47,B,2,ENL,H20,ENL.H20,ENL.H20
TS1_2_to_PS1_2b,qmaps_pdb_resname,TS1.2,step_1_2_RS.pdb,2.H21,48,B,2,ENL,H21,ENL.H21,ENL.H21
TS1_2_to_PS1_2b,qmaps_pdb_resname,PS1.2b,step_1_2_PS.pdb,2.H21,48,B,2,ENL,H21,ENL.H21,ENL.H21
TS1_2_to_PS1_2b,qmaps_pdb_resname,TS1.2,step_1_2_RS.pdb,4.H22,58,W,4,WAT,H22,WAT.H22,WAT.H22
TS1_2_to_PS1_2b,qmaps_pdb_resname,PS1.2b,step_1_2_PS.pdb,4.H22,58,W,4,WAT,H22,WAT.H22,WAT.H22
TS1_2_to_PS1_2b,qmaps_pdb_resname,TS1.2,step_1_2_RS.pdb,4.H23,59,W,4,WAT,H23,WAT.H23,WAT.H23
TS1_2_to_PS1_2b,qmaps_pdb_resname,PS1.2b,step_1_2_PS.pdb,4.H23,59,W,4,WAT,H23,WAT.H23,WAT.H23
TS1_2_to_PS1_2b,qmaps_pdb_resname,TS1.2,step_1_2_RS.pdb,5.O3,60,X,5,WA2,O3,WA2.O3,WA2.O3
TS1_2_to_PS1_2b,qmaps_pdb_resname,PS1.2b,step_1_2_PS.pdb,5.O3,60,X,5,WA2,O3,WA2.O3,WA2.O3
TS1_2_to_PS1_2b,qmaps_pdb_resname,TS1.2,step_1_2_RS.pdb,5.H22,61,X,5,WA2,H22,WA2.H22,WA2.H22
TS1_2_to_PS1_2b,qmaps_pdb_resname,PS1.2b,step_1_2_PS.pdb,5.H22,61,X,5,WA2,H22,WA2.H22,WA2.H22
TS1_2_to_PS1_2b,qmaps_pdb_resname,TS1.2,step_1_2_RS.pdb,5.H23,62,X,5,WA2,H23,WA2.H23,WA2.H23
TS1_2_to_PS1_2b,qmaps_pdb_resname,PS1.2b,step_1_2_PS.pdb,5.H23,62,X,5,WA2,H23,WA2.H23,WA2.H23
TS1_2_to_PS1_2b,qmaps_pdb_resname,TS1.2,step_1_2_RS.pdb,1.N1,63,A,1,PAF,N1,PAF.N1,PAF.N1
TS1_2_to_PS1_2b,qmaps_pdb_resname,PS1.2b,step_1_2_PS.pdb,1.N1,63,A,1,PAF,N1,PAF.N1,PAF.N1
TS1_2_to_PS1_2b,qmaps_pdb_resname,TS1.2,step_1_2_RS.pdb,1.C6,64,A,1,PAF,C6,PAF.C6,PAF.C6
TS1_2_to_PS1_2b,qmaps_pdb_resname,PS1.2b,step_1_2_PS.pdb,1.C6,64,A,1,PAF,C6,PAF.C6,PAF.C6
TS1_2_to_PS1_2b,qmaps_pdb_resname,TS1.2,step_1_2_RS.pdb,1.O2,65,A,1,PAF,O2,PAF.O2,PAF.O2
TS1_2_to_PS1_2b,qmaps_pdb_resname,PS1.2b,step_1_2_PS.pdb,1.O2,65,A,1,PAF,O2,PAF.O2,PAF.O2
TS1_2_to_PS1_2b,qmaps_pdb_resname,TS1.2,step_1_2_RS.pdb,0.CH3,66,A,0,ACE,CH3,ACE.CH3,ACE.CH3
TS1_2_to_PS1_2b,qmaps_pdb_resname,PS1.2b,step_1_2_PS.pdb,0.CH3,66,A,0,ACE,CH3,ACE.CH3,ACE.CH3
TS1_2_to_PS1_2b,qmaps_pdb_resname,TS1.2,step_1_2_RS.pdb,0.C,67,A,0,ACE,C,ACE.C,ACE.C
TS1_2_to_PS1_2b,qmaps_pdb_resname,PS1.2b,step_1_2_PS.pdb,0.C,67,A,0,ACE,C,ACE.C,ACE.C
TS1_2_to_PS1_2b,qmaps_pdb_resname,TS1.2,step_1_2_RS.pdb,0.O,68,A,0,ACE,O,ACE.O,ACE.O
TS1_2_to_PS1_2b,qmaps_pdb_resname,PS1.2b,step_1_2_PS.pdb,0.O,68,A,0,ACE,O,ACE.O,ACE.O
TS1_2_to_PS1_2b,qmaps_pdb_resname,TS1.2,step_1_2_RS.pdb,0.HH31,69,A,0,ACE,HH31,ACE.HH31,ACE.HH31
TS1_2_to_PS1_2b,qmaps_pdb_resname,PS1.2b,step_1_2_PS.pdb,0.HH31,69,A,0,ACE,HH31,ACE.HH31,ACE.HH31
TS1_2_to_PS1_2b,qmaps_pdb_resname,TS1.2,step_1_2_RS.pdb,0.HH32,70,A,0,ACE,HH32,ACE.HH32,ACE.HH32
TS1_2_to_PS1_2b,qmaps_pdb_resname,PS1.2b,step_1_2_PS.pdb,0.HH32,70,A,0,ACE,HH32,ACE.HH32,ACE.HH32
TS1_2_to_PS1_2b,qmaps_pdb_resname,TS1.2,step_1_2_RS.pdb,0.HH33,71,A,0,ACE,HH33,ACE.HH33,ACE.HH33
TS1_2_to_PS1_2b,qmaps_pdb_resname,PS1.2b,step_1_2_PS.pdb,0.HH33,71,A,0,ACE,HH33,ACE.HH33,ACE.HH33
TS1_2_to_PS1_2b,qmaps_pdb_resname,TS1.2,step_1_2_RS.pdb,2.N,72,A,2,NME,N,NME.N,NME.N
TS1_2_to_PS1_2b,qmaps_pdb_resname,PS1.2b,step_1_2_PS.pdb,2.N,72,A,2,NME,N,NME.N,NME.N
TS1_2_to_PS1_2b,qmaps_pdb_resname,TS1.2,step_1_2_RS.pdb,2.CH3,73,A,2,NME,CH3,NME.CH3,NME.CH3
TS1_2_to_PS1_2b,qmaps_pdb_resname,PS1.2b,step_1_2_PS.pdb,2.CH3,73,A,2,NME,CH3,NME.CH3,NME.CH3
TS1_2_to_PS1_2b,qmaps_pdb_resname,TS1.2,step_1_2_RS.pdb,2.HH31,74,A,2,NME,HH31,NME.HH31,NME.HH31
TS1_2_to_PS1_2b,qmaps_pdb_resname,PS1.2b,step_1_2_PS.pdb,2.HH31,74,A,2,NME,HH31,NME.HH31,NME.HH31
TS1_2_to_PS1_2b,qmaps_pdb_resname,TS1.2,step_1_2_RS.pdb,2.HH32,75,A,2,NME,HH32,NME.HH32,NME.HH32
TS1_2_to_PS1_2b,qmaps_pdb_resname,PS1.2b,step_1_2_PS.pdb,2.HH32,75,A,2,NME,HH32,NME.HH32,NME.HH32
TS1_2_to_PS1_2b,qmaps_pdb_resname,TS1.2,step_1_2_RS.pdb,2.HH33,76,A,2,NME,HH33,NME.HH33,NME.HH33
TS1_2_to_PS1_2b,qmaps_pdb_resname,PS1.2b,step_1_2_PS.pdb,2.HH33,76,A,2,NME,HH33,NME.HH33,NME.HH33
TS1_2_to_PS1_2b,qmaps_state_alias,TS1.2,step_1_2_RS.pdb,1.N2,1,A,1,PAF,N2,PAF.N2,T12P.N2
TS1_2_to_PS1_2b,qmaps_state_alias,PS1.2b,step_1_2_PS.pdb,1.N2,1,A,1,PAF,N2,PAF.N2,P12P.N2
TS1_2_to_PS1_2b,qmaps_state_alias,TS1.2,step_1_2_RS.pdb,1.C9,2,A,1,PAF,C9,PAF.C9,T12P.C9
TS1_2_to_PS1_2b,qmaps_state_alias,PS1.2b,step_1_2_PS.pdb,1.C9,2,A,1,PAF,C9,PAF.C9,P12P.C9
TS1_2_to_PS1_2b,qmaps_state_alias,TS1.2,step_1_2_RS.pdb,1.C7,3,A,1,PAF,C7,PAF.C7,T12P.C7
TS1_2_to_PS1_2b,qmaps_state_alias,PS1.2b,step_1_2_PS.pdb,1.C7,3,A,1,PAF,C7,PAF.C7,P12P.C7
TS1_2_to_PS1_2b,qmaps_state_alias,TS1.2,step_1_2_RS.pdb,1.C4,4,A,1,PAF,C4,PAF.C4,T12P.C4
TS1_2_to_PS1_2b,qmaps_state_alias,PS1.2b,step_1_2_PS.pdb,1.C4,4,A,1,PAF,C4,PAF.C4,P12P.C4
TS1_2_to_PS1_2b,qmaps_state_alias,TS1.2,step_1_2_RS.pdb,1.C3,5,A,1,PAF,C3,PAF.C3,T12P.C3
TS1_2_to_PS1_2b,qmaps_state_alias,PS1.2b,step_1_2_PS.pdb,1.C3,5,A,1,PAF,C3,PAF.C3,P12P.C3
TS1_2_to_PS1_2b,qmaps_state_alias,TS1.2,step_1_2_RS.pdb,1.C5,6,A,1,PAF,C5,PAF.C5,T12P.C5
TS1_2_to_PS1_2b,qmaps_state_alias,PS1.2b,step_1_2_PS.pdb,1.C5,6,A,1,PAF,C5,PAF.C5,P12P.C5
TS1_2_to_PS1_2b,qmaps_state_alias,TS1.2,step_1_2_RS.pdb,1.C8,7,A,1,PAF,C8,PAF.C8,T12P.C8
TS1_2_to_PS1_2b,qmaps_state_alias,PS1.2b,step_1_2_PS.pdb,1.C8,7,A,1,PAF,C8,PAF.C8,P12P.C8
TS1_2_to_PS1_2b,qmaps_state_alias,TS1.2,step_1_2_RS.pdb,1.C1,8,A,1,PAF,C1,PAF.C1,T12P.C1
TS1_2_to_PS1_2b,qmaps_state_alias,PS1.2b,step_1_2_PS.pdb,1.C1,8,A,1,PAF,C1,PAF.C1,P12P.C1
TS1_2_to_PS1_2b,qmaps_state_alias,TS1.2,step_1_2_RS.pdb,1.C2,9,A,1,PAF,C2,PAF.C2,T12P.C2
TS1_2_to_PS1_2b,qmaps_state_alias,PS1.2b,step_1_2_PS.pdb,1.C2,9,A,1,PAF,C2,PAF.C2,P12P.C2
TS1_2_to_PS1_2b,qmaps_state_alias,TS1.2,step_1_2_RS.pdb,2.C10,10,B,2,ENL,C10,ENL.C10,T12E.C10
TS1_2_to_PS1_2b,qmaps_state_alias,PS1.2b,step_1_2_PS.pdb,2.C10,10,B,2,ENL,C10,ENL.C10,P12E.C10
TS1_2_to_PS1_2b,qmaps_state_alias,TS1.2,step_1_2_RS.pdb,2.C11,11,B,2,ENL,C11,ENL.C11,T12E.C11
TS1_2_to_PS1_2b,qmaps_state_alias,PS1.2b,step_1_2_PS.pdb,2.C11,11,B,2,ENL,C11,ENL.C11,P12E.C11
TS1_2_to_PS1_2b,qmaps_state_alias,TS1.2,step_1_2_RS.pdb,2.C12,12,B,2,ENL,C12,ENL.C12,T12E.C12
TS1_2_to_PS1_2b,qmaps_state_alias,PS1.2b,step_1_2_PS.pdb,2.C12,12,B,2,ENL,C12,ENL.C12,P12E.C12
TS1_2_to_PS1_2b,qmaps_state_alias,TS1.2,step_1_2_RS.pdb,2.C13,13,B,2,ENL,C13,ENL.C13,T12E.C13
TS1_2_to_PS1_2b,qmaps_state_alias,PS1.2b,step_1_2_PS.pdb,2.C13,13,B,2,ENL,C13,ENL.C13,P12E.C13
TS1_2_to_PS1_2b,qmaps_state_alias,TS1.2,step_1_2_RS.pdb,2.C14,14,B,2,ENL,C14,ENL.C14,T12E.C14
TS1_2_to_PS1_2b,qmaps_state_alias,PS1.2b,step_1_2_PS.pdb,2.C14,14,B,2,ENL,C14,ENL.C14,P12E.C14
TS1_2_to_PS1_2b,qmaps_state_alias,TS1.2,step_1_2_RS.pdb,2.C15,15,B,2,ENL,C15,ENL.C15,T12E.C15
TS1_2_to_PS1_2b,qmaps_state_alias,PS1.2b,step_1_2_PS.pdb,2.C15,15,B,2,ENL,C15,ENL.C15,P12E.C15
TS1_2_to_PS1_2b,qmaps_state_alias,TS1.2,step_1_2_RS.pdb,2.O1,16,B,2,ENL,O1,ENL.O1,T12E.O1
TS1_2_to_PS1_2b,qmaps_state_alias,PS1.2b,step_1_2_PS.pdb,2.O1,16,B,2,ENL,O1,ENL.O1,P12E.O1
TS1_2_to_PS1_2b,qmaps_state_alias,TS1.2,step_1_2_RS.pdb,4.O3,27,W,4,WAT,O3,WAT.O3,T12W.O3
TS1_2_to_PS1_2b,qmaps_state_alias,PS1.2b,step_1_2_PS.pdb,4.O3,27,W,4,WAT,O3,WAT.O3,P12W.O3
TS1_2_to_PS1_2b,qmaps_state_alias,TS1.2,step_1_2_RS.pdb,1.H4,28,A,1,PAF,H4,PAF.H4,T12P.H4
TS1_2_to_PS1_2b,qmaps_state_alias,PS1.2b,step_1_2_PS.pdb,1.H4,28,A,1,PAF,H4,PAF.H4,P12P.H4
TS1_2_to_PS1_2b,qmaps_state_alias,TS1.2,step_1_2_RS.pdb,1.H22,29,A,1,PAF,H22,PAF.H22,T12P.H22
TS1_2_to_PS1_2b,qmaps_state_alias,PS1.2b,step_1_2_PS.pdb,1.H22,29,A,1,PAF,H22,PAF.H22,P12P.H22
TS1_2_to_PS1_2b,qmaps_state_alias,TS1.2,step_1_2_RS.pdb,1.H11,30,A,1,PAF,H11,PAF.H11,T12P.H11
TS1_2_to_PS1_2b,qmaps_state_alias,PS1.2b,step_1_2_PS.pdb,1.H11,30,A,1,PAF,H11,PAF.H11,P12P.H11
TS1_2_to_PS1_2b,qmaps_state_alias,TS1.2,step_1_2_RS.pdb,1.H9,31,A,1,PAF,H9,PAF.H9,T12P.H9
TS1_2_to_PS1_2b,qmaps_state_alias,PS1.2b,step_1_2_PS.pdb,1.H9,31,A,1,PAF,H9,PAF.H9,P12P.H9
TS1_2_to_PS1_2b,qmaps_state_alias,TS1.2,step_1_2_RS.pdb,1.H10,32,A,1,PAF,H10,PAF.H10,T12P.H10
TS1_2_to_PS1_2b,qmaps_state_alias,PS1.2b,step_1_2_PS.pdb,1.H10,32,A,1,PAF,H10,PAF.H10,P12P.H10
TS1_2_to_PS1_2b,qmaps_state_alias,TS1.2,step_1_2_RS.pdb,1.H12,33,A,1,PAF,H12,PAF.H12,T12P.H12
TS1_2_to_PS1_2b,qmaps_state_alias,PS1.2b,step_1_2_PS.pdb,1.H12,33,A,1,PAF,H12,PAF.H12,P12P.H12
TS1_2_to_PS1_2b,qmaps_state_alias,TS1.2,step_1_2_RS.pdb,1.H6,34,A,1,PAF,H6,PAF.H6,T12P.H6
TS1_2_to_PS1_2b,qmaps_state_alias,PS1.2b,step_1_2_PS.pdb,1.H6,34,A,1,PAF,H6,PAF.H6,P12P.H6
TS1_2_to_PS1_2b,qmaps_state_alias,TS1.2,step_1_2_RS.pdb,1.H7,35,A,1,PAF,H7,PAF.H7,T12P.H7
TS1_2_to_PS1_2b,qmaps_state_alias,PS1.2b,step_1_2_PS.pdb,1.H7,35,A,1,PAF,H7,PAF.H7,P12P.H7
TS1_2_to_PS1_2b,qmaps_state_alias,TS1.2,step_1_2_RS.pdb,1.H8,36,A,1,PAF,H8,PAF.H8,T12P.H8
TS1_2_to_PS1_2b,qmaps_state_alias,PS1.2b,step_1_2_PS.pdb,1.H8,36,A,1,PAF,H8,PAF.H8,P12P.H8
TS1_2_to_PS1_2b,qmaps_state_alias,TS1.2,step_1_2_RS.pdb,1.H2,37,A,1,PAF,H2,PAF.H2,T12P.H2
TS1_2_to_PS1_2b,qmaps_state_alias,PS1.2b,step_1_2_PS.pdb,1.H2,37,A,1,PAF,H2,PAF.H2,P12P.H2
TS1_2_to_PS1_2b,qmaps_state_alias,TS1.2,step_1_2_RS.pdb,2.H,38,A,2,NME,H,NME.H,T12N.H
TS1_2_to_PS1_2b,qmaps_state_alias,PS1.2b,step_1_2_PS.pdb,2.H,38,A,2,NME,H,NME.H,P12N.H
TS1_2_to_PS1_2b,qmaps_state_alias,TS1.2,step_1_2_RS.pdb,2.H12,39,B,2,ENL,H12,ENL.H12,T12E.H12
TS1_2_to_PS1_2b,qmaps_state_alias,PS1.2b,step_1_2_PS.pdb,2.H12,39,B,2,ENL,H12,ENL.H12,P12E.H12
TS1_2_to_PS1_2b,qmaps_state_alias,TS1.2,step_1_2_RS.pdb,2.H13,40,B,2,ENL,H13,ENL.H13,T12E.H13
TS1_2_to_PS1_2b,qmaps_state_alias,PS1.2b,step_1_2_PS.pdb,2.H13,40,B,2,ENL,H13,ENL.H13,P12E.H13
TS1_2_to_PS1_2b,qmaps_state_alias,TS1.2,step_1_2_RS.pdb,2.H14,41,B,2,ENL,H14,ENL.H14,T12E.H14
TS1_2_to_PS1_2b,qmaps_state_alias,PS1.2b,step_1_2_PS.pdb,2.H14,41,B,2,ENL,H14,ENL.H14,P12E.H14
TS1_2_to_PS1_2b,qmaps_state_alias,TS1.2,step_1_2_RS.pdb,2.H15,42,B,2,ENL,H15,ENL.H15,T12E.H15
TS1_2_to_PS1_2b,qmaps_state_alias,PS1.2b,step_1_2_PS.pdb,2.H15,42,B,2,ENL,H15,ENL.H15,P12E.H15
TS1_2_to_PS1_2b,qmaps_state_alias,TS1.2,step_1_2_RS.pdb,2.H16,43,B,2,ENL,H16,ENL.H16,T12E.H16
TS1_2_to_PS1_2b,qmaps_state_alias,PS1.2b,step_1_2_PS.pdb,2.H16,43,B,2,ENL,H16,ENL.H16,P12E.H16
TS1_2_to_PS1_2b,qmaps_state_alias,TS1.2,step_1_2_RS.pdb,2.H17,44,B,2,ENL,H17,ENL.H17,T12E.H17
TS1_2_to_PS1_2b,qmaps_state_alias,PS1.2b,step_1_2_PS.pdb,2.H17,44,B,2,ENL,H17,ENL.H17,P12E.H17
TS1_2_to_PS1_2b,qmaps_state_alias,TS1.2,step_1_2_RS.pdb,2.H18,45,B,2,ENL,H18,ENL.H18,T12E.H18
TS1_2_to_PS1_2b,qmaps_state_alias,PS1.2b,step_1_2_PS.pdb,2.H18,45,B,2,ENL,H18,ENL.H18,P12E.H18
TS1_2_to_PS1_2b,qmaps_state_alias,TS1.2,step_1_2_RS.pdb,2.H19,46,B,2,ENL,H19,ENL.H19,T12E.H19
TS1_2_to_PS1_2b,qmaps_state_alias,PS1.2b,step_1_2_PS.pdb,2.H19,46,B,2,ENL,H19,ENL.H19,P12E.H19
TS1_2_to_PS1_2b,qmaps_state_alias,TS1.2,step_1_2_RS.pdb,2.H20,47,B,2,ENL,H20,ENL.H20,T12E.H20
TS1_2_to_PS1_2b,qmaps_state_alias,PS1.2b,step_1_2_PS.pdb,2.H20,47,B,2,ENL,H20,ENL.H20,P12E.H20
TS1_2_to_PS1_2b,qmaps_state_alias,TS1.2,step_1_2_RS.pdb,2.H21,48,B,2,ENL,H21,ENL.H21,T12E.H21
TS1_2_to_PS1_2b,qmaps_state_alias,PS1.2b,step_1_2_PS.pdb,2.H21,48,B,2,ENL,H21,ENL.H21,P12E.H21
TS1_2_to_PS1_2b,qmaps_state_alias,TS1.2,step_1_2_RS.pdb,4.H22,58,W,4,WAT,H22,WAT.H22,T12W.H22
TS1_2_to_PS1_2b,qmaps_state_alias,PS1.2b,step_1_2_PS.pdb,4.H22,58,W,4,WAT,H22,WAT.H22,P12W.H22
TS1_2_to_PS1_2b,qmaps_state_alias,TS1.2,step_1_2_RS.pdb,4.H23,59,W,4,WAT,H23,WAT.H23,T12W.H23
TS1_2_to_PS1_2b,qmaps_state_alias,PS1.2b,step_1_2_PS.pdb,4.H23,59,W,4,WAT,H23,WAT.H23,P12W.H23
TS1_2_to_PS1_2b,qmaps_state_alias,TS1.2,step_1_2_RS.pdb,5.O3,60,X,5,WA2,O3,WA2.O3,T122.O3
TS1_2_to_PS1_2b,qmaps_state_alias,PS1.2b,step_1_2_PS.pdb,5.O3,60,X,5,WA2,O3,WA2.O3,P122.O3
TS1_2_to_PS1_2b,qmaps_state_alias,TS1.2,step_1_2_RS.pdb,5.H22,61,X,5,WA2,H22,WA2.H22,T122.H22
TS1_2_to_PS1_2b,qmaps_state_alias,PS1.2b,step_1_2_PS.pdb,5.H22,61,X,5,WA2,H22,WA2.H22,P122.H22
TS1_2_to_PS1_2b,qmaps_state_alias,TS1.2,step_1_2_RS.pdb,5.H23,62,X,5,WA2,H23,WA2.H23,T122.H23
TS1_2_to_PS1_2b,qmaps_state_alias,PS1.2b,step_1_2_PS.pdb,5.H23,62,X,5,WA2,H23,WA2.H23,P122.H23
TS1_2_to_PS1_2b,qmaps_state_alias,TS1.2,step_1_2_RS.pdb,1.N1,63,A,1,PAF,N1,PAF.N1,T12P.N1
TS1_2_to_PS1_2b,qmaps_state_alias,PS1.2b,step_1_2_PS.pdb,1.N1,63,A,1,PAF,N1,PAF.N1,P12P.N1
TS1_2_to_PS1_2b,qmaps_state_alias,TS1.2,step_1_2_RS.pdb,1.C6,64,A,1,PAF,C6,PAF.C6,T12P.C6
TS1_2_to_PS1_2b,qmaps_state_alias,PS1.2b,step_1_2_PS.pdb,1.C6,64,A,1,PAF,C6,PAF.C6,P12P.C6
TS1_2_to_PS1_2b,qmaps_state_alias,TS1.2,step_1_2_RS.pdb,1.O2,65,A,1,PAF,O2,PAF.O2,T12P.O2
TS1_2_to_PS1_2b,qmaps_state_alias,PS1.2b,step_1_2_PS.pdb,1.O2,65,A,1,PAF,O2,PAF.O2,P12P.O2
TS1_2_to_PS1_2b,qmaps_state_alias,TS1.2,step_1_2_RS.pdb,0.CH3,66,A,0,ACE,CH3,ACE.CH3,T12A.CH3
TS1_2_to_PS1_2b,qmaps_state_alias,PS1.2b,step_1_2_PS.pdb,0.CH3,66,A,0,ACE,CH3,ACE.CH3,P12A.CH3
TS1_2_to_PS1_2b,qmaps_state_alias,TS1.2,step_1_2_RS.pdb,0.C,67,A,0,ACE,C,ACE.C,T12A.C
TS1_2_to_PS1_2b,qmaps_state_alias,PS1.2b,step_1_2_PS.pdb,0.C,67,A,0,ACE,C,ACE.C,P12A.C
TS1_2_to_PS1_2b,qmaps_state_alias,TS1.2,step_1_2_RS.pdb,0.O,68,A,0,ACE,O,ACE.O,T12A.O
TS1_2_to_PS1_2b,qmaps_state_alias,PS1.2b,step_1_2_PS.pdb,0.O,68,A,0,ACE,O,ACE.O,P12A.O
TS1_2_to_PS1_2b,qmaps_state_alias,TS1.2,step_1_2_RS.pdb,0.HH31,69,A,0,ACE,HH31,ACE.HH31,T12A.HH31
TS1_2_to_PS1_2b,qmaps_state_alias,PS1.2b,step_1_2_PS.pdb,0.HH31,69,A,0,ACE,HH31,ACE.HH31,P12A.HH31
TS1_2_to_PS1_2b,qmaps_state_alias,TS1.2,step_1_2_RS.pdb,0.HH32,70,A,0,ACE,HH32,ACE.HH32,T12A.HH32
TS1_2_to_PS1_2b,qmaps_state_alias,PS1.2b,step_1_2_PS.pdb,0.HH32,70,A,0,ACE,HH32,ACE.HH32,P12A.HH32
TS1_2_to_PS1_2b,qmaps_state_alias,TS1.2,step_1_2_RS.pdb,0.HH33,71,A,0,ACE,HH33,ACE.HH33,T12A.HH33
TS1_2_to_PS1_2b,qmaps_state_alias,PS1.2b,step_1_2_PS.pdb,0.HH33,71,A,0,ACE,HH33,ACE.HH33,P12A.HH33
TS1_2_to_PS1_2b,qmaps_state_alias,TS1.2,step_1_2_RS.pdb,2.N,72,A,2,NME,N,NME.N,T12N.N
TS1_2_to_PS1_2b,qmaps_state_alias,PS1.2b,step_1_2_PS.pdb,2.N,72,A,2,NME,N,NME.N,P12N.N
TS1_2_to_PS1_2b,qmaps_state_alias,TS1.2,step_1_2_RS.pdb,2.CH3,73,A,2,NME,CH3,NME.CH3,T12N.CH3
TS1_2_to_PS1_2b,qmaps_state_alias,PS1.2b,step_1_2_PS.pdb,2.CH3,73,A,2,NME,CH3,NME.CH3,P12N.CH3
TS1_2_to_PS1_2b,qmaps_state_alias,TS1.2,step_1_2_RS.pdb,2.HH31,74,A,2,NME,HH31,NME.HH31,T12N.HH31
TS1_2_to_PS1_2b,qmaps_state_alias,PS1.2b,step_1_2_PS.pdb,2.HH31,74,A,2,NME,HH31,NME.HH31,P12N.HH31
TS1_2_to_PS1_2b,qmaps_state_alias,TS1.2,step_1_2_RS.pdb,2.HH32,75,A,2,NME,HH32,NME.HH32,T12N.HH32
TS1_2_to_PS1_2b,qmaps_state_alias,PS1.2b,step_1_2_PS.pdb,2.HH32,75,A,2,NME,HH32,NME.HH32,P12N.HH32
TS1_2_to_PS1_2b,qmaps_state_alias,TS1.2,step_1_2_RS.pdb,2.HH33,76,A,2,NME,HH33,NME.HH33,T12N.HH33
TS1_2_to_PS1_2b,qmaps_state_alias,PS1.2b,step_1_2_PS.pdb,2.HH33,76,A,2,NME,HH33,NME.HH33,P12N.HH33
RS1_2b_to_PS1_3,qmaps_pdb_resname,RS1.2b,step_1_3_RS.pdb,1.N2,1,A,1,PAF,N2,PAF.N2,PAF.N2
RS1_2b_to_PS1_3,qmaps_pdb_resname,PS1.3,step_1_3_PS.pdb,1.N2,1,A,1,PAF,N2,PAF.N2,PAF.N2
RS1_2b_to_PS1_3,qmaps_pdb_resname,RS1.2b,step_1_3_RS.pdb,1.C9,2,A,1,PAF,C9,PAF.C9,PAF.C9
RS1_2b_to_PS1_3,qmaps_pdb_resname,PS1.3,step_1_3_PS.pdb,1.C9,2,A,1,PAF,C9,PAF.C9,PAF.C9
RS1_2b_to_PS1_3,qmaps_pdb_resname,RS1.2b,step_1_3_RS.pdb,1.C7,3,A,1,PAF,C7,PAF.C7,PAF.C7
RS1_2b_to_PS1_3,qmaps_pdb_resname,PS1.3,step_1_3_PS.pdb,1.C7,3,A,1,PAF,C7,PAF.C7,PAF.C7
RS1_2b_to_PS1_3,qmaps_pdb_resname,RS1.2b,step_1_3_RS.pdb,1.C4,4,A,1,PAF,C4,PAF.C4,PAF.C4
RS1_2b_to_PS1_3,qmaps_pdb_resname,PS1.3,step_1_3_PS.pdb,1.C4,4,A,1,PAF,C4,PAF.C4,PAF.C4
RS1_2b_to_PS1_3,qmaps_pdb_resname,RS1.2b,step_1_3_RS.pdb,1.C3,5,A,1,PAF,C3,PAF.C3,PAF.C3
RS1_2b_to_PS1_3,qmaps_pdb_resname,PS1.3,step_1_3_PS.pdb,1.C3,5,A,1,PAF,C3,PAF.C3,PAF.C3
RS1_2b_to_PS1_3,qmaps_pdb_resname,RS1.2b,step_1_3_RS.pdb,1.C5,6,A,1,PAF,C5,PAF.C5,PAF.C5
RS1_2b_to_PS1_3,qmaps_pdb_resname,PS1.3,step_1_3_PS.pdb,1.C5,6,A,1,PAF,C5,PAF.C5,PAF.C5
RS1_2b_to_PS1_3,qmaps_pdb_resname,RS1.2b,step_1_3_RS.pdb,1.C8,7,A,1,PAF,C8,PAF.C8,PAF.C8
RS1_2b_to_PS1_3,qmaps_pdb_resname,PS1.3,step_1_3_PS.pdb,1.C8,7,A,1,PAF,C8,PAF.C8,PAF.C8
RS1_2b_to_PS1_3,qmaps_pdb_resname,RS1.2b,step_1_3_RS.pdb,1.C1,8,A,1,PAF,C1,PAF.C1,PAF.C1
RS1_2b_to_PS1_3,qmaps_pdb_resname,PS1.3,step_1_3_PS.pdb,1.C1,8,A,1,PAF,C1,PAF.C1,PAF.C1
RS1_2b_to_PS1_3,qmaps_pdb_resname,RS1.2b,step_1_3_RS.pdb,1.C2,9,A,1,PAF,C2,PAF.C2,PAF.C2
RS1_2b_to_PS1_3,qmaps_pdb_resname,PS1.3,step_1_3_PS.pdb,1.C2,9,A,1,PAF,C2,PAF.C2,PAF.C2
RS1_2b_to_PS1_3,qmaps_pdb_resname,RS1.2b,step_1_3_RS.pdb,2.C10,10,B,2,ENL,C10,ENL.C10,ENL.C10
RS1_2b_to_PS1_3,qmaps_pdb_resname,PS1.3,step_1_3_PS.pdb,2.C10,10,B,2,ENL,C10,ENL.C10,ENL.C10
RS1_2b_to_PS1_3,qmaps_pdb_resname,RS1.2b,step_1_3_RS.pdb,2.C11,11,B,2,ENL,C11,ENL.C11,ENL.C11
RS1_2b_to_PS1_3,qmaps_pdb_resname,PS1.3,step_1_3_PS.pdb,2.C11,11,B,2,ENL,C11,ENL.C11,ENL.C11
RS1_2b_to_PS1_3,qmaps_pdb_resname,RS1.2b,step_1_3_RS.pdb,2.C12,12,B,2,ENL,C12,ENL.C12,ENL.C12
RS1_2b_to_PS1_3,qmaps_pdb_resname,PS1.3,step_1_3_PS.pdb,2.C12,12,B,2,ENL,C12,ENL.C12,ENL.C12
RS1_2b_to_PS1_3,qmaps_pdb_resname,RS1.2b,step_1_3_RS.pdb,2.C13,13,B,2,ENL,C13,ENL.C13,ENL.C13
RS1_2b_to_PS1_3,qmaps_pdb_resname,PS1.3,step_1_3_PS.pdb,2.C13,13,B,2,ENL,C13,ENL.C13,ENL.C13
RS1_2b_to_PS1_3,qmaps_pdb_resname,RS1.2b,step_1_3_RS.pdb,2.C14,14,B,2,ENL,C14,ENL.C14,ENL.C14
RS1_2b_to_PS1_3,qmaps_pdb_resname,PS1.3,step_1_3_PS.pdb,2.C14,14,B,2,ENL,C14,ENL.C14,ENL.C14
RS1_2b_to_PS1_3,qmaps_pdb_resname,RS1.2b,step_1_3_RS.pdb,2.C15,15,B,2,ENL,C15,ENL.C15,ENL.C15
RS1_2b_to_PS1_3,qmaps_pdb_resname,PS1.3,step_1_3_PS.pdb,2.C15,15,B,2,ENL,C15,ENL.C15,ENL.C15
RS1_2b_to_PS1_3,qmaps_pdb_resname,RS1.2b,step_1_3_RS.pdb,2.O1,16,B,2,ENL,O1,ENL.O1,ENL.O1
RS1_2b_to_PS1_3,qmaps_pdb_resname,PS1.3,step_1_3_PS.pdb,2.O1,16,B,2,ENL,O1,ENL.O1,ENL.O1
RS1_2b_to_PS1_3,qmaps_pdb_resname,RS1.2b,step_1_3_RS.pdb,4.O3,27,W,4,WAT,O3,WAT.O3,WAT.O3
RS1_2b_to_PS1_3,qmaps_pdb_resname,PS1.3,step_1_3_PS.pdb,4.O3,27,W,4,WAT,O3,WAT.O3,WAT.O3
RS1_2b_to_PS1_3,qmaps_pdb_resname,RS1.2b,step_1_3_RS.pdb,1.H4,28,A,1,PAF,H4,PAF.H4,PAF.H4
RS1_2b_to_PS1_3,qmaps_pdb_resname,PS1.3,step_1_3_PS.pdb,1.H4,28,A,1,PAF,H4,PAF.H4,PAF.H4
RS1_2b_to_PS1_3,qmaps_pdb_resname,RS1.2b,step_1_3_RS.pdb,1.H22,29,A,1,PAF,H22,PAF.H22,PAF.H22
RS1_2b_to_PS1_3,qmaps_pdb_resname,PS1.3,step_1_3_PS.pdb,1.H22,29,A,1,PAF,H22,PAF.H22,PAF.H22
RS1_2b_to_PS1_3,qmaps_pdb_resname,RS1.2b,step_1_3_RS.pdb,1.H11,30,A,1,PAF,H11,PAF.H11,PAF.H11
RS1_2b_to_PS1_3,qmaps_pdb_resname,PS1.3,step_1_3_PS.pdb,1.H11,30,A,1,PAF,H11,PAF.H11,PAF.H11
RS1_2b_to_PS1_3,qmaps_pdb_resname,RS1.2b,step_1_3_RS.pdb,1.H9,31,A,1,PAF,H9,PAF.H9,PAF.H9
RS1_2b_to_PS1_3,qmaps_pdb_resname,PS1.3,step_1_3_PS.pdb,1.H9,31,A,1,PAF,H9,PAF.H9,PAF.H9
RS1_2b_to_PS1_3,qmaps_pdb_resname,RS1.2b,step_1_3_RS.pdb,1.H10,32,A,1,PAF,H10,PAF.H10,PAF.H10
RS1_2b_to_PS1_3,qmaps_pdb_resname,PS1.3,step_1_3_PS.pdb,1.H10,32,A,1,PAF,H10,PAF.H10,PAF.H10
RS1_2b_to_PS1_3,qmaps_pdb_resname,RS1.2b,step_1_3_RS.pdb,1.H12,33,A,1,PAF,H12,PAF.H12,PAF.H12
RS1_2b_to_PS1_3,qmaps_pdb_resname,PS1.3,step_1_3_PS.pdb,1.H12,33,A,1,PAF,H12,PAF.H12,PAF.H12
RS1_2b_to_PS1_3,qmaps_pdb_resname,RS1.2b,step_1_3_RS.pdb,1.H6,34,A,1,PAF,H6,PAF.H6,PAF.H6
RS1_2b_to_PS1_3,qmaps_pdb_resname,PS1.3,step_1_3_PS.pdb,1.H6,34,A,1,PAF,H6,PAF.H6,PAF.H6
RS1_2b_to_PS1_3,qmaps_pdb_resname,RS1.2b,step_1_3_RS.pdb,1.H7,35,A,1,PAF,H7,PAF.H7,PAF.H7
RS1_2b_to_PS1_3,qmaps_pdb_resname,PS1.3,step_1_3_PS.pdb,1.H7,35,A,1,PAF,H7,PAF.H7,PAF.H7
RS1_2b_to_PS1_3,qmaps_pdb_resname,RS1.2b,step_1_3_RS.pdb,1.H8,36,A,1,PAF,H8,PAF.H8,PAF.H8
RS1_2b_to_PS1_3,qmaps_pdb_resname,PS1.3,step_1_3_PS.pdb,1.H8,36,A,1,PAF,H8,PAF.H8,PAF.H8
RS1_2b_to_PS1_3,qmaps_pdb_resname,RS1.2b,step_1_3_RS.pdb,1.H2,37,A,1,PAF,H2,PAF.H2,PAF.H2
RS1_2b_to_PS1_3,qmaps_pdb_resname,PS1.3,step_1_3_PS.pdb,1.H2,37,A,1,PAF,H2,PAF.H2,PAF.H2
RS1_2b_to_PS1_3,qmaps_pdb_resname,RS1.2b,step_1_3_RS.pdb,2.H,38,A,2,NME,H,NME.H,NME.H
RS1_2b_to_PS1_3,qmaps_pdb_resname,PS1.3,step_1_3_PS.pdb,2.H,38,A,2,NME,H,NME.H,NME.H
RS1_2b_to_PS1_3,qmaps_pdb_resname,RS1.2b,step_1_3_RS.pdb,2.H12,39,B,2,ENL,H12,ENL.H12,ENL.H12
RS1_2b_to_PS1_3,qmaps_pdb_resname,PS1.3,step_1_3_PS.pdb,2.H12,39,B,2,ENL,H12,ENL.H12,ENL.H12
RS1_2b_to_PS1_3,qmaps_pdb_resname,RS1.2b,step_1_3_RS.pdb,2.H13,40,B,2,ENL,H13,ENL.H13,ENL.H13
RS1_2b_to_PS1_3,qmaps_pdb_resname,PS1.3,step_1_3_PS.pdb,2.H13,40,B,2,ENL,H13,ENL.H13,ENL.H13
RS1_2b_to_PS1_3,qmaps_pdb_resname,RS1.2b,step_1_3_RS.pdb,2.H14,41,B,2,ENL,H14,ENL.H14,ENL.H14
RS1_2b_to_PS1_3,qmaps_pdb_resname,PS1.3,step_1_3_PS.pdb,2.H14,41,B,2,ENL,H14,ENL.H14,ENL.H14
RS1_2b_to_PS1_3,qmaps_pdb_resname,RS1.2b,step_1_3_RS.pdb,2.H15,42,B,2,ENL,H15,ENL.H15,ENL.H15
RS1_2b_to_PS1_3,qmaps_pdb_resname,PS1.3,step_1_3_PS.pdb,2.H15,42,B,2,ENL,H15,ENL.H15,ENL.H15
RS1_2b_to_PS1_3,qmaps_pdb_resname,RS1.2b,step_1_3_RS.pdb,2.H16,43,B,2,ENL,H16,ENL.H16,ENL.H16
RS1_2b_to_PS1_3,qmaps_pdb_resname,PS1.3,step_1_3_PS.pdb,2.H16,43,B,2,ENL,H16,ENL.H16,ENL.H16
RS1_2b_to_PS1_3,qmaps_pdb_resname,RS1.2b,step_1_3_RS.pdb,2.H17,44,B,2,ENL,H17,ENL.H17,ENL.H17
RS1_2b_to_PS1_3,qmaps_pdb_resname,PS1.3,step_1_3_PS.pdb,2.H17,44,B,2,ENL,H17,ENL.H17,ENL.H17
RS1_2b_to_PS1_3,qmaps_pdb_resname,RS1.2b,step_1_3_RS.pdb,2.H18,45,B,2,ENL,H18,ENL.H18,ENL.H18
RS1_2b_to_PS1_3,qmaps_pdb_resname,PS1.3,step_1_3_PS.pdb,2.H18,45,B,2,ENL,H18,ENL.H18,ENL.H18
RS1_2b_to_PS1_3,qmaps_pdb_resname,RS1.2b,step_1_3_RS.pdb,2.H19,46,B,2,ENL,H19,ENL.H19,ENL.H19
RS1_2b_to_PS1_3,qmaps_pdb_resname,PS1.3,step_1_3_PS.pdb,2.H19,46,B,2,ENL,H19,ENL.H19,ENL.H19
RS1_2b_to_PS1_3,qmaps_pdb_resname,RS1.2b,step_1_3_RS.pdb,2.H20,47,B,2,ENL,H20,ENL.H20,ENL.H20
RS1_2b_to_PS1_3,qmaps_pdb_resname,PS1.3,step_1_3_PS.pdb,2.H20,47,B,2,ENL,H20,ENL.H20,ENL.H20
RS1_2b_to_PS1_3,qmaps_pdb_resname,RS1.2b,step_1_3_RS.pdb,2.H21,48,B,2,ENL,H21,ENL.H21,ENL.H21
RS1_2b_to_PS1_3,qmaps_pdb_resname,PS1.3,step_1_3_PS.pdb,2.H21,48,B,2,ENL,H21,ENL.H21,ENL.H21
RS1_2b_to_PS1_3,qmaps_pdb_resname,RS1.2b,step_1_3_RS.pdb,4.H22,58,W,4,WAT,H22,WAT.H22,WAT.H22
RS1_2b_to_PS1_3,qmaps_pdb_resname,PS1.3,step_1_3_PS.pdb,4.H22,58,W,4,WAT,H22,WAT.H22,WAT.H22
RS1_2b_to_PS1_3,qmaps_pdb_resname,RS1.2b,step_1_3_RS.pdb,4.H23,59,W,4,WAT,H23,WAT.H23,WAT.H23
RS1_2b_to_PS1_3,qmaps_pdb_resname,PS1.3,step_1_3_PS.pdb,4.H23,59,W,4,WAT,H23,WAT.H23,WAT.H23
RS1_2b_to_PS1_3,qmaps_pdb_resname,RS1.2b,step_1_3_RS.pdb,5.O3,60,X,5,WA2,O3,WA2.O3,WA2.O3
RS1_2b_to_PS1_3,qmaps_pdb_resname,PS1.3,step_1_3_PS.pdb,5.O3,60,X,5,WA2,O3,WA2.O3,WA2.O3
RS1_2b_to_PS1_3,qmaps_pdb_resname,RS1.2b,step_1_3_RS.pdb,5.H22,61,X,5,WA2,H22,WA2.H22,WA2.H22
RS1_2b_to_PS1_3,qmaps_pdb_resname,PS1.3,step_1_3_PS.pdb,5.H22,61,X,5,WA2,H22,WA2.H22,WA2.H22
RS1_2b_to_PS1_3,qmaps_pdb_resname,RS1.2b,step_1_3_RS.pdb,5.H23,62,X,5,WA2,H23,WA2.H23,WA2.H23
RS1_2b_to_PS1_3,qmaps_pdb_resname,PS1.3,step_1_3_PS.pdb,5.H23,62,X,5,WA2,H23,WA2.H23,WA2.H23
RS1_2b_to_PS1_3,qmaps_pdb_resname,RS1.2b,step_1_3_RS.pdb,1.N1,63,A,1,PAF,N1,PAF.N1,PAF.N1
RS1_2b_to_PS1_3,qmaps_pdb_resname,PS1.3,step_1_3_PS.pdb,1.N1,63,A,1,PAF,N1,PAF.N1,PAF.N1
RS1_2b_to_PS1_3,qmaps_pdb_resname,RS1.2b,step_1_3_RS.pdb,1.C6,64,A,1,PAF,C6,PAF.C6,PAF.C6
RS1_2b_to_PS1_3,qmaps_pdb_resname,PS1.3,step_1_3_PS.pdb,1.C6,64,A,1,PAF,C6,PAF.C6,PAF.C6
RS1_2b_to_PS1_3,qmaps_pdb_resname,RS1.2b,step_1_3_RS.pdb,1.O2,65,A,1,PAF,O2,PAF.O2,PAF.O2
RS1_2b_to_PS1_3,qmaps_pdb_resname,PS1.3,step_1_3_PS.pdb,1.O2,65,A,1,PAF,O2,PAF.O2,PAF.O2
RS1_2b_to_PS1_3,qmaps_pdb_resname,RS1.2b,step_1_3_RS.pdb,0.CH3,66,A,0,ACE,CH3,ACE.CH3,ACE.CH3
RS1_2b_to_PS1_3,qmaps_pdb_resname,PS1.3,step_1_3_PS.pdb,0.CH3,66,A,0,ACE,CH3,ACE.CH3,ACE.CH3
RS1_2b_to_PS1_3,qmaps_pdb_resname,RS1.2b,step_1_3_RS.pdb,0.C,67,A,0,ACE,C,ACE.C,ACE.C
RS1_2b_to_PS1_3,qmaps_pdb_resname,PS1.3,step_1_3_PS.pdb,0.C,67,A,0,ACE,C,ACE.C,ACE.C
RS1_2b_to_PS1_3,qmaps_pdb_resname,RS1.2b,step_1_3_RS.pdb,0.O,68,A,0,ACE,O,ACE.O,ACE.O
RS1_2b_to_PS1_3,qmaps_pdb_resname,PS1.3,step_1_3_PS.pdb,0.O,68,A,0,ACE,O,ACE.O,ACE.O
RS1_2b_to_PS1_3,qmaps_pdb_resname,RS1.2b,step_1_3_RS.pdb,0.HH31,69,A,0,ACE,HH31,ACE.HH31,ACE.HH31
RS1_2b_to_PS1_3,qmaps_pdb_resname,PS1.3,step_1_3_PS.pdb,0.HH31,69,A,0,ACE,HH31,ACE.HH31,ACE.HH31
RS1_2b_to_PS1_3,qmaps_pdb_resname,RS1.2b,step_1_3_RS.pdb,0.HH32,70,A,0,ACE,HH32,ACE.HH32,ACE.HH32
RS1_2b_to_PS1_3,qmaps_pdb_resname,PS1.3,step_1_3_PS.pdb,0.HH32,70,A,0,ACE,HH32,ACE.HH32,ACE.HH32
RS1_2b_to_PS1_3,qmaps_pdb_resname,RS1.2b,step_1_3_RS.pdb,0.HH33,71,A,0,ACE,HH33,ACE.HH33,ACE.HH33
RS1_2b_to_PS1_3,qmaps_pdb_resname,PS1.3,step_1_3_PS.pdb,0.HH33,71,A,0,ACE,HH33,ACE.HH33,ACE.HH33
RS1_2b_to_PS1_3,qmaps_pdb_resname,RS1.2b,step_1_3_RS.pdb,2.N,72,A,2,NME,N,NME.N,NME.N
RS1_2b_to_PS1_3,qmaps_pdb_resname,PS1.3,step_1_3_PS.pdb,2.N,72,A,2,NME,N,NME.N,NME.N
RS1_2b_to_PS1_3,qmaps_pdb_resname,RS1.2b,step_1_3_RS.pdb,2.CH3,73,A,2,NME,CH3,NME.CH3,NME.CH3
RS1_2b_to_PS1_3,qmaps_pdb_resname,PS1.3,step_1_3_PS.pdb,2.CH3,73,A,2,NME,CH3,NME.CH3,NME.CH3
RS1_2b_to_PS1_3,qmaps_pdb_resname,RS1.2b,step_1_3_RS.pdb,2.HH31,74,A,2,NME,HH31,NME.HH31,NME.HH31
RS1_2b_to_PS1_3,qmaps_pdb_resname,PS1.3,step_1_3_PS.pdb,2.HH31,74,A,2,NME,HH31,NME.HH31,NME.HH31
RS1_2b_to_PS1_3,qmaps_pdb_resname,RS1.2b,step_1_3_RS.pdb,2.HH32,75,A,2,NME,HH32,NME.HH32,NME.HH32
RS1_2b_to_PS1_3,qmaps_pdb_resname,PS1.3,step_1_3_PS.pdb,2.HH32,75,A,2,NME,HH32,NME.HH32,NME.HH32
RS1_2b_to_PS1_3,qmaps_pdb_resname,RS1.2b,step_1_3_RS.pdb,2.HH33,76,A,2,NME,HH33,NME.HH33,NME.HH33
RS1_2b_to_PS1_3,qmaps_pdb_resname,PS1.3,step_1_3_PS.pdb,2.HH33,76,A,2,NME,HH33,NME.HH33,NME.HH33
RS1_2b_to_PS1_3,qmaps_state_alias,RS1.2b,step_1_3_RS.pdb,1.N2,1,A,1,PAF,N2,PAF.N2,P12P.N2
RS1_2b_to_PS1_3,qmaps_state_alias,PS1.3,step_1_3_PS.pdb,1.N2,1,A,1,PAF,N2,PAF.N2,P13P.N2
RS1_2b_to_PS1_3,qmaps_state_alias,RS1.2b,step_1_3_RS.pdb,1.C9,2,A,1,PAF,C9,PAF.C9,P12P.C9
RS1_2b_to_PS1_3,qmaps_state_alias,PS1.3,step_1_3_PS.pdb,1.C9,2,A,1,PAF,C9,PAF.C9,P13P.C9
RS1_2b_to_PS1_3,qmaps_state_alias,RS1.2b,step_1_3_RS.pdb,1.C7,3,A,1,PAF,C7,PAF.C7,P12P.C7
RS1_2b_to_PS1_3,qmaps_state_alias,PS1.3,step_1_3_PS.pdb,1.C7,3,A,1,PAF,C7,PAF.C7,P13P.C7
RS1_2b_to_PS1_3,qmaps_state_alias,RS1.2b,step_1_3_RS.pdb,1.C4,4,A,1,PAF,C4,PAF.C4,P12P.C4
RS1_2b_to_PS1_3,qmaps_state_alias,PS1.3,step_1_3_PS.pdb,1.C4,4,A,1,PAF,C4,PAF.C4,P13P.C4
RS1_2b_to_PS1_3,qmaps_state_alias,RS1.2b,step_1_3_RS.pdb,1.C3,5,A,1,PAF,C3,PAF.C3,P12P.C3
RS1_2b_to_PS1_3,qmaps_state_alias,PS1.3,step_1_3_PS.pdb,1.C3,5,A,1,PAF,C3,PAF.C3,P13P.C3
RS1_2b_to_PS1_3,qmaps_state_alias,RS1.2b,step_1_3_RS.pdb,1.C5,6,A,1,PAF,C5,PAF.C5,P12P.C5
RS1_2b_to_PS1_3,qmaps_state_alias,PS1.3,step_1_3_PS.pdb,1.C5,6,A,1,PAF,C5,PAF.C5,P13P.C5
RS1_2b_to_PS1_3,qmaps_state_alias,RS1.2b,step_1_3_RS.pdb,1.C8,7,A,1,PAF,C8,PAF.C8,P12P.C8
RS1_2b_to_PS1_3,qmaps_state_alias,PS1.3,step_1_3_PS.pdb,1.C8,7,A,1,PAF,C8,PAF.C8,P13P.C8
RS1_2b_to_PS1_3,qmaps_state_alias,RS1.2b,step_1_3_RS.pdb,1.C1,8,A,1,PAF,C1,PAF.C1,P12P.C1
RS1_2b_to_PS1_3,qmaps_state_alias,PS1.3,step_1_3_PS.pdb,1.C1,8,A,1,PAF,C1,PAF.C1,P13P.C1
RS1_2b_to_PS1_3,qmaps_state_alias,RS1.2b,step_1_3_RS.pdb,1.C2,9,A,1,PAF,C2,PAF.C2,P12P.C2
RS1_2b_to_PS1_3,qmaps_state_alias,PS1.3,step_1_3_PS.pdb,1.C2,9,A,1,PAF,C2,PAF.C2,P13P.C2
RS1_2b_to_PS1_3,qmaps_state_alias,RS1.2b,step_1_3_RS.pdb,2.C10,10,B,2,ENL,C10,ENL.C10,P12E.C10
RS1_2b_to_PS1_3,qmaps_state_alias,PS1.3,step_1_3_PS.pdb,2.C10,10,B,2,ENL,C10,ENL.C10,P13E.C10
RS1_2b_to_PS1_3,qmaps_state_alias,RS1.2b,step_1_3_RS.pdb,2.C11,11,B,2,ENL,C11,ENL.C11,P12E.C11
RS1_2b_to_PS1_3,qmaps_state_alias,PS1.3,step_1_3_PS.pdb,2.C11,11,B,2,ENL,C11,ENL.C11,P13E.C11
RS1_2b_to_PS1_3,qmaps_state_alias,RS1.2b,step_1_3_RS.pdb,2.C12,12,B,2,ENL,C12,ENL.C12,P12E.C12
RS1_2b_to_PS1_3,qmaps_state_alias,PS1.3,step_1_3_PS.pdb,2.C12,12,B,2,ENL,C12,ENL.C12,P13E.C12
RS1_2b_to_PS1_3,qmaps_state_alias,RS1.2b,step_1_3_RS.pdb,2.C13,13,B,2,ENL,C13,ENL.C13,P12E.C13
RS1_2b_to_PS1_3,qmaps_state_alias,PS1.3,step_1_3_PS.pdb,2.C13,13,B,2,ENL,C13,ENL.C13,P13E.C13
RS1_2b_to_PS1_3,qmaps_state_alias,RS1.2b,step_1_3_RS.pdb,2.C14,14,B,2,ENL,C14,ENL.C14,P12E.C14
RS1_2b_to_PS1_3,qmaps_state_alias,PS1.3,step_1_3_PS.pdb,2.C14,14,B,2,ENL,C14,ENL.C14,P13E.C14
RS1_2b_to_PS1_3,qmaps_state_alias,RS1.2b,step_1_3_RS.pdb,2.C15,15,B,2,ENL,C15,ENL.C15,P12E.C15
RS1_2b_to_PS1_3,qmaps_state_alias,PS1.3,step_1_3_PS.pdb,2.C15,15,B,2,ENL,C15,ENL.C15,P13E.C15
RS1_2b_to_PS1_3,qmaps_state_alias,RS1.2b,step_1_3_RS.pdb,2.O1,16,B,2,ENL,O1,ENL.O1,P12E.O1
RS1_2b_to_PS1_3,qmaps_state_alias,PS1.3,step_1_3_PS.pdb,2.O1,16,B,2,ENL,O1,ENL.O1,P13E.O1
RS1_2b_to_PS1_3,qmaps_state_alias,RS1.2b,step_1_3_RS.pdb,4.O3,27,W,4,WAT,O3,WAT.O3,P12W.O3
RS1_2b_to_PS1_3,qmaps_state_alias,PS1.3,step_1_3_PS.pdb,4.O3,27,W,4,WAT,O3,WAT.O3,P13W.O3
RS1_2b_to_PS1_3,qmaps_state_alias,RS1.2b,step_1_3_RS.pdb,1.H4,28,A,1,PAF,H4,PAF.H4,P12P.H4
RS1_2b_to_PS1_3,qmaps_state_alias,PS1.3,step_1_3_PS.pdb,1.H4,28,A,1,PAF,H4,PAF.H4,P13P.H4
RS1_2b_to_PS1_3,qmaps_state_alias,RS1.2b,step_1_3_RS.pdb,1.H22,29,A,1,PAF,H22,PAF.H22,P12P.H22
RS1_2b_to_PS1_3,qmaps_state_alias,PS1.3,step_1_3_PS.pdb,1.H22,29,A,1,PAF,H22,PAF.H22,P13P.H22
RS1_2b_to_PS1_3,qmaps_state_alias,RS1.2b,step_1_3_RS.pdb,1.H11,30,A,1,PAF,H11,PAF.H11,P12P.H11
RS1_2b_to_PS1_3,qmaps_state_alias,PS1.3,step_1_3_PS.pdb,1.H11,30,A,1,PAF,H11,PAF.H11,P13P.H11
RS1_2b_to_PS1_3,qmaps_state_alias,RS1.2b,step_1_3_RS.pdb,1.H9,31,A,1,PAF,H9,PAF.H9,P12P.H9
RS1_2b_to_PS1_3,qmaps_state_alias,PS1.3,step_1_3_PS.pdb,1.H9,31,A,1,PAF,H9,PAF.H9,P13P.H9
RS1_2b_to_PS1_3,qmaps_state_alias,RS1.2b,step_1_3_RS.pdb,1.H10,32,A,1,PAF,H10,PAF.H10,P12P.H10
RS1_2b_to_PS1_3,qmaps_state_alias,PS1.3,step_1_3_PS.pdb,1.H10,32,A,1,PAF,H10,PAF.H10,P13P.H10
RS1_2b_to_PS1_3,qmaps_state_alias,RS1.2b,step_1_3_RS.pdb,1.H12,33,A,1,PAF,H12,PAF.H12,P12P.H12
RS1_2b_to_PS1_3,qmaps_state_alias,PS1.3,step_1_3_PS.pdb,1.H12,33,A,1,PAF,H12,PAF.H12,P13P.H12
RS1_2b_to_PS1_3,qmaps_state_alias,RS1.2b,step_1_3_RS.pdb,1.H6,34,A,1,PAF,H6,PAF.H6,P12P.H6
RS1_2b_to_PS1_3,qmaps_state_alias,PS1.3,step_1_3_PS.pdb,1.H6,34,A,1,PAF,H6,PAF.H6,P13P.H6
RS1_2b_to_PS1_3,qmaps_state_alias,RS1.2b,step_1_3_RS.pdb,1.H7,35,A,1,PAF,H7,PAF.H7,P12P.H7
RS1_2b_to_PS1_3,qmaps_state_alias,PS1.3,step_1_3_PS.pdb,1.H7,35,A,1,PAF,H7,PAF.H7,P13P.H7
RS1_2b_to_PS1_3,qmaps_state_alias,RS1.2b,step_1_3_RS.pdb,1.H8,36,A,1,PAF,H8,PAF.H8,P12P.H8
RS1_2b_to_PS1_3,qmaps_state_alias,PS1.3,step_1_3_PS.pdb,1.H8,36,A,1,PAF,H8,PAF.H8,P13P.H8
RS1_2b_to_PS1_3,qmaps_state_alias,RS1.2b,step_1_3_RS.pdb,1.H2,37,A,1,PAF,H2,PAF.H2,P12P.H2
RS1_2b_to_PS1_3,qmaps_state_alias,PS1.3,step_1_3_PS.pdb,1.H2,37,A,1,PAF,H2,PAF.H2,P13P.H2
RS1_2b_to_PS1_3,qmaps_state_alias,RS1.2b,step_1_3_RS.pdb,2.H,38,A,2,NME,H,NME.H,P12N.H
RS1_2b_to_PS1_3,qmaps_state_alias,PS1.3,step_1_3_PS.pdb,2.H,38,A,2,NME,H,NME.H,P13N.H
RS1_2b_to_PS1_3,qmaps_state_alias,RS1.2b,step_1_3_RS.pdb,2.H12,39,B,2,ENL,H12,ENL.H12,P12E.H12
RS1_2b_to_PS1_3,qmaps_state_alias,PS1.3,step_1_3_PS.pdb,2.H12,39,B,2,ENL,H12,ENL.H12,P13E.H12
RS1_2b_to_PS1_3,qmaps_state_alias,RS1.2b,step_1_3_RS.pdb,2.H13,40,B,2,ENL,H13,ENL.H13,P12E.H13
RS1_2b_to_PS1_3,qmaps_state_alias,PS1.3,step_1_3_PS.pdb,2.H13,40,B,2,ENL,H13,ENL.H13,P13E.H13
RS1_2b_to_PS1_3,qmaps_state_alias,RS1.2b,step_1_3_RS.pdb,2.H14,41,B,2,ENL,H14,ENL.H14,P12E.H14
RS1_2b_to_PS1_3,qmaps_state_alias,PS1.3,step_1_3_PS.pdb,2.H14,41,B,2,ENL,H14,ENL.H14,P13E.H14
RS1_2b_to_PS1_3,qmaps_state_alias,RS1.2b,step_1_3_RS.pdb,2.H15,42,B,2,ENL,H15,ENL.H15,P12E.H15
RS1_2b_to_PS1_3,qmaps_state_alias,PS1.3,step_1_3_PS.pdb,2.H15,42,B,2,ENL,H15,ENL.H15,P13E.H15
RS1_2b_to_PS1_3,qmaps_state_alias,RS1.2b,step_1_3_RS.pdb,2.H16,43,B,2,ENL,H16,ENL.H16,P12E.H16
RS1_2b_to_PS1_3,qmaps_state_alias,PS1.3,step_1_3_PS.pdb,2.H16,43,B,2,ENL,H16,ENL.H16,P13E.H16
RS1_2b_to_PS1_3,qmaps_state_alias,RS1.2b,step_1_3_RS.pdb,2.H17,44,B,2,ENL,H17,ENL.H17,P12E.H17
RS1_2b_to_PS1_3,qmaps_state_alias,PS1.3,step_1_3_PS.pdb,2.H17,44,B,2,ENL,H17,ENL.H17,P13E.H17
RS1_2b_to_PS1_3,qmaps_state_alias,RS1.2b,step_1_3_RS.pdb,2.H18,45,B,2,ENL,H18,ENL.H18,P12E.H18
RS1_2b_to_PS1_3,qmaps_state_alias,PS1.3,step_1_3_PS.pdb,2.H18,45,B,2,ENL,H18,ENL.H18,P13E.H18
RS1_2b_to_PS1_3,qmaps_state_alias,RS1.2b,step_1_3_RS.pdb,2.H19,46,B,2,ENL,H19,ENL.H19,P12E.H19
RS1_2b_to_PS1_3,qmaps_state_alias,PS1.3,step_1_3_PS.pdb,2.H19,46,B,2,ENL,H19,ENL.H19,P13E.H19
RS1_2b_to_PS1_3,qmaps_state_alias,RS1.2b,step_1_3_RS.pdb,2.H20,47,B,2,ENL,H20,ENL.H20,P12E.H20
RS1_2b_to_PS1_3,qmaps_state_alias,PS1.3,step_1_3_PS.pdb,2.H20,47,B,2,ENL,H20,ENL.H20,P13E.H20
RS1_2b_to_PS1_3,qmaps_state_alias,RS1.2b,step_1_3_RS.pdb,2.H21,48,B,2,ENL,H21,ENL.H21,P12E.H21
RS1_2b_to_PS1_3,qmaps_state_alias,PS1.3,step_1_3_PS.pdb,2.H21,48,B,2,ENL,H21,ENL.H21,P13E.H21
RS1_2b_to_PS1_3,qmaps_state_alias,RS1.2b,step_1_3_RS.pdb,4.H22,58,W,4,WAT,H22,WAT.H22,P12W.H22
RS1_2b_to_PS1_3,qmaps_state_alias,PS1.3,step_1_3_PS.pdb,4.H22,58,W,4,WAT,H22,WAT.H22,P13W.H22
RS1_2b_to_PS1_3,qmaps_state_alias,RS1.2b,step_1_3_RS.pdb,4.H23,59,W,4,WAT,H23,WAT.H23,P12W.H23
RS1_2b_to_PS1_3,qmaps_state_alias,PS1.3,step_1_3_PS.pdb,4.H23,59,W,4,WAT,H23,WAT.H23,P13W.H23
RS1_2b_to_PS1_3,qmaps_state_alias,RS1.2b,step_1_3_RS.pdb,5.O3,60,X,5,WA2,O3,WA2.O3,P122.O3
RS1_2b_to_PS1_3,qmaps_state_alias,PS1.3,step_1_3_PS.pdb,5.O3,60,X,5,WA2,O3,WA2.O3,P132.O3
RS1_2b_to_PS1_3,qmaps_state_alias,RS1.2b,step_1_3_RS.pdb,5.H22,61,X,5,WA2,H22,WA2.H22,P122.H22
RS1_2b_to_PS1_3,qmaps_state_alias,PS1.3,step_1_3_PS.pdb,5.H22,61,X,5,WA2,H22,WA2.H22,P132.H22
RS1_2b_to_PS1_3,qmaps_state_alias,RS1.2b,step_1_3_RS.pdb,5.H23,62,X,5,WA2,H23,WA2.H23,P122.H23
RS1_2b_to_PS1_3,qmaps_state_alias,PS1.3,step_1_3_PS.pdb,5.H23,62,X,5,WA2,H23,WA2.H23,P132.H23
RS1_2b_to_PS1_3,qmaps_state_alias,RS1.2b,step_1_3_RS.pdb,1.N1,63,A,1,PAF,N1,PAF.N1,P12P.N1
RS1_2b_to_PS1_3,qmaps_state_alias,PS1.3,step_1_3_PS.pdb,1.N1,63,A,1,PAF,N1,PAF.N1,P13P.N1
RS1_2b_to_PS1_3,qmaps_state_alias,RS1.2b,step_1_3_RS.pdb,1.C6,64,A,1,PAF,C6,PAF.C6,P12P.C6
RS1_2b_to_PS1_3,qmaps_state_alias,PS1.3,step_1_3_PS.pdb,1.C6,64,A,1,PAF,C6,PAF.C6,P13P.C6
RS1_2b_to_PS1_3,qmaps_state_alias,RS1.2b,step_1_3_RS.pdb,1.O2,65,A,1,PAF,O2,PAF.O2,P12P.O2
RS1_2b_to_PS1_3,qmaps_state_alias,PS1.3,step_1_3_PS.pdb,1.O2,65,A,1,PAF,O2,PAF.O2,P13P.O2
RS1_2b_to_PS1_3,qmaps_state_alias,RS1.2b,step_1_3_RS.pdb,0.CH3,66,A,0,ACE,CH3,ACE.CH3,P12A.CH3
RS1_2b_to_PS1_3,qmaps_state_alias,PS1.3,step_1_3_PS.pdb,0.CH3,66,A,0,ACE,CH3,ACE.CH3,P13A.CH3
RS1_2b_to_PS1_3,qmaps_state_alias,RS1.2b,step_1_3_RS.pdb,0.C,67,A,0,ACE,C,ACE.C,P12A.C
RS1_2b_to_PS1_3,qmaps_state_alias,PS1.3,step_1_3_PS.pdb,0.C,67,A,0,ACE,C,ACE.C,P13A.C
RS1_2b_to_PS1_3,qmaps_state_alias,RS1.2b,step_1_3_RS.pdb,0.O,68,A,0,ACE,O,ACE.O,P12A.O
RS1_2b_to_PS1_3,qmaps_state_alias,PS1.3,step_1_3_PS.pdb,0.O,68,A,0,ACE,O,ACE.O,P13A.O
RS1_2b_to_PS1_3,qmaps_state_alias,RS1.2b,step_1_3_RS.pdb,0.HH31,69,A,0,ACE,HH31,ACE.HH31,P12A.HH31
RS1_2b_to_PS1_3,qmaps_state_alias,PS1.3,step_1_3_PS.pdb,0.HH31,69,A,0,ACE,HH31,ACE.HH31,P13A.HH31
RS1_2b_to_PS1_3,qmaps_state_alias,RS1.2b,step_1_3_RS.pdb,0.HH32,70,A,0,ACE,HH32,ACE.HH32,P12A.HH32
RS1_2b_to_PS1_3,qmaps_state_alias,PS1.3,step_1_3_PS.pdb,0.HH32,70,A,0,ACE,HH32,ACE.HH32,P13A.HH32
RS1_2b_to_PS1_3,qmaps_state_alias,RS1.2b,step_1_3_RS.pdb,0.HH33,71,A,0,ACE,HH33,ACE.HH33,P12A.HH33
RS1_2b_to_PS1_3,qmaps_state_alias,PS1.3,step_1_3_PS.pdb,0.HH33,71,A,0,ACE,HH33,ACE.HH33,P13A.HH33
RS1_2b_to_PS1_3,qmaps_state_alias,RS1.2b,step_1_3_RS.pdb,2.N,72,A,2,NME,N,NME.N,P12N.N
RS1_2b_to_PS1_3,qmaps_state_alias,PS1.3,step_1_3_PS.pdb,2.N,72,A,2,NME,N,NME.N,P13N.N
RS1_2b_to_PS1_3,qmaps_state_alias,RS1.2b,step_1_3_RS.pdb,2.CH3,73,A,2,NME,CH3,NME.CH3,P12N.CH3
RS1_2b_to_PS1_3,qmaps_state_alias,PS1.3,step_1_3_PS.pdb,2.CH3,73,A,2,NME,CH3,NME.CH3,P13N.CH3
RS1_2b_to_PS1_3,qmaps_state_alias,RS1.2b,step_1_3_RS.pdb,2.HH31,74,A,2,NME,HH31,NME.HH31,P12N.HH31
RS1_2b_to_PS1_3,qmaps_state_alias,PS1.3,step_1_3_PS.pdb,2.HH31,74,A,2,NME,HH31,NME.HH31,P13N.HH31
RS1_2b_to_PS1_3,qmaps_state_alias,RS1.2b,step_1_3_RS.pdb,2.HH32,75,A,2,NME,HH32,NME.HH32,P12N.HH32
RS1_2b_to_PS1_3,qmaps_state_alias,PS1.3,step_1_3_PS.pdb,2.HH32,75,A,2,NME,HH32,NME.HH32,P13N.HH32
RS1_2b_to_PS1_3,qmaps_state_alias,RS1.2b,step_1_3_RS.pdb,2.HH33,76,A,2,NME,HH33,NME.HH33,P12N.HH33
RS1_2b_to_PS1_3,qmaps_state_alias,PS1.3,step_1_3_PS.pdb,2.HH33,76,A,2,NME,HH33,NME.HH33,P13N.HH33
RS2_1_to_TS2_1a,qmaps_pdb_resname,RS2.1,step_2_1_RS.pdb,1.N2,1,A,1,PAF,N2,PAF.N2,PAF.N2
RS2_1_to_TS2_1a,qmaps_pdb_resname,TS2.1a,step_2_1_PS.pdb,1.N2,1,A,1,PAF,N2,PAF.N2,PAF.N2
RS2_1_to_TS2_1a,qmaps_pdb_resname,RS2.1,step_2_1_RS.pdb,1.C9,2,A,1,PAF,C9,PAF.C9,PAF.C9
RS2_1_to_TS2_1a,qmaps_pdb_resname,TS2.1a,step_2_1_PS.pdb,1.C9,2,A,1,PAF,C9,PAF.C9,PAF.C9
RS2_1_to_TS2_1a,qmaps_pdb_resname,RS2.1,step_2_1_RS.pdb,1.C7,3,A,1,PAF,C7,PAF.C7,PAF.C7
RS2_1_to_TS2_1a,qmaps_pdb_resname,TS2.1a,step_2_1_PS.pdb,1.C7,3,A,1,PAF,C7,PAF.C7,PAF.C7
RS2_1_to_TS2_1a,qmaps_pdb_resname,RS2.1,step_2_1_RS.pdb,1.C4,4,A,1,PAF,C4,PAF.C4,PAF.C4
RS2_1_to_TS2_1a,qmaps_pdb_resname,TS2.1a,step_2_1_PS.pdb,1.C4,4,A,1,PAF,C4,PAF.C4,PAF.C4
RS2_1_to_TS2_1a,qmaps_pdb_resname,RS2.1,step_2_1_RS.pdb,1.C3,5,A,1,PAF,C3,PAF.C3,PAF.C3
RS2_1_to_TS2_1a,qmaps_pdb_resname,TS2.1a,step_2_1_PS.pdb,1.C3,5,A,1,PAF,C3,PAF.C3,PAF.C3
RS2_1_to_TS2_1a,qmaps_pdb_resname,RS2.1,step_2_1_RS.pdb,1.C5,6,A,1,PAF,C5,PAF.C5,PAF.C5
RS2_1_to_TS2_1a,qmaps_pdb_resname,TS2.1a,step_2_1_PS.pdb,1.C5,6,A,1,PAF,C5,PAF.C5,PAF.C5
RS2_1_to_TS2_1a,qmaps_pdb_resname,RS2.1,step_2_1_RS.pdb,1.C8,7,A,1,PAF,C8,PAF.C8,PAF.C8
RS2_1_to_TS2_1a,qmaps_pdb_resname,TS2.1a,step_2_1_PS.pdb,1.C8,7,A,1,PAF,C8,PAF.C8,PAF.C8
RS2_1_to_TS2_1a,qmaps_pdb_resname,RS2.1,step_2_1_RS.pdb,1.C1,8,A,1,PAF,C1,PAF.C1,PAF.C1
RS2_1_to_TS2_1a,qmaps_pdb_resname,TS2.1a,step_2_1_PS.pdb,1.C1,8,A,1,PAF,C1,PAF.C1,PAF.C1
RS2_1_to_TS2_1a,qmaps_pdb_resname,RS2.1,step_2_1_RS.pdb,1.C2,9,A,1,PAF,C2,PAF.C2,PAF.C2
RS2_1_to_TS2_1a,qmaps_pdb_resname,TS2.1a,step_2_1_PS.pdb,1.C2,9,A,1,PAF,C2,PAF.C2,PAF.C2
RS2_1_to_TS2_1a,qmaps_pdb_resname,RS2.1,step_2_1_RS.pdb,2.C10,10,B,2,ENL,C10,ENL.C10,ENL.C10
RS2_1_to_TS2_1a,qmaps_pdb_resname,TS2.1a,step_2_1_PS.pdb,2.C10,10,B,2,ENL,C10,ENL.C10,ENL.C10
RS2_1_to_TS2_1a,qmaps_pdb_resname,RS2.1,step_2_1_RS.pdb,2.C11,11,B,2,ENL,C11,ENL.C11,ENL.C11
RS2_1_to_TS2_1a,qmaps_pdb_resname,TS2.1a,step_2_1_PS.pdb,2.C11,11,B,2,ENL,C11,ENL.C11,ENL.C11
RS2_1_to_TS2_1a,qmaps_pdb_resname,RS2.1,step_2_1_RS.pdb,2.C12,12,B,2,ENL,C12,ENL.C12,ENL.C12
RS2_1_to_TS2_1a,qmaps_pdb_resname,TS2.1a,step_2_1_PS.pdb,2.C12,12,B,2,ENL,C12,ENL.C12,ENL.C12
RS2_1_to_TS2_1a,qmaps_pdb_resname,RS2.1,step_2_1_RS.pdb,2.C13,13,B,2,ENL,C13,ENL.C13,ENL.C13
RS2_1_to_TS2_1a,qmaps_pdb_resname,TS2.1a,step_2_1_PS.pdb,2.C13,13,B,2,ENL,C13,ENL.C13,ENL.C13
RS2_1_to_TS2_1a,qmaps_pdb_resname,RS2.1,step_2_1_RS.pdb,2.C14,14,B,2,ENL,C14,ENL.C14,ENL.C14
RS2_1_to_TS2_1a,qmaps_pdb_resname,TS2.1a,step_2_1_PS.pdb,2.C14,14,B,2,ENL,C14,ENL.C14,ENL.C14
RS2_1_to_TS2_1a,qmaps_pdb_resname,RS2.1,step_2_1_RS.pdb,2.C15,15,B,2,ENL,C15,ENL.C15,ENL.C15
RS2_1_to_TS2_1a,qmaps_pdb_resname,TS2.1a,step_2_1_PS.pdb,2.C15,15,B,2,ENL,C15,ENL.C15,ENL.C15
RS2_1_to_TS2_1a,qmaps_pdb_resname,RS2.1,step_2_1_RS.pdb,2.O1,16,B,2,ENL,O1,ENL.O1,ENL.O1
RS2_1_to_TS2_1a,qmaps_pdb_resname,TS2.1a,step_2_1_PS.pdb,2.O1,16,B,2,ENL,O1,ENL.O1,ENL.O1
RS2_1_to_TS2_1a,qmaps_pdb_resname,RS2.1,step_2_1_RS.pdb,3.N1,17,C,3,IND,N1,IND.N1,IND.N1
RS2_1_to_TS2_1a,qmaps_pdb_resname,TS2.1a,step_2_1_PS.pdb,3.N1,17,C,3,IND,N1,IND.N1,IND.N1
RS2_1_to_TS2_1a,qmaps_pdb_resname,RS2.1,step_2_1_RS.pdb,3.C1,18,C,3,IND,C1,IND.C1,IND.C1
RS2_1_to_TS2_1a,qmaps_pdb_resname,TS2.1a,step_2_1_PS.pdb,3.C1,18,C,3,IND,C1,IND.C1,IND.C1
RS2_1_to_TS2_1a,qmaps_pdb_resname,RS2.1,step_2_1_RS.pdb,3.C2,19,C,3,IND,C2,IND.C2,IND.C2
RS2_1_to_TS2_1a,qmaps_pdb_resname,TS2.1a,step_2_1_PS.pdb,3.C2,19,C,3,IND,C2,IND.C2,IND.C2
RS2_1_to_TS2_1a,qmaps_pdb_resname,RS2.1,step_2_1_RS.pdb,3.C3,20,C,3,IND,C3,IND.C3,IND.C3
RS2_1_to_TS2_1a,qmaps_pdb_resname,TS2.1a,step_2_1_PS.pdb,3.C3,20,C,3,IND,C3,IND.C3,IND.C3
RS2_1_to_TS2_1a,qmaps_pdb_resname,RS2.1,step_2_1_RS.pdb,3.C4,21,C,3,IND,C4,IND.C4,IND.C4
RS2_1_to_TS2_1a,qmaps_pdb_resname,TS2.1a,step_2_1_PS.pdb,3.C4,21,C,3,IND,C4,IND.C4,IND.C4
RS2_1_to_TS2_1a,qmaps_pdb_resname,RS2.1,step_2_1_RS.pdb,3.C5,22,C,3,IND,C5,IND.C5,IND.C5
RS2_1_to_TS2_1a,qmaps_pdb_resname,TS2.1a,step_2_1_PS.pdb,3.C5,22,C,3,IND,C5,IND.C5,IND.C5
RS2_1_to_TS2_1a,qmaps_pdb_resname,RS2.1,step_2_1_RS.pdb,3.C6,23,C,3,IND,C6,IND.C6,IND.C6
RS2_1_to_TS2_1a,qmaps_pdb_resname,TS2.1a,step_2_1_PS.pdb,3.C6,23,C,3,IND,C6,IND.C6,IND.C6
RS2_1_to_TS2_1a,qmaps_pdb_resname,RS2.1,step_2_1_RS.pdb,3.C7,24,C,3,IND,C7,IND.C7,IND.C7
RS2_1_to_TS2_1a,qmaps_pdb_resname,TS2.1a,step_2_1_PS.pdb,3.C7,24,C,3,IND,C7,IND.C7,IND.C7
RS2_1_to_TS2_1a,qmaps_pdb_resname,RS2.1,step_2_1_RS.pdb,3.C8,25,C,3,IND,C8,IND.C8,IND.C8
RS2_1_to_TS2_1a,qmaps_pdb_resname,TS2.1a,step_2_1_PS.pdb,3.C8,25,C,3,IND,C8,IND.C8,IND.C8
RS2_1_to_TS2_1a,qmaps_pdb_resname,RS2.1,step_2_1_RS.pdb,3.C9,26,C,3,IND,C9,IND.C9,IND.C9
RS2_1_to_TS2_1a,qmaps_pdb_resname,TS2.1a,step_2_1_PS.pdb,3.C9,26,C,3,IND,C9,IND.C9,IND.C9
RS2_1_to_TS2_1a,qmaps_pdb_resname,RS2.1,step_2_1_RS.pdb,4.O3,27,W,4,WAT,O3,WAT.O3,WAT.O3
RS2_1_to_TS2_1a,qmaps_pdb_resname,TS2.1a,step_2_1_PS.pdb,4.O3,27,W,4,WAT,O3,WAT.O3,WAT.O3
RS2_1_to_TS2_1a,qmaps_pdb_resname,RS2.1,step_2_1_RS.pdb,1.H4,28,A,1,PAF,H4,PAF.H4,PAF.H4
RS2_1_to_TS2_1a,qmaps_pdb_resname,TS2.1a,step_2_1_PS.pdb,1.H4,28,A,1,PAF,H4,PAF.H4,PAF.H4
RS2_1_to_TS2_1a,qmaps_pdb_resname,RS2.1,step_2_1_RS.pdb,1.H22,29,A,1,PAF,H22,PAF.H22,PAF.H22
RS2_1_to_TS2_1a,qmaps_pdb_resname,TS2.1a,step_2_1_PS.pdb,1.H22,29,A,1,PAF,H22,PAF.H22,PAF.H22
RS2_1_to_TS2_1a,qmaps_pdb_resname,RS2.1,step_2_1_RS.pdb,1.H11,30,A,1,PAF,H11,PAF.H11,PAF.H11
RS2_1_to_TS2_1a,qmaps_pdb_resname,TS2.1a,step_2_1_PS.pdb,1.H11,30,A,1,PAF,H11,PAF.H11,PAF.H11
RS2_1_to_TS2_1a,qmaps_pdb_resname,RS2.1,step_2_1_RS.pdb,1.H9,31,A,1,PAF,H9,PAF.H9,PAF.H9
RS2_1_to_TS2_1a,qmaps_pdb_resname,TS2.1a,step_2_1_PS.pdb,1.H9,31,A,1,PAF,H9,PAF.H9,PAF.H9
RS2_1_to_TS2_1a,qmaps_pdb_resname,RS2.1,step_2_1_RS.pdb,1.H10,32,A,1,PAF,H10,PAF.H10,PAF.H10
RS2_1_to_TS2_1a,qmaps_pdb_resname,TS2.1a,step_2_1_PS.pdb,1.H10,32,A,1,PAF,H10,PAF.H10,PAF.H10
RS2_1_to_TS2_1a,qmaps_pdb_resname,RS2.1,step_2_1_RS.pdb,1.H12,33,A,1,PAF,H12,PAF.H12,PAF.H12
RS2_1_to_TS2_1a,qmaps_pdb_resname,TS2.1a,step_2_1_PS.pdb,1.H12,33,A,1,PAF,H12,PAF.H12,PAF.H12
RS2_1_to_TS2_1a,qmaps_pdb_resname,RS2.1,step_2_1_RS.pdb,1.H6,34,A,1,PAF,H6,PAF.H6,PAF.H6
RS2_1_to_TS2_1a,qmaps_pdb_resname,TS2.1a,step_2_1_PS.pdb,1.H6,34,A,1,PAF,H6,PAF.H6,PAF.H6
RS2_1_to_TS2_1a,qmaps_pdb_resname,RS2.1,step_2_1_RS.pdb,1.H7,35,A,1,PAF,H7,PAF.H7,PAF.H7
RS2_1_to_TS2_1a,qmaps_pdb_resname,TS2.1a,step_2_1_PS.pdb,1.H7,35,A,1,PAF,H7,PAF.H7,PAF.H7
RS2_1_to_TS2_1a,qmaps_pdb_resname,RS2.1,step_2_1_RS.pdb,1.H8,36,A,1,PAF,H8,PAF.H8,PAF.H8
RS2_1_to_TS2_1a,qmaps_pdb_resname,TS2.1a,step_2_1_PS.pdb,1.H8,36,A,1,PAF,H8,PAF.H8,PAF.H8
RS2_1_to_TS2_1a,qmaps_pdb_resname,RS2.1,step_2_1_RS.pdb,1.H2,37,A,1,PAF,H2,PAF.H2,PAF.H2
RS2_1_to_TS2_1a,qmaps_pdb_resname,TS2.1a,step_2_1_PS.pdb,1.H2,37,A,1,PAF,H2,PAF.H2,PAF.H2
RS2_1_to_TS2_1a,qmaps_pdb_resname,RS2.1,step_2_1_RS.pdb,2.H,38,A,2,NME,H,NME.H,NME.H
RS2_1_to_TS2_1a,qmaps_pdb_resname,TS2.1a,step_2_1_PS.pdb,2.H,38,A,2,NME,H,NME.H,NME.H
RS2_1_to_TS2_1a,qmaps_pdb_resname,RS2.1,step_2_1_RS.pdb,2.H12,39,B,2,ENL,H12,ENL.H12,ENL.H12
RS2_1_to_TS2_1a,qmaps_pdb_resname,TS2.1a,step_2_1_PS.pdb,2.H12,39,B,2,ENL,H12,ENL.H12,ENL.H12
RS2_1_to_TS2_1a,qmaps_pdb_resname,RS2.1,step_2_1_RS.pdb,2.H13,40,B,2,ENL,H13,ENL.H13,ENL.H13
RS2_1_to_TS2_1a,qmaps_pdb_resname,TS2.1a,step_2_1_PS.pdb,2.H13,40,B,2,ENL,H13,ENL.H13,ENL.H13
RS2_1_to_TS2_1a,qmaps_pdb_resname,RS2.1,step_2_1_RS.pdb,2.H14,41,B,2,ENL,H14,ENL.H14,ENL.H14
RS2_1_to_TS2_1a,qmaps_pdb_resname,TS2.1a,step_2_1_PS.pdb,2.H14,41,B,2,ENL,H14,ENL.H14,ENL.H14
RS2_1_to_TS2_1a,qmaps_pdb_resname,RS2.1,step_2_1_RS.pdb,2.H15,42,B,2,ENL,H15,ENL.H15,ENL.H15
RS2_1_to_TS2_1a,qmaps_pdb_resname,TS2.1a,step_2_1_PS.pdb,2.H15,42,B,2,ENL,H15,ENL.H15,ENL.H15
RS2_1_to_TS2_1a,qmaps_pdb_resname,RS2.1,step_2_1_RS.pdb,2.H16,43,B,2,ENL,H16,ENL.H16,ENL.H16
RS2_1_to_TS2_1a,qmaps_pdb_resname,TS2.1a,step_2_1_PS.pdb,2.H16,43,B,2,ENL,H16,ENL.H16,ENL.H16
RS2_1_to_TS2_1a,qmaps_pdb_resname,RS2.1,step_2_1_RS.pdb,2.H17,44,B,2,ENL,H17,ENL.H17,ENL.H17
RS2_1_to_TS2_1a,qmaps_pdb_resname,TS2.1a,step_2_1_PS.pdb,2.H17,44,B,2,ENL,H17,ENL.H17,ENL.H17
RS2_1_to_TS2_1a,qmaps_pdb_resname,RS2.1,step_2_1_RS.pdb,2.H18,45,B,2,ENL,H18,ENL.H18,ENL.H18
RS2_1_to_TS2_1a,qmaps_pdb_resname,TS2.1a,step_2_1_PS.pdb,2.H18,45,B,2,ENL,H18,ENL.H18,ENL.H18
RS2_1_to_TS2_1a,qmaps_pdb_resname,RS2.1,step_2_1_RS.pdb,2.H19,46,B,2,ENL,H19,ENL.H19,ENL.H19
RS2_1_to_TS2_1a,qmaps_pdb_resname,TS2.1a,step_2_1_PS.pdb,2.H19,46,B,2,ENL,H19,ENL.H19,ENL.H19
RS2_1_to_TS2_1a,qmaps_pdb_resname,RS2.1,step_2_1_RS.pdb,2.H20,47,B,2,ENL,H20,ENL.H20,ENL.H20
RS2_1_to_TS2_1a,qmaps_pdb_resname,TS2.1a,step_2_1_PS.pdb,2.H20,47,B,2,ENL,H20,ENL.H20,ENL.H20
RS2_1_to_TS2_1a,qmaps_pdb_resname,RS2.1,step_2_1_RS.pdb,2.H21,48,B,2,ENL,H21,ENL.H21,ENL.H21
RS2_1_to_TS2_1a,qmaps_pdb_resname,TS2.1a,step_2_1_PS.pdb,2.H21,48,B,2,ENL,H21,ENL.H21,ENL.H21
RS2_1_to_TS2_1a,qmaps_pdb_resname,RS2.1,step_2_1_RS.pdb,3.H1,49,C,3,IND,H1,IND.H1,IND.H1
RS2_1_to_TS2_1a,qmaps_pdb_resname,TS2.1a,step_2_1_PS.pdb,3.H1,49,C,3,IND,H1,IND.H1,IND.H1
RS2_1_to_TS2_1a,qmaps_pdb_resname,RS2.1,step_2_1_RS.pdb,3.H2,50,C,3,IND,H2,IND.H2,IND.H2
RS2_1_to_TS2_1a,qmaps_pdb_resname,TS2.1a,step_2_1_PS.pdb,3.H2,50,C,3,IND,H2,IND.H2,IND.H2
RS2_1_to_TS2_1a,qmaps_pdb_resname,RS2.1,step_2_1_RS.pdb,3.H3,51,C,3,IND,H3,IND.H3,IND.H3
RS2_1_to_TS2_1a,qmaps_pdb_resname,TS2.1a,step_2_1_PS.pdb,3.H3,51,C,3,IND,H3,IND.H3,IND.H3
RS2_1_to_TS2_1a,qmaps_pdb_resname,RS2.1,step_2_1_RS.pdb,3.H4,52,C,3,IND,H4,IND.H4,IND.H4
RS2_1_to_TS2_1a,qmaps_pdb_resname,TS2.1a,step_2_1_PS.pdb,3.H4,52,C,3,IND,H4,IND.H4,IND.H4
RS2_1_to_TS2_1a,qmaps_pdb_resname,RS2.1,step_2_1_RS.pdb,3.H5,53,C,3,IND,H5,IND.H5,IND.H5
RS2_1_to_TS2_1a,qmaps_pdb_resname,TS2.1a,step_2_1_PS.pdb,3.H5,53,C,3,IND,H5,IND.H5,IND.H5
RS2_1_to_TS2_1a,qmaps_pdb_resname,RS2.1,step_2_1_RS.pdb,3.H6,54,C,3,IND,H6,IND.H6,IND.H6
RS2_1_to_TS2_1a,qmaps_pdb_resname,TS2.1a,step_2_1_PS.pdb,3.H6,54,C,3,IND,H6,IND.H6,IND.H6
RS2_1_to_TS2_1a,qmaps_pdb_resname,RS2.1,step_2_1_RS.pdb,3.H7,55,C,3,IND,H7,IND.H7,IND.H7
RS2_1_to_TS2_1a,qmaps_pdb_resname,TS2.1a,step_2_1_PS.pdb,3.H7,55,C,3,IND,H7,IND.H7,IND.H7
RS2_1_to_TS2_1a,qmaps_pdb_resname,RS2.1,step_2_1_RS.pdb,3.H8,56,C,3,IND,H8,IND.H8,IND.H8
RS2_1_to_TS2_1a,qmaps_pdb_resname,TS2.1a,step_2_1_PS.pdb,3.H8,56,C,3,IND,H8,IND.H8,IND.H8
RS2_1_to_TS2_1a,qmaps_pdb_resname,RS2.1,step_2_1_RS.pdb,3.H9,57,C,3,IND,H9,IND.H9,IND.H9
RS2_1_to_TS2_1a,qmaps_pdb_resname,TS2.1a,step_2_1_PS.pdb,3.H9,57,C,3,IND,H9,IND.H9,IND.H9
RS2_1_to_TS2_1a,qmaps_pdb_resname,RS2.1,step_2_1_RS.pdb,4.H22,58,W,4,WAT,H22,WAT.H22,WAT.H22
RS2_1_to_TS2_1a,qmaps_pdb_resname,TS2.1a,step_2_1_PS.pdb,4.H22,58,W,4,WAT,H22,WAT.H22,WAT.H22
RS2_1_to_TS2_1a,qmaps_pdb_resname,RS2.1,step_2_1_RS.pdb,4.H23,59,W,4,WAT,H23,WAT.H23,WAT.H23
RS2_1_to_TS2_1a,qmaps_pdb_resname,TS2.1a,step_2_1_PS.pdb,4.H23,59,W,4,WAT,H23,WAT.H23,WAT.H23
RS2_1_to_TS2_1a,qmaps_pdb_resname,RS2.1,step_2_1_RS.pdb,5.O3,60,X,5,WA2,O3,WA2.O3,WA2.O3
RS2_1_to_TS2_1a,qmaps_pdb_resname,TS2.1a,step_2_1_PS.pdb,5.O3,60,X,5,WA2,O3,WA2.O3,WA2.O3
RS2_1_to_TS2_1a,qmaps_pdb_resname,RS2.1,step_2_1_RS.pdb,5.H22,61,X,5,WA2,H22,WA2.H22,WA2.H22
RS2_1_to_TS2_1a,qmaps_pdb_resname,TS2.1a,step_2_1_PS.pdb,5.H22,61,X,5,WA2,H22,WA2.H22,WA2.H22
RS2_1_to_TS2_1a,qmaps_pdb_resname,RS2.1,step_2_1_RS.pdb,5.H23,62,X,5,WA2,H23,WA2.H23,WA2.H23
RS2_1_to_TS2_1a,qmaps_pdb_resname,TS2.1a,step_2_1_PS.pdb,5.H23,62,X,5,WA2,H23,WA2.H23,WA2.H23
RS2_1_to_TS2_1a,qmaps_pdb_resname,RS2.1,step_2_1_RS.pdb,1.N1,63,A,1,PAF,N1,PAF.N1,PAF.N1
RS2_1_to_TS2_1a,qmaps_pdb_resname,TS2.1a,step_2_1_PS.pdb,1.N1,63,A,1,PAF,N1,PAF.N1,PAF.N1
RS2_1_to_TS2_1a,qmaps_pdb_resname,RS2.1,step_2_1_RS.pdb,1.C6,64,A,1,PAF,C6,PAF.C6,PAF.C6
RS2_1_to_TS2_1a,qmaps_pdb_resname,TS2.1a,step_2_1_PS.pdb,1.C6,64,A,1,PAF,C6,PAF.C6,PAF.C6
RS2_1_to_TS2_1a,qmaps_pdb_resname,RS2.1,step_2_1_RS.pdb,1.O2,65,A,1,PAF,O2,PAF.O2,PAF.O2
RS2_1_to_TS2_1a,qmaps_pdb_resname,TS2.1a,step_2_1_PS.pdb,1.O2,65,A,1,PAF,O2,PAF.O2,PAF.O2
RS2_1_to_TS2_1a,qmaps_pdb_resname,RS2.1,step_2_1_RS.pdb,0.CH3,66,A,0,ACE,CH3,ACE.CH3,ACE.CH3
RS2_1_to_TS2_1a,qmaps_pdb_resname,TS2.1a,step_2_1_PS.pdb,0.CH3,66,A,0,ACE,CH3,ACE.CH3,ACE.CH3
RS2_1_to_TS2_1a,qmaps_pdb_resname,RS2.1,step_2_1_RS.pdb,0.C,67,A,0,ACE,C,ACE.C,ACE.C
RS2_1_to_TS2_1a,qmaps_pdb_resname,TS2.1a,step_2_1_PS.pdb,0.C,67,A,0,ACE,C,ACE.C,ACE.C
RS2_1_to_TS2_1a,qmaps_pdb_resname,RS2.1,step_2_1_RS.pdb,0.O,68,A,0,ACE,O,ACE.O,ACE.O
RS2_1_to_TS2_1a,qmaps_pdb_resname,TS2.1a,step_2_1_PS.pdb,0.O,68,A,0,ACE,O,ACE.O,ACE.O
RS2_1_to_TS2_1a,qmaps_pdb_resname,RS2.1,step_2_1_RS.pdb,0.HH31,69,A,0,ACE,HH31,ACE.HH31,ACE.HH31
RS2_1_to_TS2_1a,qmaps_pdb_resname,TS2.1a,step_2_1_PS.pdb,0.HH31,69,A,0,ACE,HH31,ACE.HH31,ACE.HH31
RS2_1_to_TS2_1a,qmaps_pdb_resname,RS2.1,step_2_1_RS.pdb,0.HH32,70,A,0,ACE,HH32,ACE.HH32,ACE.HH32
RS2_1_to_TS2_1a,qmaps_pdb_resname,TS2.1a,step_2_1_PS.pdb,0.HH32,70,A,0,ACE,HH32,ACE.HH32,ACE.HH32
RS2_1_to_TS2_1a,qmaps_pdb_resname,RS2.1,step_2_1_RS.pdb,0.HH33,71,A,0,ACE,HH33,ACE.HH33,ACE.HH33
RS2_1_to_TS2_1a,qmaps_pdb_resname,TS2.1a,step_2_1_PS.pdb,0.HH33,71,A,0,ACE,HH33,ACE.HH33,ACE.HH33
RS2_1_to_TS2_1a,qmaps_pdb_resname,RS2.1,step_2_1_RS.pdb,2.N,72,A,2,NME,N,NME.N,NME.N
RS2_1_to_TS2_1a,qmaps_pdb_resname,TS2.1a,step_2_1_PS.pdb,2.N,72,A,2,NME,N,NME.N,NME.N
RS2_1_to_TS2_1a,qmaps_pdb_resname,RS2.1,step_2_1_RS.pdb,2.CH3,73,A,2,NME,CH3,NME.CH3,NME.CH3
RS2_1_to_TS2_1a,qmaps_pdb_resname,TS2.1a,step_2_1_PS.pdb,2.CH3,73,A,2,NME,CH3,NME.CH3,NME.CH3
RS2_1_to_TS2_1a,qmaps_pdb_resname,RS2.1,step_2_1_RS.pdb,2.HH31,74,A,2,NME,HH31,NME.HH31,NME.HH31
RS2_1_to_TS2_1a,qmaps_pdb_resname,TS2.1a,step_2_1_PS.pdb,2.HH31,74,A,2,NME,HH31,NME.HH31,NME.HH31
RS2_1_to_TS2_1a,qmaps_pdb_resname,RS2.1,step_2_1_RS.pdb,2.HH32,75,A,2,NME,HH32,NME.HH32,NME.HH32
RS2_1_to_TS2_1a,qmaps_pdb_resname,TS2.1a,step_2_1_PS.pdb,2.HH32,75,A,2,NME,HH32,NME.HH32,NME.HH32
RS2_1_to_TS2_1a,qmaps_pdb_resname,RS2.1,step_2_1_RS.pdb,2.HH33,76,A,2,NME,HH33,NME.HH33,NME.HH33
RS2_1_to_TS2_1a,qmaps_pdb_resname,TS2.1a,step_2_1_PS.pdb,2.HH33,76,A,2,NME,HH33,NME.HH33,NME.HH33
RS2_1_to_TS2_1a,qmaps_state_alias,RS2.1,step_2_1_RS.pdb,1.N2,1,A,1,PAF,N2,PAF.N2,R21P.N2
RS2_1_to_TS2_1a,qmaps_state_alias,TS2.1a,step_2_1_PS.pdb,1.N2,1,A,1,PAF,N2,PAF.N2,T21P.N2
RS2_1_to_TS2_1a,qmaps_state_alias,RS2.1,step_2_1_RS.pdb,1.C9,2,A,1,PAF,C9,PAF.C9,R21P.C9
RS2_1_to_TS2_1a,qmaps_state_alias,TS2.1a,step_2_1_PS.pdb,1.C9,2,A,1,PAF,C9,PAF.C9,T21P.C9
RS2_1_to_TS2_1a,qmaps_state_alias,RS2.1,step_2_1_RS.pdb,1.C7,3,A,1,PAF,C7,PAF.C7,R21P.C7
RS2_1_to_TS2_1a,qmaps_state_alias,TS2.1a,step_2_1_PS.pdb,1.C7,3,A,1,PAF,C7,PAF.C7,T21P.C7
RS2_1_to_TS2_1a,qmaps_state_alias,RS2.1,step_2_1_RS.pdb,1.C4,4,A,1,PAF,C4,PAF.C4,R21P.C4
RS2_1_to_TS2_1a,qmaps_state_alias,TS2.1a,step_2_1_PS.pdb,1.C4,4,A,1,PAF,C4,PAF.C4,T21P.C4
RS2_1_to_TS2_1a,qmaps_state_alias,RS2.1,step_2_1_RS.pdb,1.C3,5,A,1,PAF,C3,PAF.C3,R21P.C3
RS2_1_to_TS2_1a,qmaps_state_alias,TS2.1a,step_2_1_PS.pdb,1.C3,5,A,1,PAF,C3,PAF.C3,T21P.C3
RS2_1_to_TS2_1a,qmaps_state_alias,RS2.1,step_2_1_RS.pdb,1.C5,6,A,1,PAF,C5,PAF.C5,R21P.C5
RS2_1_to_TS2_1a,qmaps_state_alias,TS2.1a,step_2_1_PS.pdb,1.C5,6,A,1,PAF,C5,PAF.C5,T21P.C5
RS2_1_to_TS2_1a,qmaps_state_alias,RS2.1,step_2_1_RS.pdb,1.C8,7,A,1,PAF,C8,PAF.C8,R21P.C8
RS2_1_to_TS2_1a,qmaps_state_alias,TS2.1a,step_2_1_PS.pdb,1.C8,7,A,1,PAF,C8,PAF.C8,T21P.C8
RS2_1_to_TS2_1a,qmaps_state_alias,RS2.1,step_2_1_RS.pdb,1.C1,8,A,1,PAF,C1,PAF.C1,R21P.C1
RS2_1_to_TS2_1a,qmaps_state_alias,TS2.1a,step_2_1_PS.pdb,1.C1,8,A,1,PAF,C1,PAF.C1,T21P.C1
RS2_1_to_TS2_1a,qmaps_state_alias,RS2.1,step_2_1_RS.pdb,1.C2,9,A,1,PAF,C2,PAF.C2,R21P.C2
RS2_1_to_TS2_1a,qmaps_state_alias,TS2.1a,step_2_1_PS.pdb,1.C2,9,A,1,PAF,C2,PAF.C2,T21P.C2
RS2_1_to_TS2_1a,qmaps_state_alias,RS2.1,step_2_1_RS.pdb,2.C10,10,B,2,ENL,C10,ENL.C10,R21E.C10
RS2_1_to_TS2_1a,qmaps_state_alias,TS2.1a,step_2_1_PS.pdb,2.C10,10,B,2,ENL,C10,ENL.C10,T21E.C10
RS2_1_to_TS2_1a,qmaps_state_alias,RS2.1,step_2_1_RS.pdb,2.C11,11,B,2,ENL,C11,ENL.C11,R21E.C11
RS2_1_to_TS2_1a,qmaps_state_alias,TS2.1a,step_2_1_PS.pdb,2.C11,11,B,2,ENL,C11,ENL.C11,T21E.C11
RS2_1_to_TS2_1a,qmaps_state_alias,RS2.1,step_2_1_RS.pdb,2.C12,12,B,2,ENL,C12,ENL.C12,R21E.C12
RS2_1_to_TS2_1a,qmaps_state_alias,TS2.1a,step_2_1_PS.pdb,2.C12,12,B,2,ENL,C12,ENL.C12,T21E.C12
RS2_1_to_TS2_1a,qmaps_state_alias,RS2.1,step_2_1_RS.pdb,2.C13,13,B,2,ENL,C13,ENL.C13,R21E.C13
RS2_1_to_TS2_1a,qmaps_state_alias,TS2.1a,step_2_1_PS.pdb,2.C13,13,B,2,ENL,C13,ENL.C13,T21E.C13
RS2_1_to_TS2_1a,qmaps_state_alias,RS2.1,step_2_1_RS.pdb,2.C14,14,B,2,ENL,C14,ENL.C14,R21E.C14
RS2_1_to_TS2_1a,qmaps_state_alias,TS2.1a,step_2_1_PS.pdb,2.C14,14,B,2,ENL,C14,ENL.C14,T21E.C14
RS2_1_to_TS2_1a,qmaps_state_alias,RS2.1,step_2_1_RS.pdb,2.C15,15,B,2,ENL,C15,ENL.C15,R21E.C15
RS2_1_to_TS2_1a,qmaps_state_alias,TS2.1a,step_2_1_PS.pdb,2.C15,15,B,2,ENL,C15,ENL.C15,T21E.C15
RS2_1_to_TS2_1a,qmaps_state_alias,RS2.1,step_2_1_RS.pdb,2.O1,16,B,2,ENL,O1,ENL.O1,R21E.O1
RS2_1_to_TS2_1a,qmaps_state_alias,TS2.1a,step_2_1_PS.pdb,2.O1,16,B,2,ENL,O1,ENL.O1,T21E.O1
RS2_1_to_TS2_1a,qmaps_state_alias,RS2.1,step_2_1_RS.pdb,3.N1,17,C,3,IND,N1,IND.N1,R21I.N1
RS2_1_to_TS2_1a,qmaps_state_alias,TS2.1a,step_2_1_PS.pdb,3.N1,17,C,3,IND,N1,IND.N1,T21I.N1
RS2_1_to_TS2_1a,qmaps_state_alias,RS2.1,step_2_1_RS.pdb,3.C1,18,C,3,IND,C1,IND.C1,R21I.C1
RS2_1_to_TS2_1a,qmaps_state_alias,TS2.1a,step_2_1_PS.pdb,3.C1,18,C,3,IND,C1,IND.C1,T21I.C1
RS2_1_to_TS2_1a,qmaps_state_alias,RS2.1,step_2_1_RS.pdb,3.C2,19,C,3,IND,C2,IND.C2,R21I.C2
RS2_1_to_TS2_1a,qmaps_state_alias,TS2.1a,step_2_1_PS.pdb,3.C2,19,C,3,IND,C2,IND.C2,T21I.C2
RS2_1_to_TS2_1a,qmaps_state_alias,RS2.1,step_2_1_RS.pdb,3.C3,20,C,3,IND,C3,IND.C3,R21I.C3
RS2_1_to_TS2_1a,qmaps_state_alias,TS2.1a,step_2_1_PS.pdb,3.C3,20,C,3,IND,C3,IND.C3,T21I.C3
RS2_1_to_TS2_1a,qmaps_state_alias,RS2.1,step_2_1_RS.pdb,3.C4,21,C,3,IND,C4,IND.C4,R21I.C4
RS2_1_to_TS2_1a,qmaps_state_alias,TS2.1a,step_2_1_PS.pdb,3.C4,21,C,3,IND,C4,IND.C4,T21I.C4
RS2_1_to_TS2_1a,qmaps_state_alias,RS2.1,step_2_1_RS.pdb,3.C5,22,C,3,IND,C5,IND.C5,R21I.C5
RS2_1_to_TS2_1a,qmaps_state_alias,TS2.1a,step_2_1_PS.pdb,3.C5,22,C,3,IND,C5,IND.C5,T21I.C5
RS2_1_to_TS2_1a,qmaps_state_alias,RS2.1,step_2_1_RS.pdb,3.C6,23,C,3,IND,C6,IND.C6,R21I.C6
RS2_1_to_TS2_1a,qmaps_state_alias,TS2.1a,step_2_1_PS.pdb,3.C6,23,C,3,IND,C6,IND.C6,T21I.C6
RS2_1_to_TS2_1a,qmaps_state_alias,RS2.1,step_2_1_RS.pdb,3.C7,24,C,3,IND,C7,IND.C7,R21I.C7
RS2_1_to_TS2_1a,qmaps_state_alias,TS2.1a,step_2_1_PS.pdb,3.C7,24,C,3,IND,C7,IND.C7,T21I.C7
RS2_1_to_TS2_1a,qmaps_state_alias,RS2.1,step_2_1_RS.pdb,3.C8,25,C,3,IND,C8,IND.C8,R21I.C8
RS2_1_to_TS2_1a,qmaps_state_alias,TS2.1a,step_2_1_PS.pdb,3.C8,25,C,3,IND,C8,IND.C8,T21I.C8
RS2_1_to_TS2_1a,qmaps_state_alias,RS2.1,step_2_1_RS.pdb,3.C9,26,C,3,IND,C9,IND.C9,R21I.C9
RS2_1_to_TS2_1a,qmaps_state_alias,TS2.1a,step_2_1_PS.pdb,3.C9,26,C,3,IND,C9,IND.C9,T21I.C9
RS2_1_to_TS2_1a,qmaps_state_alias,RS2.1,step_2_1_RS.pdb,4.O3,27,W,4,WAT,O3,WAT.O3,R21W.O3
RS2_1_to_TS2_1a,qmaps_state_alias,TS2.1a,step_2_1_PS.pdb,4.O3,27,W,4,WAT,O3,WAT.O3,T21W.O3
RS2_1_to_TS2_1a,qmaps_state_alias,RS2.1,step_2_1_RS.pdb,1.H4,28,A,1,PAF,H4,PAF.H4,R21P.H4
RS2_1_to_TS2_1a,qmaps_state_alias,TS2.1a,step_2_1_PS.pdb,1.H4,28,A,1,PAF,H4,PAF.H4,T21P.H4
RS2_1_to_TS2_1a,qmaps_state_alias,RS2.1,step_2_1_RS.pdb,1.H22,29,A,1,PAF,H22,PAF.H22,R21P.H22
RS2_1_to_TS2_1a,qmaps_state_alias,TS2.1a,step_2_1_PS.pdb,1.H22,29,A,1,PAF,H22,PAF.H22,T21P.H22
RS2_1_to_TS2_1a,qmaps_state_alias,RS2.1,step_2_1_RS.pdb,1.H11,30,A,1,PAF,H11,PAF.H11,R21P.H11
RS2_1_to_TS2_1a,qmaps_state_alias,TS2.1a,step_2_1_PS.pdb,1.H11,30,A,1,PAF,H11,PAF.H11,T21P.H11
RS2_1_to_TS2_1a,qmaps_state_alias,RS2.1,step_2_1_RS.pdb,1.H9,31,A,1,PAF,H9,PAF.H9,R21P.H9
RS2_1_to_TS2_1a,qmaps_state_alias,TS2.1a,step_2_1_PS.pdb,1.H9,31,A,1,PAF,H9,PAF.H9,T21P.H9
RS2_1_to_TS2_1a,qmaps_state_alias,RS2.1,step_2_1_RS.pdb,1.H10,32,A,1,PAF,H10,PAF.H10,R21P.H10
RS2_1_to_TS2_1a,qmaps_state_alias,TS2.1a,step_2_1_PS.pdb,1.H10,32,A,1,PAF,H10,PAF.H10,T21P.H10
RS2_1_to_TS2_1a,qmaps_state_alias,RS2.1,step_2_1_RS.pdb,1.H12,33,A,1,PAF,H12,PAF.H12,R21P.H12
RS2_1_to_TS2_1a,qmaps_state_alias,TS2.1a,step_2_1_PS.pdb,1.H12,33,A,1,PAF,H12,PAF.H12,T21P.H12
RS2_1_to_TS2_1a,qmaps_state_alias,RS2.1,step_2_1_RS.pdb,1.H6,34,A,1,PAF,H6,PAF.H6,R21P.H6
RS2_1_to_TS2_1a,qmaps_state_alias,TS2.1a,step_2_1_PS.pdb,1.H6,34,A,1,PAF,H6,PAF.H6,T21P.H6
RS2_1_to_TS2_1a,qmaps_state_alias,RS2.1,step_2_1_RS.pdb,1.H7,35,A,1,PAF,H7,PAF.H7,R21P.H7
RS2_1_to_TS2_1a,qmaps_state_alias,TS2.1a,step_2_1_PS.pdb,1.H7,35,A,1,PAF,H7,PAF.H7,T21P.H7
RS2_1_to_TS2_1a,qmaps_state_alias,RS2.1,step_2_1_RS.pdb,1.H8,36,A,1,PAF,H8,PAF.H8,R21P.H8
RS2_1_to_TS2_1a,qmaps_state_alias,TS2.1a,step_2_1_PS.pdb,1.H8,36,A,1,PAF,H8,PAF.H8,T21P.H8
RS2_1_to_TS2_1a,qmaps_state_alias,RS2.1,step_2_1_RS.pdb,1.H2,37,A,1,PAF,H2,PAF.H2,R21P.H2
RS2_1_to_TS2_1a,qmaps_state_alias,TS2.1a,step_2_1_PS.pdb,1.H2,37,A,1,PAF,H2,PAF.H2,T21P.H2
RS2_1_to_TS2_1a,qmaps_state_alias,RS2.1,step_2_1_RS.pdb,2.H,38,A,2,NME,H,NME.H,R21N.H
RS2_1_to_TS2_1a,qmaps_state_alias,TS2.1a,step_2_1_PS.pdb,2.H,38,A,2,NME,H,NME.H,T21N.H
RS2_1_to_TS2_1a,qmaps_state_alias,RS2.1,step_2_1_RS.pdb,2.H12,39,B,2,ENL,H12,ENL.H12,R21E.H12
RS2_1_to_TS2_1a,qmaps_state_alias,TS2.1a,step_2_1_PS.pdb,2.H12,39,B,2,ENL,H12,ENL.H12,T21E.H12
RS2_1_to_TS2_1a,qmaps_state_alias,RS2.1,step_2_1_RS.pdb,2.H13,40,B,2,ENL,H13,ENL.H13,R21E.H13
RS2_1_to_TS2_1a,qmaps_state_alias,TS2.1a,step_2_1_PS.pdb,2.H13,40,B,2,ENL,H13,ENL.H13,T21E.H13
RS2_1_to_TS2_1a,qmaps_state_alias,RS2.1,step_2_1_RS.pdb,2.H14,41,B,2,ENL,H14,ENL.H14,R21E.H14
RS2_1_to_TS2_1a,qmaps_state_alias,TS2.1a,step_2_1_PS.pdb,2.H14,41,B,2,ENL,H14,ENL.H14,T21E.H14
RS2_1_to_TS2_1a,qmaps_state_alias,RS2.1,step_2_1_RS.pdb,2.H15,42,B,2,ENL,H15,ENL.H15,R21E.H15
RS2_1_to_TS2_1a,qmaps_state_alias,TS2.1a,step_2_1_PS.pdb,2.H15,42,B,2,ENL,H15,ENL.H15,T21E.H15
RS2_1_to_TS2_1a,qmaps_state_alias,RS2.1,step_2_1_RS.pdb,2.H16,43,B,2,ENL,H16,ENL.H16,R21E.H16
RS2_1_to_TS2_1a,qmaps_state_alias,TS2.1a,step_2_1_PS.pdb,2.H16,43,B,2,ENL,H16,ENL.H16,T21E.H16
RS2_1_to_TS2_1a,qmaps_state_alias,RS2.1,step_2_1_RS.pdb,2.H17,44,B,2,ENL,H17,ENL.H17,R21E.H17
RS2_1_to_TS2_1a,qmaps_state_alias,TS2.1a,step_2_1_PS.pdb,2.H17,44,B,2,ENL,H17,ENL.H17,T21E.H17
RS2_1_to_TS2_1a,qmaps_state_alias,RS2.1,step_2_1_RS.pdb,2.H18,45,B,2,ENL,H18,ENL.H18,R21E.H18
RS2_1_to_TS2_1a,qmaps_state_alias,TS2.1a,step_2_1_PS.pdb,2.H18,45,B,2,ENL,H18,ENL.H18,T21E.H18
RS2_1_to_TS2_1a,qmaps_state_alias,RS2.1,step_2_1_RS.pdb,2.H19,46,B,2,ENL,H19,ENL.H19,R21E.H19
RS2_1_to_TS2_1a,qmaps_state_alias,TS2.1a,step_2_1_PS.pdb,2.H19,46,B,2,ENL,H19,ENL.H19,T21E.H19
RS2_1_to_TS2_1a,qmaps_state_alias,RS2.1,step_2_1_RS.pdb,2.H20,47,B,2,ENL,H20,ENL.H20,R21E.H20
RS2_1_to_TS2_1a,qmaps_state_alias,TS2.1a,step_2_1_PS.pdb,2.H20,47,B,2,ENL,H20,ENL.H20,T21E.H20
RS2_1_to_TS2_1a,qmaps_state_alias,RS2.1,step_2_1_RS.pdb,2.H21,48,B,2,ENL,H21,ENL.H21,R21E.H21
RS2_1_to_TS2_1a,qmaps_state_alias,TS2.1a,step_2_1_PS.pdb,2.H21,48,B,2,ENL,H21,ENL.H21,T21E.H21
RS2_1_to_TS2_1a,qmaps_state_alias,RS2.1,step_2_1_RS.pdb,3.H1,49,C,3,IND,H1,IND.H1,R21I.H1
RS2_1_to_TS2_1a,qmaps_state_alias,TS2.1a,step_2_1_PS.pdb,3.H1,49,C,3,IND,H1,IND.H1,T21I.H1
RS2_1_to_TS2_1a,qmaps_state_alias,RS2.1,step_2_1_RS.pdb,3.H2,50,C,3,IND,H2,IND.H2,R21I.H2
RS2_1_to_TS2_1a,qmaps_state_alias,TS2.1a,step_2_1_PS.pdb,3.H2,50,C,3,IND,H2,IND.H2,T21I.H2
RS2_1_to_TS2_1a,qmaps_state_alias,RS2.1,step_2_1_RS.pdb,3.H3,51,C,3,IND,H3,IND.H3,R21I.H3
RS2_1_to_TS2_1a,qmaps_state_alias,TS2.1a,step_2_1_PS.pdb,3.H3,51,C,3,IND,H3,IND.H3,T21I.H3
RS2_1_to_TS2_1a,qmaps_state_alias,RS2.1,step_2_1_RS.pdb,3.H4,52,C,3,IND,H4,IND.H4,R21I.H4
RS2_1_to_TS2_1a,qmaps_state_alias,TS2.1a,step_2_1_PS.pdb,3.H4,52,C,3,IND,H4,IND.H4,T21I.H4
RS2_1_to_TS2_1a,qmaps_state_alias,RS2.1,step_2_1_RS.pdb,3.H5,53,C,3,IND,H5,IND.H5,R21I.H5
RS2_1_to_TS2_1a,qmaps_state_alias,TS2.1a,step_2_1_PS.pdb,3.H5,53,C,3,IND,H5,IND.H5,T21I.H5
RS2_1_to_TS2_1a,qmaps_state_alias,RS2.1,step_2_1_RS.pdb,3.H6,54,C,3,IND,H6,IND.H6,R21I.H6
RS2_1_to_TS2_1a,qmaps_state_alias,TS2.1a,step_2_1_PS.pdb,3.H6,54,C,3,IND,H6,IND.H6,T21I.H6
RS2_1_to_TS2_1a,qmaps_state_alias,RS2.1,step_2_1_RS.pdb,3.H7,55,C,3,IND,H7,IND.H7,R21I.H7
RS2_1_to_TS2_1a,qmaps_state_alias,TS2.1a,step_2_1_PS.pdb,3.H7,55,C,3,IND,H7,IND.H7,T21I.H7
RS2_1_to_TS2_1a,qmaps_state_alias,RS2.1,step_2_1_RS.pdb,3.H8,56,C,3,IND,H8,IND.H8,R21I.H8
RS2_1_to_TS2_1a,qmaps_state_alias,TS2.1a,step_2_1_PS.pdb,3.H8,56,C,3,IND,H8,IND.H8,T21I.H8
RS2_1_to_TS2_1a,qmaps_state_alias,RS2.1,step_2_1_RS.pdb,3.H9,57,C,3,IND,H9,IND.H9,R21I.H9
RS2_1_to_TS2_1a,qmaps_state_alias,TS2.1a,step_2_1_PS.pdb,3.H9,57,C,3,IND,H9,IND.H9,T21I.H9
RS2_1_to_TS2_1a,qmaps_state_alias,RS2.1,step_2_1_RS.pdb,4.H22,58,W,4,WAT,H22,WAT.H22,R21W.H22
RS2_1_to_TS2_1a,qmaps_state_alias,TS2.1a,step_2_1_PS.pdb,4.H22,58,W,4,WAT,H22,WAT.H22,T21W.H22
RS2_1_to_TS2_1a,qmaps_state_alias,RS2.1,step_2_1_RS.pdb,4.H23,59,W,4,WAT,H23,WAT.H23,R21W.H23
RS2_1_to_TS2_1a,qmaps_state_alias,TS2.1a,step_2_1_PS.pdb,4.H23,59,W,4,WAT,H23,WAT.H23,T21W.H23
RS2_1_to_TS2_1a,qmaps_state_alias,RS2.1,step_2_1_RS.pdb,5.O3,60,X,5,WA2,O3,WA2.O3,R212.O3
RS2_1_to_TS2_1a,qmaps_state_alias,TS2.1a,step_2_1_PS.pdb,5.O3,60,X,5,WA2,O3,WA2.O3,T212.O3
RS2_1_to_TS2_1a,qmaps_state_alias,RS2.1,step_2_1_RS.pdb,5.H22,61,X,5,WA2,H22,WA2.H22,R212.H22
RS2_1_to_TS2_1a,qmaps_state_alias,TS2.1a,step_2_1_PS.pdb,5.H22,61,X,5,WA2,H22,WA2.H22,T212.H22
RS2_1_to_TS2_1a,qmaps_state_alias,RS2.1,step_2_1_RS.pdb,5.H23,62,X,5,WA2,H23,WA2.H23,R212.H23
RS2_1_to_TS2_1a,qmaps_state_alias,TS2.1a,step_2_1_PS.pdb,5.H23,62,X,5,WA2,H23,WA2.H23,T212.H23
RS2_1_to_TS2_1a,qmaps_state_alias,RS2.1,step_2_1_RS.pdb,1.N1,63,A,1,PAF,N1,PAF.N1,R21P.N1
RS2_1_to_TS2_1a,qmaps_state_alias,TS2.1a,step_2_1_PS.pdb,1.N1,63,A,1,PAF,N1,PAF.N1,T21P.N1
RS2_1_to_TS2_1a,qmaps_state_alias,RS2.1,step_2_1_RS.pdb,1.C6,64,A,1,PAF,C6,PAF.C6,R21P.C6
RS2_1_to_TS2_1a,qmaps_state_alias,TS2.1a,step_2_1_PS.pdb,1.C6,64,A,1,PAF,C6,PAF.C6,T21P.C6
RS2_1_to_TS2_1a,qmaps_state_alias,RS2.1,step_2_1_RS.pdb,1.O2,65,A,1,PAF,O2,PAF.O2,R21P.O2
RS2_1_to_TS2_1a,qmaps_state_alias,TS2.1a,step_2_1_PS.pdb,1.O2,65,A,1,PAF,O2,PAF.O2,T21P.O2
RS2_1_to_TS2_1a,qmaps_state_alias,RS2.1,step_2_1_RS.pdb,0.CH3,66,A,0,ACE,CH3,ACE.CH3,R21A.CH3
RS2_1_to_TS2_1a,qmaps_state_alias,TS2.1a,step_2_1_PS.pdb,0.CH3,66,A,0,ACE,CH3,ACE.CH3,T21A.CH3
RS2_1_to_TS2_1a,qmaps_state_alias,RS2.1,step_2_1_RS.pdb,0.C,67,A,0,ACE,C,ACE.C,R21A.C
RS2_1_to_TS2_1a,qmaps_state_alias,TS2.1a,step_2_1_PS.pdb,0.C,67,A,0,ACE,C,ACE.C,T21A.C
RS2_1_to_TS2_1a,qmaps_state_alias,RS2.1,step_2_1_RS.pdb,0.O,68,A,0,ACE,O,ACE.O,R21A.O
RS2_1_to_TS2_1a,qmaps_state_alias,TS2.1a,step_2_1_PS.pdb,0.O,68,A,0,ACE,O,ACE.O,T21A.O
RS2_1_to_TS2_1a,qmaps_state_alias,RS2.1,step_2_1_RS.pdb,0.HH31,69,A,0,ACE,HH31,ACE.HH31,R21A.HH31
RS2_1_to_TS2_1a,qmaps_state_alias,TS2.1a,step_2_1_PS.pdb,0.HH31,69,A,0,ACE,HH31,ACE.HH31,T21A.HH31
RS2_1_to_TS2_1a,qmaps_state_alias,RS2.1,step_2_1_RS.pdb,0.HH32,70,A,0,ACE,HH32,ACE.HH32,R21A.HH32
RS2_1_to_TS2_1a,qmaps_state_alias,TS2.1a,step_2_1_PS.pdb,0.HH32,70,A,0,ACE,HH32,ACE.HH32,T21A.HH32
RS2_1_to_TS2_1a,qmaps_state_alias,RS2.1,step_2_1_RS.pdb,0.HH33,71,A,0,ACE,HH33,ACE.HH33,R21A.HH33
RS2_1_to_TS2_1a,qmaps_state_alias,TS2.1a,step_2_1_PS.pdb,0.HH33,71,A,0,ACE,HH33,ACE.HH33,T21A.HH33
RS2_1_to_TS2_1a,qmaps_state_alias,RS2.1,step_2_1_RS.pdb,2.N,72,A,2,NME,N,NME.N,R21N.N
RS2_1_to_TS2_1a,qmaps_state_alias,TS2.1a,step_2_1_PS.pdb,2.N,72,A,2,NME,N,NME.N,T21N.N
RS2_1_to_TS2_1a,qmaps_state_alias,RS2.1,step_2_1_RS.pdb,2.CH3,73,A,2,NME,CH3,NME.CH3,R21N.CH3
RS2_1_to_TS2_1a,qmaps_state_alias,TS2.1a,step_2_1_PS.pdb,2.CH3,73,A,2,NME,CH3,NME.CH3,T21N.CH3
RS2_1_to_TS2_1a,qmaps_state_alias,RS2.1,step_2_1_RS.pdb,2.HH31,74,A,2,NME,HH31,NME.HH31,R21N.HH31
RS2_1_to_TS2_1a,qmaps_state_alias,TS2.1a,step_2_1_PS.pdb,2.HH31,74,A,2,NME,HH31,NME.HH31,T21N.HH31
RS2_1_to_TS2_1a,qmaps_state_alias,RS2.1,step_2_1_RS.pdb,2.HH32,75,A,2,NME,HH32,NME.HH32,R21N.HH32
RS2_1_to_TS2_1a,qmaps_state_alias,TS2.1a,step_2_1_PS.pdb,2.HH32,75,A,2,NME,HH32,NME.HH32,T21N.HH32
RS2_1_to_TS2_1a,qmaps_state_alias,RS2.1,step_2_1_RS.pdb,2.HH33,76,A,2,NME,HH33,NME.HH33,R21N.HH33
RS2_1_to_TS2_1a,qmaps_state_alias,TS2.1a,step_2_1_PS.pdb,2.HH33,76,A,2,NME,HH33,NME.HH33,T21N.HH33
TS2_1a_to_PS2_2,qmaps_pdb_resname,TS2.1a,step_2_2a_RS.pdb,1.N2,1,A,1,PAF,N2,PAF.N2,PAF.N2
TS2_1a_to_PS2_2,qmaps_pdb_resname,PS2.2,step_2_2b_PS.pdb,1.N2,1,A,1,PAF,N2,PAF.N2,PAF.N2
TS2_1a_to_PS2_2,qmaps_pdb_resname,TS2.1a,step_2_2a_RS.pdb,1.C9,2,A,1,PAF,C9,PAF.C9,PAF.C9
TS2_1a_to_PS2_2,qmaps_pdb_resname,PS2.2,step_2_2b_PS.pdb,1.C9,2,A,1,PAF,C9,PAF.C9,PAF.C9
TS2_1a_to_PS2_2,qmaps_pdb_resname,TS2.1a,step_2_2a_RS.pdb,1.C7,3,A,1,PAF,C7,PAF.C7,PAF.C7
TS2_1a_to_PS2_2,qmaps_pdb_resname,PS2.2,step_2_2b_PS.pdb,1.C7,3,A,1,PAF,C7,PAF.C7,PAF.C7
TS2_1a_to_PS2_2,qmaps_pdb_resname,TS2.1a,step_2_2a_RS.pdb,1.C4,4,A,1,PAF,C4,PAF.C4,PAF.C4
TS2_1a_to_PS2_2,qmaps_pdb_resname,PS2.2,step_2_2b_PS.pdb,1.C4,4,A,1,PAF,C4,PAF.C4,PAF.C4
TS2_1a_to_PS2_2,qmaps_pdb_resname,TS2.1a,step_2_2a_RS.pdb,1.C3,5,A,1,PAF,C3,PAF.C3,PAF.C3
TS2_1a_to_PS2_2,qmaps_pdb_resname,PS2.2,step_2_2b_PS.pdb,1.C3,5,A,1,PAF,C3,PAF.C3,PAF.C3
TS2_1a_to_PS2_2,qmaps_pdb_resname,TS2.1a,step_2_2a_RS.pdb,1.C5,6,A,1,PAF,C5,PAF.C5,PAF.C5
TS2_1a_to_PS2_2,qmaps_pdb_resname,PS2.2,step_2_2b_PS.pdb,1.C5,6,A,1,PAF,C5,PAF.C5,PAF.C5
TS2_1a_to_PS2_2,qmaps_pdb_resname,TS2.1a,step_2_2a_RS.pdb,1.C8,7,A,1,PAF,C8,PAF.C8,PAF.C8
TS2_1a_to_PS2_2,qmaps_pdb_resname,PS2.2,step_2_2b_PS.pdb,1.C8,7,A,1,PAF,C8,PAF.C8,PAF.C8
TS2_1a_to_PS2_2,qmaps_pdb_resname,TS2.1a,step_2_2a_RS.pdb,1.C1,8,A,1,PAF,C1,PAF.C1,PAF.C1
TS2_1a_to_PS2_2,qmaps_pdb_resname,PS2.2,step_2_2b_PS.pdb,1.C1,8,A,1,PAF,C1,PAF.C1,PAF.C1
TS2_1a_to_PS2_2,qmaps_pdb_resname,TS2.1a,step_2_2a_RS.pdb,1.C2,9,A,1,PAF,C2,PAF.C2,PAF.C2
TS2_1a_to_PS2_2,qmaps_pdb_resname,PS2.2,step_2_2b_PS.pdb,1.C2,9,A,1,PAF,C2,PAF.C2,PAF.C2
TS2_1a_to_PS2_2,qmaps_pdb_resname,TS2.1a,step_2_2a_RS.pdb,2.C10,10,B,2,ENL,C10,ENL.C10,ENL.C10
TS2_1a_to_PS2_2,qmaps_pdb_resname,PS2.2,step_2_2b_PS.pdb,2.C10,10,B,2,ENL,C10,ENL.C10,ENL.C10
TS2_1a_to_PS2_2,qmaps_pdb_resname,TS2.1a,step_2_2a_RS.pdb,2.C11,11,B,2,ENL,C11,ENL.C11,ENL.C11
TS2_1a_to_PS2_2,qmaps_pdb_resname,PS2.2,step_2_2b_PS.pdb,2.C11,11,B,2,ENL,C11,ENL.C11,ENL.C11
TS2_1a_to_PS2_2,qmaps_pdb_resname,TS2.1a,step_2_2a_RS.pdb,2.C12,12,B,2,ENL,C12,ENL.C12,ENL.C12
TS2_1a_to_PS2_2,qmaps_pdb_resname,PS2.2,step_2_2b_PS.pdb,2.C12,12,B,2,ENL,C12,ENL.C12,ENL.C12
TS2_1a_to_PS2_2,qmaps_pdb_resname,TS2.1a,step_2_2a_RS.pdb,2.C13,13,B,2,ENL,C13,ENL.C13,ENL.C13
TS2_1a_to_PS2_2,qmaps_pdb_resname,PS2.2,step_2_2b_PS.pdb,2.C13,13,B,2,ENL,C13,ENL.C13,ENL.C13
TS2_1a_to_PS2_2,qmaps_pdb_resname,TS2.1a,step_2_2a_RS.pdb,2.C14,14,B,2,ENL,C14,ENL.C14,ENL.C14
TS2_1a_to_PS2_2,qmaps_pdb_resname,PS2.2,step_2_2b_PS.pdb,2.C14,14,B,2,ENL,C14,ENL.C14,ENL.C14
TS2_1a_to_PS2_2,qmaps_pdb_resname,TS2.1a,step_2_2a_RS.pdb,2.C15,15,B,2,ENL,C15,ENL.C15,ENL.C15
TS2_1a_to_PS2_2,qmaps_pdb_resname,PS2.2,step_2_2b_PS.pdb,2.C15,15,B,2,ENL,C15,ENL.C15,ENL.C15
TS2_1a_to_PS2_2,qmaps_pdb_resname,TS2.1a,step_2_2a_RS.pdb,2.O1,16,B,2,ENL,O1,ENL.O1,ENL.O1
TS2_1a_to_PS2_2,qmaps_pdb_resname,PS2.2,step_2_2b_PS.pdb,2.O1,16,B,2,ENL,O1,ENL.O1,ENL.O1
TS2_1a_to_PS2_2,qmaps_pdb_resname,TS2.1a,step_2_2a_RS.pdb,3.N1,17,C,3,IND,N1,IND.N1,IND.N1
TS2_1a_to_PS2_2,qmaps_pdb_resname,PS2.2,step_2_2b_PS.pdb,3.N1,17,C,3,IND,N1,IND.N1,IND.N1
TS2_1a_to_PS2_2,qmaps_pdb_resname,TS2.1a,step_2_2a_RS.pdb,3.C1,18,C,3,IND,C1,IND.C1,IND.C1
TS2_1a_to_PS2_2,qmaps_pdb_resname,PS2.2,step_2_2b_PS.pdb,3.C1,18,C,3,IND,C1,IND.C1,IND.C1
TS2_1a_to_PS2_2,qmaps_pdb_resname,TS2.1a,step_2_2a_RS.pdb,3.C2,19,C,3,IND,C2,IND.C2,IND.C2
TS2_1a_to_PS2_2,qmaps_pdb_resname,PS2.2,step_2_2b_PS.pdb,3.C2,19,C,3,IND,C2,IND.C2,IND.C2
TS2_1a_to_PS2_2,qmaps_pdb_resname,TS2.1a,step_2_2a_RS.pdb,3.C3,20,C,3,IND,C3,IND.C3,IND.C3
TS2_1a_to_PS2_2,qmaps_pdb_resname,PS2.2,step_2_2b_PS.pdb,3.C3,20,C,3,IND,C3,IND.C3,IND.C3
TS2_1a_to_PS2_2,qmaps_pdb_resname,TS2.1a,step_2_2a_RS.pdb,3.C4,21,C,3,IND,C4,IND.C4,IND.C4
TS2_1a_to_PS2_2,qmaps_pdb_resname,PS2.2,step_2_2b_PS.pdb,3.C4,21,C,3,IND,C4,IND.C4,IND.C4
TS2_1a_to_PS2_2,qmaps_pdb_resname,TS2.1a,step_2_2a_RS.pdb,3.C5,22,C,3,IND,C5,IND.C5,IND.C5
TS2_1a_to_PS2_2,qmaps_pdb_resname,PS2.2,step_2_2b_PS.pdb,3.C5,22,C,3,IND,C5,IND.C5,IND.C5
TS2_1a_to_PS2_2,qmaps_pdb_resname,TS2.1a,step_2_2a_RS.pdb,3.C6,23,C,3,IND,C6,IND.C6,IND.C6
TS2_1a_to_PS2_2,qmaps_pdb_resname,PS2.2,step_2_2b_PS.pdb,3.C6,23,C,3,IND,C6,IND.C6,IND.C6
TS2_1a_to_PS2_2,qmaps_pdb_resname,TS2.1a,step_2_2a_RS.pdb,3.C7,24,C,3,IND,C7,IND.C7,IND.C7
TS2_1a_to_PS2_2,qmaps_pdb_resname,PS2.2,step_2_2b_PS.pdb,3.C7,24,C,3,IND,C7,IND.C7,IND.C7
TS2_1a_to_PS2_2,qmaps_pdb_resname,TS2.1a,step_2_2a_RS.pdb,3.C8,25,C,3,IND,C8,IND.C8,IND.C8
TS2_1a_to_PS2_2,qmaps_pdb_resname,PS2.2,step_2_2b_PS.pdb,3.C8,25,C,3,IND,C8,IND.C8,IND.C8
TS2_1a_to_PS2_2,qmaps_pdb_resname,TS2.1a,step_2_2a_RS.pdb,3.C9,26,C,3,IND,C9,IND.C9,IND.C9
TS2_1a_to_PS2_2,qmaps_pdb_resname,PS2.2,step_2_2b_PS.pdb,3.C9,26,C,3,IND,C9,IND.C9,IND.C9
TS2_1a_to_PS2_2,qmaps_pdb_resname,TS2.1a,step_2_2a_RS.pdb,4.O3,27,W,4,WAT,O3,WAT.O3,WAT.O3
TS2_1a_to_PS2_2,qmaps_pdb_resname,PS2.2,step_2_2b_PS.pdb,4.O3,27,W,4,WAT,O3,WAT.O3,WAT.O3
TS2_1a_to_PS2_2,qmaps_pdb_resname,TS2.1a,step_2_2a_RS.pdb,1.H4,28,A,1,PAF,H4,PAF.H4,PAF.H4
TS2_1a_to_PS2_2,qmaps_pdb_resname,PS2.2,step_2_2b_PS.pdb,1.H4,28,A,1,PAF,H4,PAF.H4,PAF.H4
TS2_1a_to_PS2_2,qmaps_pdb_resname,TS2.1a,step_2_2a_RS.pdb,1.H22,29,A,1,PAF,H22,PAF.H22,PAF.H22
TS2_1a_to_PS2_2,qmaps_pdb_resname,PS2.2,step_2_2b_PS.pdb,1.H22,29,A,1,PAF,H22,PAF.H22,PAF.H22
TS2_1a_to_PS2_2,qmaps_pdb_resname,TS2.1a,step_2_2a_RS.pdb,1.H11,30,A,1,PAF,H11,PAF.H11,PAF.H11
TS2_1a_to_PS2_2,qmaps_pdb_resname,PS2.2,step_2_2b_PS.pdb,1.H11,30,A,1,PAF,H11,PAF.H11,PAF.H11
TS2_1a_to_PS2_2,qmaps_pdb_resname,TS2.1a,step_2_2a_RS.pdb,1.H9,31,A,1,PAF,H9,PAF.H9,PAF.H9
TS2_1a_to_PS2_2,qmaps_pdb_resname,PS2.2,step_2_2b_PS.pdb,1.H9,31,A,1,PAF,H9,PAF.H9,PAF.H9
TS2_1a_to_PS2_2,qmaps_pdb_resname,TS2.1a,step_2_2a_RS.pdb,1.H10,32,A,1,PAF,H10,PAF.H10,PAF.H10
TS2_1a_to_PS2_2,qmaps_pdb_resname,PS2.2,step_2_2b_PS.pdb,1.H10,32,A,1,PAF,H10,PAF.H10,PAF.H10
TS2_1a_to_PS2_2,qmaps_pdb_resname,TS2.1a,step_2_2a_RS.pdb,1.H12,33,A,1,PAF,H12,PAF.H12,PAF.H12
TS2_1a_to_PS2_2,qmaps_pdb_resname,PS2.2,step_2_2b_PS.pdb,1.H12,33,A,1,PAF,H12,PAF.H12,PAF.H12
TS2_1a_to_PS2_2,qmaps_pdb_resname,TS2.1a,step_2_2a_RS.pdb,1.H6,34,A,1,PAF,H6,PAF.H6,PAF.H6
TS2_1a_to_PS2_2,qmaps_pdb_resname,PS2.2,step_2_2b_PS.pdb,1.H6,34,A,1,PAF,H6,PAF.H6,PAF.H6
TS2_1a_to_PS2_2,qmaps_pdb_resname,TS2.1a,step_2_2a_RS.pdb,1.H7,35,A,1,PAF,H7,PAF.H7,PAF.H7
TS2_1a_to_PS2_2,qmaps_pdb_resname,PS2.2,step_2_2b_PS.pdb,1.H7,35,A,1,PAF,H7,PAF.H7,PAF.H7
TS2_1a_to_PS2_2,qmaps_pdb_resname,TS2.1a,step_2_2a_RS.pdb,1.H8,36,A,1,PAF,H8,PAF.H8,PAF.H8
TS2_1a_to_PS2_2,qmaps_pdb_resname,PS2.2,step_2_2b_PS.pdb,1.H8,36,A,1,PAF,H8,PAF.H8,PAF.H8
TS2_1a_to_PS2_2,qmaps_pdb_resname,TS2.1a,step_2_2a_RS.pdb,1.H2,37,A,1,PAF,H2,PAF.H2,PAF.H2
TS2_1a_to_PS2_2,qmaps_pdb_resname,PS2.2,step_2_2b_PS.pdb,1.H2,37,A,1,PAF,H2,PAF.H2,PAF.H2
TS2_1a_to_PS2_2,qmaps_pdb_resname,TS2.1a,step_2_2a_RS.pdb,2.H,38,A,2,NME,H,NME.H,NME.H
TS2_1a_to_PS2_2,qmaps_pdb_resname,PS2.2,step_2_2b_PS.pdb,2.H,38,A,2,NME,H,NME.H,NME.H
TS2_1a_to_PS2_2,qmaps_pdb_resname,TS2.1a,step_2_2a_RS.pdb,2.H12,39,B,2,ENL,H12,ENL.H12,ENL.H12
TS2_1a_to_PS2_2,qmaps_pdb_resname,PS2.2,step_2_2b_PS.pdb,2.H12,39,B,2,ENL,H12,ENL.H12,ENL.H12
TS2_1a_to_PS2_2,qmaps_pdb_resname,TS2.1a,step_2_2a_RS.pdb,2.H13,40,B,2,ENL,H13,ENL.H13,ENL.H13
TS2_1a_to_PS2_2,qmaps_pdb_resname,PS2.2,step_2_2b_PS.pdb,2.H13,40,B,2,ENL,H13,ENL.H13,ENL.H13
TS2_1a_to_PS2_2,qmaps_pdb_resname,TS2.1a,step_2_2a_RS.pdb,2.H14,41,B,2,ENL,H14,ENL.H14,ENL.H14
TS2_1a_to_PS2_2,qmaps_pdb_resname,PS2.2,step_2_2b_PS.pdb,2.H14,41,B,2,ENL,H14,ENL.H14,ENL.H14
TS2_1a_to_PS2_2,qmaps_pdb_resname,TS2.1a,step_2_2a_RS.pdb,2.H15,42,B,2,ENL,H15,ENL.H15,ENL.H15
TS2_1a_to_PS2_2,qmaps_pdb_resname,PS2.2,step_2_2b_PS.pdb,2.H15,42,B,2,ENL,H15,ENL.H15,ENL.H15
TS2_1a_to_PS2_2,qmaps_pdb_resname,TS2.1a,step_2_2a_RS.pdb,2.H16,43,B,2,ENL,H16,ENL.H16,ENL.H16
TS2_1a_to_PS2_2,qmaps_pdb_resname,PS2.2,step_2_2b_PS.pdb,2.H16,43,B,2,ENL,H16,ENL.H16,ENL.H16
TS2_1a_to_PS2_2,qmaps_pdb_resname,TS2.1a,step_2_2a_RS.pdb,2.H17,44,B,2,ENL,H17,ENL.H17,ENL.H17
TS2_1a_to_PS2_2,qmaps_pdb_resname,PS2.2,step_2_2b_PS.pdb,2.H17,44,B,2,ENL,H17,ENL.H17,ENL.H17
TS2_1a_to_PS2_2,qmaps_pdb_resname,TS2.1a,step_2_2a_RS.pdb,2.H18,45,B,2,ENL,H18,ENL.H18,ENL.H18
TS2_1a_to_PS2_2,qmaps_pdb_resname,PS2.2,step_2_2b_PS.pdb,2.H18,45,B,2,ENL,H18,ENL.H18,ENL.H18
TS2_1a_to_PS2_2,qmaps_pdb_resname,TS2.1a,step_2_2a_RS.pdb,2.H19,46,B,2,ENL,H19,ENL.H19,ENL.H19
TS2_1a_to_PS2_2,qmaps_pdb_resname,PS2.2,step_2_2b_PS.pdb,2.H19,46,B,2,ENL,H19,ENL.H19,ENL.H19
TS2_1a_to_PS2_2,qmaps_pdb_resname,TS2.1a,step_2_2a_RS.pdb,2.H20,47,B,2,ENL,H20,ENL.H20,ENL.H20
TS2_1a_to_PS2_2,qmaps_pdb_resname,PS2.2,step_2_2b_PS.pdb,2.H20,47,B,2,ENL,H20,ENL.H20,ENL.H20
TS2_1a_to_PS2_2,qmaps_pdb_resname,TS2.1a,step_2_2a_RS.pdb,2.H21,48,B,2,ENL,H21,ENL.H21,ENL.H21
TS2_1a_to_PS2_2,qmaps_pdb_resname,PS2.2,step_2_2b_PS.pdb,2.H21,48,B,2,ENL,H21,ENL.H21,ENL.H21
TS2_1a_to_PS2_2,qmaps_pdb_resname,TS2.1a,step_2_2a_RS.pdb,3.H1,49,C,3,IND,H1,IND.H1,IND.H1
TS2_1a_to_PS2_2,qmaps_pdb_resname,PS2.2,step_2_2b_PS.pdb,3.H1,49,C,3,IND,H1,IND.H1,IND.H1
TS2_1a_to_PS2_2,qmaps_pdb_resname,TS2.1a,step_2_2a_RS.pdb,3.H2,50,C,3,IND,H2,IND.H2,IND.H2
TS2_1a_to_PS2_2,qmaps_pdb_resname,PS2.2,step_2_2b_PS.pdb,3.H2,50,C,3,IND,H2,IND.H2,IND.H2
TS2_1a_to_PS2_2,qmaps_pdb_resname,TS2.1a,step_2_2a_RS.pdb,3.H3,51,C,3,IND,H3,IND.H3,IND.H3
TS2_1a_to_PS2_2,qmaps_pdb_resname,PS2.2,step_2_2b_PS.pdb,3.H3,51,C,3,IND,H3,IND.H3,IND.H3
TS2_1a_to_PS2_2,qmaps_pdb_resname,TS2.1a,step_2_2a_RS.pdb,3.H4,52,C,3,IND,H4,IND.H4,IND.H4
TS2_1a_to_PS2_2,qmaps_pdb_resname,PS2.2,step_2_2b_PS.pdb,3.H4,52,C,3,IND,H4,IND.H4,IND.H4
TS2_1a_to_PS2_2,qmaps_pdb_resname,TS2.1a,step_2_2a_RS.pdb,3.H5,53,C,3,IND,H5,IND.H5,IND.H5
TS2_1a_to_PS2_2,qmaps_pdb_resname,PS2.2,step_2_2b_PS.pdb,3.H5,53,C,3,IND,H5,IND.H5,IND.H5
TS2_1a_to_PS2_2,qmaps_pdb_resname,TS2.1a,step_2_2a_RS.pdb,3.H6,54,C,3,IND,H6,IND.H6,IND.H6
TS2_1a_to_PS2_2,qmaps_pdb_resname,PS2.2,step_2_2b_PS.pdb,3.H6,54,C,3,IND,H6,IND.H6,IND.H6
TS2_1a_to_PS2_2,qmaps_pdb_resname,TS2.1a,step_2_2a_RS.pdb,3.H7,55,C,3,IND,H7,IND.H7,IND.H7
TS2_1a_to_PS2_2,qmaps_pdb_resname,PS2.2,step_2_2b_PS.pdb,3.H7,55,C,3,IND,H7,IND.H7,IND.H7
TS2_1a_to_PS2_2,qmaps_pdb_resname,TS2.1a,step_2_2a_RS.pdb,3.H8,56,C,3,IND,H8,IND.H8,IND.H8
TS2_1a_to_PS2_2,qmaps_pdb_resname,PS2.2,step_2_2b_PS.pdb,3.H8,56,C,3,IND,H8,IND.H8,IND.H8
TS2_1a_to_PS2_2,qmaps_pdb_resname,TS2.1a,step_2_2a_RS.pdb,3.H9,57,C,3,IND,H9,IND.H9,IND.H9
TS2_1a_to_PS2_2,qmaps_pdb_resname,PS2.2,step_2_2b_PS.pdb,3.H9,57,C,3,IND,H9,IND.H9,IND.H9
TS2_1a_to_PS2_2,qmaps_pdb_resname,TS2.1a,step_2_2a_RS.pdb,4.H22,58,W,4,WAT,H22,WAT.H22,WAT.H22
TS2_1a_to_PS2_2,qmaps_pdb_resname,PS2.2,step_2_2b_PS.pdb,4.H22,58,W,4,WAT,H22,WAT.H22,WAT.H22
TS2_1a_to_PS2_2,qmaps_pdb_resname,TS2.1a,step_2_2a_RS.pdb,4.H23,59,W,4,WAT,H23,WAT.H23,WAT.H23
TS2_1a_to_PS2_2,qmaps_pdb_resname,PS2.2,step_2_2b_PS.pdb,4.H23,59,W,4,WAT,H23,WAT.H23,WAT.H23
TS2_1a_to_PS2_2,qmaps_pdb_resname,TS2.1a,step_2_2a_RS.pdb,5.O3,60,X,5,WA2,O3,WA2.O3,WA2.O3
TS2_1a_to_PS2_2,qmaps_pdb_resname,PS2.2,step_2_2b_PS.pdb,5.O3,60,X,5,WA2,O3,WA2.O3,WA2.O3
TS2_1a_to_PS2_2,qmaps_pdb_resname,TS2.1a,step_2_2a_RS.pdb,5.H22,61,X,5,WA2,H22,WA2.H22,WA2.H22
TS2_1a_to_PS2_2,qmaps_pdb_resname,PS2.2,step_2_2b_PS.pdb,5.H22,61,X,5,WA2,H22,WA2.H22,WA2.H22
TS2_1a_to_PS2_2,qmaps_pdb_resname,TS2.1a,step_2_2a_RS.pdb,5.H23,62,X,5,WA2,H23,WA2.H23,WA2.H23
TS2_1a_to_PS2_2,qmaps_pdb_resname,PS2.2,step_2_2b_PS.pdb,5.H23,62,X,5,WA2,H23,WA2.H23,WA2.H23
TS2_1a_to_PS2_2,qmaps_pdb_resname,TS2.1a,step_2_2a_RS.pdb,1.N1,63,A,1,PAF,N1,PAF.N1,PAF.N1
TS2_1a_to_PS2_2,qmaps_pdb_resname,PS2.2,step_2_2b_PS.pdb,1.N1,63,A,1,PAF,N1,PAF.N1,PAF.N1
TS2_1a_to_PS2_2,qmaps_pdb_resname,TS2.1a,step_2_2a_RS.pdb,1.C6,64,A,1,PAF,C6,PAF.C6,PAF.C6
TS2_1a_to_PS2_2,qmaps_pdb_resname,PS2.2,step_2_2b_PS.pdb,1.C6,64,A,1,PAF,C6,PAF.C6,PAF.C6
TS2_1a_to_PS2_2,qmaps_pdb_resname,TS2.1a,step_2_2a_RS.pdb,1.O2,65,A,1,PAF,O2,PAF.O2,PAF.O2
TS2_1a_to_PS2_2,qmaps_pdb_resname,PS2.2,step_2_2b_PS.pdb,1.O2,65,A,1,PAF,O2,PAF.O2,PAF.O2
TS2_1a_to_PS2_2,qmaps_pdb_resname,TS2.1a,step_2_2a_RS.pdb,0.CH3,66,A,0,ACE,CH3,ACE.CH3,ACE.CH3
TS2_1a_to_PS2_2,qmaps_pdb_resname,PS2.2,step_2_2b_PS.pdb,0.CH3,66,A,0,ACE,CH3,ACE.CH3,ACE.CH3
TS2_1a_to_PS2_2,qmaps_pdb_resname,TS2.1a,step_2_2a_RS.pdb,0.C,67,A,0,ACE,C,ACE.C,ACE.C
TS2_1a_to_PS2_2,qmaps_pdb_resname,PS2.2,step_2_2b_PS.pdb,0.C,67,A,0,ACE,C,ACE.C,ACE.C
TS2_1a_to_PS2_2,qmaps_pdb_resname,TS2.1a,step_2_2a_RS.pdb,0.O,68,A,0,ACE,O,ACE.O,ACE.O
TS2_1a_to_PS2_2,qmaps_pdb_resname,PS2.2,step_2_2b_PS.pdb,0.O,68,A,0,ACE,O,ACE.O,ACE.O
TS2_1a_to_PS2_2,qmaps_pdb_resname,TS2.1a,step_2_2a_RS.pdb,0.HH31,69,A,0,ACE,HH31,ACE.HH31,ACE.HH31
TS2_1a_to_PS2_2,qmaps_pdb_resname,PS2.2,step_2_2b_PS.pdb,0.HH31,69,A,0,ACE,HH31,ACE.HH31,ACE.HH31
TS2_1a_to_PS2_2,qmaps_pdb_resname,TS2.1a,step_2_2a_RS.pdb,0.HH32,70,A,0,ACE,HH32,ACE.HH32,ACE.HH32
TS2_1a_to_PS2_2,qmaps_pdb_resname,PS2.2,step_2_2b_PS.pdb,0.HH32,70,A,0,ACE,HH32,ACE.HH32,ACE.HH32
TS2_1a_to_PS2_2,qmaps_pdb_resname,TS2.1a,step_2_2a_RS.pdb,0.HH33,71,A,0,ACE,HH33,ACE.HH33,ACE.HH33
TS2_1a_to_PS2_2,qmaps_pdb_resname,PS2.2,step_2_2b_PS.pdb,0.HH33,71,A,0,ACE,HH33,ACE.HH33,ACE.HH33
TS2_1a_to_PS2_2,qmaps_pdb_resname,TS2.1a,step_2_2a_RS.pdb,2.N,72,A,2,NME,N,NME.N,NME.N
TS2_1a_to_PS2_2,qmaps_pdb_resname,PS2.2,step_2_2b_PS.pdb,2.N,72,A,2,NME,N,NME.N,NME.N
TS2_1a_to_PS2_2,qmaps_pdb_resname,TS2.1a,step_2_2a_RS.pdb,2.CH3,73,A,2,NME,CH3,NME.CH3,NME.CH3
TS2_1a_to_PS2_2,qmaps_pdb_resname,PS2.2,step_2_2b_PS.pdb,2.CH3,73,A,2,NME,CH3,NME.CH3,NME.CH3
TS2_1a_to_PS2_2,qmaps_pdb_resname,TS2.1a,step_2_2a_RS.pdb,2.HH31,74,A,2,NME,HH31,NME.HH31,NME.HH31
TS2_1a_to_PS2_2,qmaps_pdb_resname,PS2.2,step_2_2b_PS.pdb,2.HH31,74,A,2,NME,HH31,NME.HH31,NME.HH31
TS2_1a_to_PS2_2,qmaps_pdb_resname,TS2.1a,step_2_2a_RS.pdb,2.HH32,75,A,2,NME,HH32,NME.HH32,NME.HH32
TS2_1a_to_PS2_2,qmaps_pdb_resname,PS2.2,step_2_2b_PS.pdb,2.HH32,75,A,2,NME,HH32,NME.HH32,NME.HH32
TS2_1a_to_PS2_2,qmaps_pdb_resname,TS2.1a,step_2_2a_RS.pdb,2.HH33,76,A,2,NME,HH33,NME.HH33,NME.HH33
TS2_1a_to_PS2_2,qmaps_pdb_resname,PS2.2,step_2_2b_PS.pdb,2.HH33,76,A,2,NME,HH33,NME.HH33,NME.HH33
TS2_1a_to_PS2_2,qmaps_state_alias,TS2.1a,step_2_2a_RS.pdb,1.N2,1,A,1,PAF,N2,PAF.N2,T21P.N2
TS2_1a_to_PS2_2,qmaps_state_alias,PS2.2,step_2_2b_PS.pdb,1.N2,1,A,1,PAF,N2,PAF.N2,P22P.N2
TS2_1a_to_PS2_2,qmaps_state_alias,TS2.1a,step_2_2a_RS.pdb,1.C9,2,A,1,PAF,C9,PAF.C9,T21P.C9
TS2_1a_to_PS2_2,qmaps_state_alias,PS2.2,step_2_2b_PS.pdb,1.C9,2,A,1,PAF,C9,PAF.C9,P22P.C9
TS2_1a_to_PS2_2,qmaps_state_alias,TS2.1a,step_2_2a_RS.pdb,1.C7,3,A,1,PAF,C7,PAF.C7,T21P.C7
TS2_1a_to_PS2_2,qmaps_state_alias,PS2.2,step_2_2b_PS.pdb,1.C7,3,A,1,PAF,C7,PAF.C7,P22P.C7
TS2_1a_to_PS2_2,qmaps_state_alias,TS2.1a,step_2_2a_RS.pdb,1.C4,4,A,1,PAF,C4,PAF.C4,T21P.C4
TS2_1a_to_PS2_2,qmaps_state_alias,PS2.2,step_2_2b_PS.pdb,1.C4,4,A,1,PAF,C4,PAF.C4,P22P.C4
TS2_1a_to_PS2_2,qmaps_state_alias,TS2.1a,step_2_2a_RS.pdb,1.C3,5,A,1,PAF,C3,PAF.C3,T21P.C3
TS2_1a_to_PS2_2,qmaps_state_alias,PS2.2,step_2_2b_PS.pdb,1.C3,5,A,1,PAF,C3,PAF.C3,P22P.C3
TS2_1a_to_PS2_2,qmaps_state_alias,TS2.1a,step_2_2a_RS.pdb,1.C5,6,A,1,PAF,C5,PAF.C5,T21P.C5
TS2_1a_to_PS2_2,qmaps_state_alias,PS2.2,step_2_2b_PS.pdb,1.C5,6,A,1,PAF,C5,PAF.C5,P22P.C5
TS2_1a_to_PS2_2,qmaps_state_alias,TS2.1a,step_2_2a_RS.pdb,1.C8,7,A,1,PAF,C8,PAF.C8,T21P.C8
TS2_1a_to_PS2_2,qmaps_state_alias,PS2.2,step_2_2b_PS.pdb,1.C8,7,A,1,PAF,C8,PAF.C8,P22P.C8
TS2_1a_to_PS2_2,qmaps_state_alias,TS2.1a,step_2_2a_RS.pdb,1.C1,8,A,1,PAF,C1,PAF.C1,T21P.C1
TS2_1a_to_PS2_2,qmaps_state_alias,PS2.2,step_2_2b_PS.pdb,1.C1,8,A,1,PAF,C1,PAF.C1,P22P.C1
TS2_1a_to_PS2_2,qmaps_state_alias,TS2.1a,step_2_2a_RS.pdb,1.C2,9,A,1,PAF,C2,PAF.C2,T21P.C2
TS2_1a_to_PS2_2,qmaps_state_alias,PS2.2,step_2_2b_PS.pdb,1.C2,9,A,1,PAF,C2,PAF.C2,P22P.C2
TS2_1a_to_PS2_2,qmaps_state_alias,TS2.1a,step_2_2a_RS.pdb,2.C10,10,B,2,ENL,C10,ENL.C10,T21E.C10
TS2_1a_to_PS2_2,qmaps_state_alias,PS2.2,step_2_2b_PS.pdb,2.C10,10,B,2,ENL,C10,ENL.C10,P22E.C10
TS2_1a_to_PS2_2,qmaps_state_alias,TS2.1a,step_2_2a_RS.pdb,2.C11,11,B,2,ENL,C11,ENL.C11,T21E.C11
TS2_1a_to_PS2_2,qmaps_state_alias,PS2.2,step_2_2b_PS.pdb,2.C11,11,B,2,ENL,C11,ENL.C11,P22E.C11
TS2_1a_to_PS2_2,qmaps_state_alias,TS2.1a,step_2_2a_RS.pdb,2.C12,12,B,2,ENL,C12,ENL.C12,T21E.C12
TS2_1a_to_PS2_2,qmaps_state_alias,PS2.2,step_2_2b_PS.pdb,2.C12,12,B,2,ENL,C12,ENL.C12,P22E.C12
TS2_1a_to_PS2_2,qmaps_state_alias,TS2.1a,step_2_2a_RS.pdb,2.C13,13,B,2,ENL,C13,ENL.C13,T21E.C13
TS2_1a_to_PS2_2,qmaps_state_alias,PS2.2,step_2_2b_PS.pdb,2.C13,13,B,2,ENL,C13,ENL.C13,P22E.C13
TS2_1a_to_PS2_2,qmaps_state_alias,TS2.1a,step_2_2a_RS.pdb,2.C14,14,B,2,ENL,C14,ENL.C14,T21E.C14
TS2_1a_to_PS2_2,qmaps_state_alias,PS2.2,step_2_2b_PS.pdb,2.C14,14,B,2,ENL,C14,ENL.C14,P22E.C14
TS2_1a_to_PS2_2,qmaps_state_alias,TS2.1a,step_2_2a_RS.pdb,2.C15,15,B,2,ENL,C15,ENL.C15,T21E.C15
TS2_1a_to_PS2_2,qmaps_state_alias,PS2.2,step_2_2b_PS.pdb,2.C15,15,B,2,ENL,C15,ENL.C15,P22E.C15
TS2_1a_to_PS2_2,qmaps_state_alias,TS2.1a,step_2_2a_RS.pdb,2.O1,16,B,2,ENL,O1,ENL.O1,T21E.O1
TS2_1a_to_PS2_2,qmaps_state_alias,PS2.2,step_2_2b_PS.pdb,2.O1,16,B,2,ENL,O1,ENL.O1,P22E.O1
TS2_1a_to_PS2_2,qmaps_state_alias,TS2.1a,step_2_2a_RS.pdb,3.N1,17,C,3,IND,N1,IND.N1,T21I.N1
TS2_1a_to_PS2_2,qmaps_state_alias,PS2.2,step_2_2b_PS.pdb,3.N1,17,C,3,IND,N1,IND.N1,P22I.N1
TS2_1a_to_PS2_2,qmaps_state_alias,TS2.1a,step_2_2a_RS.pdb,3.C1,18,C,3,IND,C1,IND.C1,T21I.C1
TS2_1a_to_PS2_2,qmaps_state_alias,PS2.2,step_2_2b_PS.pdb,3.C1,18,C,3,IND,C1,IND.C1,P22I.C1
TS2_1a_to_PS2_2,qmaps_state_alias,TS2.1a,step_2_2a_RS.pdb,3.C2,19,C,3,IND,C2,IND.C2,T21I.C2
TS2_1a_to_PS2_2,qmaps_state_alias,PS2.2,step_2_2b_PS.pdb,3.C2,19,C,3,IND,C2,IND.C2,P22I.C2
TS2_1a_to_PS2_2,qmaps_state_alias,TS2.1a,step_2_2a_RS.pdb,3.C3,20,C,3,IND,C3,IND.C3,T21I.C3
TS2_1a_to_PS2_2,qmaps_state_alias,PS2.2,step_2_2b_PS.pdb,3.C3,20,C,3,IND,C3,IND.C3,P22I.C3
TS2_1a_to_PS2_2,qmaps_state_alias,TS2.1a,step_2_2a_RS.pdb,3.C4,21,C,3,IND,C4,IND.C4,T21I.C4
TS2_1a_to_PS2_2,qmaps_state_alias,PS2.2,step_2_2b_PS.pdb,3.C4,21,C,3,IND,C4,IND.C4,P22I.C4
TS2_1a_to_PS2_2,qmaps_state_alias,TS2.1a,step_2_2a_RS.pdb,3.C5,22,C,3,IND,C5,IND.C5,T21I.C5
TS2_1a_to_PS2_2,qmaps_state_alias,PS2.2,step_2_2b_PS.pdb,3.C5,22,C,3,IND,C5,IND.C5,P22I.C5
TS2_1a_to_PS2_2,qmaps_state_alias,TS2.1a,step_2_2a_RS.pdb,3.C6,23,C,3,IND,C6,IND.C6,T21I.C6
TS2_1a_to_PS2_2,qmaps_state_alias,PS2.2,step_2_2b_PS.pdb,3.C6,23,C,3,IND,C6,IND.C6,P22I.C6
TS2_1a_to_PS2_2,qmaps_state_alias,TS2.1a,step_2_2a_RS.pdb,3.C7,24,C,3,IND,C7,IND.C7,T21I.C7
TS2_1a_to_PS2_2,qmaps_state_alias,PS2.2,step_2_2b_PS.pdb,3.C7,24,C,3,IND,C7,IND.C7,P22I.C7
TS2_1a_to_PS2_2,qmaps_state_alias,TS2.1a,step_2_2a_RS.pdb,3.C8,25,C,3,IND,C8,IND.C8,T21I.C8
TS2_1a_to_PS2_2,qmaps_state_alias,PS2.2,step_2_2b_PS.pdb,3.C8,25,C,3,IND,C8,IND.C8,P22I.C8
TS2_1a_to_PS2_2,qmaps_state_alias,TS2.1a,step_2_2a_RS.pdb,3.C9,26,C,3,IND,C9,IND.C9,T21I.C9
TS2_1a_to_PS2_2,qmaps_state_alias,PS2.2,step_2_2b_PS.pdb,3.C9,26,C,3,IND,C9,IND.C9,P22I.C9
TS2_1a_to_PS2_2,qmaps_state_alias,TS2.1a,step_2_2a_RS.pdb,4.O3,27,W,4,WAT,O3,WAT.O3,T21W.O3
TS2_1a_to_PS2_2,qmaps_state_alias,PS2.2,step_2_2b_PS.pdb,4.O3,27,W,4,WAT,O3,WAT.O3,P22W.O3
TS2_1a_to_PS2_2,qmaps_state_alias,TS2.1a,step_2_2a_RS.pdb,1.H4,28,A,1,PAF,H4,PAF.H4,T21P.H4
TS2_1a_to_PS2_2,qmaps_state_alias,PS2.2,step_2_2b_PS.pdb,1.H4,28,A,1,PAF,H4,PAF.H4,P22P.H4
TS2_1a_to_PS2_2,qmaps_state_alias,TS2.1a,step_2_2a_RS.pdb,1.H22,29,A,1,PAF,H22,PAF.H22,T21P.H22
TS2_1a_to_PS2_2,qmaps_state_alias,PS2.2,step_2_2b_PS.pdb,1.H22,29,A,1,PAF,H22,PAF.H22,P22P.H22
TS2_1a_to_PS2_2,qmaps_state_alias,TS2.1a,step_2_2a_RS.pdb,1.H11,30,A,1,PAF,H11,PAF.H11,T21P.H11
TS2_1a_to_PS2_2,qmaps_state_alias,PS2.2,step_2_2b_PS.pdb,1.H11,30,A,1,PAF,H11,PAF.H11,P22P.H11
TS2_1a_to_PS2_2,qmaps_state_alias,TS2.1a,step_2_2a_RS.pdb,1.H9,31,A,1,PAF,H9,PAF.H9,T21P.H9
TS2_1a_to_PS2_2,qmaps_state_alias,PS2.2,step_2_2b_PS.pdb,1.H9,31,A,1,PAF,H9,PAF.H9,P22P.H9
TS2_1a_to_PS2_2,qmaps_state_alias,TS2.1a,step_2_2a_RS.pdb,1.H10,32,A,1,PAF,H10,PAF.H10,T21P.H10
TS2_1a_to_PS2_2,qmaps_state_alias,PS2.2,step_2_2b_PS.pdb,1.H10,32,A,1,PAF,H10,PAF.H10,P22P.H10
TS2_1a_to_PS2_2,qmaps_state_alias,TS2.1a,step_2_2a_RS.pdb,1.H12,33,A,1,PAF,H12,PAF.H12,T21P.H12
TS2_1a_to_PS2_2,qmaps_state_alias,PS2.2,step_2_2b_PS.pdb,1.H12,33,A,1,PAF,H12,PAF.H12,P22P.H12
TS2_1a_to_PS2_2,qmaps_state_alias,TS2.1a,step_2_2a_RS.pdb,1.H6,34,A,1,PAF,H6,PAF.H6,T21P.H6
TS2_1a_to_PS2_2,qmaps_state_alias,PS2.2,step_2_2b_PS.pdb,1.H6,34,A,1,PAF,H6,PAF.H6,P22P.H6
TS2_1a_to_PS2_2,qmaps_state_alias,TS2.1a,step_2_2a_RS.pdb,1.H7,35,A,1,PAF,H7,PAF.H7,T21P.H7
TS2_1a_to_PS2_2,qmaps_state_alias,PS2.2,step_2_2b_PS.pdb,1.H7,35,A,1,PAF,H7,PAF.H7,P22P.H7
TS2_1a_to_PS2_2,qmaps_state_alias,TS2.1a,step_2_2a_RS.pdb,1.H8,36,A,1,PAF,H8,PAF.H8,T21P.H8
TS2_1a_to_PS2_2,qmaps_state_alias,PS2.2,step_2_2b_PS.pdb,1.H8,36,A,1,PAF,H8,PAF.H8,P22P.H8
TS2_1a_to_PS2_2,qmaps_state_alias,TS2.1a,step_2_2a_RS.pdb,1.H2,37,A,1,PAF,H2,PAF.H2,T21P.H2
TS2_1a_to_PS2_2,qmaps_state_alias,PS2.2,step_2_2b_PS.pdb,1.H2,37,A,1,PAF,H2,PAF.H2,P22P.H2
TS2_1a_to_PS2_2,qmaps_state_alias,TS2.1a,step_2_2a_RS.pdb,2.H,38,A,2,NME,H,NME.H,T21N.H
TS2_1a_to_PS2_2,qmaps_state_alias,PS2.2,step_2_2b_PS.pdb,2.H,38,A,2,NME,H,NME.H,P22N.H
TS2_1a_to_PS2_2,qmaps_state_alias,TS2.1a,step_2_2a_RS.pdb,2.H12,39,B,2,ENL,H12,ENL.H12,T21E.H12
TS2_1a_to_PS2_2,qmaps_state_alias,PS2.2,step_2_2b_PS.pdb,2.H12,39,B,2,ENL,H12,ENL.H12,P22E.H12
TS2_1a_to_PS2_2,qmaps_state_alias,TS2.1a,step_2_2a_RS.pdb,2.H13,40,B,2,ENL,H13,ENL.H13,T21E.H13
TS2_1a_to_PS2_2,qmaps_state_alias,PS2.2,step_2_2b_PS.pdb,2.H13,40,B,2,ENL,H13,ENL.H13,P22E.H13
TS2_1a_to_PS2_2,qmaps_state_alias,TS2.1a,step_2_2a_RS.pdb,2.H14,41,B,2,ENL,H14,ENL.H14,T21E.H14
TS2_1a_to_PS2_2,qmaps_state_alias,PS2.2,step_2_2b_PS.pdb,2.H14,41,B,2,ENL,H14,ENL.H14,P22E.H14
TS2_1a_to_PS2_2,qmaps_state_alias,TS2.1a,step_2_2a_RS.pdb,2.H15,42,B,2,ENL,H15,ENL.H15,T21E.H15
TS2_1a_to_PS2_2,qmaps_state_alias,PS2.2,step_2_2b_PS.pdb,2.H15,42,B,2,ENL,H15,ENL.H15,P22E.H15
TS2_1a_to_PS2_2,qmaps_state_alias,TS2.1a,step_2_2a_RS.pdb,2.H16,43,B,2,ENL,H16,ENL.H16,T21E.H16
TS2_1a_to_PS2_2,qmaps_state_alias,PS2.2,step_2_2b_PS.pdb,2.H16,43,B,2,ENL,H16,ENL.H16,P22E.H16
TS2_1a_to_PS2_2,qmaps_state_alias,TS2.1a,step_2_2a_RS.pdb,2.H17,44,B,2,ENL,H17,ENL.H17,T21E.H17
TS2_1a_to_PS2_2,qmaps_state_alias,PS2.2,step_2_2b_PS.pdb,2.H17,44,B,2,ENL,H17,ENL.H17,P22E.H17
TS2_1a_to_PS2_2,qmaps_state_alias,TS2.1a,step_2_2a_RS.pdb,2.H18,45,B,2,ENL,H18,ENL.H18,T21E.H18
TS2_1a_to_PS2_2,qmaps_state_alias,PS2.2,step_2_2b_PS.pdb,2.H18,45,B,2,ENL,H18,ENL.H18,P22E.H18
TS2_1a_to_PS2_2,qmaps_state_alias,TS2.1a,step_2_2a_RS.pdb,2.H19,46,B,2,ENL,H19,ENL.H19,T21E.H19
TS2_1a_to_PS2_2,qmaps_state_alias,PS2.2,step_2_2b_PS.pdb,2.H19,46,B,2,ENL,H19,ENL.H19,P22E.H19
TS2_1a_to_PS2_2,qmaps_state_alias,TS2.1a,step_2_2a_RS.pdb,2.H20,47,B,2,ENL,H20,ENL.H20,T21E.H20
TS2_1a_to_PS2_2,qmaps_state_alias,PS2.2,step_2_2b_PS.pdb,2.H20,47,B,2,ENL,H20,ENL.H20,P22E.H20
TS2_1a_to_PS2_2,qmaps_state_alias,TS2.1a,step_2_2a_RS.pdb,2.H21,48,B,2,ENL,H21,ENL.H21,T21E.H21
TS2_1a_to_PS2_2,qmaps_state_alias,PS2.2,step_2_2b_PS.pdb,2.H21,48,B,2,ENL,H21,ENL.H21,P22E.H21
TS2_1a_to_PS2_2,qmaps_state_alias,TS2.1a,step_2_2a_RS.pdb,3.H1,49,C,3,IND,H1,IND.H1,T21I.H1
TS2_1a_to_PS2_2,qmaps_state_alias,PS2.2,step_2_2b_PS.pdb,3.H1,49,C,3,IND,H1,IND.H1,P22I.H1
TS2_1a_to_PS2_2,qmaps_state_alias,TS2.1a,step_2_2a_RS.pdb,3.H2,50,C,3,IND,H2,IND.H2,T21I.H2
TS2_1a_to_PS2_2,qmaps_state_alias,PS2.2,step_2_2b_PS.pdb,3.H2,50,C,3,IND,H2,IND.H2,P22I.H2
TS2_1a_to_PS2_2,qmaps_state_alias,TS2.1a,step_2_2a_RS.pdb,3.H3,51,C,3,IND,H3,IND.H3,T21I.H3
TS2_1a_to_PS2_2,qmaps_state_alias,PS2.2,step_2_2b_PS.pdb,3.H3,51,C,3,IND,H3,IND.H3,P22I.H3
TS2_1a_to_PS2_2,qmaps_state_alias,TS2.1a,step_2_2a_RS.pdb,3.H4,52,C,3,IND,H4,IND.H4,T21I.H4
TS2_1a_to_PS2_2,qmaps_state_alias,PS2.2,step_2_2b_PS.pdb,3.H4,52,C,3,IND,H4,IND.H4,P22I.H4
TS2_1a_to_PS2_2,qmaps_state_alias,TS2.1a,step_2_2a_RS.pdb,3.H5,53,C,3,IND,H5,IND.H5,T21I.H5
TS2_1a_to_PS2_2,qmaps_state_alias,PS2.2,step_2_2b_PS.pdb,3.H5,53,C,3,IND,H5,IND.H5,P22I.H5
TS2_1a_to_PS2_2,qmaps_state_alias,TS2.1a,step_2_2a_RS.pdb,3.H6,54,C,3,IND,H6,IND.H6,T21I.H6
TS2_1a_to_PS2_2,qmaps_state_alias,PS2.2,step_2_2b_PS.pdb,3.H6,54,C,3,IND,H6,IND.H6,P22I.H6
TS2_1a_to_PS2_2,qmaps_state_alias,TS2.1a,step_2_2a_RS.pdb,3.H7,55,C,3,IND,H7,IND.H7,T21I.H7
TS2_1a_to_PS2_2,qmaps_state_alias,PS2.2,step_2_2b_PS.pdb,3.H7,55,C,3,IND,H7,IND.H7,P22I.H7
TS2_1a_to_PS2_2,qmaps_state_alias,TS2.1a,step_2_2a_RS.pdb,3.H8,56,C,3,IND,H8,IND.H8,T21I.H8
TS2_1a_to_PS2_2,qmaps_state_alias,PS2.2,step_2_2b_PS.pdb,3.H8,56,C,3,IND,H8,IND.H8,P22I.H8
TS2_1a_to_PS2_2,qmaps_state_alias,TS2.1a,step_2_2a_RS.pdb,3.H9,57,C,3,IND,H9,IND.H9,T21I.H9
TS2_1a_to_PS2_2,qmaps_state_alias,PS2.2,step_2_2b_PS.pdb,3.H9,57,C,3,IND,H9,IND.H9,P22I.H9
TS2_1a_to_PS2_2,qmaps_state_alias,TS2.1a,step_2_2a_RS.pdb,4.H22,58,W,4,WAT,H22,WAT.H22,T21W.H22
TS2_1a_to_PS2_2,qmaps_state_alias,PS2.2,step_2_2b_PS.pdb,4.H22,58,W,4,WAT,H22,WAT.H22,P22W.H22
TS2_1a_to_PS2_2,qmaps_state_alias,TS2.1a,step_2_2a_RS.pdb,4.H23,59,W,4,WAT,H23,WAT.H23,T21W.H23
TS2_1a_to_PS2_2,qmaps_state_alias,PS2.2,step_2_2b_PS.pdb,4.H23,59,W,4,WAT,H23,WAT.H23,P22W.H23
TS2_1a_to_PS2_2,qmaps_state_alias,TS2.1a,step_2_2a_RS.pdb,5.O3,60,X,5,WA2,O3,WA2.O3,T212.O3
TS2_1a_to_PS2_2,qmaps_state_alias,PS2.2,step_2_2b_PS.pdb,5.O3,60,X,5,WA2,O3,WA2.O3,P222.O3
TS2_1a_to_PS2_2,qmaps_state_alias,TS2.1a,step_2_2a_RS.pdb,5.H22,61,X,5,WA2,H22,WA2.H22,T212.H22
TS2_1a_to_PS2_2,qmaps_state_alias,PS2.2,step_2_2b_PS.pdb,5.H22,61,X,5,WA2,H22,WA2.H22,P222.H22
TS2_1a_to_PS2_2,qmaps_state_alias,TS2.1a,step_2_2a_RS.pdb,5.H23,62,X,5,WA2,H23,WA2.H23,T212.H23
TS2_1a_to_PS2_2,qmaps_state_alias,PS2.2,step_2_2b_PS.pdb,5.H23,62,X,5,WA2,H23,WA2.H23,P222.H23
TS2_1a_to_PS2_2,qmaps_state_alias,TS2.1a,step_2_2a_RS.pdb,1.N1,63,A,1,PAF,N1,PAF.N1,T21P.N1
TS2_1a_to_PS2_2,qmaps_state_alias,PS2.2,step_2_2b_PS.pdb,1.N1,63,A,1,PAF,N1,PAF.N1,P22P.N1
TS2_1a_to_PS2_2,qmaps_state_alias,TS2.1a,step_2_2a_RS.pdb,1.C6,64,A,1,PAF,C6,PAF.C6,T21P.C6
TS2_1a_to_PS2_2,qmaps_state_alias,PS2.2,step_2_2b_PS.pdb,1.C6,64,A,1,PAF,C6,PAF.C6,P22P.C6
TS2_1a_to_PS2_2,qmaps_state_alias,TS2.1a,step_2_2a_RS.pdb,1.O2,65,A,1,PAF,O2,PAF.O2,T21P.O2
TS2_1a_to_PS2_2,qmaps_state_alias,PS2.2,step_2_2b_PS.pdb,1.O2,65,A,1,PAF,O2,PAF.O2,P22P.O2
TS2_1a_to_PS2_2,qmaps_state_alias,TS2.1a,step_2_2a_RS.pdb,0.CH3,66,A,0,ACE,CH3,ACE.CH3,T21A.CH3
TS2_1a_to_PS2_2,qmaps_state_alias,PS2.2,step_2_2b_PS.pdb,0.CH3,66,A,0,ACE,CH3,ACE.CH3,P22A.CH3
TS2_1a_to_PS2_2,qmaps_state_alias,TS2.1a,step_2_2a_RS.pdb,0.C,67,A,0,ACE,C,ACE.C,T21A.C
TS2_1a_to_PS2_2,qmaps_state_alias,PS2.2,step_2_2b_PS.pdb,0.C,67,A,0,ACE,C,ACE.C,P22A.C
TS2_1a_to_PS2_2,qmaps_state_alias,TS2.1a,step_2_2a_RS.pdb,0.O,68,A,0,ACE,O,ACE.O,T21A.O
TS2_1a_to_PS2_2,qmaps_state_alias,PS2.2,step_2_2b_PS.pdb,0.O,68,A,0,ACE,O,ACE.O,P22A.O
TS2_1a_to_PS2_2,qmaps_state_alias,TS2.1a,step_2_2a_RS.pdb,0.HH31,69,A,0,ACE,HH31,ACE.HH31,T21A.HH31
TS2_1a_to_PS2_2,qmaps_state_alias,PS2.2,step_2_2b_PS.pdb,0.HH31,69,A,0,ACE,HH31,ACE.HH31,P22A.HH31
TS2_1a_to_PS2_2,qmaps_state_alias,TS2.1a,step_2_2a_RS.pdb,0.HH32,70,A,0,ACE,HH32,ACE.HH32,T21A.HH32
TS2_1a_to_PS2_2,qmaps_state_alias,PS2.2,step_2_2b_PS.pdb,0.HH32,70,A,0,ACE,HH32,ACE.HH32,P22A.HH32
TS2_1a_to_PS2_2,qmaps_state_alias,TS2.1a,step_2_2a_RS.pdb,0.HH33,71,A,0,ACE,HH33,ACE.HH33,T21A.HH33
TS2_1a_to_PS2_2,qmaps_state_alias,PS2.2,step_2_2b_PS.pdb,0.HH33,71,A,0,ACE,HH33,ACE.HH33,P22A.HH33
TS2_1a_to_PS2_2,qmaps_state_alias,TS2.1a,step_2_2a_RS.pdb,2.N,72,A,2,NME,N,NME.N,T21N.N
TS2_1a_to_PS2_2,qmaps_state_alias,PS2.2,step_2_2b_PS.pdb,2.N,72,A,2,NME,N,NME.N,P22N.N
TS2_1a_to_PS2_2,qmaps_state_alias,TS2.1a,step_2_2a_RS.pdb,2.CH3,73,A,2,NME,CH3,NME.CH3,T21N.CH3
TS2_1a_to_PS2_2,qmaps_state_alias,PS2.2,step_2_2b_PS.pdb,2.CH3,73,A,2,NME,CH3,NME.CH3,P22N.CH3
TS2_1a_to_PS2_2,qmaps_state_alias,TS2.1a,step_2_2a_RS.pdb,2.HH31,74,A,2,NME,HH31,NME.HH31,T21N.HH31
TS2_1a_to_PS2_2,qmaps_state_alias,PS2.2,step_2_2b_PS.pdb,2.HH31,74,A,2,NME,HH31,NME.HH31,P22N.HH31
TS2_1a_to_PS2_2,qmaps_state_alias,TS2.1a,step_2_2a_RS.pdb,2.HH32,75,A,2,NME,HH32,NME.HH32,T21N.HH32
TS2_1a_to_PS2_2,qmaps_state_alias,PS2.2,step_2_2b_PS.pdb,2.HH32,75,A,2,NME,HH32,NME.HH32,P22N.HH32
TS2_1a_to_PS2_2,qmaps_state_alias,TS2.1a,step_2_2a_RS.pdb,2.HH33,76,A,2,NME,HH33,NME.HH33,T21N.HH33
TS2_1a_to_PS2_2,qmaps_state_alias,PS2.2,step_2_2b_PS.pdb,2.HH33,76,A,2,NME,HH33,NME.HH33,P22N.HH33
