$hessian                                                                        
        0.5866715220   0.1068291097  -0.1072212144  -0.2991627477  -0.0111690848
       -0.0080519014  -0.0351921986  -0.0165103313  -0.0104916290   0.0028910925
       -0.0026026685  -0.0004072021  -0.0017462340   0.0002703571  -0.0001738077
        0.0025620630   0.0018387229   0.0033287112  -0.0452856646   0.0059013711
        0.0121389261   0.0000794045  -0.0002115854  -0.0000923853  -0.0012750413
        0.0000696593   0.0000751975  -0.0094927669  -0.0164412305   0.0130117702
        0.0056059901   0.0057481606   0.0047393812  -0.0026438942  -0.0034327187
       -0.0035605775   0.0002450119   0.0014309898   0.0003198355   0.0004267611
       -0.0003565439   0.0001129998  -0.0001274316   0.0002506793  -0.0001724445
       -0.0030563881   0.0095022102  -0.0080131510  -0.0023473048  -0.0006927495
       -0.0005089078  -0.1090506358   0.0304826158   0.1290938019  -0.0867774715
       -0.1200691693  -0.0283712416   0.0016376464   0.0018061564   0.0000045843
       -0.0007830000  -0.0001949246  -0.0001000236  -0.0011143737  -0.0001614642
        0.0003254469   0.0019956833   0.0001378359  -0.0016961713   0.0000620526
       -0.0000399627  -0.0000972055  -0.0003330912  -0.0001784634  -0.0000092276
       -0.0000161798   0.0002097298  -0.0000300699   0.0003261372   0.0005037586
       -0.0008207686  -0.0001361479   0.0002215788  -0.0000281895  -0.0002862731
        0.0022001552  -0.0024659787   0.0002170370   0.0002142877  -0.0004559693
        0.0002128106  -0.0003694897  -0.0002579604   0.0002797351   0.0001865924
        0.0003103585   0.0002842505   0.0000005101  -0.0003038518  -0.0000319140
       -0.0000292642   0.0000565424   0.0000934206  -0.0002039354  -0.0000321623
        0.0001250352   0.0000822719   0.0000447235   0.0000156752   0.0000572821
        0.0000713163   0.0000115350   0.0000643481  -0.0000347511   0.0018177418
       -0.0003842427   0.0009074416  -0.0001594667   0.0004228405  -0.0001293065
       -0.0086905030   0.0062446943   0.0102144566   0.0001476340  -0.0018201978
       -0.0007652713   0.0016403712   0.0010941860  -0.0008723525   0.0003009525
       -0.0020396990   0.0013299650   0.0017750979   0.0012264834  -0.0005006530
       -0.0007105714  -0.0005045038   0.0003294396   0.0004270241  -0.0000790539
        0.0003927124  -0.0012737437   0.0037252245  -0.0015408529   0.0003923102
       -0.0022021253   0.0000418599  -0.0001137365   0.0000967825  -0.0000590834
        0.0000628998   0.0000543394  -0.0000553726   0.0001323353  -0.0001268708
        0.0001480008  -0.0006595852  -0.0009853216   0.0003955956   0.0002292393
       -0.0000202189  -0.0000918165  -0.0001535195  -0.0000828003  -0.0000386849
       -0.0000947657  -0.0000277015   0.0000967037   0.0000461807   0.0000633883
       -0.0000395853
        0.1068291097   0.4369820435   0.2652078931  -0.0426485999  -0.0628976291
       -0.0244458296  -0.0284760745  -0.0037652674  -0.0032613416  -0.0017782763
       -0.0008118023  -0.0061858194   0.0002387052   0.0006786416   0.0011062427
       -0.0015593555   0.0000355119  -0.0048984950   0.0229282159   0.0023750158
       -0.0044386537   0.0001265813  -0.0002401037   0.0005040098   0.0003462582
       -0.0002047617   0.0000547592  -0.0017368648   0.0077196285  -0.0099116375
       -0.0029654087  -0.0123871609   0.0013435842   0.0016094712   0.0036525330
        0.0033383890  -0.0007624372  -0.0012945690  -0.0007912040  -0.0003904619
        0.0006495186  -0.0000768866   0.0001064963  -0.0002079514   0.0000997996
        0.0062603635  -0.0038442136   0.0028910981   0.0003613339   0.0015984458
       -0.0005739950   0.0446539107  -0.0664867452  -0.1083073756  -0.1054406626
       -0.2977615386  -0.1149390114  -0.0005722128  -0.0002622436   0.0019699227
       -0.0010189170  -0.0002607644   0.0001843877   0.0010363855   0.0000602826
       -0.0003289987   0.0012078381  -0.0001328549   0.0014280529  -0.0000548934
       -0.0000209316   0.0000142346   0.0002289957   0.0000833112   0.0000582496
        0.0000379178   0.0000192110  -0.0000035486  -0.0000481142  -0.0002603743
        0.0002559384   0.0001273214  -0.0000981011   0.0000193134   0.0004077669
       -0.0008946576   0.0019729757  -0.0001772450  -0.0000088347   0.0001015821
       -0.0001779020   0.0001424296   0.0004665610  -0.0004380933  -0.0001342236
       -0.0001018244  -0.0000680045   0.0000405778   0.0000233823   0.0000740541
        0.0000324256  -0.0000474480  -0.0000486723   0.0000604783   0.0000374455
       -0.0000815097  -0.0001179828   0.0000099351  -0.0000325041  -0.0000085874
       -0.0000724666   0.0000001006  -0.0000175966  -0.0000082011  -0.0013208395
       -0.0018576343   0.0005742007  -0.0001629290  -0.0002521130   0.0000939922
        0.0031239747   0.0004467487  -0.0042458997  -0.0001145545   0.0003004018
        0.0005234626   0.0005625886  -0.0011004421   0.0005037653  -0.0003014410
        0.0009041941  -0.0004960849  -0.0002816205  -0.0006628529   0.0001636385
        0.0000136886   0.0003850837  -0.0001189176  -0.0002139107   0.0000703330
       -0.0001286648   0.0007591020  -0.0017198281   0.0004935630  -0.0003822060
        0.0010506445   0.0002095128   0.0001205310  -0.0001190001  -0.0000301895
       -0.0000355970  -0.0000146521   0.0000412434  -0.0000207611   0.0000826957
       -0.0001237712   0.0001533250   0.0004225022  -0.0001410529  -0.0000426156
        0.0000338145   0.0000129758   0.0000426681   0.0000279034   0.0000146188
        0.0000256301   0.0000030085  -0.0000515695  -0.0000296497  -0.0000119669
        0.0000101569
       -0.1072212144   0.2652078931   0.3815766143   0.0164981055  -0.0214911331
       -0.0589430579  -0.0274402639  -0.0088433429  -0.0017101362   0.0026352785
       -0.0051066618  -0.0007454905  -0.0008016484   0.0016994328   0.0014276740
        0.0016858854  -0.0062978676  -0.0007220495   0.0270776054   0.0007573317
        0.0007543276  -0.0000846660   0.0004723432  -0.0003638867  -0.0003361027
        0.0001216087  -0.0000944423   0.0035642726  -0.0155220020   0.0001637261
        0.0035144750   0.0089438423   0.0018794056  -0.0018048262  -0.0044606800
       -0.0032140871   0.0006547830   0.0016381330   0.0004310311   0.0005442775
       -0.0005697937   0.0000653107  -0.0001089837   0.0002415461  -0.0001428211
       -0.0048565645   0.0020728423   0.0029935289  -0.0005289190  -0.0008979199
        0.0017784826   0.1165121529  -0.0871744541  -0.2399118389  -0.0374448971
       -0.1360252377  -0.0712758481  -0.0011905508   0.0016394352  -0.0000778025
       -0.0010742422  -0.0002958038  -0.0000964822   0.0011592388   0.0001696846
       -0.0001681396   0.0004996997   0.0020484536  -0.0002714569  -0.0000853596
       -0.0000012647   0.0000031731  -0.0001074134  -0.0000723692   0.0000030794
       -0.0000128368   0.0000821925  -0.0000224084  -0.0000083379   0.0001879513
       -0.0002128563  -0.0001549605   0.0000783256  -0.0000491533  -0.0024238048
        0.0051110048  -0.0055127546   0.0000377044   0.0001345457  -0.0000941182
        0.0001712954  -0.0001154376  -0.0002980818   0.0004038297   0.0001491940
        0.0001951055   0.0000459627  -0.0000147826  -0.0000807644  -0.0000517910
       -0.0000520709   0.0000747072   0.0000114181  -0.0000608575  -0.0000126841
        0.0000994987   0.0001288513  -0.0000020293   0.0000408887   0.0000267197
        0.0000900757  -0.0000104960   0.0000101244  -0.0000043800   0.0018382385
        0.0015684921  -0.0011574575   0.0000879730   0.0001713963  -0.0002953758
        0.0086153646  -0.0053361555  -0.0033341128   0.0005618698   0.0003344807
       -0.0016841690  -0.0007877706  -0.0002571381  -0.0011844022   0.0003025585
       -0.0008221340   0.0004742583   0.0002622696   0.0005450007  -0.0001776120
       -0.0000122584  -0.0003049666   0.0001501748   0.0002244923  -0.0000717543
        0.0001703298  -0.0007847634   0.0013746836  -0.0006205285   0.0004203909
       -0.0007801275  -0.0000348330  -0.0000815125   0.0001167323   0.0000502547
        0.0000481882   0.0000081643  -0.0000373346   0.0000201864  -0.0000786997
        0.0001185125  -0.0001132201  -0.0003412305   0.0001678309   0.0000309394
       -0.0000315875  -0.0000319827  -0.0000407341  -0.0000155177  -0.0000103983
       -0.0000242677  -0.0000066495   0.0000428236   0.0000235625   0.0000072341
       -0.0000154501
       -0.2991627477  -0.0426485999   0.0164981055   0.6739492383   0.0345715464
       -0.0363832537  -0.1203289171  -0.0829950653  -0.0737093963  -0.0266835776
       -0.0224759158  -0.0190038047   0.0048230377   0.0046872676   0.0028602885
       -0.0433865303   0.0094190818   0.0172947029  -0.1498305322   0.0836706078
        0.1031282006  -0.0006976099   0.0002211246  -0.0001756540   0.0014757290
        0.0000222135  -0.0000755816   0.0003059842   0.0132895970  -0.0099850659
       -0.0024833963  -0.0037188182  -0.0040332578   0.0026067619   0.0029605120
        0.0029705628  -0.0004504714  -0.0014861983  -0.0006893863  -0.0005527040
        0.0004173055  -0.0001078090   0.0001361404  -0.0002722954   0.0001766542
       -0.0016385197  -0.0021017489   0.0030071429   0.0019483570   0.0003225634
        0.0001089132  -0.0230488518   0.0112074964   0.0047659884  -0.0162264874
       -0.0018191007  -0.0113760076   0.0053844672   0.0109155104   0.0115172464
       -0.0051475530  -0.0019558842   0.0011860219  -0.0050593684  -0.0018274402
        0.0010028692   0.0056401008  -0.0079785143  -0.0075125738   0.0002049488
       -0.0000753262   0.0000093438   0.0005195545   0.0001825181   0.0001661347
        0.0000189812  -0.0001122692  -0.0000176052  -0.0004807271  -0.0003668632
        0.0007357122   0.0001231049  -0.0002365597   0.0000275530   0.0000877094
       -0.0011247263  -0.0000195585  -0.0000813694  -0.0001582371   0.0005255810
       -0.0003367784   0.0003591466   0.0003824272  -0.0005390360  -0.0004093916
       -0.0003805508  -0.0004456730  -0.0001348014   0.0003388241   0.0000512874
        0.0000414991  -0.0000623710  -0.0000935011   0.0002334315   0.0000305329
       -0.0001281307  -0.0000980271  -0.0000396709  -0.0000295507  -0.0000547377
       -0.0000774597  -0.0000225695  -0.0000680167   0.0000334196  -0.0017158558
        0.0003788973  -0.0005225591   0.0002590336  -0.0002808513   0.0001872755
        0.0036290282  -0.0028161108  -0.0043177890  -0.0008218060   0.0013793832
        0.0009923925  -0.0015650135   0.0000432487   0.0009861797  -0.0002148981
        0.0020582815  -0.0014124232  -0.0018192943  -0.0011170383   0.0004734452
        0.0007585213   0.0004471782  -0.0003257499  -0.0004129204   0.0000604459
       -0.0004257888   0.0011999374  -0.0038645456   0.0015681932  -0.0003568602
        0.0022087123   0.0000196332   0.0001180642  -0.0000941579   0.0001314800
       -0.0000418938  -0.0000388437   0.0000274552  -0.0000928700   0.0001216841
       -0.0001401189   0.0006788059   0.0010087320  -0.0003991734  -0.0002192718
        0.0000381191   0.0000759801   0.0001489129   0.0000974024   0.0000371449
        0.0000877557   0.0000298731  -0.0001110524  -0.0000401752  -0.0000632944
        0.0000382572
       -0.0111690848  -0.0628976291  -0.0214911331   0.0345715464   0.3932566532
        0.2594499044  -0.0349593962  -0.1642196303  -0.1156640598  -0.0606328814
        0.0011790548   0.0149349188   0.0051088512  -0.0338912764  -0.0295403758
        0.0471355886   0.0229279492   0.0157330032   0.0348321191  -0.1354717695
       -0.0904703641  -0.0003424259  -0.0002987520  -0.0001916817  -0.0003749381
        0.0002516562  -0.0001581645   0.0015782784   0.0030485183  -0.0014566133
       -0.0000524971  -0.0029957678   0.0003040578   0.0008112713  -0.0001753880
        0.0010307658   0.0000036986  -0.0000295636  -0.0000961439  -0.0000563021
        0.0000479408  -0.0000129789   0.0000087268   0.0000121602   0.0000027172
        0.0013519855  -0.0016925806   0.0007377463   0.0000942195   0.0000070194
        0.0002115236   0.0087273407   0.0003349374   0.0035241270  -0.0288045488
       -0.0037823823  -0.0023720254  -0.0045951868  -0.0119354461  -0.0115787358
       -0.0013264286   0.0049481863  -0.0033795550  -0.0024472622   0.0046753327
       -0.0035337230   0.0097573616  -0.0123688601  -0.0166675776   0.0000511171
        0.0001539309   0.0000206550  -0.0000599288  -0.0000258136   0.0002192713
       -0.0000125752   0.0001169652   0.0000002099  -0.0001938642  -0.0003205997
        0.0002812368  -0.0000433279  -0.0000102922  -0.0000242762  -0.0000254650
       -0.0001824111   0.0003942302  -0.0001305791  -0.0003788465   0.0008236562
        0.0000096260   0.0000940452   0.0000056910  -0.0000528454  -0.0000541692
       -0.0001330856  -0.0002097830  -0.0000279539   0.0001412857   0.0000101451
        0.0000212551   0.0000103489  -0.0000078725   0.0000590245  -0.0000051594
        0.0000084730   0.0000114389  -0.0000076510  -0.0000016700  -0.0000057049
       -0.0000013171  -0.0000191679  -0.0000064592   0.0000081301  -0.0000374446
        0.0000638411  -0.0001676791   0.0000116350  -0.0000655923  -0.0000382201
        0.0012447696  -0.0008513243  -0.0010280360   0.0000904523   0.0001706837
        0.0000530832  -0.0002541130  -0.0000392904   0.0000077808   0.0003196217
        0.0004209852  -0.0001472770  -0.0001617902  -0.0000964096   0.0000811403
        0.0000900288   0.0000158752   0.0000036253  -0.0000022317  -0.0000306189
       -0.0000226200   0.0000285894  -0.0003477697   0.0001720502   0.0000674025
        0.0002822671   0.0000123618   0.0000174813   0.0000682198   0.0000326577
        0.0000089820  -0.0000083274  -0.0000095950   0.0000011237   0.0000011600
        0.0000112655   0.0000364222   0.0000408617   0.0000151091  -0.0000155795
       -0.0000085358  -0.0000165752   0.0000076505   0.0000182867   0.0000015746
        0.0000024523  -0.0000001688  -0.0000049738   0.0000022298  -0.0000089155
       -0.0000045303
       -0.0080519014  -0.0244458296  -0.0589430579  -0.0363832537   0.2594499044
        0.4057620137  -0.0224632177  -0.1039759141  -0.1565316774  -0.0575591265
        0.0073714858   0.0171223806   0.0036504965  -0.0300738060  -0.0372748441
        0.0572407793   0.0242575347   0.0111589353   0.0520847400  -0.1016135844
       -0.1596461261  -0.0003306358  -0.0005208700   0.0000707369  -0.0003633786
        0.0001045645  -0.0000427202  -0.0014231017  -0.0011383761   0.0007367060
        0.0002505200   0.0015379405   0.0003140751  -0.0001130696   0.0002014650
       -0.0003556456  -0.0000914791   0.0000467625  -0.0001382554  -0.0000155770
        0.0000636428  -0.0000177640   0.0000052334   0.0000067053   0.0000151143
       -0.0011041496   0.0009849161  -0.0002300857   0.0000738867   0.0001448076
        0.0000380358   0.0223775887   0.0026098759   0.0016149216  -0.0132479425
        0.0004997939  -0.0036854479  -0.0062246227  -0.0164327572  -0.0133948715
        0.0016659793  -0.0035577903   0.0048838288   0.0002500205  -0.0033148002
        0.0049239659   0.0084543221  -0.0121706842  -0.0138816334  -0.0000329173
        0.0001203000   0.0000503553  -0.0001634468   0.0000358941   0.0002555918
        0.0000162944   0.0001375488  -0.0000316095   0.0000097861  -0.0002477303
        0.0002387996   0.0000434157   0.0000043853  -0.0000139323  -0.0002801834
       -0.0000094057  -0.0007853773   0.0000988396   0.0007410264  -0.0006339377
        0.0000123465  -0.0000555020  -0.0000507641   0.0000044661  -0.0000726201
       -0.0000490181  -0.0000081781  -0.0000148488   0.0000602213  -0.0000028939
        0.0000103689   0.0000001090   0.0000081447   0.0000081678  -0.0000028413
       -0.0000065291  -0.0000251042  -0.0000021647  -0.0000039648  -0.0000034084
        0.0000032673   0.0000073132   0.0000048397  -0.0000032944  -0.0001398331
       -0.0000344456  -0.0000313850   0.0000106860  -0.0000476429  -0.0000353068
        0.0015690611  -0.0007949141  -0.0013813783  -0.0000071065   0.0000811529
       -0.0000938947   0.0000730166  -0.0002400590   0.0000025402   0.0001645072
        0.0003344562  -0.0000678816   0.0000620922  -0.0001596400   0.0000617824
       -0.0000863311   0.0001152325  -0.0000170979  -0.0000255385   0.0000443566
       -0.0000180029   0.0001463953  -0.0000595411   0.0001172891  -0.0000932344
        0.0000616012  -0.0000339918   0.0000095606  -0.0000060292  -0.0000390905
       -0.0000278594  -0.0000208809   0.0000182310  -0.0000142983   0.0000232928
       -0.0000175231  -0.0000351037   0.0000389728   0.0000063246   0.0000110778
       -0.0000031812  -0.0000087847   0.0000024522   0.0000049910  -0.0000001836
       -0.0000001268  -0.0000020277   0.0000062644  -0.0000040210  -0.0000045926
       -0.0000019002
       -0.0351921986  -0.0284760745  -0.0274402639  -0.1203289171  -0.0349593962
       -0.0224632177   0.6769420731   0.0545368561  -0.0656991794  -0.3402576927
       -0.0739850547  -0.0072784542  -0.0446023148   0.0481182246   0.0591488445
       -0.0400678889  -0.0256775548  -0.0183302591   0.0500153582  -0.0038574978
       -0.0158589986   0.0006407514   0.0018533194   0.0020870324  -0.0002136469
       -0.0006828333   0.0003693460   0.0011978336  -0.0023207050   0.0012330332
       -0.0008549557   0.0003685388  -0.0003493192  -0.0000044011  -0.0005434978
       -0.0002173798   0.0002012680   0.0004056473  -0.0000353422   0.0000518183
       -0.0001241302   0.0000782962  -0.0000296607   0.0000562173  -0.0000124013
       -0.0009861690   0.0006273912   0.0001401296  -0.0003568947  -0.0000958273
        0.0000907490   0.0016623613  -0.0019212809  -0.0025063415  -0.0062842936
       -0.0007675738  -0.0002541596  -0.1249896777   0.0714028059   0.0963864371
       -0.0154669874  -0.0041020234  -0.0016584362   0.0000289698  -0.0008635769
       -0.0003383342  -0.0012546085   0.0016823642   0.0034175244  -0.0005693711
       -0.0003852979   0.0001627790   0.0001688595  -0.0001245873  -0.0002480048
       -0.0001167222  -0.0001906372   0.0000049176   0.0000211207   0.0003723936
       -0.0004022234  -0.0000215270   0.0000250982   0.0000223631  -0.0000828248
        0.0001116743  -0.0001692773   0.0002067460   0.0000986388  -0.0000346757
       -0.0000355678  -0.0001166948   0.0000261003   0.0001606685   0.0000996219
       -0.0000980827  -0.0000244487  -0.0001755104   0.0002251462  -0.0000214145
        0.0000118780   0.0000253163  -0.0000119820   0.0000522440  -0.0000104421
        0.0000181085   0.0000144823  -0.0000049700   0.0000170584   0.0000045782
        0.0000152262  -0.0000116378   0.0000049414   0.0000178372   0.0004447275
        0.0000548392   0.0000352185  -0.0000739585   0.0000177122  -0.0000973842
       -0.0003066110   0.0003695980   0.0007256168   0.0001456622  -0.0003613525
       -0.0003492399   0.0004130637   0.0000526732  -0.0002388568  -0.0001122045
       -0.0006826711   0.0001078837   0.0000567276   0.0004510015  -0.0000827226
        0.0001001214  -0.0003519344   0.0000297037   0.0000883248  -0.0000374281
        0.0000509670  -0.0004194119   0.0008493446  -0.0000733766   0.0001598884
       -0.0006310629  -0.0001576914  -0.0000603451   0.0000873348   0.0000308238
        0.0000019949   0.0000126771  -0.0000445938   0.0000439235  -0.0000279017
        0.0000350723  -0.0000764784  -0.0002620684  -0.0000037176   0.0000635738
       -0.0000019823  -0.0000116227  -0.0000215069  -0.0000169418  -0.0000141627
       -0.0000197708  -0.0000003174   0.0000245092   0.0000250874   0.0000013187
       -0.0000077424
       -0.0165103313  -0.0037652674  -0.0088433429  -0.0829950653  -0.1642196303
       -0.1039759141   0.0545368561   0.3651569540   0.2608389826  -0.0215389923
       -0.0757747554  -0.0288560958   0.0072964810   0.0244663663   0.0218389780
       -0.0235330807  -0.0153836750  -0.0071849591   0.0278171867  -0.0252852681
       -0.0329804500   0.0015226388   0.0021513222  -0.0046757604   0.0007306560
       -0.0001172554  -0.0000001402  -0.0018110322  -0.0013335026   0.0015382749
        0.0010956754   0.0005504135   0.0015293717  -0.0005111332  -0.0001902505
       -0.0005193066   0.0000061481  -0.0002845789   0.0001292062   0.0000249676
        0.0000880919   0.0000212783   0.0000152775   0.0000111787   0.0000149877
        0.0016153086   0.0001033257  -0.0012452678  -0.0001252123   0.0000635769
       -0.0002737940   0.0023168781  -0.0007341789   0.0002497202  -0.0011070383
        0.0006106792   0.0002621765   0.0714109232  -0.1025366705  -0.0918305587
       -0.0209928429  -0.0047177284  -0.0006777844  -0.0003199512  -0.0000511260
        0.0003770593   0.0012859645   0.0018707783  -0.0052037247   0.0003962380
       -0.0000269088  -0.0000552086  -0.0004967033  -0.0003778949  -0.0003135413
        0.0000511657  -0.0000253506  -0.0000832897   0.0001657388   0.0001459762
       -0.0002677316   0.0000457761   0.0000437000  -0.0000158719  -0.0000603108
        0.0000602840  -0.0000192689   0.0002840403  -0.0000000535  -0.0002240694
        0.0000807732  -0.0000690390  -0.0001397648  -0.0000507437  -0.0001244240
        0.0001052461   0.0000973771  -0.0000615844  -0.0000471880  -0.0000012536
       -0.0000347605   0.0000235430   0.0000442560  -0.0000532193  -0.0000134113
       -0.0000017644  -0.0000284200   0.0000089132  -0.0000071547   0.0000222794
        0.0000064184   0.0000264927   0.0000246387  -0.0000266015   0.0000142264
       -0.0002536464   0.0002392251  -0.0000678385   0.0000141113   0.0000166954
       -0.0008745868   0.0004640046   0.0001818744   0.0001845840  -0.0002424836
        0.0001971183   0.0002247574  -0.0000817487  -0.0000329345  -0.0002354233
       -0.0005316239   0.0003117581   0.0003353130   0.0003723245  -0.0001905000
       -0.0002089296  -0.0000645668   0.0000504232   0.0000382834   0.0000029596
        0.0000914260  -0.0001224032   0.0006704059  -0.0003358592  -0.0000296171
       -0.0003935664  -0.0000096361  -0.0000268276  -0.0000285262  -0.0000595475
       -0.0000136920  -0.0000008656   0.0000217984   0.0000038272   0.0000064951
       -0.0000022646  -0.0000488177  -0.0000968744   0.0000364362   0.0000479235
        0.0000108776  -0.0000100878  -0.0000146870  -0.0000221761  -0.0000061555
       -0.0000092258  -0.0000069821   0.0000311008  -0.0000010757   0.0000078593
       -0.0000019809
       -0.0104916290  -0.0032613416  -0.0017101362  -0.0737093963  -0.1156640598
       -0.1565316774  -0.0656991794   0.2608389826   0.4024111014   0.0427462609
       -0.0176049835  -0.0690759518   0.0190468267   0.0125085774   0.0083019813
       -0.0156029938  -0.0057018062  -0.0065477137   0.0168310177  -0.0256038607
       -0.0297515104   0.0032533854  -0.0047243283   0.0003702466  -0.0009112438
       -0.0004650895   0.0002858516   0.0001551160  -0.0001217178   0.0008500653
       -0.0007634683   0.0004253780  -0.0005252722  -0.0000172680   0.0002571612
        0.0000218516  -0.0001309400   0.0000762866  -0.0000148238  -0.0000118306
       -0.0000438531   0.0000077847  -0.0000104565   0.0000252502  -0.0000085258
        0.0002403318  -0.0000331511  -0.0004358052  -0.0001496693  -0.0001394211
       -0.0001122983   0.0012469410   0.0006328814  -0.0000300223   0.0010853224
       -0.0004511668   0.0022444564   0.0969333323  -0.0911281706  -0.1506305582
       -0.0180450978  -0.0044980339   0.0002125963  -0.0003720926   0.0002945488
        0.0003535570   0.0028879107  -0.0053751346   0.0011612867   0.0012676681
        0.0001225204  -0.0001438218   0.0002160897   0.0000304560  -0.0000389210
       -0.0000158848   0.0000580965  -0.0000810210   0.0001022330   0.0001199727
       -0.0001213853  -0.0000245102   0.0000500731  -0.0000219882  -0.0000102099
       -0.0000898983  -0.0000299474  -0.0000410330   0.0001459777  -0.0005567247
        0.0002259966  -0.0001665593  -0.0001410086  -0.0002444866  -0.0002742743
       -0.0001001327   0.0000593876   0.0001082721  -0.0001004431  -0.0000042304
        0.0000389694  -0.0000284729   0.0000474356  -0.0000376279  -0.0000229923
        0.0000224916   0.0000210570   0.0000000185  -0.0000161704   0.0000021845
       -0.0000031160   0.0000146929   0.0000155633  -0.0000141856   0.0001692185
        0.0000424473   0.0000935560  -0.0000212614   0.0000518772   0.0000135711
       -0.0005350076   0.0000544088   0.0003216891   0.0003471151  -0.0001133964
        0.0000803047   0.0000551392  -0.0000221212  -0.0001365602  -0.0000653105
       -0.0003867816   0.0002369564   0.0003549926  -0.0000620241  -0.0000309438
       -0.0001030488   0.0000298685   0.0000269299   0.0000448953  -0.0000099731
        0.0000971140  -0.0002201154   0.0005939640  -0.0002678358   0.0000480925
       -0.0003381299  -0.0000228743  -0.0000125552  -0.0000120545  -0.0000276846
       -0.0000007868  -0.0000019450   0.0000165799  -0.0000011313  -0.0000087447
        0.0000220014  -0.0001548394  -0.0001381375   0.0001039698   0.0000100942
       -0.0000385012   0.0000021681  -0.0000214196  -0.0000248081  -0.0000005595
       -0.0000098890  -0.0000090801   0.0000326483   0.0000051685   0.0000054011
       -0.0000033719
        0.0028910925  -0.0017782763   0.0026352785  -0.0266835776  -0.0606328814
       -0.0575591265  -0.3402576927  -0.0215389923   0.0427462609   0.6584978956
        0.0722724464  -0.0524468999  -0.1586089164   0.0304907910   0.0605032287
        0.0535531167   0.0314172372   0.0214507043  -0.0484107421   0.0099899491
        0.0207087659  -0.0263309680   0.0122207540   0.0198470837  -0.0006835635
        0.0023192144  -0.0003236640  -0.0009151693   0.0005278647  -0.0009016075
        0.0004078261  -0.0000850545   0.0002030694  -0.0002518677   0.0007684835
       -0.0001656365  -0.0002091825  -0.0002625117  -0.0000251853  -0.0000214643
        0.0000584216  -0.0000570289   0.0000147736  -0.0000528694   0.0000251440
        0.0006097561  -0.0001061645   0.0001161833   0.0002137497   0.0002263657
        0.0000658843  -0.0006853844   0.0003695749   0.0008743405  -0.0006865379
        0.0006112377  -0.0008197880  -0.0195778784  -0.0014720033   0.0035118538
       -0.0877400257  -0.0733153634  -0.0629833168  -0.0002322662  -0.0026727443
       -0.0012280732  -0.0003246283   0.0008392086   0.0003873008  -0.0058016895
       -0.0007759100   0.0013495191   0.0008369055   0.0009447974   0.0015247688
       -0.0000934286   0.0000703607  -0.0000531349  -0.0001978058  -0.0003019518
        0.0005635285  -0.0000719639   0.0000208084   0.0000029904   0.0001025216
        0.0001262609   0.0001992484  -0.0000492063  -0.0000255820  -0.0000798290
       -0.0000760625   0.0000598354   0.0000226911   0.0001468732  -0.0000496544
        0.0001149429   0.0001152450   0.0001367087  -0.0000277801   0.0000125159
       -0.0000201785  -0.0000196468  -0.0000061765  -0.0000198378   0.0000101728
       -0.0000418342  -0.0000007995  -0.0000061984  -0.0000070098  -0.0000392623
       -0.0000355782  -0.0000105843  -0.0000273665   0.0000165682  -0.0001979561
       -0.0001731917  -0.0000330624   0.0000112586  -0.0000142784   0.0000400582
        0.0005154631  -0.0001780802  -0.0003535903  -0.0001142706   0.0000801080
        0.0000832282  -0.0000915331  -0.0000471840   0.0000258547   0.0007471054
        0.0007235371  -0.0003809440  -0.0001702938  -0.0003324526   0.0000261411
       -0.0000147439  -0.0000897886   0.0001026840  -0.0000457596   0.0000068023
       -0.0000373275   0.0001039281  -0.0006297309   0.0002594567  -0.0000601425
        0.0005018861  -0.0000771365   0.0000729594  -0.0000576160  -0.0000052382
       -0.0000205846  -0.0000043370   0.0000430571  -0.0000454603   0.0000120308
       -0.0000213441  -0.0000928188   0.0000344831   0.0000797089  -0.0000614196
       -0.0000903112   0.0000535254   0.0000069914  -0.0000301258   0.0000218166
        0.0000119187  -0.0000084538   0.0000192281   0.0000187129   0.0000037859
        0.0000068497
       -0.0026026685  -0.0008118023  -0.0051066618  -0.0224759158   0.0011790548
        0.0073714858  -0.0739850547  -0.0757747554  -0.0176049835   0.0722724464
        0.3822983956   0.2630171721   0.0835641598  -0.1251643940  -0.1002853664
       -0.0068982212  -0.0296408846  -0.0296186478   0.0135487350  -0.0026989021
       -0.0025487795   0.0001699965   0.0032323698   0.0024289543  -0.0009843764
       -0.0006604534   0.0005771832  -0.0004815374  -0.0002039187   0.0000212704
       -0.0000013386  -0.0000555577   0.0001596467   0.0002502589   0.0001107789
        0.0000932181  -0.0001058530  -0.0002173705   0.0000623600  -0.0000178194
        0.0000668827   0.0000075431  -0.0000130748  -0.0000037942   0.0000150011
        0.0003144134   0.0001007447  -0.0001740195   0.0000240621   0.0000749359
       -0.0000074795   0.0001771619  -0.0002583941  -0.0004358697  -0.0007273073
        0.0006309211  -0.0006206497   0.0149534917   0.0017668783  -0.0013112274
       -0.0726000395  -0.1544338151  -0.1099754467  -0.0024066191   0.0004743385
       -0.0062627436   0.0002972279   0.0002975751   0.0003906290  -0.0008251827
        0.0001477076  -0.0003515161  -0.0011371009   0.0002724299   0.0002357258
       -0.0001233044  -0.0000408803   0.0003646996   0.0001147227  -0.0001912778
       -0.0003654598   0.0000216724   0.0000424854   0.0000791995  -0.0000006806
        0.0000758433  -0.0000067282   0.0000160146  -0.0000192549  -0.0001581861
       -0.0000415773  -0.0000145931  -0.0000222307   0.0001513832  -0.0000664694
       -0.0000205741   0.0000825173   0.0000243915   0.0000828701  -0.0000116815
       -0.0000055097  -0.0000345297   0.0000073110  -0.0000186046   0.0000049646
       -0.0000163362   0.0000044919  -0.0000055297   0.0000006566  -0.0000325077
       -0.0000372797  -0.0000016494   0.0000132361   0.0000283091  -0.0000616130
       -0.0001054816   0.0000352897  -0.0000255489   0.0000095772  -0.0000027810
        0.0001733844  -0.0000582527  -0.0000851580  -0.0000699527   0.0000044011
       -0.0000079882   0.0000219880   0.0000187001   0.0000288209  -0.0004893266
       -0.0003957346   0.0002444519   0.0004176929   0.0002367631   0.0001632140
       -0.0002463591  -0.0001055732  -0.0000096356  -0.0000000336  -0.0000102531
        0.0000509190   0.0000033192   0.0006508022  -0.0002087147  -0.0000322528
       -0.0003879935  -0.0000729321  -0.0000189727  -0.0000666384  -0.0000769674
       -0.0000021719  -0.0000076908   0.0000023894   0.0000160202   0.0000044743
       -0.0000044295  -0.0001707668  -0.0002691687  -0.0000532989   0.0000271698
       -0.0000118503   0.0000192033  -0.0000362145  -0.0000255895  -0.0000043330
       -0.0000219180  -0.0000002762  -0.0000058769   0.0000066634   0.0000194633
        0.0000015039
       -0.0004072021  -0.0061858194  -0.0007454905  -0.0190038047   0.0149349188
        0.0171223806  -0.0072784542  -0.0288560958  -0.0690759518  -0.0524468999
        0.2630171721   0.4038996402   0.1133507176  -0.0882230820  -0.1690658078
       -0.0180492402  -0.0379753740  -0.0339394172   0.0234160364  -0.0010263826
       -0.0103852779   0.0074426315  -0.0002617966  -0.0035192387   0.0000660002
       -0.0008177783   0.0007213842  -0.0001341713   0.0006913486  -0.0001701283
       -0.0005637515  -0.0003536385  -0.0002685416   0.0004233813   0.0003188220
        0.0002962613  -0.0002157125  -0.0000682773   0.0000108128  -0.0000225852
       -0.0000072479   0.0000196650  -0.0000073687  -0.0000250678   0.0000302735
        0.0005427533  -0.0001994959  -0.0001774900  -0.0000193508   0.0000233332
        0.0000048538  -0.0001324691  -0.0001945353  -0.0000682682  -0.0014829595
       -0.0009831785   0.0004014387   0.0198197550   0.0023274056  -0.0021705673
       -0.0635558662  -0.1090010979  -0.1350226313  -0.0007815459  -0.0061772881
        0.0015426551   0.0003371837   0.0002668005   0.0001897214   0.0000285733
       -0.0003133830   0.0005741500  -0.0010937697  -0.0000649317   0.0004032243
       -0.0001055497  -0.0004116812   0.0003212416   0.0001903639   0.0002012655
       -0.0006095379   0.0000159256  -0.0000014809   0.0001073885  -0.0000220644
       -0.0000239024   0.0000679793  -0.0000807808  -0.0000112238  -0.0001109704
       -0.0000602102  -0.0000266047  -0.0000141415   0.0001559261  -0.0001497620
       -0.0001868200  -0.0000040161   0.0001249476   0.0001461517  -0.0000304294
        0.0000377925  -0.0000678922  -0.0000150066   0.0000233701  -0.0000041352
       -0.0000185933   0.0000337898  -0.0000228260   0.0000022344  -0.0000611474
       -0.0000522182  -0.0000124491   0.0000056778   0.0000563360  -0.0000230095
       -0.0000687790   0.0000252163  -0.0000269806   0.0000080027  -0.0000151678
        0.0000932875  -0.0000427452  -0.0000357932  -0.0000470673   0.0000147921
       -0.0000031241  -0.0000010747   0.0000273655   0.0000217259  -0.0003150537
       -0.0006483530   0.0001024494   0.0001297019   0.0002419521   0.0000344485
        0.0000674565  -0.0001338101  -0.0000326665   0.0000026115  -0.0000002325
        0.0000374023  -0.0000094752   0.0008178249  -0.0000222737  -0.0000205492
       -0.0005506427  -0.0001658363  -0.0000384846  -0.0000518293  -0.0000587252
        0.0000006307  -0.0000135352  -0.0000204280   0.0000171242  -0.0000015170
        0.0000056432  -0.0000660329  -0.0002185207  -0.0000982367   0.0000187429
        0.0000218415   0.0000225290  -0.0000234776  -0.0000095875  -0.0000113041
       -0.0000129075   0.0000053137  -0.0000213293   0.0000073263   0.0000160882
       -0.0000027355
       -0.0017462340   0.0002387052  -0.0008016484   0.0048230377   0.0051088512
        0.0036504965  -0.0446023148   0.0072964810   0.0190468267  -0.1586089164
        0.0835641598   0.1133507176   0.6037990194   0.0704931577  -0.0686821970
       -0.1303313846  -0.0981529534  -0.0769163160  -0.0260057786  -0.0235633670
       -0.0172860743  -0.2028028621  -0.0247498388   0.0121569770  -0.0094351364
       -0.0153592223   0.0105843925  -0.0006758148  -0.0001305947   0.0003367272
       -0.0000302892   0.0000188661   0.0003005766  -0.0000541786  -0.0000619026
        0.0000443449   0.0000661648  -0.0001565181   0.0000735317   0.0000126477
        0.0000589783  -0.0000329660   0.0000324087  -0.0000459356  -0.0000068581
        0.0007517759  -0.0000235196  -0.0003860034   0.0000362016   0.0000583952
       -0.0000191606   0.0003310933  -0.0002205422  -0.0000746727   0.0003427150
       -0.0000157465   0.0003313433  -0.0050784170  -0.0018731502   0.0009951724
        0.0061973372  -0.0055654145  -0.0082957629   0.0052499279   0.0116502828
        0.0099020709  -0.0053148063  -0.0018748697   0.0009197003  -0.0189123145
       -0.0009180900   0.0053675578  -0.0181052393  -0.0066869051  -0.0025023437
        0.0006453179   0.0004085533  -0.0005502311   0.0011790940   0.0011691782
        0.0000532312   0.0001218974  -0.0002188844   0.0000803589   0.0000177672
        0.0000531636   0.0000493090  -0.0000088673   0.0000586691  -0.0002282664
        0.0000299228  -0.0000549643  -0.0000710559  -0.0000509102   0.0001580208
        0.0000605657   0.0001629285   0.0001746415  -0.0001676688   0.0000164701
       -0.0000266158   0.0000213431  -0.0000211480  -0.0000459921   0.0000184171
       -0.0000148272  -0.0000304856   0.0000075959   0.0000036203   0.0000181848
        0.0000015079   0.0000217324  -0.0000207005  -0.0000045052  -0.0000541722
       -0.0001109667   0.0000551153  -0.0000343404   0.0000119664  -0.0000070841
        0.0000226788   0.0000550554   0.0000124231  -0.0000039209  -0.0000483621
        0.0000390825  -0.0000232716  -0.0000155236  -0.0000265946  -0.0019090565
        0.0003167240  -0.0016200197  -0.0013351655  -0.0011995308   0.0008978662
        0.0007730591   0.0002104250  -0.0003609277  -0.0003066902   0.0002080086
       -0.0003370866   0.0011018744  -0.0014753767   0.0004541376  -0.0003763796
        0.0008957313   0.0000521670  -0.0000783703  -0.0000435326  -0.0001153550
       -0.0000342716  -0.0000127308   0.0000065971  -0.0000849410  -0.0000088927
       -0.0000878526   0.0003625794   0.0003803944  -0.0002387137  -0.0002037702
        0.0000205237   0.0000304893   0.0000874507   0.0000871564   0.0000182024
        0.0000605865   0.0000325271  -0.0001183789  -0.0000055193  -0.0000356719
        0.0000188990
        0.0002703571   0.0006786416   0.0016994328   0.0046872676  -0.0338912764
       -0.0300738060   0.0481182246   0.0244663663   0.0125085774   0.0304907910
       -0.1251643940  -0.0882230820   0.0704931577   0.4062243615   0.2425310675
       -0.0445737858  -0.1792326730  -0.1184847476  -0.0624830846  -0.0026817196
        0.0119652369  -0.0332398376  -0.0658329883  -0.0023269668  -0.0258476273
       -0.0102469750   0.0069473410  -0.0008556836   0.0000763187  -0.0001001274
        0.0004105018   0.0001285094   0.0002214300  -0.0001063498   0.0003019933
       -0.0002105807   0.0000027369  -0.0000785288  -0.0000576090  -0.0000433107
        0.0000463840  -0.0000081327   0.0000138090  -0.0000141656   0.0000011790
        0.0007113317  -0.0000741073  -0.0001848080   0.0000701071   0.0001432569
        0.0000460843  -0.0000864091  -0.0001052088   0.0003448070   0.0001360229
        0.0005980018  -0.0000958700  -0.0024845856   0.0046232175  -0.0028373087
        0.0097052054  -0.0123998976  -0.0153867495  -0.0049325965  -0.0117026966
       -0.0128240713  -0.0013946039   0.0047271472  -0.0032006999   0.0194181713
        0.0038368984  -0.0028026521  -0.0066686013  -0.0013955976  -0.0015207225
       -0.0004107611   0.0002009438  -0.0002754776   0.0002033169   0.0002722742
        0.0000192226  -0.0001023953   0.0000560685   0.0000084364   0.0000574430
        0.0000257405   0.0001453197  -0.0000985304   0.0000818131   0.0000030043
       -0.0000584659   0.0000565841  -0.0000076538  -0.0000261778  -0.0000002779
       -0.0000128018   0.0000372118  -0.0000528298   0.0000668777   0.0000082863
       -0.0000052902   0.0000163354  -0.0000128951   0.0000210863  -0.0000013359
       -0.0000160381  -0.0000142934   0.0000024920  -0.0000033569   0.0000063009
       -0.0000044270  -0.0000122748  -0.0000136393   0.0000013853  -0.0001060285
       -0.0001426928  -0.0000036304  -0.0000041103  -0.0000317087  -0.0000103430
        0.0001110713   0.0000229925  -0.0000508298  -0.0000923753   0.0000273282
        0.0000352031  -0.0000351529  -0.0000236610   0.0000163365  -0.0005699206
        0.0010004452  -0.0000883789   0.0007912856  -0.0045556142   0.0027330691
        0.0003935751   0.0009703542  -0.0006766075  -0.0001169700   0.0001162976
       -0.0000890101  -0.0002380984  -0.0004990252  -0.0000421435   0.0000371364
        0.0001618122  -0.0000647199   0.0000124939   0.0000326995  -0.0000523676
       -0.0000201838  -0.0000194502  -0.0000049920  -0.0000399914  -0.0000051780
       -0.0000435878  -0.0012503290  -0.0003290716   0.0003983636  -0.0002332205
       -0.0003721062   0.0000453128  -0.0000570377  -0.0000027181   0.0000336164
       -0.0000041688  -0.0000012375  -0.0000164289   0.0000454537  -0.0000148150
       -0.0000074612
       -0.0001738077   0.0011062427   0.0014276740   0.0028602885  -0.0295403758
       -0.0372748441   0.0591488445   0.0218389780   0.0083019813   0.0605032287
       -0.1002853664  -0.1690658078  -0.0686821970   0.2425310675   0.4112512119
       -0.0232120114  -0.1072818175  -0.1458152204  -0.0580361265   0.0026375859
        0.0173081024   0.0140339737  -0.0035092339  -0.0620925762   0.0148029632
        0.0065804762  -0.0031659209  -0.0005152995  -0.0002501639  -0.0000204265
        0.0005065176   0.0001671989   0.0002466962  -0.0001044690   0.0002012982
       -0.0002298531  -0.0000447538   0.0000105588  -0.0001036293  -0.0000186638
        0.0000445507  -0.0000219899   0.0000041170  -0.0000029352  -0.0000089896
        0.0003354511   0.0000453782  -0.0000655495   0.0000205426   0.0001097857
        0.0000567921  -0.0000474730  -0.0001664141   0.0004586285   0.0001325072
        0.0004542488  -0.0000939414   0.0006299114  -0.0033760023   0.0047269091
        0.0090894453  -0.0129352283  -0.0130960314  -0.0056821195  -0.0147220324
       -0.0139671697   0.0016210809  -0.0027070202   0.0047121906   0.0153167211
        0.0011799099  -0.0026002273  -0.0249930661  -0.0063385327   0.0019104461
       -0.0002768720  -0.0005882573   0.0002019440   0.0006755159   0.0005614075
       -0.0013841532   0.0000889518  -0.0000580239  -0.0000305218   0.0000621107
        0.0000341264   0.0001210702  -0.0001078597   0.0000375515   0.0000869353
       -0.0000525318   0.0000683334   0.0000121111   0.0000369767  -0.0000442706
        0.0000043598  -0.0000612609  -0.0000429044   0.0001172305   0.0000036245
       -0.0000043349   0.0000133487  -0.0000060639   0.0000104360  -0.0000017715
       -0.0000039308  -0.0000119803  -0.0000002347  -0.0000024173   0.0000021644
       -0.0000011862  -0.0000076990   0.0000003837   0.0000018416  -0.0000559778
       -0.0001064550  -0.0000163965  -0.0000026163  -0.0000250631  -0.0000154340
        0.0000422333   0.0000473584   0.0000177515  -0.0000908959   0.0000230121
       -0.0000048174  -0.0000181225  -0.0000141187   0.0000098308   0.0012167207
        0.0009837168  -0.0006476991  -0.0001397595   0.0027972997  -0.0012728721
       -0.0001858084  -0.0002843063   0.0002729415   0.0000742112  -0.0000629845
        0.0001336514   0.0005408161   0.0004476869  -0.0001145088  -0.0001734933
       -0.0001509764   0.0000355263  -0.0000393309  -0.0000311041  -0.0000361282
        0.0000060347  -0.0000262523   0.0000182035   0.0000128775  -0.0000123285
        0.0000301937   0.0008414988   0.0004033443  -0.0002389367   0.0001053324
        0.0002234715  -0.0000724192   0.0000410858   0.0000332559  -0.0000161926
        0.0000212176   0.0000017232   0.0000032604  -0.0000401730  -0.0000040681
       -0.0000053833
        0.0025620630  -0.0015593555   0.0016858854  -0.0433865303   0.0471355886
        0.0572407793  -0.0400678889  -0.0235330807  -0.0156029938   0.0535531167
       -0.0068982212  -0.0180492402  -0.1303313846  -0.0445737858  -0.0232120114
        0.6561512803   0.0555462646  -0.0626913405  -0.3350336995  -0.0709039777
       -0.0101404865  -0.0201972820  -0.0207475032  -0.0164639092  -0.0005306669
        0.0002550653  -0.0009269519   0.0006134167   0.0013107626  -0.0006107800
       -0.0009545246  -0.0006225396  -0.0002282136   0.0004170007   0.0002339302
        0.0003859399  -0.0000388307  -0.0000986249  -0.0000549987  -0.0000471731
        0.0000317447   0.0000107481   0.0000217879  -0.0000095171   0.0000560788
       -0.0003122583  -0.0002148639   0.0001321702   0.0001407332  -0.0001220364
       -0.0000738148  -0.0012397723   0.0008949831  -0.0001057587  -0.0002761304
       -0.0005582606  -0.0002154012  -0.0000513015  -0.0004307598  -0.0009371080
       -0.0011579964   0.0013365739   0.0032255908  -0.1207352128   0.0733833352
        0.0891903974  -0.0150698107  -0.0050078350  -0.0009498714   0.0009198975
       -0.0014467078  -0.0013092159  -0.0046246551  -0.0017277977  -0.0003271753
       -0.0000500019  -0.0002211304   0.0001679527   0.0000377525  -0.0001317881
        0.0002382727   0.0000110748   0.0000220181  -0.0000237105  -0.0001236571
       -0.0002738468  -0.0001498101   0.0001651737   0.0001428957  -0.0002057722
        0.0000552418  -0.0001072067  -0.0000588374  -0.0000545561  -0.0000441153
       -0.0001044366   0.0000421242  -0.0000027025   0.0000720034  -0.0000092988
        0.0000152656  -0.0000013123   0.0000158897   0.0000331146  -0.0000042749
       -0.0000146644  -0.0000277404  -0.0000182096   0.0000003932  -0.0000115645
        0.0000045827   0.0000108487   0.0000057574   0.0000017108  -0.0000584066
        0.0001405086   0.0000113323  -0.0000044660  -0.0000462221  -0.0000083053
        0.0001849679  -0.0001668810  -0.0002986347   0.0000509424   0.0000445378
        0.0000854458  -0.0000548658  -0.0000159762   0.0000325134  -0.0006025223
       -0.0005545822  -0.0001272780  -0.0000218846  -0.0002771820   0.0002008953
        0.0001894762  -0.0000519736  -0.0000139296  -0.0000515457   0.0000497219
       -0.0000019995   0.0000279145  -0.0002975633   0.0002430986   0.0000476168
        0.0001480518  -0.0000938388   0.0000252120   0.0000092130  -0.0000387763
       -0.0000425850  -0.0000349797   0.0000331492  -0.0000288885   0.0000560266
       -0.0000267454  -0.0001069617   0.0000056666   0.0000373062   0.0000007235
       -0.0000639473  -0.0000022551   0.0000040700   0.0000005486   0.0000035455
        0.0000086579  -0.0000063949   0.0000300755   0.0000220467  -0.0000109103
       -0.0000120770
        0.0018387229   0.0000355119  -0.0062978676   0.0094190818   0.0229279492
        0.0242575347  -0.0256775548  -0.0153836750  -0.0057018062   0.0314172372
       -0.0296408846  -0.0379753740  -0.0981529534  -0.1792326730  -0.1072818175
        0.0555462646   0.3953483058   0.2622801681  -0.0215368998  -0.0736510479
       -0.0287886758  -0.0080301224  -0.0060798077  -0.0050089950   0.0007048677
        0.0004908097   0.0003038461   0.0011217490  -0.0004055512  -0.0000535837
       -0.0003904490  -0.0001030543  -0.0000817410   0.0000617259  -0.0001976352
        0.0000668979   0.0001026446   0.0001347969  -0.0000309973   0.0000241530
       -0.0000356236   0.0000461866  -0.0000039106   0.0000243949   0.0000128895
       -0.0012418418   0.0002371497   0.0004656376  -0.0000170336  -0.0001266083
        0.0000218023   0.0009562232   0.0008441151  -0.0005143120   0.0000427089
       -0.0001699040  -0.0002767255  -0.0003540950   0.0000474118   0.0001052310
        0.0010556318   0.0023120195  -0.0056357782   0.0731146401  -0.1121583848
       -0.0891921085  -0.0212078261  -0.0053138500  -0.0004593679   0.0015172931
        0.0005099475   0.0002893098   0.0002362389   0.0001817440   0.0000889656
       -0.0000168828  -0.0003336614  -0.0001340696  -0.0001340817   0.0010059626
        0.0000614275   0.0000380524  -0.0000007957   0.0000469891  -0.0000654368
       -0.0000702427  -0.0001863501   0.0001691146   0.0000006179   0.0000353442
        0.0000171386  -0.0000449318  -0.0000030877  -0.0000112978   0.0000224895
       -0.0000361893  -0.0000120220  -0.0000615777   0.0000633139  -0.0000130030
       -0.0000010367   0.0000032847   0.0000049055   0.0000285324  -0.0000105414
        0.0000010094   0.0000136130  -0.0000030368   0.0000040158  -0.0000043165
       -0.0000006569   0.0000040129  -0.0000076219   0.0000098653   0.0001115453
        0.0002111732  -0.0000657570   0.0000331655  -0.0000030212  -0.0000012096
        0.0001473756  -0.0001698201  -0.0001503345   0.0000613913   0.0000202296
       -0.0000645251   0.0000212326  -0.0000015388  -0.0000158738  -0.0004590268
       -0.0010508022   0.0001798135  -0.0003607653   0.0001192748   0.0000944483
        0.0001876073  -0.0001544266  -0.0001402589   0.0000131926   0.0000310064
       -0.0001130773  -0.0003092500   0.0002057105   0.0000828873   0.0000348241
       -0.0004476346  -0.0002611003  -0.0001174296   0.0000744821   0.0000380083
       -0.0000004078   0.0000424982  -0.0000381052  -0.0000030818  -0.0000599205
        0.0000098863   0.0000673077   0.0000554898  -0.0000999066  -0.0000111635
       -0.0000029310   0.0000430331   0.0000235607  -0.0000179744  -0.0000011100
        0.0000147786   0.0000118369   0.0000025979   0.0000131220  -0.0000061195
        0.0000149714
        0.0033287112  -0.0048984950  -0.0007220495   0.0172947029   0.0157330032
        0.0111589353  -0.0183302591  -0.0071849591  -0.0065477137   0.0214507043
       -0.0296186478  -0.0339394172  -0.0769163160  -0.1184847476  -0.1458152204
       -0.0626913405   0.2622801681   0.3833398312   0.0425918178  -0.0172672264
       -0.0694238636  -0.0035067287  -0.0015639047   0.0013768932   0.0008828360
        0.0013032327  -0.0016904585   0.0007420504   0.0001775104  -0.0003042207
       -0.0001543971  -0.0001442171  -0.0002540854   0.0000051372  -0.0001547191
        0.0000582942   0.0001165286   0.0000473615  -0.0000674738   0.0000157203
       -0.0000328762   0.0000323851  -0.0000023228   0.0000112182  -0.0000044503
       -0.0005312963  -0.0001013121   0.0004004637  -0.0000151454  -0.0000828453
        0.0000327006   0.0006197225  -0.0003153037   0.0005902289  -0.0004160143
       -0.0006986740  -0.0003567619  -0.0003842602   0.0002247745   0.0002482650
        0.0030620316  -0.0055846031   0.0006284608   0.0890701418  -0.0911601823
       -0.1386694391  -0.0183457403  -0.0040652622  -0.0005284852   0.0014502866
        0.0009151670   0.0003884056  -0.0001048267  -0.0000171780  -0.0001235498
        0.0000255881  -0.0003738516   0.0000311049  -0.0006676641  -0.0002313219
        0.0002953436  -0.0000515023  -0.0000413407   0.0000128899   0.0000203481
       -0.0000748361  -0.0000383045  -0.0000093422   0.0000134098   0.0001481683
       -0.0000126461   0.0000115464   0.0000508270  -0.0000287100   0.0000636568
       -0.0000107617  -0.0000322167  -0.0000610574   0.0000403061   0.0000053366
       -0.0000136201   0.0000159956  -0.0000155381   0.0000350408   0.0000005358
       -0.0000001404   0.0000172703   0.0000007324   0.0000074819   0.0000029049
        0.0000028296  -0.0000017220  -0.0000275310   0.0000062965   0.0000740321
        0.0001371077  -0.0000627673   0.0000306729  -0.0000011260   0.0000039593
        0.0000258383  -0.0000898505  -0.0000244731   0.0000369932   0.0000295899
       -0.0000345792   0.0000062957   0.0000180295  -0.0000052515   0.0013562132
        0.0016263616  -0.0004422234  -0.0005580985   0.0001278656  -0.0001400403
        0.0002904952  -0.0001846239  -0.0000919454  -0.0000018289  -0.0000481346
       -0.0001287134   0.0001419298  -0.0007989770   0.0005920413   0.0000163191
        0.0004399621  -0.0001017577  -0.0000617322   0.0000521366   0.0000550789
       -0.0000018418   0.0000224097  -0.0000289417  -0.0000105388  -0.0000424879
        0.0000156070   0.0001568774   0.0000589074  -0.0000377120  -0.0000317309
        0.0000135150   0.0000566848   0.0000402368   0.0000000334   0.0000016957
        0.0000121662   0.0000106616  -0.0000053870   0.0000066844  -0.0000089325
        0.0000150871
       -0.0452856646   0.0229282159   0.0270776054  -0.1498305322   0.0348321191
        0.0520847400   0.0500153582   0.0278171867   0.0168310177  -0.0484107421
        0.0135487350   0.0234160364  -0.0260057786  -0.0624830846  -0.0580361265
       -0.3350336995  -0.0215368998   0.0425918178   0.6674324892   0.0632719321
       -0.0483973344   0.0004402622  -0.0016292274  -0.0006131608  -0.0019159885
       -0.0004239551   0.0001017146  -0.0009969750  -0.0024337389   0.0021731381
        0.0009268140   0.0007941035   0.0006421381  -0.0004571541  -0.0002707368
       -0.0005016629   0.0000302392   0.0001653371   0.0000811005   0.0000572907
       -0.0001031448   0.0000046295  -0.0000360104   0.0000267957  -0.0000458579
        0.0004875285   0.0006144849  -0.0008917900  -0.0003212439   0.0000247855
       -0.0001205156  -0.0036704742  -0.0024507476  -0.0021821788   0.0016125798
        0.0022055445   0.0020801436  -0.0004537449  -0.0027575285  -0.0013355718
       -0.0002086170   0.0001991734   0.0008395965  -0.0204202220  -0.0010503569
        0.0030995042  -0.0870324170  -0.0721568509  -0.0614917975   0.0001573375
        0.0000804749  -0.0000187503  -0.0006054254  -0.0003713387   0.0003148370
       -0.0000213787   0.0002683812   0.0000033045  -0.0005978948  -0.0004640755
        0.0004560980  -0.0001173469   0.0000650688  -0.0000598433   0.0000877950
        0.0001393054   0.0001459937   0.0000735888   0.0001739707  -0.0000287713
       -0.0000225759  -0.0000101337  -0.0000329029   0.0000844722   0.0000543207
        0.0001277725   0.0000385318  -0.0000178164  -0.0000961273   0.0000074149
       -0.0000168795   0.0000128992   0.0000073356  -0.0000341140  -0.0000044440
        0.0000196365   0.0000281587   0.0000168025   0.0000023269   0.0000186111
        0.0000164286  -0.0000004827  -0.0000050722  -0.0000199428   0.0003119395
       -0.0002119271   0.0001852786  -0.0000869963   0.0000939677  -0.0000035799
       -0.0016568397   0.0011391639   0.0015835443   0.0000749066  -0.0003757451
       -0.0001243908   0.0004363760   0.0001224464  -0.0001481060   0.0009084397
        0.0002934070  -0.0000182348   0.0004899419   0.0000332928  -0.0000754689
       -0.0001970244  -0.0000394003   0.0001406121   0.0000625346  -0.0000459046
        0.0000883689  -0.0004189621   0.0002597218  -0.0004078376   0.0001334338
       -0.0000394854   0.0001393092   0.0001183326   0.0000174852   0.0000940384
        0.0000251702   0.0000268768   0.0000218679   0.0000201261  -0.0000049317
        0.0000331175  -0.0002016169  -0.0001992330   0.0002232146  -0.0000078258
       -0.0000680871  -0.0000133156  -0.0000387428  -0.0000361510   0.0000097402
       -0.0000202513  -0.0000171837   0.0000397738   0.0000104257   0.0000106836
       -0.0000084722
        0.0059013711   0.0023750158   0.0007573317   0.0836706078  -0.1354717695
       -0.1016135844  -0.0038574978  -0.0252852681  -0.0256038607   0.0099899491
       -0.0026989021  -0.0010263826  -0.0235633670  -0.0026817196   0.0026375859
       -0.0709039777  -0.0736510479  -0.0172672264   0.0632719321   0.3881419460
        0.2643089867  -0.0025700439   0.0006927056  -0.0055195063   0.0010109159
        0.0003274297  -0.0000402125   0.0008341385   0.0008662820  -0.0000694695
       -0.0003492562  -0.0005055251  -0.0003742540   0.0002144133   0.0001158535
        0.0001792502  -0.0000718681  -0.0001175181  -0.0000705114  -0.0000096348
       -0.0000000450   0.0000299694   0.0000003917  -0.0000099466  -0.0000109141
       -0.0006036648  -0.0001970817   0.0001240105   0.0000713156  -0.0000956912
       -0.0001119230  -0.0017803533   0.0020154840  -0.0004909932  -0.0008776830
        0.0004917401   0.0008213171  -0.0023720142   0.0009290673  -0.0056370875
        0.0002718253   0.0003664351   0.0004466322   0.0155580337   0.0021316425
       -0.0019895118  -0.0724396738  -0.1571708126  -0.1096436337   0.0000310794
       -0.0000211169  -0.0000248627  -0.0014348742  -0.0004590077   0.0000015199
       -0.0000055534   0.0000859187  -0.0000234124   0.0000230284  -0.0001260397
        0.0002225162   0.0000112120  -0.0000398607   0.0000115147  -0.0001666748
       -0.0001175392  -0.0002172932   0.0002702782  -0.0002758943   0.0002475617
       -0.0000219894  -0.0000433584   0.0000295880  -0.0000287491   0.0000234130
       -0.0000153570  -0.0000203200  -0.0000280394   0.0000115630   0.0000017777
        0.0000027166  -0.0000148654  -0.0000231380   0.0000117934   0.0000048031
        0.0000003419   0.0000166354   0.0000030898  -0.0000018954  -0.0000014569
       -0.0000097591  -0.0000028607  -0.0000142856   0.0000062624  -0.0000451804
        0.0001328530   0.0000212919   0.0000087104   0.0000354828   0.0000587315
        0.0000859871  -0.0001221508  -0.0001383915  -0.0000016495   0.0000842737
        0.0000096163  -0.0000495638  -0.0000048361   0.0000729388  -0.0001939311
        0.0002110051  -0.0001864166  -0.0003665094   0.0000235118  -0.0000255142
        0.0001345419   0.0000090295   0.0000110180  -0.0000561845   0.0000543305
       -0.0001591095   0.0002967226  -0.0005600170   0.0003726060  -0.0000493078
        0.0003026001  -0.0000284054   0.0000448092   0.0000084131   0.0000303315
        0.0000109314  -0.0000001086  -0.0000088817  -0.0000144670  -0.0000048394
       -0.0000013550   0.0001764647   0.0001930761  -0.0000795750  -0.0000317720
        0.0000349335   0.0000050802   0.0000210927   0.0000223432   0.0000038661
        0.0000120063   0.0000068634  -0.0000310683  -0.0000102227  -0.0000089160
        0.0000043551
        0.0121389261  -0.0044386537   0.0007543276   0.1031282006  -0.0904703641
       -0.1596461261  -0.0158589986  -0.0329804500  -0.0297515104   0.0207087659
       -0.0025487795  -0.0103852779  -0.0172860743   0.0119652369   0.0173081024
       -0.0101404865  -0.0287886758  -0.0694238636  -0.0483973344   0.2643089867
        0.3792728654  -0.0005595692  -0.0049834625   0.0016595743  -0.0008425407
       -0.0004456180  -0.0001303927   0.0012109553   0.0012911127  -0.0009375685
       -0.0004356550  -0.0001446742  -0.0009533664   0.0001655506  -0.0000408305
        0.0001417353  -0.0000099572  -0.0001062091  -0.0001077096   0.0000000063
       -0.0000132765   0.0000373571   0.0000040277  -0.0000043579  -0.0000144313
       -0.0010960157  -0.0002852694   0.0006964477   0.0000846258  -0.0002208880
       -0.0000040435   0.0000565972   0.0003780867   0.0011124564  -0.0017562966
        0.0007733340  -0.0002554011  -0.0009818997  -0.0056202378   0.0009545338
        0.0003047495   0.0004464298   0.0001448724   0.0200840068   0.0019750777
       -0.0023252481  -0.0605852349  -0.1102991821  -0.1283682380   0.0002521722
       -0.0001246042  -0.0001852024   0.0002540223   0.0001882336   0.0000303658
       -0.0000239835  -0.0000258416   0.0000100337  -0.0000841636  -0.0001962345
        0.0001863719  -0.0000485842  -0.0000387023   0.0000040032  -0.0000439950
       -0.0000070616  -0.0000385709  -0.0002512232   0.0001276623   0.0003357910
       -0.0000683310   0.0000799265   0.0000746436  -0.0000294290   0.0000451354
       -0.0000208442  -0.0000904116  -0.0000701343   0.0000469985   0.0000079380
       -0.0000095881   0.0000036707  -0.0000348155   0.0000355495   0.0000084677
        0.0000021833   0.0000267480  -0.0000003342   0.0000026435   0.0000003780
       -0.0000036867  -0.0000157255  -0.0000223318   0.0000101176  -0.0000024507
        0.0002705644  -0.0000874640   0.0000372088   0.0000423637   0.0000366537
        0.0002237527  -0.0002753735  -0.0002655557  -0.0000110082   0.0001321725
       -0.0000041640  -0.0001486606   0.0000480612   0.0000612155   0.0000150509
        0.0004772990  -0.0003954949  -0.0003019618  -0.0003525641   0.0002055776
        0.0002234454   0.0000442261  -0.0000629077  -0.0000564512  -0.0000049574
       -0.0000892054   0.0000927674  -0.0006730441   0.0003002410   0.0000587393
        0.0003956705   0.0000246738   0.0000639450   0.0000231817   0.0000765761
        0.0000171591  -0.0000076180  -0.0000120870  -0.0000016391   0.0000024346
        0.0000095712   0.0000568125   0.0001087268  -0.0000198663  -0.0000531993
       -0.0000099519   0.0000054562   0.0000137702   0.0000248640   0.0000059845
        0.0000081356   0.0000061159  -0.0000312352  -0.0000000619  -0.0000086415
        0.0000011103
        0.0000794045   0.0001265813  -0.0000846660  -0.0006976099  -0.0003424259
       -0.0003306358   0.0006407514   0.0015226388   0.0032533854  -0.0263309680
        0.0001699965   0.0074426315  -0.2028028621  -0.0332398376   0.0140339737
       -0.0201972820  -0.0080301224  -0.0035067287   0.0004402622  -0.0025700439
       -0.0005595692   0.4991715132  -0.0239702031   0.0136014555  -0.0582585381
       -0.0022628944   0.0039877358   0.0001444335  -0.0001287314  -0.0000293381
        0.0000394873   0.0000326700   0.0000036322   0.0000372834  -0.0000149235
        0.0000177635  -0.0000639444  -0.0000346607   0.0000365199   0.0000228902
       -0.0000409009   0.0000054433  -0.0000217579   0.0000156424  -0.0000121456
       -0.0001564604   0.0000654555   0.0000465091  -0.0000365375  -0.0000105883
        0.0000031230   0.0000334190   0.0000547801   0.0000053499   0.0000326831
        0.0000244928  -0.0000408826  -0.0008406581  -0.0001935187   0.0000287720
        0.0007939471  -0.0006204098  -0.0011473999   0.0010632930   0.0014415863
        0.0007598407  -0.0006528264  -0.0001247645   0.0001421914  -0.0968904300
        0.0833668530   0.0517958341  -0.0839938850  -0.0108177423  -0.0887174004
        0.0011986636   0.0084863438  -0.0042385173   0.0005839191  -0.0002690746
        0.0002748767  -0.0007378971   0.0002265940   0.0001072468   0.0000087892
        0.0000103680   0.0000069366  -0.0000435599  -0.0000314101  -0.0000149961
        0.0000098339   0.0000072638  -0.0000049510  -0.0000089045  -0.0000192558
        0.0000139594   0.0000045096   0.0000450947  -0.0000609632   0.0000016791
        0.0000131530  -0.0000175424   0.0000026468  -0.0000111891   0.0000042960
        0.0000106574   0.0000177588   0.0000003014   0.0000017546   0.0000002414
        0.0000039128  -0.0000005081  -0.0000037879  -0.0000015582   0.0000065391
       -0.0000075082   0.0000040159  -0.0000125307   0.0000097473  -0.0000066938
       -0.0000196031   0.0000042206   0.0000185347   0.0000021023   0.0000032474
       -0.0000018027  -0.0000295154  -0.0000036132   0.0000000812   0.0005691273
        0.0146609773  -0.0103918889  -0.0055605980  -0.0192232141   0.0127400641
       -0.0000737098  -0.0032789859   0.0011431529  -0.0006963252   0.0005532673
       -0.0001523881  -0.0006705654  -0.0006149219  -0.0028569135   0.0004180458
       -0.0001345555   0.0001259334   0.0000526048  -0.0000084745  -0.0000074884
        0.0000284624  -0.0000135530   0.0000608037  -0.0001317978  -0.0000268271
       -0.0001518943  -0.0057287428  -0.0030800382   0.0023875952  -0.0003726535
       -0.0014909219   0.0001363799  -0.0004064666  -0.0001798337   0.0001132837
       -0.0001826619  -0.0000803044   0.0000899361   0.0002210969   0.0000202625
       -0.0000591071
       -0.0002115854  -0.0002401037   0.0004723432   0.0002211246  -0.0002987520
       -0.0005208700   0.0018533194   0.0021513222  -0.0047243283   0.0122207540
        0.0032323698  -0.0002617966  -0.0247498388  -0.0658329883  -0.0035092339
       -0.0207475032  -0.0060798077  -0.0015639047  -0.0016292274   0.0006927056
       -0.0049834625  -0.0239702031   0.4602103597   0.0549852890  -0.0079291935
       -0.1495671694   0.0456415477   0.0002187676  -0.0001827658  -0.0000144639
       -0.0000064152   0.0000394676  -0.0000229646  -0.0000216644  -0.0000624359
       -0.0000105381  -0.0000343442   0.0000460516   0.0000169264  -0.0000012130
       -0.0000247927   0.0000096280  -0.0000197110   0.0000156741   0.0000101460
       -0.0002032354   0.0000548646   0.0001087965  -0.0000442614  -0.0000167490
        0.0000169832  -0.0000174577  -0.0000857307   0.0000721598   0.0000056018
       -0.0001296497   0.0000314945   0.0007751024   0.0001378351  -0.0002124329
        0.0010068506  -0.0008037174   0.0014422503  -0.0009127141  -0.0006381149
        0.0017500564  -0.0011260405  -0.0000783374  -0.0002101881   0.0836420568
       -0.1652871960  -0.0832962239  -0.0113699430  -0.0449176689  -0.0303414548
       -0.0015491174  -0.0238054293   0.0119824239  -0.0006422458   0.0006995923
       -0.0012473723  -0.0000033368   0.0002122559  -0.0000066211   0.0000203351
        0.0000117809   0.0000036226  -0.0000235505  -0.0000239376   0.0000178880
        0.0000091447   0.0000141586   0.0000037060   0.0000205717   0.0000023302
        0.0000039137  -0.0000225121  -0.0000407860   0.0000118600  -0.0000026753
       -0.0000000891  -0.0000108878   0.0000114068   0.0000013487  -0.0000001349
        0.0000251156   0.0000023914  -0.0000103353   0.0000011556   0.0000010498
        0.0000154538  -0.0000246441   0.0000237572  -0.0000170582   0.0000427831
        0.0000199280  -0.0000114377   0.0000016044   0.0000076652  -0.0000064528
       -0.0000584869   0.0000267263   0.0000718207   0.0000065326  -0.0000083781
       -0.0000276890   0.0000140316   0.0000086918  -0.0000108361   0.0033967854
       -0.0015555291   0.0073499999  -0.0080137544  -0.0065756381   0.0056228438
        0.0022327101  -0.0012608139  -0.0001220161   0.0000074785  -0.0000747209
        0.0000033622  -0.0009518178   0.0000900665   0.0002707693   0.0003266661
        0.0002570590   0.0003259091  -0.0000189460  -0.0000148691   0.0000274359
        0.0000216775   0.0000183769  -0.0000392371   0.0000183646   0.0000049651
        0.0000281788  -0.0015310991  -0.0001047266   0.0007111685  -0.0001545671
       -0.0001971720   0.0001294304  -0.0000244451   0.0000103893   0.0000427429
       -0.0000705248  -0.0000183685  -0.0000438807  -0.0000136663  -0.0000667454
        0.0000456709
       -0.0000923853   0.0005040098  -0.0003638867  -0.0001756540  -0.0001916817
        0.0000707369   0.0020870324  -0.0046757604   0.0003702466   0.0198470837
        0.0024289543  -0.0035192387   0.0121569770  -0.0023269668  -0.0620925762
       -0.0164639092  -0.0050089950   0.0013768932  -0.0006131608  -0.0055195063
        0.0016595743   0.0136014555   0.0549852890   0.5080305044   0.0103408669
        0.0449259783  -0.0860436170  -0.0000409465  -0.0000005976  -0.0000637815
        0.0000536050  -0.0000425615   0.0000102181   0.0000102927   0.0000479452
       -0.0000095381   0.0000151715  -0.0000462831  -0.0000015231  -0.0000044398
        0.0000080313  -0.0000130111   0.0000178733  -0.0000218439   0.0000084721
       -0.0000143651   0.0000168314   0.0000286006   0.0000139680   0.0000120128
        0.0000187680  -0.0000470362   0.0000369485  -0.0000944713   0.0000927342
        0.0001686716  -0.0000312116   0.0010834659  -0.0000861644   0.0000326857
        0.0006085207   0.0017110793  -0.0004936610  -0.0015306385   0.0013584679
       -0.0007374773  -0.0008517040  -0.0002930193   0.0000247949   0.0535894505
       -0.0830418787  -0.0989252148  -0.0903368623  -0.0323972297  -0.2307833309
       -0.0016399966  -0.0093631965   0.0059087260   0.0008249114   0.0015996806
        0.0009963232  -0.0002196069   0.0001518476  -0.0001868795   0.0000075547
        0.0000196397   0.0000064692   0.0000073011   0.0000003540  -0.0000217370
       -0.0000230286   0.0000137534   0.0000125333   0.0000114087   0.0000317626
        0.0000409867  -0.0000161881   0.0000156110  -0.0000649391   0.0000186242
       -0.0000125807   0.0000103268  -0.0000135862   0.0000064882   0.0000088316
       -0.0000016287  -0.0000067558  -0.0000001405  -0.0000013471   0.0000122444
        0.0000223052  -0.0000115884  -0.0000133313  -0.0000401249  -0.0000097624
       -0.0000047436  -0.0000118999   0.0000005604  -0.0000005809  -0.0000018763
        0.0000688421  -0.0000164581  -0.0000213661  -0.0000257034   0.0000059742
       -0.0000107241  -0.0000040827   0.0000032192   0.0000006771  -0.0073729462
        0.0268817608  -0.0269108800   0.0054173308   0.0089031160  -0.0044686393
       -0.0013467548   0.0006651265   0.0000111899  -0.0014547014   0.0009750098
       -0.0005135727  -0.0000684450  -0.0043191114  -0.0043953277   0.0009194922
        0.0011844366   0.0015573378   0.0000104848   0.0000326631   0.0000264627
        0.0000254856   0.0000169792   0.0001153953  -0.0002957585  -0.0000790052
       -0.0003244113   0.0016887937   0.0002933374  -0.0002314296   0.0001493050
        0.0004070284   0.0000139818   0.0000697052  -0.0000072031  -0.0000503551
       -0.0000303577   0.0000016024   0.0000572772  -0.0000317132   0.0000496006
        0.0000065236
       -0.0012750413   0.0003462582  -0.0003361027   0.0014757290  -0.0003749381
       -0.0003633786  -0.0002136469   0.0007306560  -0.0009112438  -0.0006835635
       -0.0009843764   0.0000660002  -0.0094351364  -0.0258476273   0.0148029632
       -0.0005306669   0.0007048677   0.0008828360  -0.0019159885   0.0010109159
       -0.0008425407  -0.0582585381  -0.0079291935   0.0103408669   0.4169271566
       -0.0278085096  -0.0032422427   0.0003077266  -0.0005754728   0.0001880033
       -0.0000316185   0.0002076546   0.0001950949  -0.0000591769  -0.0001601169
       -0.0000817629  -0.0000362661   0.0000962624   0.0000877703   0.0000587645
       -0.0000696096   0.0000059758  -0.0000151993  -0.0000041058   0.0000169893
       -0.0002641573   0.0001658183   0.0000699413  -0.0000747032  -0.0000293400
       -0.0000072769   0.0001600889  -0.0001687146  -0.0000384649   0.0000226920
       -0.0000889607   0.0001063075  -0.0000264025   0.0000291967  -0.0000107241
        0.0001452423  -0.0004110432   0.0003168640   0.0001935637  -0.0004921832
        0.0002236650  -0.0001763530  -0.0000034813  -0.0001204644   0.0016358628
        0.0113338307  -0.0065782769   0.0009976700   0.0090050999  -0.0068851864
       -0.0644033913   0.0585576625   0.0392579649  -0.0057716478  -0.0020091917
       -0.0034283560   0.0003566916   0.0009072704  -0.0006258694   0.0000093600
        0.0000143599  -0.0000439342  -0.0000813536  -0.0000640152  -0.0001098629
        0.0000415611  -0.0000283797  -0.0000327920   0.0000638383  -0.0000328499
        0.0000085824  -0.0000753586   0.0001690072   0.0000130656  -0.0000167943
        0.0000098912  -0.0000310200   0.0000120217  -0.0000306841  -0.0000006008
        0.0000130504  -0.0000042194  -0.0000011961  -0.0000002354   0.0000049121
        0.0000209321   0.0000285494   0.0000269365  -0.0000429678   0.0000664365
        0.0000223123   0.0000057669  -0.0000035222   0.0000094421  -0.0000080016
       -0.0001576390   0.0000726952   0.0001242503   0.0000277277  -0.0000319456
       -0.0000320493   0.0000382220   0.0000012153  -0.0000167935  -0.0898758473
       -0.0065426143  -0.0691034947  -0.1120206023  -0.0125083870   0.0237625209
       -0.0477828742   0.0148061487   0.0059465636   0.0037321976   0.0013910647
       -0.0033341593  -0.0142946597   0.0025215432  -0.0126814237   0.0003298572
        0.0018233535   0.0024684009   0.0001130050   0.0002628876   0.0000726499
       -0.0009738713  -0.0000253629  -0.0012640474   0.0002537975  -0.0001250667
       -0.0004002302  -0.0207665035  -0.0178077702   0.0110462072   0.0023743730
       -0.0006279832   0.0006234756  -0.0001749576  -0.0000406509   0.0001245011
       -0.0006115901  -0.0002239675   0.0001850557   0.0006221211   0.0008194987
       -0.0003887511
        0.0000696593  -0.0002047617   0.0001216087   0.0000222135   0.0002516562
        0.0001045645  -0.0006828333  -0.0001172554  -0.0004650895   0.0023192144
       -0.0006604534  -0.0008177783  -0.0153592223  -0.0102469750   0.0065804762
        0.0002550653   0.0004908097   0.0013032327  -0.0004239551   0.0003274297
       -0.0004456180  -0.0022628944  -0.1495671694   0.0449259783  -0.0278085096
        0.5234845143   0.0180443893   0.0000417997   0.0002454841  -0.0000385122
       -0.0001441386  -0.0001781492  -0.0001121403   0.0001571581   0.0002281793
        0.0001008463  -0.0001466945  -0.0001565044  -0.0001042858   0.0000116841
        0.0000309960   0.0000358796  -0.0000304506   0.0000295767  -0.0000181356
        0.0000266558  -0.0000732901  -0.0000197782  -0.0000042097  -0.0000190219
       -0.0000033727  -0.0000170699   0.0000096656   0.0000199604  -0.0000061324
       -0.0000120564   0.0000207819   0.0000763981  -0.0000134041  -0.0000502463
        0.0001705002  -0.0000458097  -0.0001590912  -0.0000100858  -0.0002456021
        0.0000412264   0.0000288768   0.0000395111  -0.0000137195   0.0009580068
       -0.0283195906   0.0116546232   0.0011380262   0.0002699906   0.0009658894
        0.0619447722  -0.1755886484  -0.0889175685  -0.0135495371  -0.0007095818
       -0.0196274129  -0.0014416317  -0.0004276042   0.0005936933  -0.0000123024
       -0.0000350873  -0.0000049939   0.0000165610   0.0000144761   0.0000122505
       -0.0000511052  -0.0000072255   0.0000068394   0.0000370605   0.0000059814
       -0.0001095674   0.0002051740   0.0000441143   0.0001938657  -0.0000204732
        0.0000095295  -0.0000273653  -0.0000353803   0.0000247190   0.0000153970
       -0.0000449155   0.0000535536  -0.0000179670   0.0000066397  -0.0000647017
       -0.0000891431   0.0000164690  -0.0000744610   0.0001547228  -0.0000005235
        0.0000115518   0.0000005560  -0.0000033280   0.0000072462   0.0000001393
        0.0000285917  -0.0000273109  -0.0000129595  -0.0000011992   0.0000131948
        0.0000072894  -0.0000176403   0.0000067163   0.0000006604  -0.0061847707
       -0.0795499271  -0.0118763678  -0.0146046032  -0.0598629732  -0.0001563310
        0.0329664527  -0.0010726784  -0.0004983117   0.0022867453  -0.0027071415
        0.0020708420   0.0109054062   0.0037134131   0.0182345294   0.0005161701
       -0.0006502246   0.0012577212  -0.0000168780   0.0000492433  -0.0001405507
        0.0001006001  -0.0000186725   0.0000948662   0.0007171566   0.0003193230
        0.0009248538  -0.0305364242  -0.0147861514   0.0126760174  -0.0002670642
       -0.0034703708   0.0029537247  -0.0006187078  -0.0002619709   0.0003543514
       -0.0011574104  -0.0004083419   0.0002960818   0.0004370338  -0.0000977593
       -0.0000415524
        0.0000751975   0.0000547592  -0.0000944423  -0.0000755816  -0.0001581645
       -0.0000427202   0.0003693460  -0.0000001402   0.0002858516  -0.0003236640
        0.0005771832   0.0007213842   0.0105843925   0.0069473410  -0.0031659209
       -0.0009269519   0.0003038461  -0.0016904585   0.0001017146  -0.0000402125
       -0.0001303927   0.0039877358   0.0456415477  -0.0860436170  -0.0032422427
        0.0180443893   0.4338998327  -0.0001448535  -0.0000423356   0.0001297772
       -0.0000433575   0.0000560099   0.0000635809  -0.0000087738  -0.0000049337
       -0.0000085169  -0.0000628840   0.0000442359   0.0000365617  -0.0000023219
        0.0000301620   0.0000200239  -0.0000170477   0.0000071647   0.0000206261
        0.0001310088   0.0000038903  -0.0001003778   0.0000187389   0.0000186561
       -0.0000470250  -0.0000081436   0.0000109965   0.0000483022  -0.0000093933
       -0.0000102876   0.0000078437  -0.0000030854  -0.0000225889  -0.0000011273
        0.0001543247  -0.0000179505  -0.0002872750   0.0000382847  -0.0001881214
       -0.0000078488  -0.0000515878  -0.0001074719   0.0000387575  -0.0018355800
       -0.0095173259   0.0067793366  -0.0002623288   0.0230057055  -0.0181128440
        0.0444181134  -0.0892983128  -0.0972419796  -0.0056245001  -0.0040675395
       -0.0109704871   0.0013121625  -0.0006228328   0.0002657106   0.0000043130
       -0.0000236788  -0.0000229183   0.0000191208  -0.0000184408  -0.0000377758
        0.0000318310  -0.0000257215  -0.0000270821   0.0000163069  -0.0000185928
       -0.0001092705   0.0000589432   0.0000049040   0.0001383764  -0.0000404748
       -0.0000029929  -0.0000271917   0.0000410775  -0.0000096830  -0.0000219993
       -0.0000231457   0.0000063920   0.0000058192   0.0000003372  -0.0000375736
       -0.0000933744  -0.0000006445   0.0000554807   0.0001142775  -0.0000333775
       -0.0000242756   0.0000303927  -0.0000059383  -0.0000114562   0.0000138450
        0.0000015744  -0.0000025979  -0.0000712730  -0.0000132574   0.0000043565
        0.0000440537  -0.0000012785  -0.0000032499   0.0000343255  -0.0820346967
       -0.0163975890  -0.1544716596   0.0239979082   0.0017567331  -0.0652783009
        0.0059597389   0.0009939406   0.0125952722  -0.0020294661   0.0013590715
        0.0028588255  -0.0127017885   0.0111398963  -0.0197393202   0.0007399463
       -0.0030508641  -0.0001524166   0.0000620427   0.0000987088  -0.0000815718
       -0.0000376374   0.0001494720   0.0002355062  -0.0003559079  -0.0003360042
       -0.0008584294   0.0153000899   0.0091339803  -0.0045969302   0.0018953747
        0.0043506695   0.0053078663   0.0018159842   0.0005140566  -0.0005770995
       -0.0009191469  -0.0001745046   0.0002523608  -0.0002965505  -0.0000781064
        0.0001631362
       -0.0094927669  -0.0017368648   0.0035642726   0.0003059842   0.0015782784
       -0.0014231017   0.0011978336  -0.0018110322   0.0001551160  -0.0009151693
       -0.0004815374  -0.0001341713  -0.0006758148  -0.0008556836  -0.0005152995
        0.0006134167   0.0011217490   0.0007420504  -0.0009969750   0.0008341385
        0.0012109553   0.0001444335   0.0002187676  -0.0000409465   0.0003077266
        0.0000417997  -0.0001448535   0.7071215930   0.0283578275  -0.2155818810
       -0.1667107083  -0.0594591475   0.0107813829  -0.0108761652  -0.0322586252
       -0.0245297661   0.0043275620   0.0048533384   0.0043807832   0.0012533248
       -0.0029034574   0.0003255336  -0.0002371161   0.0005532688  -0.0002675125
       -0.4621259556   0.0910528549   0.2168837631   0.0030461559   0.0075403810
       -0.0036241837   0.0075892406  -0.0050022784  -0.0017218843   0.0025884023
       -0.0015536101   0.0024290630   0.0001303409   0.0001640944  -0.0001949613
       -0.0000112675   0.0001762311   0.0000202332   0.0001895528  -0.0001294076
       -0.0002759142  -0.0001423057  -0.0002704208  -0.0000790966   0.0000092507
       -0.0000556653  -0.0000370723   0.0000682738   0.0000417293   0.0001017492
       -0.0000883637  -0.0000774602   0.0000037679  -0.0003517594  -0.0001305739
        0.0004256894  -0.0002414931  -0.0001036981   0.0000419234  -0.0445982308
       -0.0121850806  -0.0056571395  -0.0192680007  -0.0100915460   0.0011242002
        0.0004972089   0.0026699021   0.0004538764   0.0015647923  -0.0002079380
        0.0000737265  -0.0004801978  -0.0000874946   0.0004455815  -0.0001869988
        0.0000129464  -0.0003228876  -0.0002070063   0.0001893938   0.0001745391
        0.0001760952   0.0004712561  -0.0000680082   0.0000063896  -0.0001202980
        0.0001096986  -0.0001628875  -0.0001132943   0.0001200699  -0.0097501930
       -0.0112026850   0.0046270504  -0.0012354932  -0.0015938696   0.0005443257
       -0.0047028591   0.0028496151  -0.0046779399   0.0010069124   0.0007498237
        0.0082643837   0.0005090467  -0.0014001787   0.0025744074   0.0004614875
        0.0004555203  -0.0005934123  -0.0014263047  -0.0001872952   0.0002979752
        0.0008322515  -0.0000841417  -0.0001523317  -0.0000144617  -0.0000350534
       -0.0004258644  -0.0001133338  -0.0004508158   0.0011691817   0.0006077697
        0.0002358626  -0.0006017381  -0.0000117941   0.0000859543   0.0001742348
        0.0000781643  -0.0001040439  -0.0000954664  -0.0000693382   0.0000282665
        0.0002031116   0.0005195776   0.0003051320  -0.0002254156  -0.0001551913
        0.0000142214   0.0000375217   0.0000614475   0.0000966771   0.0000055956
        0.0000336935   0.0000356041  -0.0000922281   0.0000002235  -0.0000414368
        0.0000173136
       -0.0164412305   0.0077196285  -0.0155220020   0.0132895970   0.0030485183
       -0.0011383761  -0.0023207050  -0.0013335026  -0.0001217178   0.0005278647
       -0.0002039187   0.0006913486  -0.0001305947   0.0000763187  -0.0002501639
        0.0013107626  -0.0004055512   0.0001775104  -0.0024337389   0.0008662820
        0.0012911127  -0.0001287314  -0.0001827658  -0.0000005976  -0.0005754728
        0.0002454841  -0.0000423356   0.0283578275   0.3571144859   0.2006310027
       -0.0782362627  -0.1049426484  -0.0063223408  -0.0263001316  -0.0350712213
       -0.0152711161  -0.0005869751   0.0057639832  -0.0069252839   0.0019686169
       -0.0009947089   0.0004924102  -0.0003468639   0.0007380982  -0.0003481854
        0.0810617926  -0.0910122783  -0.0631194517  -0.0014885018  -0.0047554229
        0.0007590509  -0.0037160223   0.0033090862   0.0042603344  -0.0006066177
       -0.0031548849   0.0006726416   0.0001226981   0.0000825549  -0.0007206477
       -0.0002826550  -0.0002194829  -0.0003190653  -0.0001834642   0.0000835488
        0.0001160554   0.0001313620  -0.0002241414  -0.0004536217   0.0000599141
       -0.0000019478  -0.0000300924  -0.0001645338  -0.0000471959  -0.0000347405
       -0.0000667950  -0.0000085183  -0.0000579404   0.0000578672   0.0003372262
       -0.0002456715  -0.0002601031   0.0001520685  -0.0000159110  -0.0064752077
       -0.1440647374  -0.0954817872   0.0076793534   0.0040954274  -0.0013715885
        0.0009665547  -0.0022533099   0.0017827934  -0.0008616898  -0.0013669871
       -0.0001867192   0.0003702134  -0.0000485222  -0.0001284190  -0.0001216003
       -0.0000684122   0.0001247474  -0.0000013335  -0.0001218636  -0.0000433135
        0.0002905507   0.0003870591   0.0000073936   0.0000984896   0.0000426479
        0.0002031176   0.0000060607   0.0000075880   0.0000113729   0.0022448489
        0.0074206777  -0.0014093266   0.0002952284   0.0003306101   0.0003654560
        0.0022872200  -0.0029958020  -0.0005383190   0.0006353896   0.0013459485
       -0.0016795741  -0.0006718633   0.0008359905   0.0001415425   0.0005878395
       -0.0013657304   0.0006354078   0.0002083940   0.0009584800  -0.0002249254
        0.0001035258  -0.0005980163   0.0001479823   0.0004032583  -0.0000132875
       -0.0001259943  -0.0012143431   0.0029997811  -0.0003901463   0.0007044505
       -0.0019132128  -0.0006090863  -0.0001096983   0.0002186394   0.0001776637
        0.0001149679   0.0000217190  -0.0001006296   0.0000071205  -0.0001499187
        0.0003268506  -0.0001513336  -0.0005965826   0.0001875593   0.0000306089
       -0.0000548723   0.0000008076  -0.0000572272  -0.0000375358  -0.0000212770
       -0.0000340280   0.0000018503   0.0000574343   0.0000453466   0.0000032772
       -0.0000112287
        0.0130117702  -0.0099116375   0.0001637261  -0.0099850659  -0.0014566133
        0.0007367060   0.0012330332   0.0015382749   0.0008500653  -0.0009016075
        0.0000212704  -0.0001701283   0.0003367272  -0.0001001274  -0.0000204265
       -0.0006107800  -0.0000535837  -0.0003042207   0.0021731381  -0.0000694695
       -0.0009375685  -0.0000293381  -0.0000144639  -0.0000637815   0.0001880033
       -0.0000385122   0.0001297772  -0.2155818810   0.2006310027   0.3813871466
       -0.0179134846  -0.0262882373  -0.0694641188  -0.0150752232  -0.0049154823
        0.0010509145   0.0024996623  -0.0094506798   0.0050255182  -0.0024345636
       -0.0007392347  -0.0004569001   0.0001918451  -0.0008968056   0.0003677311
        0.2302498359  -0.0693632532  -0.1860099991  -0.0019641586  -0.0034951911
       -0.0002869712  -0.0011501891   0.0030389918  -0.0045756992   0.0004559712
       -0.0002350524   0.0013871843  -0.0001636322  -0.0003655808  -0.0002300293
        0.0001178899   0.0000332776   0.0000660915   0.0001275383  -0.0000854484
       -0.0001023383   0.0000756783  -0.0004849812  -0.0001272569   0.0000262520
       -0.0000290394  -0.0000139466   0.0000420010   0.0000183694  -0.0000072778
        0.0000058136  -0.0000446574  -0.0000074033   0.0000151689  -0.0000934607
        0.0001477162   0.0001131434  -0.0000426332   0.0000484576  -0.0035619766
       -0.0919144001  -0.1228821088   0.0138911166   0.0069487588  -0.0003892905
       -0.0018758353   0.0015416553  -0.0033746212   0.0005862857   0.0009095877
        0.0002012368   0.0005055081   0.0001299499  -0.0001146329  -0.0000683762
        0.0001241513  -0.0001632284   0.0000345901  -0.0000360402  -0.0000515275
       -0.0002371203  -0.0002191934  -0.0000033345   0.0000018895   0.0000045604
       -0.0000729873   0.0001139986   0.0000090808  -0.0000215782   0.0041886187
        0.0049445883  -0.0003238932   0.0000540897   0.0004373394   0.0003267543
       -0.0007162215   0.0000944709   0.0015819343   0.0013230810  -0.0009663675
       -0.0024158510   0.0007850576   0.0006382120  -0.0006779825  -0.0002130064
        0.0005206912  -0.0003872048  -0.0000150473  -0.0003236390   0.0000751338
       -0.0000676038   0.0001995986  -0.0000868805  -0.0001491536   0.0000498052
       -0.0002829299   0.0005410014  -0.0007920874   0.0005691838  -0.0003454250
        0.0003609235  -0.0000607597   0.0000980835  -0.0000264601   0.0000867693
        0.0000266206   0.0000345097   0.0000027013   0.0000077446   0.0000197636
       -0.0000278368   0.0000221214   0.0001867421  -0.0000975131  -0.0000047176
        0.0000216549   0.0000240773   0.0000207142  -0.0000053062   0.0000054857
        0.0000118252   0.0000025438  -0.0000282670  -0.0000114112  -0.0000021353
        0.0000061827
        0.0056059901  -0.0029654087   0.0035144750  -0.0024833963  -0.0000524971
        0.0002505200  -0.0008549557   0.0010956754  -0.0007634683   0.0004078261
       -0.0000013386  -0.0005637515  -0.0000302892   0.0004105018   0.0005065176
       -0.0009545246  -0.0003904490  -0.0001543971   0.0009268140  -0.0003492562
       -0.0004356550   0.0000394873  -0.0000064152   0.0000536050  -0.0000316185
       -0.0001441386  -0.0000433575  -0.1667107083  -0.0782362627  -0.0179134846
        0.5123436524   0.0725588779  -0.1265051543  -0.0736521706  -0.0153540552
        0.0073965891  -0.0061473350  -0.0270405590  -0.0148074705  -0.0034380061
        0.0006926275  -0.0015762934   0.0004528866  -0.0014886027   0.0007262139
       -0.0667860975  -0.0157614176   0.0214241074  -0.0011967607  -0.0021421885
        0.0010861166  -0.0008161023   0.0001128523   0.0002143540  -0.0001986505
        0.0003517972  -0.0003415837  -0.0001358643   0.0000467766   0.0002923742
        0.0001252764   0.0000659120   0.0001151850  -0.0000391957   0.0000575099
        0.0000243603   0.0000671337   0.0001535599   0.0000589242  -0.0000264804
        0.0000414677   0.0000110173   0.0000487212  -0.0000065070   0.0000193092
        0.0000720948   0.0000302039   0.0000539621  -0.0001258161   0.0000927394
       -0.0000278519   0.0000620375  -0.0000552207  -0.0000820438  -0.0003936666
       -0.0058548437   0.0011977391  -0.1955967640   0.0547081465   0.1139993424
       -0.0003584602   0.0197919620   0.0167576575  -0.0035328527  -0.0020189012
       -0.0011624908   0.0010862860  -0.0011241109  -0.0018021600   0.0001480022
        0.0000282144   0.0001778658  -0.0000114308  -0.0001636137   0.0000514788
       -0.0004127380  -0.0005167036   0.0000404725   0.0000657855   0.0001334772
        0.0000262614   0.0001815796   0.0000460147  -0.0001453112   0.0022476771
        0.0029924167  -0.0010257887   0.0002387514   0.0002284331  -0.0000617996
        0.0008321590   0.0000462321   0.0007954392  -0.0006550921  -0.0003475943
       -0.0010746437  -0.0001528887   0.0001906046  -0.0005716465   0.0000865020
        0.0004140084  -0.0000696168   0.0002139746  -0.0002450509  -0.0000361797
       -0.0001711557   0.0001831638   0.0000195200   0.0004807661   0.0000761608
        0.0000584950  -0.0003734745  -0.0015454250  -0.0008641010  -0.0001740411
        0.0010309550   0.0008518833  -0.0003111027   0.0002810299   0.0002834423
        0.0000884830   0.0000143929  -0.0000338525  -0.0000537620  -0.0001808505
       -0.0000088883  -0.0000130998   0.0001273035   0.0000817389   0.0000160690
       -0.0000014422  -0.0000384965   0.0000096318  -0.0000024174   0.0000123758
        0.0000050654  -0.0000135225   0.0000116713  -0.0000141519   0.0000057758
       -0.0000035274
        0.0057481606  -0.0123871609   0.0089438423  -0.0037188182  -0.0029957678
        0.0015379405   0.0003685388   0.0005504135   0.0004253780  -0.0000850545
       -0.0000555577  -0.0003536385   0.0000188661   0.0001285094   0.0001671989
       -0.0006225396  -0.0001030543  -0.0001442171   0.0007941035  -0.0005055251
       -0.0001446742   0.0000326700   0.0000394676  -0.0000425615   0.0002076546
       -0.0001781492   0.0000560099  -0.0594591475  -0.1049426484  -0.0262882373
        0.0725588779   0.5332947492   0.3069884285  -0.0259029616  -0.3210101215
       -0.2178669574  -0.0121758688  -0.0250471452  -0.0168971071  -0.0024465719
        0.0029882414  -0.0008396263   0.0003283288  -0.0010282000   0.0005345614
       -0.0141819810   0.0127181450   0.0093894689  -0.0004112110  -0.0005740881
        0.0005442705  -0.0000823795   0.0002795686  -0.0008331619   0.0002342216
        0.0002352335   0.0002837600  -0.0000748985  -0.0001474656   0.0000681048
        0.0001701013   0.0000872009   0.0001640089   0.0000672703  -0.0000317613
       -0.0000098794  -0.0000020275   0.0001627286   0.0001299149  -0.0000162462
        0.0000211144   0.0000112299   0.0000702111   0.0000115123  -0.0000126688
        0.0000592153   0.0000005151   0.0000341789   0.0000174041  -0.0001490054
        0.0000546668   0.0002169936  -0.0000605435  -0.0000121146  -0.0181578321
       -0.0137087977  -0.0105481702   0.0539774923  -0.0605551185  -0.0445472347
        0.0021278231  -0.0083874718  -0.0100379598  -0.0025955718  -0.0006350634
        0.0003909633   0.0019607859   0.0008608186   0.0001397427   0.0001039363
        0.0000725130   0.0001844151  -0.0000465403  -0.0000817771  -0.0000721649
       -0.0003119637  -0.0003921382  -0.0000039928   0.0000408757   0.0000882041
       -0.0000069746   0.0001932355   0.0000563930  -0.0001133942   0.0010593112
        0.0011479453  -0.0006019138   0.0002091717   0.0002660398  -0.0001889990
       -0.0000217475  -0.0000703072   0.0016325140   0.0000743640  -0.0003623978
       -0.0017449953   0.0002266746   0.0002137363  -0.0005074217  -0.0004094925
        0.0006708301  -0.0002104435   0.0002743375  -0.0005166198   0.0000389407
       -0.0003000456   0.0003696464  -0.0000391159  -0.0002422225   0.0000449127
        0.0002166350   0.0007469132  -0.0017147480  -0.0000216404  -0.0005676251
        0.0011356795   0.0005619393   0.0001127054  -0.0002916379  -0.0001552270
       -0.0001233990   0.0000149650   0.0000864062  -0.0000244165   0.0001801337
       -0.0002887748  -0.0000505213   0.0002715802  -0.0000402695   0.0000273988
        0.0000332290  -0.0000134202   0.0000193081  -0.0000088120   0.0000105389
        0.0000133260  -0.0000127409  -0.0000097002  -0.0000291933   0.0000097978
        0.0000015981
        0.0047393812   0.0013435842   0.0018794056  -0.0040332578   0.0003040578
        0.0003140751  -0.0003493192   0.0015293717  -0.0005252722   0.0002030694
        0.0001596467  -0.0002685416   0.0003005766   0.0002214300   0.0002466962
       -0.0002282136  -0.0000817410  -0.0002540854   0.0006421381  -0.0003742540
       -0.0009533664   0.0000036322  -0.0000229646   0.0000102181   0.0001950949
       -0.0001121403   0.0000635809   0.0107813829  -0.0063223408  -0.0694641188
       -0.1265051543   0.3069884285   0.4038321230  -0.0013701537  -0.2230815319
       -0.2143759601  -0.0048815652  -0.0134173032   0.0004049240  -0.0014069267
        0.0031220121  -0.0012006254   0.0003759668  -0.0007352594   0.0004836855
        0.0159621152   0.0089765748   0.0113901135  -0.0009929962  -0.0010171867
        0.0009270109  -0.0001924919   0.0002319219  -0.0005309004  -0.0002655151
        0.0007792908  -0.0006384614  -0.0002438350   0.0000234946  -0.0002062723
        0.0000797086   0.0000322000   0.0000728387  -0.0000217444  -0.0000161693
       -0.0000017678  -0.0000386417   0.0000869135   0.0000858180  -0.0000254914
       -0.0000150145  -0.0000048084   0.0000045116  -0.0000119381  -0.0000096658
        0.0000245116   0.0000407424   0.0000075175   0.0001887054  -0.0001030671
       -0.0001307754   0.0000990442  -0.0000022938  -0.0000031932  -0.0117375124
       -0.0190136659   0.0012051434   0.1144635136  -0.0457782009  -0.1183366709
        0.0024088123  -0.0168739618  -0.0137355555  -0.0004370743   0.0007334909
        0.0003847419   0.0009754861   0.0017217117   0.0001866768   0.0000218537
       -0.0002629184   0.0002972282  -0.0000520423  -0.0000218024  -0.0000234203
       -0.0002942570  -0.0002293607  -0.0000262854   0.0000606908   0.0000865679
       -0.0000115018   0.0000492829   0.0000064231  -0.0000624848   0.0016778873
        0.0010093028  -0.0005386708   0.0002030477   0.0001015011  -0.0000799243
        0.0003160833   0.0003464524   0.0007487888  -0.0001597652  -0.0004352856
       -0.0006709602  -0.0001068537  -0.0000369669  -0.0005540649  -0.0003277858
        0.0000909890   0.0002396587   0.0002800283  -0.0001991338  -0.0000178046
       -0.0002371513   0.0001582868   0.0000124431  -0.0001745210   0.0000062458
        0.0002591608   0.0003092741  -0.0002496419  -0.0004644467  -0.0002488444
        0.0003545580   0.0003532708   0.0001340756  -0.0000667643  -0.0003501530
       -0.0000358759   0.0000183057   0.0000915134  -0.0000463240  -0.0000651800
       -0.0000609455  -0.0000925159   0.0000818133   0.0000058522   0.0000252627
        0.0000126312  -0.0000045929  -0.0000023750  -0.0000181864   0.0000057585
       -0.0000021240  -0.0000123686  -0.0000032896  -0.0000148086   0.0000086936
        0.0000003425
       -0.0026438942   0.0016094712  -0.0018048262   0.0026067619   0.0008112713
       -0.0001130696  -0.0000044011  -0.0005111332  -0.0000172680  -0.0002518677
        0.0002502589   0.0004233813  -0.0000541786  -0.0001063498  -0.0001044690
        0.0004170007   0.0000617259   0.0000051372  -0.0004571541   0.0002144133
        0.0001655506   0.0000372834  -0.0000216644   0.0000102927  -0.0000591769
        0.0001571581  -0.0000087738  -0.0108761652  -0.0263001316  -0.0150752232
       -0.0736521706  -0.0259029616  -0.0013701537   0.5020391178   0.0852234806
       -0.0973628775  -0.1819688572  -0.0684103497  -0.0071362832   0.0027783557
       -0.0108305569   0.0021217529   0.0001188648   0.0015479317  -0.0005848722
        0.0024374401  -0.0012683038  -0.0023730177   0.0002612436   0.0005253778
        0.0000430286   0.0001540957  -0.0004124025   0.0002526769  -0.0001031897
       -0.0001850289   0.0001539307   0.0003692443   0.0001369629  -0.0002008397
       -0.0002429606  -0.0002247637  -0.0001919703   0.0000093915  -0.0000114334
        0.0000047336  -0.0000511846  -0.0001332845  -0.0000781670   0.0000518988
        0.0000081463   0.0000103899  -0.0000568588   0.0000045687  -0.0000254311
       -0.0000178805  -0.0000617990   0.0000042799   0.0000746815  -0.0000294762
        0.0000149833  -0.0000641046   0.0000684755   0.0000306137  -0.0038906252
       -0.0047662805  -0.0009698131  -0.0007505525   0.0197883431   0.0160393878
       -0.1999837468   0.0504158558   0.1114531520  -0.0092304471  -0.0096808023
       -0.0050343462  -0.0277291736  -0.0133961656   0.0023347408   0.0002122228
        0.0008581521  -0.0002106921   0.0007833881   0.0012688069  -0.0002535523
        0.0005416888   0.0004342228   0.0000165417   0.0000263674  -0.0000702214
        0.0001867636  -0.0000907607  -0.0000525255   0.0000623399  -0.0004089852
       -0.0004852246  -0.0000090386  -0.0000693100  -0.0001375782  -0.0000937321
        0.0001422780   0.0004285480  -0.0004227888  -0.0005974493  -0.0003547866
        0.0002657694   0.0000068945  -0.0001895631   0.0001197849   0.0000887085
       -0.0006091556   0.0000826886  -0.0002071805   0.0003732395   0.0000366927
        0.0001992478  -0.0002495788  -0.0000074364  -0.0002412488  -0.0000163612
       -0.0000610029  -0.0000147080   0.0017076161   0.0004586452   0.0003025734
       -0.0012331863  -0.0007743509   0.0000691252  -0.0001049668  -0.0000977992
       -0.0000359069  -0.0000706635  -0.0000027716   0.0000097946   0.0001147583
        0.0001206725   0.0000219763  -0.0002009186  -0.0000462949  -0.0000041486
       -0.0000020244   0.0000139182  -0.0000121594   0.0000133785  -0.0000149876
       -0.0000116215   0.0000153292   0.0000150171   0.0000224234  -0.0000078503
       -0.0000010166
       -0.0034327187   0.0036525330  -0.0044606800   0.0029605120  -0.0001753880
        0.0002014650  -0.0005434978  -0.0001902505   0.0002571612   0.0007684835
        0.0001107789   0.0003188220  -0.0000619026   0.0003019933   0.0002012982
        0.0002339302  -0.0001976352  -0.0001547191  -0.0002707368   0.0001158535
       -0.0000408305  -0.0000149235  -0.0000624359   0.0000479452  -0.0001601169
        0.0002281793  -0.0000049337  -0.0322586252  -0.0350712213  -0.0049154823
       -0.0153540552  -0.3210101215  -0.2230815319   0.0852234806   0.5588924078
        0.2998643035  -0.0781127297  -0.1020875493  -0.0111090762  -0.0195672569
       -0.0287892158   0.0006720845  -0.0001360539  -0.0044752875   0.0017667451
        0.0120663993  -0.0006742080  -0.0063436351   0.0007529614   0.0009226293
       -0.0006179111  -0.0004428888   0.0002333297   0.0010213492  -0.0001169008
       -0.0003311968   0.0000453651   0.0001653772   0.0000604165   0.0002862396
       -0.0002721026  -0.0001160149  -0.0002520848  -0.0000589412   0.0000355006
        0.0000668188  -0.0000364509  -0.0000942267  -0.0000454205   0.0000411035
       -0.0000080472   0.0000188492  -0.0000852647   0.0000040493  -0.0000205484
       -0.0000879198   0.0000034780  -0.0000360151   0.0000376480   0.0000147262
       -0.0000543236  -0.0001085013   0.0000631080   0.0000344301  -0.0038696800
       -0.0010968092  -0.0020048100   0.0022787767  -0.0098974352  -0.0101001090
        0.0525037435  -0.0583686673  -0.0388669023  -0.0057074165  -0.0060366485
       -0.0048881515   0.0065632280   0.0054872566   0.0018751020  -0.0007671665
        0.0008005170  -0.0004413852  -0.0003726713   0.0002859928  -0.0002189172
       -0.0008926624  -0.0006995265   0.0000935807   0.0001911430  -0.0000097028
        0.0001873795   0.0000927025  -0.0000807184   0.0000902268  -0.0013569475
       -0.0012606526   0.0005216243  -0.0001562912  -0.0001836224  -0.0000079939
        0.0001828311  -0.0005456476  -0.0012530621   0.0001114397   0.0006572435
        0.0011174152  -0.0001347694  -0.0001528945   0.0004583335   0.0001138423
       -0.0007072683   0.0001317969  -0.0001847815   0.0005690307  -0.0000020479
        0.0002295055  -0.0003569585   0.0000116978  -0.0001334396  -0.0001193215
       -0.0001444206  -0.0002211757   0.0020152800   0.0005278761   0.0004640926
       -0.0013702188  -0.0009084502  -0.0001120811  -0.0000555571   0.0000375692
       -0.0000060464  -0.0000137511  -0.0000211953   0.0000592813   0.0000906702
        0.0001346867  -0.0000151713  -0.0003202401  -0.0000115956   0.0000240673
       -0.0000112482   0.0000058764  -0.0000246859   0.0000106192  -0.0000199767
       -0.0000198925   0.0000159451   0.0000338857   0.0000319170  -0.0000018512
       -0.0000037175
       -0.0035605775   0.0033383890  -0.0032140871   0.0029705628   0.0010307658
       -0.0003556456  -0.0002173798  -0.0005193066   0.0000218516  -0.0001656365
        0.0000932181   0.0002962613   0.0000443449  -0.0002105807  -0.0002298531
        0.0003859399   0.0000668979   0.0000582942  -0.0005016629   0.0001792502
        0.0001417353   0.0000177635  -0.0000105381  -0.0000095381  -0.0000817629
        0.0001008463  -0.0000085169  -0.0245297661  -0.0152711161   0.0010509145
        0.0073965891  -0.2178669574  -0.2143759601  -0.0973628775   0.2998643035
        0.4171345698  -0.0060978495  -0.0072787453  -0.0626161808   0.0075542516
        0.0022272413   0.0012586955  -0.0002723847   0.0024109413  -0.0007639094
        0.0096260193   0.0000060129  -0.0047645061   0.0005772120   0.0006961001
       -0.0005743117   0.0000153237  -0.0000963897   0.0006521400  -0.0000473939
       -0.0003035656   0.0001152990   0.0000846318   0.0003533679  -0.0004559119
       -0.0001251673  -0.0001503606  -0.0000925864  -0.0000183795   0.0000211152
        0.0000455509   0.0000272295  -0.0000941347  -0.0000348653   0.0000171835
        0.0000138748   0.0000120731  -0.0000425104   0.0000004164  -0.0000169930
       -0.0000323045  -0.0000040598  -0.0000373085  -0.0000003034   0.0000117829
       -0.0000063712  -0.0000392164   0.0000375715   0.0000172182  -0.0001215794
       -0.0013061215   0.0019065223   0.0022733680  -0.0170170405  -0.0145255962
        0.1128962354  -0.0393572983  -0.1164822849  -0.0250853028  -0.0182113203
       -0.0060850855   0.0145102943   0.0073595118   0.0010358613   0.0004588118
        0.0013727597  -0.0002994454   0.0001285011  -0.0008755564   0.0001120094
        0.0005485560   0.0005379584   0.0001808092  -0.0000352993  -0.0000758997
        0.0000800438  -0.0000660385   0.0000466427   0.0000520022  -0.0010770478
       -0.0010303364   0.0005047132  -0.0001273061  -0.0001204022   0.0000473355
        0.0000178031  -0.0002843452  -0.0008680840   0.0000539726   0.0005145713
        0.0008666453  -0.0001094201  -0.0000785201   0.0003318672   0.0000514039
       -0.0003363592   0.0000356940  -0.0000445541   0.0003124181  -0.0000274861
        0.0000935721  -0.0001705744   0.0000075281  -0.0000762056  -0.0001018478
       -0.0001027549  -0.0000365751   0.0009892953   0.0003239926   0.0001804773
       -0.0007057126  -0.0004355963  -0.0001152391  -0.0000634761   0.0000880190
       -0.0000135357   0.0000493550  -0.0000085979   0.0000879994   0.0000739572
       -0.0000027344  -0.0000189836  -0.0001756472   0.0000042940   0.0000159626
       -0.0000038252   0.0000047376  -0.0000153613   0.0000032050  -0.0000120577
       -0.0000115135   0.0000093019   0.0000198996   0.0000151260  -0.0000010336
       -0.0000003090
        0.0002450119  -0.0007624372   0.0006547830  -0.0004504714   0.0000036986
       -0.0000914791   0.0002012680   0.0000061481  -0.0001309400  -0.0002091825
       -0.0001058530  -0.0002157125   0.0000661648   0.0000027369  -0.0000447538
       -0.0000388307   0.0001026446   0.0001165286   0.0000302392  -0.0000718681
       -0.0000099572  -0.0000639444  -0.0000343442   0.0000151715  -0.0000362661
       -0.0001466945  -0.0000628840   0.0043275620  -0.0005869751   0.0024996623
       -0.0061473350  -0.0121758688  -0.0048815652  -0.1819688572  -0.0781127297
       -0.0060978495   0.5147554513  -0.0051808032  -0.0212102238  -0.0647889623
        0.0331932356  -0.0072464768   0.0005333458  -0.0223525794   0.0078027418
       -0.0006711415   0.0004058925   0.0001498000  -0.0000839776  -0.0001013351
        0.0000503259   0.0000231413  -0.0000315878  -0.0002072098   0.0000835496
        0.0000931730   0.0000507384  -0.0001122573   0.0000079358   0.0001048427
        0.0001002942   0.0000682286   0.0001251434  -0.0000084569   0.0000077732
       -0.0000073768  -0.0000092739   0.0000560379   0.0000268983  -0.0000169130
       -0.0000090379  -0.0000467763   0.0000367025  -0.0000005373   0.0000362999
       -0.0000877466  -0.0000024231  -0.0000587339  -0.0000749379   0.0000733034
        0.0000540325  -0.0000999705  -0.0000748938  -0.0000189207  -0.0001659051
        0.0005466589  -0.0004040699   0.0009460841   0.0023599764  -0.0000760941
       -0.0217950865  -0.0121101192   0.0004835732  -0.0577633755  -0.0018174546
       -0.0497709986  -0.1782741431   0.0729772175   0.0878402121  -0.0008456095
        0.0069139892  -0.0037049730  -0.0060324832   0.0217201906  -0.0067177607
       -0.0036173360  -0.0041193264   0.0001190675   0.0006051395  -0.0001642327
        0.0006808255   0.0007660733  -0.0012215276   0.0000120184   0.0001633029
        0.0000526952  -0.0000077237   0.0000205697   0.0000434610   0.0000447686
       -0.0000435850   0.0000266800   0.0002141966   0.0001347393   0.0000199703
       -0.0002174373   0.0000036041   0.0000456107  -0.0000778619   0.0003963036
        0.0002335518  -0.0002111568  -0.0001225143  -0.0001388180  -0.0000061334
        0.0000261034   0.0000620240   0.0000137819   0.0001175593   0.0000083628
       -0.0002066094  -0.0006895595  -0.0003740777   0.0004339972   0.0002897209
        0.0006116776   0.0000136513   0.0000850915   0.0000907735   0.0000524483
        0.0001268060  -0.0000066394  -0.0000387918   0.0000301017  -0.0001200846
        0.0001501455   0.0001130543   0.0001187035   0.0000334854  -0.0000265117
       -0.0000150573  -0.0000072791   0.0000201740  -0.0000007131   0.0000150898
        0.0000102632  -0.0000064637  -0.0000227695  -0.0000127873  -0.0000078690
        0.0000062890
        0.0014309898  -0.0012945690   0.0016381330  -0.0014861983  -0.0000295636
        0.0000467625   0.0004056473  -0.0002845789   0.0000762866  -0.0002625117
       -0.0002173705  -0.0000682773  -0.0001565181  -0.0000785288   0.0000105588
       -0.0000986249   0.0001347969   0.0000473615   0.0001653371  -0.0001175181
       -0.0001062091  -0.0000346607   0.0000460516  -0.0000462831   0.0000962624
       -0.0001565044   0.0000442359   0.0048533384   0.0057639832  -0.0094506798
       -0.0270405590  -0.0250471452  -0.0134173032  -0.0684103497  -0.1020875493
       -0.0072787453  -0.0051808032   0.4387915994   0.0391108248   0.0217392065
       -0.1542056623   0.0378753285  -0.0028356300  -0.0248768784   0.0077626214
       -0.0026311402   0.0001164000   0.0025939202  -0.0004308310  -0.0004369808
        0.0003581307   0.0002215836  -0.0001956254  -0.0004624457   0.0000371730
        0.0002642351  -0.0000264728   0.0000429571  -0.0001221565   0.0000025256
        0.0000250201   0.0000423655   0.0000715668   0.0000322263  -0.0000561630
       -0.0000637406   0.0000073923   0.0000534537   0.0000377411   0.0000095521
        0.0000023391  -0.0000172911   0.0000546951   0.0000115511   0.0000058021
        0.0000846162  -0.0000458410   0.0000813603  -0.0000507299  -0.0000122984
        0.0000350465   0.0001580649  -0.0000558740  -0.0000167370  -0.0005601985
       -0.0017548309   0.0006279540  -0.0000228757  -0.0007478816   0.0029589922
        0.0041194490   0.0043548068  -0.0004246165  -0.0030378869  -0.0359406267
       -0.0204938419   0.0726415431  -0.0801598119  -0.0499781790   0.0011830738
       -0.0033297652   0.0043404173   0.0063959756  -0.0184606413   0.0045861019
       -0.0036284474  -0.0025121278  -0.0002848346   0.0008129842   0.0007567936
        0.0002446180   0.0011492690   0.0011012124  -0.0002869367   0.0007132236
        0.0005428605  -0.0002672302   0.0000698546   0.0000835502  -0.0000200024
       -0.0001335151   0.0002352035   0.0005628450   0.0000043255  -0.0002376907
       -0.0004474677   0.0000706602   0.0000670571  -0.0002405984  -0.0002197272
        0.0006374966  -0.0001156599   0.0001163793  -0.0004475444   0.0000439934
       -0.0001707420   0.0002823196  -0.0000321247   0.0000404662   0.0000480027
        0.0002024116   0.0002743235  -0.0019508611  -0.0005859149  -0.0005514035
        0.0011993462   0.0009237970   0.0000663483   0.0000275037  -0.0000022469
       -0.0000159632   0.0000308337   0.0000211270  -0.0000647025   0.0000087519
       -0.0001321524  -0.0000018024   0.0002461014  -0.0000293157   0.0000013915
        0.0000250702  -0.0000109342   0.0000186944  -0.0000051375   0.0000133292
        0.0000132779  -0.0000115457  -0.0000216840  -0.0000294809   0.0000055870
        0.0000041325
        0.0003198355  -0.0007912040   0.0004310311  -0.0006893863  -0.0000961439
       -0.0001382554  -0.0000353422   0.0001292062  -0.0000148238  -0.0000251853
        0.0000623600   0.0000108128   0.0000735317  -0.0000576090  -0.0001036293
       -0.0000549987  -0.0000309973  -0.0000674738   0.0000811005  -0.0000705114
       -0.0001077096   0.0000365199   0.0000169264  -0.0000015231   0.0000877703
       -0.0001042858   0.0000365617   0.0043807832  -0.0069252839   0.0050255182
       -0.0148074705  -0.0168971071   0.0004049240  -0.0071362832  -0.0111090762
       -0.0626161808  -0.0212102238   0.0391108248   0.5084973118  -0.0039147307
        0.0409369731  -0.0792941527   0.0008771513   0.0026258180   0.0002850832
       -0.0004314508   0.0009299841  -0.0003633338   0.0000341078   0.0000721354
       -0.0000021146   0.0000210573  -0.0000034662  -0.0000829814   0.0000612093
        0.0000705893   0.0000732214   0.0000798993   0.0001152495   0.0000244028
       -0.0000579355   0.0001151646   0.0000806937   0.0000104736  -0.0000056464
        0.0000136697   0.0000026925   0.0000339450   0.0000451158  -0.0000131773
        0.0000081266   0.0000009024  -0.0000012103   0.0000033213  -0.0000034210
        0.0001761815   0.0000570137   0.0001136194   0.0000751836  -0.0000539686
       -0.0000646042   0.0001192809   0.0000406089   0.0000007728  -0.0011493056
        0.0004796507  -0.0014827940  -0.0022961393   0.0018309641  -0.0018179790
        0.0129567723   0.0074293067   0.0012348396  -0.0524593705  -0.0225304237
       -0.2555786121   0.0886866909  -0.0494594480  -0.1066448626  -0.0064013940
        0.0277736961  -0.0142758838   0.0030022659  -0.0126996895   0.0051115479
        0.0002823693  -0.0001279394   0.0007122537  -0.0001824829  -0.0009583728
        0.0006475734  -0.0001350424   0.0003237457   0.0000094147  -0.0000415784
       -0.0000768655  -0.0000129770  -0.0000028203   0.0000090807  -0.0000051432
       -0.0000302692  -0.0000132859   0.0000897028  -0.0000199571  -0.0000881337
       -0.0001020919   0.0000429979   0.0000434993  -0.0000010474  -0.0002970408
        0.0000602027   0.0000631393   0.0002500318  -0.0000231765   0.0000143479
       -0.0001879855   0.0000828998  -0.0000081686  -0.0000540475   0.0000894025
        0.0002183449   0.0002923953  -0.0003149875  -0.0006668165  -0.0002524235
        0.0000283066   0.0003803322   0.0000222688  -0.0000337490  -0.0000486594
       -0.0000214956  -0.0000014860   0.0000270822   0.0000373973   0.0000003069
       -0.0000457438  -0.0000936183  -0.0000079746  -0.0000144080   0.0000217272
        0.0000160291   0.0000079476  -0.0000110572  -0.0000162335  -0.0000018150
       -0.0000106155  -0.0000056537   0.0000045753  -0.0000076569   0.0000073808
        0.0000024635
        0.0004267611  -0.0003904619   0.0005442775  -0.0005527040  -0.0000563021
       -0.0000155770   0.0000518183   0.0000249676  -0.0000118306  -0.0000214643
       -0.0000178194  -0.0000225852   0.0000126477  -0.0000433107  -0.0000186638
       -0.0000471731   0.0000241530   0.0000157203   0.0000572907  -0.0000096348
        0.0000000063   0.0000228902  -0.0000012130  -0.0000044398   0.0000587645
        0.0000116841  -0.0000023219   0.0012533248   0.0019686169  -0.0024345636
       -0.0034380061  -0.0024465719  -0.0014069267   0.0027783557  -0.0195672569
        0.0075542516  -0.0647889623   0.0217392065  -0.0039147307   0.4956473828
       -0.0177908206  -0.0082877044  -0.1625826260  -0.0632314779  -0.0069326122
       -0.0008458391  -0.0000111885   0.0006455436  -0.0001744361  -0.0001274818
        0.0001173510   0.0001452687  -0.0000763452  -0.0002067838   0.0000320764
        0.0000602568  -0.0000056795  -0.0000421824  -0.0000033259  -0.0000254833
        0.0000447738   0.0000472851   0.0000173086   0.0000187391  -0.0000030673
       -0.0000178859  -0.0000052630   0.0000129827   0.0000056599  -0.0000080962
       -0.0000074744  -0.0000057690   0.0000105866   0.0000077558   0.0000082694
        0.0000069880   0.0000316242  -0.0000159711  -0.0000119791  -0.0000240416
        0.0000089686  -0.0000419275  -0.0000196272   0.0000168890  -0.0000112334
       -0.0005271718   0.0002900324   0.0001199482  -0.0003275156   0.0004191753
       -0.0000430452  -0.0003282409  -0.0005246083  -0.0005805164   0.0074637381
       -0.0049324040  -0.0062070975   0.0218452509  -0.0062691800  -0.0615969422
       -0.0021663441  -0.0586749552  -0.1651683279   0.0733579387   0.0874124085
        0.0016622490  -0.0003211242   0.0005107923  -0.0109900800  -0.0070825933
       -0.0046185928  -0.0254904774  -0.0122685970   0.0009554627   0.0002783819
        0.0001943220  -0.0000945264   0.0000189786   0.0000147182  -0.0000205450
       -0.0001552557   0.0001439001   0.0002540107   0.0000675148  -0.0001199799
       -0.0001679081   0.0000535337  -0.0000103782  -0.0000883951  -0.0000240237
        0.0000188272  -0.0000278519  -0.0001192460   0.0000001005   0.0000188387
        0.0000628804  -0.0000141121  -0.0000067845  -0.0000553023  -0.0000490255
       -0.0000399013   0.0000596072   0.0000385368   0.0001799242   0.0000159548
        0.0000480205  -0.0001424486  -0.0000111619   0.0000101760  -0.0000032016
       -0.0000094708  -0.0000003215   0.0000175016   0.0000756317  -0.0000388591
       -0.0000349061   0.0000430745   0.0000221199  -0.0000187677  -0.0000148615
       -0.0000086538   0.0000099948   0.0000093799   0.0000047874   0.0000043759
        0.0000023413   0.0000021775  -0.0000148107   0.0000005566  -0.0000028083
        0.0000025532
       -0.0003565439   0.0006495186  -0.0005697937   0.0004173055   0.0000479408
        0.0000636428  -0.0001241302   0.0000880919  -0.0000438531   0.0000584216
        0.0000668827  -0.0000072479   0.0000589783   0.0000463840   0.0000445507
        0.0000317447  -0.0000356236  -0.0000328762  -0.0001031448  -0.0000000450
       -0.0000132765  -0.0000409009  -0.0000247927   0.0000080313  -0.0000696096
        0.0000309960   0.0000301620  -0.0029034574  -0.0009947089  -0.0007392347
        0.0006926275   0.0029882414   0.0031220121  -0.0108305569  -0.0287892158
        0.0022272413   0.0331932356  -0.1542056623   0.0409369731  -0.0177908206
        0.4481245044   0.0250603014  -0.0619012455  -0.1032159202  -0.0066035790
        0.0012803702  -0.0000828740  -0.0004420096   0.0001637445   0.0001351616
       -0.0000817801  -0.0000901495   0.0000038800   0.0001418809  -0.0000276514
       -0.0000448228  -0.0000131561   0.0000215697  -0.0000547711  -0.0000317958
       -0.0000278467  -0.0000754886  -0.0000316961  -0.0000338095   0.0000020554
        0.0000353935   0.0000219222  -0.0000010766   0.0000123190   0.0000091981
        0.0000081589   0.0000082599  -0.0000153389  -0.0000091766  -0.0000347811
        0.0000099589  -0.0000060686  -0.0000228501   0.0000773148   0.0000160442
       -0.0000422732   0.0000015060   0.0000681665   0.0000295625  -0.0000913485
       -0.0001316940   0.0001528678   0.0000656706  -0.0002935105   0.0003764955
        0.0004202817   0.0009293101  -0.0003916144   0.0023982287  -0.0034571242
        0.0048549248   0.0068839365  -0.0175579676   0.0041981579  -0.0026482898
       -0.0431477374  -0.0181702592   0.0729352416  -0.0838970419  -0.0528976713
       -0.0238527079  -0.0195667825  -0.0001235990  -0.0056165636  -0.0034152543
       -0.0024438561   0.0079289428   0.0063542416   0.0014344577  -0.0002346858
       -0.0002138027   0.0000939392  -0.0000203215  -0.0000226971   0.0000395342
        0.0001881422   0.0000006495  -0.0002873693  -0.0001097622   0.0000335957
        0.0001925090  -0.0000798113  -0.0000175459   0.0000675587  -0.0000374576
       -0.0003017021   0.0001827803   0.0001573197   0.0001654101  -0.0000697266
       -0.0000350613  -0.0000729036   0.0000253806  -0.0000958373  -0.0000144703
        0.0000317940   0.0001592453   0.0006539625  -0.0000716083   0.0000362427
       -0.0006017909  -0.0001705967   0.0000147906  -0.0000932972  -0.0000318401
       -0.0000237359   0.0000219451   0.0000074672   0.0000228756   0.0000573442
       -0.0000425512  -0.0000794406  -0.0001304650   0.0000135673   0.0000107894
       -0.0000078809   0.0000154904  -0.0000176703  -0.0000145999  -0.0000086949
       -0.0000084278   0.0000029306   0.0000109772   0.0000067221   0.0000030988
        0.0000013583
        0.0001129998  -0.0000768866   0.0000653107  -0.0001078090  -0.0000129789
       -0.0000177640   0.0000782962   0.0000212783   0.0000077847  -0.0000570289
        0.0000075431   0.0000196650  -0.0000329660  -0.0000081327  -0.0000219899
        0.0000107481   0.0000461866   0.0000323851   0.0000046295   0.0000299694
        0.0000373571   0.0000054433   0.0000096280  -0.0000130111   0.0000059758
        0.0000358796   0.0000200239   0.0003255336   0.0004924102  -0.0004569001
       -0.0015762934  -0.0008396263  -0.0012006254   0.0021217529   0.0006720845
        0.0012586955  -0.0072464768   0.0378753285  -0.0792941527  -0.0082877044
        0.0250603014   0.5277560780  -0.0067776125  -0.0067182527  -0.0681102462
       -0.0002757397  -0.0000418887   0.0000746906  -0.0000577395  -0.0000643974
       -0.0000261652  -0.0000073517   0.0000356889  -0.0000050339  -0.0000013721
        0.0000059144  -0.0000043681  -0.0000460806  -0.0000126291   0.0000090561
        0.0000410924  -0.0000131168  -0.0000134483   0.0000188837  -0.0000076664
       -0.0000154929  -0.0000128942  -0.0000117590  -0.0000090537   0.0000016019
       -0.0000123939  -0.0000010693   0.0000001568   0.0000086208  -0.0000022783
       -0.0000412421  -0.0000114383  -0.0000375122  -0.0000326480  -0.0000252697
        0.0000546623   0.0000178639  -0.0000066621   0.0000481709   0.0000334774
       -0.0002387223   0.0000531108   0.0001333592  -0.0001459880   0.0000651075
        0.0002049597  -0.0002473376   0.0004636449  -0.0073645563   0.0285162432
       -0.0161711773   0.0029933999  -0.0121782906   0.0052250586  -0.0585506868
       -0.0183593465  -0.2560241030   0.0874359774  -0.0523594833  -0.1103774475
        0.0091658903   0.0071548479   0.0005207016  -0.0261921974  -0.0167323208
       -0.0046468434   0.0137560359   0.0081404866   0.0009834492   0.0000758566
        0.0000763282   0.0000054730   0.0000010040   0.0000099991   0.0000027678
       -0.0000445236  -0.0000707250   0.0000139174   0.0000397477   0.0000423080
        0.0000083567   0.0000242724   0.0000211448   0.0000076861  -0.0000095444
        0.0001180832  -0.0002082530  -0.0000610785  -0.0000602121   0.0000405320
        0.0000186541   0.0000263157  -0.0000246502  -0.0001183624  -0.0000222239
       -0.0000739817   0.0002784312  -0.0001972008   0.0005383983  -0.0000407973
        0.0000602569  -0.0003518937  -0.0000193350   0.0000275193   0.0000212627
       -0.0000140894  -0.0000076958   0.0000067826   0.0000497531  -0.0000527617
       -0.0001747837   0.0000087312   0.0000313854  -0.0000631335   0.0000052088
        0.0000072795   0.0000142056   0.0000035649   0.0000001134  -0.0000036098
        0.0000038592   0.0000030596  -0.0000075805  -0.0000010308  -0.0000007973
        0.0000022340
       -0.0001274316   0.0001064963  -0.0001089837   0.0001361404   0.0000087268
        0.0000052334  -0.0000296607   0.0000152775  -0.0000104565   0.0000147736
       -0.0000130748  -0.0000073687   0.0000324087   0.0000138090   0.0000041170
        0.0000217879  -0.0000039106  -0.0000023228  -0.0000360104   0.0000003917
        0.0000040277  -0.0000217579  -0.0000197110   0.0000178733  -0.0000151993
       -0.0000304506  -0.0000170477  -0.0002371161  -0.0003468639   0.0001918451
        0.0004528866   0.0003283288   0.0003759668   0.0001188648  -0.0001360539
       -0.0002723847   0.0005333458  -0.0028356300   0.0008771513  -0.1625826260
       -0.0619012455  -0.0067776125   0.4828232198  -0.0317255814  -0.0044263999
        0.0001614539   0.0000274720  -0.0000893197   0.0000259812   0.0000253438
       -0.0000170259  -0.0000218310   0.0000047169   0.0000336918   0.0000012160
       -0.0000131271   0.0000022332  -0.0000096930  -0.0000054571   0.0000046058
        0.0000058153  -0.0000049746   0.0000046323  -0.0000043247   0.0000046237
        0.0000078779   0.0000029079  -0.0000001785   0.0000007923   0.0000053197
        0.0000063464  -0.0000079232   0.0000010978  -0.0000039834   0.0000030533
       -0.0000078662   0.0000174965  -0.0000194565   0.0000217023  -0.0000149894
       -0.0000153607  -0.0000766469  -0.0000056665  -0.0000176839  -0.0000256963
        0.0000515012  -0.0000111512  -0.0000424960  -0.0000188924  -0.0000504860
        0.0001888279  -0.0000018591  -0.0000270543   0.0003872851   0.0007226132
       -0.0000060568   0.0008731808   0.0010067561  -0.0003522230  -0.0108965782
       -0.0078351300  -0.0039051486  -0.0252905143  -0.0133141567   0.0008426721
       -0.0500552194   0.0395487035  -0.0164075972  -0.0608008769  -0.0053298005
       -0.0613802867  -0.1758699384   0.0816704913   0.0914796515  -0.0000432632
       -0.0000421750   0.0000186702  -0.0000003963  -0.0000030332   0.0000092480
        0.0000365196  -0.0000137570  -0.0000514030  -0.0000115263   0.0000222829
        0.0000264940  -0.0000157411  -0.0000050016   0.0000152087   0.0000794477
       -0.0002803935   0.0001848869  -0.0000348785   0.0000711119  -0.0000157525
        0.0000385004  -0.0000388120   0.0000101692  -0.0000807318  -0.0000430716
       -0.0000501623  -0.0001937969   0.0006596387  -0.0000655255   0.0004639855
       -0.0002401145  -0.0000611730  -0.0000085881  -0.0000489719  -0.0000060746
        0.0000166523  -0.0000097089   0.0000008643   0.0000530778   0.0000231367
        0.0000429942   0.0000352564  -0.0000401508   0.0000154731   0.0000049820
       -0.0000105154  -0.0000060420   0.0000084336   0.0000029357   0.0000005650
       -0.0000045117   0.0000027175  -0.0000006882  -0.0000001536  -0.0000044760
        0.0000061729
        0.0002506793  -0.0002079514   0.0002415461  -0.0002722954   0.0000121602
        0.0000067053   0.0000562173   0.0000111787   0.0000252502  -0.0000528694
       -0.0000037942  -0.0000250678  -0.0000459356  -0.0000141656  -0.0000029352
       -0.0000095171   0.0000243949   0.0000112182   0.0000267957  -0.0000099466
       -0.0000043579   0.0000156424   0.0000156741  -0.0000218439  -0.0000041058
        0.0000295767   0.0000071647   0.0005532688   0.0007380982  -0.0008968056
       -0.0014886027  -0.0010282000  -0.0007352594   0.0015479317  -0.0044752875
        0.0024109413  -0.0223525794  -0.0248768784   0.0026258180  -0.0632314779
       -0.1032159202  -0.0067182527  -0.0317255814   0.5085397344  -0.0014534198
       -0.0003406947  -0.0000330469   0.0002330046  -0.0000680829  -0.0000673656
        0.0000384464   0.0000472246   0.0000022669  -0.0000811522   0.0000063930
        0.0000218678  -0.0000089211   0.0000059945  -0.0000111754  -0.0000461263
       -0.0000009271   0.0000002952   0.0000021054   0.0000093315  -0.0000142835
       -0.0000124515   0.0000040980   0.0000027195   0.0000025427   0.0000018324
       -0.0000110275   0.0000048332   0.0000047236  -0.0000032247   0.0000005633
       -0.0000038066  -0.0000082780   0.0000100451  -0.0000260034  -0.0000106593
        0.0000318359   0.0000237846  -0.0000873952  -0.0000023910  -0.0000303938
       -0.0001947074   0.0001094643   0.0000114454  -0.0000972733   0.0002321201
       -0.0001506212  -0.0001032106  -0.0001536866  -0.0002625296   0.0010049416
       -0.0008519903  -0.0010542960   0.0006858255  -0.0000373387  -0.0055305887
       -0.0028837638  -0.0022759261   0.0078024427   0.0060775261   0.0008409732
        0.0399344089  -0.2401350834   0.0848459300  -0.0050517849  -0.0468970325
       -0.0228876040   0.0809245153  -0.0928299912  -0.0551242489   0.0001095639
        0.0000784859  -0.0000264960   0.0000040877   0.0000142545  -0.0000053669
       -0.0000563492   0.0000296613   0.0000981100   0.0000473652  -0.0000330103
       -0.0000627891   0.0000171713   0.0000012744  -0.0000403652  -0.0000816452
        0.0001870453  -0.0001314235  -0.0000149661  -0.0002169616   0.0000553535
       -0.0000395109   0.0001159841  -0.0000262125   0.0000186826   0.0000499517
        0.0000786735   0.0001491421  -0.0005828927   0.0000711546   0.0002923042
        0.0002786377  -0.0002481630   0.0000033755   0.0000354353  -0.0000012305
       -0.0000108272  -0.0000059618  -0.0000143369  -0.0000164852  -0.0000356812
       -0.0000577772   0.0000254978   0.0001177796  -0.0000152808   0.0000018712
        0.0000086573  -0.0000086455   0.0000202206   0.0000026538   0.0000052945
        0.0000141387  -0.0000042884  -0.0000102071  -0.0000076730   0.0000123775
       -0.0000010210
       -0.0001724445   0.0000997996  -0.0001428211   0.0001766542   0.0000027172
        0.0000151143  -0.0000124013   0.0000149877  -0.0000085258   0.0000251440
        0.0000150011   0.0000302735  -0.0000068581   0.0000011790  -0.0000089896
        0.0000560788   0.0000128895  -0.0000044503  -0.0000458579  -0.0000109141
       -0.0000144313  -0.0000121456   0.0000101460   0.0000084721   0.0000169893
       -0.0000181356   0.0000206261  -0.0002675125  -0.0003481854   0.0003677311
        0.0007262139   0.0005345614   0.0004836855  -0.0005848722   0.0017667451
       -0.0007639094   0.0078027418   0.0077626214   0.0002850832  -0.0069326122
       -0.0066035790  -0.0681102462  -0.0044263999  -0.0014534198   0.5255870342
        0.0001799738   0.0000320688  -0.0001124446   0.0000360034   0.0000392421
       -0.0000264433  -0.0000323019   0.0000046134   0.0000595239  -0.0000044468
       -0.0000171803   0.0000089449   0.0000139467  -0.0000034025   0.0000149094
       -0.0000194324   0.0000048041  -0.0000025965  -0.0000061573  -0.0000047634
        0.0000038890  -0.0000006092  -0.0000027441   0.0000035890   0.0000072011
        0.0000013514  -0.0000046886  -0.0000098255   0.0000043641  -0.0000071896
        0.0000255730  -0.0000307662   0.0000589275   0.0000099828  -0.0000059568
       -0.0000016162   0.0000876111  -0.0000173933  -0.0000108049   0.0000074257
        0.0000956037  -0.0000310195  -0.0000304320   0.0000144755  -0.0000423539
       -0.0000192578  -0.0000842799   0.0000359449   0.0008212996   0.0005207819
        0.0006390175  -0.0000849203  -0.0003927858   0.0001839668  -0.0254663948
       -0.0163267285  -0.0045289617   0.0144122817   0.0079723527   0.0010595763
       -0.0167977917   0.0854302509  -0.0818302096  -0.0604480181  -0.0233478848
       -0.2639434011   0.0910196961  -0.0554885595  -0.1094405107  -0.0000630008
       -0.0000530671   0.0000201746  -0.0000021940  -0.0000108480   0.0000060767
        0.0000412193  -0.0000224246  -0.0000746406  -0.0000292228   0.0000157411
        0.0000385234  -0.0000090718  -0.0000017420   0.0000282382  -0.0000903692
        0.0000924810  -0.0000894138   0.0000654773  -0.0000472015   0.0000354904
       -0.0000653260   0.0000399408  -0.0000164718   0.0000143237   0.0001037375
        0.0000684935   0.0001013102  -0.0003007521  -0.0001287898   0.0000003554
       -0.0000204286   0.0002766872   0.0000182814  -0.0000107242  -0.0000021041
        0.0000070301  -0.0000054810   0.0000181456  -0.0000141285   0.0000172939
        0.0000111798  -0.0000182448   0.0000036935  -0.0000286019   0.0000106622
        0.0000214463   0.0000047503   0.0000008560  -0.0000091216  -0.0000001003
       -0.0000057652  -0.0000025394  -0.0000033605  -0.0000063175   0.0000061186
        0.0000050279
       -0.0030563881   0.0062603635  -0.0048565645  -0.0016385197   0.0013519855
       -0.0011041496  -0.0009861690   0.0016153086   0.0002403318   0.0006097561
        0.0003144134   0.0005427533   0.0007517759   0.0007113317   0.0003354511
       -0.0003122583  -0.0012418418  -0.0005312963   0.0004875285  -0.0006036648
       -0.0010960157  -0.0001564604  -0.0002032354  -0.0000143651  -0.0002641573
        0.0000266558   0.0001310088  -0.4621259556   0.0810617926   0.2302498359
       -0.0667860975  -0.0141819810   0.0159621152   0.0024374401   0.0120663993
        0.0096260193  -0.0006711415  -0.0026311402  -0.0004314508  -0.0008458391
        0.0012803702  -0.0002757397   0.0001614539  -0.0003406947   0.0001799738
        0.5577893742  -0.1002361617  -0.2688203860  -0.0061646598  -0.0150776013
        0.0069517575  -0.0053263941   0.0035286426   0.0017968421  -0.0020122573
        0.0011062834  -0.0017824824  -0.0000088508  -0.0001442910  -0.0000801264
       -0.0000333787  -0.0001743930  -0.0000764833  -0.0001442106   0.0000883758
        0.0002277116   0.0001415702   0.0001389554  -0.0000223252   0.0000149224
        0.0000366381   0.0000238229  -0.0001082800  -0.0000413049  -0.0000995172
        0.0000550551   0.0000827459  -0.0000057717   0.0004037919   0.0000646244
       -0.0004147583   0.0001993069   0.0001363663  -0.0000111727  -0.0125168321
        0.0202266048   0.0239019889  -0.0067418289  -0.0048401946  -0.0001135177
        0.0002462895  -0.0005120206  -0.0009155121  -0.0002394423   0.0003719423
        0.0000306884   0.0007215881   0.0001286127  -0.0003183934  -0.0000232942
        0.0000298791   0.0001499425   0.0001826646  -0.0002565296  -0.0001599934
       -0.0001063931  -0.0003177656   0.0000540827   0.0000031943   0.0000814308
       -0.0000555640   0.0001575406   0.0001117663  -0.0000859044   0.0038411016
        0.0105796812  -0.0046030955   0.0014034795   0.0013542196  -0.0001445886
        0.0055452442  -0.0021668075   0.0026232136  -0.0025811323   0.0000271111
       -0.0049819183  -0.0015958018   0.0005589868  -0.0022099678  -0.0004507018
       -0.0007043270   0.0006807744   0.0012857270   0.0003308426  -0.0002674930
       -0.0007276765  -0.0000302207   0.0001435033  -0.0000884018   0.0000849426
        0.0003817826   0.0002457496   0.0011962119  -0.0008294349  -0.0004761767
       -0.0006689374   0.0002526452   0.0000496820  -0.0002627296  -0.0002872244
       -0.0001183505   0.0000393731   0.0001002486   0.0000164378   0.0000870376
       -0.0001896999  -0.0005023400  -0.0003664472   0.0001744721   0.0001524261
       -0.0000047308  -0.0000251783  -0.0000653857  -0.0000869354  -0.0000153211
       -0.0000363585  -0.0000270585   0.0000812563   0.0000080340   0.0000411190
       -0.0000168098
        0.0095022102  -0.0038442136   0.0020728423  -0.0021017489  -0.0016925806
        0.0009849161   0.0006273912   0.0001033257  -0.0000331511  -0.0001061645
        0.0001007447  -0.0001994959  -0.0000235196  -0.0000741073   0.0000453782
       -0.0002148639   0.0002371497  -0.0001013121   0.0006144849  -0.0001970817
       -0.0002852694   0.0000654555   0.0000548646   0.0000168314   0.0001658183
       -0.0000732901   0.0000038903   0.0910528549  -0.0910122783  -0.0693632532
       -0.0157614176   0.0127181450   0.0089765748  -0.0012683038  -0.0006742080
        0.0000060129   0.0004058925   0.0001164000   0.0009299841  -0.0000111885
       -0.0000828740  -0.0000418887   0.0000274720  -0.0000330469   0.0000320688
       -0.1002361617   0.1009792682   0.0734026538  -0.0087419055  -0.0086726273
        0.0056492843   0.0001706575  -0.0008439041  -0.0007005190  -0.0000373185
        0.0004317446   0.0003240902  -0.0000116467  -0.0000484126   0.0002206948
        0.0000851008   0.0000644508   0.0000904038   0.0000604786  -0.0000133393
       -0.0000267877  -0.0000635051   0.0001143141   0.0001801823  -0.0000250193
        0.0000081949   0.0000164848   0.0000435520   0.0000138418   0.0000088092
        0.0000245922   0.0000055097   0.0000197206  -0.0000227801  -0.0001157717
        0.0000782317   0.0000869045  -0.0000476154   0.0000041947   0.0285683368
       -0.0033020843  -0.0234320323  -0.0042793267  -0.0005657123  -0.0003072621
       -0.0001616911   0.0012626657   0.0006703768   0.0000963381   0.0000136849
       -0.0000351631  -0.0002320409  -0.0000847355   0.0000691649   0.0000325499
        0.0000590265  -0.0001527830  -0.0000554728   0.0001465487   0.0000915558
       -0.0000320178  -0.0000530090   0.0000033035  -0.0000385391  -0.0000245451
       -0.0000461154  -0.0000364656  -0.0000168812   0.0000046069   0.0024716569
       -0.0036962534  -0.0011137828   0.0001181882  -0.0003433338   0.0000719382
        0.0000305476   0.0017367283   0.0020803653  -0.0003325745  -0.0020419427
        0.0011803364  -0.0002439449  -0.0007644315  -0.0013645504  -0.0001988295
        0.0004089921  -0.0002087472  -0.0000655396  -0.0002929534   0.0000807375
       -0.0000359247   0.0001889208  -0.0000479913  -0.0001424025  -0.0000126885
        0.0000303550   0.0004016816  -0.0008882598   0.0001646758  -0.0002156017
        0.0005643564   0.0001506571   0.0000235797  -0.0000841290  -0.0000584953
       -0.0000423807  -0.0000110233   0.0000395530   0.0000077753   0.0000599557
       -0.0001028901   0.0000450783   0.0001824053  -0.0000648462  -0.0000028973
        0.0000218803  -0.0000033105   0.0000171381   0.0000141031   0.0000033127
        0.0000096670  -0.0000011855  -0.0000164888  -0.0000142090   0.0000012974
        0.0000019473
       -0.0080131510   0.0028910981   0.0029935289   0.0030071429   0.0007377463
       -0.0002300857   0.0001401296  -0.0012452678  -0.0004358052   0.0001161833
       -0.0001740195  -0.0001774900  -0.0003860034  -0.0001848080  -0.0000655495
        0.0001321702   0.0004656376   0.0004004637  -0.0008917900   0.0001240105
        0.0006964477   0.0000465091   0.0001087965   0.0000286006   0.0000699413
       -0.0000197782  -0.0001003778   0.2168837631  -0.0631194517  -0.1860099991
        0.0214241074   0.0093894689   0.0113901135  -0.0023730177  -0.0063436351
       -0.0047645061   0.0001498000   0.0025939202  -0.0003633338   0.0006455436
       -0.0004420096   0.0000746906  -0.0000893197   0.0002330046  -0.0001124446
       -0.2688203860   0.0734026538   0.1965142239   0.0059980202   0.0095369754
        0.0005502495   0.0041998174  -0.0032506025  -0.0009265129   0.0007069896
       -0.0000830802   0.0002236251   0.0001139545   0.0002675918   0.0002722329
       -0.0000168719   0.0000703856   0.0000332807  -0.0000140506  -0.0000028288
       -0.0000329452  -0.0000899306   0.0001556194   0.0000842144  -0.0000248438
        0.0000021320   0.0000014274   0.0000461932   0.0000109913   0.0000451358
       -0.0000104662  -0.0000083702   0.0000088440  -0.0001514918   0.0000035946
        0.0000962753  -0.0000938799  -0.0000440359  -0.0000223361   0.0352566825
       -0.0215184185  -0.0171446915   0.0007361739  -0.0001399741   0.0020588635
        0.0000960699   0.0005654591   0.0014442856   0.0001659694  -0.0002680813
        0.0000196756  -0.0004635259  -0.0001276643   0.0001324952  -0.0000019116
       -0.0000499196   0.0000168842  -0.0001041751   0.0001470842   0.0000632550
        0.0000586227   0.0001172828  -0.0000145809   0.0000171529  -0.0000171900
        0.0000617858  -0.0000831083  -0.0000417866   0.0000271197  -0.0053451813
       -0.0065359232  -0.0031852634  -0.0001782580  -0.0004527433  -0.0006869308
       -0.0020444357   0.0046499913  -0.0085413789  -0.0003331161   0.0001959802
        0.0046851322  -0.0007044920  -0.0016666181   0.0008493205   0.0002029019
        0.0001343910  -0.0001105431  -0.0004567262  -0.0000465574   0.0000709374
        0.0002712351  -0.0000286750  -0.0000164414   0.0000771352  -0.0000489173
        0.0000023427  -0.0002324796  -0.0003265581   0.0000279813   0.0002501730
        0.0002264838   0.0000244792  -0.0000570955   0.0000945075   0.0000597713
        0.0000267203  -0.0000127379  -0.0000286752  -0.0000112623  -0.0000457866
        0.0000483242   0.0001783419   0.0000957607  -0.0000225306  -0.0000541789
       -0.0000043392  -0.0000041984   0.0000189441   0.0000360936   0.0000058519
        0.0000101822   0.0000078730  -0.0000188452  -0.0000014212  -0.0000147555
        0.0000036060
       -0.0023473048   0.0003613339  -0.0005289190   0.0019483570   0.0000942195
        0.0000738867  -0.0003568947  -0.0001252123  -0.0001496693   0.0002137497
        0.0000240621  -0.0000193508   0.0000362016   0.0000701071   0.0000205426
        0.0001407332  -0.0000170336  -0.0000151454  -0.0003212439   0.0000713156
        0.0000846258  -0.0000365375  -0.0000442614   0.0000139680  -0.0000747032
       -0.0000042097   0.0000187389   0.0030461559  -0.0014885018  -0.0019641586
       -0.0011967607  -0.0004112110  -0.0009929962   0.0002612436   0.0007529614
        0.0005772120  -0.0000839776  -0.0004308310   0.0000341078  -0.0001744361
        0.0001637445  -0.0000577395   0.0000259812  -0.0000680829   0.0000360034
       -0.0061646598  -0.0087419055   0.0059980202   0.5610283958   0.0737386876
        0.0231695625   0.0004517660  -0.0000806031   0.0004415964   0.0004949893
       -0.0004736124   0.0000177171   0.0000085774   0.0000008681   0.0000381932
       -0.0000400531  -0.0000398365  -0.0000159756  -0.0000633684   0.0000210634
        0.0000542705   0.0000178095   0.0000114229   0.0000196966   0.0000016061
        0.0000137138   0.0000078282  -0.0000197844  -0.0000094361  -0.0000171820
        0.0000098045   0.0000224819  -0.0000017870   0.0000787002   0.0000247766
       -0.0000794811   0.0000465655   0.0000244033  -0.0000047802   0.0003789114
       -0.0000304001   0.0003604357  -0.0001508421  -0.0000129510  -0.0000076868
       -0.0000429532   0.0001331992   0.0000034600  -0.0000595201   0.0000382842
       -0.0000062353   0.0000134701   0.0000112788  -0.0000235906   0.0000170319
        0.0000022357   0.0000139142   0.0000222791  -0.0000128992  -0.0000094720
       -0.0000258443  -0.0000672187   0.0000130538  -0.0000069520   0.0000129009
       -0.0000133026   0.0000122984   0.0000150173  -0.0000153885  -0.1153059185
       -0.1343589183   0.0812934852  -0.4370400266   0.0732878753  -0.1051984666
       -0.0019272447  -0.0047494580  -0.0054956738  -0.0010595384   0.0003202760
        0.0001269448  -0.0016423408   0.0020108264   0.0021679060  -0.0001002963
       -0.0001102582   0.0001110088   0.0002893736   0.0000660855  -0.0000580364
       -0.0001605507   0.0000022369   0.0000303045  -0.0000102394   0.0000080104
        0.0000524412   0.0000571681   0.0001673569  -0.0001494701  -0.0001122902
       -0.0001069394   0.0000659022   0.0000081169  -0.0000369718  -0.0000352432
       -0.0000161176   0.0000102572   0.0000194718   0.0000154115   0.0000118012
       -0.0000319859  -0.0001056630  -0.0000727348   0.0000369291   0.0000423655
        0.0000047181  -0.0000134783  -0.0000147749  -0.0000117969  -0.0000048922
       -0.0000086358  -0.0000039771   0.0000138407   0.0000024101   0.0000117395
       -0.0000049611
       -0.0006927495   0.0015984458  -0.0008979199   0.0003225634   0.0000070194
        0.0001448076  -0.0000958273   0.0000635769  -0.0001394211   0.0002263657
        0.0000749359   0.0000233332   0.0000583952   0.0001432569   0.0001097857
       -0.0001220364  -0.0001266083  -0.0000828453   0.0000247855  -0.0000956912
       -0.0002208880  -0.0000105883  -0.0000167490   0.0000120128  -0.0000293400
       -0.0000190219   0.0000186561   0.0075403810  -0.0047554229  -0.0034951911
       -0.0021421885  -0.0005740881  -0.0010171867   0.0005253778   0.0009226293
        0.0006961001  -0.0001013351  -0.0004369808   0.0000721354  -0.0001274818
        0.0001351616  -0.0000643974   0.0000253438  -0.0000673656   0.0000392421
       -0.0150776013  -0.0086726273   0.0095369754   0.0737386876   0.2790826843
       -0.1721567720   0.0008749323  -0.0010274022  -0.0005774773  -0.0008532082
        0.0000461409   0.0000299436   0.0000383649   0.0000201640   0.0001082650
        0.0000093916  -0.0000095506   0.0000103344  -0.0000330582   0.0000226910
        0.0000545756  -0.0000184816   0.0000969765   0.0001217790  -0.0000135634
        0.0000144868   0.0000164221  -0.0000069236  -0.0000080947  -0.0000148632
        0.0000134771   0.0000207116   0.0000026536   0.0000545039  -0.0000121821
       -0.0000533557   0.0000594086   0.0000036688  -0.0000063120  -0.0000660473
        0.0005422975   0.0011286095  -0.0003233180  -0.0000400708   0.0000807211
       -0.0000154887   0.0002574287   0.0000763275  -0.0000395359   0.0000361987
       -0.0000144869  -0.0000397337   0.0000117112   0.0000041930   0.0000215404
        0.0000070816  -0.0000076385  -0.0000041810   0.0000357283   0.0000131079
       -0.0000219739  -0.0000587983   0.0000085454  -0.0000036293   0.0000081078
       -0.0000175136  -0.0000007731   0.0000092334  -0.0000081679  -0.1045193156
       -0.2284120351   0.1396527486   0.0432324604  -0.0359783142   0.0288370146
       -0.0043749948  -0.0000957661  -0.0033978232   0.0007186144   0.0005645036
        0.0001556525   0.0013790832  -0.0032979486   0.0011799772  -0.0001247830
        0.0000017693   0.0000396600   0.0002329096  -0.0000466654  -0.0000250185
       -0.0001509563   0.0000651735   0.0000173569  -0.0000285988   0.0000032212
        0.0000507471   0.0001178053  -0.0000795822  -0.0001006549  -0.0001363290
        0.0000618252   0.0000954540   0.0000147666  -0.0000390164  -0.0000382537
       -0.0000210339   0.0000059109   0.0000259813   0.0000139712   0.0000226946
       -0.0000460757  -0.0000758029  -0.0000050838   0.0000197660   0.0000324956
        0.0000026441  -0.0000089181  -0.0000032366  -0.0000112733  -0.0000005635
       -0.0000003987  -0.0000085871   0.0000117294  -0.0000011117   0.0000068463
       -0.0000028697
       -0.0005089078  -0.0005739950   0.0017784826   0.0001089132   0.0002115236
        0.0000380358   0.0000907490  -0.0002737940  -0.0001122983   0.0000658843
       -0.0000074795   0.0000048538  -0.0000191606   0.0000460843   0.0000567921
       -0.0000738148   0.0000218023   0.0000327006  -0.0001205156  -0.0001119230
       -0.0000040435   0.0000031230   0.0000169832   0.0000187680  -0.0000072769
       -0.0000033727  -0.0000470250  -0.0036241837   0.0007590509  -0.0002869712
        0.0010861166   0.0005442705   0.0009270109   0.0000430286  -0.0006179111
       -0.0005743117   0.0000503259   0.0003581307  -0.0000021146   0.0001173510
       -0.0000817801  -0.0000261652  -0.0000170259   0.0000384464  -0.0000264433
        0.0069517575   0.0056492843   0.0005502495   0.0231695625  -0.1721567720
        0.1376648609   0.0025106191  -0.0009546686  -0.0018695742  -0.0004283727
        0.0002666865  -0.0005742134   0.0000569999   0.0001368199   0.0000747777
        0.0000109238   0.0000259644   0.0000046951  -0.0000230509   0.0000177768
        0.0000154751  -0.0000349728   0.0001090265   0.0000670444  -0.0000125698
        0.0000035890  -0.0000020425   0.0000179395   0.0000043326   0.0000114197
       -0.0000028641   0.0000044851   0.0000009942  -0.0000273803   0.0000125157
       -0.0000095123  -0.0000367365  -0.0000066301  -0.0000208812  -0.0006248785
        0.0003827773   0.0002969381   0.0000402382   0.0000989147   0.0000414019
       -0.0000167161   0.0000690376   0.0000059282   0.0000919532   0.0000068574
        0.0000560244  -0.0000590505  -0.0000056896   0.0000249006  -0.0000057314
       -0.0000179140   0.0000421271  -0.0000272643   0.0000211986   0.0000079265
        0.0000097679   0.0000179380  -0.0000034482   0.0000181522   0.0000032742
        0.0000265191  -0.0000190281  -0.0000074762   0.0000038102   0.0592051118
        0.1357822246  -0.0973798736  -0.0840415546   0.0329666884  -0.0367018991
       -0.0079875990  -0.0048833397  -0.0039698458   0.0008779100   0.0013374672
       -0.0015891626   0.0031724594   0.0008046426   0.0014060078   0.0000686725
       -0.0000321744   0.0000512608  -0.0000737036   0.0000201795  -0.0000143427
        0.0000510660  -0.0000221761   0.0000192752   0.0000369951  -0.0000091953
        0.0000571740  -0.0001334480  -0.0000091836  -0.0001251976   0.0000828255
        0.0000394911   0.0000590933  -0.0000106988   0.0000251679  -0.0000041312
       -0.0000041434  -0.0000041643  -0.0000028911  -0.0000076411  -0.0000195942
        0.0000076730   0.0000294958   0.0000019349   0.0000197283  -0.0000141013
       -0.0000075802  -0.0000126654  -0.0000007010   0.0000078257  -0.0000025715
       -0.0000027967  -0.0000010660  -0.0000031073  -0.0000020523  -0.0000045131
       -0.0000072164
       -0.1090506358   0.0446539107   0.1165121529  -0.0230488518   0.0087273407
        0.0223775887   0.0016623613   0.0023168781   0.0012469410  -0.0006853844
        0.0001771619  -0.0001324691   0.0003310933  -0.0000864091  -0.0000474730
       -0.0012397723   0.0009562232   0.0006197225  -0.0036704742  -0.0017803533
        0.0000565972   0.0000334190  -0.0000174577  -0.0000470362   0.0001600889
       -0.0000170699  -0.0000081436   0.0075892406  -0.0037160223  -0.0011501891
       -0.0008161023  -0.0000823795  -0.0001924919   0.0001540957  -0.0004428888
        0.0000153237   0.0000231413   0.0002215836   0.0000210573   0.0001452687
       -0.0000901495  -0.0000073517  -0.0000218310   0.0000472246  -0.0000323019
       -0.0053263941   0.0001706575   0.0041998174   0.0004517660   0.0008749323
        0.0025106191   0.1297852511  -0.0467770765  -0.1285501831   0.0068111795
       -0.0035105738  -0.0096137197  -0.0002310556  -0.0009152780  -0.0007887969
        0.0001966123   0.0001033155   0.0000568939  -0.0002656551  -0.0001017308
       -0.0001286488  -0.0000560786  -0.0004595874  -0.0002501987   0.0000488936
       -0.0000298211  -0.0000296831   0.0000401802   0.0000192576   0.0000364103
       -0.0000143724  -0.0000267747   0.0000120531  -0.0000681638  -0.0000558673
        0.0000899884  -0.0000251807  -0.0000353335   0.0000086364  -0.0004167811
        0.0005804542  -0.0003981001  -0.0001291303   0.0000127750   0.0000986217
        0.0000685461   0.0001535849  -0.0000530309   0.0000463146  -0.0000684583
       -0.0000255302  -0.0000869946   0.0000094802   0.0000727868  -0.0000087153
        0.0000181111  -0.0000197181  -0.0000391492   0.0000391898   0.0000171031
        0.0000181550   0.0000541529  -0.0000170048   0.0000056323  -0.0000197280
        0.0000037080  -0.0000224324  -0.0000156829   0.0000171556   0.0002282086
        0.0007907689  -0.0019195924   0.0002058051  -0.0003090502  -0.0002841579
        0.0028246542  -0.0035576667  -0.0045367104  -0.0007426310   0.0036729885
       -0.0004019400  -0.0049452446  -0.0016353874   0.0007322054   0.0000426880
        0.0002449023  -0.0001637461  -0.0003275873  -0.0001506769   0.0000796574
        0.0001697682   0.0000459738  -0.0000487228  -0.0000159574   0.0000084117
       -0.0000685618   0.0000674469  -0.0003819390   0.0002301934   0.0000469336
        0.0002279585  -0.0000414055  -0.0000018110   0.0000182982   0.0000177346
        0.0000100871  -0.0000133324  -0.0000213405  -0.0000233861  -0.0000041489
        0.0000119507   0.0001293670   0.0001364857  -0.0000645412  -0.0000485204
        0.0000005839   0.0000131993   0.0000227259   0.0000209204   0.0000055172
        0.0000133659   0.0000087114  -0.0000253872  -0.0000039973  -0.0000113930
        0.0000045415
        0.0304826158  -0.0664867452  -0.0871744541   0.0112074964   0.0003349374
        0.0026098759  -0.0019212809  -0.0007341789   0.0006328814   0.0003695749
       -0.0002583941  -0.0001945353  -0.0002205422  -0.0001052088  -0.0001664141
        0.0008949831   0.0008441151  -0.0003153037  -0.0024507476   0.0020154840
        0.0003780867   0.0000547801  -0.0000857307   0.0000369485  -0.0001687146
        0.0000096656   0.0000109965  -0.0050022784   0.0033090862   0.0030389918
        0.0001128523   0.0002795686   0.0002319219  -0.0004124025   0.0002333297
       -0.0000963897  -0.0000315878  -0.0001956254  -0.0000034662  -0.0000763452
        0.0000038800   0.0000356889   0.0000047169   0.0000022669   0.0000046134
        0.0035286426  -0.0008439041  -0.0032506025  -0.0000806031  -0.0010274022
       -0.0009546686  -0.0467770765   0.0770768611   0.1022067723   0.0113554346
       -0.0104478939  -0.0211685596  -0.0002489931  -0.0005318223  -0.0005148372
       -0.0001110280  -0.0000467175  -0.0000649621   0.0000070036  -0.0000902231
        0.0001265942  -0.0000862805   0.0001660248   0.0000874988   0.0000167482
       -0.0000055928  -0.0000165951  -0.0000319056  -0.0000026685  -0.0000137754
       -0.0000019284   0.0000019262  -0.0000013921   0.0000269137   0.0000462560
       -0.0000710160  -0.0000150704   0.0000306777  -0.0000006160   0.0003833527
       -0.0007116502   0.0006279823   0.0001085369  -0.0001097608  -0.0000617689
        0.0001255150  -0.0003222944  -0.0000626156  -0.0000909618  -0.0000360538
       -0.0000229530   0.0001071714   0.0000211151  -0.0000602430   0.0000002235
        0.0000118928  -0.0000078805   0.0000400684  -0.0000365717  -0.0000189554
        0.0000082347   0.0000040254   0.0000026168  -0.0000066927   0.0000045824
       -0.0000058710   0.0000151251   0.0000122139  -0.0000061902   0.0000003068
        0.0003370207   0.0005593504   0.0001198401   0.0001402519   0.0001587323
       -0.0038814219  -0.0017890000   0.0028990162   0.0030924491  -0.0029203342
        0.0004254495  -0.0004805395   0.0020195014   0.0001464233   0.0000459334
       -0.0002187820   0.0001274121   0.0001681801   0.0001539790  -0.0000522115
       -0.0000561591  -0.0000795478   0.0000324329   0.0000302334  -0.0000175507
        0.0000414757  -0.0001337460   0.0004278736  -0.0001378122   0.0000380601
       -0.0002550326  -0.0000298414  -0.0000124675   0.0000096224  -0.0000032197
        0.0000063340   0.0000077096  -0.0000039310   0.0000136885  -0.0000099406
        0.0000149641  -0.0000717111  -0.0001196966   0.0000413159   0.0000221724
       -0.0000059537  -0.0000030583  -0.0000153682  -0.0000130280  -0.0000045649
       -0.0000085487  -0.0000036570   0.0000141130   0.0000072132   0.0000070939
       -0.0000034503
        0.1290938019  -0.1083073756  -0.2399118389   0.0047659884   0.0035241270
        0.0016149216  -0.0025063415   0.0002497202  -0.0000300223   0.0008743405
       -0.0004358697  -0.0000682682  -0.0000746727   0.0003448070   0.0004586285
       -0.0001057587  -0.0005143120   0.0005902289  -0.0021821788  -0.0004909932
        0.0011124564   0.0000053499   0.0000721598  -0.0000944713  -0.0000384649
        0.0000199604   0.0000483022  -0.0017218843   0.0042603344  -0.0045756992
        0.0002143540  -0.0008331619  -0.0005309004   0.0002526769   0.0010213492
        0.0006521400  -0.0002072098  -0.0004624457  -0.0000829814  -0.0002067838
        0.0001418809  -0.0000050339   0.0000336918  -0.0000811522   0.0000595239
        0.0017968421  -0.0007005190  -0.0009265129   0.0004415964  -0.0005774773
       -0.0018695742  -0.1285501831   0.1022067723   0.2494927404   0.0039019962
       -0.0029977246  -0.0088537654   0.0000153412   0.0001025060  -0.0003419562
       -0.0001349196  -0.0000913449  -0.0000333299  -0.0001699372   0.0001461795
        0.0000430517   0.0000133498   0.0003120348   0.0003289257  -0.0000097889
        0.0000292073   0.0000233530  -0.0000523566  -0.0000169549  -0.0000495121
        0.0000207395   0.0000052406  -0.0000069681   0.0000633224   0.0000226080
       -0.0000565676   0.0000531351   0.0000221858   0.0000050646   0.0000933266
       -0.0001882713  -0.0000284752  -0.0001058488  -0.0001323672  -0.0000286203
       -0.0000631271   0.0000404934   0.0001631876  -0.0001620996  -0.0000141709
       -0.0000362139   0.0000318425  -0.0000259302  -0.0000567224   0.0000105645
        0.0000033992  -0.0000180035   0.0000348917  -0.0000099005  -0.0000083211
       -0.0000350943  -0.0000619707   0.0000113011  -0.0000181687   0.0000050514
       -0.0000215042   0.0000182505   0.0000090105  -0.0000139382  -0.0014300466
        0.0000098924   0.0005016708   0.0002072499   0.0000335355   0.0003412220
       -0.0039771590   0.0023059692  -0.0014750551  -0.0011690375  -0.0001185357
        0.0019200221   0.0011244026   0.0012359314   0.0017704242  -0.0001106101
       -0.0001151152   0.0000630885   0.0002570062   0.0000675155  -0.0000432242
       -0.0001510681   0.0000047128   0.0000089913  -0.0000257181  -0.0000083474
        0.0000341357   0.0000729351   0.0001779707  -0.0000911436  -0.0001173053
       -0.0001099704   0.0000138141   0.0000050688  -0.0000368835  -0.0000251858
       -0.0000190411   0.0000141716   0.0000258751   0.0000186320   0.0000183818
       -0.0000305353  -0.0000898197  -0.0000664319   0.0000192490   0.0000324786
        0.0000020956   0.0000006857  -0.0000115626  -0.0000166885  -0.0000031122
       -0.0000064593  -0.0000048291   0.0000145874  -0.0000005297   0.0000095395
       -0.0000001347
       -0.0867774715  -0.1054406626  -0.0374448971  -0.0162264874  -0.0288045488
       -0.0132479425  -0.0062842936  -0.0011070383   0.0010853224  -0.0006865379
       -0.0007273073  -0.0014829595   0.0003427150   0.0001360229   0.0001325072
       -0.0002761304   0.0000427089  -0.0004160143   0.0016125798  -0.0008776830
       -0.0017562966   0.0000326831   0.0000056018   0.0000927342   0.0000226920
       -0.0000061324  -0.0000093933   0.0025884023  -0.0006066177   0.0004559712
       -0.0001986505   0.0002342216  -0.0002655151  -0.0001031897  -0.0001169008
       -0.0000473939   0.0000835496   0.0000371730   0.0000612093   0.0000320764
       -0.0000276514  -0.0000013721   0.0000012160   0.0000063930  -0.0000044468
       -0.0020122573  -0.0000373185   0.0007069896   0.0004949893  -0.0008532082
       -0.0004283727   0.0068111795   0.0113554346   0.0039019962   0.1021106534
        0.1238965255   0.0467670162  -0.0000330130   0.0001159347   0.0003706647
       -0.0004236454  -0.0000435507   0.0000264890   0.0001540533   0.0000284545
       -0.0000176470  -0.0002653022   0.0007382804   0.0009784888  -0.0000047217
        0.0000009693   0.0000110371   0.0000594409   0.0000171623   0.0000150284
        0.0000094065   0.0000228820  -0.0000029907  -0.0000186304  -0.0000365028
        0.0000106364  -0.0000040351   0.0000025253  -0.0000078138   0.0001715907
        0.0002262301  -0.0003492357  -0.0000768531  -0.0000742673  -0.0000134053
       -0.0000024949   0.0000240887  -0.0000142863   0.0000203463   0.0000296910
        0.0000237363   0.0000050788   0.0000128392  -0.0000206935  -0.0000037678
       -0.0000026405  -0.0000008116  -0.0000058377   0.0000003682   0.0000019442
        0.0000031157   0.0000066269  -0.0000005374   0.0000009726   0.0000028841
        0.0000052132   0.0000008404  -0.0000017899  -0.0000042847  -0.0001420434
        0.0011059948  -0.0001713452   0.0001629125   0.0000235965   0.0001896120
       -0.0011326377   0.0002471371   0.0004217523   0.0000588167   0.0001165527
        0.0000804726  -0.0001108921   0.0002955927   0.0003622476  -0.0000054824
        0.0000412399  -0.0000150154  -0.0000251735  -0.0000440192   0.0000068417
        0.0000123764   0.0000221465  -0.0000014847   0.0000003933  -0.0000079812
        0.0000059711   0.0000043481  -0.0000875258  -0.0000085063   0.0000123340
        0.0000720925   0.0000137829  -0.0000048717  -0.0000137648   0.0000064433
        0.0000021078   0.0000024410  -0.0000007575  -0.0000070064   0.0000094809
       -0.0000024887   0.0000220308   0.0000385400  -0.0000005703  -0.0000147126
       -0.0000060713   0.0000023878   0.0000075758   0.0000048156   0.0000019726
        0.0000054142   0.0000023179  -0.0000021632   0.0000002482  -0.0000017834
        0.0000001731
       -0.1200691693  -0.2977615386  -0.1360252377  -0.0018191007  -0.0037823823
        0.0004997939  -0.0007675738   0.0006106792  -0.0004511668   0.0006112377
        0.0006309211  -0.0009831785  -0.0000157465   0.0005980018   0.0004542488
       -0.0005582606  -0.0001699040  -0.0006986740   0.0022055445   0.0004917401
        0.0007733340   0.0000244928  -0.0001296497   0.0001686716  -0.0000889607
       -0.0000120564  -0.0000102876  -0.0015536101  -0.0031548849  -0.0002350524
        0.0003517972   0.0002352335   0.0007792908  -0.0001850289  -0.0003311968
       -0.0003035656   0.0000931730   0.0002642351   0.0000705893   0.0000602568
       -0.0000448228   0.0000059144  -0.0000131271   0.0000218678  -0.0000171803
        0.0011062834   0.0004317446  -0.0000830802  -0.0004736124   0.0000461409
        0.0002666865  -0.0035105738  -0.0104478939  -0.0029977246   0.1238965255
        0.3123638988   0.1370069197   0.0000125911   0.0003472910   0.0004065281
       -0.0000266726  -0.0000675705   0.0001400679   0.0001083927   0.0000392041
       -0.0000010534  -0.0002596550  -0.0001441291   0.0006014181   0.0000017027
       -0.0000008373  -0.0000015425   0.0000381316   0.0000133468   0.0000219254
        0.0000010403   0.0000198036   0.0000020687  -0.0000008853   0.0000364528
       -0.0000459166  -0.0000218317   0.0000163505  -0.0000076620  -0.0000038844
        0.0004021280   0.0007113338  -0.0000015822   0.0000074520  -0.0000154425
       -0.0000320945   0.0000343655   0.0000343845   0.0000891313   0.0000616056
        0.0000757197   0.0000337623  -0.0000024421  -0.0000299790  -0.0000048999
       -0.0000200843   0.0000135225  -0.0000028603  -0.0000109558   0.0000029170
        0.0000099779   0.0000068476   0.0000050728   0.0000079338   0.0000099517
        0.0000142406  -0.0000002807   0.0000022179  -0.0000041682   0.0007002536
       -0.0005813649   0.0000918604  -0.0002185301   0.0000771170  -0.0001283349
        0.0000812799   0.0000803770   0.0005117572  -0.0000881091  -0.0001724454
       -0.0003028189   0.0002535934   0.0000641511  -0.0003665808   0.0000508531
       -0.0001284424   0.0000838446   0.0000520241   0.0000756588  -0.0000228459
       -0.0000052164  -0.0000480038   0.0000233698   0.0000373419  -0.0000188121
        0.0000363324  -0.0001225213   0.0001964744  -0.0001348861   0.0000554740
       -0.0000984697   0.0000218009  -0.0000233127   0.0000074603   0.0000050168
        0.0000093447   0.0000097310  -0.0000041475   0.0000022088  -0.0000127691
        0.0000102392  -0.0000277017  -0.0000546667   0.0000323133   0.0000041745
       -0.0000063976  -0.0000039528  -0.0000048416  -0.0000038310  -0.0000016078
       -0.0000030012  -0.0000011488   0.0000073614   0.0000041219   0.0000042504
       -0.0000024574
       -0.0283712416  -0.1149390114  -0.0712758481  -0.0113760076  -0.0023720254
       -0.0036854479  -0.0002541596   0.0002621765   0.0022444564  -0.0008197880
       -0.0006206497   0.0004014387   0.0003313433  -0.0000958700  -0.0000939414
       -0.0002154012  -0.0002767255  -0.0003567619   0.0020801436   0.0008213171
       -0.0002554011  -0.0000408826   0.0000314945  -0.0000312116   0.0001063075
        0.0000207819   0.0000078437   0.0024290630   0.0006726416   0.0013871843
       -0.0003415837   0.0002837600  -0.0006384614   0.0001539307   0.0000453651
        0.0001152990   0.0000507384  -0.0000264728   0.0000732214  -0.0000056795
       -0.0000131561  -0.0000043681   0.0000022332  -0.0000089211   0.0000089449
       -0.0017824824   0.0003240902   0.0002236251   0.0000177171   0.0000299436
       -0.0005742134  -0.0096137197  -0.0211685596  -0.0088537654   0.0467670162
        0.1370069197   0.0830700775   0.0001064089   0.0000932846   0.0002411501
       -0.0001670680   0.0000243146  -0.0001098876   0.0000863755  -0.0000197579
        0.0000052561   0.0000799649  -0.0002639392  -0.0003333657  -0.0000012366
        0.0000045070   0.0000188931   0.0000211576  -0.0000067620  -0.0000230487
        0.0000006641  -0.0000117164  -0.0000089114   0.0000174057  -0.0000233772
        0.0000450392   0.0000226117  -0.0000055537   0.0000090982  -0.0001459020
        0.0003719166  -0.0010292000   0.0000935633   0.0000132848  -0.0000370390
       -0.0000207600   0.0000260006  -0.0000535456   0.0000164836   0.0000122559
       -0.0000144303  -0.0000057548  -0.0000060099   0.0000116324  -0.0000077872
        0.0000029291  -0.0000085025  -0.0000007419  -0.0000001058  -0.0000016232
       -0.0000063170  -0.0000055865  -0.0000004520  -0.0000033930  -0.0000053707
       -0.0000053126   0.0000012234  -0.0000014162   0.0000031345  -0.0001594346
        0.0001405155   0.0002965150  -0.0001289403   0.0000366837   0.0000945686
        0.0008872599  -0.0003604239  -0.0008722453  -0.0000769236   0.0001590144
       -0.0000892662   0.0003177380  -0.0002251276   0.0001679888  -0.0000410740
        0.0000873871  -0.0000643216  -0.0000518111  -0.0000510376   0.0000204935
        0.0000078744   0.0000306814  -0.0000258881  -0.0000222588   0.0000235844
       -0.0000550158   0.0001026867  -0.0000840787   0.0001261067  -0.0000503003
        0.0000251618  -0.0000524804   0.0000063009  -0.0000109545   0.0000011448
       -0.0000064935  -0.0000016430   0.0000028367  -0.0000104736   0.0000045469
       -0.0000033739   0.0000201287   0.0000444452  -0.0000265654  -0.0000087981
        0.0000018118   0.0000102240   0.0000072336   0.0000012701   0.0000004046
        0.0000052815   0.0000028449  -0.0000053094  -0.0000024409  -0.0000006783
        0.0000026277
        0.0016376464  -0.0005722128  -0.0011905508   0.0053844672  -0.0045951868
       -0.0062246227  -0.1249896777   0.0714109232   0.0969333323  -0.0195778784
        0.0149534917   0.0198197550  -0.0050784170  -0.0024845856   0.0006299114
       -0.0000513015  -0.0003540950  -0.0003842602  -0.0004537449  -0.0023720142
       -0.0009818997  -0.0008406581   0.0007751024   0.0010834659  -0.0000264025
        0.0000763981  -0.0000030854   0.0001303409   0.0001226981  -0.0001636322
       -0.0001358643  -0.0000748985  -0.0002438350   0.0003692443   0.0001653772
        0.0000846318  -0.0001122573   0.0000429571   0.0000798993  -0.0000421824
        0.0000215697  -0.0000460806  -0.0000096930   0.0000059945   0.0000139467
       -0.0000088508  -0.0000116467   0.0001139545   0.0000085774   0.0000383649
        0.0000569999  -0.0002310556  -0.0002489931   0.0000153412  -0.0000330130
        0.0000125911   0.0001064089   0.1437256143  -0.0776127880  -0.1089520564
        0.0007144790   0.0009544741   0.0001512905  -0.0000645615   0.0001228444
       -0.0001809378   0.0002784926  -0.0003460422  -0.0005202985  -0.0003450709
       -0.0000711921   0.0000701969   0.0001647832   0.0000237665   0.0000516126
       -0.0000062230   0.0000738474   0.0000185507   0.0000040368  -0.0000128854
       -0.0000991958  -0.0000058218   0.0000270815   0.0000065509  -0.0000125286
       -0.0000060741   0.0000447225  -0.0000751262   0.0000178468   0.0000240501
       -0.0000648011   0.0001280096  -0.0000836649  -0.0000230888  -0.0002812170
       -0.0000593753  -0.0001035979  -0.0000102291   0.0000424757  -0.0000130122
        0.0000418905  -0.0000406713   0.0000164443   0.0000214011  -0.0000150979
        0.0000003455   0.0000121603  -0.0000098969  -0.0000120656  -0.0000236454
       -0.0000158196  -0.0000135657   0.0000075836   0.0000082917  -0.0000127631
       -0.0000180789  -0.0000362361   0.0000012232  -0.0000065275  -0.0000075152
        0.0001470609  -0.0000571927  -0.0000438023  -0.0002330844   0.0001360030
       -0.0001264903   0.0000027935   0.0000341473   0.0000830277  -0.0000008841
       -0.0001424040   0.0000938396   0.0001164812   0.0001672708  -0.0000565161
       -0.0000409000  -0.0001025573   0.0000412943   0.0000387723  -0.0000097019
        0.0000316551  -0.0000971947   0.0003422337  -0.0001136785   0.0000330656
       -0.0002107337  -0.0000205598  -0.0000170912  -0.0000061567  -0.0000077726
        0.0000029399   0.0000027420  -0.0000118900   0.0000120833  -0.0000110819
        0.0000118159  -0.0000566579  -0.0000893547   0.0000198805   0.0000112756
       -0.0000043080   0.0000035514  -0.0000128762  -0.0000102375  -0.0000045023
       -0.0000058193  -0.0000015721   0.0000069444   0.0000075632   0.0000088425
       -0.0000034532
        0.0018061564  -0.0002622436   0.0016394352   0.0109155104  -0.0119354461
       -0.0164327572   0.0714028059  -0.1025366705  -0.0911281706  -0.0014720033
        0.0017668783   0.0023274056  -0.0018731502   0.0046232175  -0.0033760023
       -0.0004307598   0.0000474118   0.0002247745  -0.0027575285   0.0009290673
       -0.0056202378  -0.0001935187   0.0001378351  -0.0000861644   0.0000291967
       -0.0000134041  -0.0000225889   0.0001640944   0.0000825549  -0.0003655808
        0.0000467766  -0.0001474656   0.0000234946   0.0001369629   0.0000604165
        0.0003533679   0.0000079358  -0.0001221565   0.0001152495  -0.0000033259
       -0.0000547711  -0.0000126291  -0.0000054571  -0.0000111754  -0.0000034025
       -0.0001442910  -0.0000484126   0.0002675918   0.0000008681   0.0000201640
        0.0001368199  -0.0009152780  -0.0005318223   0.0001025060   0.0001159347
        0.0003472910   0.0000932846  -0.0776127880   0.1105194606   0.1090165284
       -0.0001199033  -0.0009977514   0.0021192852   0.0001519835  -0.0007622828
        0.0009051194   0.0006535942  -0.0008675409  -0.0004912300  -0.0000998632
       -0.0000443759   0.0000692099  -0.0000025309   0.0000066357   0.0000438995
        0.0000063065   0.0000335763  -0.0000009107  -0.0000308448   0.0000129027
        0.0000252516  -0.0000163582  -0.0000052494  -0.0000054662   0.0000393640
        0.0000015468   0.0000590283  -0.0000175809  -0.0001172229   0.0000160343
        0.0000999190  -0.0000211067   0.0001085611  -0.0001473084  -0.0001929940
        0.0001014313   0.0000088084   0.0000379344  -0.0001137027   0.0000012111
        0.0000260071  -0.0000315807   0.0000056654  -0.0000208148   0.0000103269
        0.0000046869   0.0000099858  -0.0000084190  -0.0000099095  -0.0000084260
        0.0000021275   0.0000017631   0.0000012782  -0.0000052621   0.0000132988
        0.0000273606  -0.0000788973   0.0000277444  -0.0000062583  -0.0000186334
        0.0004033002  -0.0001244677   0.0000665030  -0.0001015948   0.0001276929
       -0.0000274179  -0.0001295875   0.0000097853  -0.0000294822   0.0000128724
        0.0000457263  -0.0000403141  -0.0000826165  -0.0000339219   0.0000244030
        0.0000394004   0.0000062506   0.0000008175  -0.0000138180  -0.0000042736
       -0.0000016328   0.0000299872  -0.0001470844   0.0000217440   0.0000274113
        0.0001048048   0.0000272344   0.0000092031  -0.0000075527   0.0000073862
        0.0000035631  -0.0000046130   0.0000006037  -0.0000006895   0.0000076282
       -0.0000005702   0.0000255844   0.0000319171  -0.0000023554  -0.0000134986
        0.0000001838  -0.0000020322   0.0000020439   0.0000081047   0.0000031935
        0.0000009452   0.0000003185  -0.0000070782  -0.0000006936  -0.0000044324
       -0.0000000995
        0.0000045843   0.0019699227  -0.0000778025   0.0115172464  -0.0115787358
       -0.0133948715   0.0963864371  -0.0918305587  -0.1506305582   0.0035118538
       -0.0013112274  -0.0021705673   0.0009951724  -0.0028373087   0.0047269091
       -0.0009371080   0.0001052310   0.0002482650  -0.0013355718  -0.0056370875
        0.0009545338   0.0000287720  -0.0002124329   0.0000326857  -0.0000107241
       -0.0000502463  -0.0000011273  -0.0001949613  -0.0007206477  -0.0002300293
        0.0002923742   0.0000681048  -0.0002062723  -0.0002008397   0.0002862396
       -0.0004559119   0.0001048427   0.0000025256   0.0000244028  -0.0000254833
       -0.0000317958   0.0000090561   0.0000046058  -0.0000461263   0.0000149094
       -0.0000801264   0.0002206948   0.0002722329   0.0000381932   0.0001082650
        0.0000747777  -0.0007887969  -0.0005148372  -0.0003419562   0.0003706647
        0.0004065281   0.0002411501  -0.1089520564   0.1090165284   0.1630657832
       -0.0009806737   0.0018215018  -0.0007398676  -0.0002110334   0.0008183892
       -0.0007194642   0.0005242287  -0.0004453509  -0.0009081126   0.0000196760
        0.0000588965  -0.0000504355   0.0000050583   0.0000055284  -0.0000120294
        0.0000168157   0.0000138059  -0.0000054166  -0.0000177865  -0.0000425042
        0.0000373067   0.0000137777  -0.0000161773  -0.0000035600   0.0000744242
        0.0001261410   0.0000579186  -0.0000208762  -0.0000187743   0.0000565057
       -0.0001643193   0.0000988370   0.0001521069   0.0001304949   0.0002426873
        0.0001491378   0.0000214959  -0.0000273607  -0.0000433475   0.0000087698
       -0.0000297815   0.0000111281  -0.0000193625  -0.0000004522   0.0000242496
       -0.0000168742  -0.0000256633   0.0000037729   0.0000025567   0.0000072003
        0.0000102437   0.0000015541  -0.0000070661  -0.0000081038  -0.0000703184
       -0.0000830490  -0.0000353642   0.0000165745  -0.0000234232  -0.0000084639
        0.0003663336   0.0000592200  -0.0001686536  -0.0003125987   0.0000510092
       -0.0000356982  -0.0000687400  -0.0000140227   0.0000336205  -0.0000677059
        0.0001286218  -0.0000504243  -0.0000349240  -0.0001150106   0.0000346857
       -0.0000067564   0.0000571429  -0.0000111615  -0.0000210883   0.0000081770
       -0.0000117800   0.0001025133  -0.0003093795   0.0000313229  -0.0000419564
        0.0001851485   0.0000720274   0.0000153073  -0.0000160435   0.0000055582
       -0.0000046195  -0.0000025646   0.0000104957  -0.0000006967   0.0000125734
       -0.0000158815   0.0000181690   0.0000610655  -0.0000108694  -0.0000052710
        0.0000048092  -0.0000040474   0.0000031883   0.0000071730   0.0000039814
        0.0000010905  -0.0000002520  -0.0000083597  -0.0000055063  -0.0000040875
        0.0000013694
       -0.0007830000  -0.0010189170  -0.0010742422  -0.0051475530  -0.0013264286
        0.0016659793  -0.0154669874  -0.0209928429  -0.0180450978  -0.0877400257
       -0.0726000395  -0.0635558662   0.0061973372   0.0097052054   0.0090894453
       -0.0011579964   0.0010556318   0.0030620316  -0.0002086170   0.0002718253
        0.0003047495   0.0007939471   0.0010068506   0.0006085207   0.0001452423
        0.0001705002   0.0001543247  -0.0000112675  -0.0002826550   0.0001178899
        0.0001252764   0.0001701013   0.0000797086  -0.0002429606  -0.0002721026
       -0.0001251673   0.0001002942   0.0000250201  -0.0000579355   0.0000447738
       -0.0000278467   0.0000410924   0.0000058153  -0.0000009271  -0.0000194324
       -0.0000333787   0.0000851008  -0.0000168719  -0.0000400531   0.0000093916
        0.0000109238   0.0001966123  -0.0001110280  -0.0001349196  -0.0004236454
       -0.0000266726  -0.0001670680   0.0007144790  -0.0001199033  -0.0009806737
        0.1031751970   0.0831993174   0.0686214739   0.0002682008   0.0006267751
        0.0005608585  -0.0000634812   0.0002057591  -0.0001913077  -0.0000431930
       -0.0000701024  -0.0001379378  -0.0003316947   0.0002701134  -0.0000556841
        0.0000652037  -0.0001851962   0.0002265473  -0.0000142006  -0.0000202288
       -0.0000650181   0.0000297926  -0.0000213542   0.0000158353   0.0000168749
        0.0000438604   0.0000246470  -0.0000266984  -0.0000104286   0.0000452215
        0.0000119268  -0.0000185597   0.0000086497  -0.0000681259   0.0002943490
        0.0000646765   0.0000388487   0.0000025253  -0.0000906203   0.0000078477
       -0.0000486869   0.0000488666  -0.0000119396  -0.0000179905   0.0000073200
        0.0000027951  -0.0000163908   0.0000139970   0.0000246052   0.0000336130
        0.0000205385   0.0000146894   0.0000022234  -0.0000060007   0.0000415958
       -0.0000271965   0.0000151667  -0.0000204797   0.0000040192  -0.0000168592
       -0.0001098224   0.0000846498   0.0001269840   0.0000350876  -0.0000509720
       -0.0000440184   0.0000522075  -0.0000067987  -0.0000301511  -0.0001273066
        0.0000615130  -0.0000466465  -0.0000854008  -0.0000337372   0.0000401578
        0.0000022684   0.0000137031  -0.0000374589  -0.0000057871   0.0000020367
       -0.0000038324   0.0000612137  -0.0001784071  -0.0000665678  -0.0000257775
        0.0000959652   0.0000732902  -0.0000146573   0.0000047573  -0.0000032455
        0.0000013688   0.0000000468  -0.0000035198  -0.0000052952  -0.0000033797
       -0.0000080946   0.0000361841   0.0000166381  -0.0000632784  -0.0000020134
        0.0000184977   0.0000077259   0.0000046432   0.0000029712   0.0000002646
        0.0000039719   0.0000045532  -0.0000133789  -0.0000069423   0.0000012781
        0.0000040085
       -0.0001949246  -0.0002607644  -0.0002958038  -0.0019558842   0.0049481863
       -0.0035577903  -0.0041020234  -0.0047177284  -0.0044980339  -0.0733153634
       -0.1544338151  -0.1090010979  -0.0055654145  -0.0123998976  -0.0129352283
        0.0013365739   0.0023120195  -0.0055846031   0.0001991734   0.0003664351
        0.0004464298  -0.0006204098  -0.0008037174   0.0017110793  -0.0004110432
       -0.0000458097  -0.0000179505   0.0001762311  -0.0002194829   0.0000332776
        0.0000659120   0.0000872009   0.0000322000  -0.0002247637  -0.0001160149
       -0.0001503606   0.0000682286   0.0000423655   0.0001151646   0.0000472851
       -0.0000754886  -0.0000131168  -0.0000049746   0.0000002952   0.0000048041
       -0.0001743930   0.0000644508   0.0000703856  -0.0000398365  -0.0000095506
        0.0000259644   0.0001033155  -0.0000467175  -0.0000913449  -0.0000435507
       -0.0000675705   0.0000243146   0.0009544741  -0.0009977514   0.0018215018
        0.0831993174   0.1674500784   0.1305576180  -0.0003297838  -0.0006907853
       -0.0004904677   0.0001580191  -0.0007811654   0.0009149092  -0.0001688896
        0.0000608557   0.0002257520   0.0008026176   0.0000984571   0.0002345935
       -0.0000508399   0.0002980037   0.0001259562  -0.0000285923  -0.0000421522
        0.0000930761  -0.0000201301   0.0000147932  -0.0000274391   0.0000105611
        0.0000166880   0.0000072349  -0.0000292073  -0.0000423099   0.0000204923
        0.0000125523   0.0000036463   0.0000241270   0.0001193963   0.0000413900
        0.0000983777   0.0000105873   0.0000599763  -0.0000813220  -0.0000045866
        0.0000004876  -0.0000035370   0.0000043283  -0.0000173363   0.0000031818
       -0.0000016009  -0.0000009615  -0.0000139636   0.0000098683  -0.0000113043
        0.0000110811  -0.0000007864   0.0000083023  -0.0000024825   0.0000508640
        0.0000128362  -0.0000085638  -0.0000002216   0.0000043043  -0.0000118815
       -0.0000812620   0.0000485348   0.0001083551   0.0000259829  -0.0000257108
       -0.0000389794   0.0000286355   0.0000018223  -0.0000295555  -0.0000635439
        0.0000149444  -0.0000151447   0.0000326329  -0.0000978430  -0.0000118124
        0.0000082811  -0.0000061603   0.0000557856   0.0000046065  -0.0000244997
        0.0000359552   0.0000159076  -0.0001481480  -0.0001009093   0.0000509433
        0.0001428244   0.0000899325   0.0000144731  -0.0000056709   0.0000111535
        0.0000067179  -0.0000057008   0.0000113078  -0.0000025677   0.0000127367
        0.0000081098  -0.0000507155   0.0000163239   0.0000531162  -0.0000264898
       -0.0000254936  -0.0000029253  -0.0000058159   0.0000058087   0.0000080816
       -0.0000023037  -0.0000052252   0.0000053266   0.0000024325  -0.0000089908
       -0.0000043315
       -0.0001000236   0.0001843877  -0.0000964822   0.0011860219  -0.0033795550
        0.0048838288  -0.0016584362  -0.0006777844   0.0002125963  -0.0629833168
       -0.1099754467  -0.1350226313  -0.0082957629  -0.0153867495  -0.0130960314
        0.0032255908  -0.0056357782   0.0006284608   0.0008395965   0.0004466322
        0.0001448724  -0.0011473999   0.0014422503  -0.0004936610   0.0003168640
       -0.0001590912  -0.0002872750   0.0000202332  -0.0003190653   0.0000660915
        0.0001151850   0.0001640089   0.0000728387  -0.0001919703  -0.0002520848
       -0.0000925864   0.0001251434   0.0000715668   0.0000806937   0.0000173086
       -0.0000316961  -0.0000134483   0.0000046323   0.0000021054  -0.0000025965
       -0.0000764833   0.0000904038   0.0000332807  -0.0000159756   0.0000103344
        0.0000046951   0.0000568939  -0.0000649621  -0.0000333299   0.0000264890
        0.0001400679  -0.0001098876   0.0001512905   0.0021192852  -0.0007398676
        0.0686214739   0.1305576180   0.1450742337  -0.0003981845  -0.0008555709
       -0.0008185797  -0.0001330154   0.0008517592  -0.0007407389  -0.0003581236
        0.0000733464   0.0002447062   0.0004066857  -0.0002301664   0.0001325893
        0.0002996287   0.0005655574  -0.0003543809  -0.0000023594  -0.0000582101
        0.0001221111   0.0000163031   0.0000256714  -0.0000754789   0.0000196890
        0.0000390287   0.0000078842   0.0000180092  -0.0000364896   0.0000070142
        0.0000493799   0.0000064240   0.0000070093  -0.0000973438   0.0001505290
        0.0001511924  -0.0000362313  -0.0000040252  -0.0002172901   0.0000115122
       -0.0000207943   0.0000257152   0.0000210483  -0.0000346215   0.0000059597
        0.0000182830  -0.0000288897   0.0000096400   0.0000004879   0.0000364376
        0.0000425048   0.0000132778   0.0000155787  -0.0000478299   0.0000174949
       -0.0000100662   0.0000027973   0.0000014431  -0.0000028591  -0.0000032041
       -0.0000610879   0.0000462109   0.0000461542   0.0000113988  -0.0000217701
       -0.0000119669   0.0000224136  -0.0000041668  -0.0000059776  -0.0000470619
       -0.0000041203   0.0000815060   0.0001415798   0.0000399972  -0.0000322237
       -0.0001650294   0.0000718092   0.0000598236   0.0000259317  -0.0000064385
        0.0000640338  -0.0000252977  -0.0001441045  -0.0002466986   0.0000035244
        0.0001247226   0.0001966584   0.0000261381  -0.0000035632   0.0000237436
        0.0000083542   0.0000001067   0.0000275700   0.0000006414   0.0000142463
        0.0000056852  -0.0000247984   0.0000800944   0.0000825645  -0.0000017699
       -0.0000069768  -0.0000269311  -0.0000051974   0.0000021238   0.0000081017
       -0.0000068119  -0.0000098368   0.0000139583  -0.0000082668  -0.0000074211
       -0.0000014171
       -0.0011143737   0.0010363855   0.0011592388  -0.0050593684  -0.0024472622
        0.0002500205   0.0000289698  -0.0003199512  -0.0003720926  -0.0002322662
       -0.0024066191  -0.0007815459   0.0052499279  -0.0049325965  -0.0056821195
       -0.1207352128   0.0731146401   0.0890701418  -0.0204202220   0.0155580337
        0.0200840068   0.0010632930  -0.0009127141  -0.0015306385   0.0001935637
       -0.0000100858   0.0000382847   0.0001895528  -0.0001834642   0.0001275383
       -0.0000391957   0.0000672703  -0.0000217444   0.0000093915  -0.0000589412
       -0.0000183795  -0.0000084569   0.0000322263   0.0000104736   0.0000187391
       -0.0000338095   0.0000188837  -0.0000043247   0.0000093315  -0.0000061573
       -0.0001442106   0.0000604786  -0.0000140506  -0.0000633684  -0.0000330582
       -0.0000230509  -0.0002656551   0.0000070036  -0.0001699372   0.0001540533
        0.0001083927   0.0000863755  -0.0000645615   0.0001519835  -0.0002110334
        0.0002682008  -0.0003297838  -0.0003981845   0.1407478039  -0.0793609775
       -0.1016869840   0.0007211260   0.0008807082   0.0001317535  -0.0003687519
       -0.0001970632  -0.0002521822  -0.0001450707   0.0000251460   0.0000483975
       -0.0000255730   0.0000073336  -0.0000487542   0.0003659902   0.0001054296
        0.0000089208   0.0000180456   0.0000063068   0.0000117834  -0.0000043594
        0.0000212208   0.0000167200  -0.0000368884  -0.0000082081   0.0000562081
        0.0000124814  -0.0000272412  -0.0000091806  -0.0000052612  -0.0000106389
       -0.0000099669  -0.0000087509   0.0000010181   0.0000006963  -0.0000071913
        0.0000032394  -0.0000088800   0.0000006373  -0.0000083193  -0.0000026360
        0.0000066449   0.0000154046  -0.0000011528  -0.0000009695  -0.0000021958
       -0.0000023202   0.0000031476   0.0000014642   0.0000021714   0.0000716584
        0.0000043738   0.0000249210  -0.0000193626   0.0000259290  -0.0000030431
       -0.0001980229   0.0000903823   0.0001545178   0.0000537640  -0.0000419783
       -0.0000244357   0.0000568514   0.0000035851  -0.0000233183  -0.0001816330
       -0.0001245973   0.0001330891  -0.0000706984  -0.0000425426   0.0000051375
        0.0000128085   0.0000328681   0.0000028478   0.0000150372   0.0000123503
       -0.0000373871   0.0000450785   0.0001892008   0.0000107302  -0.0000165172
       -0.0001592494  -0.0000736260  -0.0000660226   0.0000574836  -0.0000195788
        0.0000109831  -0.0000012425  -0.0000107061  -0.0000162285  -0.0000432204
        0.0000141522   0.0000202066   0.0000484235  -0.0000272806  -0.0000103877
        0.0000158923   0.0000082561   0.0000031749   0.0000049253  -0.0000002968
        0.0000002094   0.0000023814  -0.0000076242  -0.0000084360  -0.0000050521
        0.0000030218
       -0.0001614642   0.0000602826   0.0001696846  -0.0018274402   0.0046753327
       -0.0033148002  -0.0008635769  -0.0000511260   0.0002945488  -0.0026727443
        0.0004743385  -0.0061772881   0.0116502828  -0.0117026966  -0.0147220324
        0.0733833352  -0.1121583848  -0.0911601823  -0.0010503569   0.0021316425
        0.0019750777   0.0014415863  -0.0006381149   0.0013584679  -0.0004921832
       -0.0002456021  -0.0001881214  -0.0001294076   0.0000835488  -0.0000854484
        0.0000575099  -0.0000317613  -0.0000161693  -0.0000114334   0.0000355006
        0.0000211152   0.0000077732  -0.0000561630  -0.0000056464  -0.0000030673
        0.0000020554  -0.0000076664   0.0000046237  -0.0000142835  -0.0000047634
        0.0000883758  -0.0000133393  -0.0000028288   0.0000210634   0.0000226910
        0.0000177768  -0.0001017308  -0.0000902231   0.0001461795   0.0000284545
        0.0000392041  -0.0000197579   0.0001228444  -0.0007622828   0.0008183892
        0.0006267751  -0.0006907853  -0.0008555709  -0.0793609775   0.1203310770
        0.1086464509  -0.0002049713  -0.0008067294   0.0021276310  -0.0008574429
        0.0000167635  -0.0000756882   0.0003450433   0.0002490748   0.0002037543
        0.0000318085   0.0002079105   0.0000223633  -0.0001847296  -0.0013238406
        0.0007751766  -0.0000271575  -0.0000047757  -0.0000458137   0.0000106894
        0.0000209713   0.0000218113  -0.0000182517  -0.0000079994  -0.0000175786
       -0.0000198840   0.0000164919   0.0000093243  -0.0000119145   0.0000460636
        0.0000382903   0.0000116741   0.0000226947  -0.0000503423   0.0000079475
       -0.0000054701   0.0000092667  -0.0000099803   0.0000018609   0.0000039947
       -0.0000006705  -0.0000077432   0.0000055884   0.0000005680   0.0000139400
        0.0000100476   0.0000034123  -0.0000039123  -0.0000122695  -0.0000276628
       -0.0000213787  -0.0000060799  -0.0000024209  -0.0000040280  -0.0000025628
        0.0000616190  -0.0000056978  -0.0000127721  -0.0000306379   0.0000060607
       -0.0000010718  -0.0000208657   0.0000005356  -0.0000011706  -0.0000603739
        0.0001640105  -0.0001406072   0.0000845546  -0.0003042061   0.0000051581
       -0.0000334060   0.0002130266   0.0000507435  -0.0000524130   0.0000398109
       -0.0000064105   0.0001326994  -0.0004784832   0.0000276463   0.0000169086
        0.0004592608   0.0001346508   0.0000991963  -0.0000304512   0.0000179719
       -0.0000103550  -0.0000114699   0.0000276348  -0.0000132405   0.0000502843
       -0.0000284008   0.0000216197   0.0000759975   0.0000582212   0.0000019657
       -0.0000018783  -0.0000338409   0.0000034504   0.0000150912   0.0000015565
        0.0000047181  -0.0000034944   0.0000037515  -0.0000097385   0.0000007985
       -0.0000073889
        0.0003254469  -0.0003289987  -0.0001681396   0.0010028692  -0.0035337230
        0.0049239659  -0.0003383342   0.0003770593   0.0003535570  -0.0012280732
       -0.0062627436   0.0015426551   0.0099020709  -0.0128240713  -0.0139671697
        0.0891903974  -0.0891921085  -0.1386694391   0.0030995042  -0.0019895118
       -0.0023252481   0.0007598407   0.0017500564  -0.0007374773   0.0002236650
        0.0000412264  -0.0000078488  -0.0002759142   0.0001160554  -0.0001023383
        0.0000243603  -0.0000098794  -0.0000017678   0.0000047336   0.0000668188
        0.0000455509  -0.0000073768  -0.0000637406   0.0000136697  -0.0000178859
        0.0000353935  -0.0000154929   0.0000078779  -0.0000124515   0.0000038890
        0.0002277116  -0.0000267877  -0.0000329452   0.0000542705   0.0000545756
        0.0000154751  -0.0001286488   0.0001265942   0.0000430517  -0.0000176470
       -0.0000010534   0.0000052561  -0.0001809378   0.0009051194  -0.0007194642
        0.0005608585  -0.0004904677  -0.0008185797  -0.1016869840   0.1086464509
        0.1510679199  -0.0009439570   0.0019257903  -0.0008600803  -0.0009592626
        0.0000393215   0.0002039292   0.0000284348   0.0000665946   0.0001354354
        0.0000179423   0.0002199169  -0.0000415352   0.0001615088   0.0001651762
        0.0003725290   0.0000092059  -0.0000076224  -0.0000280422   0.0000266054
        0.0000174573   0.0000256754   0.0000470059  -0.0000441693  -0.0000453083
       -0.0000100821   0.0000102992  -0.0000014150  -0.0000201235   0.0000442058
        0.0000273303   0.0000252275   0.0000025616  -0.0000573502   0.0000080736
       -0.0000078457   0.0000131331  -0.0000015947  -0.0000034622   0.0000014042
       -0.0000030256  -0.0000197192   0.0000065882  -0.0000008040   0.0000119883
        0.0000028026   0.0000023757   0.0000005252  -0.0000092328  -0.0000685956
       -0.0000488810  -0.0000022882  -0.0000029394  -0.0000167280   0.0000011371
        0.0001514815  -0.0000363098  -0.0000960611  -0.0000485138   0.0000175199
        0.0000198613  -0.0000400028  -0.0000128051   0.0000121788  -0.0000512204
        0.0000831526  -0.0002518247   0.0001122218  -0.0001243899  -0.0000319424
       -0.0001069693   0.0001871941   0.0000222384  -0.0000051534   0.0000144857
       -0.0000274120   0.0001091522  -0.0003191908   0.0000774447  -0.0000451806
        0.0003060877   0.0000921703   0.0000298283  -0.0000157736   0.0000474005
       -0.0000014892   0.0000181204  -0.0000001295   0.0000012227   0.0000123875
       -0.0000238788   0.0000517089   0.0001014158   0.0000010865   0.0000258036
        0.0000181381  -0.0000305712   0.0000028686   0.0000079473  -0.0000033444
        0.0000065426   0.0000003737   0.0000023076  -0.0000101009   0.0000024244
       -0.0000033159
        0.0019956833   0.0012078381   0.0004996997   0.0056401008   0.0097573616
        0.0084543221  -0.0012546085   0.0012859645   0.0028879107  -0.0003246283
        0.0002972279   0.0003371837  -0.0053148063  -0.0013946039   0.0016210809
       -0.0150698107  -0.0212078261  -0.0183457403  -0.0870324170  -0.0724396738
       -0.0605852349  -0.0006528264  -0.0011260405  -0.0008517040  -0.0001763530
        0.0000288768  -0.0000515878  -0.0001423057   0.0001313620   0.0000756783
        0.0000671337  -0.0000020275  -0.0000386417  -0.0000511846  -0.0000364509
        0.0000272295  -0.0000092739   0.0000073923   0.0000026925  -0.0000052630
        0.0000219222  -0.0000128942   0.0000029079   0.0000040980  -0.0000006092
        0.0001415702  -0.0000635051  -0.0000899306   0.0000178095  -0.0000184816
       -0.0000349728  -0.0000560786  -0.0000862805   0.0000133498  -0.0002653022
       -0.0002596550   0.0000799649   0.0002784926   0.0006535942   0.0005242287
       -0.0000634812   0.0001580191  -0.0001330154   0.0007211260  -0.0002049713
       -0.0009439570   0.1017198632   0.0834707940   0.0666597302   0.0001922684
       -0.0000210070  -0.0000550316  -0.0002680195  -0.0001108895   0.0000276013
        0.0000034593   0.0000583152   0.0000214739  -0.0000438210  -0.0000628640
       -0.0001715870  -0.0000054040   0.0000236596  -0.0000126649  -0.0000129183
        0.0000788033  -0.0000318886  -0.0000219027  -0.0000708472  -0.0000071961
        0.0000121952   0.0000071780   0.0000005183  -0.0000147315  -0.0000064051
        0.0000067602  -0.0000105678  -0.0000019637  -0.0000195339   0.0000022703
       -0.0000006133   0.0000061582   0.0000080395  -0.0000084758  -0.0000017756
        0.0000030792  -0.0000088431   0.0000032943  -0.0000033513   0.0000041698
        0.0000032197  -0.0000030721   0.0000084484  -0.0000059774  -0.0000290149
        0.0000010329   0.0000193459  -0.0000042886   0.0000007398   0.0000114720
        0.0000377763   0.0000108188  -0.0000272540  -0.0000015716   0.0000011020
        0.0000167414  -0.0000202395  -0.0000185652   0.0000001548   0.0000006404
       -0.0000945002   0.0001374285   0.0001717947   0.0001065640  -0.0000319047
       -0.0000715193  -0.0000628907   0.0000476988   0.0000298774  -0.0000260502
        0.0000799646  -0.0001139790   0.0002147971  -0.0002114701   0.0000392747
       -0.0001036478   0.0000660440   0.0000046286  -0.0000359850  -0.0000022730
        0.0000002462  -0.0000001076   0.0000017162   0.0000204156   0.0000205007
       -0.0000007866  -0.0000686543  -0.0000783157   0.0000467665   0.0000156106
       -0.0000079807  -0.0000129919  -0.0000129347  -0.0000031212  -0.0000035677
       -0.0000074102  -0.0000040259   0.0000118664   0.0000054761   0.0000060346
       -0.0000071050
        0.0001378359  -0.0001328549   0.0020484536  -0.0079785143  -0.0123688601
       -0.0121706842   0.0016823642   0.0018707783  -0.0053751346   0.0008392086
        0.0002975751   0.0002668005  -0.0018748697   0.0047271472  -0.0027070202
       -0.0050078350  -0.0053138500  -0.0040652622  -0.0721568509  -0.1571708126
       -0.1102991821  -0.0001247645  -0.0000783374  -0.0002930193  -0.0000034813
        0.0000395111  -0.0001074719  -0.0002704208  -0.0002241414  -0.0004849812
        0.0001535599   0.0001627286   0.0000869135  -0.0001332845  -0.0000942267
       -0.0000941347   0.0000560379   0.0000534537   0.0000339450   0.0000129827
       -0.0000010766  -0.0000117590  -0.0000001785   0.0000027195  -0.0000027441
        0.0001389554   0.0001143141   0.0001556194   0.0000114229   0.0000969765
        0.0001090265  -0.0004595874   0.0001660248   0.0003120348   0.0007382804
       -0.0001441291  -0.0002639392  -0.0003460422  -0.0008675409  -0.0004453509
        0.0002057591  -0.0007811654   0.0008517592   0.0008807082  -0.0008067294
        0.0019257903   0.0834707940   0.1705015963   0.1303582922   0.0000183533
       -0.0000081712   0.0000106305  -0.0001028905  -0.0000499173   0.0000270218
        0.0000167345   0.0000399913   0.0000079356  -0.0000384014   0.0000169640
       -0.0000730911  -0.0000133720   0.0000147758  -0.0000201111   0.0001815209
        0.0000976826   0.0002176698  -0.0001190404  -0.0001167682  -0.0000202073
       -0.0000168521   0.0000503705   0.0000318338   0.0000273104   0.0000533949
        0.0000432071   0.0000035652   0.0000154528  -0.0000308056   0.0000034385
       -0.0000106875   0.0000167904   0.0000000796   0.0000009826   0.0000001862
        0.0000035497  -0.0000097175   0.0000054118   0.0000042104   0.0000120648
        0.0000103707  -0.0000006814   0.0000044407  -0.0000089634  -0.0000050285
       -0.0000854219  -0.0000479334  -0.0000087826  -0.0000233666  -0.0000297326
        0.0001126489   0.0000174953   0.0000330971  -0.0000583669   0.0000012108
       -0.0000325646  -0.0000192259  -0.0000138701  -0.0000369286   0.0000432094
       -0.0001068992   0.0000861490   0.0001083733   0.0000799545  -0.0000535330
       -0.0000407242  -0.0000270469   0.0000380067   0.0000263495  -0.0000319130
        0.0000847222  -0.0001210371   0.0000997849  -0.0002122393   0.0000406606
       -0.0000114832   0.0000840182  -0.0000115251  -0.0000311743   0.0000053846
        0.0000024716   0.0000099162   0.0000040116   0.0000120824   0.0000140115
       -0.0000080518  -0.0000265593  -0.0000415795   0.0000437334   0.0000098675
       -0.0000066395  -0.0000109569  -0.0000044533  -0.0000036143  -0.0000016768
       -0.0000019026  -0.0000037604   0.0000132145   0.0000023376   0.0000044367
       -0.0000045509
       -0.0016961713   0.0014280529  -0.0002714569  -0.0075125738  -0.0166675776
       -0.0138816334   0.0034175244  -0.0052037247   0.0011612867   0.0003873008
        0.0003906290   0.0001897214   0.0009197003  -0.0032006999   0.0047121906
       -0.0009498714  -0.0004593679  -0.0005284852  -0.0614917975  -0.1096436337
       -0.1283682380   0.0001421914  -0.0002101881   0.0000247949  -0.0001204644
       -0.0000137195   0.0000387575  -0.0000790966  -0.0004536217  -0.0001272569
        0.0000589242   0.0001299149   0.0000858180  -0.0000781670  -0.0000454205
       -0.0000348653   0.0000268983   0.0000377411   0.0000451158   0.0000056599
        0.0000123190  -0.0000090537   0.0000007923   0.0000025427   0.0000035890
       -0.0000223252   0.0001801823   0.0000842144   0.0000196966   0.0001217790
        0.0000670444  -0.0002501987   0.0000874988   0.0003289257   0.0009784888
        0.0006014181  -0.0003333657  -0.0005202985  -0.0004912300  -0.0009081126
       -0.0001913077   0.0009149092  -0.0007407389   0.0001317535   0.0021276310
       -0.0008600803   0.0666597302   0.1303582922   0.1393040310   0.0000010995
        0.0000404515   0.0000162997   0.0000897798   0.0000154163   0.0000010155
        0.0000056192   0.0000279489  -0.0000003478  -0.0000138324  -0.0000459783
       -0.0000173468   0.0000109707   0.0000127200  -0.0000099135   0.0000399495
        0.0001263568   0.0000942074  -0.0000034137  -0.0000840690  -0.0000329809
       -0.0000131897   0.0000182670  -0.0000000132   0.0000267712   0.0000513967
        0.0000306211   0.0000278287   0.0000001988  -0.0000352851   0.0000010614
       -0.0000096761   0.0000134571   0.0000053248  -0.0000066561  -0.0000021728
        0.0000002880  -0.0000150535   0.0000056168   0.0000017352   0.0000087149
        0.0000031970   0.0000018551   0.0000060123  -0.0000066920  -0.0000246068
       -0.0000935233  -0.0000165509  -0.0000170235  -0.0000268973  -0.0000200449
        0.0000920471   0.0000484365   0.0000118846  -0.0000632924  -0.0000075617
       -0.0000284599   0.0000032928  -0.0000303970  -0.0000171732   0.0000154801
       -0.0001025555   0.0000510529   0.0001560648   0.0000215117  -0.0000294337
       -0.0000828042   0.0000192624   0.0000192361   0.0000234463  -0.0000067613
        0.0000300060  -0.0000758417   0.0001399720  -0.0001333733  -0.0000142532
       -0.0000673662   0.0000281477   0.0000002052  -0.0000107637   0.0000294347
        0.0000017011   0.0000129498   0.0000052188   0.0000069283   0.0000037130
       -0.0000057205  -0.0000474281  -0.0000382007   0.0000348038   0.0000158736
       -0.0000067843  -0.0000074927  -0.0000065901  -0.0000072783  -0.0000026946
       -0.0000018124  -0.0000032251   0.0000127495   0.0000003776   0.0000056915
       -0.0000034552
        0.0000620526  -0.0000548934  -0.0000853596   0.0002049488   0.0000511171
       -0.0000329173  -0.0005693711   0.0003962380   0.0012676681  -0.0058016895
       -0.0008251827   0.0000285733  -0.0189123145   0.0194181713   0.0153167211
        0.0009198975   0.0015172931   0.0014502866   0.0001573375   0.0000310794
        0.0002521722  -0.0968904300   0.0836420568   0.0535894505   0.0016358628
        0.0009580068  -0.0018355800   0.0000092507   0.0000599141   0.0000262520
       -0.0000264804  -0.0000162462  -0.0000254914   0.0000518988   0.0000411035
        0.0000171835  -0.0000169130   0.0000095521  -0.0000131773  -0.0000080962
        0.0000091981   0.0000016019   0.0000053197   0.0000018324   0.0000072011
        0.0000149224  -0.0000250193  -0.0000248438   0.0000016061  -0.0000135634
       -0.0000125698   0.0000488936   0.0000167482  -0.0000097889  -0.0000047217
        0.0000017027  -0.0000012366  -0.0003450709  -0.0000998632   0.0000196760
       -0.0000431930  -0.0001688896  -0.0003581236  -0.0003687519  -0.0008574429
       -0.0009592626   0.0001922684   0.0000183533   0.0000010995   0.1136367764
       -0.0944410363  -0.0628358536   0.0062674796  -0.0083541946  -0.0062279973
       -0.0000170358  -0.0007069963   0.0005448925  -0.0003464641   0.0003764945
       -0.0006800656   0.0001796283   0.0000675513  -0.0000397666  -0.0000084688
       -0.0000128082  -0.0000033081  -0.0000102235   0.0000129298   0.0000265675
        0.0000106671  -0.0000119407  -0.0000085734  -0.0000069445  -0.0000360855
       -0.0000329001  -0.0000247347  -0.0000176990   0.0000407096  -0.0000037930
        0.0000016558  -0.0000025620   0.0000054444  -0.0000012860  -0.0000025423
       -0.0000011430  -0.0000000149  -0.0000032696  -0.0000033392  -0.0000064138
       -0.0000063216  -0.0000036527   0.0000062621   0.0000042492   0.0000073152
        0.0000081784   0.0000057952  -0.0000014544   0.0000033478   0.0000003955
       -0.0000124908  -0.0000001890  -0.0000066159   0.0000171610  -0.0000039273
        0.0000080683  -0.0000002614  -0.0000044268  -0.0000044631   0.0001993466
       -0.0000408198   0.0005682815   0.0007391320  -0.0021760236   0.0002568750
       -0.0004666827   0.0002302435   0.0002517004   0.0000667802  -0.0000339284
        0.0000351349  -0.0001481644   0.0005283988  -0.0001803662  -0.0000930674
       -0.0004793681  -0.0000590818  -0.0000479689   0.0000055586   0.0000009716
        0.0000116802   0.0000031167  -0.0000107778   0.0000113757  -0.0000290200
        0.0000252095  -0.0001556043   0.0010396230  -0.0003154007  -0.0001057367
       -0.0000049235   0.0000241779   0.0000156987   0.0000181760   0.0000057330
        0.0000138954   0.0000102084  -0.0000261077  -0.0000423771  -0.0000619091
        0.0000276767
       -0.0000399627  -0.0000209316  -0.0000012647  -0.0000753262   0.0001539309
        0.0001203000  -0.0003852979  -0.0000269088   0.0001225204  -0.0007759100
        0.0001477076  -0.0003133830  -0.0009180900   0.0038368984   0.0011799099
       -0.0014467078   0.0005099475   0.0009151670   0.0000804749  -0.0000211169
       -0.0001246042   0.0833668530  -0.1652871960  -0.0830418787   0.0113338307
       -0.0283195906  -0.0095173259  -0.0000556653  -0.0000019478  -0.0000290394
        0.0000414677   0.0000211144  -0.0000150145   0.0000081463  -0.0000080472
        0.0000138748  -0.0000090379   0.0000023391   0.0000081266  -0.0000074744
        0.0000081589  -0.0000123939   0.0000063464  -0.0000110275   0.0000013514
        0.0000366381   0.0000081949   0.0000021320   0.0000137138   0.0000144868
        0.0000035890  -0.0000298211  -0.0000055928   0.0000292073   0.0000009693
       -0.0000008373   0.0000045070  -0.0000711921  -0.0000443759   0.0000588965
       -0.0000701024   0.0000608557   0.0000733464  -0.0001970632   0.0000167635
        0.0000393215  -0.0000210070  -0.0000081712   0.0000404515  -0.0944410363
        0.1966330186   0.0944767601   0.0026747377  -0.0046554927  -0.0059677787
       -0.0001956722  -0.0047460225   0.0031204177   0.0006416193   0.0003242744
        0.0004602348   0.0000901512   0.0001665941  -0.0002147789   0.0000086628
        0.0000179340   0.0000137819   0.0000026224  -0.0000134145  -0.0000019624
        0.0000011442   0.0000065631   0.0000022127  -0.0000206040   0.0000052652
        0.0000428628  -0.0000247781  -0.0000320624  -0.0000579116   0.0000037742
       -0.0000005372   0.0000060044   0.0000024354  -0.0000031511  -0.0000021182
        0.0000115118  -0.0000097682   0.0000061268  -0.0000062367   0.0000233059
        0.0000256266  -0.0000005851   0.0000148178  -0.0000421661  -0.0000178975
       -0.0000178603   0.0000010027  -0.0000011617  -0.0000026763   0.0000014919
        0.0000344856   0.0000008503  -0.0000128534  -0.0000119567  -0.0000010649
        0.0000032438  -0.0000109344  -0.0000049698  -0.0000005678  -0.0010878654
        0.0008211397  -0.0011138599   0.0018450431  -0.0026953091  -0.0000426702
       -0.0006819525   0.0021086357  -0.0002520189  -0.0000720455   0.0000942131
       -0.0000425597   0.0001436711  -0.0009292501  -0.0001793438   0.0000962675
        0.0006515360   0.0004559270   0.0000362850   0.0000140666   0.0000002522
       -0.0000103233  -0.0000036158   0.0000202859  -0.0000471267   0.0000241150
       -0.0000476291   0.0002164414   0.0009895919  -0.0001091199   0.0000207430
        0.0001433876  -0.0000932240   0.0000555472   0.0000552349  -0.0000016158
        0.0000432525   0.0000108062  -0.0000181851  -0.0000840016  -0.0000148095
        0.0000063354
       -0.0000972055   0.0000142346   0.0000031731   0.0000093438   0.0000206550
        0.0000503553   0.0001627790  -0.0000552086  -0.0001438218   0.0013495191
       -0.0003515161   0.0005741500   0.0053675578  -0.0028026521  -0.0026002273
       -0.0013092159   0.0002893098   0.0003884056  -0.0000187503  -0.0000248627
       -0.0001852024   0.0517958341  -0.0832962239  -0.0989252148  -0.0065782769
        0.0116546232   0.0067793366  -0.0000370723  -0.0000300924  -0.0000139466
        0.0000110173   0.0000112299  -0.0000048084   0.0000103899   0.0000188492
        0.0000120731  -0.0000467763  -0.0000172911   0.0000009024  -0.0000057690
        0.0000082599  -0.0000010693  -0.0000079232   0.0000048332  -0.0000046886
        0.0000238229   0.0000164848   0.0000014274   0.0000078282   0.0000164221
       -0.0000020425  -0.0000296831  -0.0000165951   0.0000233530   0.0000110371
       -0.0000015425   0.0000188931   0.0000701969   0.0000692099  -0.0000504355
       -0.0001379378   0.0002257520   0.0002447062  -0.0002521822  -0.0000756882
        0.0002039292  -0.0000550316   0.0000106305   0.0000162997  -0.0628358536
        0.0944767601   0.1120983139   0.0123227571  -0.0233739947  -0.0184034130
        0.0002514314   0.0026798118  -0.0008049702  -0.0002501269  -0.0001580339
       -0.0000889485  -0.0000198720  -0.0000179291   0.0000151089   0.0000054171
        0.0000142910   0.0000079697   0.0000056417  -0.0000022151  -0.0000016646
        0.0000000762  -0.0000007800  -0.0000020362  -0.0000073931   0.0000182194
        0.0000080286   0.0000393217  -0.0000076032  -0.0000190925   0.0000054025
       -0.0000035078   0.0000076330   0.0000051245  -0.0000072938   0.0000001806
       -0.0000000715  -0.0000071826   0.0000064901  -0.0000006474   0.0000041428
       -0.0000056806   0.0000056972  -0.0000027625   0.0000041825  -0.0000176423
       -0.0000169876   0.0000041584   0.0000022026  -0.0000031415   0.0000041522
        0.0000276939   0.0000015999  -0.0000180290  -0.0000137894  -0.0000019556
        0.0000051698  -0.0000052476  -0.0000012225   0.0000057052   0.0006290707
        0.0003633905   0.0010517841   0.0001413207  -0.0002354927   0.0007818998
       -0.0002212935   0.0003898721  -0.0008073823   0.0000190280   0.0000012468
       -0.0000284733  -0.0001146468   0.0005089275  -0.0000472794  -0.0001641184
       -0.0002268091  -0.0002169770   0.0000069272   0.0000038983   0.0000127111
       -0.0000008629   0.0000141037   0.0000019927   0.0000244130  -0.0000122693
        0.0000069812  -0.0001451012  -0.0000814817   0.0000434430   0.0000825044
       -0.0000095517  -0.0000132252  -0.0000138513  -0.0000146919  -0.0000101752
       -0.0000098160   0.0000094452   0.0000045760   0.0000028024   0.0000103760
        0.0000113186
       -0.0003330912   0.0002289957  -0.0001074134   0.0005195545  -0.0000599288
       -0.0001634468   0.0001688595  -0.0004967033   0.0002160897   0.0008369055
       -0.0011371009  -0.0010937697  -0.0181052393  -0.0066686013  -0.0249930661
       -0.0046246551   0.0002362389  -0.0001048267  -0.0006054254  -0.0014348742
        0.0002540223  -0.0839938850  -0.0113699430  -0.0903368623   0.0009976700
        0.0011380262  -0.0002623288   0.0000682738  -0.0001645338   0.0000420010
        0.0000487212   0.0000702111   0.0000045116  -0.0000568588  -0.0000852647
       -0.0000425104   0.0000367025   0.0000546951  -0.0000012103   0.0000105866
       -0.0000153389   0.0000001568   0.0000010978   0.0000047236  -0.0000098255
       -0.0001082800   0.0000435520   0.0000461932  -0.0000197844  -0.0000069236
        0.0000179395   0.0000401802  -0.0000319056  -0.0000523566   0.0000594409
        0.0000381316   0.0000211576   0.0001647832  -0.0000025309   0.0000050583
       -0.0003316947   0.0008026176   0.0004066857  -0.0001450707   0.0003450433
        0.0000284348  -0.0002680195  -0.0001028905   0.0000897798   0.0062674796
        0.0026747377   0.0123227571   0.0984653356   0.0161278429   0.1036082780
        0.0001717074   0.0001256536  -0.0001985290  -0.0000982412   0.0000685709
        0.0000130119   0.0000457072   0.0000422771  -0.0000440562   0.0000144843
        0.0000231490   0.0000050060   0.0000030334  -0.0000186957   0.0000279389
        0.0000109998  -0.0000008146   0.0000086677  -0.0000149501   0.0000181244
        0.0000200545  -0.0000251856  -0.0000189182  -0.0000247269   0.0000062291
       -0.0000127146   0.0000143870   0.0000012514  -0.0000076732   0.0000032829
        0.0000071449  -0.0000032786   0.0000052487   0.0000007964   0.0000127211
        0.0000123482  -0.0000009191   0.0000024072  -0.0000116814   0.0000321483
        0.0000094353  -0.0000079561   0.0000005058   0.0000051117  -0.0000073503
       -0.0000359220   0.0000233079   0.0000598034   0.0000155958  -0.0000157320
       -0.0000245091   0.0000147349   0.0000009371  -0.0000201101   0.0003332977
       -0.0001587238  -0.0000093967   0.0008595294  -0.0005926403   0.0004363325
       -0.0003822704   0.0001543695  -0.0002749016   0.0000500010  -0.0000497758
        0.0000581636   0.0000323924   0.0000096040  -0.0000255181  -0.0000023415
       -0.0000713835   0.0000520801   0.0000114901   0.0000045268   0.0000274832
        0.0000084569   0.0000055580   0.0000109817   0.0000117357  -0.0000044016
        0.0000186587  -0.0001058875   0.0002863753  -0.0000560484  -0.0000520885
       -0.0000262187   0.0000249682   0.0000068351  -0.0000030252   0.0000033142
       -0.0000021414   0.0000083545  -0.0000149501  -0.0000117163  -0.0000047637
        0.0000225537
       -0.0001784634   0.0000833112  -0.0000723692   0.0001825181  -0.0000258136
        0.0000358941  -0.0001245873  -0.0003778949   0.0000304560   0.0009447974
        0.0002724299  -0.0000649317  -0.0066869051  -0.0013955976  -0.0063385327
       -0.0017277977   0.0001817440  -0.0000171780  -0.0003713387  -0.0004590077
        0.0001882336  -0.0108177423  -0.0449176689  -0.0323972297   0.0090050999
        0.0002699906   0.0230057055   0.0000417293  -0.0000471959   0.0000183694
       -0.0000065070   0.0000115123  -0.0000119381   0.0000045687   0.0000040493
        0.0000004164  -0.0000005373   0.0000115511   0.0000033213   0.0000077558
       -0.0000091766   0.0000086208  -0.0000039834  -0.0000032247   0.0000043641
       -0.0000413049   0.0000138418   0.0000109913  -0.0000094361  -0.0000080947
        0.0000043326   0.0000192576  -0.0000026685  -0.0000169549   0.0000171623
        0.0000133468  -0.0000067620   0.0000237665   0.0000066357   0.0000055284
        0.0002701134   0.0000984571  -0.0002301664   0.0000251460   0.0002490748
        0.0000665946  -0.0001108895  -0.0000499173   0.0000154163  -0.0083541946
       -0.0046554927  -0.0233739947   0.0161278429   0.0546064894   0.0323055991
        0.0006439009   0.0007443298   0.0007507610   0.0000213273  -0.0003133774
        0.0000668655   0.0001293898   0.0000116746   0.0000581642   0.0000031172
        0.0000008642  -0.0000029102  -0.0000067331  -0.0000221144   0.0000076513
       -0.0000005132  -0.0000030759   0.0000008280   0.0000166044  -0.0000074476
       -0.0000094387  -0.0000223148   0.0000028208   0.0000238432  -0.0000157523
        0.0000041361  -0.0000129972  -0.0000004145   0.0000009367  -0.0000052584
       -0.0000019808   0.0000084519  -0.0000051089   0.0000087329  -0.0000088200
       -0.0000087405   0.0000057087   0.0000141289   0.0000128486   0.0000149843
        0.0000073013  -0.0000013799  -0.0000015089   0.0000039816  -0.0000019605
       -0.0000209701   0.0000065571   0.0000220678   0.0000111430  -0.0000048727
       -0.0000042375   0.0000045433   0.0000002592  -0.0000088545   0.0002636321
       -0.0047466021   0.0046151425   0.0000310602  -0.0001347996   0.0004535834
        0.0000591223   0.0001049313   0.0000156055   0.0004057770  -0.0002935649
        0.0001056692   0.0003004714   0.0006580216   0.0012496984  -0.0001989397
        0.0000556847  -0.0002600719  -0.0000146215  -0.0000185498  -0.0000086992
       -0.0000189364  -0.0000064518  -0.0000537860   0.0000635270   0.0000229030
        0.0000736308   0.0000932816  -0.0000242763  -0.0002513835  -0.0000515344
        0.0000406759   0.0000341136   0.0000258222   0.0000004962   0.0000037482
        0.0000267005   0.0000147134  -0.0000405175  -0.0000106969   0.0000104034
        0.0000073368
       -0.0000092276   0.0000582496   0.0000030794   0.0001661347   0.0002192713
        0.0002555918  -0.0002480048  -0.0003135413  -0.0000389210   0.0015247688
        0.0002357258   0.0004032243  -0.0025023437  -0.0015207225   0.0019104461
       -0.0003271753   0.0000889656  -0.0001235498   0.0003148370   0.0000015199
        0.0000303658  -0.0887174004  -0.0303414548  -0.2307833309  -0.0068851864
        0.0009658894  -0.0181128440   0.0001017492  -0.0000347405  -0.0000072778
        0.0000193092  -0.0000126688  -0.0000096658  -0.0000254311  -0.0000205484
       -0.0000169930   0.0000362999   0.0000058021  -0.0000034210   0.0000082694
       -0.0000347811  -0.0000022783   0.0000030533   0.0000005633  -0.0000071896
       -0.0000995172   0.0000088092   0.0000451358  -0.0000171820  -0.0000148632
        0.0000114197   0.0000364103  -0.0000137754  -0.0000495121   0.0000150284
        0.0000219254  -0.0000230487   0.0000516126   0.0000438995  -0.0000120294
       -0.0000556841   0.0002345935   0.0001325893   0.0000483975   0.0002037543
        0.0001354354   0.0000276013   0.0000270218   0.0000010155  -0.0062279973
       -0.0059677787  -0.0184034130   0.1036082780   0.0323055991   0.2666268814
       -0.0002130718  -0.0005178948   0.0006394623   0.0002333700   0.0002838061
        0.0003379808  -0.0002027715  -0.0000626427  -0.0000922111   0.0000003863
        0.0000069184  -0.0000005221   0.0000006919   0.0000055640   0.0000025992
       -0.0000030289   0.0000077587   0.0000144472  -0.0000123050   0.0000164485
        0.0000323233  -0.0000203408   0.0000119272  -0.0000444538   0.0000152413
       -0.0000078988   0.0000064480  -0.0000076968   0.0000031026   0.0000101808
        0.0000065815   0.0000030888  -0.0000016807  -0.0000021069   0.0000102078
        0.0000246305  -0.0000063849  -0.0000163656  -0.0000240217   0.0000273074
        0.0000192397  -0.0000083986   0.0000021855   0.0000065236  -0.0000045355
       -0.0000419207   0.0000112517   0.0000432370   0.0000163869  -0.0000069286
       -0.0000167385   0.0000120559   0.0000047409  -0.0000124255  -0.0003362833
        0.0042385382  -0.0025957898  -0.0006160814   0.0015845922  -0.0010801124
        0.0004638009  -0.0009074019   0.0009400652  -0.0002666576   0.0002107603
       -0.0000672391  -0.0000740587  -0.0010254775  -0.0007615257   0.0002544609
        0.0004451109   0.0002720065   0.0000619233   0.0000173283   0.0000305457
        0.0000149971  -0.0000088333   0.0000613786  -0.0000533531   0.0000001560
       -0.0000472165   0.0000093711  -0.0003154856   0.0003765139  -0.0000761286
       -0.0001162282  -0.0000370167  -0.0000402731   0.0000042108   0.0000213280
       -0.0000272274  -0.0000389891   0.0000560025   0.0000343310  -0.0000138435
       -0.0000369723
       -0.0000161798   0.0000379178  -0.0000128368   0.0000189812  -0.0000125752
        0.0000162944  -0.0001167222   0.0000511657  -0.0000158848  -0.0000934286
       -0.0001233044  -0.0001055497   0.0006453179  -0.0004107611  -0.0002768720
       -0.0000500019  -0.0000168828   0.0000255881  -0.0000213787  -0.0000055534
       -0.0000239835   0.0011986636  -0.0015491174  -0.0016399966  -0.0644033913
        0.0619447722   0.0444181134  -0.0000883637  -0.0000667950   0.0000058136
        0.0000720948   0.0000592153   0.0000245116  -0.0000178805  -0.0000879198
       -0.0000323045  -0.0000877466   0.0000846162   0.0001761815   0.0000069880
        0.0000099589  -0.0000412421  -0.0000078662  -0.0000038066   0.0000255730
        0.0000550551   0.0000245922  -0.0000104662   0.0000098045   0.0000134771
       -0.0000028641  -0.0000143724  -0.0000019284   0.0000207395   0.0000094065
        0.0000010403   0.0000006641  -0.0000062230   0.0000063065   0.0000168157
        0.0000652037  -0.0000508399   0.0002996287  -0.0000255730   0.0000318085
        0.0000179423   0.0000034593   0.0000167345   0.0000056192  -0.0000170358
       -0.0001956722   0.0002514314   0.0001717074   0.0006439009  -0.0002130718
        0.0784514479  -0.0640296253  -0.0406696168  -0.0007397054  -0.0002675821
       -0.0034271823  -0.0000085373  -0.0004123707   0.0011758246   0.0000191274
        0.0000153200   0.0000046150   0.0000144075  -0.0000376973  -0.0000330859
        0.0000520927   0.0000250694   0.0000044226  -0.0000299715   0.0000448831
        0.0001172211  -0.0001379052  -0.0000441210  -0.0002818367  -0.0000051080
       -0.0000282271  -0.0000058642   0.0000146376  -0.0000561930   0.0000123734
        0.0000210862  -0.0000347277   0.0000041663   0.0000232276   0.0000257387
        0.0000156746   0.0000649809   0.0000688421  -0.0000379908  -0.0000162694
       -0.0000146346   0.0000019768   0.0000002737  -0.0000036697   0.0000007513
        0.0000222105   0.0000004678  -0.0000167818  -0.0000128675   0.0000016413
        0.0000070521  -0.0000064214  -0.0000044468   0.0000057217   0.0038477531
       -0.0139322291  -0.0135453939  -0.0114448002   0.0201993350   0.0154752734
       -0.0076690561   0.0000889799  -0.0002923370  -0.0003010814   0.0000047749
        0.0003770366   0.0014859723  -0.0011866602  -0.0008613320  -0.0006376116
       -0.0007193326   0.0006394869   0.0000443965  -0.0000095326  -0.0000055561
        0.0000287154  -0.0000034366   0.0001376347  -0.0000237197   0.0000496060
        0.0000040892  -0.0004713346  -0.0000147901  -0.0013133941  -0.0001167892
       -0.0001900761  -0.0002505317  -0.0000707558  -0.0000793755  -0.0000442436
        0.0001442303   0.0000803757  -0.0000953177   0.0001668566   0.0000633439
       -0.0000327004
        0.0002097298   0.0000192110   0.0000821925  -0.0001122692   0.0001169652
        0.0001375488  -0.0001906372  -0.0000253506   0.0000580965   0.0000703607
       -0.0000408803  -0.0004116812   0.0004085533   0.0002009438  -0.0005882573
       -0.0002211304  -0.0003336614  -0.0003738516   0.0002683812   0.0000859187
       -0.0000258416   0.0084863438  -0.0238054293  -0.0093631965   0.0585576625
       -0.1755886484  -0.0892983128  -0.0000774602  -0.0000085183  -0.0000446574
        0.0000302039   0.0000005151   0.0000407424  -0.0000617990   0.0000034780
       -0.0000040598  -0.0000024231  -0.0000458410   0.0000570137   0.0000316242
       -0.0000060686  -0.0000114383   0.0000174965  -0.0000082780  -0.0000307662
        0.0000827459   0.0000055097  -0.0000083702   0.0000224819   0.0000207116
        0.0000044851  -0.0000267747   0.0000019262   0.0000052406   0.0000228820
        0.0000198036  -0.0000117164   0.0000738474   0.0000335763   0.0000138059
       -0.0001851962   0.0002980037   0.0005655574   0.0000073336   0.0002079105
        0.0002199169   0.0000583152   0.0000399913   0.0000279489  -0.0007069963
       -0.0047460225   0.0026798118   0.0001256536   0.0007443298  -0.0005178948
       -0.0640296253   0.2061397213   0.1056790923   0.0007419949   0.0001549989
       -0.0017302378  -0.0008326711   0.0001354700   0.0003525307   0.0000074022
        0.0000145319   0.0000129599  -0.0000227625  -0.0000202328  -0.0000437794
        0.0000089250   0.0000008171  -0.0000044062   0.0000127571   0.0000594712
        0.0000160813  -0.0000276462   0.0001701037  -0.0000988189   0.0000024279
       -0.0000182664   0.0000171203  -0.0000079924  -0.0000378786   0.0000042090
       -0.0000367453  -0.0000097180   0.0000065437   0.0000235008  -0.0000165899
       -0.0000376845   0.0000331248  -0.0000217698   0.0000679109  -0.0000225020
       -0.0000210784   0.0000016460   0.0000005042  -0.0000035992  -0.0000004843
        0.0000334865   0.0000031855  -0.0000164418  -0.0000134951   0.0000010836
        0.0000047074  -0.0000116927  -0.0000051600   0.0000010961  -0.0043239688
       -0.0042649895  -0.0091221243   0.0031436460   0.0001515658  -0.0001641184
       -0.0002885664   0.0003873501   0.0000216289  -0.0000013544  -0.0001120557
       -0.0001915998   0.0003212726   0.0004034595   0.0010263658   0.0002969181
       -0.0001670017   0.0000296057   0.0000335648  -0.0000197288  -0.0000168190
       -0.0000136868  -0.0000430486   0.0000480372   0.0000227488   0.0000299692
        0.0000504823  -0.0017553003  -0.0000174319   0.0006545451  -0.0000194067
        0.0000036905   0.0001591334  -0.0000515291  -0.0000155472   0.0000009699
       -0.0000874114  -0.0000395690   0.0000797915  -0.0000248467  -0.0000118490
       -0.0000102595
       -0.0000300699  -0.0000035486  -0.0000224084  -0.0000176052   0.0000002099
       -0.0000316095   0.0000049176  -0.0000832897  -0.0000810210  -0.0000531349
        0.0003646996   0.0003212416  -0.0005502311  -0.0002754776   0.0002019440
        0.0001679527  -0.0001340696   0.0000311049   0.0000033045  -0.0000234124
        0.0000100337  -0.0042385173   0.0119824239   0.0059087260   0.0392579649
       -0.0889175685  -0.0972419796   0.0000037679  -0.0000579404  -0.0000074033
        0.0000539621   0.0000341789   0.0000075175   0.0000042799  -0.0000360151
       -0.0000373085  -0.0000587339   0.0000813603   0.0001136194  -0.0000159711
       -0.0000228501  -0.0000375122  -0.0000194565   0.0000100451   0.0000589275
       -0.0000057717   0.0000197206   0.0000088440  -0.0000017870   0.0000026536
        0.0000009942   0.0000120531  -0.0000013921  -0.0000069681  -0.0000029907
        0.0000020687  -0.0000089114   0.0000185507  -0.0000009107  -0.0000054166
        0.0002265473   0.0001259562  -0.0003543809  -0.0000487542   0.0000223633
       -0.0000415352   0.0000214739   0.0000079356  -0.0000003478   0.0005448925
        0.0031204177  -0.0008049702  -0.0001985290   0.0007507610   0.0006394623
       -0.0406696168   0.1056790923   0.1244444415  -0.0002229179   0.0006862355
       -0.0049939739   0.0010510999   0.0010201419  -0.0009552793   0.0000068583
        0.0000165938   0.0000058925  -0.0000164206  -0.0000298433  -0.0000215146
        0.0000395204   0.0000188425  -0.0000058434   0.0000797638  -0.0000451219
       -0.0000149689  -0.0002363829  -0.0000272826  -0.0000345660  -0.0000046746
        0.0000056650  -0.0000141161   0.0000426383  -0.0000223314  -0.0000105451
        0.0000386628  -0.0000365990  -0.0000270885   0.0000260888  -0.0000176948
        0.0000145150  -0.0000528437   0.0001160806  -0.0000551854   0.0000010124
       -0.0000050984   0.0000009479   0.0000016089   0.0000003606  -0.0000003429
       -0.0000084615   0.0000039621   0.0000023746   0.0000034685  -0.0000042503
       -0.0000000792   0.0000019592  -0.0000004446  -0.0000017582  -0.0030576706
       -0.0232835881  -0.0255906916   0.0051999205  -0.0083047203  -0.0033901895
        0.0023129359   0.0001671350  -0.0001167942  -0.0001167214   0.0000735926
        0.0007325096  -0.0002554024  -0.0051082224  -0.0011816250   0.0008790613
        0.0016890799   0.0015408320   0.0001523216   0.0000292155   0.0000626710
        0.0000637282  -0.0000054401   0.0002012408   0.0000093647   0.0001150466
        0.0000969245   0.0000250354   0.0002564898   0.0004843570  -0.0000877423
        0.0001397809   0.0000946351  -0.0000439791  -0.0000034116   0.0000461987
       -0.0001011597  -0.0000669788   0.0000410961  -0.0001391698  -0.0000246066
        0.0000252831
        0.0003261372  -0.0000481142  -0.0000083379  -0.0004807271  -0.0001938642
        0.0000097861   0.0000211207   0.0001657388   0.0001022330  -0.0001978058
        0.0001147227   0.0001903639   0.0011790940   0.0002033169   0.0006755159
        0.0000377525  -0.0001340817  -0.0006676641  -0.0005978948   0.0000230284
       -0.0000841636   0.0005839191  -0.0006422458   0.0008249114  -0.0057716478
       -0.0135495371  -0.0056245001  -0.0003517594   0.0000578672   0.0000151689
       -0.0001258161   0.0000174041   0.0001887054   0.0000746815   0.0000376480
       -0.0000003034  -0.0000749379  -0.0000507299   0.0000751836  -0.0000119791
        0.0000773148  -0.0000326480   0.0000217023  -0.0000260034   0.0000099828
        0.0004037919  -0.0000227801  -0.0001514918   0.0000787002   0.0000545039
       -0.0000273803  -0.0000681638   0.0000269137   0.0000633224  -0.0000186304
       -0.0000008853   0.0000174057   0.0000040368  -0.0000308448  -0.0000177865
       -0.0000142006  -0.0000285923  -0.0000023594   0.0003659902  -0.0001847296
        0.0001615088  -0.0000438210  -0.0000384014  -0.0000138324  -0.0003464641
        0.0006416193  -0.0002501269  -0.0000982412   0.0000213273   0.0002333700
       -0.0007397054   0.0007419949  -0.0002229179   0.0409817744   0.0725208945
        0.0497990507  -0.0000520312  -0.0001441203  -0.0002702724  -0.0000081770
       -0.0000178102  -0.0000100991  -0.0000616599   0.0000519098  -0.0000828300
        0.0000299453  -0.0000346026  -0.0000595313   0.0000054321   0.0000151318
       -0.0000048871   0.0000796162   0.0001247961  -0.0000444738   0.0000107933
       -0.0000025168   0.0000041542   0.0000010213  -0.0000367920   0.0000068213
       -0.0000073023  -0.0000426535   0.0000038735  -0.0000075039   0.0000063898
        0.0000012327   0.0000361433  -0.0000141728  -0.0000363421  -0.0000968315
       -0.0000632917   0.0000224876  -0.0000053488  -0.0000128304   0.0000106307
        0.0001215580  -0.0000261694  -0.0001125837  -0.0000533061   0.0000167751
        0.0000480668  -0.0000430823  -0.0000084023   0.0000301303  -0.0356612125
       -0.0696970214  -0.0485088309  -0.0003702184  -0.0012366116  -0.0027991042
       -0.0007184845   0.0009451636   0.0007693868  -0.0004215898   0.0009271968
        0.0004750148  -0.0008468891   0.0043914749   0.0086999389   0.0044461643
        0.0051394847  -0.0035047395  -0.0011532876   0.0001096380  -0.0007724817
        0.0001572890   0.0000421191   0.0003173887  -0.0002610171  -0.0000759921
       -0.0001971953  -0.0001335751  -0.0000565741   0.0006147923  -0.0001143869
       -0.0000796627   0.0000955875   0.0000396172   0.0000774381   0.0000202186
       -0.0000320383  -0.0000443195   0.0000635029  -0.0000165444  -0.0000074590
       -0.0000428528
        0.0005037586  -0.0002603743   0.0001879513  -0.0003668632  -0.0003205997
       -0.0002477303   0.0003723936   0.0001459762   0.0001199727  -0.0003019518
       -0.0001912778   0.0002012655   0.0011691782   0.0002722742   0.0005614075
       -0.0001317881   0.0010059626  -0.0002313219  -0.0004640755  -0.0001260397
       -0.0001962345  -0.0002690746   0.0006995923   0.0015996806  -0.0020091917
       -0.0007095818  -0.0040675395  -0.0001305739   0.0003372262  -0.0000934607
        0.0000927394  -0.0001490054  -0.0001030671  -0.0000294762   0.0000147262
        0.0000117829   0.0000733034  -0.0000122984  -0.0000539686  -0.0000240416
        0.0000160442  -0.0000252697  -0.0000149894  -0.0000106593  -0.0000059568
        0.0000646244  -0.0001157717   0.0000035946   0.0000247766  -0.0000121821
        0.0000125157  -0.0000558673   0.0000462560   0.0000226080  -0.0000365028
        0.0000364528  -0.0000233772  -0.0000128854   0.0000129027  -0.0000425042
       -0.0000202288  -0.0000421522  -0.0000582101   0.0001054296  -0.0013238406
        0.0001651762  -0.0000628640   0.0000169640  -0.0000459783   0.0003764945
        0.0003242744  -0.0001580339   0.0000685709  -0.0003133774   0.0002838061
       -0.0002675821   0.0001549989   0.0006862355   0.0725208945   0.3668922492
        0.1158904894  -0.0000182832   0.0000246179  -0.0001609383  -0.0000035685
       -0.0000023135   0.0000205696   0.0001243366   0.0000736654  -0.0000013951
       -0.0000315731   0.0000408833   0.0000428498  -0.0000238537   0.0000244549
        0.0000649917  -0.0000599657  -0.0001326981  -0.0000589712   0.0000142460
       -0.0000176106   0.0000135073  -0.0000154677   0.0000325068   0.0000086692
        0.0000144364   0.0000062683  -0.0000077094   0.0000168346   0.0000119264
        0.0000294319  -0.0000374800   0.0000197699  -0.0000026946  -0.0000163046
        0.0000143710  -0.0000160076   0.0000020154   0.0000024608   0.0000011081
        0.0000719665  -0.0000449318  -0.0000344183  -0.0000144432   0.0000202837
        0.0000010231  -0.0000231307   0.0000086695   0.0000006931  -0.0681801463
       -0.3353495163  -0.1092183632  -0.0005936178  -0.0000116479   0.0002076716
        0.0003961419  -0.0003070847  -0.0000419408  -0.0010620323   0.0006834173
       -0.0013562717  -0.0055360402  -0.0269667192  -0.0080909345   0.0031688776
       -0.0052389505   0.0037732530   0.0008222077   0.0005079110   0.0003109436
       -0.0001279901  -0.0000972642   0.0001916357  -0.0002969838   0.0002593146
       -0.0002145213   0.0003026878   0.0000064849   0.0002057173  -0.0000827277
        0.0000129025  -0.0000697945   0.0000303744   0.0000464229   0.0000244423
        0.0000112285  -0.0000185335  -0.0000097951  -0.0000259519   0.0000021996
       -0.0000065850
       -0.0008207686   0.0002559384  -0.0002128563   0.0007357122   0.0002812368
        0.0002387996  -0.0004022234  -0.0002677316  -0.0001213853   0.0005635285
       -0.0003654598  -0.0006095379   0.0000532312   0.0000192226  -0.0013841532
        0.0002382727   0.0000614275   0.0002953436   0.0004560980   0.0002225162
        0.0001863719   0.0002748767  -0.0012473723   0.0009963232  -0.0034283560
       -0.0196274129  -0.0109704871   0.0004256894  -0.0002456715   0.0001477162
       -0.0000278519   0.0000546668  -0.0001307754   0.0000149833  -0.0000543236
       -0.0000063712   0.0000540325   0.0000350465  -0.0000646042   0.0000089686
       -0.0000422732   0.0000546623  -0.0000153607   0.0000318359  -0.0000016162
       -0.0004147583   0.0000782317   0.0000962753  -0.0000794811  -0.0000533557
       -0.0000095123   0.0000899884  -0.0000710160  -0.0000565676   0.0000106364
       -0.0000459166   0.0000450392  -0.0000991958   0.0000252516   0.0000373067
       -0.0000650181   0.0000930761   0.0001221111   0.0000089208   0.0007751766
        0.0003725290  -0.0001715870  -0.0000730911  -0.0000173468  -0.0006800656
        0.0004602348  -0.0000889485   0.0000130119   0.0000668655   0.0003379808
       -0.0034271823  -0.0017302378  -0.0049939739   0.0497990507   0.1158904894
        0.0832509980  -0.0001830575   0.0002176534  -0.0000175449  -0.0000181310
       -0.0000085736  -0.0000282147   0.0000422549  -0.0000036182   0.0001590834
       -0.0000182134  -0.0000101664   0.0000159495  -0.0000251675  -0.0000234763
       -0.0000112874  -0.0000034756  -0.0000949613   0.0000353904  -0.0000063370
        0.0000195353  -0.0000091464  -0.0000092724   0.0000295397  -0.0000094839
        0.0000035475   0.0000373214   0.0000028976  -0.0000151015   0.0000013661
        0.0000017066   0.0000073943  -0.0000460799  -0.0000186786   0.0000942327
        0.0000553821   0.0000017832  -0.0000015056   0.0000147053   0.0000004712
       -0.0001532236   0.0000474250   0.0001123544   0.0000574343  -0.0000236400
       -0.0000381959   0.0000533544   0.0000042602  -0.0000193065  -0.0462794715
       -0.1083330684  -0.0713466596  -0.0003156010  -0.0010075517   0.0000343168
        0.0003604897   0.0001349985  -0.0002446542   0.0007736145   0.0008001270
       -0.0008409832   0.0068933799   0.0067842507   0.0033500094  -0.0034779751
        0.0061313337   0.0019812725  -0.0010033521   0.0002561697   0.0001610812
       -0.0000011866   0.0003009808  -0.0006373376  -0.0000418253  -0.0002047592
       -0.0000518149   0.0000335211   0.0002979025  -0.0001471879   0.0000827311
        0.0000841128   0.0000723063   0.0000127815  -0.0000090097  -0.0000259841
        0.0000026921   0.0000287194  -0.0000106083   0.0000203159  -0.0000082331
        0.0000151447
       -0.0001361479   0.0001273214  -0.0001549605   0.0001231049  -0.0000433279
        0.0000434157  -0.0000215270   0.0000457761  -0.0000245102  -0.0000719639
        0.0000216724   0.0000159256   0.0001218974  -0.0001023953   0.0000889518
        0.0000110748   0.0000380524  -0.0000515023  -0.0001173469   0.0000112120
       -0.0000485842  -0.0007378971  -0.0000033368  -0.0002196069   0.0003566916
       -0.0014416317   0.0013121625  -0.0002414931  -0.0002601031   0.0001131434
        0.0000620375   0.0002169936   0.0000990442  -0.0000641046  -0.0001085013
       -0.0000392164  -0.0000999705   0.0001580649   0.0001192809  -0.0000419275
        0.0000015060   0.0000178639  -0.0000766469   0.0000237846   0.0000876111
        0.0001993069   0.0000869045  -0.0000938799   0.0000465655   0.0000594086
       -0.0000367365  -0.0000251807  -0.0000150704   0.0000531351  -0.0000040351
       -0.0000218317   0.0000226117  -0.0000058218  -0.0000163582   0.0000137777
        0.0000297926  -0.0000201301   0.0000163031   0.0000180456  -0.0000271575
        0.0000092059  -0.0000054040  -0.0000133720   0.0000109707   0.0001796283
        0.0000901512  -0.0000198720   0.0000457072   0.0001293898  -0.0002027715
       -0.0000085373  -0.0008326711   0.0010510999  -0.0000520312  -0.0000182832
       -0.0001830575   0.2584820323  -0.1645130646   0.0245447072   0.0000200948
        0.0000204163  -0.0000033421   0.0000092522  -0.0000842557  -0.0000292791
        0.0000723298  -0.0000125603  -0.0000297117   0.0000271569  -0.0000342468
       -0.0000347727  -0.0000472135  -0.0001980428   0.0000489884  -0.0000792140
        0.0000186987  -0.0000438047   0.0001012212  -0.0000485402  -0.0000597854
        0.0000620802  -0.0000618988   0.0000097299   0.0000304481   0.0000008067
       -0.0000606677  -0.0000263925   0.0002834608   0.0000274370  -0.0000728448
       -0.0000688240   0.0000315524  -0.0000034677  -0.0000182956   0.0000149131
        0.0000566276   0.0000124727  -0.0000798513  -0.0000388280  -0.0000047996
        0.0000431513  -0.0000186094  -0.0000148428   0.0000307409  -0.0023415560
        0.0044729718  -0.0025604746   0.0048034429   0.0099330470  -0.0048849335
        0.0040537152  -0.0069332616   0.0024309905  -0.0000218859   0.0014475147
        0.0019238041  -0.0021990044  -0.0161068536  -0.0022896229   0.0056507968
        0.0086906586   0.0019315791   0.0001195731   0.0001394565   0.0000170732
        0.0002103245   0.0001606739   0.0002793340  -0.0001954346   0.0001100232
       -0.0002383358  -0.2457654475   0.1545163990  -0.0226394636  -0.0193503926
        0.0111102379  -0.0015496593   0.0000444893   0.0004742407  -0.0000532233
        0.0004344077   0.0003121887  -0.0003472594  -0.0035015186  -0.0016898484
        0.0015703803
        0.0002215788  -0.0000981011   0.0000783256  -0.0002365597  -0.0000102922
        0.0000043853   0.0000250982   0.0000437000   0.0000500731   0.0000208084
        0.0000424854  -0.0000014809  -0.0002188844   0.0000560685  -0.0000580239
        0.0000220181  -0.0000007957  -0.0000413407   0.0000650688  -0.0000398607
       -0.0000387023   0.0002265940   0.0002122559   0.0001518476   0.0009072704
       -0.0004276042  -0.0006228328  -0.0001036981   0.0001520685  -0.0000426332
       -0.0000552207  -0.0000605435  -0.0000022938   0.0000684755   0.0000631080
        0.0000375715  -0.0000748938  -0.0000558740   0.0000406089  -0.0000196272
        0.0000681665  -0.0000066621  -0.0000056665  -0.0000873952  -0.0000173933
        0.0001363663  -0.0000476154  -0.0000440359   0.0000244033   0.0000036688
       -0.0000066301  -0.0000353335   0.0000306777   0.0000221858   0.0000025253
        0.0000163505  -0.0000055537   0.0000270815  -0.0000052494  -0.0000161773
       -0.0000213542   0.0000147932   0.0000256714   0.0000063068  -0.0000047757
       -0.0000076224   0.0000236596   0.0000147758   0.0000127200   0.0000675513
        0.0001665941  -0.0000179291   0.0000422771   0.0000116746  -0.0000626427
       -0.0004123707   0.0001354700   0.0010201419  -0.0001441203   0.0000246179
        0.0002176534  -0.1645130646   0.1839937383  -0.0398743150  -0.0000011876
       -0.0000123560   0.0000025977  -0.0000155890  -0.0000079525  -0.0000201192
        0.0000143989   0.0000037232  -0.0000120521   0.0000021670   0.0000209406
       -0.0000017672  -0.0000517091   0.0000451926  -0.0000157016  -0.0000091575
       -0.0000120278  -0.0000063312  -0.0000333640  -0.0000357713   0.0000149617
        0.0000217514  -0.0000522025   0.0000042702   0.0000076905   0.0000100852
       -0.0000300024   0.0001222200   0.0001377106   0.0000277222  -0.0000255538
       -0.0000089221   0.0000049419  -0.0000000201   0.0000008118   0.0000034502
        0.0000531246  -0.0000256131  -0.0000408908  -0.0000137674   0.0000119077
        0.0000149355  -0.0000176094   0.0000028776   0.0000068980   0.0010022353
       -0.0027442892  -0.0000551308   0.0204783689  -0.0205725145   0.0022620798
       -0.0001320912  -0.0065065212   0.0045085344   0.0000502843  -0.0004839144
       -0.0002121361  -0.0029172281   0.0036918031  -0.0017359050  -0.0007665571
       -0.0035874292   0.0002287789  -0.0000205193  -0.0000760798  -0.0000025007
       -0.0000417431  -0.0000105268  -0.0001021936   0.0001535146   0.0000163671
        0.0001152416   0.1562825542  -0.1599854402   0.0356531287  -0.0060627848
        0.0062905222  -0.0028839936  -0.0011168065  -0.0000763347   0.0000789793
       -0.0002837851   0.0000507946   0.0004278860  -0.0027251262  -0.0002969478
        0.0009694028
       -0.0000281895   0.0000193134  -0.0000491533   0.0000275530  -0.0000242762
       -0.0000139323   0.0000223631  -0.0000158719  -0.0000219882   0.0000029904
        0.0000791995   0.0001073885   0.0000803589   0.0000084364  -0.0000305218
       -0.0000237105   0.0000469891   0.0000128899  -0.0000598433   0.0000115147
        0.0000040032   0.0001072468  -0.0000066211  -0.0001868795  -0.0006258694
        0.0005936933   0.0002657106   0.0000419234  -0.0000159110   0.0000484576
       -0.0000820438  -0.0000121146  -0.0000031932   0.0000306137   0.0000344301
        0.0000172182  -0.0000189207  -0.0000167370   0.0000007728   0.0000168890
        0.0000295625   0.0000481709  -0.0000176839  -0.0000023910  -0.0000108049
       -0.0000111727   0.0000041947  -0.0000223361  -0.0000047802  -0.0000063120
       -0.0000208812   0.0000086364  -0.0000006160   0.0000050646  -0.0000078138
       -0.0000076620   0.0000090982   0.0000065509  -0.0000054662  -0.0000035600
        0.0000158353  -0.0000274391  -0.0000754789   0.0000117834  -0.0000458137
       -0.0000280422  -0.0000126649  -0.0000201111  -0.0000099135  -0.0000397666
       -0.0002147789   0.0000151089  -0.0000440562   0.0000581642  -0.0000922111
        0.0011758246   0.0003525307  -0.0009552793  -0.0002702724  -0.0001609383
       -0.0000175449   0.0245447072  -0.0398743150   0.0279859066  -0.0000065674
       -0.0000161172  -0.0000153872   0.0000129675  -0.0000183720   0.0000051757
        0.0000002872  -0.0000151488  -0.0000133504   0.0000321632   0.0000047105
       -0.0000806953   0.0000225791   0.0000174043   0.0000996439  -0.0000655576
       -0.0000036500  -0.0000437492  -0.0000065556  -0.0000070461  -0.0000171898
       -0.0000367309   0.0000388253  -0.0000062916   0.0000416347  -0.0000548289
       -0.0001289105   0.0000554452   0.0000152550   0.0002254930   0.0000038379
        0.0000041472   0.0000119072  -0.0000018061   0.0000024283   0.0000074631
       -0.0000165052  -0.0000073702  -0.0000146328   0.0000050473   0.0000024582
        0.0000100768   0.0000080936   0.0000060073   0.0000113316  -0.0005625008
        0.0014500242  -0.0011879903  -0.0075219399   0.0016279699  -0.0060416911
        0.0005218889   0.0048662405   0.0050832249  -0.0001682851   0.0002059555
        0.0001863504  -0.0017254839  -0.0051555285   0.0003278609   0.0018564124
        0.0027094537  -0.0023586677   0.0000521135   0.0000902582  -0.0000383668
       -0.0000275285  -0.0000516252  -0.0001439380  -0.0000680611   0.0000119644
       -0.0000379343  -0.0270751362   0.0400545009  -0.0213958424   0.0068226663
       -0.0072452178  -0.0016588546  -0.0007132877   0.0000997315   0.0003312216
        0.0011218849  -0.0002441933   0.0000598857   0.0025924361   0.0008311100
       -0.0001542128
       -0.0002862731   0.0004077669  -0.0024238048   0.0000877094  -0.0000254650
       -0.0002801834  -0.0000828248  -0.0000603108  -0.0000102099   0.0001025216
       -0.0000006806  -0.0000220644   0.0000177672   0.0000574430   0.0000621107
       -0.0001236571  -0.0000654368   0.0000203481   0.0000877950  -0.0001666748
       -0.0000439950   0.0000087892   0.0000203351   0.0000075547   0.0000093600
       -0.0000123024   0.0000043130  -0.0445982308  -0.0064752077  -0.0035619766
       -0.0003936666  -0.0181578321  -0.0117375124  -0.0038906252  -0.0038696800
       -0.0001215794  -0.0001659051  -0.0005601985  -0.0011493056  -0.0000112334
       -0.0000913485   0.0000334774  -0.0000256963  -0.0000303938   0.0000074257
       -0.0125168321   0.0285683368   0.0352566825   0.0003789114  -0.0000660473
       -0.0006248785  -0.0004167811   0.0003833527   0.0000933266   0.0001715907
       -0.0000038844  -0.0001459020  -0.0000125286   0.0000393640   0.0000744242
        0.0000168749   0.0000105611   0.0000196890  -0.0000043594   0.0000106894
        0.0000266054  -0.0000129183   0.0001815209   0.0000399495  -0.0000084688
        0.0000086628   0.0000054171   0.0000144843   0.0000031172   0.0000003863
        0.0000191274   0.0000074022   0.0000068583  -0.0000081770  -0.0000035685
       -0.0000181310   0.0000200948  -0.0000011876  -0.0000065674   0.0620893971
        0.0002522409  -0.0151776249   0.0001504786  -0.0007158636  -0.0009376878
       -0.0002213300   0.0000255729   0.0001699567  -0.0002564671  -0.0002072827
       -0.0000340548   0.0002001005   0.0000263158  -0.0000231881  -0.0000036335
        0.0000427892  -0.0000482910  -0.0000173323   0.0000264949   0.0000023582
        0.0000047465  -0.0000194064   0.0000101750   0.0000053650   0.0000137557
        0.0000072031   0.0000217681   0.0000062355  -0.0000137536  -0.0004704286
        0.0003438481   0.0007773080   0.0000350524   0.0001835539   0.0000678911
        0.0001600044  -0.0003585404   0.0004598714  -0.0000675548   0.0000719422
       -0.0007381384   0.0000611981   0.0002210151  -0.0000438353  -0.0000369514
        0.0000031390   0.0000074194   0.0000398401  -0.0000179333   0.0000002045
       -0.0000320008   0.0000232208   0.0000011089  -0.0000083947  -0.0000287606
        0.0000460339   0.0000581739  -0.0000597002  -0.0000810313  -0.0000372162
        0.0000495819   0.0000651999  -0.0000551663  -0.0000295416  -0.0000114581
       -0.0000015858   0.0000240608   0.0000123103   0.0000128112   0.0000064871
       -0.0000370609  -0.0000094492   0.0000080130   0.0000072294   0.0000029334
        0.0000014198  -0.0000041568   0.0000005512  -0.0000013998   0.0000001627
       -0.0000000555  -0.0000015100   0.0000044821  -0.0000017022   0.0000019184
       -0.0000010921
        0.0022001552  -0.0008946576   0.0051110048  -0.0011247263  -0.0001824111
       -0.0000094057   0.0001116743   0.0000602840  -0.0000898983   0.0001262609
        0.0000758433  -0.0000239024   0.0000531636   0.0000257405   0.0000341264
       -0.0002738468  -0.0000702427  -0.0000748361   0.0001393054  -0.0001175392
       -0.0000070616   0.0000103680   0.0000117809   0.0000196397   0.0000143599
       -0.0000350873  -0.0000236788  -0.0121850806  -0.1440647374  -0.0919144001
       -0.0058548437  -0.0137087977  -0.0190136659  -0.0047662805  -0.0010968092
       -0.0013061215   0.0005466589  -0.0017548309   0.0004796507  -0.0005271718
       -0.0001316940  -0.0002387223   0.0000515012  -0.0001947074   0.0000956037
        0.0202266048  -0.0033020843  -0.0215184185  -0.0000304001   0.0005422975
        0.0003827773   0.0005804542  -0.0007116502  -0.0001882713   0.0002262301
        0.0004021280   0.0003719166  -0.0000060741   0.0000015468   0.0001261410
        0.0000438604   0.0000166880   0.0000390287   0.0000212208   0.0000209713
        0.0000174573   0.0000788033   0.0000976826   0.0001263568  -0.0000128082
        0.0000179340   0.0000142910   0.0000231490   0.0000008642   0.0000069184
        0.0000153200   0.0000145319   0.0000165938  -0.0000178102  -0.0000023135
       -0.0000085736   0.0000204163  -0.0000123560  -0.0000161172   0.0002522409
        0.1649627691   0.1266370341   0.0007154475   0.0001872922   0.0003022722
       -0.0000350704   0.0006338731   0.0003176496   0.0001018231   0.0000673207
        0.0000300893   0.0000672456   0.0000673972  -0.0000238418   0.0000041789
        0.0000194887  -0.0000164668  -0.0000095745   0.0000527297   0.0000139988
       -0.0000571261  -0.0000874982   0.0000109798   0.0000086135   0.0000148308
       -0.0000037237   0.0000059860   0.0000056500  -0.0000127835  -0.0001266898
       -0.0009078856  -0.0000058130  -0.0000674482  -0.0001456555  -0.0001030103
       -0.0001394046   0.0007821434  -0.0004846282  -0.0002351828  -0.0003271535
        0.0009400710  -0.0000869975  -0.0003303901  -0.0000630342  -0.0000358540
        0.0001002101  -0.0000028038   0.0000427960  -0.0000910316   0.0000094635
       -0.0000375862   0.0000615313   0.0000025462   0.0000216866  -0.0000263350
        0.0001044023   0.0000197221  -0.0003882319  -0.0001876721  -0.0000448393
        0.0002733062   0.0001890393  -0.0000549875   0.0000223263  -0.0000158202
       -0.0000000163   0.0000123469   0.0000062652  -0.0000078520  -0.0000229806
       -0.0000524331   0.0000002788   0.0000499447   0.0000082081   0.0000048968
        0.0000027764  -0.0000113282   0.0000039134   0.0000031267   0.0000019702
        0.0000026997  -0.0000039296   0.0000020095  -0.0000033638   0.0000036534
       -0.0000010730
       -0.0024659787   0.0019729757  -0.0055127546  -0.0000195585   0.0003942302
       -0.0007853773  -0.0001692773  -0.0000192689  -0.0000299474   0.0001992484
       -0.0000067282   0.0000679793   0.0000493090   0.0001453197   0.0001210702
       -0.0001498101  -0.0001863501  -0.0000383045   0.0001459937  -0.0002172932
       -0.0000385709   0.0000069366   0.0000036226   0.0000064692  -0.0000439342
       -0.0000049939  -0.0000229183  -0.0056571395  -0.0954817872  -0.1228821088
        0.0011977391  -0.0105481702   0.0012051434  -0.0009698131  -0.0020048100
        0.0019065223  -0.0004040699   0.0006279540  -0.0014827940   0.0002900324
        0.0001528678   0.0000531108  -0.0000111512   0.0001094643  -0.0000310195
        0.0239019889  -0.0234320323  -0.0171446915   0.0003604357   0.0011286095
        0.0002969381  -0.0003981001   0.0006279823  -0.0000284752  -0.0003492357
        0.0007113338  -0.0010292000   0.0000447225   0.0000590283   0.0000579186
        0.0000246470   0.0000072349   0.0000078842   0.0000167200   0.0000218113
        0.0000256754  -0.0000318886   0.0002176698   0.0000942074  -0.0000033081
        0.0000137819   0.0000079697   0.0000050060  -0.0000029102  -0.0000005221
        0.0000046150   0.0000129599   0.0000058925  -0.0000100991   0.0000205696
       -0.0000282147  -0.0000033421   0.0000025977  -0.0000153872  -0.0151776249
        0.1266370341   0.1447888611   0.0002931652   0.0008813179   0.0001276097
        0.0001886813   0.0003625995   0.0003455179  -0.0003106102  -0.0002202591
       -0.0000339295  -0.0000244174  -0.0000109668   0.0000291453   0.0000223785
       -0.0000192160   0.0000327293  -0.0000054813   0.0000297023   0.0000055311
        0.0000361959  -0.0000059564   0.0000143180   0.0000021621   0.0000129514
        0.0000037736  -0.0000187875   0.0000054231  -0.0000032198  -0.0005143508
       -0.0015984767  -0.0002390875  -0.0001262536  -0.0001449404  -0.0001790617
       -0.0000670588  -0.0001141160   0.0001868340   0.0001284404  -0.0000216965
        0.0000109980   0.0000385431  -0.0000690158   0.0000676364   0.0000157584
       -0.0000325918   0.0000484218   0.0000662833   0.0000161327  -0.0000206639
       -0.0000248317  -0.0000010713   0.0000184666   0.0000376355  -0.0000176021
        0.0000748919  -0.0000964194  -0.0000812747  -0.0001805664   0.0000157984
        0.0000667260   0.0001030988  -0.0000253947   0.0000284177   0.0000115811
        0.0000037002   0.0000015890  -0.0000057757  -0.0000049508  -0.0000137026
       -0.0000118443  -0.0000178618  -0.0000145112   0.0000257511   0.0000078682
       -0.0000035227  -0.0000100505  -0.0000031570   0.0000002254  -0.0000009295
       -0.0000008693  -0.0000024632   0.0000064515   0.0000007707   0.0000035951
       -0.0000029836
        0.0002170370  -0.0001772450   0.0000377044  -0.0000813694  -0.0001305791
        0.0000988396   0.0002067460   0.0002840403  -0.0000410330  -0.0000492063
        0.0000160146  -0.0000807808  -0.0000088673  -0.0000985304  -0.0001078597
        0.0001651737   0.0001691146  -0.0000093422   0.0000735888   0.0002702782
       -0.0002512232  -0.0000435599  -0.0000235505   0.0000073011  -0.0000813536
        0.0000165610   0.0000191208  -0.0192680007   0.0076793534   0.0138911166
       -0.1955967640   0.0539774923   0.1144635136  -0.0007505525   0.0022787767
        0.0022733680   0.0009460841  -0.0000228757  -0.0022961393   0.0001199482
        0.0000656706   0.0001333592  -0.0000424960   0.0000114454  -0.0000304320
       -0.0067418289  -0.0042793267   0.0007361739  -0.0001508421  -0.0003233180
        0.0000402382  -0.0001291303   0.0001085369  -0.0001058488  -0.0000768531
       -0.0000015822   0.0000935633  -0.0000751262  -0.0000175809  -0.0000208762
       -0.0000266984  -0.0000292073   0.0000180092  -0.0000368884  -0.0000182517
        0.0000470059  -0.0000219027  -0.0001190404  -0.0000034137  -0.0000102235
        0.0000026224   0.0000056417   0.0000030334  -0.0000067331   0.0000006919
        0.0000144075  -0.0000227625  -0.0000164206  -0.0000616599   0.0001243366
        0.0000422549   0.0000092522  -0.0000155890   0.0000129675   0.0001504786
        0.0007154475   0.0002931652   0.2196074207  -0.0579111841  -0.1315686638
        0.0016309626  -0.0026660747   0.0025158995  -0.0003131330  -0.0002546043
       -0.0002126334   0.0002124494   0.0000505010  -0.0001396510  -0.0000062666
        0.0001023234  -0.0000523006  -0.0000399432  -0.0000818349  -0.0000073830
       -0.0000039932   0.0000184018   0.0000083160  -0.0000256837  -0.0000094203
       -0.0000209883   0.0000133633  -0.0000167099  -0.0000039700   0.0002659942
        0.0003990496  -0.0000574152   0.0000092182   0.0000677275   0.0000095171
        0.0000093268  -0.0001082572   0.0001087265   0.0001100598  -0.0000084447
       -0.0001462983   0.0000348323   0.0000962025  -0.0000602536   0.0000134026
        0.0000967692  -0.0002227230   0.0000240550  -0.0000119117   0.0000124041
       -0.0000031488   0.0000181057  -0.0000098226  -0.0003796821  -0.0002638825
        0.0000275680  -0.0000258696  -0.0001557250   0.0002549356  -0.0000308487
       -0.0000741690  -0.0001354341   0.0000962377   0.0001811532   0.0003987796
        0.0000045126   0.0001260311   0.0000350618   0.0001480997  -0.0000265921
        0.0000109672  -0.0000033009   0.0000001699   0.0000044936   0.0000031693
        0.0000003104   0.0000014489  -0.0000010745  -0.0000038470  -0.0000013777
       -0.0000009821  -0.0000004335  -0.0000002390  -0.0000016040   0.0000028277
        0.0000003705
        0.0002142877  -0.0000088347   0.0001345457  -0.0001582371  -0.0003788465
        0.0007410264   0.0000986388  -0.0000000535   0.0001459777  -0.0000255820
       -0.0000192549  -0.0000112238   0.0000586691   0.0000818131   0.0000375515
        0.0001428957   0.0000006179   0.0000134098   0.0001739707  -0.0002758943
        0.0001276623  -0.0000314101  -0.0000239376   0.0000003540  -0.0000640152
        0.0000144761  -0.0000184408  -0.0100915460   0.0040954274   0.0069487588
        0.0547081465  -0.0605551185  -0.0457782009   0.0197883431  -0.0098974352
       -0.0170170405   0.0023599764  -0.0007478816   0.0018309641  -0.0003275156
       -0.0002935105  -0.0001459880  -0.0000188924  -0.0000972733   0.0000144755
       -0.0048401946  -0.0005657123  -0.0001399741  -0.0000129510  -0.0000400708
        0.0000989147   0.0000127750  -0.0001097608  -0.0001323672  -0.0000742673
        0.0000074520   0.0000132848   0.0000178468  -0.0001172229  -0.0000187743
       -0.0000104286  -0.0000423099  -0.0000364896  -0.0000082081  -0.0000079994
       -0.0000441693  -0.0000708472  -0.0001167682  -0.0000840690   0.0000129298
       -0.0000134145  -0.0000022151  -0.0000186957  -0.0000221144   0.0000055640
       -0.0000376973  -0.0000202328  -0.0000298433   0.0000519098   0.0000736654
       -0.0000036182  -0.0000842557  -0.0000079525  -0.0000183720  -0.0007158636
        0.0001872922   0.0008813179  -0.0579111841   0.0678050245   0.0596504494
       -0.0026855610   0.0006735077  -0.0077200020   0.0002238611   0.0004199050
        0.0004672500  -0.0008037440  -0.0002755064   0.0000291946   0.0000986197
       -0.0000827775   0.0000589687  -0.0000873700   0.0002195229   0.0000939169
       -0.0000152044   0.0000080771   0.0000062923   0.0000244406   0.0000205538
        0.0000236945  -0.0000856992  -0.0000348625   0.0000123860   0.0000648872
        0.0000574306  -0.0000660848  -0.0000032303   0.0000098461  -0.0000124258
        0.0000993693   0.0001362898   0.0000413469  -0.0001524915  -0.0001557369
       -0.0000805297  -0.0000007970   0.0000007805  -0.0000557969   0.0001750617
       -0.0000179528   0.0000506708  -0.0000598526   0.0000374515  -0.0000178547
        0.0000714371  -0.0000552251   0.0000125989   0.0002490901   0.0000891333
       -0.0000552065  -0.0005846525   0.0001615390  -0.0001930885   0.0001950980
       -0.0001525527  -0.0000081890   0.0000678500   0.0004592526   0.0000123869
        0.0000840183  -0.0000707579  -0.0000615550  -0.0000423876  -0.0003176244
        0.0002681113   0.0000312670  -0.0000167589   0.0000335012  -0.0000118654
       -0.0000176248  -0.0000036986   0.0000017673   0.0000011478   0.0000011395
        0.0000005897   0.0000003012   0.0000004970   0.0000069003  -0.0000015285
       -0.0000009942
       -0.0004559693   0.0001015821  -0.0000941182   0.0005255810   0.0008236562
       -0.0006339377  -0.0000346757  -0.0002240694  -0.0005567247  -0.0000798290
       -0.0001581861  -0.0001109704  -0.0002282664   0.0000030043   0.0000869353
       -0.0002057722   0.0000353442   0.0001481683  -0.0000287713   0.0002475617
        0.0003357910  -0.0000149961   0.0000178880  -0.0000217370  -0.0001098629
        0.0000122505  -0.0000377758   0.0011242002  -0.0013715885  -0.0003892905
        0.1139993424  -0.0445472347  -0.1183366709   0.0160393878  -0.0101001090
       -0.0145255962  -0.0000760941   0.0029589922  -0.0018179790   0.0004191753
        0.0003764955   0.0000651075  -0.0000504860   0.0002321201  -0.0000423539
       -0.0001135177  -0.0003072621   0.0020588635  -0.0000076868   0.0000807211
        0.0000414019   0.0000986217  -0.0000617689  -0.0000286203  -0.0000134053
       -0.0000154425  -0.0000370390   0.0000240501   0.0000160343   0.0000565057
        0.0000452215   0.0000204923   0.0000070142   0.0000562081  -0.0000175786
       -0.0000453083  -0.0000071961  -0.0000202073  -0.0000329809   0.0000265675
       -0.0000019624  -0.0000016646   0.0000279389   0.0000076513   0.0000025992
       -0.0000330859  -0.0000437794  -0.0000215146  -0.0000828300  -0.0000013951
        0.0001590834  -0.0000292791  -0.0000201192   0.0000051757  -0.0009376878
        0.0003022722   0.0001276097  -0.1315686638   0.0596504494   0.1294343721
        0.0022796746  -0.0077878078   0.0042998662  -0.0000855131  -0.0001420351
        0.0000168741  -0.0009670784  -0.0002494282   0.0000651031   0.0000342303
       -0.0000560950   0.0000568747  -0.0000707513   0.0002458007   0.0000418046
        0.0000587454   0.0000727159   0.0000104740   0.0000104283   0.0000027113
       -0.0000116877  -0.0000822158  -0.0000242688   0.0000331898  -0.0000025108
       -0.0000708150  -0.0000161892  -0.0000168720  -0.0000333213  -0.0000113667
       -0.0001201252   0.0001337002   0.0000592384  -0.0000454519  -0.0001156993
        0.0000131637   0.0000389272  -0.0000340475   0.0000150596   0.0001714612
        0.0001770671  -0.0002514284  -0.0001147572  -0.0000557485   0.0000085165
        0.0000788569   0.0000099676  -0.0000146135   0.0002024619   0.0003211462
       -0.0002116712  -0.0000520972  -0.0003346627   0.0005144200   0.0000122686
        0.0000953981  -0.0001477474   0.0003741707  -0.0002359639  -0.0001428141
       -0.0000403886  -0.0001433770  -0.0000837556  -0.0000332609   0.0001790487
       -0.0000114093   0.0000542518   0.0000432427  -0.0000212883  -0.0000117758
       -0.0000011063   0.0000027268   0.0000092749   0.0000055868  -0.0000008226
        0.0000086058   0.0000035147  -0.0000068301   0.0000012216  -0.0000013353
       -0.0000000328
        0.0002128106  -0.0001779020   0.0001712954  -0.0003367784   0.0000096260
        0.0000123465  -0.0000355678   0.0000807732   0.0002259966  -0.0000760625
       -0.0000415773  -0.0000602102   0.0000299228  -0.0000584659  -0.0000525318
        0.0000552418   0.0000171386  -0.0000126461  -0.0000225759  -0.0000219894
       -0.0000683310   0.0000098339   0.0000091447  -0.0000230286   0.0000415611
       -0.0000511052   0.0000318310   0.0004972089   0.0009665547  -0.0018758353
       -0.0003584602   0.0021278231   0.0024088123  -0.1999837468   0.0525037435
        0.1128962354  -0.0217950865   0.0041194490   0.0129567723  -0.0000430452
        0.0004202817   0.0002049597   0.0001888279  -0.0001506212  -0.0000192578
        0.0002462895  -0.0001616911   0.0000960699  -0.0000429532  -0.0000154887
       -0.0000167161   0.0000685461   0.0001255150  -0.0000631271  -0.0000024949
       -0.0000320945  -0.0000207600  -0.0000648011   0.0000999190  -0.0001643193
        0.0000119268   0.0000125523   0.0000493799   0.0000124814  -0.0000198840
       -0.0000100821   0.0000121952  -0.0000168521  -0.0000131897   0.0000106671
        0.0000011442   0.0000000762   0.0000109998  -0.0000005132  -0.0000030289
        0.0000520927   0.0000089250   0.0000395204   0.0000299453  -0.0000315731
       -0.0000182134   0.0000723298   0.0000143989   0.0000002872  -0.0002213300
       -0.0000350704   0.0001886813   0.0016309626  -0.0026855610   0.0022796746
        0.2227128153  -0.0537792509  -0.1295222286   0.0006139391   0.0004884777
        0.0003625930  -0.0037917986  -0.0030580680   0.0001111954  -0.0000931562
        0.0000617837  -0.0000190401   0.0002188626  -0.0005210494  -0.0001637115
        0.0000900856  -0.0000520857  -0.0000034458  -0.0000006841   0.0000540985
        0.0000123858   0.0001963038   0.0000910876  -0.0000879073   0.0000505560
       -0.0000258750   0.0000176514  -0.0000106142  -0.0000082030   0.0000001542
       -0.0001749253  -0.0000207777   0.0000663204   0.0001638021  -0.0002289715
        0.0001318643   0.0000229759   0.0000053392  -0.0000296222  -0.0001208498
        0.0000669228   0.0000089021   0.0001126352  -0.0000720519   0.0000044739
       -0.0000956098   0.0000654747  -0.0000066406  -0.0000129994   0.0000369878
        0.0000556582   0.0001748650  -0.0002936063  -0.0001399152  -0.0001670978
        0.0001471267   0.0001689795  -0.0000071792  -0.0000551301  -0.0000303674
       -0.0000120974   0.0000022705   0.0000070169  -0.0000398526   0.0000369386
       -0.0000740637  -0.0000432288   0.0000326002  -0.0000109785   0.0000094867
        0.0000124198   0.0000015438  -0.0000015838  -0.0000080807  -0.0000011225
        0.0000012922  -0.0000037419   0.0000002433  -0.0000068835   0.0000087645
       -0.0000005995
       -0.0003694897   0.0001424296  -0.0001154376   0.0003591466   0.0000940452
       -0.0000555020  -0.0001166948  -0.0000690390  -0.0001665593   0.0000598354
       -0.0000145931  -0.0000266047  -0.0000549643   0.0000565841   0.0000683334
       -0.0001072067  -0.0000449318   0.0000115464  -0.0000101337  -0.0000433584
        0.0000799265   0.0000072638   0.0000141586   0.0000137534  -0.0000283797
       -0.0000072255  -0.0000257215   0.0026699021  -0.0022533099   0.0015416553
        0.0197919620  -0.0083874718  -0.0168739618   0.0504158558  -0.0583686673
       -0.0393572983  -0.0121101192   0.0043548068   0.0074293067  -0.0003282409
        0.0009293101  -0.0002473376  -0.0000018591  -0.0001032106  -0.0000842799
       -0.0005120206   0.0012626657   0.0005654591   0.0001331992   0.0002574287
        0.0000690376   0.0001535849  -0.0003222944   0.0000404934   0.0000240887
        0.0000343655   0.0000260006   0.0001280096  -0.0000211067   0.0000988370
       -0.0000185597   0.0000036463   0.0000064240  -0.0000272412   0.0000164919
        0.0000102992   0.0000071780   0.0000503705   0.0000182670  -0.0000119407
        0.0000065631  -0.0000007800  -0.0000008146  -0.0000030759   0.0000077587
        0.0000250694   0.0000008171   0.0000188425  -0.0000346026   0.0000408833
       -0.0000101664  -0.0000125603   0.0000037232  -0.0000151488   0.0000255729
        0.0006338731   0.0003625995  -0.0026660747   0.0006735077  -0.0077878078
       -0.0537792509   0.0625475186   0.0548623272  -0.0002023904   0.0004058347
        0.0002621945  -0.0029462290  -0.0010380544  -0.0007338271   0.0000754111
        0.0000010525  -0.0001253907  -0.0000216780  -0.0003720794   0.0000369485
        0.0000156454  -0.0000026557   0.0000097786  -0.0000075872   0.0000285133
        0.0000309476   0.0000919722  -0.0000296663  -0.0000528065  -0.0001923449
       -0.0002548706  -0.0000379929   0.0000121460  -0.0000344946  -0.0000248422
        0.0001941289   0.0002331982  -0.0001131254  -0.0006325807  -0.0003592329
        0.0002077701  -0.0000307812  -0.0000269116   0.0000427361   0.0000577565
       -0.0000398018   0.0000232346  -0.0000042726   0.0000160201  -0.0000055739
        0.0000083852  -0.0000118069   0.0000079260   0.0000955363   0.0000009678
        0.0000052997  -0.0001139197  -0.0000467197  -0.0001813919   0.0000197616
        0.0000223477   0.0001075563  -0.0000545770   0.0000714985   0.0000561098
        0.0000244946   0.0000163778  -0.0000082131  -0.0000011550  -0.0000530143
        0.0000136472   0.0000075563  -0.0000086542   0.0000180509  -0.0000047396
       -0.0000008141  -0.0000040436  -0.0000005808   0.0000010643   0.0000017033
       -0.0000005013  -0.0000021608  -0.0000000663   0.0000000282  -0.0000008425
       -0.0000008912
       -0.0002579604   0.0004665610  -0.0002980818   0.0003824272   0.0000056910
       -0.0000507641   0.0000261003  -0.0001397648  -0.0001410086   0.0000226911
       -0.0000222307  -0.0000141415  -0.0000710559  -0.0000076538   0.0000121111
       -0.0000588374  -0.0000030877   0.0000508270  -0.0000329029   0.0000295880
        0.0000746436  -0.0000049510   0.0000037060   0.0000125333  -0.0000327920
        0.0000068394  -0.0000270821   0.0004538764   0.0017827934  -0.0033746212
        0.0167576575  -0.0100379598  -0.0137355555   0.1114531520  -0.0388669023
       -0.1164822849   0.0004835732  -0.0004246165   0.0012348396  -0.0005246083
       -0.0003916144   0.0004636449  -0.0000270543  -0.0001536866   0.0000359449
       -0.0009155121   0.0006703768   0.0014442856   0.0000034600   0.0000763275
        0.0000059282  -0.0000530309  -0.0000626156   0.0001631876  -0.0000142863
        0.0000343845  -0.0000535456  -0.0000836649   0.0001085611   0.0001521069
        0.0000086497   0.0000241270   0.0000070093  -0.0000091806   0.0000093243
       -0.0000014150   0.0000005183   0.0000318338  -0.0000000132  -0.0000085734
        0.0000022127  -0.0000020362   0.0000086677   0.0000008280   0.0000144472
        0.0000044226  -0.0000044062  -0.0000058434  -0.0000595313   0.0000428498
        0.0000159495  -0.0000297117  -0.0000120521  -0.0000133504   0.0001699567
        0.0003176496   0.0003455179   0.0025158995  -0.0077200020   0.0042998662
       -0.1295222286   0.0548623272   0.1236262581  -0.0003291664   0.0000594857
        0.0005691257  -0.0002835518  -0.0007552726   0.0014918457   0.0000754784
       -0.0000572213  -0.0001005880  -0.0000232609   0.0003155573   0.0000824844
       -0.0000230288  -0.0000295441  -0.0000197125  -0.0000220749  -0.0000058227
        0.0000170761  -0.0000278005  -0.0000330122  -0.0000091948  -0.0000346796
       -0.0001037925   0.0000119756   0.0000153358  -0.0000205766  -0.0000034565
        0.0000317945   0.0000091722  -0.0002346650   0.0000202165   0.0000769076
        0.0003495428  -0.0000726903  -0.0000860492   0.0000480728   0.0000767192
        0.0000386992  -0.0000442342  -0.0000734652  -0.0000080401   0.0000088029
        0.0000468534  -0.0000126637   0.0000018656   0.0000793728  -0.0000312532
       -0.0000325972  -0.0001129413  -0.0001345410  -0.0000235838   0.0000522666
        0.0000821001   0.0000355172  -0.0000270856   0.0000789592   0.0000666028
        0.0000202719   0.0000074877  -0.0000094574  -0.0000018314  -0.0000329673
        0.0000291425   0.0000342308   0.0000157036   0.0000118149  -0.0000122474
       -0.0000051529  -0.0000041466   0.0000038959   0.0000061543   0.0000026754
        0.0000016717   0.0000008530  -0.0000040514   0.0000005462  -0.0000045594
       -0.0000002143
        0.0002797351  -0.0004380933   0.0004038297  -0.0005390360  -0.0000528454
        0.0000044661   0.0001606685  -0.0000507437  -0.0002444866   0.0001468732
        0.0001513832   0.0001559261  -0.0000509102  -0.0000261778   0.0000369767
       -0.0000545561  -0.0000112978  -0.0000287100   0.0000844722  -0.0000287491
       -0.0000294290  -0.0000089045   0.0000205717   0.0000114087   0.0000638383
        0.0000370605   0.0000163069   0.0015647923  -0.0008616898   0.0005862857
       -0.0035328527  -0.0025955718  -0.0004370743  -0.0092304471  -0.0057074165
       -0.0250853028  -0.0577633755  -0.0030378869  -0.0524593705  -0.0005805164
        0.0023982287  -0.0073645563   0.0003872851  -0.0002625296   0.0008212996
       -0.0002394423   0.0000963381   0.0001659694  -0.0000595201  -0.0000395359
        0.0000919532   0.0000463146  -0.0000909618  -0.0001620996   0.0000203463
        0.0000891313   0.0000164836  -0.0000230888  -0.0001473084   0.0001304949
       -0.0000681259   0.0001193963  -0.0000973438  -0.0000052612  -0.0000119145
       -0.0000201235  -0.0000147315   0.0000273104   0.0000267712  -0.0000069445
       -0.0000206040  -0.0000073931  -0.0000149501   0.0000166044  -0.0000123050
       -0.0000299715   0.0000127571   0.0000797638   0.0000054321  -0.0000238537
       -0.0000251675   0.0000271569   0.0000021670   0.0000321632  -0.0002564671
        0.0001018231  -0.0003106102  -0.0003131330   0.0002238611  -0.0000855131
        0.0006139391  -0.0002023904  -0.0003291664   0.0649325042   0.0059838339
        0.0624384981   0.0043208973   0.0033314303   0.0232258698   0.0002651060
        0.0011447087  -0.0008244704  -0.0000449025  -0.0000592970  -0.0006137044
       -0.0001031687  -0.0000486505  -0.0000014394   0.0001466970  -0.0001977255
       -0.0000694043  -0.0000973742   0.0000830953   0.0001126542   0.0001088194
        0.0000728303  -0.0000647582   0.0000134073   0.0000151676  -0.0000208761
       -0.0000160081   0.0000981392   0.0002312184  -0.0000299162  -0.0000815543
       -0.0002145189   0.0000446873   0.0000298942  -0.0000599475  -0.0000746660
       -0.0000145713   0.0000564948  -0.0000215927  -0.0000686115   0.0000190099
        0.0000112456   0.0000190992  -0.0000107096  -0.0000273016   0.0000044402
        0.0000528629   0.0001979967  -0.0001895065  -0.0001240776  -0.0001197226
        0.0001601836   0.0001153991  -0.0000307970  -0.0000394656  -0.0000263119
       -0.0000205970   0.0000113806   0.0000186326  -0.0000551625   0.0000333971
       -0.0000808173  -0.0000032036   0.0000201347  -0.0000494028  -0.0000095146
        0.0000054951   0.0000142088   0.0000006855  -0.0000011009   0.0000030865
        0.0000051343   0.0000002104  -0.0000092180  -0.0000018725  -0.0000000195
        0.0000002741
        0.0001865924  -0.0001342236   0.0001491940  -0.0004093916  -0.0000541692
       -0.0000726201   0.0000996219  -0.0001244240  -0.0002742743  -0.0000496544
       -0.0000664694  -0.0001497620   0.0001580208  -0.0000002779  -0.0000442706
       -0.0000441153   0.0000224895   0.0000636568   0.0000543207   0.0000234130
        0.0000451354  -0.0000192558   0.0000023302   0.0000317626  -0.0000328499
        0.0000059814  -0.0000185928  -0.0002079380  -0.0013669871   0.0009095877
       -0.0020189012  -0.0006350634   0.0007334909  -0.0096808023  -0.0060366485
       -0.0182113203  -0.0018174546  -0.0359406267  -0.0225304237   0.0074637381
       -0.0034571242   0.0285162432   0.0007226132   0.0010049416   0.0005207819
        0.0003719423   0.0000136849  -0.0002680813   0.0000382842   0.0000361987
        0.0000068574  -0.0000684583  -0.0000360538  -0.0000141709   0.0000296910
        0.0000616056   0.0000122559  -0.0002812170  -0.0001929940   0.0002426873
        0.0002943490   0.0000413900   0.0001505290  -0.0000106389   0.0000460636
        0.0000442058  -0.0000064051   0.0000533949   0.0000513967  -0.0000360855
        0.0000052652   0.0000182194   0.0000181244  -0.0000074476   0.0000164485
        0.0000448831   0.0000594712  -0.0000451219   0.0000151318   0.0000244549
       -0.0000234763  -0.0000342468   0.0000209406   0.0000047105  -0.0002072827
        0.0000673207  -0.0002202591  -0.0002546043   0.0004199050  -0.0001420351
        0.0004884777   0.0004058347   0.0000594857   0.0059838339   0.0511587773
        0.0211940283  -0.0015295229  -0.0009051772  -0.0136930893   0.0011104638
       -0.0052390984   0.0031211563  -0.0001399146   0.0010273513   0.0004293557
        0.0001077643   0.0002538468  -0.0001371529  -0.0003387050  -0.0003635303
       -0.0003222867  -0.0000605853  -0.0000924506  -0.0000786746  -0.0000481303
       -0.0000444718   0.0000012399  -0.0000012546  -0.0000002388  -0.0000008103
        0.0000890604  -0.0000122201  -0.0000050346  -0.0000494396   0.0000143355
       -0.0000320448  -0.0000052015   0.0000214410   0.0000065933   0.0000289054
       -0.0001289656   0.0000450330   0.0000399336   0.0001173252  -0.0000171672
       -0.0000083953  -0.0000566671   0.0000199960   0.0000301195  -0.0000090405
       -0.0000290876  -0.0000970473   0.0003718840  -0.0000124434   0.0000705362
       -0.0002628240  -0.0001449484  -0.0000048948   0.0000443968   0.0000059941
        0.0000175022  -0.0000104977  -0.0000042089   0.0000331713  -0.0000662499
        0.0000598587  -0.0000242855  -0.0000623138   0.0000245852  -0.0000009294
       -0.0000109719   0.0000040604  -0.0000093803  -0.0000036825  -0.0000004456
       -0.0000058310  -0.0000020001   0.0000048838   0.0000057379  -0.0000011339
       -0.0000016306
        0.0003103585  -0.0001018244   0.0001951055  -0.0003805508  -0.0001330856
       -0.0000490181  -0.0000980827   0.0001052461  -0.0001001327   0.0001149429
       -0.0000205741  -0.0001868200   0.0000605657  -0.0000128018   0.0000043598
       -0.0001044366  -0.0000361893  -0.0000107617   0.0001277725  -0.0000153570
       -0.0000208442   0.0000139594   0.0000039137   0.0000409867   0.0000085824
       -0.0001095674  -0.0001092705   0.0000737265  -0.0001867192   0.0002012368
       -0.0011624908   0.0003909633   0.0003847419  -0.0050343462  -0.0048881515
       -0.0060850855  -0.0497709986  -0.0204938419  -0.2555786121  -0.0049324040
        0.0048549248  -0.0161711773  -0.0000060568  -0.0008519903   0.0006390175
        0.0000306884  -0.0000351631   0.0000196756  -0.0000062353  -0.0000144869
        0.0000560244  -0.0000255302  -0.0000229530  -0.0000362139   0.0000237363
        0.0000757197  -0.0000144303  -0.0000593753   0.0001014313   0.0001491378
        0.0000646765   0.0000983777   0.0001511924  -0.0000099669   0.0000382903
        0.0000273303   0.0000067602   0.0000432071   0.0000306211  -0.0000329001
        0.0000428628   0.0000080286   0.0000200545  -0.0000094387   0.0000323233
        0.0001172211   0.0000160813  -0.0000149689  -0.0000048871   0.0000649917
       -0.0000112874  -0.0000347727  -0.0000017672  -0.0000806953  -0.0000340548
        0.0000300893  -0.0000339295  -0.0002126334   0.0004672500   0.0000168741
        0.0003625930   0.0002621945   0.0005691257   0.0624384981   0.0211940283
        0.2957313300  -0.0014943804  -0.0037012699  -0.0205625753  -0.0009304635
        0.0032449458  -0.0005025068   0.0001499169  -0.0005666656   0.0008109784
       -0.0000223040  -0.0003855524   0.0002160905   0.0003553739   0.0005017978
        0.0004706653   0.0000044077  -0.0000399673  -0.0002998023   0.0000262545
        0.0000400414  -0.0000475712   0.0000060593   0.0000058334  -0.0000169299
        0.0000354587   0.0000045202   0.0000571178  -0.0000393108  -0.0000172579
       -0.0000702355   0.0000013510   0.0000143370  -0.0000171066   0.0000466936
       -0.0000629803   0.0001071502   0.0000038141   0.0000211537  -0.0000006196
       -0.0000359341   0.0000006592   0.0000212479   0.0000885991   0.0000114635
        0.0000289672  -0.0002674190   0.0001427637  -0.0004109313   0.0001262036
       -0.0001084149   0.0002096462   0.0000250644   0.0000850903   0.0000322260
        0.0000280682   0.0000011063   0.0000223623   0.0000243859  -0.0000538383
        0.0001290093   0.0000196128   0.0000125176   0.0000824605  -0.0000022952
       -0.0000054765  -0.0000279453  -0.0000012288   0.0000055425   0.0000044845
       -0.0000070529  -0.0000022525   0.0000090339  -0.0000052888  -0.0000037571
        0.0000009197
        0.0002842505  -0.0000680045   0.0000459627  -0.0004456730  -0.0002097830
       -0.0000081781  -0.0000244487   0.0000973771   0.0000593876   0.0001152450
        0.0000825173  -0.0000040161   0.0001629285   0.0000372118  -0.0000612609
        0.0000421242  -0.0000120220  -0.0000322167   0.0000385318  -0.0000203200
       -0.0000904116   0.0000045096  -0.0000225121  -0.0000161881  -0.0000753586
        0.0002051740   0.0000589432  -0.0004801978   0.0003702134   0.0005055081
        0.0010862860   0.0019607859   0.0009754861  -0.0277291736   0.0065632280
        0.0145102943  -0.1782741431   0.0726415431   0.0886866909  -0.0062070975
        0.0068839365   0.0029933999   0.0008731808  -0.0010542960  -0.0000849203
        0.0007215881  -0.0002320409  -0.0004635259   0.0000134701  -0.0000397337
       -0.0000590505  -0.0000869946   0.0001071714   0.0000318425   0.0000050788
        0.0000337623  -0.0000057548  -0.0001035979   0.0000088084   0.0000214959
        0.0000388487   0.0000105873  -0.0000362313  -0.0000087509   0.0000116741
        0.0000252275  -0.0000105678   0.0000035652   0.0000278287  -0.0000247347
       -0.0000247781   0.0000393217  -0.0000251856  -0.0000223148  -0.0000203408
       -0.0001379052  -0.0000276462  -0.0002363829   0.0000796162  -0.0000599657
       -0.0000034756  -0.0000472135  -0.0000517091   0.0000225791   0.0002001005
        0.0000672456  -0.0000244174   0.0002124494  -0.0008037440  -0.0009670784
       -0.0037917986  -0.0029462290  -0.0002835518   0.0043208973  -0.0015295229
       -0.0014943804   0.2101849976  -0.0830014658  -0.1044076946  -0.0000849688
       -0.0001536747   0.0000724119  -0.0000496380   0.0013997658  -0.0007366802
       -0.0000898397  -0.0002581039   0.0000258173  -0.0000755295   0.0000637729
       -0.0000130219   0.0003542980  -0.0002324539   0.0000095483  -0.0000206216
        0.0000220194   0.0000367360  -0.0000008143   0.0000203797   0.0000052344
        0.0000324306  -0.0001321698  -0.0000561246   0.0000789601   0.0001098050
        0.0000476404  -0.0000185125   0.0000202126   0.0000141486  -0.0002779189
        0.0001533745   0.0000923557   0.0000603418   0.0000153151  -0.0000553644
        0.0000324807  -0.0000154921  -0.0000003200  -0.0001179372  -0.0000200344
        0.0001254588   0.0003770805   0.0008610747   0.0009782947  -0.0010029246
       -0.0007220451   0.0000424785   0.0000153169  -0.0001220204  -0.0001092933
       -0.0001859526   0.0000050102   0.0000094240   0.0000651148   0.0000791932
       -0.0002175894  -0.0000236964  -0.0000400391   0.0000200875   0.0000131892
       -0.0000174417   0.0000067584  -0.0000027412  -0.0000033463  -0.0000060896
        0.0000002229   0.0000011562   0.0000077123   0.0000103984   0.0000070285
       -0.0000045159
        0.0000005101   0.0000405778  -0.0000147826  -0.0001348014  -0.0000279539
       -0.0000148488  -0.0001755104  -0.0000615844   0.0001082721   0.0001367087
        0.0000243915   0.0001249476   0.0001746415  -0.0000528298  -0.0000429044
       -0.0000027025  -0.0000615777  -0.0000610574  -0.0000178164  -0.0000280394
       -0.0000701343   0.0000450947  -0.0000407860   0.0000156110   0.0001690072
        0.0000441143   0.0000049040  -0.0000874946  -0.0000485222   0.0001299499
       -0.0011241109   0.0008608186   0.0017217117  -0.0133961656   0.0054872566
        0.0073595118   0.0729772175  -0.0801598119  -0.0494594480   0.0218452509
       -0.0175579676  -0.0121782906   0.0010067561   0.0006858255  -0.0003927858
        0.0001286127  -0.0000847355  -0.0001276643   0.0000112788   0.0000117112
       -0.0000056896   0.0000094802   0.0000211151  -0.0000259302   0.0000128392
       -0.0000024421  -0.0000060099  -0.0000102291   0.0000379344  -0.0000273607
        0.0000025253   0.0000599763  -0.0000040252   0.0000010181   0.0000226947
        0.0000025616  -0.0000019637   0.0000154528   0.0000001988  -0.0000176990
       -0.0000320624  -0.0000076032  -0.0000189182   0.0000028208   0.0000119272
       -0.0000441210   0.0001701037  -0.0000272826   0.0001247961  -0.0001326981
       -0.0000949613  -0.0001980428   0.0000451926   0.0000174043   0.0000263158
        0.0000673972  -0.0000109668   0.0000505010  -0.0002755064  -0.0002494282
       -0.0030580680  -0.0010380544  -0.0007552726   0.0033314303  -0.0009051772
       -0.0037012699  -0.0830014658   0.0977491830   0.0559390989  -0.0000584138
        0.0008657139  -0.0005120080   0.0016136649  -0.0057891602   0.0023182801
       -0.0000675812   0.0004631590  -0.0000476270   0.0000024115  -0.0000811212
       -0.0000763277  -0.0008213772  -0.0005721041   0.0004839752  -0.0000108224
       -0.0000187088   0.0000114636  -0.0000018685  -0.0000013205   0.0000021242
       -0.0000025519   0.0000259949   0.0000033647   0.0000302049  -0.0000050812
        0.0000003425  -0.0000104070  -0.0000173901  -0.0000103789   0.0001029431
       -0.0008705846   0.0003648193  -0.0001327917   0.0001735851  -0.0000105462
        0.0000973486  -0.0001437743   0.0000252257  -0.0001030344  -0.0000727370
       -0.0002285434  -0.0001675947   0.0022106089   0.0002288984   0.0007487838
       -0.0006882857  -0.0007993678  -0.0000810506  -0.0001694316  -0.0001316490
        0.0000343783  -0.0000732638   0.0000124358   0.0000332105   0.0000373192
        0.0001932978   0.0000358672  -0.0000736744  -0.0000002449  -0.0000204604
       -0.0000338689   0.0000174763  -0.0000045949   0.0000019388  -0.0000002180
       -0.0000013879   0.0000041852  -0.0000015085   0.0000202491  -0.0000088154
       -0.0000016666
       -0.0003038518   0.0000233823  -0.0000807644   0.0003388241   0.0001412857
        0.0000602213   0.0002251462  -0.0000471880  -0.0001004431  -0.0000277801
        0.0000828701   0.0001461517  -0.0001676688   0.0000668777   0.0001172305
        0.0000720034   0.0000633139   0.0000403061  -0.0000961273   0.0000115630
        0.0000469985  -0.0000609632   0.0000118600  -0.0000649391   0.0000130656
        0.0001938657   0.0001383764   0.0004455815  -0.0001284190  -0.0001146329
       -0.0018021600   0.0001397427   0.0001866768   0.0023347408   0.0018751020
        0.0010358613   0.0878402121  -0.0499781790  -0.1066448626  -0.0062691800
        0.0041981579   0.0052250586  -0.0003522230  -0.0000373387   0.0001839668
       -0.0003183934   0.0000691649   0.0001324952  -0.0000235906   0.0000041930
        0.0000249006   0.0000727868  -0.0000602430  -0.0000567224  -0.0000206935
       -0.0000299790   0.0000116324   0.0000424757  -0.0001137027  -0.0000433475
       -0.0000906203  -0.0000813220  -0.0002172901   0.0000006963  -0.0000503423
       -0.0000573502  -0.0000195339  -0.0000308056  -0.0000352851   0.0000407096
       -0.0000579116  -0.0000190925  -0.0000247269   0.0000238432  -0.0000444538
       -0.0002818367  -0.0000988189  -0.0000345660  -0.0000444738  -0.0000589712
        0.0000353904   0.0000489884  -0.0000157016   0.0000996439  -0.0000231881
       -0.0000238418   0.0000291453  -0.0001396510   0.0000291946   0.0000651031
        0.0001111954  -0.0007338271   0.0014918457   0.0232258698  -0.0136930893
       -0.0205625753  -0.1044076946   0.0559390989   0.1189739162  -0.0005307076
        0.0002816900   0.0006147310  -0.0006414099   0.0022443292   0.0004194371
       -0.0000920692   0.0000835540  -0.0000583200   0.0001260271  -0.0000964904
       -0.0002778685  -0.0000888300   0.0000295021   0.0003102958   0.0000346769
        0.0000035457  -0.0000115728   0.0000013232  -0.0000047638  -0.0000015851
       -0.0000542909   0.0000830686   0.0000730698  -0.0000134154  -0.0000640184
       -0.0000482840   0.0000238925  -0.0000078823  -0.0000167471   0.0000787590
        0.0001533730  -0.0001578501  -0.0001371510  -0.0001320425  -0.0000033912
        0.0001030166   0.0000146027  -0.0000232644  -0.0001007205  -0.0000775510
       -0.0002210505   0.0007924242  -0.0011145484   0.0003628169   0.0004207561
        0.0008680034  -0.0004660405  -0.0000894253  -0.0001481009  -0.0000408079
       -0.0000202501   0.0000336143   0.0000124973  -0.0001754262   0.0001537469
       -0.0003269216   0.0000088880   0.0000410762  -0.0001163392  -0.0000122905
        0.0000152793   0.0000269379   0.0000100849   0.0000009168  -0.0000007268
        0.0000172310   0.0000060399  -0.0000184262   0.0000009683  -0.0000007790
        0.0000008143
       -0.0000319140   0.0000740541  -0.0000517910   0.0000512874   0.0000101451
       -0.0000028939  -0.0000214145  -0.0000012536  -0.0000042304   0.0000125159
       -0.0000116815  -0.0000304294   0.0000164701   0.0000082863   0.0000036245
       -0.0000092988  -0.0000130030   0.0000053366   0.0000074149   0.0000017777
        0.0000079380   0.0000016791  -0.0000026753   0.0000186242  -0.0000167943
       -0.0000204732  -0.0000404748  -0.0001869988  -0.0001216003  -0.0000683762
        0.0001480022   0.0001039363   0.0000218537   0.0002122228  -0.0007671665
        0.0004588118  -0.0008456095   0.0011830738  -0.0064013940  -0.0615969422
       -0.0026482898  -0.0585506868  -0.0108965782  -0.0055305887  -0.0254663948
       -0.0000232942   0.0000325499  -0.0000019116   0.0000170319   0.0000215404
       -0.0000057314  -0.0000087153   0.0000002235   0.0000105645  -0.0000037678
       -0.0000048999  -0.0000077872  -0.0000130122   0.0000012111   0.0000087698
        0.0000078477  -0.0000045866   0.0000115122  -0.0000071913   0.0000079475
        0.0000080736   0.0000022703   0.0000034385   0.0000010614  -0.0000037930
        0.0000037742   0.0000054025   0.0000062291  -0.0000157523   0.0000152413
       -0.0000051080   0.0000024279  -0.0000046746   0.0000107933   0.0000142460
       -0.0000063370  -0.0000792140  -0.0000091575  -0.0000655576  -0.0000036335
        0.0000041789   0.0000223785  -0.0000062666   0.0000986197   0.0000342303
       -0.0000931562   0.0000754111   0.0000754784   0.0002651060   0.0011104638
       -0.0009304635  -0.0000849688  -0.0000584138  -0.0005307076   0.0716348359
        0.0063155123   0.0701817602   0.0049827527   0.0029942601   0.0230124191
        0.0006606240   0.0004385347  -0.0000622987  -0.0048355985  -0.0035511203
       -0.0011948566   0.0005023238   0.0001874570  -0.0007594084  -0.0000232284
       -0.0000265936   0.0000086206  -0.0000024468  -0.0000052279   0.0000016509
        0.0000139039   0.0000092983  -0.0000170619  -0.0000044307   0.0000001126
        0.0000183502  -0.0000098316  -0.0000090368   0.0000016462   0.0001083779
       -0.0001835503   0.0001340614  -0.0000398743  -0.0000048948  -0.0000139093
        0.0000371488  -0.0000207426   0.0000157474   0.0000377912   0.0000349233
       -0.0000167537  -0.0003817196   0.0004991991  -0.0003163561   0.0003276302
       -0.0002524189   0.0001560150   0.0000427942  -0.0000462976   0.0000111425
        0.0000397517  -0.0000360403  -0.0000118929   0.0000437721   0.0001043280
        0.0002627557   0.0000403619   0.0000159516   0.0000639487  -0.0000059449
       -0.0000123434  -0.0000197774   0.0000052220   0.0000034780  -0.0000000650
       -0.0000007704  -0.0000015020   0.0000072203   0.0000053555  -0.0000010501
       -0.0000020179
       -0.0000292642   0.0000324256  -0.0000520709   0.0000414991   0.0000212551
        0.0000103689   0.0000118780  -0.0000347605   0.0000389694  -0.0000201785
       -0.0000055097   0.0000377925  -0.0000266158  -0.0000052902  -0.0000043349
        0.0000152656  -0.0000010367  -0.0000136201  -0.0000168795   0.0000027166
       -0.0000095881   0.0000131530  -0.0000000891  -0.0000125807   0.0000098912
        0.0000095295  -0.0000029929   0.0000129464  -0.0000684122   0.0001241513
        0.0000282144   0.0000725130  -0.0002629184   0.0008581521   0.0008005170
        0.0013727597   0.0069139892  -0.0033297652   0.0277736961  -0.0021663441
       -0.0431477374  -0.0183593465  -0.0078351300  -0.0028837638  -0.0163267285
        0.0000298791   0.0000590265  -0.0000499196   0.0000022357   0.0000070816
       -0.0000179140   0.0000181111   0.0000118928   0.0000033992  -0.0000026405
       -0.0000200843   0.0000029291   0.0000418905   0.0000260071  -0.0000297815
       -0.0000486869   0.0000004876  -0.0000207943   0.0000032394  -0.0000054701
       -0.0000078457  -0.0000006133  -0.0000106875  -0.0000096761   0.0000016558
       -0.0000005372  -0.0000035078  -0.0000127146   0.0000041361  -0.0000078988
       -0.0000282271  -0.0000182664   0.0000056650  -0.0000025168  -0.0000176106
        0.0000195353   0.0000186987  -0.0000120278  -0.0000036500   0.0000427892
        0.0000194887  -0.0000192160   0.0001023234  -0.0000827775  -0.0000560950
        0.0000617837   0.0000010525  -0.0000572213   0.0011447087  -0.0052390984
        0.0032449458  -0.0001536747   0.0008657139   0.0002816900   0.0063155123
        0.0547998416   0.0183293201  -0.0021895255  -0.0008122975  -0.0149918757
       -0.0000027891   0.0001778967  -0.0005838982  -0.0037394566  -0.0015879424
       -0.0005135261   0.0006012384   0.0003456718   0.0001645302  -0.0000060350
       -0.0000085598   0.0000131445  -0.0000004933   0.0000004138   0.0000020748
       -0.0000233490   0.0000020684  -0.0000029194   0.0000183418  -0.0000038883
        0.0000138471   0.0000004476  -0.0000053305   0.0000012036  -0.0000304964
        0.0000502238  -0.0000568709   0.0000071015  -0.0000424211   0.0000005182
       -0.0000150733   0.0000262332  -0.0000056893  -0.0000627126  -0.0000496376
        0.0000342614   0.0001452473  -0.0001201307   0.0001534178  -0.0000747761
        0.0000996325   0.0000159584  -0.0000054908  -0.0000671775   0.0000002039
       -0.0000582287   0.0000423094   0.0000132955   0.0000864614   0.0000763005
       -0.0001675401  -0.0000005375   0.0000203487  -0.0000046828   0.0000055030
        0.0000051263  -0.0000050995   0.0000023315  -0.0000006743  -0.0000005737
        0.0000004663   0.0000004921   0.0000016140  -0.0000025054   0.0000005820
        0.0000010848
        0.0000565424  -0.0000474480   0.0000747072  -0.0000623710   0.0000103489
        0.0000001090   0.0000253163   0.0000235430  -0.0000284729  -0.0000196468
       -0.0000345297  -0.0000678922   0.0000213431   0.0000163354   0.0000133487
       -0.0000013123   0.0000032847   0.0000159956   0.0000128992  -0.0000148654
        0.0000036707  -0.0000175424  -0.0000108878   0.0000103268  -0.0000310200
       -0.0000273653  -0.0000271917  -0.0003228876   0.0001247474  -0.0001632284
        0.0001778658   0.0001844151   0.0002972282  -0.0002106921  -0.0004413852
       -0.0002994454  -0.0037049730   0.0043404173  -0.0142758838  -0.0586749552
       -0.0181702592  -0.2560241030  -0.0039051486  -0.0022759261  -0.0045289617
        0.0001499425  -0.0001527830   0.0000168842   0.0000139142  -0.0000076385
        0.0000421271  -0.0000197181  -0.0000078805  -0.0000180035  -0.0000008116
        0.0000135225  -0.0000085025  -0.0000406713  -0.0000315807   0.0000111281
        0.0000488666  -0.0000035370   0.0000257152  -0.0000088800   0.0000092667
        0.0000131331   0.0000061582   0.0000167904   0.0000134571  -0.0000025620
        0.0000060044   0.0000076330   0.0000143870  -0.0000129972   0.0000064480
       -0.0000058642   0.0000171203  -0.0000141161   0.0000041542   0.0000135073
       -0.0000091464  -0.0000438047  -0.0000063312  -0.0000437492  -0.0000482910
       -0.0000164668   0.0000327293  -0.0000523006   0.0000589687   0.0000568747
       -0.0000190401  -0.0001253907  -0.0001005880  -0.0008244704   0.0031211563
       -0.0005025068   0.0000724119  -0.0005120080   0.0006147310   0.0701817602
        0.0183293201   0.2953448280  -0.0023268553  -0.0039536215  -0.0225930806
        0.0003271294  -0.0001719513   0.0004110916  -0.0011437722  -0.0006924184
        0.0010964349   0.0002506034   0.0003471231   0.0004971591  -0.0000141225
        0.0000053468  -0.0000265723   0.0000029207   0.0000028825  -0.0000051677
        0.0000491125   0.0000144337   0.0000292825  -0.0000303927   0.0000049870
       -0.0000462725  -0.0000095643  -0.0000012717  -0.0000175734   0.0000706621
       -0.0000971164   0.0000869598   0.0000125867   0.0000145870  -0.0000316423
        0.0000064306  -0.0000093075   0.0000213159   0.0000918940  -0.0000027698
        0.0000136060  -0.0003210398   0.0002709095  -0.0002070762   0.0001820023
       -0.0000752589   0.0001368216  -0.0000116207   0.0000169390   0.0000088505
        0.0000111878   0.0000144392  -0.0000420037   0.0000728116  -0.0000666342
        0.0001388115   0.0000055165  -0.0000009492   0.0000515413   0.0000039820
       -0.0000077020  -0.0000186669  -0.0000000794  -0.0000009486  -0.0000018320
        0.0000002920  -0.0000031892   0.0000120269   0.0000017167   0.0000020230
       -0.0000032971
        0.0000934206  -0.0000486723   0.0000114181  -0.0000935011  -0.0000078725
        0.0000081447  -0.0000119820   0.0000442560   0.0000474356  -0.0000061765
        0.0000073110  -0.0000150066  -0.0000211480  -0.0000128951  -0.0000060639
        0.0000158897   0.0000049055  -0.0000155381   0.0000073356  -0.0000231380
       -0.0000348155   0.0000026468   0.0000114068  -0.0000135862   0.0000120217
       -0.0000353803   0.0000410775  -0.0002070063  -0.0000013335   0.0000345901
       -0.0000114308  -0.0000465403  -0.0000520423   0.0007833881  -0.0003726713
        0.0001285011  -0.0060324832   0.0063959756   0.0030022659  -0.1651683279
        0.0729352416   0.0874359774  -0.0252905143   0.0078024427   0.0144122817
        0.0001826646  -0.0000554728  -0.0001041751   0.0000222791  -0.0000041810
       -0.0000272643  -0.0000391492   0.0000400684   0.0000348917  -0.0000058377
       -0.0000028603  -0.0000007419   0.0000164443   0.0000056654  -0.0000193625
       -0.0000119396   0.0000043283   0.0000210483   0.0000006373  -0.0000099803
       -0.0000015947   0.0000080395   0.0000000796   0.0000053248   0.0000054444
        0.0000024354   0.0000051245   0.0000012514  -0.0000004145  -0.0000076968
        0.0000146376  -0.0000079924   0.0000426383   0.0000010213  -0.0000154677
       -0.0000092724   0.0001012212  -0.0000333640  -0.0000065556  -0.0000173323
       -0.0000095745  -0.0000054813  -0.0000399432  -0.0000873700  -0.0000707513
        0.0002188626  -0.0000216780  -0.0000232609  -0.0000449025  -0.0001399146
        0.0001499169  -0.0000496380   0.0016136649  -0.0006414099   0.0049827527
       -0.0021895255  -0.0023268553   0.1945708724  -0.0832865293  -0.1020018372
        0.0006119966   0.0003105415   0.0001131471   0.0006708272   0.0007201492
        0.0002153637  -0.0049683120  -0.0036686128  -0.0004344315  -0.0000344512
       -0.0000142881   0.0000186328  -0.0000023535   0.0000042861   0.0000092497
        0.0000506789  -0.0000503575  -0.0000618629  -0.0000039142   0.0000335306
        0.0000417832  -0.0000170310   0.0000071990   0.0000106968  -0.0001096944
        0.0002865632  -0.0001004781   0.0001390471  -0.0001239669   0.0000100961
       -0.0001193289   0.0001012470  -0.0000136470   0.0000561377   0.0000622726
        0.0000725045   0.0000064561  -0.0007195270  -0.0001087658  -0.0002097391
        0.0005206252   0.0003027301   0.0000119264   0.0000039704  -0.0000097729
        0.0000051074  -0.0000130090  -0.0000098119  -0.0000590271   0.0000134359
       -0.0000359224  -0.0000400307   0.0000525628  -0.0000084845   0.0000226282
        0.0000226445  -0.0000065888   0.0000043076  -0.0000092224   0.0000000341
        0.0000038723  -0.0000084740   0.0000003747  -0.0000086217   0.0000134766
       -0.0000021718
       -0.0002039354   0.0000604783  -0.0000608575   0.0002334315   0.0000590245
        0.0000081678   0.0000522440  -0.0000532193  -0.0000376279  -0.0000198378
       -0.0000186046   0.0000233701  -0.0000459921   0.0000210863   0.0000104360
        0.0000331146   0.0000285324   0.0000350408  -0.0000341140   0.0000117934
        0.0000355495  -0.0000111891   0.0000013487   0.0000064882  -0.0000306841
        0.0000247190  -0.0000096830   0.0001893938  -0.0001218636  -0.0000360402
       -0.0001636137  -0.0000817771  -0.0000218024   0.0012688069   0.0002859928
       -0.0008755564   0.0217201906  -0.0184606413  -0.0126996895   0.0733579387
       -0.0838970419  -0.0523594833  -0.0133141567   0.0060775261   0.0079723527
       -0.0002565296   0.0001465487   0.0001470842  -0.0000128992   0.0000357283
        0.0000211986   0.0000391898  -0.0000365717  -0.0000099005   0.0000003682
       -0.0000109558  -0.0000001058   0.0000214011  -0.0000208148  -0.0000004522
       -0.0000179905  -0.0000173363  -0.0000346215  -0.0000083193   0.0000018609
       -0.0000034622  -0.0000084758   0.0000009826  -0.0000066561  -0.0000012860
       -0.0000031511  -0.0000072938  -0.0000076732   0.0000009367   0.0000031026
       -0.0000561930  -0.0000378786  -0.0000223314  -0.0000367920   0.0000325068
        0.0000295397  -0.0000485402  -0.0000357713  -0.0000070461   0.0000264949
        0.0000527297   0.0000297023  -0.0000818349   0.0002195229   0.0002458007
       -0.0005210494  -0.0003720794   0.0003155573  -0.0000592970   0.0010273513
       -0.0005666656   0.0013997658  -0.0057891602   0.0022443292   0.0029942601
       -0.0008122975  -0.0039536215  -0.0832865293   0.1018728492   0.0591326635
       -0.0002347139   0.0005753537   0.0001484099   0.0002824188   0.0003783209
        0.0003857866  -0.0033070754  -0.0012034133  -0.0000978158   0.0000146654
       -0.0000198365  -0.0000111236   0.0000011633  -0.0000147861  -0.0000110136
       -0.0000526761   0.0000764890   0.0000457404  -0.0000004215  -0.0000802829
       -0.0000292416   0.0000202674  -0.0000145945  -0.0000085478   0.0001195519
        0.0000452985  -0.0000634235  -0.0001014639  -0.0000099118   0.0000032744
        0.0000680741  -0.0000116998  -0.0000041969   0.0000414483   0.0000098431
       -0.0000508582  -0.0001283736   0.0001136244   0.0001703019   0.0000816098
       -0.0000602059  -0.0001084448   0.0000127863   0.0000473006   0.0000340871
        0.0000108233  -0.0000044776  -0.0000094742   0.0000067566  -0.0000297786
        0.0000554356   0.0000540242   0.0000111120   0.0000101047  -0.0000120049
       -0.0000044077  -0.0000038255   0.0000088102   0.0000065402   0.0000045587
        0.0000035002  -0.0000002826  -0.0000068282   0.0000011617  -0.0000025592
       -0.0000003918
       -0.0000321623   0.0000374455  -0.0000126841   0.0000305329  -0.0000051594
       -0.0000028413  -0.0000104421  -0.0000134113  -0.0000229923   0.0000101728
        0.0000049646  -0.0000041352   0.0000184171  -0.0000013359  -0.0000017715
       -0.0000042749  -0.0000105414   0.0000005358  -0.0000044440   0.0000048031
        0.0000084677   0.0000042960  -0.0000001349   0.0000088316  -0.0000006008
        0.0000153970  -0.0000219993   0.0001745391  -0.0000433135  -0.0000515275
        0.0000514788  -0.0000721649  -0.0000234203  -0.0002535523  -0.0002189172
        0.0001120094  -0.0067177607   0.0045861019   0.0051115479   0.0874124085
       -0.0528976713  -0.1103774475   0.0008426721   0.0008409732   0.0010595763
       -0.0001599934   0.0000915558   0.0000632550  -0.0000094720   0.0000131079
        0.0000079265   0.0000171031  -0.0000189554  -0.0000083211   0.0000019442
        0.0000029170  -0.0000016232  -0.0000150979   0.0000103269   0.0000242496
        0.0000073200   0.0000031818   0.0000059597  -0.0000026360   0.0000039947
        0.0000014042  -0.0000017756   0.0000001862  -0.0000021728  -0.0000025423
       -0.0000021182   0.0000001806   0.0000032829  -0.0000052584   0.0000101808
        0.0000123734   0.0000042090  -0.0000105451   0.0000068213   0.0000086692
       -0.0000094839  -0.0000597854   0.0000149617  -0.0000171898   0.0000023582
        0.0000139988   0.0000055311  -0.0000073830   0.0000939169   0.0000418046
       -0.0001637115   0.0000369485   0.0000824844  -0.0006137044   0.0004293557
        0.0008109784  -0.0007366802   0.0023182801   0.0004194371   0.0230124191
       -0.0149918757  -0.0225930806  -0.1020018372   0.0591326635   0.1236821887
        0.0001482095   0.0001647175  -0.0001352196  -0.0007419371   0.0001906088
        0.0006696063  -0.0003181060   0.0003159754   0.0011023151   0.0000166184
       -0.0000049095  -0.0000057254  -0.0000011945  -0.0000086766  -0.0000041847
       -0.0000229871   0.0000169818   0.0000088454   0.0000081330  -0.0000166854
        0.0000026126   0.0000043471  -0.0000106468   0.0000022333   0.0000510926
       -0.0001633160   0.0000880970  -0.0000650732   0.0000536072  -0.0000041796
        0.0000582679  -0.0000530739   0.0000094503   0.0000079204  -0.0000248935
       -0.0000430254  -0.0001022099   0.0004457983  -0.0000644959   0.0001188612
       -0.0002844461  -0.0000717192   0.0000121004   0.0000015184  -0.0000030674
        0.0000173230  -0.0000211280   0.0000069202  -0.0000182156   0.0000412872
        0.0001230174   0.0000259552  -0.0000183809   0.0000225874  -0.0000154966
       -0.0000120858   0.0000001393   0.0000008555   0.0000039584   0.0000014632
       -0.0000016768   0.0000027614  -0.0000012696   0.0000069292  -0.0000060738
        0.0000002854
        0.0001250352  -0.0000815097   0.0000994987  -0.0001281307   0.0000084730
       -0.0000065291   0.0000181085  -0.0000017644   0.0000224916  -0.0000418342
       -0.0000163362  -0.0000185933  -0.0000148272  -0.0000160381  -0.0000039308
       -0.0000146644   0.0000010094  -0.0000001404   0.0000196365   0.0000003419
        0.0000021833   0.0000106574   0.0000251156  -0.0000016287   0.0000130504
       -0.0000449155  -0.0000231457   0.0001760952   0.0002905507  -0.0002371203
       -0.0004127380  -0.0003119637  -0.0002942570   0.0005416888  -0.0008926624
        0.0005485560  -0.0036173360  -0.0036284474   0.0002823693   0.0016622490
       -0.0238527079   0.0091658903  -0.0500552194   0.0399344089  -0.0167977917
       -0.0001063931  -0.0000320178   0.0000586227  -0.0000258443  -0.0000219739
        0.0000097679   0.0000181550   0.0000082347  -0.0000350943   0.0000031157
        0.0000099779  -0.0000063170   0.0000003455   0.0000046869  -0.0000168742
        0.0000027951  -0.0000016009   0.0000182830   0.0000066449  -0.0000006705
       -0.0000030256   0.0000030792   0.0000035497   0.0000002880  -0.0000011430
        0.0000115118  -0.0000000715   0.0000071449  -0.0000019808   0.0000065815
        0.0000210862  -0.0000367453   0.0000386628  -0.0000073023   0.0000144364
        0.0000035475   0.0000620802   0.0000217514  -0.0000367309   0.0000047465
       -0.0000571261   0.0000361959  -0.0000039932  -0.0000152044   0.0000587454
        0.0000900856   0.0000156454  -0.0000230288  -0.0001031687   0.0001077643
       -0.0000223040  -0.0000898397  -0.0000675812  -0.0000920692   0.0006606240
       -0.0000027891   0.0003271294   0.0006119966  -0.0002347139   0.0001482095
        0.0578350479  -0.0428354561   0.0197807775  -0.0013525717   0.0082713756
       -0.0045223079  -0.0057630756   0.0233539369  -0.0085978789   0.0000409984
        0.0000302024  -0.0000085787   0.0000031318   0.0000049338  -0.0000033720
       -0.0000275683   0.0000091680   0.0000389476   0.0000254780  -0.0000091290
       -0.0000202145   0.0000072789   0.0000002350  -0.0000163395  -0.0000097572
        0.0001231280  -0.0000453510   0.0000342921  -0.0000374113   0.0000054964
       -0.0000383381   0.0000225501   0.0000008550   0.0000428485   0.0000367470
        0.0000408195   0.0000258433  -0.0002056223  -0.0000817150  -0.0002254326
        0.0000436333   0.0002167092  -0.0000016222   0.0000092138   0.0000140985
        0.0000087909   0.0000075491   0.0000052571  -0.0000247742   0.0000054526
       -0.0000241658  -0.0000057451   0.0000168137   0.0000132013   0.0000011271
        0.0000158793  -0.0000048281  -0.0000046097   0.0000006494  -0.0000046530
       -0.0000027266   0.0000000291   0.0000044140  -0.0000046017  -0.0000025870
        0.0000004582
        0.0000822719  -0.0001179828   0.0001288513  -0.0000980271   0.0000114389
       -0.0000251042   0.0000144823  -0.0000284200   0.0000210570  -0.0000007995
        0.0000044919   0.0000337898  -0.0000304856  -0.0000142934  -0.0000119803
       -0.0000277404   0.0000136130   0.0000172703   0.0000281587   0.0000166354
        0.0000267480   0.0000177588   0.0000023914  -0.0000067558  -0.0000042194
        0.0000535536   0.0000063920   0.0004712561   0.0003870591  -0.0002191934
       -0.0005167036  -0.0003921382  -0.0002293607   0.0004342228  -0.0006995265
        0.0005379584  -0.0041193264  -0.0025121278  -0.0001279394  -0.0003211242
       -0.0195667825   0.0071548479   0.0395487035  -0.2401350834   0.0854302509
       -0.0003177656  -0.0000530090   0.0001172828  -0.0000672187  -0.0000587983
        0.0000179380   0.0000541529   0.0000040254  -0.0000619707   0.0000066269
        0.0000068476  -0.0000055865   0.0000121603   0.0000099858  -0.0000256633
       -0.0000163908  -0.0000009615  -0.0000288897   0.0000154046  -0.0000077432
       -0.0000197192  -0.0000088431  -0.0000097175  -0.0000150535  -0.0000000149
       -0.0000097682  -0.0000071826  -0.0000032786   0.0000084519   0.0000030888
       -0.0000347277  -0.0000097180  -0.0000365990  -0.0000426535   0.0000062683
        0.0000373214  -0.0000618988  -0.0000522025   0.0000388253  -0.0000194064
       -0.0000874982  -0.0000059564   0.0000184018   0.0000080771   0.0000727159
       -0.0000520857  -0.0000026557  -0.0000295441  -0.0000486505   0.0002538468
       -0.0003855524  -0.0002581039   0.0004631590   0.0000835540   0.0004385347
        0.0001778967  -0.0001719513   0.0003105415   0.0005753537   0.0001647175
       -0.0428354561   0.2781679366  -0.0994615560   0.0008358276   0.0006677482
        0.0013311536   0.0063031334  -0.0172562935   0.0058396496   0.0001005912
        0.0000766334  -0.0000201526   0.0000004147   0.0000114688  -0.0000103347
       -0.0000943444   0.0000092674   0.0000915120   0.0000618687  -0.0000111550
       -0.0000420615   0.0000274566   0.0000029365  -0.0000276291   0.0000430921
        0.0000803605  -0.0000918702  -0.0001384232  -0.0000870939   0.0000454134
        0.0000695238   0.0000262070  -0.0000249067   0.0000068650  -0.0000274033
       -0.0000682195  -0.0000050481  -0.0001389693   0.0002785174   0.0001701511
        0.0001809008  -0.0003049757  -0.0000078321   0.0000683214   0.0000199311
        0.0000038000  -0.0000044413  -0.0000161401  -0.0000151744  -0.0000754643
        0.0000221703   0.0000658308   0.0000641266  -0.0000387581  -0.0000182761
       -0.0000097189   0.0000076175   0.0000156660   0.0000098871   0.0000093662
        0.0000095658   0.0000019081  -0.0000183848  -0.0000024451  -0.0000018313
        0.0000010510
        0.0000447235   0.0000099351  -0.0000020293  -0.0000396709  -0.0000076510
       -0.0000021647  -0.0000049700   0.0000089132   0.0000000185  -0.0000061984
       -0.0000055297  -0.0000228260   0.0000075959   0.0000024920  -0.0000002347
       -0.0000182096  -0.0000030368   0.0000007324   0.0000168025   0.0000030898
       -0.0000003342   0.0000003014  -0.0000103353  -0.0000001405  -0.0000011961
       -0.0000179670   0.0000058192  -0.0000680082   0.0000073936  -0.0000033345
        0.0000404725  -0.0000039928  -0.0000262854   0.0000165417   0.0000935807
        0.0001808092   0.0001190675  -0.0002848346   0.0007122537   0.0005107923
       -0.0001235990   0.0005207016  -0.0164075972   0.0848459300  -0.0818302096
        0.0000540827   0.0000033035  -0.0000145809   0.0000130538   0.0000085454
       -0.0000034482  -0.0000170048   0.0000026168   0.0000113011  -0.0000005374
        0.0000050728  -0.0000004520  -0.0000098969  -0.0000084190   0.0000037729
        0.0000139970  -0.0000139636   0.0000096400  -0.0000011528   0.0000055884
        0.0000065882   0.0000032943   0.0000054118   0.0000056168  -0.0000032696
        0.0000061268   0.0000064901   0.0000052487  -0.0000051089  -0.0000016807
        0.0000041663   0.0000065437  -0.0000270885   0.0000038735  -0.0000077094
        0.0000028976   0.0000097299   0.0000042702  -0.0000062916   0.0000101750
        0.0000109798   0.0000143180   0.0000083160   0.0000062923   0.0000104740
       -0.0000034458   0.0000097786  -0.0000197125  -0.0000014394  -0.0001371529
        0.0002160905   0.0000258173  -0.0000476270  -0.0000583200  -0.0000622987
       -0.0005838982   0.0004110916   0.0001131471   0.0001484099  -0.0001352196
        0.0197807775  -0.0994615560   0.0908892203  -0.0079029847   0.0300700423
       -0.0170622668   0.0037485766  -0.0145063324   0.0062003953  -0.0000180852
       -0.0000119823   0.0000035172   0.0000006676  -0.0000019462   0.0000033204
        0.0000239051  -0.0000114482  -0.0000174901  -0.0000162379   0.0000064971
        0.0000023513  -0.0000015554   0.0000049350   0.0000085625  -0.0000287067
        0.0000039599   0.0000064190   0.0000548492   0.0000059766  -0.0000189361
       -0.0000343095   0.0000084527   0.0000072927   0.0000043548  -0.0000206770
       -0.0000151981  -0.0000329318  -0.0001291007  -0.0000498905   0.0000466287
        0.0001280855   0.0000472383   0.0000021558   0.0000097125  -0.0000071432
       -0.0000016653  -0.0000050433   0.0000019388   0.0000115780  -0.0000159630
        0.0000242472  -0.0000261114  -0.0000038692   0.0000140760   0.0000193579
        0.0000041207  -0.0000048910  -0.0000055148  -0.0000052053  -0.0000039592
       -0.0000012119  -0.0000032336   0.0000085617   0.0000001603   0.0000011255
       -0.0000016283
        0.0000156752  -0.0000325041   0.0000408887  -0.0000295507  -0.0000016700
       -0.0000039648   0.0000170584  -0.0000071547  -0.0000161704  -0.0000070098
        0.0000006566   0.0000022344   0.0000036203  -0.0000033569  -0.0000024173
        0.0000003932   0.0000040158   0.0000074819   0.0000023269  -0.0000018954
        0.0000026435   0.0000017546   0.0000011556  -0.0000013471  -0.0000002354
        0.0000066397   0.0000003372   0.0000063896   0.0000984896   0.0000018895
        0.0000657855   0.0000408757   0.0000606908   0.0000263674   0.0001911430
       -0.0000352993   0.0006051395   0.0008129842  -0.0001824829  -0.0109900800
       -0.0056165636  -0.0261921974  -0.0608008769  -0.0050517849  -0.0604480181
        0.0000031943  -0.0000385391   0.0000171529  -0.0000069520  -0.0000036293
        0.0000181522   0.0000056323  -0.0000066927  -0.0000181687   0.0000009726
        0.0000079338  -0.0000033930  -0.0000120656  -0.0000099095   0.0000025567
        0.0000246052   0.0000098683   0.0000004879  -0.0000009695   0.0000005680
       -0.0000008040  -0.0000033513   0.0000042104   0.0000017352  -0.0000033392
       -0.0000062367  -0.0000006474   0.0000007964   0.0000087329  -0.0000021069
        0.0000232276   0.0000235008   0.0000260888  -0.0000075039   0.0000168346
       -0.0000151015   0.0000304481   0.0000076905   0.0000416347   0.0000053650
        0.0000086135   0.0000021621  -0.0000256837   0.0000244406   0.0000104283
       -0.0000006841  -0.0000075872  -0.0000220749   0.0001466970  -0.0003387050
        0.0003553739  -0.0000755295   0.0000024115   0.0001260271  -0.0048355985
       -0.0037394566  -0.0011437722   0.0006708272   0.0002824188  -0.0007419371
       -0.0013525717   0.0008358276  -0.0079029847   0.0710993663   0.0095574475
        0.0730549732   0.0055589786   0.0028582105   0.0229407520   0.0000115324
        0.0000105051  -0.0000126810   0.0000026416   0.0000007490  -0.0000077293
       -0.0000040095   0.0000145704   0.0000358815   0.0000000415  -0.0000074601
       -0.0000262443   0.0000021953  -0.0000017997  -0.0000129420  -0.0000000942
        0.0000781789  -0.0000113432  -0.0000099416   0.0000321505   0.0000159689
        0.0000097132  -0.0000170995  -0.0000032016   0.0000465943   0.0000296192
        0.0000231544   0.0000340144  -0.0000805736  -0.0000052743  -0.0001656257
        0.0000134463   0.0000739832  -0.0000092680   0.0000229018   0.0000036634
        0.0000053855   0.0000045885  -0.0000091789  -0.0000624086  -0.0000139107
       -0.0000119311  -0.0000128086  -0.0000260956  -0.0000434931  -0.0000045148
        0.0000070848   0.0000157273  -0.0000083292  -0.0000022158   0.0000042640
        0.0000027703  -0.0000033376  -0.0000059914  -0.0000005077  -0.0000002856
       -0.0000034356
        0.0000572821  -0.0000085874   0.0000267197  -0.0000547377  -0.0000057049
       -0.0000034084   0.0000045782   0.0000222794   0.0000021845  -0.0000392623
       -0.0000325077  -0.0000611474   0.0000181848   0.0000063009   0.0000021644
       -0.0000115645  -0.0000043165   0.0000029049   0.0000186111  -0.0000014569
        0.0000003780   0.0000002414   0.0000010498   0.0000122444   0.0000049121
       -0.0000647017  -0.0000375736  -0.0001202980   0.0000426479   0.0000045604
        0.0001334772   0.0000882041   0.0000865679  -0.0000702214  -0.0000097028
       -0.0000758997  -0.0001642327   0.0007567936  -0.0009583728  -0.0070825933
       -0.0034152543  -0.0167323208  -0.0053298005  -0.0468970325  -0.0233478848
        0.0000814308  -0.0000245451  -0.0000171900   0.0000129009   0.0000081078
        0.0000032742  -0.0000197280   0.0000045824   0.0000050514   0.0000028841
        0.0000099517  -0.0000053707  -0.0000236454  -0.0000084260   0.0000072003
        0.0000336130  -0.0000113043   0.0000364376  -0.0000021958   0.0000139400
        0.0000119883   0.0000041698   0.0000120648   0.0000087149  -0.0000064138
        0.0000233059   0.0000041428   0.0000127211  -0.0000088200   0.0000102078
        0.0000257387  -0.0000165899  -0.0000176948   0.0000063898   0.0000119264
        0.0000013661   0.0000008067   0.0000100852  -0.0000548289   0.0000137557
        0.0000148308   0.0000129514  -0.0000094203   0.0000205538   0.0000027113
        0.0000540985   0.0000285133  -0.0000058227  -0.0001977255  -0.0003635303
        0.0005017978   0.0000637729  -0.0000811212  -0.0000964904  -0.0035511203
       -0.0015879424  -0.0006924184   0.0007201492   0.0003783209   0.0001906088
        0.0082713756   0.0006677482   0.0300700423   0.0095574475   0.0518708100
        0.0270461752  -0.0024381928  -0.0014139002  -0.0160376235  -0.0000170105
       -0.0000095877  -0.0000004109   0.0000011051  -0.0000004256  -0.0000012671
        0.0000279185  -0.0000022321  -0.0000077104  -0.0000138098   0.0000022592
        0.0000009044  -0.0000082492   0.0000012644  -0.0000003937   0.0000093347
       -0.0000687366   0.0000731787   0.0000549978   0.0000197398  -0.0000256205
       -0.0000435144   0.0000060146   0.0000146213   0.0000196159  -0.0000089158
        0.0000029897  -0.0000919267   0.0000808960  -0.0001861247   0.0000755560
       -0.0000638924   0.0001112417   0.0000031419   0.0000060821   0.0000019530
        0.0000042845   0.0000021470   0.0000170099   0.0000139602  -0.0000013659
        0.0000445924  -0.0000071733   0.0000016357   0.0000565891   0.0000098721
        0.0000007376  -0.0000169204  -0.0000051572   0.0000013389  -0.0000012218
       -0.0000069083  -0.0000018283   0.0000107117  -0.0000034259  -0.0000017033
       -0.0000004705
        0.0000713163  -0.0000724666   0.0000900757  -0.0000774597  -0.0000013171
        0.0000032673   0.0000152262   0.0000064184  -0.0000031160  -0.0000355782
       -0.0000372797  -0.0000522182   0.0000015079  -0.0000044270  -0.0000011862
        0.0000045827  -0.0000006569   0.0000028296   0.0000164286  -0.0000097591
       -0.0000036867   0.0000039128   0.0000154538   0.0000223052   0.0000209321
       -0.0000891431  -0.0000933744   0.0001096986   0.0002031176  -0.0000729873
        0.0000262614  -0.0000069746  -0.0000115018   0.0001867636   0.0001873795
        0.0000800438   0.0006808255   0.0002446180   0.0006475734  -0.0046185928
       -0.0024438561  -0.0046468434  -0.0613802867  -0.0228876040  -0.2639434011
       -0.0000555640  -0.0000461154   0.0000617858  -0.0000133026  -0.0000175136
        0.0000265191   0.0000037080  -0.0000058710  -0.0000215042   0.0000052132
        0.0000142406  -0.0000053126  -0.0000158196   0.0000021275   0.0000102437
        0.0000205385   0.0000110811   0.0000425048  -0.0000023202   0.0000100476
        0.0000028026   0.0000032197   0.0000103707   0.0000031970  -0.0000063216
        0.0000256266  -0.0000056806   0.0000123482  -0.0000087405   0.0000246305
        0.0000156746  -0.0000376845   0.0000145150   0.0000012327   0.0000294319
        0.0000017066  -0.0000606677  -0.0000300024  -0.0001289105   0.0000072031
       -0.0000037237   0.0000037736  -0.0000209883   0.0000236945  -0.0000116877
        0.0000123858   0.0000309476   0.0000170761  -0.0000694043  -0.0003222867
        0.0004706653  -0.0000130219  -0.0000763277  -0.0002778685  -0.0011948566
       -0.0005135261   0.0010964349   0.0002153637   0.0003857866   0.0006696063
       -0.0045223079   0.0013311536  -0.0170622668   0.0730549732   0.0270461752
        0.3038768378  -0.0026656191  -0.0029898118  -0.0210717656   0.0000209211
        0.0000229642  -0.0000196456   0.0000032139   0.0000030896  -0.0000096847
       -0.0000006026   0.0000012242   0.0000424097  -0.0000005166  -0.0000027609
       -0.0000303089   0.0000001970   0.0000013587  -0.0000144597   0.0000822606
       -0.0001552579   0.0001531246  -0.0000446967  -0.0000737948  -0.0000082903
       -0.0000088518   0.0000347021   0.0000140780   0.0000159501   0.0000084493
        0.0000397377  -0.0002148254   0.0003279029  -0.0003434109   0.0002843939
       -0.0002544752   0.0002192248   0.0000109917  -0.0000165968   0.0000154557
        0.0000088582   0.0000151999   0.0000254676   0.0000531294   0.0000426432
        0.0000777891   0.0000574494   0.0000683034   0.0001105407  -0.0000030784
       -0.0000066788  -0.0000456726   0.0000118100   0.0000098790   0.0000052498
       -0.0000060724   0.0000023766   0.0000103073  -0.0000077366  -0.0000011123
        0.0000030054
        0.0000115350   0.0000001006  -0.0000104960  -0.0000225695  -0.0000191679
        0.0000073132  -0.0000116378   0.0000264927   0.0000146929  -0.0000105843
       -0.0000016494  -0.0000124491   0.0000217324  -0.0000122748  -0.0000076990
        0.0000108487   0.0000040129  -0.0000017220  -0.0000004827  -0.0000028607
       -0.0000157255  -0.0000005081  -0.0000246441  -0.0000115884   0.0000285494
        0.0000164690  -0.0000006445  -0.0001628875   0.0000060607   0.0001139986
        0.0001815796   0.0001932355   0.0000492829  -0.0000907607   0.0000927025
       -0.0000660385   0.0007660733   0.0011492690  -0.0001350424  -0.0254904774
        0.0079289428   0.0137560359  -0.1758699384   0.0809245153   0.0910196961
        0.0001575406  -0.0000364656  -0.0000831083   0.0000122984  -0.0000007731
       -0.0000190281  -0.0000224324   0.0000151251   0.0000182505   0.0000008404
       -0.0000002807   0.0000012234  -0.0000135657   0.0000017631   0.0000015541
        0.0000146894  -0.0000007864   0.0000132778   0.0000031476   0.0000034123
        0.0000023757  -0.0000030721  -0.0000006814   0.0000018551  -0.0000036527
       -0.0000005851   0.0000056972  -0.0000009191   0.0000057087  -0.0000063849
        0.0000649809   0.0000331248  -0.0000528437   0.0000361433  -0.0000374800
        0.0000073943  -0.0000263925   0.0001222200   0.0000554452   0.0000217681
        0.0000059860  -0.0000187875   0.0000133633  -0.0000856992  -0.0000822158
        0.0001963038   0.0000919722  -0.0000278005  -0.0000973742  -0.0000605853
        0.0000044077   0.0003542980  -0.0008213772  -0.0000888300   0.0005023238
        0.0006012384   0.0002506034  -0.0049683120  -0.0033070754  -0.0003181060
       -0.0057630756   0.0063031334   0.0037485766   0.0055589786  -0.0024381928
       -0.0026656191   0.2058997706  -0.0908814271  -0.1056584525  -0.0000188568
       -0.0000067738   0.0000124262  -0.0000003137   0.0000035003   0.0000025928
        0.0000297180  -0.0000247668  -0.0000304076  -0.0000066490   0.0000211961
        0.0000235367  -0.0000143223   0.0000009915   0.0000067381  -0.0001182859
       -0.0002318730  -0.0000760770   0.0000571664   0.0001428357  -0.0000337169
       -0.0000023542  -0.0000764663   0.0000177680  -0.0001206600  -0.0001518271
       -0.0000771303   0.0007111609   0.0000155733   0.0002497483  -0.0015510252
        0.0006296883   0.0003086049  -0.0000508589   0.0000154017  -0.0000379463
       -0.0000491606   0.0000372271   0.0000356296  -0.0000638804  -0.0000736849
       -0.0001927745  -0.0000854421  -0.0000651573  -0.0000249443   0.0000022228
       -0.0000183737   0.0000272968  -0.0000237932  -0.0000122824  -0.0000128884
       -0.0000051237   0.0000046410   0.0000148322   0.0000123351  -0.0000033285
       -0.0000023873
        0.0000643481  -0.0000175966   0.0000101244  -0.0000680167  -0.0000064592
        0.0000048397   0.0000049414   0.0000246387   0.0000155633  -0.0000273665
        0.0000132361   0.0000056778  -0.0000207005  -0.0000136393   0.0000003837
        0.0000057574  -0.0000076219  -0.0000275310  -0.0000050722  -0.0000142856
       -0.0000223318  -0.0000037879   0.0000237572  -0.0000133313   0.0000269365
       -0.0000744610   0.0000554807  -0.0001132943   0.0000075880   0.0000090808
        0.0000460147   0.0000563930   0.0000064231  -0.0000525255  -0.0000807184
        0.0000466427  -0.0012215276   0.0011012124   0.0003237457  -0.0122685970
        0.0063542416   0.0081404866   0.0816704913  -0.0928299912  -0.0554885595
        0.0001117663  -0.0000168812  -0.0000417866   0.0000150173   0.0000092334
       -0.0000074762  -0.0000156829   0.0000122139   0.0000090105  -0.0000017899
        0.0000022179  -0.0000014162   0.0000075836   0.0000012782  -0.0000070661
        0.0000022234   0.0000083023   0.0000155787   0.0000014642  -0.0000039123
        0.0000005252   0.0000084484   0.0000044407   0.0000060123   0.0000062621
        0.0000148178  -0.0000027625   0.0000024072   0.0000141289  -0.0000163656
        0.0000688421  -0.0000217698   0.0001160806  -0.0000141728   0.0000197699
       -0.0000460799   0.0002834608   0.0001377106   0.0000152550   0.0000062355
        0.0000056500   0.0000054231  -0.0000167099  -0.0000348625  -0.0000242688
        0.0000910876  -0.0000296663  -0.0000330122   0.0000830953  -0.0000924506
       -0.0000399673  -0.0002324539  -0.0005721041   0.0000295021   0.0001874570
        0.0003456718   0.0003471231  -0.0036686128  -0.0012034133   0.0003159754
        0.0233539369  -0.0172562935  -0.0145063324   0.0028582105  -0.0014139002
       -0.0029898118  -0.0908814271   0.1065076855   0.0639494133  -0.0000227544
       -0.0000123539   0.0000051371   0.0000027785  -0.0000008645   0.0000031229
        0.0000284548  -0.0000077139  -0.0000255636  -0.0000081172   0.0000071955
        0.0000136670  -0.0000101992  -0.0000009705   0.0000039048  -0.0001528806
        0.0005620503  -0.0000384014   0.0002431159   0.0000883425  -0.0000426416
       -0.0001364483   0.0000026365   0.0000134250   0.0000975997   0.0001484746
        0.0001800677  -0.0000783102  -0.0017829800  -0.0007114607  -0.0000081426
       -0.0000057759   0.0005102168   0.0000108826  -0.0000179854   0.0000251933
        0.0000090365   0.0000408127   0.0000234217  -0.0000718125   0.0000716265
       -0.0001061607  -0.0001556779  -0.0000848698  -0.0000352948   0.0000199567
        0.0000385681   0.0000086707  -0.0000375595  -0.0000139741  -0.0000122091
       -0.0000185558   0.0000027617   0.0000208419  -0.0000056167  -0.0000091414
        0.0000038144
       -0.0000347511  -0.0000082011  -0.0000043800   0.0000334196   0.0000081301
       -0.0000032944   0.0000178372  -0.0000266015  -0.0000141856   0.0000165682
        0.0000283091   0.0000563360  -0.0000045052   0.0000013853   0.0000018416
        0.0000017108   0.0000098653   0.0000062965  -0.0000199428   0.0000062624
        0.0000101176  -0.0000015582  -0.0000170582  -0.0000401249  -0.0000429678
        0.0001547228   0.0001142775   0.0001200699   0.0000113729  -0.0000215782
       -0.0001453112  -0.0001133942  -0.0000624848   0.0000623399   0.0000902268
        0.0000520022   0.0000120184  -0.0002869367   0.0000094147   0.0009554627
        0.0014344577   0.0009834492   0.0914796515  -0.0551242489  -0.1094405107
       -0.0000859044   0.0000046069   0.0000271197  -0.0000153885  -0.0000081679
        0.0000038102   0.0000171556  -0.0000061902  -0.0000139382  -0.0000042847
       -0.0000041682   0.0000031345   0.0000082917  -0.0000052621  -0.0000081038
       -0.0000060007  -0.0000024825  -0.0000478299   0.0000021714  -0.0000122695
       -0.0000092328  -0.0000059774  -0.0000089634  -0.0000066920   0.0000042492
       -0.0000421661   0.0000041825  -0.0000116814   0.0000128486  -0.0000240217
       -0.0000379908   0.0000679109  -0.0000551854  -0.0000363421  -0.0000026946
       -0.0000186786   0.0000274370   0.0000277222   0.0002254930  -0.0000137536
       -0.0000127835  -0.0000032198  -0.0000039700   0.0000123860   0.0000331898
       -0.0000879073  -0.0000528065  -0.0000091948   0.0001126542  -0.0000786746
       -0.0002998023   0.0000095483   0.0004839752   0.0003102958  -0.0007594084
        0.0001645302   0.0004971591  -0.0004344315  -0.0000978158   0.0011023151
       -0.0085978789   0.0058396496   0.0062003953   0.0229407520  -0.0160376235
       -0.0210717656  -0.1056584525   0.0639494133   0.1226615415   0.0000194761
        0.0000132357  -0.0000047765   0.0000022887   0.0000001616   0.0000000132
       -0.0000266085   0.0000054788   0.0000227069   0.0000107060  -0.0000046553
       -0.0000164776   0.0000139862   0.0000027787  -0.0000025029  -0.0000566484
        0.0004201993  -0.0001375326  -0.0000412442   0.0000936406   0.0000109009
        0.0000740635  -0.0000598840  -0.0000112381   0.0000505997   0.0000313573
       -0.0000181178   0.0000780581  -0.0008308465   0.0004295343   0.0002821759
        0.0000589454  -0.0011387940  -0.0000152666   0.0000633547  -0.0000036769
        0.0000008076  -0.0000156839  -0.0000598502  -0.0001551100  -0.0000561224
       -0.0000907070  -0.0000571134  -0.0000757979  -0.0001580026  -0.0000164301
        0.0000013588   0.0000583498  -0.0000069413  -0.0000051323   0.0000003411
        0.0000169282  -0.0000007711  -0.0000219551   0.0000133432  -0.0000008840
       -0.0000063633
        0.0018177418  -0.0013208395   0.0018382385  -0.0017158558  -0.0000374446
       -0.0001398331   0.0004447275   0.0000142264   0.0001692185  -0.0001979561
       -0.0000616130  -0.0000230095  -0.0000541722  -0.0001060285  -0.0000559778
       -0.0000584066   0.0001115453   0.0000740321   0.0003119395  -0.0000451804
       -0.0000024507   0.0000065391   0.0000427831  -0.0000097624   0.0000664365
       -0.0000005235  -0.0000333775  -0.0097501930   0.0022448489   0.0041886187
        0.0022476771   0.0010593112   0.0016778873  -0.0004089852  -0.0013569475
       -0.0010770478   0.0001633029   0.0007132236  -0.0000415784   0.0002783819
       -0.0002346858   0.0000758566  -0.0000432632   0.0001095639  -0.0000630008
        0.0038411016   0.0024716569  -0.0053451813  -0.1153059185  -0.1045193156
        0.0592051118   0.0002282086   0.0000003068  -0.0014300466  -0.0001420434
        0.0007002536  -0.0001594346  -0.0000127631   0.0000132988  -0.0000703184
        0.0000415958   0.0000508640   0.0000174949   0.0000716584  -0.0000276628
       -0.0000685956  -0.0000290149  -0.0000050285  -0.0000246068   0.0000073152
       -0.0000178975  -0.0000176423   0.0000321483   0.0000149843   0.0000273074
       -0.0000162694  -0.0000225020   0.0000010124  -0.0000968315  -0.0000163046
        0.0000942327  -0.0000728448  -0.0000255538   0.0000038379  -0.0004704286
       -0.0001266898  -0.0005143508   0.0002659942   0.0000648872  -0.0000025108
        0.0000505560  -0.0001923449  -0.0000346796   0.0001088194  -0.0000481303
        0.0000262545  -0.0000206216  -0.0000108224   0.0000346769  -0.0000232284
       -0.0000060350  -0.0000141225  -0.0000344512   0.0000146654   0.0000166184
        0.0000409984   0.0001005912  -0.0000180852   0.0000115324  -0.0000170105
        0.0000209211  -0.0000188568  -0.0000227544   0.0000194761   0.1417142763
        0.1315517922  -0.0765112616  -0.0248338003  -0.0310891160   0.0182976943
       -0.0027656507  -0.0003227636   0.0006957939   0.0012486788  -0.0004507762
       -0.0013193864   0.0028831168   0.0007271175   0.0005336615   0.0001461854
        0.0001216167  -0.0001216099  -0.0003506654  -0.0000638776   0.0000612101
        0.0002037189  -0.0000154574  -0.0000332244   0.0000255240  -0.0000126822
       -0.0000667319  -0.0001035330  -0.0001818875   0.0001769763   0.0001652021
        0.0001182274  -0.0000823435  -0.0000135090   0.0000498077   0.0000504966
        0.0000284142  -0.0000111016  -0.0000329211  -0.0000202694  -0.0000170499
        0.0000491536   0.0001370331   0.0000841897  -0.0000427160  -0.0000516903
       -0.0000060872   0.0000118198   0.0000160301   0.0000193170   0.0000056437
        0.0000083150   0.0000076764  -0.0000216887  -0.0000019465  -0.0000146410
        0.0000042501
       -0.0003842427  -0.0018576343   0.0015684921   0.0003788973   0.0000638411
       -0.0000344456   0.0000548392  -0.0002536464   0.0000424473  -0.0001731917
       -0.0001054816  -0.0000687790  -0.0001109667  -0.0001426928  -0.0001064550
        0.0001405086   0.0002111732   0.0001371077  -0.0002119271   0.0001328530
        0.0002705644  -0.0000075082   0.0000199280  -0.0000047436   0.0000223123
        0.0000115518  -0.0000242756  -0.0112026850   0.0074206777   0.0049445883
        0.0029924167   0.0011479453   0.0010093028  -0.0004852246  -0.0012606526
       -0.0010303364   0.0000526952   0.0005428605  -0.0000768655   0.0001943220
       -0.0002138027   0.0000763282  -0.0000421750   0.0000784859  -0.0000530671
        0.0105796812  -0.0036962534  -0.0065359232  -0.1343589183  -0.2284120351
        0.1357822246   0.0007907689   0.0003370207   0.0000098924   0.0011059948
       -0.0005813649   0.0001405155  -0.0000180789   0.0000273606  -0.0000830490
       -0.0000271965   0.0000128362  -0.0000100662   0.0000043738  -0.0000213787
       -0.0000488810   0.0000010329  -0.0000854219  -0.0000935233   0.0000081784
       -0.0000178603  -0.0000169876   0.0000094353   0.0000073013   0.0000192397
       -0.0000146346  -0.0000210784  -0.0000050984  -0.0000632917   0.0000143710
        0.0000553821  -0.0000688240  -0.0000089221   0.0000041472   0.0003438481
       -0.0009078856  -0.0015984767   0.0003990496   0.0000574306  -0.0000708150
       -0.0000258750  -0.0002548706  -0.0001037925   0.0000728303  -0.0000444718
        0.0000400414   0.0000220194  -0.0000187088   0.0000035457  -0.0000265936
       -0.0000085598   0.0000053468  -0.0000142881  -0.0000198365  -0.0000049095
        0.0000302024   0.0000766334  -0.0000119823   0.0000105051  -0.0000095877
        0.0000229642  -0.0000067738  -0.0000123539   0.0000132357   0.1315517922
        0.2228625224  -0.1312941545  -0.0011745547   0.0044652252  -0.0025563494
       -0.0008760268  -0.0016385590  -0.0005070241  -0.0001869398   0.0003648660
       -0.0015163036   0.0005641751   0.0017179145   0.0017355989   0.0001500255
       -0.0000016691  -0.0000384804  -0.0002671236   0.0000398767   0.0000268645
        0.0001647477  -0.0000655983  -0.0000142139   0.0000427038  -0.0000008886
       -0.0000556738  -0.0001434951   0.0000875075   0.0001065232   0.0001547996
       -0.0000628873  -0.0001003335  -0.0000161328   0.0000484550   0.0000425223
        0.0000224227  -0.0000096264  -0.0000288294  -0.0000148325  -0.0000275916
        0.0000540886   0.0000865160   0.0000115223  -0.0000193075  -0.0000348266
       -0.0000036131   0.0000106647   0.0000041666   0.0000082046   0.0000003962
        0.0000016138   0.0000047641  -0.0000111757  -0.0000005470  -0.0000081955
        0.0000022940
        0.0009074416   0.0005742007  -0.0011574575  -0.0005225591  -0.0001676791
       -0.0000313850   0.0000352185   0.0002392251   0.0000935560  -0.0000330624
        0.0000352897   0.0000252163   0.0000551153  -0.0000036304  -0.0000163965
        0.0000113323  -0.0000657570  -0.0000627673   0.0001852786   0.0000212919
       -0.0000874640   0.0000040159  -0.0000114377  -0.0000118999   0.0000057669
        0.0000005560   0.0000303927   0.0046270504  -0.0014093266  -0.0003238932
       -0.0010257887  -0.0006019138  -0.0005386708  -0.0000090386   0.0005216243
        0.0005047132  -0.0000077237  -0.0002672302  -0.0000129770  -0.0000945264
        0.0000939392   0.0000054730   0.0000186702  -0.0000264960   0.0000201746
       -0.0046030955  -0.0011137828  -0.0031852634   0.0812934852   0.1396527486
       -0.0973798736  -0.0019195924   0.0005593504   0.0005016708  -0.0001713452
        0.0000918604   0.0002965150  -0.0000362361  -0.0000788973  -0.0000353642
        0.0000151667  -0.0000085638   0.0000027973   0.0000249210  -0.0000060799
       -0.0000022882   0.0000193459  -0.0000479334  -0.0000165509   0.0000057952
        0.0000010027   0.0000041584  -0.0000079561  -0.0000013799  -0.0000083986
        0.0000019768   0.0000016460   0.0000009479   0.0000224876  -0.0000160076
        0.0000017832   0.0000315524   0.0000049419   0.0000119072   0.0007773080
       -0.0000058130  -0.0002390875  -0.0000574152  -0.0000660848  -0.0000161892
        0.0000176514  -0.0000379929   0.0000119756  -0.0000647582   0.0000012399
       -0.0000475712   0.0000367360   0.0000114636  -0.0000115728   0.0000086206
        0.0000131445  -0.0000265723   0.0000186328  -0.0000111236  -0.0000057254
       -0.0000085787  -0.0000201526   0.0000035172  -0.0000126810  -0.0000004109
       -0.0000196456   0.0000124262   0.0000051371  -0.0000047765  -0.0765112616
       -0.1312941545   0.1009906368  -0.0025082471  -0.0058029213   0.0052306820
        0.0018117543   0.0003821161   0.0009086940  -0.0013504610  -0.0019972673
       -0.0003858278  -0.0009792536   0.0008366615  -0.0049905979  -0.0000663405
        0.0000357549  -0.0000351234   0.0000816628  -0.0000293199   0.0000059093
       -0.0000512845   0.0000281922  -0.0000094458  -0.0000345129   0.0000050997
       -0.0000309502   0.0001111672  -0.0000437788   0.0000709172  -0.0000740054
        0.0000112515  -0.0000178589   0.0000108134  -0.0000263466  -0.0000018097
        0.0000008495   0.0000032981   0.0000041261   0.0000065430   0.0000188233
       -0.0000134542  -0.0000256216   0.0000065913  -0.0000114356   0.0000119966
        0.0000037994   0.0000069064   0.0000006793  -0.0000022539   0.0000022965
        0.0000020591   0.0000005746  -0.0000002319   0.0000018245   0.0000029109
        0.0000035591
       -0.0001594667  -0.0001629290   0.0000879730   0.0002590336   0.0000116350
        0.0000106860  -0.0000739585  -0.0000678385  -0.0000212614   0.0000112586
       -0.0000255489  -0.0000269806  -0.0000343404  -0.0000041103  -0.0000026163
       -0.0000044660   0.0000331655   0.0000306729  -0.0000869963   0.0000087104
        0.0000372088  -0.0000125307   0.0000016044   0.0000005604  -0.0000035222
       -0.0000033280  -0.0000059383  -0.0012354932   0.0002952284   0.0000540897
        0.0002387514   0.0002091717   0.0002030477  -0.0000693100  -0.0001562912
       -0.0001273061   0.0000205697   0.0000698546  -0.0000028203   0.0000189786
       -0.0000203215   0.0000010040  -0.0000003963   0.0000040877  -0.0000021940
        0.0014034795   0.0001181882  -0.0001782580  -0.4370400266   0.0432324604
       -0.0840415546   0.0002058051   0.0001198401   0.0002072499   0.0001629125
       -0.0002185301  -0.0001289403   0.0000012232   0.0000277444   0.0000165745
       -0.0000204797  -0.0000002216   0.0000014431  -0.0000193626  -0.0000024209
       -0.0000029394  -0.0000042886  -0.0000087826  -0.0000170235  -0.0000014544
       -0.0000011617   0.0000022026   0.0000005058  -0.0000015089   0.0000021855
        0.0000002737   0.0000005042   0.0000016089  -0.0000053488   0.0000020154
       -0.0000015056  -0.0000034677  -0.0000000201  -0.0000018061   0.0000350524
       -0.0000674482  -0.0001262536   0.0000092182  -0.0000032303  -0.0000168720
       -0.0000106142   0.0000121460   0.0000153358   0.0000134073  -0.0000012546
        0.0000060593  -0.0000008143  -0.0000018685   0.0000013232  -0.0000024468
       -0.0000004933   0.0000029207  -0.0000023535   0.0000011633  -0.0000011945
        0.0000031318   0.0000004147   0.0000006676   0.0000026416   0.0000011051
        0.0000032139  -0.0000003137   0.0000027785   0.0000022887  -0.0248338003
       -0.0011745547  -0.0025082471   0.4622241460  -0.0420735350   0.0871330966
        0.0006244777  -0.0001351839  -0.0000215873  -0.0002455311   0.0002470851
       -0.0000940658  -0.0013689572  -0.0002520225  -0.0005089684   0.0000095676
       -0.0000039415   0.0000047173  -0.0000191489  -0.0000015077   0.0000043432
        0.0000099036  -0.0000055391   0.0000018313   0.0000090817   0.0000006318
        0.0000069575  -0.0000201828  -0.0000018331  -0.0000109232   0.0000186922
        0.0000007036  -0.0000009244  -0.0000024108   0.0000060370  -0.0000029562
       -0.0000017599  -0.0000018164   0.0000002766  -0.0000033882   0.0000002818
        0.0000002549   0.0000064551   0.0000012878   0.0000024656  -0.0000062267
       -0.0000064716   0.0000030685   0.0000022302  -0.0000017030   0.0000020190
        0.0000023951  -0.0000009096   0.0000041474  -0.0000003351  -0.0000015189
        0.0000016429
        0.0004228405  -0.0002521130   0.0001713963  -0.0002808513  -0.0000655923
       -0.0000476429   0.0000177122   0.0000141113   0.0000518772  -0.0000142784
        0.0000095772   0.0000080027   0.0000119664  -0.0000317087  -0.0000250631
       -0.0000462221  -0.0000030212  -0.0000011260   0.0000939677   0.0000354828
        0.0000423637   0.0000097473   0.0000076652  -0.0000005809   0.0000094421
        0.0000072462  -0.0000114562  -0.0015938696   0.0003306101   0.0004373394
        0.0002284331   0.0002660398   0.0001015011  -0.0001375782  -0.0001836224
       -0.0001204022   0.0000434610   0.0000835502   0.0000090807   0.0000147182
       -0.0000226971   0.0000099991  -0.0000030332   0.0000142545  -0.0000108480
        0.0013542196  -0.0003433338  -0.0004527433   0.0732878753  -0.0359783142
        0.0329666884  -0.0003090502   0.0001402519   0.0000335355   0.0000235965
        0.0000771170   0.0000366837  -0.0000065275  -0.0000062583  -0.0000234232
        0.0000040192   0.0000043043  -0.0000028591   0.0000259290  -0.0000040280
       -0.0000167280   0.0000007398  -0.0000233666  -0.0000268973   0.0000033478
       -0.0000026763  -0.0000031415   0.0000051117   0.0000039816   0.0000065236
       -0.0000036697  -0.0000035992   0.0000003606  -0.0000128304   0.0000024608
        0.0000147053  -0.0000182956   0.0000008118   0.0000024283   0.0001835539
       -0.0001456555  -0.0001449404   0.0000677275   0.0000098461  -0.0000333213
       -0.0000082030  -0.0000344946  -0.0000205766   0.0000151676  -0.0000002388
        0.0000058334   0.0000203797  -0.0000013205  -0.0000047638  -0.0000052279
        0.0000004138   0.0000028825   0.0000042861  -0.0000147861  -0.0000086766
        0.0000049338   0.0000114688  -0.0000019462   0.0000007490  -0.0000004256
        0.0000030896   0.0000035003  -0.0000008645   0.0000001616  -0.0310891160
        0.0044652252  -0.0058029213  -0.0420735350   0.0316792339  -0.0267001104
        0.0001599903  -0.0007703589  -0.0001353730  -0.0004827540  -0.0002384216
       -0.0001188447   0.0000154331   0.0009559810  -0.0001806609   0.0000322359
        0.0000024540  -0.0000092188  -0.0000622081   0.0000042206   0.0000116630
        0.0000410836  -0.0000160162  -0.0000051285   0.0000061025  -0.0000023175
       -0.0000090930  -0.0000286428   0.0000092515   0.0000215824   0.0000393922
       -0.0000064894  -0.0000213954  -0.0000014593   0.0000077535   0.0000086457
        0.0000082135  -0.0000005399  -0.0000087022  -0.0000028739  -0.0000034881
        0.0000101160   0.0000204168   0.0000066886  -0.0000087884  -0.0000035333
        0.0000031060   0.0000030461   0.0000010875   0.0000021160  -0.0000002838
        0.0000011071   0.0000011249  -0.0000029714   0.0000012719  -0.0000006004
        0.0000011225
       -0.0001293065   0.0000939922  -0.0002953758   0.0001872755  -0.0000382201
       -0.0000353068  -0.0000973842   0.0000166954   0.0000135711   0.0000400582
       -0.0000027810  -0.0000151678  -0.0000070841  -0.0000103430  -0.0000154340
       -0.0000083053  -0.0000012096   0.0000039593  -0.0000035799   0.0000587315
        0.0000366537  -0.0000066938  -0.0000064528  -0.0000018763  -0.0000080016
        0.0000001393   0.0000138450   0.0005443257   0.0003654560   0.0003267543
       -0.0000617996  -0.0001889990  -0.0000799243  -0.0000937321  -0.0000079939
        0.0000473355   0.0000447686  -0.0000200024  -0.0000051432  -0.0000205450
        0.0000395342   0.0000027678   0.0000092480  -0.0000053669   0.0000060767
       -0.0001445886   0.0000719382  -0.0006869308  -0.1051984666   0.0288370146
       -0.0367018991  -0.0002841579   0.0001587323   0.0003412220   0.0001896120
       -0.0001283349   0.0000945686  -0.0000075152  -0.0000186334  -0.0000084639
       -0.0000168592  -0.0000118815  -0.0000032041  -0.0000030431  -0.0000025628
        0.0000011371   0.0000114720  -0.0000297326  -0.0000200449   0.0000003955
        0.0000014919   0.0000041522  -0.0000073503  -0.0000019605  -0.0000045355
        0.0000007513  -0.0000004843  -0.0000003429   0.0000106307   0.0000011081
        0.0000004712   0.0000149131   0.0000034502   0.0000074631   0.0000678911
       -0.0001030103  -0.0001790617   0.0000095171  -0.0000124258  -0.0000113667
        0.0000001542  -0.0000248422  -0.0000034565  -0.0000208761  -0.0000008103
       -0.0000169299   0.0000052344   0.0000021242  -0.0000015851   0.0000016509
        0.0000020748  -0.0000051677   0.0000092497  -0.0000110136  -0.0000041847
       -0.0000033720  -0.0000103347   0.0000033204  -0.0000077293  -0.0000012671
       -0.0000096847   0.0000025928   0.0000031229   0.0000000132   0.0182976943
       -0.0025563494   0.0052306820   0.0871330966  -0.0267001104   0.0312267006
        0.0000332563  -0.0012098962  -0.0010324108  -0.0004465156  -0.0001090912
        0.0002698949  -0.0000256589   0.0015665834   0.0015135538  -0.0000250387
        0.0000092455  -0.0000136907   0.0000469401  -0.0000060012   0.0000022929
       -0.0000310312   0.0000093827  -0.0000042143  -0.0000092929   0.0000018955
       -0.0000174365   0.0000347657  -0.0000078343   0.0000312955  -0.0000257194
       -0.0000097628  -0.0000147519   0.0000051581  -0.0000042500   0.0000024589
        0.0000008677   0.0000005411   0.0000017648   0.0000032275   0.0000045740
       -0.0000005739  -0.0000157851  -0.0000040829  -0.0000049102   0.0000061584
       -0.0000005253   0.0000055601  -0.0000014793  -0.0000032524   0.0000010864
        0.0000003484  -0.0000001870   0.0000021753  -0.0000003423   0.0000021773
        0.0000022979
       -0.0086905030   0.0031239747   0.0086153646   0.0036290282   0.0012447696
        0.0015690611  -0.0003066110  -0.0008745868  -0.0005350076   0.0005154631
        0.0001733844   0.0000932875   0.0000226788   0.0001110713   0.0000422333
        0.0001849679   0.0001473756   0.0000258383  -0.0016568397   0.0000859871
        0.0002237527  -0.0000196031  -0.0000584869   0.0000688421  -0.0001576390
        0.0000285917   0.0000015744  -0.0047028591   0.0022872200  -0.0007162215
        0.0008321590  -0.0000217475   0.0003160833   0.0001422780   0.0001828311
        0.0000178031  -0.0000435850  -0.0001335151  -0.0000302692  -0.0001552557
        0.0001881422  -0.0000445236   0.0000365196  -0.0000563492   0.0000412193
        0.0055452442   0.0000305476  -0.0020444357  -0.0019272447  -0.0043749948
       -0.0079875990   0.0028246542  -0.0038814219  -0.0039771590  -0.0011326377
        0.0000812799   0.0008872599   0.0001470609   0.0004033002   0.0003663336
       -0.0001098224  -0.0000812620  -0.0000610879  -0.0001980229   0.0000616190
        0.0001514815   0.0000377763   0.0001126489   0.0000920471  -0.0000124908
        0.0000344856   0.0000276939  -0.0000359220  -0.0000209701  -0.0000419207
        0.0000222105   0.0000334865  -0.0000084615   0.0001215580   0.0000719665
       -0.0001532236   0.0000566276   0.0000531246  -0.0000165052   0.0001600044
       -0.0001394046  -0.0000670588   0.0000093268   0.0000993693  -0.0001201252
       -0.0001749253   0.0001941289   0.0000317945  -0.0000160081   0.0000890604
        0.0000354587   0.0000324306  -0.0000025519  -0.0000542909   0.0000139039
       -0.0000233490   0.0000491125   0.0000506789  -0.0000526761  -0.0000229871
       -0.0000275683  -0.0000943444   0.0000239051  -0.0000040095   0.0000279185
       -0.0000006026   0.0000297180   0.0000284548  -0.0000266085  -0.0027656507
       -0.0008760268   0.0018117543   0.0006244777   0.0001599903   0.0000332563
        0.2417451378   0.1571950970   0.1386257629  -0.0323089423   0.0137281379
       -0.0374238174  -0.2021934761  -0.1691193344  -0.0998743855  -0.0000936532
       -0.0003259518   0.0002540573   0.0004717737   0.0002130439  -0.0001149010
       -0.0002406577  -0.0000622333   0.0000629173   0.0000295668  -0.0000004759
        0.0001082925  -0.0000614677   0.0005611687  -0.0003363813  -0.0000970413
       -0.0003447671   0.0000650396  -0.0000084576  -0.0000276290  -0.0000483235
       -0.0000233976   0.0000134665   0.0000267837   0.0000239561   0.0000044487
       -0.0000251826  -0.0001821419  -0.0001821018   0.0000790591   0.0000699755
       -0.0000007993  -0.0000218093  -0.0000268532  -0.0000255239  -0.0000142763
       -0.0000156077  -0.0000076500   0.0000323863   0.0000097178   0.0000180621
       -0.0000122910
        0.0062446943   0.0004467487  -0.0053361555  -0.0028161108  -0.0008513243
       -0.0007949141   0.0003695980   0.0004640046   0.0000544088  -0.0001780802
       -0.0000582527  -0.0000427452   0.0000550554   0.0000229925   0.0000473584
       -0.0001668810  -0.0001698201  -0.0000898505   0.0011391639  -0.0001221508
       -0.0002753735   0.0000042206   0.0000267263  -0.0000164581   0.0000726952
       -0.0000273109  -0.0000025979   0.0028496151  -0.0029958020   0.0000944709
        0.0000462321  -0.0000703072   0.0003464524   0.0004285480  -0.0005456476
       -0.0002843452   0.0000266800   0.0002352035  -0.0000132859   0.0001439001
        0.0000006495  -0.0000707250  -0.0000137570   0.0000296613  -0.0000224246
       -0.0021668075   0.0017367283   0.0046499913  -0.0047494580  -0.0000957661
       -0.0048833397  -0.0035576667  -0.0017890000   0.0023059692   0.0002471371
        0.0000803770  -0.0003604239  -0.0000571927  -0.0001244677   0.0000592200
        0.0000846498   0.0000485348   0.0000462109   0.0000903823  -0.0000056978
       -0.0000363098   0.0000108188   0.0000174953   0.0000484365  -0.0000001890
        0.0000008503   0.0000015999   0.0000233079   0.0000065571   0.0000112517
        0.0000004678   0.0000031855   0.0000039621  -0.0000261694  -0.0000449318
        0.0000474250   0.0000124727  -0.0000256131  -0.0000073702  -0.0003585404
        0.0007821434  -0.0001141160  -0.0001082572   0.0001362898   0.0001337002
       -0.0000207777   0.0002331982   0.0000091722   0.0000981392  -0.0000122201
        0.0000045202  -0.0001321698   0.0000259949   0.0000830686   0.0000092983
        0.0000020684   0.0000144337  -0.0000503575   0.0000764890   0.0000169818
        0.0000091680   0.0000092674  -0.0000114482   0.0000145704  -0.0000022321
        0.0000012242  -0.0000247668  -0.0000077139   0.0000054788  -0.0003227636
       -0.0016385590   0.0003821161  -0.0001351839  -0.0007703589  -0.0012098962
        0.1571950970   0.4602737665  -0.1297183761   0.0357112947  -0.2511898892
        0.2157792526  -0.1900121574  -0.2042040726  -0.0808355614  -0.0000280441
        0.0001695227  -0.0000936076  -0.0000859126  -0.0001181799   0.0000292525
        0.0000318246   0.0000713881  -0.0000171794  -0.0000209287   0.0000032835
       -0.0000080003   0.0000853952  -0.0003560264   0.0000597054  -0.0000366266
        0.0002313237   0.0000588802   0.0000147327  -0.0000035471   0.0000036033
       -0.0000012625  -0.0000078671   0.0000003209  -0.0000048940   0.0000069467
       -0.0000184622   0.0000486405   0.0000851542  -0.0000220487  -0.0000126407
        0.0000031071  -0.0000022840   0.0000131189   0.0000119029   0.0000018354
        0.0000082388  -0.0000003354  -0.0000125876  -0.0000015616  -0.0000044674
       -0.0000004164
        0.0102144566  -0.0042458997  -0.0033341128  -0.0043177890  -0.0010280360
       -0.0013813783   0.0007256168   0.0001818744   0.0003216891  -0.0003535903
       -0.0000851580  -0.0000357932   0.0000124231  -0.0000508298   0.0000177515
       -0.0002986347  -0.0001503345  -0.0000244731   0.0015835443  -0.0001383915
       -0.0002655557   0.0000185347   0.0000718207  -0.0000213661   0.0001242503
       -0.0000129595  -0.0000712730  -0.0046779399  -0.0005383190   0.0015819343
        0.0007954392   0.0016325140   0.0007487888  -0.0004227888  -0.0012530621
       -0.0008680840   0.0002141966   0.0005628450   0.0000897028   0.0002540107
       -0.0002873693   0.0000139174  -0.0000514030   0.0000981100  -0.0000746406
        0.0026232136   0.0020803653  -0.0085413789  -0.0054956738  -0.0033978232
       -0.0039698458  -0.0045367104   0.0028990162  -0.0014750551   0.0004217523
        0.0005117572  -0.0008722453  -0.0000438023   0.0000665030  -0.0001686536
        0.0001269840   0.0001083551   0.0000461542   0.0001545178  -0.0000127721
       -0.0000960611  -0.0000272540   0.0000330971   0.0000118846  -0.0000066159
       -0.0000128534  -0.0000180290   0.0000598034   0.0000220678   0.0000432370
       -0.0000167818  -0.0000164418   0.0000023746  -0.0001125837  -0.0000344183
        0.0001123544  -0.0000798513  -0.0000408908  -0.0000146328   0.0004598714
       -0.0004846282   0.0001868340   0.0001087265   0.0000413469   0.0000592384
        0.0000663204  -0.0001131254  -0.0002346650   0.0002312184  -0.0000050346
        0.0000571178  -0.0000561246   0.0000033647   0.0000730698  -0.0000170619
       -0.0000029194   0.0000292825  -0.0000618629   0.0000457404   0.0000088454
        0.0000389476   0.0000915120  -0.0000174901   0.0000358815  -0.0000077104
        0.0000424097  -0.0000304076  -0.0000255636   0.0000227069   0.0006957939
       -0.0005070241   0.0009086940  -0.0000215873  -0.0001353730  -0.0010324108
        0.1386257629  -0.1297183761   0.2878290776  -0.0520329666   0.1916743023
       -0.2038392948  -0.0851212969  -0.0579478323  -0.0658411264   0.0001499249
        0.0001775991  -0.0001253940  -0.0004227493  -0.0000987376   0.0000555530
        0.0002387817   0.0000030071  -0.0000200742   0.0000188065  -0.0000067951
       -0.0000372777  -0.0000970672  -0.0003347428   0.0001351818   0.0001704280
        0.0002331159  -0.0000115442  -0.0000031781   0.0000495062   0.0000441113
        0.0000214780  -0.0000123096  -0.0000272514  -0.0000211516  -0.0000186224
        0.0000368958   0.0001658189   0.0001215738  -0.0000326181  -0.0000569103
       -0.0000034365  -0.0000030894   0.0000206703   0.0000291766   0.0000039403
        0.0000102080   0.0000069650  -0.0000262835  -0.0000035987  -0.0000177459
       -0.0000016487
        0.0001476340  -0.0001145545   0.0005618698  -0.0008218060   0.0000904523
       -0.0000071065   0.0001456622   0.0001845840   0.0003471151  -0.0001142706
       -0.0000699527  -0.0000470673  -0.0000039209  -0.0000923753  -0.0000908959
        0.0000509424   0.0000613913   0.0000369932   0.0000749066  -0.0000016495
       -0.0000110082   0.0000021023   0.0000065326  -0.0000257034   0.0000277277
       -0.0000011992  -0.0000132574   0.0010069124   0.0006353896   0.0013230810
       -0.0006550921   0.0000743640  -0.0001597652  -0.0005974493   0.0001114397
        0.0000539726   0.0001347393   0.0000043255  -0.0000199571   0.0000675148
       -0.0001097622   0.0000397477  -0.0000115263   0.0000473652  -0.0000292228
       -0.0025811323  -0.0003325745  -0.0003331161  -0.0010595384   0.0007186144
        0.0008779100  -0.0007426310   0.0030924491  -0.0011690375   0.0000588167
       -0.0000881091  -0.0000769236  -0.0002330844  -0.0001015948  -0.0003125987
        0.0000350876   0.0000259829   0.0000113988   0.0000537640  -0.0000306379
       -0.0000485138  -0.0000015716  -0.0000583669  -0.0000632924   0.0000171610
       -0.0000119567  -0.0000137894   0.0000155958   0.0000111430   0.0000163869
       -0.0000128675  -0.0000134951   0.0000034685  -0.0000533061  -0.0000144432
        0.0000574343  -0.0000388280  -0.0000137674   0.0000050473  -0.0000675548
       -0.0002351828   0.0001284404   0.0001100598  -0.0001524915  -0.0000454519
        0.0001638021  -0.0006325807   0.0000202165  -0.0000299162  -0.0000494396
       -0.0000393108   0.0000789601   0.0000302049  -0.0000134154  -0.0000044307
        0.0000183418  -0.0000303927  -0.0000039142  -0.0000004215   0.0000081330
        0.0000254780   0.0000618687  -0.0000162379   0.0000000415  -0.0000138098
       -0.0000005166  -0.0000066490  -0.0000081172   0.0000107060   0.0012486788
       -0.0001869398  -0.0013504610  -0.0002455311  -0.0004827540  -0.0004465156
       -0.0323089423   0.0357112947  -0.0520329666   0.0322665087  -0.0145333632
        0.0351102467   0.0037421466  -0.0235845276   0.0178233812   0.0000669424
        0.0001031205  -0.0000924553  -0.0001902131  -0.0000658057   0.0000432482
        0.0001107495   0.0000043124  -0.0000238539   0.0000018297  -0.0000082289
       -0.0000438648  -0.0000285477  -0.0001740693   0.0001350107   0.0000862805
        0.0001069874  -0.0000522306  -0.0000034594   0.0000233032   0.0000287829
        0.0000182414  -0.0000051497  -0.0000214885  -0.0000108845  -0.0000040227
        0.0000230679   0.0000784797   0.0000628354  -0.0000326052  -0.0000265360
       -0.0000030428   0.0000069158   0.0000110274   0.0000115634   0.0000031295
        0.0000065328   0.0000040464  -0.0000150092  -0.0000007226  -0.0000075267
        0.0000023273
       -0.0018201978   0.0003004018   0.0003344807   0.0013793832   0.0001706837
        0.0000811529  -0.0003613525  -0.0002424836  -0.0001133964   0.0000801080
        0.0000044011   0.0000147921  -0.0000483621   0.0000273282   0.0000230121
        0.0000445378   0.0000202296   0.0000295899  -0.0003757451   0.0000842737
        0.0001321725   0.0000032474  -0.0000083781   0.0000059742  -0.0000319456
        0.0000131948   0.0000043565   0.0007498237   0.0013459485  -0.0009663675
       -0.0003475943  -0.0003623978  -0.0004352856  -0.0003547866   0.0006572435
        0.0005145713   0.0000199703  -0.0002376907  -0.0000881337  -0.0001199799
        0.0000335957   0.0000423080   0.0000222829  -0.0000330103   0.0000157411
        0.0000271111  -0.0020419427   0.0001959802   0.0003202760   0.0005645036
        0.0013374672   0.0036729885  -0.0029203342  -0.0001185357   0.0001165527
       -0.0001724454   0.0001590144   0.0001360030   0.0001276929   0.0000510092
       -0.0000509720  -0.0000257108  -0.0000217701  -0.0000419783   0.0000060607
        0.0000175199   0.0000011020   0.0000012108  -0.0000075617  -0.0000039273
       -0.0000010649  -0.0000019556  -0.0000157320  -0.0000048727  -0.0000069286
        0.0000016413   0.0000010836  -0.0000042503   0.0000167751   0.0000202837
       -0.0000236400  -0.0000047996   0.0000119077   0.0000024582   0.0000719422
       -0.0003271535  -0.0000216965  -0.0000084447  -0.0001557369  -0.0001156993
       -0.0002289715  -0.0003592329   0.0000769076  -0.0000815543   0.0000143355
       -0.0000172579   0.0001098050  -0.0000050812  -0.0000640184   0.0000001126
       -0.0000038883   0.0000049870   0.0000335306  -0.0000802829  -0.0000166854
       -0.0000091290  -0.0000111550   0.0000064971  -0.0000074601   0.0000022592
       -0.0000027609   0.0000211961   0.0000071955  -0.0000046553  -0.0004507762
        0.0003648660  -0.0019972673   0.0002470851  -0.0002384216  -0.0001090912
        0.0137281379  -0.2511898892   0.1916743023  -0.0145333632   0.2824369626
       -0.2099431486  -0.0019038664  -0.0277598372   0.0193670711   0.0000098805
       -0.0000859737   0.0000473935   0.0000483908   0.0000571354  -0.0000177384
       -0.0000177436  -0.0000299027   0.0000054271   0.0000094831   0.0000017566
        0.0000028305  -0.0000362115   0.0001895978  -0.0000315653   0.0000128642
       -0.0001225857  -0.0000275088  -0.0000045684   0.0000003056  -0.0000025688
       -0.0000013493   0.0000021547   0.0000006196   0.0000028612  -0.0000037096
        0.0000105736  -0.0000237429  -0.0000414866   0.0000082708   0.0000089559
        0.0000010646  -0.0000012914  -0.0000072811  -0.0000054708  -0.0000047428
       -0.0000050509  -0.0000004950   0.0000024915   0.0000008377   0.0000029568
       -0.0000034507
       -0.0007652713   0.0005234626  -0.0016841690   0.0009923925   0.0000530832
       -0.0000938947  -0.0003492399   0.0001971183   0.0000803047   0.0000832282
       -0.0000079882  -0.0000031241   0.0000390825   0.0000352031  -0.0000048174
        0.0000854458  -0.0000645251  -0.0000345792  -0.0001243908   0.0000096163
       -0.0000041640  -0.0000018027  -0.0000276890  -0.0000107241  -0.0000320493
        0.0000072894   0.0000440537   0.0082643837  -0.0016795741  -0.0024158510
       -0.0010746437  -0.0017449953  -0.0006709602   0.0002657694   0.0011174152
        0.0008666453  -0.0002174373  -0.0004474677  -0.0001020919  -0.0001679081
        0.0001925090   0.0000083567   0.0000264940  -0.0000627891   0.0000385234
       -0.0049819183   0.0011803364   0.0046851322   0.0001269448   0.0001556525
       -0.0015891626  -0.0004019400   0.0004254495   0.0019200221   0.0000804726
       -0.0003028189  -0.0000892662  -0.0001264903  -0.0000274179  -0.0000356982
       -0.0000440184  -0.0000389794  -0.0000119669  -0.0000244357  -0.0000010718
        0.0000198613   0.0000167414  -0.0000325646  -0.0000284599   0.0000080683
        0.0000032438   0.0000051698  -0.0000245091  -0.0000042375  -0.0000167385
        0.0000070521   0.0000047074  -0.0000000792   0.0000480668   0.0000010231
       -0.0000381959   0.0000431513   0.0000149355   0.0000100768  -0.0007381384
        0.0009400710   0.0000109980  -0.0001462983  -0.0000805297   0.0000131637
        0.0001318643   0.0002077701   0.0003495428  -0.0002145189  -0.0000320448
       -0.0000702355   0.0000476404   0.0000003425  -0.0000482840   0.0000183502
        0.0000138471  -0.0000462725   0.0000417832  -0.0000292416   0.0000026126
       -0.0000202145  -0.0000420615   0.0000023513  -0.0000262443   0.0000009044
       -0.0000303089   0.0000235367   0.0000136670  -0.0000164776  -0.0013193864
       -0.0015163036  -0.0003858278  -0.0000940658  -0.0001188447   0.0002698949
       -0.0374238174   0.2157792526  -0.2038392948   0.0351102467  -0.2099431486
        0.1928233847   0.0029336034  -0.0046302589   0.0101414801  -0.0000806206
       -0.0000514345   0.0000286838   0.0001724396   0.0000305569  -0.0000192688
       -0.0000948601   0.0000073825   0.0000050887  -0.0000253758   0.0000052097
        0.0000029658   0.0000938026   0.0001100279  -0.0000179935  -0.0001018318
       -0.0000836551  -0.0000036175   0.0000081614  -0.0000321588  -0.0000209252
       -0.0000101415   0.0000032859   0.0000126779   0.0000122005   0.0000127277
       -0.0000240240  -0.0000674589  -0.0000419268   0.0000050683   0.0000237877
        0.0000027766   0.0000041382  -0.0000066312  -0.0000102056  -0.0000017362
       -0.0000020364  -0.0000024382   0.0000068977   0.0000029850   0.0000075040
        0.0000011144
        0.0016403712   0.0005625886  -0.0007877706  -0.0015650135  -0.0002541130
        0.0000730166   0.0004130637   0.0002247574   0.0000551392  -0.0000915331
        0.0000219880  -0.0000010747  -0.0000232716  -0.0000351529  -0.0000181225
       -0.0000548658   0.0000212326   0.0000062957   0.0004363760  -0.0000495638
       -0.0001486606  -0.0000295154   0.0000140316  -0.0000040827   0.0000382220
       -0.0000176403  -0.0000012785   0.0005090467  -0.0006718633   0.0007850576
       -0.0001528887   0.0002266746  -0.0001068537   0.0000068945  -0.0001347694
       -0.0001094201   0.0000036041   0.0000706602   0.0000429979   0.0000535337
       -0.0000798113   0.0000242724  -0.0000157411   0.0000171713  -0.0000090718
       -0.0015958018  -0.0002439449  -0.0007044920  -0.0016423408   0.0013790832
        0.0031724594  -0.0049452446  -0.0004805395   0.0011244026  -0.0001108921
        0.0002535934   0.0003177380   0.0000027935  -0.0001295875  -0.0000687400
        0.0000522075   0.0000286355   0.0000224136   0.0000568514  -0.0000208657
       -0.0000400028  -0.0000202395  -0.0000192259   0.0000032928  -0.0000002614
       -0.0000109344  -0.0000052476   0.0000147349   0.0000045433   0.0000120559
       -0.0000064214  -0.0000116927   0.0000019592  -0.0000430823  -0.0000231307
        0.0000533544  -0.0000186094  -0.0000176094   0.0000080936   0.0000611981
       -0.0000869975   0.0000385431   0.0000348323  -0.0000007970   0.0000389272
        0.0000229759  -0.0000307812  -0.0000726903   0.0000446873  -0.0000052015
        0.0000013510  -0.0000185125  -0.0000104070   0.0000238925  -0.0000098316
        0.0000004476  -0.0000095643  -0.0000170310   0.0000202674   0.0000043471
        0.0000072789   0.0000274566  -0.0000015554   0.0000021953  -0.0000082492
        0.0000001970  -0.0000143223  -0.0000101992   0.0000139862   0.0028831168
        0.0005641751  -0.0009792536  -0.0013689572   0.0000154331  -0.0000256589
       -0.2021934761  -0.1900121574  -0.0851212969   0.0037421466  -0.0019038664
        0.0029336034   0.2038796386   0.1907669979   0.0794539278   0.0000263782
        0.0001293298  -0.0000941954  -0.0001546470  -0.0000931933   0.0000467367
        0.0000701745   0.0000304096  -0.0000240260  -0.0000101555   0.0000006153
       -0.0000425796   0.0000248978  -0.0002297926   0.0001296165   0.0000365386
        0.0001337083  -0.0000229581  -0.0000012966   0.0000099130   0.0000181808
        0.0000068308  -0.0000016663  -0.0000074333  -0.0000101462  -0.0000010760
        0.0000101677   0.0000624443   0.0000713513  -0.0000290065  -0.0000255779
       -0.0000030262   0.0000115275   0.0000084288   0.0000063613   0.0000078062
        0.0000048183   0.0000026190  -0.0000072302  -0.0000066037  -0.0000061897
        0.0000069066
        0.0010941860  -0.0011004421  -0.0002571381   0.0000432487  -0.0000392904
       -0.0002400590   0.0000526732  -0.0000817487  -0.0000221212  -0.0000471840
        0.0000187001   0.0000273655  -0.0000155236  -0.0000236610  -0.0000141187
       -0.0000159762  -0.0000015388   0.0000180295   0.0001224464  -0.0000048361
        0.0000480612  -0.0000036132   0.0000086918   0.0000032192   0.0000012153
        0.0000067163  -0.0000032499  -0.0014001787   0.0008359905   0.0006382120
        0.0001906046   0.0002137363  -0.0000369669  -0.0001895631  -0.0001528945
       -0.0000785201   0.0000456107   0.0000670571   0.0000434993  -0.0000103782
       -0.0000175459   0.0000211448  -0.0000050016   0.0000012744  -0.0000017420
        0.0005589868  -0.0007644315  -0.0016666181   0.0020108264  -0.0032979486
        0.0008046426  -0.0016353874   0.0020195014   0.0012359314   0.0002955927
        0.0000641511  -0.0002251276   0.0000341473   0.0000097853  -0.0000140227
       -0.0000067987   0.0000018223  -0.0000041668   0.0000035851   0.0000005356
       -0.0000128051  -0.0000185652  -0.0000138701  -0.0000303970  -0.0000044268
       -0.0000049698  -0.0000012225   0.0000009371   0.0000002592   0.0000047409
       -0.0000044468  -0.0000051600  -0.0000004446  -0.0000084023   0.0000086695
        0.0000042602  -0.0000148428   0.0000028776   0.0000060073   0.0002210151
       -0.0003303901  -0.0000690158   0.0000962025   0.0000007805  -0.0000340475
        0.0000053392  -0.0000269116  -0.0000860492   0.0000298942   0.0000214410
        0.0000143370   0.0000202126  -0.0000173901  -0.0000078823  -0.0000090368
       -0.0000053305  -0.0000012717   0.0000071990  -0.0000145945  -0.0000106468
        0.0000002350   0.0000029365   0.0000049350  -0.0000017997   0.0000012644
        0.0000013587   0.0000009915  -0.0000009705   0.0000027787   0.0007271175
        0.0017179145   0.0008366615  -0.0002520225   0.0009559810   0.0015665834
       -0.1691193344  -0.2042040726  -0.0579478323  -0.0235845276  -0.0277598372
       -0.0046302589   0.1907669979   0.2319259983   0.0600932672   0.0000312787
       -0.0000298102   0.0000071692  -0.0000437137   0.0000345753   0.0000021968
        0.0000284833  -0.0000294171   0.0000025940   0.0000081626  -0.0000008454
       -0.0000111845  -0.0000322599   0.0000779220   0.0000145136   0.0000297817
       -0.0000522273  -0.0000291697  -0.0000049287   0.0000050428   0.0000054357
        0.0000054510   0.0000013257  -0.0000030671  -0.0000012203  -0.0000049850
        0.0000101951   0.0000072881  -0.0000154971   0.0000023562  -0.0000073531
       -0.0000017372   0.0000086561  -0.0000019080  -0.0000024100   0.0000032535
       -0.0000003140  -0.0000003690   0.0000035245  -0.0000010028   0.0000001826
        0.0000042158
       -0.0008723525   0.0005037653  -0.0011844022   0.0009861797   0.0000077808
        0.0000025402  -0.0002388568  -0.0000329345  -0.0001365602   0.0000258547
        0.0000288209   0.0000217259  -0.0000265946   0.0000163365   0.0000098308
        0.0000325134  -0.0000158738  -0.0000052515  -0.0001481060   0.0000729388
        0.0000612155   0.0000000812  -0.0000108361   0.0000006771  -0.0000167935
        0.0000006604   0.0000343255   0.0025744074   0.0001415425  -0.0006779825
       -0.0005716465  -0.0005074217  -0.0005540649   0.0001197849   0.0004583335
        0.0003318672  -0.0000778619  -0.0002405984  -0.0000010474  -0.0000883951
        0.0000675587   0.0000076861   0.0000152087  -0.0000403652   0.0000282382
       -0.0022099678  -0.0013645504   0.0008493205   0.0021679060   0.0011799772
        0.0014060078   0.0007322054   0.0001464233   0.0017704242   0.0003622476
       -0.0003665808   0.0001679888   0.0000830277  -0.0000294822   0.0000336205
       -0.0000301511  -0.0000295555  -0.0000059776  -0.0000233183  -0.0000011706
        0.0000121788   0.0000001548  -0.0000369286  -0.0000171732  -0.0000044631
       -0.0000005678   0.0000057052  -0.0000201101  -0.0000088545  -0.0000124255
        0.0000057217   0.0000010961  -0.0000017582   0.0000301303   0.0000006931
       -0.0000193065   0.0000307409   0.0000068980   0.0000113316  -0.0000438353
       -0.0000630342   0.0000676364  -0.0000602536  -0.0000557969   0.0000150596
       -0.0000296222   0.0000427361   0.0000480728  -0.0000599475   0.0000065933
       -0.0000171066   0.0000141486  -0.0000103789  -0.0000167471   0.0000016462
        0.0000012036  -0.0000175734   0.0000106968  -0.0000085478   0.0000022333
       -0.0000163395  -0.0000276291   0.0000085625  -0.0000129420  -0.0000003937
       -0.0000144597   0.0000067381   0.0000039048  -0.0000025029   0.0005336615
        0.0017355989  -0.0049905979  -0.0005089684  -0.0001806609   0.0015135538
       -0.0998743855  -0.0808355614  -0.0658411264   0.0178233812   0.0193670711
        0.0101414801   0.0794539278   0.0600932672   0.0569717925  -0.0000557721
       -0.0000244857   0.0000063470   0.0001127639   0.0000059417  -0.0000047684
       -0.0000716758   0.0000142731  -0.0000041374  -0.0000189435   0.0000061417
       -0.0000104542   0.0000663175   0.0000684126   0.0000123341  -0.0000703472
       -0.0000549675  -0.0000110440   0.0000047235  -0.0000182980  -0.0000097426
       -0.0000067780   0.0000030092   0.0000097183   0.0000057738   0.0000085717
       -0.0000102485  -0.0000431392  -0.0000211315  -0.0000011039   0.0000119413
        0.0000012564   0.0000070315  -0.0000055513  -0.0000081128   0.0000011604
       -0.0000030414  -0.0000008998   0.0000052296  -0.0000017247   0.0000048121
        0.0000026668
        0.0003009525  -0.0003014410   0.0003025585  -0.0002148981   0.0003196217
        0.0001645072  -0.0001122045  -0.0002354233  -0.0000653105   0.0007471054
       -0.0004893266  -0.0003150537  -0.0019090565  -0.0005699206   0.0012167207
       -0.0006025223  -0.0004590268   0.0013562132   0.0009084397  -0.0001939311
        0.0000150509   0.0005691273   0.0033967854  -0.0073729462  -0.0898758473
       -0.0061847707  -0.0820346967   0.0004614875   0.0005878395  -0.0002130064
        0.0000865020  -0.0004094925  -0.0003277858   0.0000887085   0.0001138423
        0.0000514039   0.0003963036  -0.0002197272  -0.0002970408  -0.0000240237
       -0.0000374576  -0.0000095444   0.0000794477  -0.0000816452  -0.0000903692
       -0.0004507018  -0.0001988295   0.0002029019  -0.0001002963  -0.0001247830
        0.0000686725   0.0000426880   0.0000459334  -0.0001106101  -0.0000054824
        0.0000508531  -0.0000410740  -0.0000008841   0.0000128724  -0.0000677059
       -0.0001273066  -0.0000635439  -0.0000470619  -0.0001816330  -0.0000603739
       -0.0000512204   0.0000006404   0.0000432094   0.0000154801   0.0001993466
       -0.0010878654   0.0006290707   0.0003332977   0.0002636321  -0.0003362833
        0.0038477531  -0.0043239688  -0.0030576706  -0.0356612125  -0.0681801463
       -0.0462794715  -0.0023415560   0.0010022353  -0.0005625008  -0.0000369514
       -0.0000358540   0.0000157584   0.0000134026   0.0001750617   0.0001714612
       -0.0001208498   0.0000577565   0.0000767192  -0.0000746660   0.0000289054
        0.0000466936  -0.0002779189   0.0001029431   0.0000787590   0.0001083779
       -0.0000304964   0.0000706621  -0.0001096944   0.0001195519   0.0000510926
       -0.0000097572   0.0000430921  -0.0000287067  -0.0000000942   0.0000093347
        0.0000822606  -0.0001182859  -0.0001528806  -0.0000566484   0.0001461854
        0.0001500255  -0.0000663405   0.0000095676   0.0000322359  -0.0000250387
       -0.0000936532  -0.0000280441   0.0001499249   0.0000669424   0.0000098805
       -0.0000806206   0.0000263782   0.0000312787  -0.0000557721   0.2394536102
       -0.0159638580   0.2559624603  -0.0241689591  -0.0029584138  -0.0281479067
       -0.0041239823   0.0006017845   0.0038771886  -0.0124893169   0.0147389091
       -0.0233273919  -0.0880061240   0.0788368551  -0.0697793992   0.0152785340
       -0.0002387870   0.0013125624   0.0004808009   0.0014043133   0.0005443945
       -0.0010340463   0.0007473301  -0.0017623662  -0.0020630737  -0.0001837507
       -0.0035563298  -0.0001032517  -0.0005270129  -0.0003629337   0.0008004190
        0.0004162727   0.0019900308   0.0001578672  -0.0000162622  -0.0002038675
       -0.0005056442  -0.0000389935   0.0003313821   0.0003400088   0.0000536711
       -0.0000512558
       -0.0020396990   0.0009041941  -0.0008221340   0.0020582815   0.0004209852
        0.0003344562  -0.0006826711  -0.0005316239  -0.0003867816   0.0007235371
       -0.0003957346  -0.0006483530   0.0003167240   0.0010004452   0.0009837168
       -0.0005545822  -0.0010508022   0.0016263616   0.0002934070   0.0002110051
        0.0004772990   0.0146609773  -0.0015555291   0.0268817608  -0.0065426143
       -0.0795499271  -0.0163975890   0.0004555203  -0.0013657304   0.0005206912
        0.0004140084   0.0006708301   0.0000909890  -0.0006091556  -0.0007072683
       -0.0003363592   0.0002335518   0.0006374966   0.0000602027   0.0000188272
       -0.0003017021   0.0001180832  -0.0002803935   0.0001870453   0.0000924810
       -0.0007043270   0.0004089921   0.0001343910  -0.0001102582   0.0000017693
       -0.0000321744   0.0002449023  -0.0002187820  -0.0001151152   0.0000412399
       -0.0001284424   0.0000873871  -0.0001424040   0.0000457263   0.0001286218
        0.0000615130   0.0000149444  -0.0000041203  -0.0001245973   0.0001640105
        0.0000831526  -0.0000945002  -0.0001068992  -0.0001025555  -0.0000408198
        0.0008211397   0.0003633905  -0.0001587238  -0.0047466021   0.0042385382
       -0.0139322291  -0.0042649895  -0.0232835881  -0.0696970214  -0.3353495163
       -0.1083330684   0.0044729718  -0.0027442892   0.0014500242   0.0000031390
        0.0001002101  -0.0000325918   0.0000967692  -0.0000179528   0.0001770671
        0.0000669228  -0.0000398018   0.0000386992  -0.0000145713  -0.0001289656
       -0.0000629803   0.0001533745  -0.0008705846   0.0001533730  -0.0001835503
        0.0000502238  -0.0000971164   0.0002865632   0.0000452985  -0.0001633160
        0.0001231280   0.0000803605   0.0000039599   0.0000781789  -0.0000687366
       -0.0001552579  -0.0002318730   0.0005620503   0.0004201993   0.0001216167
       -0.0000016691   0.0000357549  -0.0000039415   0.0000024540   0.0000092455
       -0.0003259518   0.0001695227   0.0001775991   0.0001031205  -0.0000859737
       -0.0000514345   0.0001293298  -0.0000298102  -0.0000244857  -0.0159638580
        0.7673781630   0.0038851488  -0.0069023511  -0.0024626975  -0.0002622436
        0.0011870418   0.0013310135  -0.0009312324   0.0041643846   0.0013216241
        0.0096184119   0.0823229189  -0.2407085710   0.0949635851   0.0065548516
       -0.1039734522   0.0083214029   0.0000532664   0.0009514913  -0.0014724713
        0.0002844471  -0.0004167376  -0.0000682861  -0.0005502504   0.0002470511
       -0.0006364763  -0.0003246844   0.0034736452  -0.0007557072   0.0000339049
        0.0005004977  -0.0001364283   0.0004142570   0.0001945829   0.0000637387
        0.0002881374  -0.0000599611  -0.0002625756  -0.0002457856  -0.0000140204
        0.0000347099
        0.0013299650  -0.0004960849   0.0004742583  -0.0014124232  -0.0001472770
       -0.0000678816   0.0001078837   0.0003117581   0.0002369564  -0.0003809440
        0.0002444519   0.0001024494  -0.0016200197  -0.0000883789  -0.0006476991
       -0.0001272780   0.0001798135  -0.0004422234  -0.0000182348  -0.0001864166
       -0.0003954949  -0.0103918889   0.0073499999  -0.0269108800  -0.0691034947
       -0.0118763678  -0.1544716596  -0.0005934123   0.0006354078  -0.0003872048
       -0.0000696168  -0.0002104435   0.0002396587   0.0000826886   0.0001317969
        0.0000356940  -0.0002111568  -0.0001156599   0.0000631393  -0.0000278519
        0.0001827803  -0.0002082530   0.0001848869  -0.0001314235  -0.0000894138
        0.0006807744  -0.0002087472  -0.0001105431   0.0001110088   0.0000396600
        0.0000512608  -0.0001637461   0.0001274121   0.0000630885  -0.0000150154
        0.0000838446  -0.0000643216   0.0000938396  -0.0000403141  -0.0000504243
       -0.0000466465  -0.0000151447   0.0000815060   0.0001330891  -0.0001406072
       -0.0002518247   0.0001374285   0.0000861490   0.0000510529   0.0005682815
       -0.0011138599   0.0010517841  -0.0000093967   0.0046151425  -0.0025957898
       -0.0135453939  -0.0091221243  -0.0255906916  -0.0485088309  -0.1092183632
       -0.0713466596  -0.0025604746  -0.0000551308  -0.0011879903   0.0000074194
       -0.0000028038   0.0000484218  -0.0002227230   0.0000506708  -0.0002514284
        0.0000089021   0.0000232346  -0.0000442342   0.0000564948   0.0000450330
        0.0001071502   0.0000923557   0.0003648193  -0.0001578501   0.0001340614
       -0.0000568709   0.0000869598  -0.0001004781  -0.0000634235   0.0000880970
       -0.0000453510  -0.0000918702   0.0000064190  -0.0000113432   0.0000731787
        0.0001531246  -0.0000760770  -0.0000384014  -0.0001375326  -0.0001216099
       -0.0000384804  -0.0000351234   0.0000047173  -0.0000092188  -0.0000136907
        0.0002540573  -0.0000936076  -0.0001253940  -0.0000924553   0.0000473935
        0.0000286838  -0.0000941954   0.0000071692   0.0000063470   0.2559624603
        0.0038851488   0.4242543521  -0.0111687343   0.0015023792  -0.0049412229
       -0.0028820011   0.0005445372   0.0017051107  -0.0239331152   0.0212861783
       -0.0247208268  -0.0699209947   0.0996759760  -0.1263786171   0.0021227794
       -0.0067315664   0.0149711528  -0.0005925480   0.0011044768  -0.0003522115
       -0.0007967618   0.0003973941  -0.0000271914  -0.0036887333  -0.0004781227
       -0.0044963269   0.0010298814  -0.0016226878   0.0021039077  -0.0005108055
       -0.0006004290   0.0003661035  -0.0000277443   0.0000636678  -0.0000420621
       -0.0002045278  -0.0000623451   0.0002811484   0.0001930492  -0.0000033032
       -0.0001151599
        0.0017750979  -0.0002816205   0.0002622696  -0.0018192943  -0.0001617902
        0.0000620922   0.0000567276   0.0003353130   0.0003549926  -0.0001702938
        0.0004176929   0.0001297019  -0.0013351655   0.0007912856  -0.0001397595
       -0.0000218846  -0.0003607653  -0.0005580985   0.0004899419  -0.0003665094
       -0.0003019618  -0.0055605980  -0.0080137544   0.0054173308  -0.1120206023
       -0.0146046032   0.0239979082  -0.0014263047   0.0002083940  -0.0000150473
        0.0002139746   0.0002743375   0.0002800283  -0.0002071805  -0.0001847815
       -0.0000445541  -0.0001225143   0.0001163793   0.0002500318  -0.0001192460
        0.0001573197  -0.0000610785  -0.0000348785  -0.0000149661   0.0000654773
        0.0012857270  -0.0000655396  -0.0004567262   0.0002893736   0.0002329096
       -0.0000737036  -0.0003275873   0.0001681801   0.0002570062  -0.0000251735
        0.0000520241  -0.0000518111   0.0001164812  -0.0000826165  -0.0000349240
       -0.0000854008   0.0000326329   0.0001415798  -0.0000706984   0.0000845546
        0.0001122218   0.0001717947   0.0001083733   0.0001560648   0.0007391320
        0.0018450431   0.0001413207   0.0008595294   0.0000310602  -0.0006160814
       -0.0114448002   0.0031436460   0.0051999205  -0.0003702184  -0.0005936178
       -0.0003156010   0.0048034429   0.0204783689  -0.0075219399   0.0000398401
        0.0000427960   0.0000662833   0.0000240550  -0.0000598526  -0.0001147572
        0.0001126352  -0.0000042726  -0.0000734652  -0.0000215927   0.0000399336
        0.0000038141   0.0000603418  -0.0001327917  -0.0001371510  -0.0000398743
        0.0000071015   0.0000125867   0.0001390471  -0.0001014639  -0.0000650732
        0.0000342921  -0.0001384232   0.0000548492  -0.0000099416   0.0000549978
       -0.0000446967   0.0000571664   0.0002431159  -0.0000412442  -0.0003506654
       -0.0002671236   0.0000816628  -0.0000191489  -0.0000622081   0.0000469401
        0.0004717737  -0.0000859126  -0.0004227493  -0.0001902131   0.0000483908
        0.0001724396  -0.0001546470  -0.0000437137   0.0001127639  -0.0241689591
       -0.0069023511  -0.0111687343   0.6376373253  -0.2225797021  -0.0182240030
       -0.3762849501   0.2937116577  -0.0317657360   0.0008319774  -0.0003727052
        0.0005750571  -0.0020975168   0.0092301728  -0.0029129980  -0.0030171148
       -0.0070647204  -0.0000732300   0.0001582982   0.0000707566  -0.0000014195
        0.0000864205   0.0000561160   0.0002381905   0.0002467840   0.0001066699
        0.0001240103  -0.0883056685  -0.0345162667   0.0222288211  -0.0096013815
       -0.0283858443   0.0099311852  -0.0056938751  -0.0025176936   0.0020206434
       -0.0034341548  -0.0013421935   0.0012006503  -0.0021496346  -0.0027814202
        0.0015387003
        0.0012264834  -0.0006628529   0.0005450007  -0.0011170383  -0.0000964096
       -0.0001596400   0.0004510015   0.0003723245  -0.0000620241  -0.0003324526
        0.0002367631   0.0002419521  -0.0011995308  -0.0045556142   0.0027972997
       -0.0002771820   0.0001192748   0.0001278656   0.0000332928   0.0000235118
       -0.0003525641  -0.0192232141  -0.0065756381   0.0089031160  -0.0125083870
       -0.0598629732   0.0017567331  -0.0001872952   0.0009584800  -0.0003236390
       -0.0002450509  -0.0005166198  -0.0001991338   0.0003732395   0.0005690307
        0.0003124181  -0.0001388180  -0.0004475444  -0.0000231765   0.0000001005
        0.0001654101  -0.0000602121   0.0000711119  -0.0002169616  -0.0000472015
        0.0003308426  -0.0002929534  -0.0000465574   0.0000660855  -0.0000466654
        0.0000201795  -0.0001506769   0.0001539790   0.0000675155  -0.0000440192
        0.0000756588  -0.0000510376   0.0001672708  -0.0000339219  -0.0001150106
       -0.0000337372  -0.0000978430   0.0000399972  -0.0000425426  -0.0003042061
       -0.0001243899   0.0001065640   0.0000799545   0.0000215117  -0.0021760236
       -0.0026953091  -0.0002354927  -0.0005926403  -0.0001347996   0.0015845922
        0.0201993350   0.0001515658  -0.0083047203  -0.0012366116  -0.0000116479
       -0.0010075517   0.0099330470  -0.0205725145   0.0016279699  -0.0000179333
       -0.0000910316   0.0000161327  -0.0000119117   0.0000374515  -0.0000557485
       -0.0000720519   0.0000160201  -0.0000080401  -0.0000686115   0.0001173252
        0.0000211537   0.0000153151   0.0001735851  -0.0001320425  -0.0000048948
       -0.0000424211   0.0000145870  -0.0001239669  -0.0000099118   0.0000536072
       -0.0000374113  -0.0000870939   0.0000059766   0.0000321505   0.0000197398
       -0.0000737948   0.0001428357   0.0000883425   0.0000936406  -0.0000638776
        0.0000398767  -0.0000293199  -0.0000015077   0.0000042206  -0.0000060012
        0.0002130439  -0.0001181799  -0.0000987376  -0.0000658057   0.0000571354
        0.0000305569  -0.0000931933   0.0000345753   0.0000059417  -0.0029584138
       -0.0024626975   0.0015023792  -0.2225797021   0.7630182426  -0.1491369468
        0.2937174534  -0.3600741582   0.0373882446   0.0003492954  -0.0007859840
       -0.0010968423   0.0025436764   0.0140775466   0.0015132149  -0.0085563362
       -0.0083558529  -0.0024035681  -0.0002335181  -0.0001867398   0.0000096631
       -0.0001465479   0.0001205186  -0.0000831012   0.0002445456  -0.0001165173
        0.0000799892  -0.0466599697  -0.3039304139   0.1051789434  -0.0165886782
       -0.0109648500   0.0039800719   0.0014306157   0.0002606957   0.0009359895
        0.0036962264   0.0009781594  -0.0038331523   0.0024460191   0.0024009384
       -0.0008065969
       -0.0005006530   0.0001636385  -0.0001776120   0.0004734452   0.0000811403
        0.0000617824  -0.0000827226  -0.0001905000  -0.0000309438   0.0000261411
        0.0001632140   0.0000344485   0.0008978662   0.0027330691  -0.0012728721
        0.0002008953   0.0000944483  -0.0001400403  -0.0000754689  -0.0000255142
        0.0002055776   0.0127400641   0.0056228438  -0.0044686393   0.0237625209
       -0.0001563310  -0.0652783009   0.0002979752  -0.0002249254   0.0000751338
       -0.0000361797   0.0000389407  -0.0000178046   0.0000366927  -0.0000020479
       -0.0000274861  -0.0000061334   0.0000439934   0.0000143479   0.0000188387
       -0.0000697266   0.0000405320  -0.0000157525   0.0000553535   0.0000354904
       -0.0002674930   0.0000807375   0.0000709374  -0.0000580364  -0.0000250185
       -0.0000143427   0.0000796574  -0.0000522115  -0.0000432242   0.0000068417
       -0.0000228459   0.0000204935  -0.0000565161   0.0000244030   0.0000346857
        0.0000401578  -0.0000118124  -0.0000322237   0.0000051375   0.0000051581
       -0.0000319424  -0.0000319047  -0.0000535330  -0.0000294337   0.0002568750
       -0.0000426702   0.0007818998   0.0004363325   0.0004535834  -0.0010801124
        0.0154752734  -0.0001641184  -0.0033901895  -0.0027991042   0.0002076716
        0.0000343168  -0.0048849335   0.0022620798  -0.0060416911   0.0000002045
        0.0000094635  -0.0000206639   0.0000124041  -0.0000178547   0.0000085165
        0.0000044739  -0.0000055739   0.0000088029   0.0000190099  -0.0000171672
       -0.0000006196  -0.0000553644  -0.0000105462  -0.0000033912  -0.0000139093
        0.0000005182  -0.0000316423   0.0000100961   0.0000032744  -0.0000041796
        0.0000054964   0.0000454134  -0.0000189361   0.0000159689  -0.0000256205
       -0.0000082903  -0.0000337169  -0.0000426416   0.0000109009   0.0000612101
        0.0000268645   0.0000059093   0.0000043432   0.0000116630   0.0000022929
       -0.0001149010   0.0000292525   0.0000555530   0.0000432482  -0.0000177384
       -0.0000192688   0.0000467367   0.0000021968  -0.0000047684  -0.0281479067
       -0.0002622436  -0.0049412229  -0.0182240030  -0.1491369468   0.2323361405
       -0.0323904380   0.0380011243  -0.0663536510   0.0004228459   0.0006404871
       -0.0013194748  -0.0038044465  -0.0094087883   0.0008310133   0.0037595418
        0.0046486547   0.0011503872   0.0000756537   0.0001463965   0.0000398016
       -0.0002322461  -0.0000483851  -0.0005326330  -0.0000136018   0.0000074909
       -0.0000567810   0.0260942491   0.0958329239  -0.0711801806   0.0068809967
        0.0088688982  -0.0087080210  -0.0030628795  -0.0023054443  -0.0000577740
        0.0030010712   0.0018877575  -0.0017548401  -0.0003039538   0.0001475513
        0.0012342336
       -0.0007105714   0.0000136886  -0.0000122584   0.0007585213   0.0000900288
       -0.0000863311   0.0001001214  -0.0002089296  -0.0001030488  -0.0000147439
       -0.0002463591   0.0000674565   0.0007730591   0.0003935751  -0.0001858084
        0.0001894762   0.0001876073   0.0002904952  -0.0001970244   0.0001345419
        0.0002234454  -0.0000737098   0.0022327101  -0.0013467548  -0.0477828742
        0.0329664527   0.0059597389   0.0008322515   0.0001035258  -0.0000676038
       -0.0001711557  -0.0003000456  -0.0002371513   0.0001992478   0.0002295055
        0.0000935721   0.0000261034  -0.0001707420  -0.0001879855   0.0000628804
       -0.0000350613   0.0000186541   0.0000385004  -0.0000395109  -0.0000653260
       -0.0007276765  -0.0000359247   0.0002712351  -0.0001605507  -0.0001509563
        0.0000510660   0.0001697682  -0.0000561591  -0.0001510681   0.0000123764
       -0.0000052164   0.0000078744  -0.0000409000   0.0000394004  -0.0000067564
        0.0000022684   0.0000082811  -0.0001650294   0.0000128085  -0.0000334060
       -0.0001069693  -0.0000715193  -0.0000407242  -0.0000828042  -0.0004666827
       -0.0006819525  -0.0002212935  -0.0003822704   0.0000591223   0.0004638009
       -0.0076690561  -0.0002885664   0.0023129359  -0.0007184845   0.0003961419
        0.0003604897   0.0040537152  -0.0001320912   0.0005218889  -0.0000320008
       -0.0000375862  -0.0000248317  -0.0000031488   0.0000714371   0.0000788569
       -0.0000956098   0.0000083852   0.0000468534   0.0000112456  -0.0000083953
       -0.0000359341   0.0000324807   0.0000973486   0.0001030166   0.0000371488
       -0.0000150733   0.0000064306  -0.0001193289   0.0000680741   0.0000582679
       -0.0000383381   0.0000695238  -0.0000343095   0.0000097132  -0.0000435144
       -0.0000088518  -0.0000023542  -0.0001364483   0.0000740635   0.0002037189
        0.0001647477  -0.0000512845   0.0000099036   0.0000410836  -0.0000310312
       -0.0002406577   0.0000318246   0.0002387817   0.0001107495  -0.0000177436
       -0.0000948601   0.0000701745   0.0000284833  -0.0000716758  -0.0041239823
        0.0011870418  -0.0028820011  -0.3762849501   0.2937174534  -0.0323904380
        0.4306226854  -0.3546774563   0.0331306855  -0.0000825700  -0.0000443334
       -0.0011831219   0.0005077280  -0.0030149860   0.0016485915  -0.0007446098
        0.0016177415   0.0000962912  -0.0000760649  -0.0000022882   0.0000450965
       -0.0001466273  -0.0000083075  -0.0002583751   0.0000190078  -0.0000610494
        0.0000421544  -0.0030901741   0.0267289139  -0.0038365023   0.0004831575
       -0.0010392640  -0.0006334545   0.0016361478   0.0001689756  -0.0000754693
        0.0015730353  -0.0000795845  -0.0007885173   0.0017096415   0.0007560596
       -0.0007848953
       -0.0005045038   0.0003850837  -0.0003049666   0.0004471782   0.0000158752
        0.0001152325  -0.0003519344  -0.0000645668   0.0000298685  -0.0000897886
       -0.0001055732  -0.0001338101   0.0002104250   0.0009703542  -0.0002843063
       -0.0000519736  -0.0001544266  -0.0001846239  -0.0000394003   0.0000090295
        0.0000442261  -0.0032789859  -0.0012608139   0.0006651265   0.0148061487
       -0.0010726784   0.0009939406  -0.0000841417  -0.0005980163   0.0001995986
        0.0001831638   0.0003696464   0.0001582868  -0.0002495788  -0.0003569585
       -0.0001705744   0.0000620240   0.0002823196   0.0000828998  -0.0000141121
       -0.0000729036   0.0000263157  -0.0000388120   0.0001159841   0.0000399408
       -0.0000302207   0.0001889208  -0.0000286750   0.0000022369   0.0000651735
       -0.0000221761   0.0000459738  -0.0000795478   0.0000047128   0.0000221465
       -0.0000480038   0.0000306814  -0.0001025573   0.0000062506   0.0000571429
        0.0000137031  -0.0000061603   0.0000718092   0.0000328681   0.0002130266
        0.0001871941  -0.0000628907  -0.0000270469   0.0000192624   0.0002302435
        0.0021086357   0.0003898721   0.0001543695   0.0001049313  -0.0009074019
        0.0000889799   0.0003873501   0.0001671350   0.0009451636  -0.0003070847
        0.0001349985  -0.0069332616  -0.0065065212   0.0048662405   0.0000232208
        0.0000615313  -0.0000010713   0.0000181057  -0.0000552251   0.0000099676
        0.0000654747  -0.0000118069  -0.0000126637   0.0000190992  -0.0000566671
        0.0000006592  -0.0000154921  -0.0001437743   0.0000146027  -0.0000207426
        0.0000262332  -0.0000093075   0.0001012470  -0.0000116998  -0.0000530739
        0.0000225501   0.0000262070   0.0000084527  -0.0000170995   0.0000060146
        0.0000347021  -0.0000764663   0.0000026365  -0.0000598840  -0.0000154574
       -0.0000655983   0.0000281922  -0.0000055391  -0.0000160162   0.0000093827
       -0.0000622333   0.0000713881   0.0000030071   0.0000043124  -0.0000299027
        0.0000073825   0.0000304096  -0.0000294171   0.0000142731   0.0006017845
        0.0013310135   0.0005445372   0.2937116577  -0.3600741582   0.0380011243
       -0.3546774563   0.4441746515  -0.0646403097  -0.0001216286   0.0003749376
        0.0008776711  -0.0006167058  -0.0041090754  -0.0009861104   0.0038806076
        0.0023996918   0.0007276728   0.0001831638   0.0001292105  -0.0000106508
        0.0001079790  -0.0000609283   0.0001723533  -0.0001379202   0.0000811091
       -0.0000700329   0.0497905816  -0.0766382357   0.0191233970   0.0020449958
       -0.0021225047   0.0002682605  -0.0000179622   0.0006552974  -0.0001815825
       -0.0000636928   0.0002291260   0.0002010474  -0.0001692562  -0.0007063176
       -0.0002699493
        0.0003294396  -0.0001189176   0.0001501748  -0.0003257499   0.0000036253
       -0.0000170979   0.0000297037   0.0000504232   0.0000269299   0.0001026840
       -0.0000096356  -0.0000326665  -0.0003609277  -0.0006766075   0.0002729415
       -0.0000139296  -0.0001402589  -0.0000919454   0.0001406121   0.0000110180
       -0.0000629077   0.0011431529  -0.0001220161   0.0000111899   0.0059465636
       -0.0004983117   0.0125952722  -0.0001523317   0.0001479823  -0.0000868805
        0.0000195200  -0.0000391159   0.0000124431  -0.0000074364   0.0000116978
        0.0000075281   0.0000137819  -0.0000321247  -0.0000081686  -0.0000067845
        0.0000253806  -0.0000246502   0.0000101692  -0.0000262125  -0.0000164718
        0.0001435033  -0.0000479913  -0.0000164414   0.0000303045   0.0000173569
        0.0000192752  -0.0000487228   0.0000324329   0.0000089913  -0.0000014847
        0.0000233698  -0.0000258881   0.0000412943   0.0000008175  -0.0000111615
       -0.0000374589   0.0000557856   0.0000598236   0.0000028478   0.0000507435
        0.0000222384   0.0000476988   0.0000380067   0.0000192361   0.0002517004
       -0.0002520189  -0.0008073823  -0.0002749016   0.0000156055   0.0009400652
       -0.0002923370   0.0000216289  -0.0001167942   0.0007693868  -0.0000419408
       -0.0002446542   0.0024309905   0.0045085344   0.0050832249   0.0000011089
        0.0000025462   0.0000184666  -0.0000098226   0.0000125989  -0.0000146135
       -0.0000066406   0.0000079260   0.0000018656  -0.0000107096   0.0000199960
        0.0000212479  -0.0000003200   0.0000252257  -0.0000232644   0.0000157474
       -0.0000056893   0.0000213159  -0.0000136470  -0.0000041969   0.0000094503
        0.0000008550  -0.0000249067   0.0000072927  -0.0000032016   0.0000146213
        0.0000140780   0.0000177680   0.0000134250  -0.0000112381  -0.0000332244
       -0.0000142139  -0.0000094458   0.0000018313  -0.0000051285  -0.0000042143
        0.0000629173  -0.0000171794  -0.0000200742  -0.0000238539   0.0000054271
        0.0000050887  -0.0000240260   0.0000025940  -0.0000041374   0.0038771886
       -0.0009312324   0.0017051107  -0.0317657360   0.0373882446  -0.0663536510
        0.0331306855  -0.0646403097   0.0409584975  -0.0000382670  -0.0001550688
        0.0002523701   0.0009394370   0.0019822990  -0.0003889185  -0.0008848815
       -0.0009715597  -0.0001347509  -0.0000052696  -0.0000556232  -0.0000234156
        0.0000704633  -0.0000125604   0.0001510031   0.0000087375   0.0000279680
        0.0000210841  -0.0130705077   0.0245354856   0.0078846979  -0.0010900183
        0.0003813381  -0.0012082384  -0.0004264915   0.0002622885   0.0000755483
       -0.0001426072  -0.0005345336   0.0004383730  -0.0005088035  -0.0003190386
       -0.0010557523
        0.0004270241  -0.0002139107   0.0002244923  -0.0004129204  -0.0000022317
       -0.0000255385   0.0000883248   0.0000382834   0.0000448953  -0.0000457596
       -0.0000000336   0.0000026115  -0.0003066902  -0.0001169700   0.0000742112
       -0.0000515457   0.0000131926  -0.0000018289   0.0000625346  -0.0000561845
       -0.0000564512  -0.0006963252   0.0000074785  -0.0014547014   0.0037321976
        0.0022867453  -0.0020294661  -0.0000144617   0.0004032583  -0.0001491536
        0.0004807661  -0.0002422225  -0.0001745210  -0.0002412488  -0.0001334396
       -0.0000762056   0.0001175593   0.0000404662  -0.0000540475  -0.0000553023
       -0.0000958373  -0.0001183624  -0.0000807318   0.0000186826   0.0000143237
       -0.0000884018  -0.0001424025   0.0000771352  -0.0000102394  -0.0000285988
        0.0000369951  -0.0000159574   0.0000302334  -0.0000257181   0.0000003933
        0.0000373419  -0.0000222588   0.0000387723  -0.0000138180  -0.0000210883
       -0.0000057871   0.0000046065   0.0000259317   0.0000150372  -0.0000524130
       -0.0000051534   0.0000298774   0.0000263495   0.0000234463   0.0000667802
       -0.0000720455   0.0000190280   0.0000500010   0.0004057770  -0.0002666576
       -0.0003010814  -0.0000013544  -0.0001167214  -0.0004215898  -0.0010620323
        0.0007736145  -0.0000218859   0.0000502843  -0.0001682851  -0.0000083947
        0.0000216866   0.0000376355  -0.0003796821   0.0002490901   0.0002024619
       -0.0000129994   0.0000955363   0.0000793728  -0.0000273016   0.0000301195
        0.0000885991  -0.0001179372  -0.0001030344  -0.0001007205   0.0000377912
       -0.0000627126   0.0000918940   0.0000561377   0.0000414483   0.0000079204
        0.0000428485   0.0000068650   0.0000043548   0.0000465943   0.0000196159
        0.0000159501  -0.0001206600   0.0000975997   0.0000505997   0.0000255240
        0.0000427038  -0.0000345129   0.0000090817   0.0000061025  -0.0000092929
        0.0000295668  -0.0000209287   0.0000188065   0.0000018297   0.0000094831
       -0.0000253758  -0.0000101555   0.0000081626  -0.0000189435  -0.0124893169
        0.0041643846  -0.0239331152   0.0008319774   0.0003492954   0.0004228459
       -0.0000825700  -0.0001216286  -0.0000382670   0.4831778824  -0.0057387493
       -0.0154206747  -0.1084490675  -0.0107211795  -0.0535046881  -0.0010392577
       -0.0145624617  -0.0195975977  -0.1080109009  -0.1052437683   0.0169438100
       -0.1153136124   0.0127345079   0.1174784877  -0.1406947164   0.1178871673
       -0.0193435453   0.0002250659  -0.0003041559   0.0000303555  -0.0000150480
        0.0000221146  -0.0000189883  -0.0000345063  -0.0000220002   0.0000114103
       -0.0000100677  -0.0000144718   0.0000113681  -0.0000074444   0.0000000027
       -0.0000006766
       -0.0000790539   0.0000703330  -0.0000717543   0.0000604459  -0.0000306189
        0.0000443566  -0.0000374281   0.0000029596  -0.0000099731   0.0000068023
       -0.0000102531  -0.0000002325   0.0002080086   0.0001162976  -0.0000629845
        0.0000497219   0.0000310064  -0.0000481346  -0.0000459046   0.0000543305
       -0.0000049574   0.0005532673  -0.0000747209   0.0009750098   0.0013910647
       -0.0027071415   0.0013590715  -0.0000350534  -0.0000132875   0.0000498052
        0.0000761608   0.0000449127   0.0000062458  -0.0000163612  -0.0001193215
       -0.0001018478   0.0000083628   0.0000480027   0.0000894025  -0.0000490255
       -0.0000144703  -0.0000222239  -0.0000430716   0.0000499517   0.0001037375
        0.0000849426  -0.0000126885  -0.0000489173   0.0000080104   0.0000032212
       -0.0000091953   0.0000084117  -0.0000175507  -0.0000083474  -0.0000079812
       -0.0000188121   0.0000235844  -0.0000097019  -0.0000042736   0.0000081770
        0.0000020367  -0.0000244997  -0.0000064385   0.0000123503   0.0000398109
        0.0000144857  -0.0000260502  -0.0000319130  -0.0000067613  -0.0000339284
        0.0000942131   0.0000012468  -0.0000497758  -0.0002935649   0.0002107603
        0.0000047749  -0.0001120557   0.0000735926   0.0009271968   0.0006834173
        0.0008001270   0.0014475147  -0.0004839144   0.0002059555  -0.0000287606
       -0.0000263350  -0.0000176021  -0.0002638825   0.0000891333   0.0003211462
        0.0000369878   0.0000009678  -0.0000312532   0.0000044402  -0.0000090405
        0.0000114635  -0.0000200344  -0.0000727370  -0.0000775510   0.0000349233
       -0.0000496376  -0.0000027698   0.0000622726   0.0000098431  -0.0000248935
        0.0000367470  -0.0000274033  -0.0000206770   0.0000296192  -0.0000089158
        0.0000084493  -0.0001518271   0.0001484746   0.0000313573  -0.0000126822
       -0.0000008886   0.0000050997   0.0000006318  -0.0000023175   0.0000018955
       -0.0000004759   0.0000032835  -0.0000067951  -0.0000082289   0.0000017566
        0.0000052097   0.0000006153  -0.0000008454   0.0000061417   0.0147389091
        0.0013216241   0.0212861783  -0.0003727052  -0.0007859840   0.0006404871
       -0.0000443334   0.0003749376  -0.0001550688  -0.0057387493   0.5400467245
       -0.0130858456  -0.0085542535  -0.0649551895  -0.0114020186  -0.0279800125
       -0.0234878165  -0.0377306543  -0.1047222563  -0.2165825514   0.0303793444
        0.0114069396  -0.0421960068  -0.0166246048   0.1175373831  -0.1918047955
        0.0231649437  -0.0003682895   0.0006068976  -0.0001683243  -0.0000368214
        0.0001253070  -0.0000643977   0.0000464519   0.0000240800   0.0000196607
        0.0000400650  -0.0000226767  -0.0000365549  -0.0000884098   0.0000107411
        0.0000038430
        0.0003927124  -0.0001286648   0.0001703298  -0.0004257888  -0.0000226200
       -0.0000180029   0.0000509670   0.0000914260   0.0000971140  -0.0000373275
        0.0000509190   0.0000374023  -0.0003370866  -0.0000890101   0.0001336514
       -0.0000019995  -0.0001130773  -0.0001287134   0.0000883689  -0.0001591095
       -0.0000892054  -0.0001523881   0.0000033622  -0.0005135727  -0.0033341593
        0.0020708420   0.0028588255  -0.0004258644  -0.0001259943  -0.0002829299
        0.0000584950   0.0002166350   0.0002591608  -0.0000610029  -0.0001444206
       -0.0001027549  -0.0002066094   0.0002024116   0.0002183449  -0.0000399013
        0.0000317940  -0.0000739817  -0.0000501623   0.0000786735   0.0000684935
        0.0003817826   0.0000303550   0.0000023427   0.0000524412   0.0000507471
        0.0000571740  -0.0000685618   0.0000414757   0.0000341357   0.0000059711
        0.0000363324  -0.0000550158   0.0000316551  -0.0000016328  -0.0000117800
       -0.0000038324   0.0000359552   0.0000640338  -0.0000373871  -0.0000064105
       -0.0000274120   0.0000799646   0.0000847222   0.0000300060   0.0000351349
       -0.0000425597  -0.0000284733   0.0000581636   0.0001056692  -0.0000672391
        0.0003770366  -0.0001915998   0.0007325096   0.0004750148  -0.0013562717
       -0.0008409832   0.0019238041  -0.0002121361   0.0001863504   0.0000460339
        0.0001044023   0.0000748919   0.0000275680  -0.0000552065  -0.0002116712
        0.0000556582   0.0000052997  -0.0000325972   0.0000528629  -0.0000290876
        0.0000289672   0.0001254588  -0.0002285434  -0.0002210505  -0.0000167537
        0.0000342614   0.0000136060   0.0000725045  -0.0000508582  -0.0000430254
        0.0000408195  -0.0000682195  -0.0000151981   0.0000231544   0.0000029897
        0.0000397377  -0.0000771303   0.0001800677  -0.0000181178  -0.0000667319
       -0.0000556738  -0.0000309502   0.0000069575  -0.0000090930  -0.0000174365
        0.0001082925  -0.0000080003  -0.0000372777  -0.0000438648   0.0000028305
        0.0000029658  -0.0000425796  -0.0000111845  -0.0000104542  -0.0233273919
        0.0096184119  -0.0247208268   0.0005750571  -0.0010968423  -0.0013194748
       -0.0011831219   0.0008776711   0.0002523701  -0.0154206747  -0.0130858456
        0.4550847433  -0.0480770255  -0.0144679057  -0.1311822547  -0.0198036541
       -0.0192724120  -0.0099982422   0.0180222411   0.0315555980  -0.0437012121
        0.1101507536  -0.0182998279  -0.2033166651  -0.0191363070   0.0229568844
       -0.0434242650  -0.0010265246   0.0007694883   0.0001146012   0.0003150991
        0.0001833084  -0.0001466148  -0.0000484683  -0.0000552878   0.0000109223
       -0.0000850824  -0.0000792337   0.0001182793  -0.0000965908   0.0000441957
       -0.0000035607
       -0.0012737437   0.0007591020  -0.0007847634   0.0011999374   0.0000285894
        0.0001463953  -0.0004194119  -0.0001224032  -0.0002201154   0.0001039281
        0.0000033192  -0.0000094752   0.0011018744  -0.0002380984   0.0005408161
        0.0000279145  -0.0003092500   0.0001419298  -0.0004189621   0.0002967226
        0.0000927674  -0.0006705654  -0.0009518178  -0.0000684450  -0.0142946597
        0.0109054062  -0.0127017885  -0.0001133338  -0.0012143431   0.0005410014
       -0.0003734745   0.0007469132   0.0003092741  -0.0000147080  -0.0002211757
       -0.0000365751  -0.0006895595   0.0002743235   0.0002923953   0.0000596072
        0.0001592453   0.0002784312  -0.0001937969   0.0001491421   0.0001013102
        0.0002457496   0.0004016816  -0.0002324796   0.0000571681   0.0001178053
       -0.0001334480   0.0000674469  -0.0001337460   0.0000729351   0.0000043481
       -0.0001225213   0.0001026867  -0.0000971947   0.0000299872   0.0001025133
        0.0000612137   0.0000159076  -0.0000252977   0.0000450785   0.0001326994
        0.0001091522  -0.0001139790  -0.0001210371  -0.0000758417  -0.0001481644
        0.0001436711  -0.0001146468   0.0000323924   0.0003004714  -0.0000740587
        0.0014859723   0.0003212726  -0.0002554024  -0.0008468891  -0.0055360402
        0.0068933799  -0.0021990044  -0.0029172281  -0.0017254839   0.0000581739
        0.0000197221  -0.0000964194  -0.0000258696  -0.0005846525  -0.0000520972
        0.0001748650  -0.0001139197  -0.0001129413   0.0001979967  -0.0000970473
       -0.0002674190   0.0003770805  -0.0001675947   0.0007924242  -0.0003817196
        0.0001452473  -0.0003210398   0.0000064561  -0.0001283736  -0.0001022099
        0.0000258433  -0.0000050481  -0.0000329318   0.0000340144  -0.0000919267
       -0.0002148254   0.0007111609  -0.0000783102   0.0000780581  -0.0001035330
       -0.0001434951   0.0001111672  -0.0000201828  -0.0000286428   0.0000347657
       -0.0000614677   0.0000853952  -0.0000970672  -0.0000285477  -0.0000362115
        0.0000938026   0.0000248978  -0.0000322599   0.0000663175  -0.0880061240
        0.0823229189  -0.0699209947  -0.0020975168   0.0025436764  -0.0038044465
        0.0005077280  -0.0006167058   0.0009394370  -0.1084490675  -0.0085542535
       -0.0480770255   0.3260302287   0.0493415147   0.1950648829  -0.0991994394
       -0.1231558420  -0.0499689493  -0.0090390166  -0.0057082869  -0.0118582975
        0.0107047832   0.0027954199   0.0107200902  -0.0138235046   0.0002440013
       -0.0177382498   0.0001048786  -0.0005893911   0.0014181813  -0.0006906797
       -0.0004513136   0.0000855977   0.0001822319   0.0002046429   0.0000491365
        0.0000591328  -0.0000135267   0.0000105288   0.0001020131  -0.0000043358
       -0.0000666420
        0.0037252245  -0.0017198281   0.0013746836  -0.0038645456  -0.0003477697
       -0.0000595411   0.0008493446   0.0006704059   0.0005939640  -0.0006297309
        0.0006508022   0.0008178249  -0.0014753767  -0.0004990252   0.0004476869
       -0.0002975633   0.0002057105  -0.0007989770   0.0002597218  -0.0005600170
       -0.0006730441  -0.0006149219   0.0000900665  -0.0043191114   0.0025215432
        0.0037134131   0.0111398963  -0.0004508158   0.0029997811  -0.0007920874
       -0.0015454250  -0.0017147480  -0.0002496419   0.0017076161   0.0020152800
        0.0009892953  -0.0003740777  -0.0019508611  -0.0003149875   0.0000385368
        0.0006539625  -0.0001972008   0.0006596387  -0.0005828927  -0.0003007521
        0.0011962119  -0.0008882598  -0.0003265581   0.0001673569  -0.0000795822
       -0.0000091836  -0.0003819390   0.0004278736   0.0001779707  -0.0000875258
        0.0001964744  -0.0000840787   0.0003422337  -0.0001470844  -0.0003093795
       -0.0001784071  -0.0001481480  -0.0001441045   0.0001892008  -0.0004784832
       -0.0003191908   0.0002147971   0.0000997849   0.0001399720   0.0005283988
       -0.0009292501   0.0005089275   0.0000096040   0.0006580216  -0.0010254775
       -0.0011866602   0.0004034595  -0.0051082224   0.0043914749  -0.0269667192
        0.0067842507  -0.0161068536   0.0036918031  -0.0051555285  -0.0000597002
       -0.0003882319  -0.0000812747  -0.0001557250   0.0001615390  -0.0003346627
       -0.0002936063  -0.0000467197  -0.0001345410  -0.0001895065   0.0003718840
        0.0001427637   0.0008610747   0.0022106089  -0.0011145484   0.0004991991
       -0.0001201307   0.0002709095  -0.0007195270   0.0001136244   0.0004457983
       -0.0002056223  -0.0001389693  -0.0001291007  -0.0000805736   0.0000808960
        0.0003279029   0.0000155733  -0.0017829800  -0.0008308465  -0.0001818875
        0.0000875075  -0.0000437788  -0.0000018331   0.0000092515  -0.0000078343
        0.0005611687  -0.0003560264  -0.0003347428  -0.0001740693   0.0001895978
        0.0001100279  -0.0002297926   0.0000779220   0.0000684126   0.0788368551
       -0.2407085710   0.0996759760   0.0092301728   0.0140775466  -0.0094087883
       -0.0030149860  -0.0041090754   0.0019822990  -0.0107211795  -0.0649551895
       -0.0144679057   0.0493415147   0.8725923367   0.0712434646  -0.1131043729
       -0.5396920364  -0.1521811895  -0.0159506715  -0.0093879538  -0.0170796474
       -0.0010931030   0.0007225066  -0.0047755641   0.0160638415   0.0031224960
        0.0180661112   0.0013387529  -0.0098556860   0.0045120754   0.0003508719
       -0.0016320660   0.0009379929  -0.0007276821  -0.0003223013  -0.0002135304
       -0.0008792320   0.0001290408   0.0007448174   0.0010769841   0.0000850095
       -0.0001780010
       -0.0015408529   0.0004935630  -0.0006205285   0.0015681932   0.0001720502
        0.0001172891  -0.0000733766  -0.0003358592  -0.0002678358   0.0002594567
       -0.0002087147  -0.0000222737   0.0004541376  -0.0000421435  -0.0001145088
        0.0002430986   0.0000828873   0.0005920413  -0.0004078376   0.0003726060
        0.0003002410  -0.0028569135   0.0002707693  -0.0043953277  -0.0126814237
        0.0182345294  -0.0197393202   0.0011691817  -0.0003901463   0.0005691838
       -0.0008641010  -0.0000216404  -0.0004644467   0.0004586452   0.0005278761
        0.0003239926   0.0004339972  -0.0005859149  -0.0006668165   0.0001799242
       -0.0000716083   0.0005383983  -0.0000655255   0.0000711546  -0.0001287898
       -0.0008294349   0.0001646758   0.0000279813  -0.0001494701  -0.0001006549
       -0.0001251976   0.0002301934  -0.0001378122  -0.0000911436  -0.0000085063
       -0.0001348861   0.0001261067  -0.0001136785   0.0000217440   0.0000313229
       -0.0000665678  -0.0001009093  -0.0002466986   0.0000107302   0.0000276463
        0.0000774447  -0.0002114701  -0.0002122393  -0.0001333733  -0.0001803662
       -0.0001793438  -0.0000472794  -0.0000255181   0.0012496984  -0.0007615257
       -0.0008613320   0.0010263658  -0.0011816250   0.0086999389  -0.0080909345
        0.0033500094  -0.0022896229  -0.0017359050   0.0003278609  -0.0000810313
       -0.0001876721  -0.0001805664   0.0002549356  -0.0001930885   0.0005144200
       -0.0001399152  -0.0001813919  -0.0000235838  -0.0001240776  -0.0000124434
       -0.0004109313   0.0009782947   0.0002288984   0.0003628169  -0.0003163561
        0.0001534178  -0.0002070762  -0.0001087658   0.0001703019  -0.0000644959
       -0.0000817150   0.0002785174  -0.0000498905  -0.0000052743  -0.0001861247
       -0.0003434109   0.0002497483  -0.0007114607   0.0004295343   0.0001769763
        0.0001065232   0.0000709172  -0.0000109232   0.0000215824   0.0000312955
       -0.0003363813   0.0000597054   0.0001351818   0.0001350107  -0.0000315653
       -0.0000179935   0.0001296165   0.0000145136   0.0000123341  -0.0697793992
        0.0949635851  -0.1263786171  -0.0029129980   0.0015132149   0.0008310133
        0.0016485915  -0.0009861104  -0.0003889185  -0.0535046881  -0.0114020186
       -0.1311822547   0.1950648829   0.0712434646   0.4350548296  -0.0492955258
       -0.1609157769  -0.1269116952   0.0036753142  -0.0019232390   0.0035943051
       -0.0126782814  -0.0055938486  -0.0266594170  -0.0045941660   0.0030717452
       -0.0051779752   0.0008975045   0.0001528591  -0.0003673778  -0.0004183314
       -0.0003079830   0.0003544622   0.0001704577   0.0001285073  -0.0000240509
        0.0003392590   0.0001954282  -0.0003671388   0.0001857386  -0.0000363952
       -0.0000108976
        0.0003923102  -0.0003822060   0.0004203909  -0.0003568602   0.0000674025
       -0.0000932344   0.0001598884  -0.0000296171   0.0000480925  -0.0000601425
       -0.0000322528  -0.0000205492  -0.0003763796   0.0000371364  -0.0001734933
        0.0000476168   0.0000348241   0.0000163191   0.0001334338  -0.0000493078
        0.0000587393   0.0004180458   0.0003266661   0.0009194922   0.0003298572
        0.0005161701   0.0007399463   0.0006077697   0.0007044505  -0.0003454250
       -0.0001740411  -0.0005676251  -0.0002488444   0.0003025734   0.0004640926
        0.0001804773   0.0002897209  -0.0005514035  -0.0002524235   0.0000159548
        0.0000362427  -0.0000407973   0.0004639855   0.0002923042   0.0000003554
       -0.0004761767  -0.0002156017   0.0002501730  -0.0001122902  -0.0001363290
        0.0000828255   0.0000469336   0.0000380601  -0.0001173053   0.0000123340
        0.0000554740  -0.0000503003   0.0000330656   0.0000274113  -0.0000419564
       -0.0000257775   0.0000509433   0.0000035244  -0.0000165172   0.0000169086
       -0.0000451806   0.0000392747   0.0000406606  -0.0000142532  -0.0000930674
        0.0000962675  -0.0001641184  -0.0000023415  -0.0001989397   0.0002544609
       -0.0006376116   0.0002969181   0.0008790613   0.0044461643   0.0031688776
       -0.0034779751   0.0056507968  -0.0007665571   0.0018564124  -0.0000372162
       -0.0000448393   0.0000157984  -0.0000308487   0.0001950980   0.0000122686
       -0.0001670978   0.0000197616   0.0000522666  -0.0001197226   0.0000705362
        0.0001262036  -0.0010029246   0.0007487838   0.0004207561   0.0003276302
       -0.0000747761   0.0001820023  -0.0002097391   0.0000816098   0.0001188612
       -0.0002254326   0.0001701511   0.0000466287  -0.0001656257   0.0000755560
        0.0002843939  -0.0015510252  -0.0000081426   0.0002821759   0.0001652021
        0.0001547996  -0.0000740054   0.0000186922   0.0000393922  -0.0000257194
       -0.0000970413  -0.0000366266   0.0001704280   0.0000862805   0.0000128642
       -0.0001018318   0.0000365386   0.0000297817  -0.0000703472   0.0152785340
        0.0065548516   0.0021227794  -0.0030171148  -0.0085563362   0.0037595418
       -0.0007446098   0.0038806076  -0.0008848815  -0.0010392577  -0.0279800125
       -0.0198036541  -0.0991994394  -0.1131043729  -0.0492955258   0.0918956501
        0.1302585330   0.0715315850  -0.0021477815  -0.0017023448  -0.0039517824
       -0.0017987414  -0.0018792059  -0.0025506960   0.0019096499  -0.0005030224
        0.0024380297  -0.0083901875   0.0061085083  -0.0044833936  -0.0004000420
        0.0024040419  -0.0011147109   0.0002402908  -0.0000547706   0.0000043919
        0.0004440757  -0.0000259817  -0.0001743700  -0.0011172158  -0.0001754157
        0.0003383934
       -0.0022021253   0.0010506445  -0.0007801275   0.0022087123   0.0002822671
        0.0000616012  -0.0006310629  -0.0003935664  -0.0003381299   0.0005018861
       -0.0003879935  -0.0005506427   0.0008957313   0.0001618122  -0.0001509764
        0.0001480518  -0.0004476346   0.0004399621  -0.0000394854   0.0003026001
        0.0003956705  -0.0001345555   0.0002570590   0.0011844366   0.0018233535
       -0.0006502246  -0.0030508641   0.0002358626  -0.0019132128   0.0003609235
        0.0010309550   0.0011356795   0.0003545580  -0.0012331863  -0.0013702188
       -0.0007057126   0.0006116776   0.0011993462   0.0000283066   0.0000480205
       -0.0006017909   0.0000602569  -0.0002401145   0.0002786377  -0.0000204286
       -0.0006689374   0.0005643564   0.0002264838  -0.0001069394   0.0000618252
        0.0000394911   0.0002279585  -0.0002550326  -0.0001099704   0.0000720925
       -0.0000984697   0.0000251618  -0.0002107337   0.0001048048   0.0001851485
        0.0000959652   0.0001428244   0.0001247226  -0.0001592494   0.0004592608
        0.0003060877  -0.0001036478  -0.0000114832  -0.0000673662  -0.0004793681
        0.0006515360  -0.0002268091  -0.0000713835   0.0000556847   0.0004451109
       -0.0007193326  -0.0001670017   0.0016890799   0.0051394847  -0.0052389505
        0.0061313337   0.0086906586  -0.0035874292   0.0027094537   0.0000495819
        0.0002733062   0.0000667260  -0.0000741690  -0.0001525527   0.0000953981
        0.0001471267   0.0000223477   0.0000821001   0.0001601836  -0.0002628240
       -0.0001084149  -0.0007220451  -0.0006882857   0.0008680034  -0.0002524189
        0.0000996325  -0.0000752589   0.0005206252  -0.0000602059  -0.0002844461
        0.0000436333   0.0001809008   0.0001280855   0.0000134463  -0.0000638924
       -0.0002544752   0.0006296883  -0.0000057759   0.0000589454   0.0001182274
       -0.0000628873   0.0000112515   0.0000007036  -0.0000064894  -0.0000097628
       -0.0003447671   0.0002313237   0.0002331159   0.0001069874  -0.0001225857
       -0.0000836551   0.0001337083  -0.0000522273  -0.0000549675  -0.0002387870
       -0.1039734522  -0.0067315664  -0.0070647204  -0.0083558529   0.0046486547
        0.0016177415   0.0023996918  -0.0009715597  -0.0145624617  -0.0234878165
       -0.0192724120  -0.1231558420  -0.5396920364  -0.1609157769   0.1302585330
        0.6752571351   0.1791384824  -0.0020218300   0.0001894371  -0.0037786643
       -0.0006882295  -0.0011500086   0.0003490688  -0.0003252621   0.0003876890
        0.0013056317   0.0006324161   0.0066359600  -0.0026328973  -0.0001147010
        0.0007998572  -0.0003998746   0.0004592477   0.0001971747   0.0001356487
        0.0005246727  -0.0000529009  -0.0004145978  -0.0005815771  -0.0000699923
        0.0001004556
        0.0000418599   0.0002095128  -0.0000348330   0.0000196332   0.0000123618
       -0.0000339918  -0.0001576914  -0.0000096361  -0.0000228743  -0.0000771365
       -0.0000729321  -0.0001658363   0.0000521670  -0.0000647199   0.0000355263
       -0.0000938388  -0.0002611003  -0.0001017577   0.0001393092  -0.0000284054
        0.0000246738   0.0001259334   0.0003259091   0.0015573378   0.0024684009
        0.0012577212  -0.0001524166  -0.0006017381  -0.0006090863  -0.0000607597
        0.0008518833   0.0005619393   0.0003532708  -0.0007743509  -0.0009084502
       -0.0004355963   0.0000136513   0.0009237970   0.0003803322  -0.0001424486
       -0.0001705967  -0.0003518937  -0.0000611730  -0.0002481630   0.0002766872
        0.0002526452   0.0001506571   0.0000244792   0.0000659022   0.0000954540
        0.0000590933  -0.0000414055  -0.0000298414   0.0000138141   0.0000137829
        0.0000218009  -0.0000524804  -0.0000205598   0.0000272344   0.0000720274
        0.0000732902   0.0000899325   0.0001966584  -0.0000736260   0.0001346508
        0.0000921703   0.0000660440   0.0000840182   0.0000281477  -0.0000590818
        0.0004559270  -0.0002169770   0.0000520801  -0.0002600719   0.0002720065
        0.0006394869   0.0000296057   0.0015408320  -0.0035047395   0.0037732530
        0.0019812725   0.0019315791   0.0002287789  -0.0023586677   0.0000651999
        0.0001890393   0.0001030988  -0.0001354341  -0.0000081890  -0.0001477474
        0.0001689795   0.0001075563   0.0000355172   0.0001153991  -0.0001449484
        0.0002096462   0.0000424785  -0.0007993678  -0.0004660405   0.0001560150
        0.0000159584   0.0001368216   0.0003027301  -0.0001084448  -0.0000717192
        0.0002167092  -0.0003049757   0.0000472383   0.0000739832   0.0001112417
        0.0002192248   0.0003086049   0.0005102168  -0.0011387940  -0.0000823435
       -0.0001003335  -0.0000178589  -0.0000009244  -0.0000213954  -0.0000147519
        0.0000650396   0.0000588802  -0.0000115442  -0.0000522306  -0.0000275088
       -0.0000036175  -0.0000229581  -0.0000291697  -0.0000110440   0.0013125624
        0.0083214029   0.0149711528  -0.0000732300  -0.0024035681   0.0011503872
        0.0000962912   0.0007276728  -0.0001347509  -0.0195975977  -0.0377306543
       -0.0099982422  -0.0499689493  -0.1521811895  -0.1269116952   0.0715315850
        0.1791384824   0.1228887203  -0.0048396694  -0.0025620904  -0.0058798999
       -0.0003843909   0.0000012855   0.0004057795   0.0016899731  -0.0004097409
        0.0012424521  -0.0015691484   0.0014596174   0.0008475081  -0.0002064126
        0.0006230810  -0.0006559410   0.0000373515   0.0000319481   0.0000378172
       -0.0000648943  -0.0000667376   0.0001459962  -0.0003845777  -0.0001176193
        0.0001020419
       -0.0001137365   0.0001205310  -0.0000815125   0.0001180642   0.0000174813
        0.0000095606  -0.0000603451  -0.0000268276  -0.0000125552   0.0000729594
       -0.0000189727  -0.0000384846  -0.0000783703   0.0000124939  -0.0000393309
        0.0000252120  -0.0001174296  -0.0000617322   0.0001183326   0.0000448092
        0.0000639450   0.0000526048  -0.0000189460   0.0000104848   0.0001130050
       -0.0000168780   0.0000620427  -0.0000117941  -0.0001096983   0.0000980835
       -0.0003111027   0.0001127054   0.0001340756   0.0000691252  -0.0001120811
       -0.0001152391   0.0000850915   0.0000663483   0.0000222688  -0.0000111619
        0.0000147906  -0.0000193350  -0.0000085881   0.0000033755   0.0000182814
        0.0000496820   0.0000235797  -0.0000570955   0.0000081169   0.0000147666
       -0.0000106988  -0.0000018110  -0.0000124675   0.0000050688  -0.0000048717
       -0.0000233127   0.0000063009  -0.0000170912   0.0000092031   0.0000153073
       -0.0000146573   0.0000144731   0.0000261381  -0.0000660226   0.0000991963
        0.0000298283   0.0000046286  -0.0000115251   0.0000002052  -0.0000479689
        0.0000362850   0.0000069272   0.0000114901  -0.0000146215   0.0000619233
        0.0000443965   0.0000335648   0.0001523216  -0.0011532876   0.0008222077
       -0.0010033521   0.0001195731  -0.0000205193   0.0000521135  -0.0000551663
       -0.0000549875  -0.0000253947   0.0000962377   0.0000678500   0.0003741707
       -0.0000071792  -0.0000545770  -0.0000270856  -0.0000307970  -0.0000048948
        0.0000250644   0.0000153169  -0.0000810506  -0.0000894253   0.0000427942
       -0.0000054908  -0.0000116207   0.0000119264   0.0000127863   0.0000121004
       -0.0000016222  -0.0000078321   0.0000021558  -0.0000092680   0.0000031419
        0.0000109917  -0.0000508589   0.0000108826  -0.0000152666  -0.0000135090
       -0.0000161328   0.0000108134  -0.0000024108  -0.0000014593   0.0000051581
       -0.0000084576   0.0000147327  -0.0000031781  -0.0000034594  -0.0000045684
        0.0000081614  -0.0000012966  -0.0000049287   0.0000047235   0.0004808009
        0.0000532664  -0.0005925480   0.0001582982  -0.0002335181   0.0000756537
       -0.0000760649   0.0001831638  -0.0000052696  -0.1080109009  -0.1047222563
        0.0180222411  -0.0090390166  -0.0159506715   0.0036753142  -0.0021477815
       -0.0020218300  -0.0048396694   0.1211564683   0.1230230026  -0.0192305095
       -0.0112629035  -0.0173176663   0.0062572610   0.0097329972   0.0160927474
       -0.0028990728   0.0000129246   0.0000457723  -0.0000555438  -0.0000144711
        0.0000175883  -0.0000031766   0.0000174406   0.0000059477  -0.0000020662
        0.0000263514  -0.0000050484  -0.0000086520  -0.0000078656   0.0000134981
       -0.0000108708
        0.0000967825  -0.0001190001   0.0001167323  -0.0000941579   0.0000682198
       -0.0000060292   0.0000873348  -0.0000285262  -0.0000120545  -0.0000576160
       -0.0000666384  -0.0000518293  -0.0000435326   0.0000326995  -0.0000311041
        0.0000092130   0.0000744821   0.0000521366   0.0000174852   0.0000084131
        0.0000231817  -0.0000084745  -0.0000148691   0.0000326631   0.0002628876
        0.0000492433   0.0000987088   0.0000859543   0.0002186394  -0.0000264601
        0.0002810299  -0.0002916379  -0.0000667643  -0.0001049668  -0.0000555571
       -0.0000634761   0.0000907735   0.0000275037  -0.0000337490   0.0000101760
       -0.0000932972   0.0000275193  -0.0000489719   0.0000354353  -0.0000107242
       -0.0002627296  -0.0000841290   0.0000945075  -0.0000369718  -0.0000390164
        0.0000251679   0.0000182982   0.0000096224  -0.0000368835  -0.0000137648
        0.0000074603  -0.0000109545  -0.0000061567  -0.0000075527  -0.0000160435
        0.0000047573  -0.0000056709  -0.0000035632   0.0000574836  -0.0000304512
       -0.0000157736  -0.0000359850  -0.0000311743  -0.0000107637   0.0000055586
        0.0000140666   0.0000038983   0.0000045268  -0.0000185498   0.0000173283
       -0.0000095326  -0.0000197288   0.0000292155   0.0001096380   0.0005079110
        0.0002561697   0.0001394565  -0.0000760798   0.0000902582  -0.0000295416
        0.0000223263   0.0000284177   0.0001811532   0.0004592526  -0.0002359639
       -0.0000551301   0.0000714985   0.0000789592  -0.0000394656   0.0000443968
        0.0000850903  -0.0001220204  -0.0001694316  -0.0001481009  -0.0000462976
       -0.0000671775   0.0000169390   0.0000039704   0.0000473006   0.0000015184
        0.0000092138   0.0000683214   0.0000097125   0.0000229018   0.0000060821
       -0.0000165968   0.0000154017  -0.0000179854   0.0000633547   0.0000498077
        0.0000484550  -0.0000263466   0.0000060370   0.0000077535  -0.0000042500
       -0.0000276290  -0.0000035471   0.0000495062   0.0000233032   0.0000003056
       -0.0000321588   0.0000099130   0.0000050428  -0.0000182980   0.0014043133
        0.0009514913   0.0011044768   0.0000707566  -0.0001867398   0.0001463965
       -0.0000022882   0.0001292105  -0.0000556232  -0.1052437683  -0.2165825514
        0.0315555980  -0.0057082869  -0.0093879538  -0.0019232390  -0.0017023448
        0.0001894371  -0.0025620904   0.1230230026   0.2484617303  -0.0347540751
       -0.0007094574   0.0008342725   0.0013019538  -0.0117377861  -0.0251252676
        0.0049559077   0.0000156135   0.0000940840  -0.0000599925   0.0000012096
        0.0000216853  -0.0000082362   0.0000137516  -0.0000022665  -0.0000022476
        0.0000277240  -0.0000040307  -0.0000192629  -0.0000125525   0.0000124873
       -0.0000026633
       -0.0000590834  -0.0000301895   0.0000502547   0.0001314800   0.0000326577
       -0.0000390905   0.0000308238  -0.0000595475  -0.0000276846  -0.0000052382
       -0.0000769674  -0.0000587252  -0.0001153550  -0.0000523676  -0.0000361282
       -0.0000387763   0.0000380083   0.0000550789   0.0000940384   0.0000303315
        0.0000765761  -0.0000074884   0.0000274359   0.0000264627   0.0000726499
       -0.0001405507  -0.0000815718   0.0001742348   0.0001776637   0.0000867693
        0.0002834423  -0.0001552270  -0.0003501530  -0.0000977992   0.0000375692
        0.0000880190   0.0000524483  -0.0000022469  -0.0000486594  -0.0000032016
       -0.0000318401   0.0000212627  -0.0000060746  -0.0000012305  -0.0000021041
       -0.0002872244  -0.0000584953   0.0000597713  -0.0000352432  -0.0000382537
       -0.0000041312   0.0000177346  -0.0000032197  -0.0000251858   0.0000064433
        0.0000050168   0.0000011448  -0.0000077726   0.0000073862   0.0000055582
       -0.0000032455   0.0000111535   0.0000237436  -0.0000195788   0.0000179719
        0.0000474005  -0.0000022730   0.0000053846   0.0000294347   0.0000009716
        0.0000002522   0.0000127111   0.0000274832  -0.0000086992   0.0000305457
       -0.0000055561  -0.0000168190   0.0000626710  -0.0007724817   0.0003109436
        0.0001610812   0.0000170732  -0.0000025007  -0.0000383668  -0.0000114581
       -0.0000158202   0.0000115811   0.0003987796   0.0000123869  -0.0001428141
       -0.0000303674   0.0000561098   0.0000666028  -0.0000263119   0.0000059941
        0.0000322260  -0.0001092933  -0.0001316490  -0.0000408079   0.0000111425
        0.0000002039   0.0000088505  -0.0000097729   0.0000340871  -0.0000030674
        0.0000140985   0.0000199311  -0.0000071432   0.0000036634   0.0000019530
        0.0000154557  -0.0000379463   0.0000251933  -0.0000036769   0.0000504966
        0.0000425223  -0.0000018097  -0.0000029562   0.0000086457   0.0000024589
       -0.0000483235   0.0000036033   0.0000441113   0.0000287829  -0.0000025688
       -0.0000209252   0.0000181808   0.0000054357  -0.0000097426   0.0005443945
       -0.0014724713  -0.0003522115  -0.0000014195   0.0000096631   0.0000398016
        0.0000450965  -0.0000106508  -0.0000234156   0.0169438100   0.0303793444
       -0.0437012121  -0.0118582975  -0.0170796474   0.0035943051  -0.0039517824
       -0.0037786643  -0.0058798999  -0.0192305095  -0.0347540751   0.0519444035
        0.0157374367   0.0228930671  -0.0055269061   0.0020690092   0.0037372726
       -0.0001470072   0.0000495738  -0.0000303295  -0.0000362633  -0.0000554450
        0.0000067437   0.0000186062   0.0000121479   0.0000058460   0.0000048086
       -0.0000009538   0.0000014305  -0.0000140910   0.0000057931   0.0000028225
        0.0000010976
        0.0000628998  -0.0000355970   0.0000481882  -0.0000418938   0.0000089820
       -0.0000278594   0.0000019949  -0.0000136920  -0.0000007868  -0.0000205846
       -0.0000021719   0.0000006307  -0.0000342716  -0.0000201838   0.0000060347
       -0.0000425850  -0.0000004078  -0.0000018418   0.0000251702   0.0000109314
        0.0000171591   0.0000284624   0.0000216775   0.0000254856  -0.0009738713
        0.0001006001  -0.0000376374   0.0000781643   0.0001149679   0.0000266206
        0.0000884830  -0.0001233990  -0.0000358759  -0.0000359069  -0.0000060464
       -0.0000135357   0.0001268060  -0.0000159632  -0.0000214956  -0.0000094708
       -0.0000237359  -0.0000140894   0.0000166523  -0.0000108272   0.0000070301
       -0.0001183505  -0.0000423807   0.0000267203  -0.0000161176  -0.0000210339
       -0.0000041434   0.0000100871   0.0000063340  -0.0000190411   0.0000021078
        0.0000093447  -0.0000064935   0.0000029399   0.0000035631  -0.0000046195
        0.0000013688   0.0000067179   0.0000083542   0.0000109831  -0.0000103550
       -0.0000014892   0.0000002462   0.0000024716   0.0000017011   0.0000116802
       -0.0000103233  -0.0000008629   0.0000084569  -0.0000189364   0.0000149971
        0.0000287154  -0.0000136868   0.0000637282   0.0001572890  -0.0001279901
       -0.0000011866   0.0002103245  -0.0000417431  -0.0000275285  -0.0000015858
       -0.0000000163   0.0000037002   0.0000045126   0.0000840183  -0.0000403886
       -0.0000120974   0.0000244946   0.0000202719  -0.0000205970   0.0000175022
        0.0000280682  -0.0001859526   0.0000343783  -0.0000202501   0.0000397517
       -0.0000582287   0.0000111878   0.0000051074   0.0000108233   0.0000173230
        0.0000087909   0.0000038000  -0.0000016653   0.0000053855   0.0000042845
        0.0000088582  -0.0000491606   0.0000090365   0.0000008076   0.0000284142
        0.0000224227   0.0000008495  -0.0000017599   0.0000082135   0.0000008677
       -0.0000233976  -0.0000012625   0.0000214780   0.0000182414  -0.0000013493
       -0.0000101415   0.0000068308   0.0000054510  -0.0000067780  -0.0010340463
        0.0002844471  -0.0007967618   0.0000864205  -0.0001465479  -0.0002322461
       -0.0001466273   0.0001079790   0.0000704633  -0.1153136124   0.0114069396
        0.1101507536   0.0107047832  -0.0010931030  -0.0126782814  -0.0017987414
       -0.0006882295  -0.0003843909  -0.0112629035  -0.0007094574   0.0157374367
        0.1337430915  -0.0139950888  -0.1303720556  -0.0142486832   0.0047979041
        0.0183491255  -0.0000941578   0.0001362898   0.0000874123   0.0000073556
        0.0000086163  -0.0000307510   0.0000004296   0.0000069374   0.0000246177
       -0.0000312158  -0.0000326186   0.0000149972  -0.0000143562   0.0000052470
       -0.0000026715
        0.0000543394  -0.0000146521   0.0000081643  -0.0000388437  -0.0000083274
       -0.0000208809   0.0000126771  -0.0000008656  -0.0000019450  -0.0000043370
       -0.0000076908  -0.0000135352  -0.0000127308  -0.0000194502  -0.0000262523
       -0.0000349797   0.0000424982   0.0000224097   0.0000268768  -0.0000001086
       -0.0000076180  -0.0000135530   0.0000183769   0.0000169792  -0.0000253629
       -0.0000186725   0.0001494720  -0.0001040439   0.0000217190   0.0000345097
        0.0000143929   0.0000149650   0.0000183057  -0.0000706635  -0.0000137511
        0.0000493550  -0.0000066394   0.0000308337  -0.0000014860  -0.0000003215
        0.0000219451  -0.0000076958  -0.0000097089  -0.0000059618  -0.0000054810
        0.0000393731  -0.0000110233  -0.0000127379   0.0000102572   0.0000059109
       -0.0000041643  -0.0000133324   0.0000077096   0.0000141716   0.0000024410
        0.0000097310  -0.0000016430   0.0000027420  -0.0000046130  -0.0000025646
        0.0000000468  -0.0000057008   0.0000001067  -0.0000012425  -0.0000114699
        0.0000181204  -0.0000001076   0.0000099162   0.0000129498   0.0000031167
       -0.0000036158   0.0000141037   0.0000055580  -0.0000064518  -0.0000088333
       -0.0000034366  -0.0000430486  -0.0000054401   0.0000421191  -0.0000972642
        0.0003009808   0.0001606739  -0.0000105268  -0.0000516252   0.0000240608
        0.0000123469   0.0000015890   0.0001260311  -0.0000707579  -0.0001433770
        0.0000022705   0.0000163778   0.0000074877   0.0000113806  -0.0000104977
        0.0000011063   0.0000050102  -0.0000732638   0.0000336143  -0.0000360403
        0.0000423094   0.0000144392  -0.0000130090  -0.0000044776  -0.0000211280
        0.0000075491  -0.0000044413  -0.0000050433   0.0000045885   0.0000021470
        0.0000151999   0.0000372271   0.0000408127  -0.0000156839  -0.0000111016
       -0.0000096264   0.0000032981  -0.0000018164  -0.0000005399   0.0000005411
        0.0000134665  -0.0000078671  -0.0000123096  -0.0000051497   0.0000021547
        0.0000032859  -0.0000016663   0.0000013257   0.0000030092   0.0007473301
       -0.0004167376   0.0003973941   0.0000561160   0.0001205186  -0.0000483851
       -0.0000083075  -0.0000609283  -0.0000125604   0.0127345079  -0.0421960068
       -0.0182998279   0.0027954199   0.0007225066  -0.0055938486  -0.0018792059
       -0.0011500086   0.0000012855  -0.0173176663   0.0008342725   0.0228930671
       -0.0139950888   0.0460507031   0.0205229866   0.0167769997  -0.0037397814
       -0.0202993696  -0.0000924546  -0.0000007798   0.0000795353   0.0000246369
        0.0000074622  -0.0000504508  -0.0000107335  -0.0000111440   0.0000003775
       -0.0000358177   0.0000019921   0.0000235204   0.0000061520   0.0000015175
        0.0000125212
       -0.0000553726   0.0000412434  -0.0000373346   0.0000274552  -0.0000095950
        0.0000182310  -0.0000445938   0.0000217984   0.0000165799   0.0000430571
        0.0000023894  -0.0000204280   0.0000065971  -0.0000049920   0.0000182035
        0.0000331492  -0.0000381052  -0.0000289417   0.0000218679  -0.0000088817
       -0.0000120870   0.0000608037  -0.0000392371   0.0001153953  -0.0012640474
        0.0000948662   0.0002355062  -0.0000954664  -0.0001006296   0.0000027013
       -0.0000338525   0.0000864062   0.0000915134  -0.0000027716  -0.0000211953
       -0.0000085979  -0.0000387918   0.0000211270   0.0000270822   0.0000175016
        0.0000074672   0.0000067826   0.0000008643  -0.0000143369   0.0000181456
        0.0001002486   0.0000395530  -0.0000286752   0.0000194718   0.0000259813
       -0.0000028911  -0.0000213405  -0.0000039310   0.0000258751  -0.0000007575
       -0.0000041475   0.0000028367  -0.0000118900   0.0000006037   0.0000104957
       -0.0000035198   0.0000113078   0.0000275700  -0.0000107061   0.0000276348
       -0.0000001295   0.0000017162   0.0000040116   0.0000052188  -0.0000107778
        0.0000202859   0.0000019927   0.0000109817  -0.0000537860   0.0000613786
        0.0001376347   0.0000480372   0.0002012408   0.0003173887   0.0001916357
       -0.0006373376   0.0002793340  -0.0001021936  -0.0001439380   0.0000123103
        0.0000062652  -0.0000057757   0.0000350618  -0.0000615550  -0.0000837556
        0.0000070169  -0.0000082131  -0.0000094574   0.0000186326  -0.0000042089
        0.0000223623   0.0000094240   0.0000124358   0.0000124973  -0.0000118929
        0.0000132955  -0.0000420037  -0.0000098119  -0.0000094742   0.0000069202
        0.0000052571  -0.0000161401   0.0000019388  -0.0000091789   0.0000170099
        0.0000254676   0.0000356296   0.0000234217  -0.0000598502  -0.0000329211
       -0.0000288294   0.0000041261   0.0000002766  -0.0000087022   0.0000017648
        0.0000267837   0.0000003209  -0.0000272514  -0.0000214885   0.0000006196
        0.0000126779  -0.0000074333  -0.0000030671   0.0000097183  -0.0017623662
       -0.0000682861  -0.0000271914   0.0002381905  -0.0000831012  -0.0005326330
       -0.0002583751   0.0001723533   0.0001510031   0.1174784877  -0.0166246048
       -0.2033166651   0.0107200902  -0.0047755641  -0.0266594170  -0.0025506960
        0.0003490688   0.0004057795   0.0062572610   0.0013019538  -0.0055269061
       -0.1303720556   0.0205229866   0.2333264763   0.0009356016  -0.0010591376
        0.0020297819  -0.0001915358   0.0001373434   0.0003525223   0.0000236319
       -0.0000294412  -0.0000995990  -0.0000029895   0.0000063332   0.0000127472
       -0.0000493020  -0.0000434208   0.0000606555  -0.0000077930   0.0000170201
       -0.0000123223
        0.0001323353  -0.0000207611   0.0000201864  -0.0000928700   0.0000011237
       -0.0000142983   0.0000439235   0.0000038272  -0.0000011313  -0.0000454603
        0.0000160202   0.0000171242  -0.0000849410  -0.0000399914   0.0000128775
       -0.0000288885  -0.0000030818  -0.0000105388   0.0000201261  -0.0000144670
       -0.0000016391  -0.0001317978   0.0000183646  -0.0002957585   0.0002537975
        0.0007171566  -0.0003559079  -0.0000693382   0.0000071205   0.0000077446
       -0.0000537620  -0.0000244165  -0.0000463240   0.0000097946   0.0000592813
        0.0000879994   0.0000301017  -0.0000647025   0.0000373973   0.0000756317
        0.0000228756   0.0000497531   0.0000530778  -0.0000164852  -0.0000141285
        0.0000164378   0.0000077753  -0.0000112623   0.0000154115   0.0000139712
       -0.0000076411  -0.0000233861   0.0000136885   0.0000186320  -0.0000070064
        0.0000022088  -0.0000104736   0.0000120833  -0.0000006895  -0.0000006967
       -0.0000052952  -0.0000025677   0.0000006414  -0.0000162285  -0.0000132405
        0.0000012227   0.0000204156   0.0000120824   0.0000069283   0.0000113757
       -0.0000471267   0.0000244130   0.0000117357   0.0000635270  -0.0000533531
       -0.0000237197   0.0000227488   0.0000093647  -0.0002610171  -0.0002969838
       -0.0000418253  -0.0001954346   0.0001535146  -0.0000680611   0.0000128112
       -0.0000078520  -0.0000049508   0.0001480997  -0.0000423876  -0.0000332609
       -0.0000398526  -0.0000011550  -0.0000018314  -0.0000551625   0.0000331713
        0.0000243859   0.0000651148   0.0000332105  -0.0001754262   0.0000437721
        0.0000864614   0.0000728116  -0.0000590271   0.0000067566  -0.0000182156
       -0.0000247742  -0.0000151744   0.0000115780  -0.0000624086   0.0000139602
        0.0000531294  -0.0000638804  -0.0000718125  -0.0001551100  -0.0000202694
       -0.0000148325   0.0000065430  -0.0000033882  -0.0000028739   0.0000032275
        0.0000239561  -0.0000048940  -0.0000211516  -0.0000108845   0.0000028612
        0.0000122005  -0.0000101462  -0.0000012203   0.0000057738  -0.0020630737
       -0.0005502504  -0.0036887333   0.0002467840   0.0002445456  -0.0000136018
        0.0000190078  -0.0001379202   0.0000087375  -0.1406947164   0.1175373831
       -0.0191363070  -0.0138235046   0.0160638415  -0.0045941660   0.0019096499
       -0.0003252621   0.0016899731   0.0097329972  -0.0117377861   0.0020690092
       -0.0142486832   0.0167769997   0.0009356016   0.1592699872  -0.1382804634
        0.0235536618   0.0000328201  -0.0001738929   0.0000262760   0.0000117906
       -0.0000189752  -0.0000001990  -0.0000175085  -0.0000190467  -0.0000179106
       -0.0000193158   0.0000148894   0.0000236988   0.0000327029   0.0000009461
        0.0000030117
       -0.0001268708   0.0000826957  -0.0000786997   0.0001216841   0.0000011600
        0.0000232928  -0.0000279017   0.0000064951  -0.0000087447   0.0000120308
        0.0000044743  -0.0000015170  -0.0000088927  -0.0000051780  -0.0000123285
        0.0000560266  -0.0000599205  -0.0000424879  -0.0000049317  -0.0000048394
        0.0000024346  -0.0000268271   0.0000049651  -0.0000790052  -0.0001250667
        0.0003193230  -0.0003360042   0.0000282665  -0.0001499187   0.0000197636
       -0.0001808505   0.0001801337  -0.0000651800   0.0001147583   0.0000906702
        0.0000739572  -0.0001200846   0.0000087519   0.0000003069  -0.0000388591
        0.0000573442  -0.0000527617   0.0000231367  -0.0000356812   0.0000172939
        0.0000870376   0.0000599557  -0.0000457866   0.0000118012   0.0000226946
       -0.0000195942  -0.0000041489  -0.0000099406   0.0000183818   0.0000094809
       -0.0000127691   0.0000045469  -0.0000110819   0.0000076282   0.0000125734
       -0.0000033797   0.0000127367   0.0000142463  -0.0000432204   0.0000502843
        0.0000123875   0.0000205007   0.0000140115   0.0000037130  -0.0000290200
        0.0000241150  -0.0000122693  -0.0000044016   0.0000229030   0.0000001560
        0.0000496060   0.0000299692   0.0001150466  -0.0000759921   0.0002593146
       -0.0002047592   0.0001100232   0.0000163671   0.0000119644   0.0000064871
       -0.0000229806  -0.0000137026  -0.0000265921  -0.0003176244   0.0001790487
        0.0000369386  -0.0000530143  -0.0000329673   0.0000333971  -0.0000662499
       -0.0000538383   0.0000791932   0.0000373192   0.0001537469   0.0001043280
        0.0000763005  -0.0000666342   0.0000134359  -0.0000297786   0.0000412872
        0.0000054526  -0.0000754643  -0.0000159630  -0.0000139107  -0.0000013659
        0.0000426432  -0.0000736849   0.0000716265  -0.0000561224  -0.0000170499
       -0.0000275916   0.0000188233   0.0000002818  -0.0000034881   0.0000045740
        0.0000044487   0.0000069467  -0.0000186224  -0.0000040227  -0.0000037096
        0.0000127277  -0.0000010760  -0.0000049850   0.0000085717  -0.0001837507
        0.0002470511  -0.0004781227   0.0001066699  -0.0001165173   0.0000074909
       -0.0000610494   0.0000811091   0.0000279680   0.1178871673  -0.1918047955
        0.0229568844   0.0002440013   0.0031224960   0.0030717452  -0.0005030224
        0.0003876890  -0.0004097409   0.0160927474  -0.0251252676   0.0037372726
        0.0047979041  -0.0037397814  -0.0010591376  -0.1382804634   0.2163277842
       -0.0274099025  -0.0000426705   0.0000275996  -0.0000261236  -0.0000167282
        0.0000058507   0.0000019312   0.0000037772   0.0000098898   0.0000079445
        0.0000041939  -0.0000036160   0.0000003573  -0.0000092268  -0.0000031778
       -0.0000030660
        0.0001480008  -0.0001237712   0.0001185125  -0.0001401189   0.0000112655
       -0.0000175231   0.0000350723  -0.0000022646   0.0000220014  -0.0000213441
       -0.0000044295   0.0000056432  -0.0000878526  -0.0000435878   0.0000301937
       -0.0000267454   0.0000098863   0.0000156070   0.0000331175  -0.0000013550
        0.0000095712  -0.0001518943   0.0000281788  -0.0003244113  -0.0004002302
        0.0009248538  -0.0008584294   0.0002031116   0.0003268506  -0.0000278368
       -0.0000088883  -0.0002887748  -0.0000609455   0.0001206725   0.0001346867
       -0.0000027344   0.0001501455  -0.0001321524  -0.0000457438  -0.0000349061
       -0.0000425512  -0.0001747837   0.0000429942  -0.0000577772   0.0000111798
       -0.0001896999  -0.0001028901   0.0000483242  -0.0000319859  -0.0000460757
        0.0000076730   0.0000119507   0.0000149641  -0.0000305353  -0.0000024887
        0.0000102392  -0.0000033739   0.0000118159  -0.0000005702  -0.0000158815
       -0.0000080946   0.0000081098   0.0000056852   0.0000141522  -0.0000284008
       -0.0000238788  -0.0000007866  -0.0000080518  -0.0000057205   0.0000252095
       -0.0000476291   0.0000069812   0.0000186587   0.0000736308  -0.0000472165
        0.0000040892   0.0000504823   0.0000969245  -0.0001971953  -0.0002145213
       -0.0000518149  -0.0002383358   0.0001152416  -0.0000379343  -0.0000370609
       -0.0000524331  -0.0000118443   0.0000109672   0.0002681113  -0.0000114093
       -0.0000740637   0.0000136472   0.0000291425  -0.0000808173   0.0000598587
        0.0001290093  -0.0002175894   0.0001932978  -0.0003269216   0.0002627557
       -0.0001675401   0.0001388115  -0.0000359224   0.0000554356   0.0001230174
       -0.0000241658   0.0000221703   0.0000242472  -0.0000119311   0.0000445924
        0.0000777891  -0.0001927745  -0.0001061607  -0.0000907070   0.0000491536
        0.0000540886  -0.0000134542   0.0000002549   0.0000101160  -0.0000005739
       -0.0000251826  -0.0000184622   0.0000368958   0.0000230679   0.0000105736
       -0.0000240240   0.0000101677   0.0000101951  -0.0000102485  -0.0035563298
       -0.0006364763  -0.0044963269   0.0001240103   0.0000799892  -0.0000567810
        0.0000421544  -0.0000700329   0.0000210841  -0.0193435453   0.0231649437
       -0.0434242650  -0.0177382498   0.0180661112  -0.0051779752   0.0024380297
        0.0013056317   0.0012424521  -0.0028990728   0.0049559077  -0.0001470072
        0.0183491255  -0.0202993696   0.0020297819   0.0235536618  -0.0274099025
        0.0512817785   0.0001122450  -0.0001033184  -0.0000183986  -0.0000340815
       -0.0000144426   0.0000342933   0.0000000807  -0.0000012898  -0.0000026201
       -0.0000020010   0.0000013923  -0.0000020755   0.0000186890  -0.0000002210
       -0.0000032035
       -0.0006595852   0.0001533250  -0.0001132201   0.0006788059   0.0000364222
       -0.0000351037  -0.0000764784  -0.0000488177  -0.0001548394  -0.0000928188
       -0.0001707668  -0.0000660329   0.0003625794  -0.0012503290   0.0008414988
       -0.0001069617   0.0000673077   0.0001568774  -0.0002016169   0.0001764647
        0.0000568125  -0.0057287428  -0.0015310991   0.0016887937  -0.0207665035
       -0.0305364242   0.0153000899   0.0005195776  -0.0001513336   0.0000221214
       -0.0000130998  -0.0000505213  -0.0000925159   0.0000219763  -0.0000151713
       -0.0000189836   0.0001130543  -0.0000018024  -0.0000936183   0.0000430745
       -0.0000794406   0.0000087312   0.0000352564   0.0000254978  -0.0000182448
       -0.0005023400   0.0000450783   0.0001783419  -0.0001056630  -0.0000758029
        0.0000294958   0.0001293670  -0.0000717111  -0.0000898197   0.0000220308
       -0.0000277017   0.0000201287  -0.0000566579   0.0000255844   0.0000181690
        0.0000361841  -0.0000507155  -0.0000247984   0.0000202066   0.0000216197
        0.0000517089  -0.0000686543  -0.0000265593  -0.0000474281  -0.0001556043
        0.0002164414  -0.0001451012  -0.0001058875   0.0000932816   0.0000093711
       -0.0004713346  -0.0017553003   0.0000250354  -0.0001335751   0.0003026878
        0.0000335211  -0.2457654475   0.1562825542  -0.0270751362  -0.0000094492
        0.0000002788  -0.0000178618  -0.0000033009   0.0000312670   0.0000542518
       -0.0000432288   0.0000075563   0.0000342308  -0.0000032036  -0.0000242855
        0.0000196128  -0.0000236964   0.0000358672   0.0000088880   0.0000403619
       -0.0000005375   0.0000055165  -0.0000400307   0.0000540242   0.0000259552
       -0.0000057451   0.0000658308  -0.0000261114  -0.0000128086  -0.0000071733
        0.0000574494  -0.0000854421  -0.0001556779  -0.0000571134   0.0001370331
        0.0000865160  -0.0000256216   0.0000064551   0.0000204168  -0.0000157851
       -0.0001821419   0.0000486405   0.0001658189   0.0000784797  -0.0000237429
       -0.0000674589   0.0000624443   0.0000072881  -0.0000431392  -0.0001032517
       -0.0003246844   0.0010298814  -0.0883056685  -0.0466599697   0.0260942491
       -0.0030901741   0.0497905816  -0.0130705077   0.0002250659  -0.0003682895
       -0.0010265246   0.0001048786   0.0013387529   0.0008975045  -0.0083901875
        0.0006324161  -0.0015691484   0.0000129246   0.0000156135   0.0000495738
       -0.0000941578  -0.0000924546  -0.0001915358   0.0000328201  -0.0000426705
        0.0001122450   0.6367266256  -0.0701724755  -0.0798201694  -0.2022720183
       -0.0356042495   0.0519499939  -0.0193810184  -0.0134508526   0.0023822754
       -0.0089982047  -0.0052386704   0.0142610494  -0.0333545022  -0.0015720843
        0.0083166266
       -0.0009853216   0.0004225022  -0.0003412305   0.0010087320   0.0000408617
        0.0000389728  -0.0002620684  -0.0000968744  -0.0001381375   0.0000344831
       -0.0002691687  -0.0002185207   0.0003803944  -0.0003290716   0.0004033443
        0.0000056666   0.0000554898   0.0000589074  -0.0001992330   0.0001930761
        0.0001087268  -0.0030800382  -0.0001047266   0.0002933374  -0.0178077702
       -0.0147861514   0.0091339803   0.0003051320  -0.0005965826   0.0001867421
        0.0001273035   0.0002715802   0.0000818133  -0.0002009186  -0.0003202401
       -0.0001756472   0.0001187035   0.0002461014  -0.0000079746   0.0000221199
       -0.0001304650   0.0000313854  -0.0000401508   0.0001177796   0.0000036935
       -0.0003664472   0.0001824053   0.0000957607  -0.0000727348  -0.0000050838
        0.0000019349   0.0001364857  -0.0001196966  -0.0000664319   0.0000385400
       -0.0000546667   0.0000444452  -0.0000893547   0.0000319171   0.0000610655
        0.0000166381   0.0000163239   0.0000800944   0.0000484235   0.0000759975
        0.0001014158  -0.0000783157  -0.0000415795  -0.0000382007   0.0010396230
        0.0009895919  -0.0000814817   0.0002863753  -0.0000242763  -0.0003154856
       -0.0000147901  -0.0000174319   0.0002564898  -0.0000565741   0.0000064849
        0.0002979025   0.1545163990  -0.1599854402   0.0400545009   0.0000080130
        0.0000499447  -0.0000145112   0.0000001699  -0.0000167589   0.0000432427
        0.0000326002  -0.0000086542   0.0000157036   0.0000201347  -0.0000623138
        0.0000125176  -0.0000400391  -0.0000736744   0.0000410762   0.0000159516
        0.0000203487  -0.0000009492   0.0000525628   0.0000111120  -0.0000183809
        0.0000168137   0.0000641266  -0.0000038692  -0.0000260956   0.0000016357
        0.0000683034  -0.0000651573  -0.0000848698  -0.0000757979   0.0000841897
        0.0000115223   0.0000065913   0.0000012878   0.0000066886  -0.0000040829
       -0.0001821018   0.0000851542   0.0001215738   0.0000628354  -0.0000414866
       -0.0000419268   0.0000713513  -0.0000154971  -0.0000211315  -0.0005270129
        0.0034736452  -0.0016226878  -0.0345162667  -0.3039304139   0.0958329239
        0.0267289139  -0.0766382357   0.0245354856  -0.0003041559   0.0006068976
        0.0007694883  -0.0005893911  -0.0098556860   0.0001528591   0.0061085083
        0.0066359600   0.0014596174   0.0000457723   0.0000940840  -0.0000303295
        0.0001362898  -0.0000007798   0.0001373434  -0.0001738929   0.0000275996
       -0.0001033184  -0.0701724755   0.6530427536  -0.2117975254  -0.0357538406
       -0.0894643600   0.0268719501  -0.0318369683  -0.0123373388   0.0092175185
       -0.0149063897  -0.0037648162   0.0115111155   0.0208770910   0.0063947567
       -0.0070142024
        0.0003955956  -0.0001410529   0.0001678309  -0.0003991734   0.0000151091
        0.0000063246  -0.0000037176   0.0000364362   0.0001039698   0.0000797089
       -0.0000532989  -0.0000982367  -0.0002387137   0.0003983636  -0.0002389367
        0.0000373062  -0.0000999066  -0.0000377120   0.0002232146  -0.0000795750
       -0.0000198663   0.0023875952   0.0007111685  -0.0002314296   0.0110462072
        0.0126760174  -0.0045969302  -0.0002254156   0.0001875593  -0.0000975131
        0.0000817389  -0.0000402695   0.0000058522  -0.0000462949  -0.0000115956
        0.0000042940   0.0000334854  -0.0000293157  -0.0000144080  -0.0000187677
        0.0000135673  -0.0000631335   0.0000154731  -0.0000152808  -0.0000286019
        0.0001744721  -0.0000648462  -0.0000225306   0.0000369291   0.0000197660
        0.0000197283  -0.0000645412   0.0000413159   0.0000192490  -0.0000005703
        0.0000323133  -0.0000265654   0.0000198805  -0.0000023554  -0.0000108694
       -0.0000632784   0.0000531162   0.0000825645  -0.0000272806   0.0000582212
        0.0000010865   0.0000467665   0.0000437334   0.0000348038  -0.0003154007
       -0.0001091199   0.0000434430  -0.0000560484  -0.0002513835   0.0003765139
       -0.0013133941   0.0006545451   0.0004843570   0.0006147923   0.0002057173
       -0.0001471879  -0.0226394636   0.0356531287  -0.0213958424   0.0000072294
        0.0000082081   0.0000257511   0.0000044936   0.0000335012  -0.0000212883
       -0.0000109785   0.0000180509   0.0000118149  -0.0000494028   0.0000245852
        0.0000824605   0.0000200875  -0.0000002449  -0.0001163392   0.0000639487
       -0.0000046828   0.0000515413  -0.0000084845   0.0000101047   0.0000225874
        0.0000132013  -0.0000387581   0.0000140760  -0.0000434931   0.0000565891
        0.0001105407  -0.0000249443  -0.0000352948  -0.0001580026  -0.0000427160
       -0.0000193075  -0.0000114356   0.0000024656  -0.0000087884  -0.0000049102
        0.0000790591  -0.0000220487  -0.0000326181  -0.0000326052   0.0000082708
        0.0000050683  -0.0000290065   0.0000023562  -0.0000011039  -0.0003629337
       -0.0007557072   0.0021039077   0.0222288211   0.1051789434  -0.0711801806
       -0.0038365023   0.0191233970   0.0078846979   0.0000303555  -0.0001683243
        0.0001146012   0.0014181813   0.0045120754  -0.0003673778  -0.0044833936
       -0.0026328973   0.0008475081  -0.0000555438  -0.0000599925  -0.0000362633
        0.0000874123   0.0000795353   0.0003525223   0.0000262760  -0.0000261236
       -0.0000183986  -0.0798201694  -0.2117975254   0.1580181970   0.0491762657
        0.0245413105  -0.0697886360  -0.0050226018   0.0016876820   0.0080554550
        0.0323592167   0.0125681634  -0.0122853052  -0.0014753436  -0.0021851565
        0.0020008760
        0.0002292393  -0.0000426156   0.0000309394  -0.0002192718  -0.0000155795
        0.0000110778   0.0000635738   0.0000479235   0.0000100942  -0.0000614196
        0.0000271698   0.0000187429  -0.0002037702  -0.0002332205   0.0001053324
        0.0000007235  -0.0000111635  -0.0000317309  -0.0000078258  -0.0000317720
       -0.0000531993  -0.0003726535  -0.0001545671   0.0001493050   0.0023743730
       -0.0002670642   0.0018953747  -0.0001551913   0.0000306089  -0.0000047176
        0.0000160690   0.0000273988   0.0000252627  -0.0000041486   0.0000240673
        0.0000159626  -0.0000265117   0.0000013915   0.0000217272  -0.0000148615
        0.0000107894   0.0000052088   0.0000049820   0.0000018712   0.0000106622
        0.0001524261  -0.0000028973  -0.0000541789   0.0000423655   0.0000324956
       -0.0000141013  -0.0000485204   0.0000221724   0.0000324786  -0.0000147126
        0.0000041745  -0.0000087981   0.0000112756  -0.0000134986  -0.0000052710
       -0.0000020134  -0.0000264898  -0.0000017699  -0.0000103877   0.0000019657
        0.0000258036   0.0000156106   0.0000098675   0.0000158736  -0.0001057367
        0.0000207430   0.0000825044  -0.0000520885  -0.0000515344  -0.0000761286
       -0.0001167892  -0.0000194067  -0.0000877423  -0.0001143869  -0.0000827277
        0.0000827311  -0.0193503926  -0.0060627848   0.0068226663   0.0000029334
        0.0000048968   0.0000078682   0.0000031693  -0.0000118654  -0.0000117758
        0.0000094867  -0.0000047396  -0.0000122474  -0.0000095146  -0.0000009294
       -0.0000022952   0.0000131892  -0.0000204604  -0.0000122905  -0.0000059449
        0.0000055030   0.0000039820   0.0000226282  -0.0000120049  -0.0000154966
        0.0000011271  -0.0000182761   0.0000193579  -0.0000045148   0.0000098721
       -0.0000030784   0.0000022228   0.0000199567  -0.0000164301  -0.0000516903
       -0.0000348266   0.0000119966  -0.0000062267  -0.0000035333   0.0000061584
        0.0000699755  -0.0000126407  -0.0000569103  -0.0000265360   0.0000089559
        0.0000237877  -0.0000255779  -0.0000073531   0.0000119413   0.0008004190
        0.0000339049  -0.0005108055  -0.0096013815  -0.0165886782   0.0068809967
        0.0004831575   0.0020449958  -0.0010900183  -0.0000150480  -0.0000368214
        0.0003150991  -0.0006906797   0.0003508719  -0.0004183314  -0.0004000420
       -0.0001147010  -0.0002064126  -0.0000144711   0.0000012096  -0.0000554450
        0.0000073556   0.0000246369   0.0000236319   0.0000117906  -0.0000167282
       -0.0000340815  -0.2022720183  -0.0357538406   0.0491762657   0.4628363322
       -0.0192007722   0.0157600044  -0.0536821832  -0.0464452419  -0.0316193879
       -0.0401385555   0.0044054623  -0.0186831069  -0.1393493590   0.1181258298
       -0.0285170859
       -0.0000202189   0.0000338145  -0.0000315875   0.0000381191  -0.0000085358
       -0.0000031812  -0.0000019823   0.0000108776  -0.0000385012  -0.0000903112
       -0.0000118503   0.0000218415   0.0000205237  -0.0003721062   0.0002234715
       -0.0000639473  -0.0000029310   0.0000135150  -0.0000680871   0.0000349335
       -0.0000099519  -0.0014909219  -0.0001971720   0.0004070284  -0.0006279832
       -0.0034703708   0.0043506695   0.0000142214  -0.0000548723   0.0000216549
       -0.0000014422   0.0000332290   0.0000126312  -0.0000020244  -0.0000112482
       -0.0000038252  -0.0000150573   0.0000250702   0.0000160291  -0.0000086538
       -0.0000078809   0.0000072795  -0.0000105154   0.0000086573   0.0000214463
       -0.0000047308   0.0000218803  -0.0000043392   0.0000047181   0.0000026441
       -0.0000075802   0.0000005839  -0.0000059537   0.0000020956  -0.0000060713
       -0.0000063976   0.0000018118  -0.0000043080   0.0000001838   0.0000048092
        0.0000184977  -0.0000254936  -0.0000069768   0.0000158923  -0.0000018783
        0.0000181381  -0.0000079807  -0.0000066395  -0.0000067843  -0.0000049235
        0.0001433876  -0.0000095517  -0.0000262187   0.0000406759  -0.0001162282
       -0.0001900761   0.0000036905   0.0001397809  -0.0000796627   0.0000129025
        0.0000841128   0.0111102379   0.0062905222  -0.0072452178   0.0000014198
        0.0000027764  -0.0000035227   0.0000003104  -0.0000176248  -0.0000011063
        0.0000124198  -0.0000008141  -0.0000051529   0.0000054951  -0.0000109719
       -0.0000054765  -0.0000174417  -0.0000338689   0.0000152793  -0.0000123434
        0.0000051263  -0.0000077020   0.0000226445  -0.0000044077  -0.0000120858
        0.0000158793  -0.0000097189   0.0000041207   0.0000070848   0.0000007376
       -0.0000066788  -0.0000183737   0.0000385681   0.0000013588  -0.0000060872
       -0.0000036131   0.0000037994  -0.0000064716   0.0000031060  -0.0000005253
       -0.0000007993   0.0000031071  -0.0000034365  -0.0000030428   0.0000010646
        0.0000027766  -0.0000030262  -0.0000017372   0.0000012564   0.0004162727
        0.0005004977  -0.0006004290  -0.0283858443  -0.0109648500   0.0088688982
       -0.0010392640  -0.0021225047   0.0003813381   0.0000221146   0.0001253070
        0.0001833084  -0.0004513136  -0.0016320660  -0.0003079830   0.0024040419
        0.0007998572   0.0006230810   0.0000175883   0.0000216853   0.0000067437
        0.0000086163   0.0000074622  -0.0000294412  -0.0000189752   0.0000058507
       -0.0000144426  -0.0356042495  -0.0894643600   0.0245413105  -0.0192007722
        0.5279361056  -0.0067005653  -0.0452581706  -0.1972631697  -0.0975079741
        0.0056152799  -0.0524946136   0.0419893984   0.1129793305  -0.1779060700
        0.0307212625
       -0.0000918165   0.0000129758  -0.0000319827   0.0000759801  -0.0000165752
       -0.0000087847  -0.0000116227  -0.0000100878   0.0000021681   0.0000535254
        0.0000192033   0.0000225290   0.0000304893   0.0000453128  -0.0000724192
       -0.0000022551   0.0000430331   0.0000566848  -0.0000133156   0.0000050802
        0.0000054562   0.0001363799   0.0001294304   0.0000139818   0.0006234756
        0.0029537247   0.0053078663   0.0000375217   0.0000008076   0.0000240773
       -0.0000384965  -0.0000134202  -0.0000045929   0.0000139182   0.0000058764
        0.0000047376  -0.0000072791  -0.0000109342   0.0000079476   0.0000099948
        0.0000154904   0.0000142056  -0.0000060420  -0.0000086455   0.0000047503
       -0.0000251783  -0.0000033105  -0.0000041984  -0.0000134783  -0.0000089181
       -0.0000126654   0.0000131993  -0.0000030583   0.0000006857   0.0000023878
       -0.0000039528   0.0000102240   0.0000035514  -0.0000020322  -0.0000040474
        0.0000077259  -0.0000029253  -0.0000269311   0.0000082561  -0.0000338409
       -0.0000305712  -0.0000129919  -0.0000109569  -0.0000074927   0.0000241779
       -0.0000932240  -0.0000132252   0.0000249682   0.0000341136  -0.0000370167
       -0.0002505317   0.0001591334   0.0000946351   0.0000955875  -0.0000697945
        0.0000723063  -0.0015496593  -0.0028839936  -0.0016588546  -0.0000041568
       -0.0000113282  -0.0000100505   0.0000014489  -0.0000036986   0.0000027268
        0.0000015438  -0.0000040436  -0.0000041466   0.0000142088   0.0000040604
       -0.0000279453   0.0000067584   0.0000174763   0.0000269379  -0.0000197774
       -0.0000050995  -0.0000186669  -0.0000065888  -0.0000038255   0.0000001393
       -0.0000048281   0.0000076175  -0.0000048910   0.0000157273  -0.0000169204
       -0.0000456726   0.0000272968   0.0000086707   0.0000583498   0.0000118198
        0.0000106647   0.0000069064   0.0000030685   0.0000030461   0.0000055601
       -0.0000218093  -0.0000022840  -0.0000030894   0.0000069158  -0.0000012914
        0.0000041382   0.0000115275   0.0000086561   0.0000070315   0.0019900308
       -0.0001364283   0.0003661035   0.0099311852   0.0039800719  -0.0087080210
       -0.0006334545   0.0002682605  -0.0012082384  -0.0000189883  -0.0000643977
       -0.0001466148   0.0000855977   0.0009379929   0.0003544622  -0.0011147109
       -0.0003998746  -0.0006559410  -0.0000031766  -0.0000082362   0.0000186062
       -0.0000307510  -0.0000504508  -0.0000995990  -0.0000001990   0.0000019312
        0.0000342933   0.0519499939   0.0268719501  -0.0697886360   0.0157600044
       -0.0067005653   0.4922789542  -0.0323884073  -0.0975957309  -0.1045515259
       -0.0182838222   0.0428862892  -0.2602010872  -0.0264249295   0.0297489757
       -0.0514195574
       -0.0001535195   0.0000426681  -0.0000407341   0.0001489129   0.0000076505
        0.0000024522  -0.0000215069  -0.0000146870  -0.0000214196   0.0000069914
       -0.0000362145  -0.0000234776   0.0000874507  -0.0000570377   0.0000410858
        0.0000040700   0.0000235607   0.0000402368  -0.0000387428   0.0000210927
        0.0000137702  -0.0004064666  -0.0000244451   0.0000697052  -0.0001749576
       -0.0006187078   0.0018159842   0.0000614475  -0.0000572272   0.0000207142
        0.0000096318   0.0000193081  -0.0000023750  -0.0000121594  -0.0000246859
       -0.0000153613   0.0000201740   0.0000186944  -0.0000110572   0.0000093799
       -0.0000176703   0.0000035649   0.0000084336   0.0000202206   0.0000008560
       -0.0000653857   0.0000171381   0.0000189441  -0.0000147749  -0.0000032366
       -0.0000007010   0.0000227259  -0.0000153682  -0.0000115626   0.0000075758
       -0.0000048416   0.0000072336  -0.0000128762   0.0000020439   0.0000031883
        0.0000046432  -0.0000058159  -0.0000051974   0.0000031749   0.0000034504
        0.0000028686  -0.0000129347  -0.0000044533  -0.0000065901   0.0000156987
        0.0000555472  -0.0000138513   0.0000068351   0.0000258222  -0.0000402731
       -0.0000707558  -0.0000515291  -0.0000439791   0.0000396172   0.0000303744
        0.0000127815   0.0000444893  -0.0011168065  -0.0007132877   0.0000005512
        0.0000039134  -0.0000031570  -0.0000010745   0.0000017673   0.0000092749
       -0.0000015838  -0.0000005808   0.0000038959   0.0000006855  -0.0000093803
       -0.0000012288  -0.0000027412  -0.0000045949   0.0000100849   0.0000052220
        0.0000023315  -0.0000000794   0.0000043076   0.0000088102   0.0000008555
       -0.0000046097   0.0000156660  -0.0000055148  -0.0000083292  -0.0000051572
        0.0000118100  -0.0000237932  -0.0000375595  -0.0000069413   0.0000160301
        0.0000041666   0.0000006793   0.0000022302   0.0000010875  -0.0000014793
       -0.0000268532   0.0000131189   0.0000206703   0.0000110274  -0.0000072811
       -0.0000066312   0.0000084288  -0.0000019080  -0.0000055513   0.0001578672
        0.0004142570  -0.0000277443  -0.0056938751   0.0014306157  -0.0030628795
        0.0016361478  -0.0000179622  -0.0004264915  -0.0000345063   0.0000464519
       -0.0000484683   0.0001822319  -0.0007276821   0.0001704577   0.0002402908
        0.0004592477   0.0000373515   0.0000174406   0.0000137516   0.0000121479
        0.0000004296  -0.0000107335  -0.0000029895  -0.0000175085   0.0000037772
        0.0000000807  -0.0193810184  -0.0318369683  -0.0050226018  -0.0536821832
       -0.0452581706  -0.0323884073   0.0712277247   0.0642962607   0.0342027770
        0.0006518217  -0.0032479264  -0.0045779363   0.0051984672   0.0162158372
        0.0100044975
       -0.0000828003   0.0000279034  -0.0000155177   0.0000974024   0.0000182867
        0.0000049910  -0.0000169418  -0.0000221761  -0.0000248081  -0.0000301258
       -0.0000255895  -0.0000095875   0.0000871564  -0.0000027181   0.0000332559
        0.0000005486  -0.0000179744   0.0000000334  -0.0000361510   0.0000223432
        0.0000248640  -0.0001798337   0.0000103893  -0.0000072031  -0.0000406509
       -0.0002619709   0.0005140566   0.0000966771  -0.0000375358  -0.0000053062
       -0.0000024174  -0.0000088120  -0.0000181864   0.0000133785   0.0000106192
        0.0000032050  -0.0000007131  -0.0000051375  -0.0000162335   0.0000047874
       -0.0000145999   0.0000001134   0.0000029357   0.0000026538  -0.0000091216
       -0.0000869354   0.0000141031   0.0000360936  -0.0000117969  -0.0000112733
        0.0000078257   0.0000209204  -0.0000130280  -0.0000166885   0.0000048156
       -0.0000038310   0.0000012701  -0.0000102375   0.0000081047   0.0000071730
        0.0000029712   0.0000058087   0.0000021238   0.0000049253   0.0000150912
        0.0000079473  -0.0000031212  -0.0000036143  -0.0000072783   0.0000181760
        0.0000552349  -0.0000146919  -0.0000030252   0.0000004962   0.0000042108
       -0.0000793755  -0.0000155472  -0.0000034116   0.0000774381   0.0000464229
       -0.0000090097   0.0004742407  -0.0000763347   0.0000997315  -0.0000013998
        0.0000031267   0.0000002254  -0.0000038470   0.0000011478   0.0000055868
       -0.0000080807   0.0000010643   0.0000061543  -0.0000011009  -0.0000036825
        0.0000055425  -0.0000033463   0.0000019388   0.0000009168   0.0000034780
       -0.0000006743  -0.0000009486  -0.0000092224   0.0000065402   0.0000039584
        0.0000006494   0.0000098871  -0.0000052053  -0.0000022158   0.0000013389
        0.0000098790  -0.0000122824  -0.0000139741  -0.0000051323   0.0000193170
        0.0000082046  -0.0000022539  -0.0000017030   0.0000021160  -0.0000032524
       -0.0000255239   0.0000119029   0.0000291766   0.0000115634  -0.0000054708
       -0.0000102056   0.0000063613  -0.0000024100  -0.0000081128  -0.0000162622
        0.0001945829   0.0000636678  -0.0025176936   0.0002606957  -0.0023054443
        0.0001689756   0.0006552974   0.0002622885  -0.0000220002   0.0000240800
       -0.0000552878   0.0002046429  -0.0003223013   0.0001285073  -0.0000547706
        0.0001971747   0.0000319481   0.0000059477  -0.0000022665   0.0000058460
        0.0000069374  -0.0000111440   0.0000063332  -0.0000190467   0.0000098898
       -0.0000012898  -0.0134508526  -0.0123373388   0.0016876820  -0.0464452419
       -0.1972631697  -0.0975957309   0.0642962607   0.2293967301   0.1107109312
        0.0013628318   0.0029633355   0.0002207488  -0.0038146231  -0.0235039358
       -0.0137763799
       -0.0000386849   0.0000146188  -0.0000103983   0.0000371449   0.0000015746
       -0.0000001836  -0.0000141627  -0.0000061555  -0.0000005595   0.0000218166
       -0.0000043330  -0.0000113041   0.0000182024   0.0000336164  -0.0000161926
        0.0000035455  -0.0000011100   0.0000016957   0.0000097402   0.0000038661
        0.0000059845   0.0001132837   0.0000427429  -0.0000503551   0.0001245011
        0.0003543514  -0.0005770995   0.0000055956  -0.0000212770   0.0000054857
        0.0000123758   0.0000105389   0.0000057585  -0.0000149876  -0.0000199767
       -0.0000120577   0.0000150898   0.0000133292  -0.0000018150   0.0000043759
       -0.0000086949  -0.0000036098   0.0000005650   0.0000052945  -0.0000001003
       -0.0000153211   0.0000033127   0.0000058519  -0.0000048922  -0.0000005635
       -0.0000025715   0.0000055172  -0.0000045649  -0.0000031122   0.0000019726
       -0.0000016078   0.0000004046  -0.0000045023   0.0000031935   0.0000039814
        0.0000002646   0.0000080816   0.0000081017  -0.0000002968   0.0000015565
       -0.0000033444  -0.0000035677  -0.0000016768  -0.0000026946   0.0000057330
       -0.0000016158  -0.0000101752   0.0000033142   0.0000037482   0.0000213280
       -0.0000442436   0.0000009699   0.0000461987   0.0000202186   0.0000244423
       -0.0000259841  -0.0000532233   0.0000789793   0.0003312216   0.0000001627
        0.0000019702  -0.0000009295  -0.0000013777   0.0000011395  -0.0000008226
       -0.0000011225   0.0000017033   0.0000026754   0.0000030865  -0.0000004456
        0.0000044845  -0.0000060896  -0.0000002180  -0.0000007268  -0.0000000650
       -0.0000005737  -0.0000018320   0.0000000341   0.0000045587   0.0000014632
       -0.0000046530   0.0000093662  -0.0000039592   0.0000042640  -0.0000012218
        0.0000052498  -0.0000128884  -0.0000122091   0.0000003411   0.0000056437
        0.0000003962   0.0000022965   0.0000020190  -0.0000002838   0.0000010864
       -0.0000142763   0.0000018354   0.0000039403   0.0000031295  -0.0000047428
       -0.0000017362   0.0000078062   0.0000032535   0.0000011604  -0.0002038675
        0.0000637387  -0.0000420621   0.0020206434   0.0009359895  -0.0000577740
       -0.0000754693  -0.0001815825   0.0000755483   0.0000114103   0.0000196607
        0.0000109223   0.0000491365  -0.0002135304  -0.0000240509   0.0000043919
        0.0001356487   0.0000378172  -0.0000020662  -0.0000022476   0.0000048086
        0.0000246177   0.0000003775   0.0000127472  -0.0000179106   0.0000079445
       -0.0000026201   0.0023822754   0.0092175185   0.0080554550  -0.0316193879
       -0.0975079741  -0.1045515259   0.0342027770   0.1107109312   0.1165985337
       -0.0079154004  -0.0268861666  -0.0225888178   0.0009438020   0.0031625229
        0.0027538723
       -0.0000947657   0.0000256301  -0.0000242677   0.0000877557   0.0000024523
       -0.0000001268  -0.0000197708  -0.0000092258  -0.0000098890   0.0000119187
       -0.0000219180  -0.0000129075   0.0000605865  -0.0000041688   0.0000212176
        0.0000086579   0.0000147786   0.0000121662  -0.0000202513   0.0000120063
        0.0000081356  -0.0001826619  -0.0000705248  -0.0000303577  -0.0006115901
       -0.0011574104  -0.0009191469   0.0000336935  -0.0000340280   0.0000118252
        0.0000050654   0.0000133260  -0.0000021240  -0.0000116215  -0.0000198925
       -0.0000115135   0.0000102632   0.0000132779  -0.0000106155   0.0000023413
       -0.0000084278   0.0000038592  -0.0000045117   0.0000141387  -0.0000057652
       -0.0000363585   0.0000096670   0.0000101822  -0.0000086358  -0.0000003987
       -0.0000027967   0.0000133659  -0.0000085487  -0.0000064593   0.0000054142
       -0.0000030012   0.0000052815  -0.0000058193   0.0000009452   0.0000010905
        0.0000039719  -0.0000023037  -0.0000068119   0.0000002094   0.0000047181
        0.0000065426  -0.0000074102  -0.0000019026  -0.0000018124   0.0000138954
        0.0000432525  -0.0000098160  -0.0000021414   0.0000267005  -0.0000272274
        0.0001442303  -0.0000874114  -0.0001011597  -0.0000320383   0.0000112285
        0.0000026921   0.0004344077  -0.0002837851   0.0011218849  -0.0000000555
        0.0000026997  -0.0000008693  -0.0000009821   0.0000005897   0.0000086058
        0.0000012922  -0.0000005013   0.0000016717   0.0000051343  -0.0000058310
       -0.0000070529   0.0000002229  -0.0000013879   0.0000172310  -0.0000007704
        0.0000004663   0.0000002920   0.0000038723   0.0000035002  -0.0000016768
       -0.0000027266   0.0000095658  -0.0000012119   0.0000027703  -0.0000069083
       -0.0000060724  -0.0000051237  -0.0000185558   0.0000169282   0.0000083150
        0.0000016138   0.0000020591   0.0000023951   0.0000011071   0.0000003484
       -0.0000156077   0.0000082388   0.0000102080   0.0000065328  -0.0000050509
       -0.0000020364   0.0000048183  -0.0000003140  -0.0000030414  -0.0005056442
        0.0002881374  -0.0002045278  -0.0034341548   0.0036962264   0.0030010712
        0.0015730353  -0.0000636928  -0.0001426072  -0.0000100677   0.0000400650
       -0.0000850824   0.0000591328  -0.0008792320   0.0003392590   0.0004440757
        0.0005246727  -0.0000648943   0.0000263514   0.0000277240  -0.0000009538
       -0.0000312158  -0.0000358177  -0.0000493020  -0.0000193158   0.0000041939
       -0.0000020010  -0.0089982047  -0.0149063897   0.0323592167  -0.0401385555
        0.0056152799  -0.0182838222   0.0006518217   0.0013628318  -0.0079154004
        0.0522839554   0.0012542223   0.0112004895  -0.0017095015   0.0046033723
       -0.0202089086
       -0.0000277015   0.0000030085  -0.0000066495   0.0000298731  -0.0000001688
       -0.0000020277  -0.0000003174  -0.0000069821  -0.0000090801  -0.0000084538
       -0.0000002762   0.0000053137   0.0000325271  -0.0000012375   0.0000017232
       -0.0000063949   0.0000118369   0.0000106616  -0.0000171837   0.0000068634
        0.0000061159  -0.0000803044  -0.0000183685   0.0000016024  -0.0002239675
       -0.0004083419  -0.0001745046   0.0000356041   0.0000018503   0.0000025438
       -0.0000135225  -0.0000127409  -0.0000123686   0.0000153292   0.0000159451
        0.0000093019  -0.0000064637  -0.0000115457  -0.0000056537   0.0000021775
        0.0000029306   0.0000030596   0.0000027175  -0.0000042884  -0.0000025394
       -0.0000270585  -0.0000011855   0.0000078730  -0.0000039771  -0.0000085871
       -0.0000010660   0.0000087114  -0.0000036570  -0.0000048291   0.0000023179
       -0.0000011488   0.0000028449  -0.0000015721   0.0000003185  -0.0000002520
        0.0000045532  -0.0000052252  -0.0000098368   0.0000023814  -0.0000034944
        0.0000003737  -0.0000040259  -0.0000037604  -0.0000032251   0.0000102084
        0.0000108062   0.0000094452   0.0000083545   0.0000147134  -0.0000389891
        0.0000803757  -0.0000395690  -0.0000669788  -0.0000443195  -0.0000185335
        0.0000287194   0.0003121887   0.0000507946  -0.0002441933  -0.0000015100
       -0.0000039296  -0.0000024632  -0.0000004335   0.0000003012   0.0000035147
       -0.0000037419  -0.0000021608   0.0000008530   0.0000002104  -0.0000020001
       -0.0000022525   0.0000011562   0.0000041852   0.0000060399  -0.0000015020
        0.0000004921  -0.0000031892  -0.0000084740  -0.0000002826   0.0000027614
        0.0000000291   0.0000019081  -0.0000032336  -0.0000033376  -0.0000018283
        0.0000023766   0.0000046410   0.0000027617  -0.0000007711   0.0000076764
        0.0000047641   0.0000005746  -0.0000009096   0.0000011249  -0.0000001870
       -0.0000076500  -0.0000003354   0.0000069650   0.0000040464  -0.0000004950
       -0.0000024382   0.0000026190  -0.0000003690  -0.0000008998  -0.0000389935
       -0.0000599611  -0.0000623451  -0.0013421935   0.0009781594   0.0018877575
       -0.0000795845   0.0002291260  -0.0005345336  -0.0000144718  -0.0000226767
       -0.0000792337  -0.0000135267   0.0001290408   0.0001954282  -0.0000259817
       -0.0000529009  -0.0000667376  -0.0000050484  -0.0000040307   0.0000014305
       -0.0000326186   0.0000019921  -0.0000434208   0.0000148894  -0.0000036160
        0.0000013923  -0.0052386704  -0.0037648162   0.0125681634   0.0044054623
       -0.0524946136   0.0428862892  -0.0032479264   0.0029633355  -0.0268861666
        0.0012542223   0.0581748212  -0.0539677776   0.0042895642  -0.0056479527
        0.0245847191
        0.0000967037  -0.0000515695   0.0000428236  -0.0001110524  -0.0000049738
        0.0000062644   0.0000245092   0.0000311008   0.0000326483   0.0000192281
       -0.0000058769  -0.0000213293  -0.0001183789  -0.0000164289   0.0000032604
        0.0000300755   0.0000025979  -0.0000053870   0.0000397738  -0.0000310683
       -0.0000312352   0.0000899361  -0.0000438807   0.0000572772   0.0001850557
        0.0002960818   0.0002523608  -0.0000922281   0.0000574343  -0.0000282670
        0.0000116713  -0.0000097002  -0.0000032896   0.0000150171   0.0000338857
        0.0000198996  -0.0000227695  -0.0000216840   0.0000045753  -0.0000148107
        0.0000109772  -0.0000075805  -0.0000006882  -0.0000102071  -0.0000033605
        0.0000812563  -0.0000164888  -0.0000188452   0.0000138407   0.0000117294
       -0.0000031073  -0.0000253872   0.0000141130   0.0000145874  -0.0000021632
        0.0000073614  -0.0000053094   0.0000069444  -0.0000070782  -0.0000083597
       -0.0000133789   0.0000053266   0.0000139583  -0.0000076242   0.0000037515
        0.0000023076   0.0000118664   0.0000132145   0.0000127495  -0.0000261077
       -0.0000181851   0.0000045760  -0.0000149501  -0.0000405175   0.0000560025
       -0.0000953177   0.0000797915   0.0000410961   0.0000635029  -0.0000097951
       -0.0000106083  -0.0003472594   0.0004278860   0.0000598857   0.0000044821
        0.0000020095   0.0000064515  -0.0000002390   0.0000004970  -0.0000068301
        0.0000002433  -0.0000000663  -0.0000040514  -0.0000092180   0.0000048838
        0.0000090339   0.0000077123  -0.0000015085  -0.0000184262   0.0000072203
        0.0000016140   0.0000120269   0.0000003747  -0.0000068282  -0.0000012696
        0.0000044140  -0.0000183848   0.0000085617  -0.0000059914   0.0000107117
        0.0000103073   0.0000148322   0.0000208419  -0.0000219551  -0.0000216887
       -0.0000111757  -0.0000002319   0.0000041474  -0.0000029714   0.0000021753
        0.0000323863  -0.0000125876  -0.0000262835  -0.0000150092   0.0000024915
        0.0000068977  -0.0000072302   0.0000035245   0.0000052296   0.0003313821
       -0.0002625756   0.0002811484   0.0012006503  -0.0038331523  -0.0017548401
       -0.0007885173   0.0002010474   0.0004383730   0.0000113681  -0.0000365549
        0.0001182793   0.0000105288   0.0007448174  -0.0003671388  -0.0001743700
       -0.0004145978   0.0001459962  -0.0000086520  -0.0000192629  -0.0000140910
        0.0000149972   0.0000235204   0.0000606555   0.0000236988   0.0000003573
       -0.0000020755   0.0142610494   0.0115111155  -0.0122853052  -0.0186831069
        0.0419893984  -0.2602010872  -0.0045779363   0.0002207488  -0.0225888178
        0.0112004895  -0.0539677776   0.3040501143  -0.0026352829   0.0031420669
       -0.0083404406
        0.0000461807  -0.0000296497   0.0000235625  -0.0000401752   0.0000022298
       -0.0000040210   0.0000250874  -0.0000010757   0.0000051685   0.0000187129
        0.0000066634   0.0000073263  -0.0000055193   0.0000454537  -0.0000401730
        0.0000220467   0.0000131220   0.0000066844   0.0000104257  -0.0000102227
       -0.0000000619   0.0002210969  -0.0000136663  -0.0000317132   0.0006221211
        0.0004370338  -0.0002965505   0.0000002235   0.0000453466  -0.0000114112
       -0.0000141519  -0.0000291933  -0.0000148086   0.0000224234   0.0000319170
        0.0000151260  -0.0000127873  -0.0000294809  -0.0000076569   0.0000005566
        0.0000067221  -0.0000010308  -0.0000001536  -0.0000076730  -0.0000063175
        0.0000080340  -0.0000142090  -0.0000014212   0.0000024101  -0.0000011117
       -0.0000020523  -0.0000039973   0.0000072132  -0.0000005297   0.0000002482
        0.0000041219  -0.0000024409   0.0000075632  -0.0000006936  -0.0000055063
       -0.0000069423   0.0000024325  -0.0000082668  -0.0000084360  -0.0000097385
       -0.0000101009   0.0000054761   0.0000023376   0.0000003776  -0.0000423771
       -0.0000840016   0.0000028024  -0.0000117163  -0.0000106969   0.0000343310
        0.0001668566  -0.0000248467  -0.0001391698  -0.0000165444  -0.0000259519
        0.0000203159  -0.0035015186  -0.0027251262   0.0025924361  -0.0000017022
       -0.0000033638   0.0000007707  -0.0000016040   0.0000069003   0.0000012216
       -0.0000068835   0.0000000282   0.0000005462  -0.0000018725   0.0000057379
       -0.0000052888   0.0000103984   0.0000202491   0.0000009683   0.0000053555
       -0.0000025054   0.0000017167  -0.0000086217   0.0000011617   0.0000069292
       -0.0000046017  -0.0000024451   0.0000001603  -0.0000005077  -0.0000034259
       -0.0000077366   0.0000123351  -0.0000056167   0.0000133432  -0.0000019465
       -0.0000005470   0.0000018245  -0.0000003351   0.0000012719  -0.0000003423
        0.0000097178  -0.0000015616  -0.0000035987  -0.0000007226   0.0000008377
        0.0000029850  -0.0000066037  -0.0000010028  -0.0000017247   0.0003400088
       -0.0002457856   0.0001930492  -0.0021496346   0.0024460191  -0.0003039538
        0.0017096415  -0.0001692562  -0.0005088035  -0.0000074444  -0.0000884098
       -0.0000965908   0.0001020131   0.0010769841   0.0001857386  -0.0011172158
       -0.0005815771  -0.0003845777  -0.0000078656  -0.0000125525   0.0000057931
       -0.0000143562   0.0000061520  -0.0000077930   0.0000327029  -0.0000092268
        0.0000186890  -0.0333545022   0.0208770910  -0.0014753436  -0.1393493590
        0.1129793305  -0.0264249295   0.0051984672  -0.0038146231   0.0009438020
       -0.0017095015   0.0042895642  -0.0026352829   0.1728094967  -0.1343566842
        0.0283535299
        0.0000633883  -0.0000119669   0.0000072341  -0.0000632944  -0.0000089155
       -0.0000045926   0.0000013187   0.0000078593   0.0000054011   0.0000037859
        0.0000194633   0.0000160882  -0.0000356719  -0.0000148150  -0.0000040681
       -0.0000109103  -0.0000061195  -0.0000089325   0.0000106836  -0.0000089160
       -0.0000086415   0.0000202625  -0.0000667454   0.0000496006   0.0008194987
       -0.0000977593  -0.0000781064  -0.0000414368   0.0000032772  -0.0000021353
        0.0000057758   0.0000097978   0.0000086936  -0.0000078503  -0.0000018512
       -0.0000010336  -0.0000078690   0.0000055870   0.0000073808  -0.0000028083
        0.0000030988  -0.0000007973  -0.0000044760   0.0000123775   0.0000061186
        0.0000411190   0.0000012974  -0.0000147555   0.0000117395   0.0000068463
       -0.0000045131  -0.0000113930   0.0000070939   0.0000095395  -0.0000017834
        0.0000042504  -0.0000006783   0.0000088425  -0.0000044324  -0.0000040875
        0.0000012781  -0.0000089908  -0.0000074211  -0.0000050521   0.0000007985
        0.0000024244   0.0000060346   0.0000044367   0.0000056915  -0.0000619091
       -0.0000148095   0.0000103760  -0.0000047637   0.0000104034  -0.0000138435
        0.0000633439  -0.0000118490  -0.0000246066  -0.0000074590   0.0000021996
       -0.0000082331  -0.0016898484  -0.0002969478   0.0008311100   0.0000019184
        0.0000036534   0.0000035951   0.0000028277  -0.0000015285  -0.0000013353
        0.0000087645  -0.0000008425  -0.0000045594  -0.0000000195  -0.0000011339
       -0.0000037571   0.0000070285  -0.0000088154  -0.0000007790  -0.0000010501
        0.0000005820   0.0000020230   0.0000134766  -0.0000025592  -0.0000060738
       -0.0000025870  -0.0000018313   0.0000011255  -0.0000002856  -0.0000017033
       -0.0000011123  -0.0000033285  -0.0000091414  -0.0000008840  -0.0000146410
       -0.0000081955   0.0000029109  -0.0000015189  -0.0000006004   0.0000021773
        0.0000180621  -0.0000044674  -0.0000177459  -0.0000075267   0.0000029568
        0.0000075040  -0.0000061897   0.0000001826   0.0000048121   0.0000536711
       -0.0000140204  -0.0000033032  -0.0027814202   0.0024009384   0.0001475513
        0.0007560596  -0.0007063176  -0.0003190386   0.0000000027   0.0000107411
        0.0000441957  -0.0000043358   0.0000850095  -0.0000363952  -0.0001754157
       -0.0000699923  -0.0001176193   0.0000134981   0.0000124873   0.0000028225
        0.0000052470   0.0000015175   0.0000170201   0.0000009461  -0.0000031778
       -0.0000002210  -0.0015720843   0.0063947567  -0.0021851565   0.1181258298
       -0.1779060700   0.0297489757   0.0162158372  -0.0235039358   0.0031625229
        0.0046033723  -0.0056479527   0.0031420669  -0.1343566842   0.1994347912
       -0.0343645346
       -0.0000395853   0.0000101569  -0.0000154501   0.0000382572  -0.0000045303
       -0.0000019002  -0.0000077424  -0.0000019809  -0.0000033719   0.0000068497
        0.0000015039  -0.0000027355   0.0000188990  -0.0000074612  -0.0000053833
       -0.0000120770   0.0000149714   0.0000150871  -0.0000084722   0.0000043551
        0.0000011103  -0.0000591071   0.0000456709   0.0000065236  -0.0003887511
       -0.0000415524   0.0001631362   0.0000173136  -0.0000112287   0.0000061827
       -0.0000035274   0.0000015981   0.0000003425  -0.0000010166  -0.0000037175
       -0.0000003090   0.0000062890   0.0000041325   0.0000024635   0.0000025532
        0.0000013583   0.0000022340   0.0000061729  -0.0000010210   0.0000050279
       -0.0000168098   0.0000019473   0.0000036060  -0.0000049611  -0.0000028697
       -0.0000072164   0.0000045415  -0.0000034503  -0.0000001347   0.0000001731
       -0.0000024574   0.0000026277  -0.0000034532  -0.0000000995   0.0000013694
        0.0000040085  -0.0000043315  -0.0000014171   0.0000030218  -0.0000073889
       -0.0000033159  -0.0000071050  -0.0000045509  -0.0000034552   0.0000276767
        0.0000063354   0.0000113186   0.0000225537   0.0000073368  -0.0000369723
       -0.0000327004  -0.0000102595   0.0000252831  -0.0000428528  -0.0000065850
        0.0000151447   0.0015703803   0.0009694028  -0.0001542128  -0.0000010921
       -0.0000010730  -0.0000029836   0.0000003705  -0.0000009942  -0.0000000328
       -0.0000005995  -0.0000008912  -0.0000002143   0.0000002741  -0.0000016306
        0.0000009197  -0.0000045159  -0.0000016666   0.0000008143  -0.0000020179
        0.0000010848  -0.0000032971  -0.0000021718  -0.0000003918   0.0000002854
        0.0000004582   0.0000010510  -0.0000016283  -0.0000034356  -0.0000004705
        0.0000030054  -0.0000023873   0.0000038144  -0.0000063633   0.0000042501
        0.0000022940   0.0000035591   0.0000016429   0.0000011225   0.0000022979
       -0.0000122910  -0.0000004164  -0.0000016487   0.0000023273  -0.0000034507
        0.0000011144   0.0000069066   0.0000042158   0.0000026668  -0.0000512558
        0.0000347099  -0.0001151599   0.0015387003  -0.0008065969   0.0012342336
       -0.0007848953  -0.0002699493  -0.0010557523  -0.0000006766   0.0000038430
       -0.0000035607  -0.0000666420  -0.0001780010  -0.0000108976   0.0003383934
        0.0001004556   0.0001020419  -0.0000108708  -0.0000026633   0.0000010976
       -0.0000026715   0.0000125212  -0.0000123223   0.0000030117  -0.0000030660
       -0.0000032035   0.0083166266  -0.0070142024   0.0020008760  -0.0285170859
        0.0307212625  -0.0514195574   0.0100044975  -0.0137763799   0.0027538723
       -0.0202089086   0.0245847191  -0.0083404406   0.0283535299  -0.0343645346
        0.0548446950
